t,state,mode,x,y,z,vx,vy,vz,carrot_z,force,cmd,az,solve_ms
3.0799274050004897,rising,0,-5.509946219961927e-19,3.656469825964257e-20,0.014999261125922203,-3.550459780376139e-18,-8.547497022641105e-20,7.170729077188298e-07,0.3149992611259222,0.7470986414635462,60000,9.902365210119951,0.7895009985077195
3.0999041920003947,rising,0,-5.515541062830082e-19,3.6551227494120174e-20,0.014999261125922203,-3.552557510409573e-18,-8.55254864049136e-20,7.160733730415814e-07,0.3149992611259222,0.7473986419633135,60000,9.910280790588745,0.623768999503227
3.120075528000598,rising,0,-5.42529255607325e-19,8.445997437836873e-20,0.015087287873029709,-3.51760003054247e-18,1.2982591959201527e-19,0.014510002918541431,0.3150872878730297,0.7404439985407294,60000,9.726780964135338,0.5944870026723947
3.1395910089995596,rising,0,-5.436300262074799e-19,1.4340485190420041e-19,0.016586121171712875,-3.528893941035963e-18,3.7466569404100016e-19,0.1260468065738678,0.31658612117171286,0.6849755967130662,58954,8.263234741769553,0.4639180006051902
3.15973919300086,rising,0,-5.765670657296344e-19,1.9654116377110816e-19,0.021197186782956123,-3.669170538035155e-18,5.730118951556697e-19,0.28220078349113464,0.3211971867829561,0.6071986082544327,52260,6.211071457900596,0.43611100045382045
3.179529768000066,rising,0,-6.584992020054352e-19,2.4407902677937753e-19,0.029309462755918503,-3.9945879405068854e-18,7.297633967162928e-19,0.443022757768631,0.3293094627559185,0.5270876211156845,45365,4.097325095400645,0.42753000161610544
3.1998501819980447,rising,0,-8.037344882829418e-19,2.862361057523836e-19,0.040709465742111206,-4.544058792417179e-18,8.494202938997049e-19,0.5880225896835327,0.3407094657421112,0.4548877051582337,39151,2.192314120270016,0.5740009983128402
3.2196300590003375,rising,0,-1.0225334796754151e-18,3.232326375282186e-19,0.05478261411190033,-5.336248837878601e-18,9.361277438517744e-19,0.7031387686729431,0.3547826141119003,0.3976296156635285,34223,0.6815465874281905,0.48513300134800375
3.2402512629996636,rising,0,-1.3199917638525466e-18,3.549664394518381e-19,0.07030417025089264,-6.377705211439509e-18,9.928000589668903e-19,0.781356930732727,0.37030417025089263,0.3588205346336365,30882,-0.3424397194291178,0.3723999980138615
3.2601658159983344,rising,0,-1.6975787237749602e-18,3.819632365013078e-19,0.08694159984588623,-7.638721789351592e-18,1.0236386963713625e-18,0.8273786306381226,0.3869415998458862,0.33610968468093877,28928,-0.9416705888934374,0.329747999785468
3.2795791719981935,rising,0,-2.153218342900301e-18,4.0507706680969465e-19,0.10449032485485077,-9.072887535396031e-18,1.0348517499599782e-18,0.846993625164032,0.40449032485485076,0.3266021874179841,28110,-1.1925280364648003,0.3337540001666639
3.2998217540007317,rising,0,-2.6825781593727458e-18,4.2420473959558257e-19,0.12189961969852448,-1.0660129671238309e-17,1.0280870669105196e-18,0.8454877734184265,0.42189961969852446,0.3276551132907868,28200,-1.1647463511665777,0.5448789997899439
3.321576810998522,rising,0,-3.2759069545412133e-18,4.386310279724488e-19,0.13788339495658875,-1.2377340079286143e-17,1.0015057213237046e-18,0.824927031993866,0.43788339495658873,0.3382354840030671,29111,-0.8855808970167018,0.4765369994856883
3.3414114189981774,rising,0,-3.924086509718378e-18,4.499563713292186e-19,0.15333768725395203,-1.4139770797061027e-17,9.641150896847764e-19,0.7981223464012146,0.453337687253952,0.35193782679939273,30290,-0.5240415092508535,0.5223240004852414
3.360465876998205,rising,0,-4.618446731313766e-18,4.583090860584142e-19,0.16822168231010437,-1.5908683302115875e-17,9.166287186696384e-19,0.7710548639297485,0.46822168231010436,0.3657715680351258,31481,-0.15903514419193243,0.5043780001869891
3.380116618998727,rising,0,-5.2510604017239085e-18,4.670373924844972e-19,0.1829259991645813,-1.721686613214604e-17,8.744441617906591e-19,0.7503618001937866,0.4829259991645813,0.37641809990310676,32397,0.12187598688935886,0.4556439998850692
3.4005126349984494,rising,0,-6.109918723015267e-18,4.658964002270568e-19,0.19665813446044922,-1.9325202275394672e-17,7.904617549690691e-19,0.733169674873352,0.4966581344604492,0.385314162563324,33163,0.35660059533836375,0.5963360017631203
3.4217232539995166,rising,0,-6.9281368336312825e-18,4.66604053241096e-19,0.21180914342403412,-2.0905099047397478e-17,7.135016979577479e-19,0.7233424782752991,0.5118091434240342,0.3905277608623506,33611,0.49416255573484236,0.48411000170744956
3.439479623000807,rising,0,-7.41399170617196e-18,4.612349272825908e-19,0.2188396155834198,-2.2016133304592978e-17,6.536004833215313e-19,0.7220973372459412,0.5188396155834198,0.3914503313770295,33691,0.5185047856736009,0.4575320017465856
3.4603662039990013,rising,0,-8.198574171539732e-18,4.5569747006943115e-19,0.2327832132577896,-2.3364088632835916e-17,5.642753169234612e-19,0.7218019962310791,0.5327832132577897,0.39189800188446056,33729,0.5303166724132051,0.5453199992189184
3.4794730129979143,rising,0,-8.981199527578203e-18,4.480227849485876e-19,0.24718602001667023,-2.45520870829458e-17,4.753441986896961e-19,0.7260767221450806,0.5471860200166703,0.39006063892745985,33571,0.4818374387192552,0.4415130024426617
3.501448499999242,rising,0,-9.761290402219812e-18,4.390962136694333e-19,0.26198723912239075,-2.5511869710774752e-17,3.9180239479126123e-19,0.7291257381439209,0.5619872391223908,0.38883613092803965,33466,0.4495285205287498,0.44438400072976947
3.520599957999366,rising,0,-1.049059735033434e-17,4.2912840294483376e-19,0.27646681666374207,-2.625230554685057e-17,3.1981170285803483e-19,0.7337397933006287,0.5764668166637421,0.3868291033496858,33293,0.3965726477489646,0.4239089976181276
3.5393688599979214,rising,0,-1.1192773601537742e-17,4.1878285502363304e-19,0.2913650870323181,-2.669251121651659e-17,2.5708184071961656e-19,0.7359761595726013,0.5913650870323182,0.3860109202136994,33223,0.37498470220842606,0.3230820002499968
3.5594720900007815,rising,0,-1.1810246558015714e-17,4.0883585306131803e-19,0.3055576980113983,-2.6832640575366747e-17,2.0919693667029e-19,0.7372739315032959,0.6055576980113984,0.38566203424835216,33193,0.36577926776654657,0.2873089979402721
3.579337653998664,rising,0,-1.2361592214784359e-17,4.010616477730267e-19,0.3198939859867096,-2.6666506312419147e-17,1.812378959238738e-19,0.7385015487670898,0.6198939859867096,0.3850482256164552,33140,0.3495837893523781,0.2905290020862594
3.600164269999368,rising,0,-1.2847229952414241e-17,3.973630130615724e-19,0.3347390294075012,-2.622610377376734e-17,1.794849838836003e-19,0.7418022155761719,0.6347390294075013,0.38339789221191417,32998,0.3060393723460191,0.4972589995304588
3.6205949549985235,rising,0,-1.3221448115894456e-17,3.990480833669195e-19,0.3488643765449524,-2.53328562456897e-17,2.0742900613201982e-19,0.7405350804328918,0.6488643765449524,0.3840314597835542,33052,0.3227561948167317,0.44780999814975075
3.63927903199874,rising,0,-1.3568828404400388e-17,4.095922063339212e-19,0.36524897813796997,-2.4202404750795132e-17,2.7369731428639266e-19,0.7432793974876404,0.66524897813797,0.3826593012561799,32934,0.28655148433192323,0.32213899976341054
3.659225322000566,rising,0,-1.3754451042579738e-17,4.3018481598464054e-19,0.3800603449344635,-2.2694380047855833e-17,3.8435011785761787e-19,0.7447270154953003,0.6800603449344635,0.38193549225234996,32872,0.2674536214340346,0.2915780023613479
3.6798937120001938,rising,0,-1.3826831000539353e-17,4.638580721013613e-19,0.39494121074676514,-2.0837771508619337e-17,5.459697065700862e-19,0.7460972666740417,0.6949412107467652,0.38125036666297923,32813,0.24937642910235347,0.3137399980914779
3.699661829999968,rising,0,-1.377943851452374e-17,5.132641225230817e-19,0.409879595041275,-1.8637753974997777e-17,7.649293777965479e-19,0.7472444772720337,0.7098795950412751,0.38067676136398326,32764,0.2342417246433559,0.36121900120633654
3.7196950869983993,rising,0,-1.3607043321519725e-17,5.8109112329484e-19,0.42486369609832764,-1.610474330526442e-17,1.047123801527815e-18,0.7481705546379089,0.7248636960983277,0.38021372268104564,32724,0.22202434514632152,0.4523429997789208
3.741910900000221,rising,0,-1.3305856934321817e-17,6.700061115066604e-19,0.4398822784423828,-1.3254470820308798e-17,1.3977780708982317e-18,0.7488469481468201,0.7398822784423829,0.3798755259265901,32695,0.2131009479311352,0.6695510019198991
3.7594222449988592,rising,0,-1.2873642656553672e-17,7.826014194994956e-19,0.45492517948150635,-1.0107880733240756e-17,1.821284411562878e-18,0.749295175075531,0.7549251794815064,0.3796514124622346,32675,0.2071876639112027,0.4264470007910859
3.7799424570002884,rising,0,-1.230978506583955e-17,9.213414768120828e-19,0.46998366713523865,-6.690914255250569e-18,2.3210621813788952e-18,0.7495512366294861,0.7699836671352387,0.37952338168525707,32664,0.20380954314662247,0.3321229996799957
3.8003138120002404,rising,0,-1.1823948804862655e-17,1.0580318322655517e-18,0.48513999581336975,-3.991799101071663e-18,2.7482718096459415e-18,0.7501425743103027,0.7851399958133698,0.37922771284484874,32639,0.19600825448149628,0.5431559984572232
3.8206332009976904,rising,0,-1.1003427823421292e-17,1.2603611406742114e-18,0.4997706711292267,-9.161940998812272e-20,3.4564318854005517e-18,0.7476825714111328,0.7997706711292267,0.3804577142944337,32745,0.22846211858663956,0.5520399972738232
3.8398833079991164,rising,0,-1.0064257709276547e-17,1.5194192192747937e-18,0.5144786238670349,3.939232186734224e-18,4.400648008077023e-18,0.7458993792533875,0.814478623867035,0.3813493103733064,32821,0.25198708108987766,0.3020490003109444
3.860338000999036,rising,0,-9.002706223504582e-18,1.8573916724814303e-18,0.5288087725639343,8.15658648364654e-18,5.709962421185158e-18,0.7423827052116394,0.8288087725639344,0.3831076473941804,32973,0.29838119773562966,0.5833220020576846
3.880131261998031,rising,0,-7.839171640010955e-18,2.2997606262444297e-18,0.5432460308074951,1.2411036108719103e-17,7.483249057319188e-18,0.740264892578125,0.8432460308074952,0.3841665537109376,33064,0.3263206783888535,0.46194999958970584
3.8998230199977115,rising,0,-6.581684228182329e-18,2.8849902892402373e-18,0.5577906966209412,1.6669393335005367e-17,9.88916921619806e-18,0.739486575126648,0.8577906966209412,0.38455571243667613,33097,0.33658871864580675,0.59455600057845
3.9219105550000677,rising,0,-5.002650619148721e-18,3.8243289414347894e-18,0.5725326538085938,2.191906035098743e-17,1.408693711697604e-17,0.7405382394790649,0.8725326538085938,0.38402988026046764,33052,0.3227145187458458,0.46746500083827414
3.9401168750009674,rising,0,-3.825281439910144e-18,4.695328619757201e-18,0.5872215628623962,2.5023450991925466e-17,1.7435228578970237e-17,0.7416232824325562,0.8872215628623963,0.38348735878372203,33005,0.30839996790823143,0.4846909978368785
3.9598004529980244,rising,0,-2.351024317526791e-18,6.0577124594249014e-18,0.6021081209182739,2.9023349018374636e-17,2.3071959873345463e-17,0.7436914443969727,0.902108120918274,0.3824532778015138,32916,0.2811155092747679,0.6714890005241614
3.980310233997443,rising,0,-7.995107489788812e-19,7.872139750504868e-18,0.6178001165390015,3.2840105948482115e-17,3.035976517707246e-17,0.7457423210144043,0.9178001165390015,0.38142783949279796,32828,0.25405908951973366,0.30034999872441404
4.000967315998423,rising,0,7.491366904453206e-19,1.0191009903260498e-17,0.6327250599861145,3.6420699504983254e-17,3.964599913605817e-17,0.7470883131027222,0.9327250599861145,0.380754843448639,32770,0.23630193795881205,0.6535109969263431
4.020753144999617,rising,0,2.307076831967308e-18,1.31607223055851e-17,0.6477417945861816,3.970075849260918e-17,5.1286743151671965e-17,0.7483842372894287,0.9477417945861817,0.38010688135528575,32715,0.2192053128043714,0.5685489995812532
4.040546766998887,rising,0,3.8502920729112976e-18,1.6921858784123902e-17,0.6628327369689941,4.2589213634640247e-17,6.570245312927456e-17,0.7495464086532593,0.9628327369689942,0.37952579567337047,32665,0.20387323676439095,0.45666599908145145
4.060529795999173,rising,0,5.345483482237143e-18,2.1627229376517497e-17,0.6779813766479492,4.4944306026419573e-17,8.331500110743534e-17,0.7505217790603638,0.9779813766479493,0.3790381104698182,32623,0.19100555329335478,0.4527849996520672
4.080309618999308,rising,0,6.7536343980167895e-18,2.7449146557708644e-17,0.6931725740432739,4.660786219121477e-17,1.046009589242706e-16,0.7512873411178589,0.993172574043274,0.37865532944107066,32590,0.18090579000186402,0.32677700073691085
4.099844619999203,rising,0,8.063214336101555e-18,3.4699230771142e-17,0.7090208530426025,4.7330219167822626e-17,1.301129692557495e-16,0.7511570453643799,1.0090208530426026,0.37872047731781017,32595,0.18262473134063661,0.5582419980783015
4.120427352998377,rising,0,9.111444905288966e-18,4.3335132023816065e-17,0.7241122126579285,4.682024246784898e-17,1.602363063614196e-16,0.750794529914856,1.0241122126579285,0.37890173504257213,32611,0.18740725705994876,0.866766000399366
4.139825919999566,rising,0,9.850697873088832e-18,5.366507600994158e-17,0.7392292618751526,4.467442015360067e-17,1.954013026831555e-16,0.7504656910896301,1.0392292618751526,0.37906615445518504,32625,0.19174550013680758,0.47680200077593327
4.159798724998836,rising,0,1.015282062874015e-17,6.590202865002645e-17,0.7543648481369019,4.0351481628169943e-17,2.3606088261972184e-16,0.7502589225769043,1.054364848136902,0.37916953871154796,32634,0.194473316927386,0.6025469992891885
4.179695033999451,rising,0,9.84838424891552e-18,8.026158629892649e-17,0.7695140242576599,3.314918363872378e-17,2.8262538069450413e-16,0.7501938343048096,1.06951402425766,0.3792020828475953,32637,0.19533200125581196,0.5198700018809177
4.199778040998353,rising,0,8.716097240241696e-18,9.695923281493422e-17,0.7846736311912537,2.217046535456067e-17,3.3545617557351453e-16,0.7502381205558777,1.0846736311912537,0.37917993972206127,32635,0.1947477499224597,0.5329679988790303
4.220214973000111,rising,0,6.470292364583182e-18,1.1621069690180346e-16,0.7998397946357727,6.283818557553515e-18,3.9488390127375783e-16,0.7503474950790405,1.0998397946357727,0.37912525246047984,32630,0.19330481426068147,0.6485839985543862
4.240052429999196,rising,0,2.7465392798529492e-18,1.3822344207460742e-16,0.8150098323822021,-1.592132427623691e-17,4.611622176931571e-16,0.7505173683166504,1.1150098323822022,0.3790403158416749,32623,0.1910637425244026,0.4784459997608792
4.260242935000861,rising,0,-2.9137836191825957e-18,1.6318852058506625e-16,0.8301796317100525,-4.6177562836564683e-17,5.344314146636013e-16,0.7505892515182495,1.1301796317100525,0.37900437424087535,32620,0.19011541532652565,0.49003000094671734
4.280163346000336,rising,0,-1.1081803186460691e-17,1.912798918247223e-16,0.8453449606895447,-8.659420975339155e-17,6.147377084202751e-16,0.7506167888641357,1.1453449606895447,0.37899060556793224,32618,0.18975212580295953,0.45291000060387887
4.300357792999421,rising,0,-1.988531935537883e-17,2.1790842392958035e-16,0.860575258731842,-1.2488046292875545e-16,6.793789748504278e-16,0.751009464263916,1.160575258731842,0.3787942678680421,32602,0.18457171155783847,0.5594319991359953
4.321285493999312,rising,0,-3.8121449018841284e-17,2.581372876124679e-16,0.8762784004211426,-2.0882471025432723e-16,7.9601022361054305e-16,0.7498255372047424,1.1762784004211426,0.3793862313976289,32653,0.20019080204825457,0.6010170000081416
4.3405033749986615,rising,0,-5.874156945596322e-17,2.963460174208233e-16,0.8912678956985474,-2.9726835689104444e-16,8.962169741278054e-16,0.7489240169525146,1.1912678956985474,0.3798369915237428,32691,0.21208420906972947,0.44147600056021474
4.360196882000309,rising,0,-8.054393943793779e-17,3.3311857639732947e-16,0.9070268869400024,-3.7858500213511497e-16,9.749815091017987e-16,0.7483595609664917,1.2070268869400025,0.38011921951675426,32716,0.21953085796185334,0.49300099999527447
4.379692130998592,rising,0,-1.139431632322241e-16,3.7787791491261484e-16,0.9218682050704956,-5.114464344860271e-16,1.0842204895729888e-15,0.7472443580627441,1.2218682050704956,0.38067682096862804,32764,0.2342432973252766,0.47381700278492644
4.399798338999972,rising,0,-1.5654681613163707e-16,4.2591053284322564e-16,0.9367403388023376,-6.766120358491032e-16,1.196899906117689e-15,0.7465875744819641,1.2367403388023377,0.38100521275901805,32792,0.24290798836459082,0.5646749996230938
4.420389102997433,rising,0,-2.2111059228200583e-16,4.834041382177526e-16,0.9515377283096313,-9.389078581858957e-16,1.3400320629403128e-15,0.7457895874977112,1.2515377283096314,0.3814042062511445,32826,0.25343552113837653,0.5246390028332826
4.43964533399776,rising,0,-2.7760472524855227e-16,5.306895407399871e-16,0.9665817618370056,-1.1299161171323454e-15,1.4253685147938154e-15,0.7465815544128418,1.2665817618370057,0.3810082227935792,32792,0.2429874088015609,0.3185480018146336
4.4617915529997845,rising,0,-3.8013083726385407e-16,5.95742094605591e-16,0.982865571975708,-1.5200754803845556e-15,1.5620464923165982e-15,0.7461113333702087,1.282865571975708,0.38124333331489574,32812,0.24919085263577045,0.3628209997259546
4.479363766000461,rising,0,-4.489923130048033e-16,6.299588375428757e-16,0.99025958776474,-1.8017913329821658e-15,1.6378758463701185e-15,0.7458726167678833,1.29025958776474,0.38136269161605846,32823,0.25234014818096107,0.3271220011811238
4.499896163997619,rising,0,-5.702560378930115e-16,6.858723823636385e-16,1.0050086975097656,-2.2427564735645177e-15,1.7268433167102635e-15,0.7452242970466614,1.3050086975097657,0.3816868514766694,32851,0.2608931788039417,0.4183230012131389
4.520187381000142,rising,0,-7.170900463324918e-16,7.404332685071954e-16,1.0198192596435547,-2.7671378423089468e-15,1.795943417514322e-15,0.7450487613677979,1.3198192596435547,0.3817746193161012,32858,0.26320895293142854,0.4613559976860415
4.539345520999632,rising,0,-8.937292383617195e-16,7.916789735743174e-16,1.034687876701355,-3.3870456810205845e-15,1.8365260365666965e-15,0.7452998161315918,1.334687876701355,0.3816490919342042,32847,0.25989688480749784,0.30030799825908616
4.5604662019977695,rising,0,-1.1089075824580706e-15,8.387246128329197e-16,1.0502771139144897,-4.116918936834801e-15,1.836893437107568e-15,0.7455121874809265,1.3502771139144898,0.38154290625953685,32838,0.25709515196667,0.3449519972491544
4.580426117998286,rising,0,-1.360227869501697e-15,8.744784029321158e-16,1.065106749534607,-4.9699065257082994e-15,1.782855699688059e-15,0.7456167340278625,1.365106749534607,0.38149063298606883,32834,0.25571590992265847,0.3372749997652136
4.6009082829987165,rising,0,-1.6567251881827237e-15,8.965611871417458e-16,1.080001711845398,-5.958802668551118e-15,1.6571460576783907e-15,0.7460668087005615,1.380001711845398,0.38126559564971935,32814,0.24977824933296233,0.47574199925293215
4.620622456997808,rising,0,-2.004501140336697e-15,8.994182292728346e-16,1.0949556827545166,-7.098765443470847e-15,1.4374506986325692e-15,0.746726393699646,1.3949556827545166,0.3809358031501771,32786,0.2410766002685243,0.37887500002398156
4.640286902998923,rising,0,-2.410111337458891e-15,8.760959182240163e-16,1.109961986541748,-8.405468771639953e-15,1.096645298238907e-15,0.7475627660751343,1.409961986541748,0.38051761696243297,32750,0.23004266391643569,0.28766900140908547
4.660492098999384,rising,0,-2.8805367074632212e-15,8.179867581248519e-16,1.1250137090682983,-9.894902517520229e-15,6.021179762973701e-16,0.7484610080718994,1.4250137090682984,0.3800684959640504,32711,0.21819250564776738,0.4555710002023261
4.680480798000644,rising,0,-3.4230884152339127e-15,7.145057488104189e-16,1.1401031017303467,-1.1582786765579767e-14,-8.526628708522343e-17,0.7493305206298828,1.4401031017303467,0.3796337396850587,32674,0.206721363721865,0.45469899851013906
4.700995025999873,rising,0,-4.045284513452558e-15,5.527183265992297e-16,1.1552214622497559,-1.3483841254375954e-14,-1.0123844723492989e-15,0.7500818371772766,1.455221462249756,0.3792580814113618,32641,0.19680953591983474,0.6705669984512497
4.720888100000593,rising,0,-4.754674183261561e-15,3.168852958423192e-16,1.1703604459762573,-1.56108646517418e-14,-2.2354662727457368e-15,0.7506558299064636,1.4703604459762574,0.3789710850467683,32617,0.18923707247409638,0.6521149989566766
4.7406142959989666,rising,0,-5.558617717456088e-15,-1.2062905567397586e-17,1.1855108737945557,-1.797367322250304e-14,-3.821907102185022e-15,0.7510367035865784,1.4855108737945557,0.3787806482067109,32600,0.1842123537390723,0.4916760008200072
4.760695527998905,rising,0,-6.464021399171576e-15,-4.571244645731551e-16,1.2006653547286987,-2.0578011544107946e-14,-5.8522205127981095e-15,0.751218318939209,1.5006653547286988,0.3786898405303956,32593,0.18181637283365681,0.48292700012098067
4.780605162999564,rising,0,-7.477017323429674e-15,-1.045843120798791e-15,1.2158169746398926,-2.3424572489507377e-14,-8.421837683345642e-15,0.7512146234512329,1.5158169746398926,0.37869168827438365,32593,0.18186512597318227,0.48208600128418766
4.801204597999458,rising,0,-8.437982131320309e-15,-1.6553830644777993e-15,1.2308250665664673,-2.571984034712045e-14,-1.0781076010234203e-14,0.7503036856651306,1.5308250665664673,0.3791471571674348,32632,0.19388277486635275,0.664563001919305
4.820733648997702,rising,0,-9.666194304399148e-15,-2.596760976617007e-15,1.2459580898284912,-2.8970000633425294e-14,-1.4576285057438243e-14,0.750042736530304,1.5459580898284913,0.37927763173484813,32643,0.19732537558965824,0.4926490000798367
4.840558404997864,rising,0,-1.1201420345473886e-14,-4.031330916195964e-15,1.261206865310669,-3.3306351925575794e-14,-2.0571524965797873e-14,0.7504997849464417,1.561206865310669,0.3790491075267793,32624,0.19129571310763183,0.45067099927109666
4.860528510998847,rising,0,-1.2472815105236696e-14,-5.288515851235636e-15,1.2761808633804321,-3.603056573800792e-14,-2.499384840802879e-14,0.7495870590209961,1.5761808633804322,0.37950547048950206,32663,0.2033369522296038,0.4331560012360569
4.880520881997654,rising,0,-1.4249286294084826e-14,-7.50962639783307e-15,1.2913986444473267,-4.067260783269071e-14,-3.3895070317103634e-14,0.7500962615013123,1.5913986444473267,0.379250869249344,32641,0.19661924140749143,0.42793399916263297
4.9007376359986665,rising,0,-1.5918112300831143e-14,-9.877994045827138e-15,1.3064743280410767,-4.4385254884459976e-14,-4.2693367558691714e-14,0.7498622536659241,1.6064743280410767,0.37936787316703807,32651,0.19970641601683425,0.4174130008323118
4.920013553000899,rising,0,-1.7450135710332312e-14,-1.2244591394961445e-14,1.321415662765503,-4.708700199499913e-14,-5.044924845714824e-14,0.7489667534828186,1.621415662765503,0.3798156232585908,32689,0.21152040260133909,0.4112579990760423
4.939401820000057,rising,0,-1.9285098759353088e-14,-1.5708381860893295e-14,1.3370920419692993,-5.0450668084367836e-14,-6.251053006386259e-14,0.7479463815689087,1.6370920419692994,0.38032580921554576,32733,0.22498177349724813,0.342559000273468
4.959441333998257,rising,0,-2.107576029116657e-14,-1.9822902000421472e-14,1.3519831895828247,-5.3357414108801474e-14,-7.681793975878801e-14,0.7470062375068665,1.6519831895828248,0.3807958812465669,32774,0.23738472946086553,0.3521959988574963
4.979411331998563,rising,0,-2.2814639310782606e-14,-2.4754880084817618e-14,1.366883397102356,-5.555860879322659e-14,-9.369553201875325e-14,0.7464472055435181,1.666883397102356,0.3810753972282411,32798,0.24475982132562102,0.3961420006817207
5.0008351859978575,rising,0,-2.447923015279265e-14,-3.074481926099333e-14,1.3824195861816406,-5.671791229494745e-14,-1.1356282532187442e-13,0.7455724477767944,1.6824195861816407,0.3815127761116029,32836,0.2563001612560125,0.4499509996094275
5.020427367999218,rising,0,-2.5862970280481588e-14,-3.773134690972235e-14,1.3972045183181763,-5.644712602610562e-14,-1.3677282234298566e-13,0.7449703812599182,1.6972045183181763,0.381813809370041,32861,0.26424299129395656,0.3162459979648702
5.0404782309997245,rising,0,-2.6898871246182864e-14,-4.5969355573624235e-14,1.4120280742645264,-5.425155225231848e-14,-1.6373596814327207e-13,0.7448028922080994,1.7120280742645264,0.3818975538959504,32869,0.26645260939183046,0.4141690005781129
5.060398285997508,rising,0,-2.7428156723933658e-14,-5.5634865475402e-14,1.4268919229507446,-4.950527089501479e-14,-1.949026199763934e-13,0.7450552582740784,1.7268919229507447,0.3817713708629609,32858,0.2631232417667775,0.418360999901779
5.080383520999021,rising,0,-2.7250362814239086e-14,-6.691887576839792e-14,1.4417970180511475,-4.1434910380165266e-14,-2.307413971263522e-13,0.7456219792366028,1.7417970180511475,0.3814880103816987,32833,0.2556467119181711,0.33483500010333955
5.100619868000649,rising,0,-2.6069051702482665e-14,-7.993829393999202e-14,1.4559441804885864,-2.8660000127257376e-14,-2.7217028002006483e-13,0.742095947265625,1.7559441804885865,0.3832510263671876,32985,0.30216428409465834,0.44512400199892
5.120625695999479,rising,0,-2.3652680156268854e-14,-9.492812081107055e-14,1.4702353477478027,-1.0558601112571966e-14,-3.1894338515733867e-13,0.7396809458732605,1.7702353477478028,0.38445852706336986,33089,0.33402446077492876,0.39170799936982803
5.140531246997853,rising,0,-1.963579411643889e-14,-1.1254367527973805e-13,1.485687494277954,1.4005361134066321e-14,-3.7147292620415273e-13,0.7400285005569458,1.7856874942779541,0.3842847497215272,33074,0.32943930663660126,0.38407399915740825
5.160564468998928,rising,0,-1.3509794343879826e-14,-1.3278004455490044e-13,1.5014443397521973,4.6618474190554884e-14,-4.303835120320759e-13,0.7426667809486389,1.8,0.38116018483543407,32805,0.24699696135709814,0.40606999755254947
5.180593892000616,rising,0,-4.7576392220934245e-15,-1.5539011863265756e-13,1.5165001153945923,8.953281909265809e-14,-4.964495069377517e-13,0.7454656958580017,1.8,0.3609410078277589,31065,-0.2864905586343305,0.45467000018106773
5.2016036929999245,rising,0,7.287298036870709e-15,-1.809836053809702e-13,1.5316259860992432,1.4492500624053994e-13,-5.699137451027625e-13,0.7478350400924683,1.8,0.340848997329712,29336,-0.8166227617490236,1.1514979996718466
5.222329983000236,rising,0,2.3414652039629134e-14,-2.0965066976300767e-13,1.546359896659851,2.16220514799928e-13,-6.512456047526316e-13,0.7443433403968811,1.8,0.3241774589767457,27901,-1.2565050401914064,1.250541001354577
5.24127156999748,rising,0,4.006158198146398e-14,-2.3673719777052293e-13,1.5606459379196167,2.8196582980803686e-13,-7.171269329232788e-13,0.731748640537262,1.8,0.31261725733184825,26906,-1.561523553249387,0.8414629992330447
5.260436549997394,rising,0,6.574685321994109e-14,-2.71433917009567e-13,1.5747095346450806,3.8667818404690413e-13,-8.103171996245995e-13,0.71169513463974,1.8,0.3050645143737794,26256,-1.760804370084978,0.4267699987394735
5.280930934000935,rising,0,9.801905923208232e-14,-3.0944195231370764e-13,1.58840012550354,5.143290307541015e-13,-9.091715011053103e-13,0.6843611598014832,1.8,0.3016182632198335,25959,-1.8517344796877717,0.8388039968849625
5.301797977997921,rising,0,1.3799050335543128e-13,-3.5068329533663456e-13,1.6015490293502808,6.68448369572916e-13,-1.0125495277304997e-12,0.6509628295898438,1.8,0.3018812985172273,25982,-1.8447942343739516,0.9059519979928154
5.3203368069989665,rising,0,1.8689399799900336e-13,-3.9497105672886557e-13,1.6140356063842773,8.529224418754588e-13,-1.1188262772840463e-12,0.6136087775230408,1.8,0.30495010325813304,26246,-1.763823133030792,0.5556500000238884
5.3395027949991345,rising,0,2.4714908938849867e-13,-4.4312527280356007e-13,1.626261830329895,1.0728104602591992e-12,-1.2258170823883918e-12,0.5716812014579773,1.8,0.3106311113586427,26735,-1.613928460194126,0.45761599903926253
5.359689128999889,rising,0,3.1840873796103175e-13,-4.923555595344464e-13,1.6371002197265625,1.3325208991776805e-12,-1.3304446520173707e-12,0.5314873456954956,1.8,0.3171800524940492,27299,-1.4411331795765392,0.5823479987157043
5.37947861000066,rising,0,4.0335671001173745e-13,-5.431179052502177e-13,1.6472128629684448,1.63767101008655e-12,-1.4287137011653739e-12,0.4934099316596985,1.8,0.32357795545959483,27849,-1.2723230749447278,0.4581120010698214
5.3996150249986385,rising,0,5.041376929630637e-13,-5.944421929519883e-13,1.6566534042358398,1.995140814711749e-12,-1.5152754268346613e-12,0.4586792588233948,1.8,0.3291426152935029,28328,-1.1254982772162823,0.5019579984946176
5.4208695419984,rising,0,6.232546488453561e-13,-6.449835240548984e-13,1.6654881238937378,2.412905378973429e-12,-1.5830023923635306e-12,0.42743635177612305,1.8,0.33372066924476634,28722,-1.0047052969718653,1.2977610022062436
5.439547126999969,rising,0,7.635929106901418e-13,-6.92910843719946e-13,1.673782467842102,2.9000118278998954e-12,-1.622540643508863e-12,0.3994561731815338,1.8,0.33734282860660564,29034,-0.9091338098520954,0.44322000030661
5.459732383998926,rising,0,9.284180412308385e-13,-7.357765655427451e-13,1.6815909147262573,3.4664096679876133e-12,-1.621808264941349e-12,0.3742034435272217,1.8,0.3402086348285676,29281,-0.83351886995864,0.4807719997188542
5.480422698998154,rising,0,1.1253936151034427e-12,-7.718641264337078e-13,1.6892926692962646,4.123221295643242e-12,-1.5649923848157221e-12,0.35022231936454773,1.8,0.34257200369739543,29484,-0.7711608523114677,0.43202400047448464
5.50110353099808,rising,0,1.3506894170831063e-12,-7.936313281900476e-13,1.696173071861267,4.881922990862542e-12,-1.4317634534563584e-12,0.32910746335983276,1.8,0.34452892849349986,29652,-0.7195269526781054,0.5114000014145859
5.52215434900063,rising,0,1.612065082118308e-12,-7.974833358785627e-13,1.7026951313018799,5.75064084892829e-12,-1.198618569848986e-12,0.3095671534538269,1.8,0.3461465091457368,29792,-0.676846724386893,1.1415609988034703
5.540585383998405,nav_to_wp,0,1.9137337114311093e-12,-7.765608360348064e-13,1.7088772058486938,6.737965220493525e-12,-8.348811550949742e-13,0.29130446910858154,1.8,0.36768353502657064,31645,-0.1085874663173989,0.45890500041423365
5.559691029000533,nav_to_wp,0,-1.9015204966166266e-09,6.398793175321771e-07,1.7149988412857056,5.141487235960085e-10,-3.5892589949071407e-06,0.27400442957878113,1.8,0.36862724184879697,31727,-0.08368755016367047,0.5153940001036972
5.579635934998805,nav_to_wp,0,-3.4362369660811964e-07,2.811751801345963e-05,1.7205922603607178,-8.040296961553395e-06,0.0010175756178796291,0.26858285069465637,1.8,0.3645149333905964,31373,-0.1921917311188306,0.4655400007322896
5.599734764000459,nav_to_wp,0,-2.3960262751643313e-06,0.0001472474541515112,1.7262192964553833,-0.00012529443483799696,0.008432206697762012,0.26987773180007935,1.8,0.3567747795799313,30706,-0.39641742533162905,0.5464669993671123
5.620069685999624,nav_to_wp,0,-8.825575605442282e-06,0.0005002531106583774,1.7319310903549194,-0.0004632107447832823,0.024824876338243484,0.2703428864479065,1.8,0.3487330244916171,30014,-0.6086009368966483,0.5606550002994481
5.639514768998197,nav_to_wp,0,-2.3594686354044825e-05,0.0012616945896297693,1.7376124858856201,-0.0009584708022885025,0.04830959439277649,0.2643217444419861,1.8,0.34333538396908647,29550,-0.7510188926362424,0.45362499804468825
5.6597153349976,nav_to_wp,0,-4.994662958779372e-05,0.002570203971117735,1.743112564086914,-0.0015376100782305002,0.07704022526741028,0.2526678740978241,1.8,0.3405345411367473,29309,-0.8249197589248745,0.5000339988328051
5.6795301329984795,nav_to_wp,0,-9.044164471561089e-05,0.0045269932597875595,1.7483069896697998,-0.0022397113498300314,0.10990959405899048,0.2360984832048416,1.8,0.3402887633401629,29287,-0.8314046612094241,0.4562739995890297
5.699860623997665,nav_to_wp,0,-0.00014878559159114957,0.0072088586166501045,1.7530956268310547,-0.003189652692526579,0.14629806578159332,0.21577268838882446,1.8,0.3422904713680372,29460,-0.77858914596208,0.6702509999740869
5.71984820599755,nav_to_wp,0,-0.00023108685854822397,0.010678691789507866,1.7574154138565063,-0.004522834904491901,0.18565303087234497,0.1933308094739914,1.8,0.3459381118489695,29774,-0.6823453338002778,0.5568649976339657
5.739519438997377,nav_to_wp,0,-0.0003461289743427187,0.014986500144004822,1.7612403631210327,-0.006328689865767956,0.22730299830436707,0.17023587226867676,1.8,0.3506477275497475,30179,-0.5580810672889864,0.4429729997355025
5.759536947000015,nav_to_wp,0,-0.0005046712467446923,0.020167673006653786,1.7645772695541382,-0.008677734062075615,0.2706225514411926,0.14791752398014069,1.8,0.35577596166258973,30620,-0.42277146008998123,0.4690850000770297
5.779402856998786,nav_to_wp,0,-0.0007189825410023332,0.02624298632144928,1.7674620151519775,-0.011647935956716537,0.3149506747722626,0.12742650508880615,1.8,0.36080035993585524,31053,-0.2902015848059314,0.3632730004028417
5.799523443998623,nav_to_wp,0,-0.0010029026307165623,0.03321744501590729,1.7699472904205322,-0.015318311750888824,0.3595755100250244,0.10943582653999329,1.8,0.365341748202433,31444,-0.17037603687512082,0.39981699956115335
5.819998482998926,nav_to_wp,0,-0.001371654449030757,0.04108090698719025,1.7720961570739746,-0.019764095544815063,0.4037271738052368,0.09426660090684891,1.8,0.3691660678402686,31773,-0.06947050553381118,0.5532350005523767
5.839473722000548,nav_to_wp,0,-0.0018416006350889802,0.04980708658695221,1.773972511291504,-0.025030329823493958,0.4466823637485504,0.0819200798869133,1.8,0.3721830876931581,32033,0.010134239925013944,0.439714000094682
5.85952652099877,nav_to_wp,0,-0.0024295211769640446,0.0593545027077198,1.7756351232528687,-0.031122926622629166,0.4877985715866089,0.07215648889541626,1.8,0.37441920869771306,32225,0.0691347941349072,0.47031799840624444
5.879536238997389,nav_to_wp,0,-0.003151730867102742,0.06966926902532578,1.7771368026733398,-0.03801077604293823,0.5265117883682251,0.06476762145757675,1.8,0.3758862253709623,32351,0.10784235807288134,0.4340740015322808
5.899798865997582,nav_to_wp,0,-0.004023196175694466,0.08068685233592987,1.7785215377807617,-0.04561018943786621,0.5622679591178894,0.059307076036930084,1.8,0.37672203931390336,32423,0.12989549640905906,0.6185250022099353
5.920698276000621,nav_to_wp,0,-0.005088157951831818,0.09267810732126236,1.779834508895874,-0.05411190539598465,0.5951486825942993,0.05482019484043121,1.8,0.3773161506073505,32474,0.14557125613061928,0.3603570003178902
5.940364435999072,nav_to_wp,0,-0.006293170619755983,0.10482224076986313,1.7810622453689575,-0.06274640560150146,0.6233983635902405,0.05197892338037491,1.8,0.3773117096058686,32474,0.14545407931051457,0.33457799872849137
5.960371683999256,nav_to_wp,0,-0.00767557742074132,0.11743149161338806,1.7822520732879639,-0.07165146619081497,0.6477753520011902,0.05001001060009003,1.8,0.37700191257454235,32447,0.137280015159428,0.30853600037517026
5.980629122997925,nav_to_wp,0,-0.009204269386827946,0.130130797624588,1.7833737134933472,-0.08048288524150848,0.6669059991836548,0.048299968242645264,1.8,0.37668954187366255,32420,0.12903804415996056,0.5156240003998391
6.00096394999855,nav_to_wp,0,-0.01086973026394844,0.14283224940299988,1.7844372987747192,-0.0890144556760788,0.6807921528816223,0.04665567725896835,1.8,0.37642440905962593,32398,0.12204245539910019,0.637188000837341
6.020598916999006,nav_to_wp,0,-0.012745048850774765,0.156095489859581,1.7855287790298462,-0.09738767892122269,0.6924483180046082,0.04547000303864479,1.8,0.37591317413929026,32354,0.10855340736913455,0.4522849994827993
6.040593109999463,nav_to_wp,0,-0.014825843274593353,0.1698395311832428,1.786638855934143,-0.1054191067814827,0.7019959092140198,0.04450637474656105,1.8,0.37527708805748516,32299,0.09177013344287843,0.524626000697026
6.060531541999808,nav_to_wp,0,-0.01695452257990837,0.18300214409828186,1.787645936012268,-0.11228577047586441,0.7051403522491455,0.04292967543005943,1.8,0.3750101639036264,32276,0.08472727977905947,0.44333400001050904
6.080712800998299,nav_to_wp,0,-0.019211018458008766,0.1962185800075531,1.7886297702789307,-0.1182536631822586,0.7054499387741089,0.04122614115476608,1.8,0.3748067921023468,32258,0.07936126919120667,0.5052150008850731
6.100776945997495,nav_to_wp,0,-0.021573327481746674,0.20942869782447815,1.7895832061767578,-0.12314672768115997,0.7031421661376953,0.03937666490674019,1.8,0.3746812321511746,32248,0.0760483417196447,0.4492389998631552
6.120467548000306,nav_to_wp,0,-0.024016309529542923,0.22257868945598602,1.7904988527297974,-0.1268170326948166,0.698492705821991,0.03736824169754982,1.8,0.3746474435936307,32245,0.07515682305094096,0.322773998050252
6.139548746999935,nav_to_wp,0,-0.02537434548139572,0.2296152114868164,1.7910147905349731,-0.12823687493801117,0.6943655610084534,0.03632395714521408,1.8,0.37456101270344333,32237,0.0728763246291102,0.31637700158171356
6.159423508997861,nav_to_wp,0,-0.02786516770720482,0.24246786534786224,1.7918509244918823,-0.12970615923404694,0.6861910223960876,0.034084055572748184,1.8,0.37468206190670716,32248,0.07607023500546539,0.3928160003852099
6.179403440997703,nav_to_wp,0,-0.03036465123295784,0.25517046451568604,1.7926390171051025,-0.12972582876682281,0.6765779852867126,0.03181762993335724,1.8,0.37484644232124115,32262,0.08040744910926456,0.4039349987579044
6.199848681000731,nav_to_wp,0,-0.03284186124801636,0.26769503951072693,1.7933762073516846,-0.12825682759284973,0.6658524870872498,0.029457759112119675,1.8,0.37509331974636756,32283,0.08692136533951178,0.6317799998214468
6.220143114998791,nav_to_wp,0,-0.03526581823825836,0.2800210416316986,1.794059157371521,-0.12528951466083527,0.6543107032775879,0.02706158347427845,1.8,0.3754008256272629,32310,0.09503497697263441,0.5253589988569729
6.2395288509978855,nav_to_wp,0,-0.037605855613946915,0.2921347916126251,1.7946867942810059,-0.12081646174192429,0.6422412991523743,0.02468934655189514,1.8,0.3757423345394924,32339,0.10404576621351858,0.4596860017045401
6.259552100000292,nav_to_wp,0,-0.039831697940826416,0.30402863025665283,1.7952587604522705,-0.11485127359628677,0.6299337148666382,0.022371996194124222,1.8,0.376104859476644,32370,0.11361106798532816,0.45340399810811505
6.279526434998843,nav_to_wp,0,-0.04191399738192558,0.3157013952732086,1.795776605606079,-0.10744031518697739,0.6176692247390747,0.020165948197245598,1.8,0.37646053862204,32401,0.12299574200633145,0.4389200003060978
6.2997510169989255,nav_to_wp,0,-0.04382502660155296,0.32715749740600586,1.796242117881775,-0.09865957498550415,0.6056973934173584,0.018056288361549377,1.8,0.3768168081108616,32431,0.1323959923710163,0.5820219994348008
6.321223357997951,nav_to_wp,0,-0.04553913325071335,0.3384063243865967,1.796657919883728,-0.08861128985881805,0.594253420829773,0.016004353761672974,1.8,0.37719212202708535,32464,0.14229873422388728,1.5887139998085331
6.339613149997604,nav_to_wp,0,-0.04703328758478165,0.34946149587631226,1.7970247268676758,-0.07742326706647873,0.5835670828819275,0.014011151157319546,1.8,0.37758782334191465,32498,0.15273940216133575,0.4479369999899063
6.3595695340009115,nav_to_wp,0,-0.04828754439949989,0.3603413999080658,1.7973450422286987,-0.0652293935418129,0.5738130807876587,0.012145159766077995,1.8,0.37796942097955366,32531,0.1628079414130248,0.46580400157836266
6.3794495279980765,nav_to_wp,0,-0.04928510636091232,0.37106725573539734,1.797622561454773,-0.05217692255973816,0.5651218295097351,0.01041787676513195,1.8,0.37832960965003837,32562,0.17231160026486414,0.43571199785219505
6.399750282998866,nav_to_wp,0,-0.050012387335300446,0.3816623389720917,1.797861099243164,-0.038443341851234436,0.5576136708259583,0.008864080533385277,1.8,0.3786498311670911,32589,0.18076071680979133,0.5279110009723809
6.420280165999429,nav_to_wp,0,-0.05045987665653229,0.3921515643596649,1.798064947128296,-0.024216193705797195,0.5513780117034912,0.007485648617148399,1.8,0.37892745813833273,32613,0.18808596671062539,0.6015850012772717
6.439507617000345,nav_to_wp,0,-0.0506218858063221,0.40256139636039734,1.7982382774353027,-0.00968166533857584,0.5464661121368408,0.006268813740462065,1.8,0.3791677833375637,32634,0.19442700099112464,0.4492170010053087
6.459516515998985,nav_to_wp,0,-0.05053960159420967,0.4129863381385803,1.7983771562576294,0.004779777489602566,0.5431771874427795,0.005163096822798252,1.8,0.37940563216634743,32654,0.20070269568198817,0.44590499965124764
6.4794794879999245,nav_to_wp,0,-0.0501289926469326,0.4233098328113556,1.7985011339187622,0.019363971427083015,0.5409364700317383,0.004229115322232246,1.8,0.3795869860174506,32670,0.20548775771637295,0.429417999839643
6.49991279599999,nav_to_wp,0,-0.04943867772817612,0.4336332380771637,1.798604965209961,0.03369258716702461,0.5400256514549255,0.003430454060435295,1.8,0.37974101929401133,32683,0.20955196026415024,0.5948149992036633
6.52004746899911,nav_to_wp,0,-0.04847818240523338,0.44398149847984314,1.798692226409912,0.047579873353242874,0.5403915047645569,0.002766245976090431,1.8,0.37986616304948356,32694,0.21285390631882706,0.544873000762891
6.53961567299848,nav_to_wp,0,-0.04726056009531021,0.4543779492378235,1.7987650632858276,0.06085515022277832,0.5419571399688721,0.002189354971051216,1.8,0.379985043576936,32704,0.21599059569751944,0.5047490012657363
6.559549372999754,nav_to_wp,0,-0.04580216482281685,0.4648438096046448,1.798825979232788,0.07336309552192688,0.5446299314498901,0.001689096912741661,1.8,0.3801008451372657,32714,0.21904604583814447,0.4339179977250751
6.579518765000103,nav_to_wp,0,-0.044122204184532166,0.47539809346199036,1.7988773584365845,0.08494595438241959,0.548303484916687,0.001291876658797264,1.8,0.38019754853309945,32722,0.2215975866253146,0.4357350007921923
6.600112002997776,nav_to_wp,0,-0.04228118062019348,0.4858037531375885,1.7989211082458496,0.09530064463615417,0.5516806244850159,0.0009845830500125885,1.8,0.38028419983473205,32730,0.22388390065255948,0.7326619997911621
6.6198206869994465,nav_to_wp,0,-0.04026529937982559,0.49635201692581177,1.7989593744277954,0.10448354482650757,0.5560185313224792,0.0007443763315677643,1.8,0.3803594978635722,32736,0.22587065603092782,0.4457950017240364
6.639477561999229,nav_to_wp,0,-0.03809964284300804,0.5070523619651794,1.7989939451217651,0.11241327226161957,0.5611517429351807,0.0005761925131082535,1.8,0.38041679333694894,32741,0.22738240994588033,0.4408630011312198
6.6597955799988995,nav_to_wp,0,-0.035855937749147415,0.5176708102226257,1.7990245819091797,0.11884334683418274,0.5658747553825378,0.00033874809741973877,1.8,0.3805268991226348,32751,0.2302875757951135,0.6066170026315376
6.67949581799985,nav_to_wp,0,-0.0335136242210865,0.5284761190414429,1.7990528345108032,0.1239507794380188,0.5713233351707458,0.00018710456788539886,1.8,0.3806029488776147,32757,0.23229416563627048,0.44440599958761595
6.699765591998585,nav_to_wp,0,-0.031099623069167137,0.5394682884216309,1.799080491065979,0.12769469618797302,0.5773107409477234,0.00013081170618534088,1.8,0.3806355080270792,32760,0.23315324609707488,0.5721590023313183
6.719762069998978,nav_to_wp,0,-0.028641365468502045,0.5506446957588196,1.799109935760498,0.1300664097070694,0.5836567282676697,0.00015674345195293427,1.8,0.3806257114289404,32759,0.23289476065805736,0.4941910010529682
6.7395303869998315,nav_to_wp,0,-0.026166042312979698,0.5620002150535583,1.7991423606872559,0.13107426464557648,0.5901987552642822,0.00022994168102741241,1.8,0.38058710027655557,32756,0.2318759967428896,0.4729329994006548
6.7604808769974625,nav_to_wp,0,-0.023700328543782234,0.5735275745391846,1.7991787195205688,0.13074812293052673,0.5967830419540405,0.00033541955053806305,1.8,0.3805237284467659,32750,0.23020391680121044,0.4596010003297124
6.780367851999472,nav_to_wp,0,-0.02116282284259796,0.5857154726982117,1.7992188930511475,0.12898120284080505,0.6031689047813416,0.0004301536828279495,1.8,0.38045578710356,32745,0.22841126922321742,0.4178499984845985
6.800922523998452,nav_to_wp,0,-0.0188139658421278,0.5974666476249695,1.799262285232544,0.12600462138652802,0.6089862585067749,0.0005127452313899994,1.8,0.38037990846946146,32738,0.2264091944448925,0.685801001964137
6.821201521997864,nav_to_wp,0,-0.01654573529958725,0.6093640923500061,1.7993083000183105,0.12191585451364517,0.6144997477531433,0.0005628243088722229,1.8,0.38030842243310936,32732,0.2245230193432537,0.5171580014575738
6.840662398000859,nav_to_wp,0,-0.014378432184457779,0.6213923096656799,1.799356460571289,0.11682269722223282,0.6195911765098572,0.0006216652691364288,1.8,0.38022097374783825,32724,0.22221566616987332,0.5262640006549191
6.860474250999687,nav_to_wp,0,-0.012329913675785065,0.6335344314575195,1.7994062900543213,0.11083592474460602,0.6241552829742432,0.0006483104079961777,1.8,0.38013863062140096,32717,0.22004302431136935,0.45195700295153074
6.880701549998776,nav_to_wp,0,-0.01041551772505045,0.6457724571228027,1.7994561195373535,0.10407130420207977,0.6281058192253113,0.0006235837936401367,1.8,0.38007345424865135,32712,0.21832333109897917,0.5948670004727319
6.900927705999493,nav_to_wp,0,-0.008648124523460865,0.6580877900123596,1.7995048761367798,0.09664535522460938,0.6313720345497131,0.0005813594907522202,1.8,0.38001059121139136,32706,0.21666467576230275,0.6769110004825052
6.91986119899957,nav_to_wp,0,-0.006902500055730343,0.6710633635520935,1.7995424270629883,0.0885695144534111,0.6339095234870911,0.00040098419412970543,1.8,0.38002533128627636,32708,0.21705359594396612,0.6316639992292039
6.939583923998725,nav_to_wp,0,-0.005479568615555763,0.6833691596984863,1.799585223197937,0.08013279736042023,0.6351551413536072,0.00024514831602573395,1.8,0.3800119075220889,32706,0.21669940691527323,0.47221099885064177
6.9605256489994645,nav_to_wp,0,-0.004214590415358543,0.6962658762931824,1.7996333837509155,0.07078315317630768,0.6354724764823914,0.00011595524847507477,1.8,0.3799702691597075,32703,0.2156007693854214,0.5324640005710535
6.979521814999316,nav_to_wp,0,-0.0030320300720632076,0.7091536521911621,1.799659013748169,0.061813440173864365,0.6349032521247864,-0.00012553238775581121,1.8,0.38001575415541733,32707,0.21680090119834539,0.4530810001597274
6.999633305000316,nav_to_wp,0,-0.002152097877115011,0.7212834358215332,1.7996883392333984,0.05296710506081581,0.6330908536911011,-0.0003219058271497488,1.8,0.38003182487491277,32708,0.2172249307364833,0.4673750008805655
7.019637049997982,nav_to_wp,0,-0.0014315671287477016,0.7334112524986267,1.7997134923934937,0.044332269579172134,0.6307780742645264,-0.0004958338104188442,1.8,0.3800454278779904,32709,0.2175838490234927,0.5095209999126382
7.041002390000358,nav_to_wp,0,-0.0008647694485262036,0.7455196380615234,1.7997344732284546,0.03603497892618179,0.6279869079589844,-0.0006492710672318935,1.8,0.3800587068127243,32710,0.21793421669457125,0.9044489997904748
7.059428837997984,nav_to_wp,0,-0.00044356516445986927,0.7575933933258057,1.79975163936615,0.028176169842481613,0.624756395816803,-0.0007841582410037518,1.8,0.3800729740043827,32712,0.21831065974624408,0.34764999873004854
7.080367834998469,nav_to_wp,0,-0.00013853164273314178,0.770210325717926,1.7997641563415527,0.020516064018011093,0.620900571346283,-0.0009207990951836109,1.8,0.3800987452111774,32714,0.21899063881734548,0.4103459978068713
7.100828036000166,nav_to_wp,0,1.2218723895784933e-05,0.7820637226104736,1.7997738122940063,0.013777665793895721,0.616445779800415,-0.0010520368814468384,1.8,0.3801320065654222,32717,0.21986824710876363,0.6795389999751933
7.121010918999673,nav_to_wp,0,5.436209175968543e-05,0.7938588261604309,1.7997796535491943,0.007727738935500383,0.6118239164352417,-0.001163087785243988,1.8,0.3801665627348522,32720,0.22078001938923997,0.5265880026854575
7.140442797997821,nav_to_wp,0,2.0075983684364473e-06,0.805587649345398,1.799782395362854,0.0024216454476118088,0.6070866584777832,-0.0012564761564135551,1.8,0.38020219518719933,32723,0.2217201896358656,0.40520000038668513
7.160349779998796,nav_to_wp,0,-0.00012982466432731599,0.8172435760498047,1.7997820377349854,-0.002099851379171014,0.6022900938987732,-0.0013344800099730492,1.8,0.38023926151933607,32726,0.22269819312232286,0.3237450000597164
7.180290149000939,nav_to_wp,0,-0.0003255089104641229,0.8288221955299377,1.7997792959213257,-0.005809953436255455,0.5974958539009094,-0.0013909414410591125,1.8,0.38027287611371824,32729,0.22358512173398992,0.3101030015386641
7.200871327000641,nav_to_wp,0,-0.00056914531160146,0.8403210639953613,1.7997747659683228,-0.008698411285877228,0.5927637815475464,-0.001413511112332344,1.8,0.38029514069397885,32731,0.22417257767754073,0.6907429997227155
7.220578262000345,nav_to_wp,0,-0.0008375759935006499,0.852496325969696,1.7997616529464722,-0.010765454731881618,0.5887573957443237,-0.0014113150537014008,1.8,0.3803173774318217,32733,0.22475929899265523,0.6157329989946447
7.239438696000434,nav_to_wp,0,-0.0011346752289682627,0.8637186288833618,1.799755573272705,-0.012027169577777386,0.5838367342948914,-0.0014134254306554794,1.8,0.3803357327342052,32734,0.2252436077626676,0.3286299979663454
7.259495398000581,nav_to_wp,0,-0.0014322035713121295,0.8748758435249329,1.7997485399246216,-0.012513996101915836,0.5792421698570251,-0.0013819439336657524,1.8,0.3803393927468568,32735,0.22534017801732809,0.43348500184947625
7.279560250997747,nav_to_wp,0,-0.0017161689465865493,0.885970950126648,1.7997406721115112,-0.012264466844499111,0.5750069618225098,-0.0013454919680953026,1.8,0.38034171171153724,32735,0.22540136442050596,0.4694380004366394
7.29973293799776,nav_to_wp,0,-0.001975526101887226,0.8968392610549927,1.7997370958328247,-0.011336186900734901,0.5704143643379211,-0.0013124719262123108,1.8,0.38034218705194883,32735,0.2254139063838725,0.49506099821883254
7.319982938999601,nav_to_wp,0,-0.0021913936361670494,0.907828688621521,1.7997277975082397,-0.009749078191816807,0.5670228004455566,-0.0012791161425411701,1.8,0.38034650313824814,32735,0.22552778728886835,0.5014400012441911
7.33956948299965,nav_to_wp,0,-0.002362042898312211,0.9189302921295166,1.7997138500213623,-0.007609277497977018,0.5647866129875183,-0.001246867934241891,1.8,0.3803533285535189,32736,0.22570787740155218,0.4298530002415646
7.359531219000928,nav_to_wp,0,-0.0024733853060752153,0.9298285841941833,1.7997037172317505,-0.0049737063236534595,0.5622960925102234,-0.0012240262003615499,1.8,0.38036129899507537,32736,0.2259181792895859,0.4838599998038262
7.379491165000218,nav_to_wp,0,-0.0025188345462083817,0.9406948685646057,1.7996927499771118,-0.0019231904298067093,0.5602940917015076,-0.0012082899920642376,1.8,0.38037266031571504,32737,0.22621795028271663,0.42339499850641005
7.399721083998884,nav_to_wp,0,-0.002492481144145131,0.9515372514724731,1.7996810674667358,0.0014598466223105788,0.5587790608406067,-0.0012001312570646405,1.8,0.3803877339226849,32739,0.22661567078324119,0.487986999360146
7.420037785999739,nav_to_wp,0,-0.0023901616223156452,0.9623638391494751,1.7996686697006226,0.005095149856060743,0.5577415227890015,-0.001199627062305808,1.8,0.38040688104028125,32740,0.2271208717752291,0.5183959983696695
7.439522067998041,nav_to_wp,0,-0.002209307625889778,0.9731827974319458,1.7996553182601929,0.008895764127373695,0.5571694374084473,-0.0012064655311405659,1.8,0.3804305923271501,32742,0.22774649939709946,0.4481000032683369
7.459489657998347,nav_to_wp,0,-0.0019530196441337466,0.9837465286254883,1.7996424436569214,0.012767634354531765,0.5558980703353882,-0.0012165543157607317,1.8,0.3804606089495274,32745,0.22853849471048449,0.41636600144556724
7.479329925998172,nav_to_wp,0,-0.0016138822538778186,0.9945985078811646,1.7996267080307007,0.016661984845995903,0.5563857555389404,-0.001225035171955824,1.8,0.3804876225900672,32747,0.22925125567459403,0.3970649995608255
7.499805373998242,nav_to_wp,0,-0.0012054601684212685,1.0052103996276855,1.7996119260787964,0.020459212362766266,0.556111752986908,-0.0012394394725561142,1.8,0.3805221899597905,32750,0.2301633234773206,0.36209899917594157
7.521290243999829,nav_to_wp,0,-0.0007010964909568429,1.0164247751235962,1.7995944023132324,0.024274425581097603,0.5565125942230225,-0.0013052714057266712,1.8,0.3805855265509611,32756,0.23183447364013432,0.3924140000890475
7.54049314599979,nav_to_wp,0,-0.0001662718568695709,1.0267665386199951,1.799579381942749,0.02762509696185589,0.555627703666687,-0.0013844864442944527,1.8,0.3806596257476475,32762,0.23378959756325735,0.4482790027395822
7.5605531859982875,nav_to_wp,0,0.00044142609112896025,1.0374656915664673,1.799561619758606,0.030752554535865784,0.5567325949668884,-0.001353616826236248,1.8,0.38067474918168,32763,0.2341886327620042,0.39259000186575577
7.580339644999185,nav_to_wp,0,0.0011024537961930037,1.0482323169708252,1.7995457649230957,0.03354925662279129,0.558294415473938,-0.0012957286089658737,1.8,0.3806732374478848,32763,0.23414874532677388,0.3476819983916357
7.60096035099923,nav_to_wp,0,0.001822962425649166,1.059319257736206,1.7995318174362183,0.036027561873197556,0.5613632202148438,-0.0011633513495326042,1.8,0.38062708188840405,32759,0.2329309205383634,0.46952200136729516
7.620046490999812,nav_to_wp,0,0.0026029241271317005,1.0707647800445557,1.7995209693908691,0.038122087717056274,0.56364905834198,-0.0010863468050956726,1.8,0.38060908206662414,32758,0.23245599120380156,0.41454700112808496
7.639521296998282,nav_to_wp,0,0.0033676796592772007,1.081619143486023,1.799513816833496,0.03963325917720795,0.5655996203422546,-0.0010222382843494415,1.8,0.3805930589873371,32756,0.232033218663247,0.4724420032289345
7.659543228997791,nav_to_wp,0,0.004150695167481899,1.0925567150115967,1.7995089292526245,0.04068886488676071,0.5678519606590271,-0.000952952541410923,1.8,0.3805697996469094,32754,0.23141951574958775,0.4443440011527855
7.6795334790003835,nav_to_wp,0,0.004547184333205223,1.0980925559997559,1.799511432647705,0.04102851077914238,0.5692418813705444,-0.0008710306137800217,1.8,0.38052703503705443,32751,0.23029116192755694,0.47174400242511183
7.69980976199804,nav_to_wp,0,0.005713661201298237,1.1143951416015625,1.7995070219039917,0.04128189757466316,0.5715904831886292,-0.0008552335202693939,1.8,0.3805313258700177,32751,0.23040437651761536,0.5487710004672408
7.720280908997665,nav_to_wp,0,0.0064775580540299416,1.1253302097320557,1.7995083332061768,0.040849972516298294,0.5732927322387695,-0.0008218446746468544,1.8,0.3805142052053474,32750,0.22995264394056392,0.4632900017895736
7.739409705998696,nav_to_wp,0,0.007223951630294323,1.1363619565963745,1.7995108366012573,0.039985787123441696,0.5752196907997131,-0.0008436478674411774,1.8,0.3805203351230247,32750,0.23011438319326238,0.33879200054798275
7.759415289998287,nav_to_wp,0,0.00794436875730753,1.1474844217300415,1.799513816833496,0.03870844841003418,0.5772952437400818,-0.0008540032431483269,1.8,0.3805175435684714,32750,0.2300407274002989,0.317129997711163
7.779539536997618,nav_to_wp,0,0.00863086897879839,1.1586905717849731,1.7995178699493408,0.03703916072845459,0.5794498920440674,-0.000846419483423233,1.8,0.3805020949682751,32749,0.22963311261939445,0.43302099948050454
7.800057044998539,nav_to_wp,0,0.009276119992136955,1.1699738502502441,1.7995232343673706,0.03500668331980705,0.5816218256950378,-0.0008240314200520515,1.8,0.380475552624789,32746,0.2289327869337452,0.7675420019950252
7.820245423998131,nav_to_wp,0,0.009898013435304165,1.181470274925232,1.799524188041687,0.03277061507105827,0.5843873620033264,-0.000788593664765358,1.8,0.38044617251985474,32744,0.2281575862758487,0.5992290025460534
7.839890736999223,nav_to_wp,0,0.010442407801747322,1.192880630493164,1.799532175064087,0.03012956865131855,0.5864039063453674,-0.0007456419989466667,1.8,0.3804031760381781,32740,0.22702311446380108,0.5124710005475208
7.859653965999314,nav_to_wp,0,0.010928301140666008,1.2043461799621582,1.799541711807251,0.027246776968240738,0.5882859826087952,-0.0006940299645066261,1.8,0.3803528986063788,32736,0.22569653314983462,0.4918970007565804
7.879572210000333,nav_to_wp,0,0.011351872235536575,1.215858817100525,1.7995525598526,0.02416844293475151,0.5899876952171326,-0.0006364486180245876,1.8,0.3802973569507773,32731,0.22423105411021815,0.42511299761827104
7.8999926110009255,nav_to_wp,0,0.011710327118635178,1.2274099588394165,1.7995644807815552,0.020942118018865585,0.5914685726165771,-0.0005777780897915363,1.8,0.38023964820149186,32726,0.22270839581772606,0.5998200031172018
7.920100942999852,nav_to_wp,0,0.012001884169876575,1.2389909029006958,1.7995764017105103,0.017617594450712204,0.5926993489265442,-0.0005951747298240662,1.8,0.3802200233597623,32724,0.22219058996734198,0.6726030005665962
7.9396551239988185,nav_to_wp,0,0.012225803919136524,1.2505934238433838,1.7995871305465698,0.014241021126508713,0.5936618447303772,-0.0006298013031482697,1.8,0.3802108612896719,32723,0.2219488466931896,0.5407690005085897
7.959543037999538,nav_to_wp,0,0.012382294982671738,1.2622089385986328,1.7995965480804443,0.010859024710953236,0.5943435430526733,-0.00066343042999506,1.8,0.38020347528293313,32723,0.2217539652488938,0.4562360009003896
7.979383424000844,nav_to_wp,0,0.012472533620893955,1.2738299369812012,1.7996045351028442,0.007519128732383251,0.5947403311729431,-0.0006986497901380062,1.8,0.38019955608699274,32723,0.22165055638503084,0.4294159989512991
7.999987899998814,nav_to_wp,0,0.012498598545789719,1.2854485511779785,1.7996113300323486,0.004271053243428469,0.5948538780212402,-0.0007367210928350687,1.8,0.3801996560705164,32723,0.22165319447272758,0.6713449984090403
8.019684448998305,nav_to_wp,0,0.012463489547371864,1.297058343887329,1.7996159791946411,0.0011589423520490527,0.5946922898292542,-0.0007786871865391731,1.8,0.38020564846895355,32723,0.2218113052494335,0.4901569991488941
8.03948315299931,nav_to_wp,0,0.012381866574287415,1.303252935409546,1.7996259927749634,-0.0006695804768241942,0.5936856269836426,-0.0007900099735707045,1.8,0.3801941513496784,32722,0.22150795117884847,0.44154699935461394
8.059908774997893,nav_to_wp,0,0.012258080765604973,1.3152217864990234,1.799626111984253,-0.003613794920966029,0.5922268629074097,-0.0009020523284561932,1.8,0.3802435456127203,32726,0.22281122988707658,0.6477040005847812
8.07945462799762,nav_to_wp,0,0.012086374685168266,1.3265936374664307,1.7996243238449097,-0.006199652329087257,0.5906687378883362,-0.0010007116943597794,1.8,0.38029051961973637,32730,0.22405064959726495,0.4438619980646763
8.099865009000496,nav_to_wp,0,0.011871110647916794,1.3379566669464111,1.7996200323104858,-0.008534923195838928,0.589059591293335,-0.001092306338250637,1.8,0.3803385680733591,32734,0.22531841882213755,0.6891060002089944
8.119673192999471,nav_to_wp,0,0.011617669835686684,1.3493068218231201,1.7996132373809814,-0.010605910792946815,0.587416410446167,-0.0011770573910325766,1.8,0.38038769419143387,32739,0.22661462246527186,0.5339859999367036
8.139505151000776,nav_to_wp,0,0.011331634595990181,1.360640048980713,1.7996046543121338,-0.012393025681376457,0.5857643485069275,-0.0012557446025311947,1.8,0.38043725357312197,32743,0.22792225786601428,0.4393560011521913
8.159344520998275,nav_to_wp,0,0.011018935590982437,1.3719538450241089,1.7995941638946533,-0.013880343176424503,0.5841284394264221,-0.0013284996384754777,1.8,0.38048728446976915,32747,0.22924233429469965,0.3086930009885691
8.179374629999074,nav_to_wp,0,0.010697589255869389,1.3832716941833496,1.79957914352417,-0.014999338425695896,0.5826168060302734,-0.001395692932419479,1.8,0.3805409487778294,32752,0.23065827909839953,0.3057489993807394
8.19990827699803,nav_to_wp,0,0.010348622687160969,1.3945400714874268,1.7995678186416626,-0.01587139070034027,0.5810630917549133,-0.0013608649605885148,1.8,0.3805397309556447,32752,0.23062614658693015,0.5656860012095422
8.22048127800008,nav_to_wp,0,0.009991498664021492,1.4057855606079102,1.7995574474334717,-0.016429351642727852,0.5795875191688538,-0.0013224607100710273,1.8,0.3805359845271806,32751,0.23052729623167778,0.577707000047667
8.239631751999696,nav_to_wp,0,0.009645378217101097,1.4164930582046509,1.79954993724823,-0.016623372212052345,0.575862467288971,-0.0012794688809663057,1.8,0.38053230943050187,32751,0.23043032798157803,0.5795380020572338
8.259469038999669,nav_to_wp,0,0.009302022866904736,1.4272372722625732,1.7995426654815674,-0.01653592474758625,0.5726903080940247,-0.0012796828523278236,1.8,0.38054993332318104,32753,0.2308953383425063,0.4371899995021522
8.279386723999778,nav_to_wp,0,0.008959929458796978,1.4382694959640503,1.7995340824127197,-0.016208041459321976,0.5712172985076904,-0.0012484323233366013,1.8,0.38054930903157036,32753,0.23087886626834653,0.42554500032565556
8.299632063997706,nav_to_wp,0,0.00863139983266592,1.4493049383163452,1.7995264530181885,-0.01562165841460228,0.5700250864028931,-0.0012064850889146328,1.8,0.38054154271023616,32752,0.23067395013815606,0.4267730000719894
8.319924677998642,nav_to_wp,0,0.008327207528054714,1.4600911140441895,1.7995213270187378,-0.014775335788726807,0.5679767727851868,-0.0011974696535617113,1.8,0.38055016044249557,32753,0.23090133093655751,0.4978559991286602
8.33934066800066,nav_to_wp,0,0.008044191636145115,1.4709100723266602,1.799517273902893,-0.013728377409279346,0.566466748714447,-0.0011429862352088094,1.8,0.38053329826221455,32751,0.23045641852808707,0.3700320012285374
8.3593085959983,nav_to_wp,0,0.007785719353705645,1.481762409210205,1.7995139360427856,-0.0125081492587924,0.5654516220092773,-0.0011224760673940182,1.8,0.3805310493050304,32751,0.2303970792883998,0.2970749992527999
8.37943082899801,nav_to_wp,0,0.007554629351943731,1.4926491975784302,1.799511432647705,-0.011140648275613785,0.5648910999298096,-0.0010852501727640629,1.8,0.3805179549586896,32750,0.23005158202347076,0.45431600301526487
8.399908914998377,nav_to_wp,0,0.00735320383682847,1.5035715103149414,1.79951012134552,-0.009656835347414017,0.5647523403167725,-0.001036312896758318,1.8,0.3804961549406532,32748,0.22947638365839396,0.5207149988564197
8.422139820999291,nav_to_wp,0,0.007171682082116604,1.515316128730774,1.7995089292526245,-0.008023242466151714,0.5660880208015442,-0.0009246626868844032,1.8,0.38043773266362835,32743,0.2279348987764731,1.0728640008892398
8.440663157998642,nav_to_wp,0,0.0070339678786695,1.5264406204223633,1.7995110750198364,-0.00640453677624464,0.5671953558921814,-0.0008331835269927979,1.8,0.3803864221157483,32739,0.22658105846301524,0.49086299986811355
8.461790630997712,nav_to_wp,0,0.006931927055120468,1.537341833114624,1.7995158433914185,-0.0047525097616016865,0.5673736333847046,-0.0008076499216258526,1.8,0.38036836156666537,32737,0.2261045268249422,0.6000659996061586
8.479351052999846,nav_to_wp,0,0.006859430577605963,1.5487618446350098,1.7995200157165527,-0.0030266421381384134,0.5675960183143616,-0.0008017458021640778,1.8,0.3803610811441357,32736,0.22591243124368532,0.40090900074574165
8.49996343499879,nav_to_wp,0,0.006821267306804657,1.559926986694336,1.7995240688323975,-0.0014329614350572228,0.56926429271698,-0.0007575941272079945,1.8,0.3803302315673042,32734,0.22509845824021646,0.694416001351783
8.519957787000749,nav_to_wp,0,0.0068136174231767654,1.5708789825439453,1.7995283603668213,9.643202065490186e-05,0.5699223875999451,-0.0008404641412198544,1.8,0.3803662569724948,32737,0.22604899663574507,0.7309979991987348
8.539498227997683,nav_to_wp,0,0.006833529565483332,1.5821424722671509,1.7995303869247437,0.0015296824276447296,0.5720435976982117,-0.0008462937548756599,1.8,0.3803624057206367,32737,0.22594738049173202,0.4457729992282111
8.559471644999576,nav_to_wp,0,0.006879016757011414,1.5934422016143799,1.7995319366455078,0.002845759503543377,0.574223518371582,-0.0008552819490432739,1.8,0.3803611560277619,32736,0.22591440706495547,0.4577530016831588
8.579379389000678,nav_to_wp,0,0.006945946719497442,1.6045249700546265,1.7995336055755615,0.0040194992907345295,0.5752782821655273,-0.0009352876804769039,1.8,0.38039864027179104,32740,0.2269034372504226,0.4127650026930496
8.599708776997431,nav_to_wp,0,0.007031980901956558,1.615666151046753,1.7995336055755615,0.005038644187152386,0.5765406489372253,-0.0010067815892398357,1.8,0.3804335030674059,32743,0.22782329993155415,0.42913099969155155
8.620257407997997,nav_to_wp,0,0.007133764214813709,1.6268632411956787,1.7995318174362183,0.005890750326216221,0.5779514908790588,-0.0010694069787859917,1.8,0.3804658503855109,32745,0.22867679117442918,0.7575089985039085
8.639631178000855,nav_to_wp,0,0.00724773807451129,1.6381131410598755,1.7995294332504272,0.0065669408068060875,0.5794618129730225,-0.0011091921478509903,1.8,0.3804872985013803,32747,0.22924270452190676,0.5270010005915537
8.659497996999562,nav_to_wp,0,0.0073702698573470116,1.649412751197815,1.7995270490646362,0.0070633492432534695,0.5810317993164062,-0.0010628183372318745,1.8,0.3804655045991886,32745,0.22866766752476408,0.4653489995689597
8.679491558999871,nav_to_wp,0,0.007501591928303242,1.660763144493103,1.7995212078094482,0.0074066901579499245,0.5826143026351929,-0.0010461583733558655,1.8,0.3804628605246364,32745,0.22859790302470628,0.4638439968402963
8.699784579999687,nav_to_wp,0,0.007626370992511511,1.6721470355987549,1.7995257377624512,0.007509815040975809,0.5842100977897644,-0.0009506940841674805,1.8,0.3804075260764229,32740,0.22713789119849181,0.5018490010115784
8.72018864599886,nav_to_wp,0,0.007758228573948145,1.6835741996765137,1.7995219230651855,0.007502968888729811,0.5857242345809937,-0.0009303046390414238,1.8,0.38040032514577626,32740,0.22694789302839524,0.5650390012306161
8.739522203999513,nav_to_wp,0,0.00787974614650011,1.6950347423553467,1.7995237112045288,0.007293074857443571,0.5871942043304443,-0.0008825343102216721,1.8,0.3803721945805646,32737,0.22620566175632106,0.4486010002437979
8.760528513997997,nav_to_wp,0,0.007999017834663391,1.7070868015289307,1.7995240688323975,0.006910686381161213,0.588564395904541,-0.0009297863580286503,1.8,0.3803932773739786,32739,0.22676193598887906,0.4370090027805418
8.780388507999305,nav_to_wp,0,0.00809833686798811,1.7185039520263672,1.7995238304138184,0.006381098181009293,0.5893751978874207,-0.0009962529875338078,1.8,0.3804250739104907,32742,0.22760089473590028,0.44078299833927304
8.801139199000318,nav_to_wp,0,0.00817480031400919,1.7299370765686035,1.7995268106460571,0.005668364465236664,0.5900917053222656,-0.0010245884768664837,1.8,0.3804334295820283,32743,0.22782136100338413,0.6605589987884741
8.820668404998287,nav_to_wp,0,0.008251878432929516,1.7414295673370361,1.7995195388793945,0.004942412953823805,0.5908219814300537,-0.0011127148754894733,1.8,0.3804845391890695,32747,0.2291698994477418,0.502054001117358
8.840453749999142,nav_to_wp,0,0.008301941677927971,1.752928376197815,1.7995158433914185,0.0040677376091480255,0.5914178490638733,-0.0011380896903574467,1.8,0.38049957370052323,32748,0.229566588404305,0.4308399984438438
8.860509912999987,nav_to_wp,0,0.008332070894539356,1.7644448280334473,1.7995127439498901,0.0031137901823967695,0.5919115543365479,-0.0010877051390707493,1.8,0.3804759243583877,32746,0.22894259520811744,0.436245998571394
8.879276187999494,nav_to_wp,0,0.00834311917424202,1.7765387296676636,1.7995097637176514,0.002060002414509654,0.5922471880912781,-0.0010436936281621456,1.8,0.38045527621242337,32745,0.22839778924599763,0.4009479998785537
8.900034136000613,nav_to_wp,0,0.008329085074365139,1.7879745960235596,1.7995086908340454,0.0010017602471634746,0.5920578837394714,-0.0010170009918510914,1.8,0.380441348799486,32743,0.2280303113320823,0.6400719976227265
8.920137769000576,nav_to_wp,0,0.00829327292740345,1.7994256019592285,1.799507975578308,-7.532430754508823e-05,0.5918363332748413,-0.000984426587820053,1.8,0.3804240804335031,32742,0.22757468162277306,0.6217480004124809
8.939445743999386,nav_to_wp,0,0.008235828019678593,1.8108876943588257,1.799507737159729,-0.0011513236677274108,0.5915729403495789,-0.0009474153630435467,1.8,0.3804041104208319,32740,0.22704776835967877,0.4285709983378183
8.959453470997687,nav_to_wp,0,0.008157250471413136,1.8223567008972168,1.7995078563690186,-0.0022049876861274242,0.5912646055221558,-0.0009098243899643421,1.8,0.38038357136654544,32738,0.22650584080594705,0.4540109985100571
8.979503523998574,nav_to_wp,0,0.0080584567040205,1.8338289260864258,1.79950749874115,-0.003216572105884552,0.5909121632575989,-0.0009478933643549681,1.8,0.3804016653050199,32740,0.22698325343060333,0.4286679977667518
8.99982011499742,nav_to_wp,0,0.007940737530589104,1.8453011512756348,1.7995059490203857,-0.004171314183622599,0.5905182957649231,-0.0010012800339609385,1.8,0.38042913942785705,32742,0.22770816432340446,0.6780410003557336
9.020036262998474,nav_to_wp,0,0.007796145044267178,1.8578413724899292,1.7995011806488037,-0.005116106476634741,0.5896817445755005,-0.0010911040008068085,1.8,0.3804794418519682,32747,0.22903540506512243,0.5605330006801523
9.039480175997596,nav_to_wp,0,0.007645395118743181,1.8691035509109497,1.7994968891143799,-0.005904373247176409,0.588347852230072,-0.0011865149717777967,1.8,0.38053291279300355,32751,0.23044624783650391,0.4297199993743561
9.059621517997584,nav_to_wp,0,0.0074814665131270885,1.8803797960281372,1.7994918823242188,-0.006597432307898998,0.5871567726135254,-0.001190482173115015,1.8,0.38054173552095605,32752,0.2306790374922425,0.4434649999893736
9.079541731000063,nav_to_wp,0,0.00730649521574378,1.891667366027832,1.7994872331619263,-0.007185936905443668,0.5860986709594727,-0.0011648664949461818,1.8,0.38053544773169834,32751,0.23051313276248742,0.5471069998748135
9.099846247998357,nav_to_wp,0,0.0071227578446269035,1.9029638767242432,1.7994835376739502,-0.007661520969122648,0.5851706266403198,-0.0011294775176793337,1.8,0.3805231536213806,32750,0.23018874990450122,0.5109689991513733
9.120783377999032,nav_to_wp,0,0.006924939341843128,1.91482412815094,1.7994798421859741,-0.00802583433687687,0.5842832326889038,-0.0010923740919679403,1.8,0.3805101508955854,32749,0.2298456700682152,0.6090000024414621
9.140874369000812,nav_to_wp,0,0.006731856148689985,1.9260305166244507,1.7994786500930786,-0.00825705286115408,0.5831632018089294,-0.001065565855242312,1.8,0.380499795877924,32748,0.22957245060485398,0.5063300013716798
9.160609319998912,nav_to_wp,0,0.006537295877933502,1.937252402305603,1.7994780540466309,-0.008373630233108997,0.5822522044181824,-0.00102809420786798,1.8,0.3804831986532232,32747,0.22913452910879073,0.4353420008555986
9.18048146000001,nav_to_wp,0,0.006343508139252663,1.948488473892212,1.79947829246521,-0.008375904522836208,0.5815335512161255,-0.0009816614910960197,1.8,0.38046086878217006,32745,0.22854535045303415,0.46387700058403425
9.200903074997768,nav_to_wp,0,0.006152717396616936,1.9597375392913818,1.799479603767395,-0.008269037120044231,0.5809945464134216,-0.0009284527041018009,1.8,0.38043356792614863,32743,0.22782501124402543,0.673526999889873
9.221627684997657,nav_to_wp,0,0.005966990254819393,1.970998764038086,1.7994818687438965,-0.008059236221015453,0.5806262493133545,-0.0008708103559911251,1.8,0.3804025931034701,32740,0.22700773360079296,0.59169800078962
9.240588720000233,nav_to_wp,0,0.005792441312223673,1.9824250936508179,1.7994798421859741,-0.007724699564278126,0.5810933113098145,-0.0008105747401714325,1.8,0.3803740639680465,32738,0.22625498596428706,0.45255499935592525
9.260526182999456,nav_to_wp,0,0.005622018128633499,1.9937061071395874,1.799483060836792,-0.0073340879753232,0.5810109376907349,-0.000827030511572957,1.8,0.3803784527871062,32738,0.22637078593947635,0.4620729996531736
9.280455535998044,nav_to_wp,0,0.005458407569676638,2.0048515796661377,1.7994900941848755,-0.006890604738146067,0.5804092288017273,-0.0008669074159115553,1.8,0.3803908680140969,32739,0.22669836448804226,0.41858099939418025
9.299993436998193,nav_to_wp,0,0.005307575222104788,2.016829252243042,1.7994853258132935,-0.0062928092665970325,0.5810467600822449,-0.0009214223828166723,1.8,0.38042292222311386,32742,0.22754412198189478,0.6571519988938235
9.319935860999976,nav_to_wp,0,0.005173290614038706,2.028043508529663,1.7994846105575562,-0.005694517400115728,0.5808784365653992,-0.0009833043441176414,1.8,0.3804552480712401,32745,0.22839704673456573,0.6728100015607197
9.33953904399823,nav_to_wp,0,0.0050523485988378525,2.0392792224884033,1.7994827032089233,-0.005053495988249779,0.5808750987052917,-0.0010405315551906824,1.8,0.38048645449253793,32747,0.229220435159311,0.34473900086595677
9.359333915999741,nav_to_wp,0,0.00494529539719224,2.0505354404449463,1.7994799613952637,-0.004383170511573553,0.5810129046440125,-0.0010635540820658207,1.8,0.38050136935020346,32748,0.22961396702383574,0.30337299904203974
9.379322823999246,nav_to_wp,0,0.00485242297872901,2.0618109703063965,1.7994775772094727,-0.0036965664476156235,0.5812724232673645,-0.0010144030675292015,1.8,0.3804795639334562,32747,0.22903862621256366,0.3662609997263644
9.399984751999,nav_to_wp,0,0.004773733671754599,2.0731053352355957,1.799476146697998,-0.0030053495429456234,0.581636369228363,-0.0009639044292271137,1.8,0.38045574657785014,32745,0.2284101999432746,0.6653060008829925
9.420146856999054,nav_to_wp,0,0.004708957392722368,2.0844175815582275,1.7994756698608398,-0.0023203312885016203,0.582087516784668,-0.0009119268506765366,1.8,0.3804298930865707,32742,0.22772804977759087,0.8273310013464652
9.439520896998147,nav_to_wp,0,0.004657667595893145,2.0957469940185547,1.799475908279419,-0.0016546141123399138,0.5826084613800049,-0.0008599460124969482,1.8,0.38040307600379664,32740,0.22702047503421063,0.4486190009629354
9.459514075999323,nav_to_wp,0,0.004619188606739044,2.1070923805236816,1.7994766235351562,-0.0010178020456805825,0.5831820368766785,-0.0008307136595249176,1.8,0.38038700234250533,32739,0.22659636787612847,0.4425160004757345
9.47942654399958,nav_to_wp,0,0.004592648707330227,2.118452787399292,1.7994765043258667,-0.00041860988130792975,0.5837916731834412,-0.0008780579082667828,1.8,0.38041025151660623,32741,0.22720980254897505,0.42780400326591916
9.49984172999757,nav_to_wp,0,0.0045770262368023396,2.1298272609710693,1.7994747161865234,0.00013487656542565674,0.5844225287437439,-0.0009275171905755997,1.8,0.38043665661104253,32743,0.22790650688766512,0.613890999375144
9.520745032998093,nav_to_wp,0,0.0045662918128073215,2.135368585586548,1.7994813919067383,0.00033834317582659423,0.5841078758239746,-0.0009248205460608006,1.8,0.38042766414726215,32742,0.22766923871403932,0.4799050002475269
9.540697917000216,nav_to_wp,0,0.004574785940349102,2.1530919075012207,1.7994669675827026,0.0011045978171750903,0.58531653881073,-0.0010608653537929058,1.8,0.38051258251667713,32749,0.22990982893607104,0.49193299855687656
9.560447780000686,nav_to_wp,0,0.004584807436913252,2.1644058227539062,1.7994619607925415,0.0014811890432611108,0.5855462551116943,-0.0011003999970853329,1.8,0.3805386911768898,32752,0.230598711791286,0.4169979983998928
9.580506026999501,nav_to_wp,0,0.004600476007908583,2.1757395267486572,1.7994574308395386,0.0017960940022021532,0.58583003282547,-0.0010724165476858616,1.8,0.3805303292905921,32751,0.23037808154596462,0.5264939973130822
9.600959077997686,nav_to_wp,0,0.004618847742676735,2.1865410804748535,1.799455165863037,0.0020496174693107605,0.583644688129425,-0.0010516569018363953,1.8,0.3805266271166969,32751,0.23028039885743645,0.7228110007417854
9.620613843999308,nav_to_wp,0,0.004641425330191851,2.1976964473724365,1.7994526624679565,0.0022311650682240725,0.5832207202911377,-0.0009946641512215137,1.8,0.3805022714628921,32749,0.22963776946944847,0.4572830002871342
9.640333226998337,nav_to_wp,0,0.004670561756938696,2.208864450454712,1.7994463443756104,0.002369609661400318,0.5828304290771484,-0.0010255011729896069,1.8,0.3805265227827144,32751,0.23027764598190892,0.31506400046055205
9.660875321998901,nav_to_wp,0,0.004687479231506586,2.2196035385131836,1.7994493246078491,0.0023618037812411785,0.5806536078453064,-0.0010882709175348282,1.8,0.3805583902911251,32753,0.23111847733839141,0.6457449999288656
9.680419917000108,nav_to_wp,0,0.004716210998594761,2.2308578491210938,1.7994422912597656,0.0023731167893856764,0.5808961987495422,-0.001077868975698948,1.8,0.38056157563929877,32754,0.23120252346434533,0.42860400208155625
9.702086771998438,nav_to_wp,0,0.004729065578430891,2.2417593002319336,1.7994465827941895,0.00223755300976336,0.5796567797660828,-0.00107620470225811,1.8,0.3805578133023164,32753,0.2311032533592705,0.9452510021219496
9.721779347000847,nav_to_wp,0,0.0047546192072331905,2.2536752223968506,1.7994402647018433,0.002134152455255389,0.5805044770240784,-0.0010328036732971668,1.8,0.380542172414408,32752,0.23069056502395746,0.5633110013150144
9.739498809998622,nav_to_wp,0,0.004746498540043831,2.258970260620117,1.7994521856307983,0.0019469690741971135,0.5792693495750427,-0.0010031061246991158,1.8,0.38051478922944587,32750,0.22996805354738292,0.3701389978232328
9.759342301000288,nav_to_wp,0,0.004754734691232443,2.2701237201690674,1.799454927444458,0.0017130827764049172,0.5793060660362244,-0.0009564794600009918,1.8,0.38048771176184554,32747,0.22925360849196608,0.3016160007973667
9.77945080399877,nav_to_wp,0,0.004757105838507414,2.2813313007354736,1.799459457397461,0.0014339758781716228,0.579625129699707,-0.0008918596431612968,1.8,0.3804487337000689,32744,0.2282251635902064,0.440629999502562
9.799995999997918,nav_to_wp,0,0.004752829670906067,2.2925896644592285,1.7994657754898071,0.0011149551719427109,0.5801804661750793,-0.0008129887282848358,1.8,0.3803998590833152,32740,0.22693559586583412,0.6944309971004259
9.820375138999225,nav_to_wp,0,0.004741249140352011,2.303895950317383,1.799473762512207,0.0007621034746989608,0.5809332132339478,-0.0007240874692797661,1.8,0.38034347671540614,32735,0.22544793444343192,0.6583750000572763
9.839610212999105,nav_to_wp,0,0.004721831530332565,2.315246105194092,1.7994829416275024,0.00038106131250970066,0.5818437337875366,-0.0006585451774299145,1.8,0.3802970089712593,32731,0.22422187259259196,0.4534350009635091
9.859546116000274,nav_to_wp,0,0.0046941619366407394,2.326637029647827,1.7994921207427979,-2.295805825269781e-05,0.582871675491333,-0.0006572874262928963,1.8,0.3802825357571504,32730,0.22383999359235673,0.45505700109060854
9.879583760997775,nav_to_wp,0,0.004657933954149485,2.3380656242370605,1.799500823020935,-0.00044430713751353323,0.5839783549308777,-0.000653597991913557,1.8,0.38026741072599274,32728,0.22344091625310547,0.44489599895314313
9.900279543999204,nav_to_wp,0,0.004612967371940613,2.3495287895202637,1.7995089292526245,-0.0008764899685047567,0.5851274132728577,-0.0006508734077215195,1.8,0.3802535761337991,32727,0.22307588743533202,0.5679579990101047
9.920674334000068,nav_to_wp,0,0.004557952284812927,2.3615565299987793,1.7995153665542603,-0.0013253793586045504,0.5861381888389587,-0.0006713513284921646,1.8,0.3802537663016026,32727,0.22308090505547717,0.4952380004397128
9.940480891000334,nav_to_wp,0,0.004495285917073488,2.372980833053589,1.7995209693908691,-0.0017615995602682233,0.5868393182754517,-0.0007016672752797604,1.8,0.3802604803545499,32728,0.22325805684828026,0.42952200237778015
9.960508009000478,nav_to_wp,0,0.004424186423420906,2.3844377994537354,1.7995247840881348,-0.002190877217799425,0.5875699520111084,-0.0007329238578677177,1.8,0.3802699391836256,32729,0.2235076301748169,0.4574830018100329
9.980578855000203,nav_to_wp,0,0.004344948101788759,2.395923376083374,1.7995266914367676,-0.0026048398576676846,0.5882995128631592,-0.0007664100266993046,1.8,0.3802829881895245,32730,0.22385193112201662,0.4805589996976778
10.000867574999575,nav_to_wp,0,0.004258033353835344,2.407433032989502,1.7995266914367676,-0.002997296629473567,0.58900386095047,-0.0008033034391701221,1.8,0.3803002481589782,32731,0.22430733928702296,0.5428590011433698
10.020666798998718,nav_to_wp,0,0.0041640205308794975,2.4189631938934326,1.7995247840881348,-0.0033626887015998363,0.5896632671356201,-0.0008444287814199924,1.8,0.3803221496792924,32733,0.22488521581246346,0.5037080009060446
10.040520634000131,nav_to_wp,0,0.0040635946206748486,2.430509328842163,1.79952073097229,-0.003695949912071228,0.5902632474899292,-0.0008902829140424728,1.8,0.3803492454287254,32735,0.22560014323813604,0.45197300278232433
10.060509082999488,nav_to_wp,0,0.003965239971876144,2.4420628547668457,1.7995120286941528,-0.0039451452903449535,0.5907332301139832,-0.0009724609553813934,1.8,0.38040054458299133,32740,0.2269536829285297,0.42889600081252865
10.080408392997924,nav_to_wp,0,0.003854251466691494,2.4536309242248535,1.7995046377182007,-0.004201375879347324,0.5911790132522583,-0.0010269090998917818,1.8,0.38043639460976425,32743,0.22789959392517645,0.4171639993728604
10.100863409999874,nav_to_wp,0,0.003739403560757637,2.4652042388916016,1.7994951009750366,-0.004412688780575991,0.5915352702140808,-0.001085955649614334,1.8,0.3804773622109199,32746,0.2289805332696524,0.5562190017371904
10.121159599999373,nav_to_wp,0,0.0036216818261891603,2.4767799377441406,1.7994838953018188,-0.004576778504997492,0.5917975902557373,-0.0011484846472740173,1.8,0.38052228311635766,32750,0.23016578143423772,0.6768269995518494
10.140496754000196,nav_to_wp,0,0.0035057615023106337,2.487830400466919,1.7994723320007324,-0.004671706818044186,0.5895904898643494,-0.0012904799077659845,1.8,0.38060980659261956,32758,0.2324751079846834,0.4464719968382269
10.160801694000838,nav_to_wp,0,0.0033889119513332844,2.498933792114258,1.7994579076766968,-0.004726715851575136,0.5877582430839539,-0.0013898939359933138,1.8,0.38067965680490523,32764,0.23431812150145603,0.5008279986213893
10.18044687499787,nav_to_wp,0,0.003272040281444788,2.510084867477417,1.7994426488876343,-0.004732429515570402,0.5862515568733215,-0.0014392933808267117,1.8,0.3807254375756523,32768,0.23552605740507282,0.43110800106660463
10.201150131997565,nav_to_wp,0,0.0031561253126710653,2.521277666091919,1.799428105354309,-0.004686038475483656,0.5850351452827454,-0.001396460342220962,1.8,0.38072400185094674,32768,0.2354881754867204,0.49744400166673586
10.22061234099965,nav_to_wp,0,0.003042221302166581,2.5325074195861816,1.799415946006775,-0.004587914329022169,0.5840933322906494,-0.0012992671690881252,1.8,0.3806921117122705,32765,0.2346467470256055,0.4488689992285799
10.240472220000811,nav_to_wp,0,0.0029313303530216217,2.5437700748443604,1.79940664768219,-0.004441604018211365,0.5834092497825623,-0.0011837715283036232,1.8,0.38064714491385654,32761,0.23346028796455087,0.42444000064278953
10.260651026997948,nav_to_wp,0,0.002824376802891493,2.555063009262085,1.7994005680084229,-0.004250216297805309,0.5829671621322632,-0.0010507730767130852,1.8,0.38058902533415906,32756,0.23192678981949832,0.5515919983736239
10.280447796998487,nav_to_wp,0,0.002722228178754449,2.5663833618164062,1.7993979454040527,-0.004015692044049501,0.5827454328536987,-0.000903791282325983,1.8,0.38051921960331153,32750,0.23008494995544737,0.43911200191359967
10.300810364999052,nav_to_wp,0,0.0026256979908794165,2.5777292251586914,1.79939866065979,-0.0037429018411785364,0.5827200412750244,-0.0007641972042620182,1.8,0.3804485898307685,32744,0.22822136756644973,0.39988600110518746
10.320528264997847,nav_to_wp,0,0.0025354791432619095,2.5890986919403076,1.7994014024734497,-0.0034351814538240433,0.5828659534454346,-0.0006944292690604925,1.8,0.38041003722964745,32741,0.22720414853951,0.353616000211332
10.340288774998044,nav_to_wp,0,0.0024522035382688046,2.6004903316497803,1.799405574798584,-0.0030959690921008587,0.5831571817398071,-0.000621443148702383,1.8,0.3803678414529552,32737,0.22609080350805222,0.32375600130762905
10.360467565998988,nav_to_wp,0,0.0023764243815094233,2.6119019985198975,1.7994110584259033,-0.0027301108930259943,0.5835687518119812,-0.0005520344711840153,1.8,0.38032560725212056,32733,0.22497644464697863,0.39498299884144217
10.380281110999931,nav_to_wp,0,0.002308571245521307,2.6233327388763428,1.7994166612625122,-0.0023440453223884106,0.5840755701065063,-0.0005636517889797688,1.8,0.38032360662668413,32733,0.22492365769615041,0.3953440027544275
10.399694307998288,nav_to_wp,0,0.00225155521184206,2.6353297233581543,1.7994170188903809,-0.0018843967700377107,0.5845321416854858,-0.0006382525898516178,1.8,0.3803597939282573,32736,0.2258784677640442,0.4815360007341951
10.419742549998773,nav_to_wp,0,0.0022008756641298532,2.646691083908081,1.799420714378357,-0.0014750955160707235,0.5847165584564209,-0.0006880941800773144,1.8,0.38037988628096836,32738,0.22640860899652537,0.4982169994036667
10.439468610999029,nav_to_wp,0,0.002154282294213772,2.6580698490142822,1.799426555633545,-0.0010966903064399958,0.585015594959259,-0.0007023676298558712,1.8,0.38037933759582326,32738,0.2263941318159155,0.4254420018696692
10.459465468000417,nav_to_wp,0,0.0021243931259959936,2.6694865226745605,1.7994234561920166,-0.0006591752171516418,0.5854028463363647,-0.000780829694122076,1.8,0.3804219743482701,32742,0.2275191120915565,0.42459899850655347
10.479366150000715,nav_to_wp,0,0.0020982406567782164,2.6809160709381104,1.7994228601455688,-0.00026681588497012854,0.5858557224273682,-0.0008247452788054943,1.8,0.3804441266409987,32744,0.22810360530339402,0.40286200237460434
10.499584436998703,nav_to_wp,0,0.00207966729067266,2.69236421585083,1.7994210720062256,0.0001074057727237232,0.5863557457923889,-0.000867416150867939,1.8,0.3804671113684782,32746,0.22871006249282821,0.4492959997151047
10.519861372999003,nav_to_wp,0,0.0020681817550212145,2.703828811645508,1.7994184494018555,0.0004585329443216324,0.586885929107666,-0.0009088446386158466,1.8,0.38049051033414427,32748,0.22932744944971617,0.6159579970699269
10.539567822997924,nav_to_wp,0,0.0020631838124245405,2.7153077125549316,1.7994154691696167,0.0007824607309885323,0.5874318480491638,-0.000882316380739212,1.8,0.38048039159491054,32747,0.2290604642456593,0.4558120017463807
10.559794972999953,nav_to_wp,0,0.002064002910628915,2.726799488067627,1.7994135618209839,0.0010756362462416291,0.5879751443862915,-0.0008256575092673302,1.8,0.38045390133418255,32744,0.22836151277526362,0.6092709991207812
10.579392862000532,nav_to_wp,0,0.0020699212327599525,2.7383017539978027,1.7994123697280884,0.0013342318125069141,0.5885013341903687,-0.0007726317271590233,1.8,0.3804283802293843,32742,0.22768813270143085,0.4341470012150239
10.599600703997567,nav_to_wp,0,0.0020801364444196224,2.749812602996826,1.7994120121002197,0.0015564628411084414,0.5889984369277954,-0.0007222117856144905,1.8,0.38040317256607753,32740,0.22702302285164855,0.36051999995834194
10.619806451999466,nav_to_wp,0,0.0020938243251293898,2.7613306045532227,1.7994117736816406,0.0017417797353118658,0.5894559621810913,-0.0007235053926706314,1.8,0.3804037293324403,32740,0.2270377132569994,0.5251360016700346
10.63958391399865,nav_to_wp,0,0.0021101979073137045,2.772853136062622,1.7994102239608765,0.0018885278841480613,0.5898643136024475,-0.0007786671631038189,1.8,0.3804329164235655,32743,0.22780782120225496,0.47300100050051697
10.659826479997719,nav_to_wp,0,0.0021284183021634817,2.7843785285949707,1.7994073629379272,0.0019969951827079058,0.5902175903320312,-0.0008336477912962437,1.8,0.38046370669188323,32745,0.22862022933728632,0.6483569995907601
10.679366659998777,nav_to_wp,0,0.002147700171917677,2.795905590057373,1.7994033098220825,0.0020681885071098804,0.5905100703239441,-0.0008903632406145334,1.8,0.3804969066957652,32748,0.22949621888562355,0.43852199814864434
10.699644185999205,nav_to_wp,0,0.0021672782022506,2.8074328899383545,1.7993981838226318,0.00210293335840106,0.5907373428344727,-0.0009451236110180616,1.8,0.38053051949136485,32751,0.23038310003601126,0.479902999359183
10.719858294000005,nav_to_wp,0,0.0021855956874787807,2.81870174407959,1.7993932962417603,0.002107933396473527,0.5897597074508667,-0.0009258566424250603,1.8,0.38052802593351237,32751,0.23031730695283237,0.5617040005745366
10.739477962997626,nav_to_wp,0,0.0022039504256099463,2.830249071121216,1.7993887662887573,0.0020761778578162193,0.5900483727455139,-0.0008732338901609182,1.8,0.38050707442780984,32749,0.22976449677598332,0.43664999975590035
10.759552742998494,nav_to_wp,0,0.002219720743596554,2.8415353298187256,1.799385905265808,0.002016654936596751,0.5891197323799133,-0.0008298016618937254,1.8,0.3804899327787393,32748,0.22931221052082584,0.4374720010673627
10.779464234998159,nav_to_wp,0,0.0022333713714033365,2.8528404235839844,1.799383282661438,0.0019212346524000168,0.5883263349533081,-0.0008358114864677191,1.8,0.38049711039129086,32748,0.22950159343775312,0.4683660008595325
10.800512701000116,nav_to_wp,0,0.0022469242103397846,2.8649768829345703,1.7993803024291992,0.0018116456922143698,0.5887041687965393,-0.0007735560648143291,1.8,0.38046919739630686,32746,0.22876510280492823,0.3511850009090267
10.82039844099927,nav_to_wp,0,0.0022543189115822315,2.8761849403381348,1.799379825592041,0.0016809037188068032,0.587478756904602,-0.0007367234211415052,1.8,0.38045283563476046,32744,0.22833339405700315,0.337412999215303
10.84031930799756,nav_to_wp,0,0.0022586083505302668,2.887418746948242,1.7993797063827515,0.0015346815343946218,0.5864611268043518,-0.0006904213223606348,1.8,0.3804311398225722,32742,0.22776094518660095,0.31257400041795336
10.85932633199991,nav_to_wp,0,0.0022586118429899216,2.8984127044677734,1.7993803024291992,0.0013611252652481198,0.5844258666038513,-0.0007643876597285271,1.8,0.3804703827050044,32746,0.228796377440748,0.29892800012021326
10.879343700999016,nav_to_wp,0,0.002256682375445962,2.910196542739868,1.7993781566619873,0.001184934750199318,0.583599328994751,-0.0007784005720168352,1.8,0.3804813506440815,32747,0.22908576897312471,0.42272800055798143
10.89969260900034,nav_to_wp,0,0.002250215271487832,2.9216768741607666,1.7993769645690918,0.001008028513751924,0.5840556025505066,-0.000711012864485383,1.8,0.3804482605751146,32744,0.2282126800821782,0.5771519972768147
10.920458657998097,nav_to_wp,0,0.0022466520313173532,2.933016538619995,1.7993733882904053,0.0008724489598535001,0.5838879942893982,-0.000707501545548439,1.8,0.3804511760294633,32744,0.22828960499903062,0.6927670001459774
10.941585732998647,nav_to_wp,0,0.00222437409684062,2.94415545463562,1.7993777990341187,0.0006387319881469011,0.5829180479049683,-0.0006930164527148008,1.8,0.3804399602300556,32743,0.22799367361624157,0.4737189992738422
10.959510263000993,nav_to_wp,0,0.0022129323333501816,2.9552597999572754,1.799375057220459,0.0004989439039491117,0.5818721055984497,-0.000749566126614809,1.8,0.3804735112073824,32746,0.22887892367763385,0.4513849999057129
10.979554549998284,nav_to_wp,0,0.002190612256526947,2.9663212299346924,1.7993746995925903,0.000317172147333622,0.5808268189430237,-0.0007774389814585447,1.8,0.3804898289269286,32748,0.22930947036750915,0.48564799726591446
11.000862263997988,nav_to_wp,0,0.0021651561837643385,2.9779868125915527,1.7993732690811157,0.0001461218053009361,0.5800877809524536,-0.0007934186141937971,1.8,0.3805010176101406,32748,0.22960468628339115,0.6557730011991225
11.020856798997556,nav_to_wp,0,0.00213630055077374,2.989046096801758,1.799372673034668,-1.6868671082193032e-05,0.5792872309684753,-0.0008100580889731646,1.8,0.3805116899919562,32749,0.22988627947114004,0.5537310025829356
11.039499442998931,nav_to_wp,0,0.0021044868044555187,3.00071382522583,1.7993711233139038,-0.00016784877516329288,0.5788193941116333,-0.0008142720907926559,1.8,0.38051667044791593,32750,0.23001768991862548,0.4475329988054
11.059781182000734,nav_to_wp,0,0.0020701084285974503,3.01178240776062,1.7993708848953247,-0.0003112285630777478,0.5782981514930725,-0.0008186395280063152,1.8,0.38052023910282795,32750,0.23011184967883658,0.586050002311822
11.079833530999167,nav_to_wp,0,0.002033425960689783,3.0229134559631348,1.7993707656860352,-0.00044680177234113216,0.5781624913215637,-0.0008024903945624828,1.8,0.38051254272727886,32749,0.22990877908387297,0.6353249991661869
11.099736104999465,nav_to_wp,0,0.001994574209675193,3.0341031551361084,1.799371600151062,-0.000572771008592099,0.5783589482307434,-0.0007688724435865879,1.8,0.38049416757199944,32748,0.2294239464907495,0.5186130001675338
11.12064750799982,nav_to_wp,0,0.001953764585778117,3.0453484058380127,1.7993732690811157,-0.0006905845948494971,0.5788427591323853,-0.0007210737094283104,1.8,0.38046702575993746,32746,0.22870780369228072,0.6581050001841504
11.139366934999998,nav_to_wp,0,0.0019111428409814835,3.056645631790161,1.799376130104065,-0.0008004059200175107,0.5795668363571167,-0.0006620925851166248,1.8,0.38043231385549986,32743,0.22779192230870215,0.31084800139069557
11.159663917998841,nav_to_wp,0,0.0018736992496997118,3.0681214332580566,1.7993758916854858,-0.0008576223044656217,0.5810567140579224,-0.0005963435396552086,1.8,0.3803966137600364,32739,0.22684996728328066,0.5228150002949405
11.179730641997594,nav_to_wp,0,0.001821120735257864,3.0793800354003906,1.7993851900100708,-0.0009995563887059689,0.5815572142601013,-0.0005410513840615749,1.8,0.38035629098438556,32736,0.22578604180436734,0.5355749999580439
11.199981768000725,nav_to_wp,0,0.0017739867325872183,3.0908114910125732,1.7993900775909424,-0.0010896933963522315,0.5827354192733765,-0.0005614231340587139,1.8,0.3803581055761457,32736,0.22583392021492443,0.5776170000899583
11.220508499998687,nav_to_wp,0,0.001732023898512125,3.1023993492126465,1.799390196800232,-0.0011306576197966933,0.5844888091087341,-0.0005847937427461147,1.8,0.38036658817654484,32737,0.22605773552888664,0.650609999865992
11.239596627998253,nav_to_wp,0,0.001676137326285243,3.113785743713379,1.7993972301483154,-0.0012534703128039837,0.585250735282898,-0.0006027170456945896,1.8,0.38036549114926743,32737,0.2260287902181375,0.46850099897710606
11.260688613998354,nav_to_wp,0,0.0016244646394625306,3.1258273124694824,1.7993990182876587,-0.0013221099507063627,0.5862531661987305,-0.0006515542045235634,1.8,0.3803861355603344,32739,0.2265734976341527,0.5230949973338284
11.280831947999104,nav_to_wp,0,0.001573224551975727,3.137293815612793,1.799399971961975,-0.0013910755515098572,0.5870787501335144,-0.0006989259272813797,1.8,0.38040743800632026,32740,0.22713556744908203,0.5822509992867708
11.301155340999685,nav_to_wp,0,0.0015212118159979582,3.1487929821014404,1.7993996143341064,-0.0014534087385982275,0.5879185199737549,-0.0007431250996887684,1.8,0.3804288510144587,32742,0.2277005544712054,0.7412919985654298
11.3212256730003,nav_to_wp,0,0.0014685590285807848,3.1603200435638428,1.7993981838226318,-0.0015090954257175326,0.5887484550476074,-0.0007846858352422714,1.8,0.38045037552748895,32744,0.22826848357490448,0.5310679989634082
11.34058034699774,nav_to_wp,0,0.0014209299115464091,3.17199969291687,1.7993922233581543,-0.00151834764983505,0.5901042222976685,-0.0008210060186684132,1.8,0.380474463521358,32746,0.22890405069546027,0.47775200073374435
11.360746505997668,nav_to_wp,0,0.0013672683853656054,3.183570384979248,1.799389123916626,-0.0015593052376061678,0.5908480286598206,-0.0008523971773684025,1.8,0.3804932689494288,32748,0.229400236132685,0.5736359998991247
11.38071315599882,nav_to_wp,0,0.001313420943915844,3.1951582431793213,1.7993862628936768,-0.0015917051350697875,0.591528594493866,-0.0008024733979254961,1.8,0.3804712368383551,32746,0.22881891394076703,0.5891670007258654
11.399907463001,nav_to_wp,0,0.0012579526519402862,3.207350730895996,1.7993837594985962,-0.001607728423550725,0.5922033786773682,-0.0007425211369991302,1.8,0.38044311094675676,32743,0.22807680598302582,0.6796540001232643
11.420308884000406,hold,0,0.0012210746062919497,3.2129335403442383,1.7993898391723633,-0.0016897879540920258,0.5915206670761108,-0.0007104540709406137,1.8,0.39773959918325513,34232,0.684448527262667,0.5705699986719992
11.439514591998886,hold,0,0.0011522904969751835,3.2303686141967773,1.7993868589401245,-0.0016119868960231543,0.5922178626060486,-6.757024675607681e-05,1.8,0.3985477594570588,34302,0.705772017336642,0.4650800001400057
11.459491860998241,hold,0,0.001130992197431624,3.241894245147705,1.799497365951538,-0.0005851299501955509,0.5920221209526062,0.009298762306571007,1.8,0.39432410612847774,33938,0.5943299770046888,0.4477640031836927
11.479745960998116,hold,0,0.0012060629669576883,3.253419876098633,1.799895167350769,0.00646902434527874,0.5913534760475159,0.024337725713849068,1.8,0.38646812287432186,33262,0.3870480969478045,0.4651339986594394
11.499677882999094,hold,0,0.0015061256708577275,3.264930009841919,1.800632357597351,0.02230226993560791,0.5899825692176819,0.03867034986615181,1.8,0.37805943686172166,32538,0.165183030652285,0.5299859985825606
11.52006414599964,hold,0,0.0022022167686372995,3.276407241821289,1.8016055822372437,0.045208971947431564,0.587748646736145,0.04661644622683525,1.8,0.37202820964478983,32019,0.006047747883634713,0.5976319989713375
11.539517244000308,hold,0,0.0034345462918281555,3.2878284454345703,1.8026659488677979,0.07347238063812256,0.5845115184783936,0.04859534278512001,1.8,0.3684874096005446,31714,-0.08737705539460272,0.44024999806424603
11.559586620998743,hold,0,0.005307656712830067,3.2991695404052734,1.80368971824646,0.10606946796178818,0.5801703333854675,0.04557120054960251,1.8,0.3672352954578955,31607,-0.12041436786555515,0.46815800305921584
11.580673049000325,hold,0,0.008032170124351978,3.310927391052246,1.8046159744262695,0.1441308706998825,0.5742197036743164,0.038355179131031036,1.8,0.36797562136517215,31670,-0.10088070276590777,0.505293002788676
11.601885014999425,hold,0,0.011423500254750252,3.321929693222046,1.8052972555160522,0.18355372548103333,0.5671066641807556,0.02903064340353012,1.8,0.37011377529631045,31854,-0.04446503175961958,1.3213610000093468
11.619774931998109,hold,0,0.01363756787031889,3.3277485370635986,1.8055669069290161,0.2062232941389084,0.5619804263114929,0.023244637995958328,1.8,0.371745080505685,31995,-0.001422677950264628,0.5336770009307656
11.639531847999024,hold,0,0.018191026523709297,3.338165044784546,1.8058795928955078,0.2483232319355011,0.5516074895858765,0.012559358030557632,1.8,0.37512371675936174,32286,0.08772339734463586,0.4765490011777729
11.659701188000327,hold,0,0.023506950587034225,3.348205804824829,1.8059742450714111,0.2912202775478363,0.5394588112831116,0.0023162811994552612,1.8,0.3786965403621291,32593,0.18199314939654343,0.5458670020743739
11.680589810999663,hold,0,0.030247585847973824,3.3588333129882812,1.8058674335479736,0.3378744423389435,0.5273327827453613,-0.007227335125207901,1.8,0.3823311445698721,32906,0.2778929965665444,0.5383829993661493
11.70085843400011,hold,0,0.03736099600791931,3.368713140487671,1.8056269884109497,0.3814472556114197,0.5148975849151611,-0.01462027058005333,1.8,0.38535540910601307,33166,0.3576888946177572,0.5659359994751867
11.722325167000236,hold,0,0.04542511701583862,3.3783743381500244,1.805263876914978,0.424847275018692,0.5020807385444641,-0.019979503005743027,1.8,0.3877275177593848,33370,0.42027751344023123,1.0108569986186922
11.740580916997715,hold,0,0.05415670573711395,3.387617826461792,1.804839015007019,0.4663390815258026,0.48815199732780457,-0.02329251915216446,1.8,0.38934632592196133,33510,0.4629901298670518,0.5094530024507549
11.7606876059981,hold,0,0.06370172649621964,3.396677255630493,1.804389476776123,0.5062327980995178,0.47436898946762085,-0.024571441113948822,1.8,0.3901826354650098,33582,0.4850563447232119,0.5342049989849329
11.780713537998963,hold,0,0.0744553953409195,3.405949831008911,1.8039427995681763,0.5459452867507935,0.46259579062461853,-0.023861784487962723,1.8,0.39026744111074363,33589,0.48729396070563524,0.5276679985399824
11.801018890000705,hold,0,0.08566080033779144,3.414767265319824,1.8035508394241333,0.5817145705223083,0.4497586786746979,-0.02184790000319481,1.8,0.38975584376540484,33545,0.47379535001068085,0.6414250019588508
11.820966749997751,hold,0,0.09776939451694489,3.423553228378296,1.8032268285751343,0.6156117916107178,0.4379327595233917,-0.01867247372865677,1.8,0.3887444483820884,33458,0.447109455991777,0.5433670012280345
11.840479491998849,hold,0,0.10990048199892044,3.4317104816436768,1.8029879331588745,0.6437182426452637,0.42435380816459656,-0.015010762959718704,1.8,0.38739296245619603,33342,0.4114501967334032,0.4308300012780819
11.860679705998336,hold,0,0.12281082570552826,3.439842462539673,1.8028374910354614,0.6696406006813049,0.41186705231666565,-0.011022217571735382,1.8,0.3858703601717757,33211,0.37127599397824795,0.4797670007974375
11.881186876998981,hold,0,0.1358625441789627,3.447573661804199,1.8027676343917847,0.6907833218574524,0.3986923396587372,-0.007242381572723389,1.8,0.38433329105299335,33078,0.3307200805539132,0.6599379994440824
11.901878943997872,hold,0,0.14958500862121582,3.455268383026123,1.8027806282043457,0.7098890542984009,0.3864697515964508,-0.0037643946707248688,1.8,0.38289615230849566,32955,0.29280085246690213,0.6497709982795641
11.92009973599852,hold,0,0.16385994851589203,3.4628703594207764,1.802842617034912,0.724271297454834,0.37250152230262756,-0.0008858982473611832,1.8,0.3816127037031807,32844,0.2589367731709924,0.6026779992680531
11.939555591998214,hold,0,0.1776590645313263,3.4698805809020996,1.8029570579528809,0.7345815896987915,0.35917314887046814,0.0012857671827077866,1.8,0.38056072220263776,32754,0.23118000534664063,0.4977220014552586
11.959611005000625,hold,0,0.19162768125534058,3.476677179336548,1.8031049966812134,0.7419691681861877,0.34578800201416016,0.0027610305696725845,1.8,0.3797631032158128,32685,0.2101346494937406,0.5100769994896837
11.979827698000008,hold,0,0.20570605993270874,3.483250856399536,1.8032712936401367,0.7466037273406982,0.33221882581710815,0.0035840854980051517,1.8,0.3792072298144508,32637,0.19546780513062778,0.5018680021748878
11.999787120999827,hold,0,0.21983948349952698,3.489591598510742,1.803442358970642,0.7486867308616638,0.3183527886867523,0.003832263173535466,1.8,0.37886635522653683,32608,0.18647375267907051,0.5799979990115389
12.020745031000843,hold,0,0.23410241305828094,3.495680332183838,1.803583025932312,0.7490764260292053,0.304026335477829,0.0035657957196235657,1.8,0.37875974008198643,32599,0.18366068817906012,1.0958660022879485
12.039648369998758,hold,0,0.24808022379875183,3.5015194416046143,1.8037588596343994,0.7462574243545532,0.28939151763916016,0.0031130798161029816,1.8,0.3786267487410682,32587,0.1801516818223785,0.4692189977504313
12.05962664099934,hold,0,0.2636522948741913,3.5075862407684326,1.80387282371521,0.7425451874732971,0.272446870803833,0.0021538585424423218,1.8,0.3787511092333521,32598,0.1834329613021648,0.5114230007166043
12.079691661998368,hold,0,0.27730676531791687,3.5127341747283936,1.8039767742156982,0.7358442544937134,0.2562676668167114,0.0011593047529459,1.8,0.37883399011625085,32605,0.18561979198550915,0.37626900302711874
12.100964828998258,hold,0,0.29165318608283997,3.517925500869751,1.8040754795074463,0.7283108234405518,0.2392546683549881,0.00012412667274475098,1.8,0.37891898231492677,32612,0.187862330209148,0.5955329979769886
12.121194652998383,hold,0,0.30548006296157837,3.5225279331207275,1.8041129112243652,0.7217498421669006,0.22238297760486603,-0.001042291522026062,1.8,0.3791385756033672,32631,0.1936563483738034,0.6639950006501749
12.14064655599941,hold,0,0.31858786940574646,3.526704788208008,1.804137945175171,0.7119935154914856,0.20461980998516083,-0.002208668738603592,1.8,0.37929895584948226,32645,0.19788801713673365,0.5271949994494207
12.160609103997558,hold,0,0.3319054841995239,3.530649185180664,1.8041355609893799,0.7037545442581177,0.1869243085384369,-0.0033459030091762543,1.8,0.37950500090855627,32663,0.20332456223103534,0.4872410027019214
12.180756162997568,hold,0,0.3450425863265991,3.5342483520507812,1.8041070699691772,0.6952588558197021,0.1688319444656372,-0.00445205345749855,1.8,0.3797162019122498,32681,0.2088971480804691,0.4665419983211905
12.200907536000159,hold,0,0.35812583565711975,3.537576198577881,1.8040608167648315,0.6874017119407654,0.15086984634399414,-0.005466040223836899,1.8,0.37992067288869397,32699,0.21429216065155465,0.5959390000498388
12.221305372997449,hold,0,0.37082424759864807,3.5403811931610107,1.8039788007736206,0.6786573529243469,0.13183419406414032,-0.00635765865445137,1.8,0.38007449446518476,32712,0.21835077744550624,0.5749939991801511
12.240465637998568,hold,0,0.38319849967956543,3.542848825454712,1.8038872480392456,0.6696611046791077,0.11289234459400177,-0.007152741774916649,1.8,0.3802060032116813,32723,0.22182066521586385,0.4392420014482923
12.260725312000432,hold,0,0.3954785466194153,3.5449655055999756,1.8037775754928589,0.661509096622467,0.09402837604284286,-0.007855059579014778,1.8,0.3803371192347191,32734,0.2252801908896842,0.5548810004256666
12.281085063998034,hold,0,0.4076768159866333,3.54673171043396,1.8036516904830933,0.6542866230010986,0.07535187155008316,-0.008459336124360561,1.8,0.3804659250365594,32745,0.22867876085908634,0.5898400013393257
12.300872501000413,hold,0,0.41980770230293274,3.548151731491089,1.803511619567871,0.6480633616447449,0.056984953582286835,-0.008996897377073765,1.8,0.38060820877330354,32758,0.2324329491636803,0.7407679986499716
12.321375929997885,hold,0,0.4318867623806,3.5492300987243652,1.8033593893051147,0.6428772807121277,0.03903507813811302,-0.009434008039534092,1.8,0.38074633503059574,32770,0.23607744144051956,0.5996500003675465
12.340478574998997,hold,0,0.4439306855201721,3.549975872039795,1.8031976222991943,0.6387432813644409,0.021610721945762634,-0.009753852151334286,1.8,0.38086985265678863,32780,0.23933648170946142,0.45752299774903804
12.360635069999262,hold,0,0.4559561610221863,3.5503997802734375,1.8030283451080322,0.6356692314147949,0.004860896151512861,-0.01010261569172144,1.8,0.38105034061653226,32796,0.24409869700612674,0.5409799996414222
12.380602271998214,hold,0,0.46797996759414673,3.5505151748657227,1.802852749824524,0.6336589455604553,-0.011128936894237995,-0.010313431732356548,1.8,0.3812028719117741,32809,0.2481232694399491,0.44011900172336027
12.401148618999287,hold,0,0.4800190031528473,3.5503392219543457,1.8026740550994873,0.6326638460159302,-0.026251396164298058,-0.010398060083389282,1.8,0.3813287405950588,32820,0.25144434287753903,0.7454630031134002
12.420594917999551,hold,0,0.4920889437198639,3.5498898029327393,1.8024961948394775,0.6326091289520264,-0.040415652096271515,-0.010370366275310516,1.8,0.381428691622923,32828,0.2540815731641928,0.44804699791711755
12.440588018998824,hold,0,0.5042038559913635,3.549186944961548,1.8023215532302856,0.63340163230896,-0.05353792756795883,-0.010196331888437271,1.8,0.3814809587290741,32833,0.25546065248216543,0.44179399992572144
12.46049458500056,hold,0,0.5163757801055908,3.5482518672943115,1.8021531105041504,0.6349336504936218,-0.0655432790517807,-0.009934041649103165,1.8,0.38150853772838716,32835,0.2561883305643047,0.44983599946135655
12.480904264000856,hold,0,0.5286144018173218,3.5471081733703613,1.8019927740097046,0.6370911598205566,-0.07636021822690964,-0.009582196362316608,1.8,0.3815056474092265,32835,0.2561120688450256,0.481388000480365
12.501124678998167,hold,0,0.540926992893219,3.5457799434661865,1.8018430471420288,0.6397579312324524,-0.08592912554740906,-0.009094668552279472,1.8,0.38144290289244337,32830,0.2544565406977135,0.7893819965829607
12.52043631899869,hold,0,0.5533186197280884,3.5442938804626465,1.8017059564590454,0.6428152322769165,-0.09420473873615265,-0.008540799841284752,1.8,0.3813488817170996,32821,0.25197577089972434,0.3758979983103927
12.540513216998079,hold,0,0.5657923221588135,3.542675256729126,1.8015822172164917,0.6461405754089355,-0.10116136819124222,-0.007966773584485054,1.8,0.3812419728983126,32812,0.24915495773911722,0.4368369991425425
12.560512513999129,hold,0,0.5783486366271973,3.540950298309326,1.8014717102050781,0.6496127843856812,-0.1067950651049614,-0.0073889391496777534,1.8,0.38112661945418613,32802,0.2461113312450145,0.4273109989298973
12.57965036799942,hold,0,0.5916080474853516,3.539039134979248,1.8013681173324585,0.6532220840454102,-0.11138014495372772,-0.006806209683418274,1.8,0.3810086162158043,32792,0.24299778933520422,0.4869129988946952
12.600115886998537,hold,0,0.6044114232063293,3.5370755195617676,1.8012715578079224,0.6570155620574951,-0.11486149579286575,-0.006318915635347366,1.8,0.3809352120041589,32786,0.24106100274825515,0.703115998476278
12.619699879000109,hold,0,0.6170902848243713,3.535198211669922,1.8011977672576904,0.6597477197647095,-0.11650373786687851,-0.005823927000164986,1.8,0.38082022745673744,32776,0.23802710967644813,0.4757110000355169
12.639515378999931,hold,0,0.6298427581787109,3.5333139896392822,1.8011354207992554,0.6622207760810852,-0.1169336661696434,-0.005296128802001476,1.8,0.38067038905032,32763,0.23407358971820535,0.44217699905857444
12.659646277999855,hold,0,0.642657995223999,3.5314462184906006,1.801082968711853,0.664329469203949,-0.11620879918336868,-0.004826254211366177,1.8,0.3805305080179379,32751,0.23038279730706712,0.5074019973108079
12.679589649000263,hold,0,0.6555233597755432,3.529615879058838,1.8010385036468506,0.6659922003746033,-0.11441974341869354,-0.004417232237756252,1.8,0.38040275494544773,32740,0.22701200383766995,0.5566720028582495
12.69966421999925,hold,0,0.6684252619743347,3.527841806411743,1.800999641418457,0.6671500205993652,-0.1116735115647316,-0.004103207960724831,1.8,0.3803062286583188,32732,0.22446513610339736,0.48358300045947544
12.720410565998463,hold,0,0.682685375213623,3.5259246826171875,1.8009546995162964,0.6680070161819458,-0.10796625912189484,-0.003985702060163021,1.8,0.38030954218860047,32732,0.2245525643430195,0.4977320022589993
12.740492327000538,hold,0,0.6959762573242188,3.5242667198181152,1.800916314125061,0.6666931509971619,-0.10326474905014038,-0.003862055717036128,1.8,0.38027741512036844,32729,0.2237048844424372,0.4504390017245896
12.76087513499806,hold,0,0.7085638046264648,3.5228161811828613,1.8008819818496704,0.6646298170089722,-0.0980476438999176,-0.0037436196580529213,1.8,0.3802329438918983,32725,0.2225315011054949,0.48310300189768896
12.781041038000694,hold,0,0.7211666107177734,3.521463632583618,1.8008474111557007,0.6622104644775391,-0.09241925925016403,-0.003695966675877571,1.8,0.3802196550145368,32724,0.22218087109595608,0.6985319996601902
12.801838276998751,hold,0,0.7337682247161865,3.5202155113220215,1.80081045627594,0.6594402194023132,-0.08652156591415405,-0.003718380816280842,1.8,0.3802413709538032,32726,0.22275385102383005,1.094204002583865
12.820676542000001,hold,0,0.746353805065155,3.5190749168395996,1.8007704019546509,0.6563201546669006,-0.08048268407583237,-0.003789049107581377,1.8,0.3802894686320248,32730,0.22402291905078542,0.4826039985346142
12.840509498000756,hold,0,0.758909285068512,3.518043279647827,1.8007278442382812,0.6528550982475281,-0.07441244274377823,-0.0038213804364204407,1.8,0.38032116863507387,32733,0.22485933074073472,0.4407480009831488
12.860651849998249,hold,0,0.7714219093322754,3.5171196460723877,1.8006833791732788,0.6490561366081238,-0.0684172734618187,-0.0038196751847863197,1.8,0.38033901105159257,32735,0.22533010690217736,0.548380001418991
12.880736773000535,hold,0,0.783879816532135,3.5162997245788574,1.8006377220153809,0.6449432969093323,-0.06260170042514801,-0.0038112951442599297,1.8,0.3803568099729278,32736,0.22579973543344956,0.5673980012943503
12.90071577100025,hold,0,0.7962721586227417,3.515578508377075,1.8005905151367188,0.6405429244041443,-0.05705888941884041,-0.0037995595484972,1.8,0.3803775088774662,32738,0.2263458806719303,0.512696999066975
12.920582844999444,hold,0,0.8085896968841553,3.5149502754211426,1.8005421161651611,0.6358862519264221,-0.05186654254794121,-0.0037846332415938377,1.8,0.38040136904783445,32740,0.22697543661832142,0.44315199920674786
12.940527676000784,hold,0,0.820824384689331,3.514406204223633,1.8004930019378662,0.6310102343559265,-0.04709085077047348,-0.0037479251623153687,1.8,0.3804189541923437,32741,0.22743942460009592,0.4456950009625871
12.960544007000863,hold,0,0.832969605922699,3.5139360427856445,1.8004438877105713,0.6259567141532898,-0.04278826713562012,-0.0036492208018898964,1.8,0.38040954612128464,32741,0.22719119053521375,0.45617399882758036
12.980500703000871,hold,0,0.8450199961662292,3.513530731201172,1.8003953695297241,0.6207752227783203,-0.039005935192108154,-0.003532426431775093,1.8,0.3803944735821768,32739,0.22679349821046912,0.46044500049902126
13.000871195999935,hold,0,0.8566880822181702,3.513200044631958,1.800350546836853,0.6142473220825195,-0.03565983474254608,-0.0033977748826146126,1.8,0.38036781236815265,32737,0.2260900360990128,0.644620002276497
13.020451049000258,hold,0,0.8682877421379089,3.512906551361084,1.800305962562561,0.6079258918762207,-0.03291265293955803,-0.0032653557136654854,1.8,0.38034779901111443,32735,0.22556197918507515,0.442117998318281
13.040459727999405,hold,0,0.8800907731056213,3.5126214027404785,1.8002586364746094,0.6030610799789429,-0.030874773859977722,-0.0031757690012454987,1.8,0.3803581114695523,32736,0.22583407571377911,0.4272090009180829
13.060309897999105,hold,0,0.8915168046951294,3.5123727321624756,1.8002134561538696,0.5970246195793152,-0.029324360191822052,-0.0031408900395035744,1.8,0.38039634116815096,32739,0.22684277488524884,0.3069569975195918
13.080807427999389,hold,0,0.9031407237052917,3.512112855911255,1.8001638650894165,0.5925253033638,-0.02845643274486065,-0.0031154556199908257,1.8,0.38044775921200635,32744,0.2281994515041248,0.6101079998188652
13.101051617999474,hold,0,0.9146646857261658,3.5118508338928223,1.800113320350647,0.5881693363189697,-0.02813768945634365,-0.0030972640961408615,1.8,0.38050624413791695,32749,0.2297425893909466,0.7081029980327003
13.120638993998,hold,0,0.9258143901824951,3.5115931034088135,1.8000651597976685,0.5827082395553589,-0.028245598077774048,-0.0030631739646196365,1.8,0.38055800310226295,32753,0.23110826127342676,0.4695919997175224
13.140501252997637,hold,0,0.9366421699523926,3.511327028274536,1.8000189065933228,0.5765527486801147,-0.028753874823451042,-0.0030718911439180374,1.8,0.38063394317390836,32760,0.23311195709520582,0.425868001912022
13.160565327998484,hold,0,0.947445273399353,3.511026382446289,1.7999707460403442,0.5711216926574707,-0.029733484610915184,-0.0030577299185097218,1.8,0.3807031624124692,32766,0.23493832222873756,0.4368560003058519
13.180635280998104,hold,0,0.9582265615463257,3.5106852054595947,1.7999215126037598,0.5663950443267822,-0.031123267486691475,-0.003030091058462858,1.8,0.38076836789486757,32771,0.23665878350573877,0.43242799802101217
13.199789687998418,hold,0,0.9640604853630066,3.510526418685913,1.7998963594436646,0.5637123584747314,-0.03178214281797409,-0.003006565850228071,1.8,0.380799045314974,32774,0.23746821411540786,0.6134129980637226
13.219854172999476,hold,0,0.9747312068939209,3.5101163387298584,1.799849271774292,0.5596945881843567,-0.033658020198345184,-0.0028910019900649786,1.8,0.38081985566688287,32776,0.2380172999177521,0.5166900009498931
13.23950454199803,hold,0,0.9854010343551636,3.509654998779297,1.799804925918579,0.5564323663711548,-0.03577951714396477,-0.002740447409451008,1.8,0.38081936026043844,32776,0.23800422850760938,0.44949999937671237
13.259607022999262,hold,0,0.9960746169090271,3.5091402530670166,1.7997634410858154,0.5538848042488098,-0.03807961195707321,-0.0025745215825736523,1.8,0.3808068413187132,32775,0.2376739134225101,0.4267389995220583
13.279433182000503,hold,0,1.0067566633224487,3.508570671081543,1.7997260093688965,0.5520055294036865,-0.040498822927474976,-0.0023928130976855755,1.8,0.3807804214835281,32773,0.23697682014585908,0.425031001213938
13.2997986449991,hold,0,1.0174524784088135,3.5079472064971924,1.799692988395691,0.5507566332817078,-0.04297146946191788,-0.0021969196386635303,1.8,0.38074031386221907,32769,0.2359185715625074,0.6294350023381412
13.320872283999051,hold,0,1.0286198854446411,3.507233142852783,1.7996633052825928,0.5496888160705566,-0.04556627199053764,-0.002001776359975338,1.8,0.3806980896552572,32765,0.23480447639200897,0.5061500014562625
13.340495896998618,hold,0,1.0392707586288452,3.5065112113952637,1.79964017868042,0.5492360591888428,-0.047903772443532944,-0.00180080346763134,1.8,0.38064241986691777,32761,0.23333561654136403,0.4220529990561772
13.360465990997909,hold,0,1.049959659576416,3.5057413578033447,1.7996208667755127,0.5493431687355042,-0.05010327324271202,-0.001631557708606124,1.8,0.3805962194400508,32757,0.2321166079169057,0.4249060002621263
13.38052421699831,hold,0,1.060689926147461,3.504929542541504,1.7996046543121338,0.5499417185783386,-0.052104439586400986,-0.0015069353394210339,1.8,0.38056682917790857,32754,0.2313411392588005,0.42035400110762566
13.400762070999917,hold,0,1.0714644193649292,3.5040810108184814,1.7995918989181519,0.5509685277938843,-0.05385361239314079,-0.001371251419186592,1.8,0.3805259505956759,32751,0.23026254869857077,0.4779880000569392
13.42107227499946,hold,0,1.0822854042053223,3.503202199935913,1.7995818853378296,0.5523573160171509,-0.055300455540418625,-0.00122896209359169,1.8,0.380476652591095,32746,0.22896180979142322,0.4751090018544346
13.440466607000417,hold,0,1.093153953552246,3.5023012161254883,1.799574613571167,0.5540401935577393,-0.05640445649623871,-0.001082593109458685,1.8,0.3804201271571548,32742,0.22747037353970256,0.47450000056414865
13.460454361000302,hold,0,1.104070782661438,3.5013859272003174,1.7995697259902954,0.555949330329895,-0.05713356286287308,-0.0010010292753577232,1.8,0.380391160393171,32739,0.22670607897548756,0.43182599983992986
13.480512251000619,hold,0,1.1150356531143188,3.5004642009735107,1.7995657920837402,0.5580191612243652,-0.05746452882885933,-0.0009497585706412792,1.8,0.38037420646026054,32738,0.22625874565331117,0.4315029982535634
13.501001238000754,hold,0,1.1260473728179932,3.4995453357696533,1.7995625734329224,0.5601856708526611,-0.0573824867606163,-0.0008967919275164604,1.8,0.38035348158199794,32736,0.22571191509229216,0.607260997639969
13.520738756000355,hold,0,1.1371043920516968,3.4986379146575928,1.7995598316192627,0.5623840689659119,-0.05687965825200081,-0.0008458858355879784,1.8,0.3803310935694048,32734,0.22512120235896482,0.4910809984721709
13.540474697998434,hold,0,1.148203730583191,3.4977505207061768,1.7995572090148926,0.564555287361145,-0.055954717099666595,-0.0008488385938107967,1.8,0.3803333110919395,32734,0.2251797121883765,0.42919399857055396
13.56054389899873,hold,0,1.1593208312988281,3.496835231781006,1.7995502948760986,0.5665127635002136,-0.05491839721798897,-0.0009293686598539352,1.8,0.3803806227841331,32738,0.22642804179770515,0.45227100054034963
13.580507329999818,hold,0,1.170514464378357,3.496070384979248,1.7995482683181763,0.5686002373695374,-0.052873045206069946,-0.0009524053893983364,1.8,0.3803846875314952,32738,0.2265352910684726,0.4503540003497619
13.600666859998455,hold,0,1.181717038154602,3.495293140411377,1.79954195022583,0.5703848600387573,-0.050750136375427246,-0.0010110069997608662,1.8,0.3804129821226523,32741,0.22728185020190672,0.5199320003157482
13.621148983998864,hold,0,1.1929287910461426,3.494506359100342,1.79953134059906,0.5718579888343811,-0.04859716072678566,-0.0010577109642326832,1.8,0.3804419214119147,32743,0.22804541983943594,0.7500569990952499
13.640518959000474,hold,0,1.204177737236023,3.4938368797302246,1.7995240688323975,0.5732083916664124,-0.045803189277648926,-0.001026141457259655,1.8,0.3804228017814982,32742,0.2275409441028522,0.4374979980639182
13.660481907998474,hold,0,1.215179443359375,3.4932525157928467,1.7995175123214722,0.573094367980957,-0.0426144078373909,-0.001068745506927371,1.8,0.38044095538235145,32743,0.22801993093275463,0.4274160019122064
13.680503004998172,hold,0,1.2259693145751953,3.492750406265259,1.799509048461914,0.5718560218811035,-0.039117682725191116,-0.0011629415675997734,1.8,0.380488300615776,32747,0.22926914553498534,0.449855000624666
13.700648822999938,hold,0,1.2368130683898926,3.49231219291687,1.7994993925094604,0.5707518458366394,-0.035474203526973724,-0.0012295476626604795,1.8,0.3805222888383481,32750,0.2301659324102392,0.5676069995388389
13.720840624999255,hold,0,1.24770188331604,3.491941213607788,1.799489974975586,0.5697269439697266,-0.03172607719898224,-0.001270319800823927,1.8,0.3805425546959112,32752,0.23070065160715458,0.5555249990720768
13.74047671399967,hold,0,1.2586268186569214,3.4916393756866455,1.7994805574417114,0.5687543153762817,-0.0279198307543993,-0.0012872641673311591,1.8,0.3805508875722167,32753,0.23092051641732603,0.43452699901536107
13.760468918000697,hold,0,1.2695801258087158,3.491408348083496,1.7994719743728638,0.5678215622901917,-0.02410239912569523,-0.0012821780983358622,1.8,0.3805475544411013,32752,0.23083257100531007,0.4258379995007999
13.780504411999573,hold,0,1.2805544137954712,3.491248369216919,1.7994648218154907,0.5669167041778564,-0.020316239446401596,-0.0011947286548092961,1.8,0.38050201040170484,32749,0.22963088131147202,0.4602569970302284
13.800745331998769,hold,0,1.2915436029434204,3.4911584854125977,1.799460530281067,0.5660272836685181,-0.016606774181127548,-0.001055833650752902,1.8,0.38042824363897515,32742,0.22768452873285305,0.5137579973961692
13.820592596999631,hold,0,1.3025416135787964,3.4911367893218994,1.799459457397461,0.565143346786499,-0.013019301928579807,-0.0009185093804262578,1.8,0.38035256407842005,32736,0.22568770655461812,0.45229600073071197
13.840441888998612,hold,0,1.3135432004928589,3.4911797046661377,1.7994606494903564,0.5642572641372681,-0.009594827890396118,-0.0008321324130520225,1.8,0.380301024245399,32731,0.22432781650129208,0.3900380033883266
13.860365782998997,hold,0,1.3245434761047363,3.4912843704223633,1.7994627952575684,0.5633639693260193,-0.006368484813719988,-0.0007668772013857961,1.8,0.38026043987482167,32728,0.22325698878157318,0.3377089997229632
13.880367361998651,hold,0,1.3355385065078735,3.4914462566375732,1.7994651794433594,0.5624613165855408,-0.0033740054350346327,-0.0007260871352627873,1.8,0.38023339847430887,32725,0.2225434953643486,0.3311629989184439
13.901029766999272,hold,0,1.3465242385864258,3.4916603565216064,1.7994669675827026,0.5615489482879639,-0.0006405725725926459,-0.0007519341306760907,1.8,0.3802419774517965,32726,0.22276985360940493,0.6895670012454502
13.920720938000159,hold,0,1.357498288154602,3.491920232772827,1.79946768283844,0.5606284737586975,0.001810090965591371,-0.0007763624889776111,1.8,0.38025264683801147,32727,0.22305136775755763,0.6068260008760262
13.940471473997604,hold,0,1.3684574365615845,3.492220640182495,1.7994670867919922,0.5597036480903625,0.003960710950195789,-0.0008027554140426219,1.8,0.38026723799626716,32728,0.22343635874055678,0.43857300261151977
13.960565198998665,hold,0,1.3793994188308716,3.4925551414489746,1.7994647026062012,0.5587803721427917,0.005798953585326672,-0.0008323778165504336,1.8,0.380286790391919,32730,0.22395225308493139,0.4969260007783305
13.980715617999522,hold,0,1.390323519706726,3.492917060852051,1.799460768699646,0.5578635931015015,0.007316199596971273,-0.0008659063605591655,1.8,0.3803111459082324,32732,0.22459487884518126,0.6172200010041706
14.001265454000531,hold,0,1.4012280702590942,3.493300199508667,1.7994554042816162,0.5569663047790527,0.008508830331265926,-0.0009045106125995517,1.8,0.38034050072668196,32735,0.2253694123135066,0.6474570000136737
14.019967492000433,hold,0,1.4121125936508179,3.4936978816986084,1.7994486093521118,0.5561009049415588,0.009377595037221909,-0.0009492163662798703,1.8,0.38037513591232913,32738,0.22628326945459243,0.4715809991466813
14.040402419999737,hold,0,1.4239836931228638,3.4940688610076904,1.7994353771209717,0.5547906756401062,0.009580623358488083,-0.0010616413783282042,1.8,0.38045429763455857,32744,0.22837196924956515,0.3057100002479274
14.060391315000743,hold,0,1.4346390962600708,3.4944777488708496,1.799424409866333,0.55323326587677,0.009806481190025806,-0.00115862675011158,1.8,0.3805243930032087,32750,0.230221451271996,0.31291800041799434
14.080467446998227,hold,0,1.445296049118042,3.494882345199585,1.7994112968444824,0.5519074201583862,0.009737886488437653,-0.001229026704095304,1.8,0.38058309897011916,32756,0.2317704213751739,0.40232099854620174
14.100555098000768,hold,0,1.4559314250946045,3.4953272342681885,1.799399971961975,0.5507344007492065,0.009663878008723259,-0.0011986882891505957,1.8,0.38058867978505906,32756,0.23191767242899708,0.4447579995030537
14.12050616399938,hold,0,1.466617465019226,3.4956579208374023,1.799384593963623,0.5499408841133118,0.008814387023448944,-0.001205427572131157,1.8,0.38061601662729455,32758,0.23263896114233518,0.36544999966281466
14.140426152000146,hold,0,1.4772835969924927,3.496020793914795,1.7993720769882202,0.5493029356002808,0.008013919927179813,-0.0011875801719725132,1.8,0.3806267412548342,32759,0.23292193284522789,0.3285229977336712
14.160424187000899,hold,0,1.4879554510116577,3.4963622093200684,1.7993603944778442,0.5488948822021484,0.007022475823760033,-0.001165917026810348,1.8,0.38063333678697064,32760,0.23309595743985767,0.3555060029611923
14.180500710997876,hold,0,1.4986350536346436,3.4966790676116943,1.7993497848510742,0.548712968826294,0.005869168322533369,-0.0011228621006011963,1.8,0.3806267310542419,32759,0.23292166370031175,0.44797399823437445
14.201190970998141,hold,0,1.5093244314193726,3.4969685077667236,1.7993415594100952,0.5487506985664368,0.004585049580782652,-0.000999462092295289,1.8,0.38057586983968117,32755,0.2315796791472593,0.46343699796125293
14.221173450998322,hold,0,1.5200258493423462,3.49722957611084,1.7993360757827759,0.5489975214004517,0.0032029226422309875,-0.0008730029221624136,1.8,0.38051902491592826,32750,0.23007981308517778,0.5800450016977265
14.240566784999828,hold,0,1.5307410955429077,3.4974608421325684,1.799332857131958,0.5494412183761597,0.0017548168543726206,-0.0008046766743063927,1.8,0.3804874874956161,32747,0.22924769117720523,0.4928960006509442
14.260640432999935,hold,0,1.5414721965789795,3.49766206741333,1.7993301153182983,0.5500662326812744,0.0002697942254599184,-0.0007767314091324806,1.8,0.38047475376384854,32746,0.22891170880866696,0.49117899834527634
14.280628964999778,hold,0,1.5522215366363525,3.4978325366973877,1.7993282079696655,0.5508564710617065,-0.0012230896390974522,-0.0007461304776370525,1.8,0.38045900112341385,32745,0.22849607185788479,0.6272379978327081
14.30087242099762,hold,0,1.562990665435791,3.4979732036590576,1.79932701587677,0.5517938733100891,-0.0026951641775667667,-0.0007157879881560802,1.8,0.3804419704173073,32743,0.2280467128577115,0.6841270005679689
14.320626322998578,hold,0,1.5737814903259277,3.4980859756469727,1.7993266582489014,0.5528601408004761,-0.004115737043321133,-0.0006861872971057892,1.8,0.38042387323808813,32742,0.22756921472527836,0.4973760005668737
14.340479837999737,hold,0,1.5845952033996582,3.4981725215911865,1.799326777458191,0.5540353655815125,-0.00545875821262598,-0.0006577689200639725,1.8,0.3804054890714438,32740,0.22708414436526958,0.45830899762222543
14.359519595000165,hold,0,1.5957196950912476,3.4982316493988037,1.7993264198303223,0.5542292594909668,-0.006784779019653797,-0.0006989175453782082,1.8,0.38042747635316043,32742,0.2276642837245486,0.4311900011089165
14.379619463998097,hold,0,1.6065109968185425,3.4982714653015137,1.799325942993164,0.5553462505340576,-0.007897265255451202,-0.000688937958329916,1.8,0.38041962472965246,32741,0.2274571168773729,0.44580599933397025
14.399762106997514,hold,0,1.6173365116119385,3.4982926845550537,1.7993251085281372,0.556567907333374,-0.008873253129422665,-0.0007382314652204514,1.8,0.38044148489302004,32743,0.2280339021905018,0.5638080001517665
14.419674058000965,hold,0,1.6281956434249878,3.4982988834381104,1.7993239164352417,0.5578729510307312,-0.009698579087853432,-0.0007254602387547493,1.8,0.3804324816576419,32743,0.22779634980585328,0.375508996512508
14.439499692998652,hold,0,1.6390879154205322,3.498293161392212,1.799323320388794,0.5592410564422607,-0.01036162581294775,-0.0007041459903120995,1.8,0.38041824013888415,32741,0.22742058413942168,0.46893000035197474
14.460501441997621,hold,0,1.6505465507507324,3.4982688426971436,1.7993223667144775,0.5606510639190674,-0.010925889015197754,-0.0006902124732732773,1.8,0.3804081134639567,32740,0.22715338955030795,0.44587099910131656
14.48083208999742,hold,0,1.661406397819519,3.4982523918151855,1.7993220090866089,0.5616481900215149,-0.011220085434615612,-0.0006934842094779015,1.8,0.38040730081122465,32740,0.22713194752571475,0.6731620014761575
14.500980056000117,hold,0,1.6723058223724365,3.498234510421753,1.7993208169937134,0.562718391418457,-0.011341514065861702,-0.0007664449512958527,1.8,0.3804419307823847,32743,0.22804566708138907,0.6539949972648174
14.520665133000875,hold,0,1.6832430362701416,3.4982190132141113,1.7993181943893433,0.5638302564620972,-0.01129196211695671,-0.0008546090684831142,1.8,0.3804856404050954,32747,0.22919895527956058,0.5120659989188425
14.54047074099799,hold,0,1.6943618059158325,3.498152732849121,1.7993106842041016,0.5656012296676636,-0.0113801509141922,-0.0009054518304765224,1.8,0.38051490991035886,32750,0.22997123774033845,0.4360089988040272
14.560501551000925,hold,0,1.7049747705459595,3.498213291168213,1.799310564994812,0.564987063407898,-0.0106813358142972,-0.0008968082256615162,1.8,0.3805124039276105,32749,0.22990511682349357,0.4260730020178016
14.580439412999112,landing,0,1.7159080505371094,3.498171806335449,1.7993035316467285,0.5657090544700623,-0.010438544675707817,-0.0009184321388602257,1.4993035316467285,0.2997258512372714,25796,-1.9016661942672464,0.42304000089643523
14.600900746998377,landing,0,1.7266569137573242,3.4982566833496094,1.7993009090423584,0.5655524730682373,-0.009471801109611988,-0.0012002522125840187,1.4993009090423584,0.2990846996912401,25741,-1.9185831216031657,0.617437999608228
14.620610972000577,landing,0,1.7376761436462402,3.498241424560547,1.7991602420806885,0.5664736032485962,-0.009004535153508186,-0.014777451753616333,1.4991602420806884,0.3049690795497426,26248,-1.7633224393207758,0.4872149984294083
14.640502135000133,landing,0,1.7499991655349731,3.498276948928833,1.798408031463623,0.5695905089378357,-0.008409076370298862,-0.04786329343914986,1.498408031463623,0.3203877067868018,27575,-1.3564985016675006,0.42189799933112226
14.660660651999933,landing,0,1.7611068487167358,3.4983489513397217,1.7969568967819214,0.574573814868927,-0.007926888763904572,-0.08301055431365967,1.4969568967819213,0.33685537862199,28992,-0.9219952870187349,0.5730029988626484
14.680460109000705,landing,0,1.7723596096038818,3.498430013656616,1.7947548627853394,0.5824900269508362,-0.007470926735550165,-0.11678247153759003,1.4947548627853393,0.3525873690679118,30346,-0.5069031908202692,0.4215080007270444
14.700800501999765,landing,0,1.7838178873062134,3.4985179901123047,1.7919093370437622,0.5928884148597717,-0.0069403923116624355,-0.14453691244125366,1.4919093370437622,0.3652923503741405,31439,-0.17167940965328654,0.6315250029729214
14.721009827997477,landing,0,1.7955303192138672,3.4986155033111572,1.7885890007019043,0.6053764820098877,-0.0062834895215928555,-0.16483458876609802,1.4885890007019043,0.37425966190518345,32211,0.0649251162317519,0.6493490000138991
14.74042210100015,landing,0,1.80724036693573,3.4987306594848633,1.785069227218628,0.618188738822937,-0.005388396326452494,-0.17748761177062988,1.4850692272186279,0.3794378084651602,32657,0.20155167454248435,0.41944999975385144
14.760747133997938,landing,0,1.819588541984558,3.498859167098999,1.7812857627868652,0.6337466239929199,-0.004172052256762981,-0.18498675525188446,1.4812857627868652,0.38198770862202164,32876,0.26883136205861646,0.5204630033404101
14.780632801997854,landing,0,1.8319634199142456,3.4990177154541016,1.7775628566741943,0.6485356688499451,-0.0025237719528377056,-0.1879311203956604,1.4775628566741943,0.382296757654696,32903,0.2769856900975185,0.542892001249129
14.800828150000598,landing,0,1.844406008720398,3.499213218688965,1.7739416360855103,0.6624506115913391,-0.0004205241275485605,-0.18818838894367218,1.4739416360855102,0.3812881228955394,32816,0.25037263576620994,0.6141559970274102
14.82091505399876,landing,0,1.8572232723236084,3.4994516372680664,1.770338535308838,0.6765865087509155,0.0021218943875283003,-0.18743515014648438,1.4703385353088378,0.3797639194949772,32685,0.21015618720256235,0.5263100028969347
14.840598651997425,landing,0,1.8703992366790771,3.4997429847717285,1.7667609453201294,0.6905841827392578,0.005090110935270786,-0.18653371930122375,1.4667609453201294,0.3781590850343291,32547,0.1678122700350677,0.5430830024124589
14.860455792000721,landing,0,1.883913278579712,3.500096559524536,1.7632017135620117,0.7041692733764648,0.008451208472251892,-0.18597611784934998,1.4632017135620117,0.3767218034879493,32423,0.12988927408837192,0.44094500117353164
14.880553876999329,landing,0,1.8977415561676025,3.5005202293395996,1.7596468925476074,0.7171330451965332,0.012150589376688004,-0.1860375851392746,1.4596468925476074,0.3755903896808826,32326,0.10003666704175629,0.47025300227687694
14.900865345000057,landing,0,1.9118572473526,3.5010201930999756,1.7560794353485107,0.7293084859848022,0.016120612621307373,-0.18677616119384766,1.4560794353485107,0.3747934655238277,32257,0.07900964442817049,0.6554329993377905
14.920646087000932,landing,0,1.9262322187423706,3.501601219177246,1.7524832487106323,0.7405641674995422,0.020289788022637367,-0.18813824653625488,1.4524832487106323,0.374302878910271,32215,0.06606540660345495,0.5159770007594489
14.94054813999901,landing,0,1.9408377408981323,3.5022664070129395,1.7488447427749634,0.7507941722869873,0.024579154327511787,-0.19001665711402893,1.4488447427749633,0.37406300685379157,32194,0.0597363285960828,0.47079000069061294
14.960556432000885,landing,0,1.955643653869629,3.5030176639556885,1.7451531887054443,0.7599156498908997,0.02890990674495697,-0.1923324465751648,1.4451531887054443,0.37403200293227185,32192,0.05891828317339787,0.5060460025561042
14.980524803999288,landing,0,1.9706196784973145,3.5038533210754395,1.741400957107544,0.7678662538528442,0.03320186212658882,-0.19490423798561096,1.441400957107544,0.37411666169033764,32199,0.061152023491757745,0.4523550014710054
15.001351071998215,landing,0,1.9857360124588013,3.5047719478607178,1.7375843524932861,0.774608850479126,0.03736734762787819,-0.1976165473461151,1.437584352493286,0.3742567135730047,32211,0.06484732382598146,0.7501469990529586
15.02075248699839,landing,0,2.0011370182037354,3.5057201385498047,1.7336509227752686,0.7809159755706787,0.04105859994888306,-0.2006145566701889,1.4336509227752685,0.3745097707992701,32233,0.07152429549525152,0.5119320012454409
15.040619406998303,landing,0,2.0162737369537354,3.5068395137786865,1.7297543287277222,0.784439742565155,0.04500776529312134,-0.20316575467586517,1.4297543287277221,0.3745456781045494,32236,0.07247171779813577,0.4665769993152935
15.059504313998332,landing,0,2.0323901176452637,3.5080220699310303,1.725547432899475,0.7876179218292236,0.048441410064697266,-0.20601803064346313,1.425547432899475,0.3746504497401291,32245,0.07523614090050401,0.42237000161549076
15.080555853997794,landing,0,2.0485894680023193,3.509215831756592,1.7212693691253662,0.7898053526878357,0.05115201324224472,-0.20884427428245544,1.4212693691253662,0.37471313952729757,32250,0.07689022499465814,0.4428909996931907
15.100956465998024,landing,0,2.0634851455688477,3.510488748550415,1.7172683477401733,0.7884155511856079,0.053748708218336105,-0.21101699769496918,1.4172683477401733,0.37451439647288925,32233,0.07164634493111421,0.6059159968572203
15.120618965000176,landing,0,2.0788891315460205,3.5117194652557373,1.7130746841430664,0.7885381579399109,0.05538595840334892,-0.21378982067108154,1.4130746841430664,0.37455629925920125,32237,0.07275195934567869,0.42854099956457503
15.140551807999145,landing,0,2.0937957763671875,3.5130527019500732,1.708923101425171,0.7857303619384766,0.05691750347614288,-0.21618294715881348,1.4089231014251709,0.3744210637836479,32225,0.06918374099334734,0.43103599819005467
15.159501710000768,landing,0,2.1020240783691406,3.5138051509857178,1.7065869569778442,0.7841541171073914,0.05757793039083481,-0.2175583392381668,1.4065869569778442,0.37422976905387967,32209,0.0641363866459006,0.4419859978952445
15.179419482999947,landing,0,2.1169979572296143,3.5151076316833496,1.7023136615753174,0.7810066938400269,0.057959724217653275,-0.2201029360294342,1.4023136615753173,0.37412646248636416,32200,0.061410619692985335,0.4122770005778875
15.199963098999433,landing,0,2.131936550140381,3.516407012939453,1.69796621799469,0.7774966359138489,0.057773567736148834,-0.22288213670253754,1.39796621799469,0.3741181805629739,32199,0.061192099286909496,0.6248909994610585
15.219883590998506,landing,0,2.146829605102539,3.5176920890808105,1.6935442686080933,0.7737530469894409,0.05699484795331955,-0.22582024335861206,1.3935442686080932,0.3741672878679266,32203,0.062487806541597024,0.5282089987304062
15.239498997998453,landing,0,2.161668539047241,3.5189507007598877,1.6890473365783691,0.769866406917572,0.05563480406999588,-0.22887592017650604,1.389047336578369,0.37425347409375653,32211,0.06476184943948482,0.4324950023146812
15.259623166999518,landing,0,2.1764488220214844,3.520171642303467,1.6844756603240967,0.7659222483634949,0.05371415615081787,-0.2320336252450943,1.3844756603240966,0.3743690926651272,32221,0.06781247137538671,0.47846300003584474
15.27950944300028,landing,0,2.191166639328003,3.52134370803833,1.679830551147461,0.7620024085044861,0.051261551678180695,-0.2352040410041809,1.379830551147461,0.3744696180488197,32229,0.0704648561693837,0.44842399802291766
15.299992874999589,landing,0,2.2058217525482178,3.5224573612213135,1.6751139163970947,0.7581817507743835,0.048312798142433167,-0.23839858174324036,1.3751139163970947,0.3745606008622284,32237,0.07286545810628908,0.5898480012547225
15.320013975997426,landing,0,2.220414400100708,3.523503303527832,1.6703280210494995,0.754531979560852,0.044908370822668076,-0.24154868721961975,1.3703280210494995,0.3746075658226698,32241,0.07410463912057352,0.4895839992968831
15.33947926700057,landing,0,2.234947681427002,3.5244734287261963,1.6654746532440186,0.751116931438446,0.04109889641404152,-0.24471664428710938,1.3654746532440185,0.37464119360500275,32244,0.07499191569928065,0.4465140009415336
15.359516230000736,landing,0,2.249424934387207,3.5253612995147705,1.660555362701416,0.7479840517044067,0.036935389041900635,-0.24782544374465942,1.360555362701416,0.3746225001602958,32243,0.07449868496822631,0.47054500100784935
15.379443111,landing,0,2.2638914585113525,3.5261309146881104,1.6556066274642944,0.7453149557113647,0.03229503706097603,-0.250749796628952,1.3556066274642944,0.3744829846061374,32231,0.07081753578198757,0.4260709974914789
15.400393037998583,landing,0,2.278233289718628,3.526867151260376,1.6505248546600342,0.7427238821983337,0.027794264256954193,-0.25405287742614746,1.3505248546600341,0.3745188499133436,32234,0.07176384995629448,0.7683019975956995
15.419594626000617,landing,0,2.2926135063171387,3.527449369430542,1.6454508304595947,0.7407743334770203,0.022762756794691086,-0.25698521733283997,1.3454508304595947,0.37433417972282845,32218,0.06689128556275392,0.4869879994657822
15.440633147998597,landing,0,2.3068883419036865,3.5279910564422607,1.6402424573898315,0.7389712333679199,0.017996888607740402,-0.2602980136871338,1.3402424573898315,0.37432311176216965,32217,0.06659925493851127,0.5790549985249527
15.460456968998187,landing,0,2.3217849731445312,3.528416872024536,1.6347990036010742,0.7371283173561096,0.012730559334158897,-0.26337993144989014,1.3347990036010742,0.374105755693367,32198,0.06086426631575037,0.45826299901818857
15.48081934199945,landing,0,2.3366966247558594,3.52870774269104,1.629323124885559,0.7358807325363159,0.007318122312426567,-0.2663262188434601,1.329323124885559,0.3737846414090665,32170,0.05239159390676562,0.46960899999248795
15.500971733999904,landing,0,2.3513505458831787,3.528921365737915,1.623831868171692,0.7340707182884216,0.0021463874727487564,-0.26899147033691406,1.3238318681716919,0.3733200903839976,32130,0.04013431092341868,0.6376309975166805
15.520980281999073,landing,0,2.3651862144470215,3.5290687084198,1.6185227632522583,0.7322837114334106,-0.0023342063650488853,-0.2719346880912781,1.3185227632522583,0.3730494266395886,32107,0.03299278732423616,0.5698620007024147
15.540635258999828,landing,0,2.379241466522217,3.5290706157684326,1.6131556034088135,0.731879711151123,-0.006988104432821274,-0.2750089466571808,1.3131556034088134,0.37278367675045904,32084,0.02598091689865356,0.5069290018582251
15.56058300299992,landing,0,2.393195867538452,3.5290579795837402,1.6076561212539673,0.7314639091491699,-0.01097118016332388,-0.2786211669445038,1.3076561212539672,0.3729383980989862,32098,0.03006327437958234,0.4768010003317613
15.580590450997988,landing,0,2.4073238372802734,3.5289056301116943,1.6021195650100708,0.7320709228515625,-0.01506667397916317,-0.28217893838882446,1.3021195650100708,0.3731362495950285,32115,0.03528363047568561,0.4865279988734983
15.600958757000626,landing,0,2.42144513130188,3.5287203788757324,1.5964640378952026,0.7329250574111938,-0.018612917512655258,-0.28603264689445496,1.2964640378952026,0.37344678789526403,32141,0.043477253173191954,0.6628370028920472
15.620664014000795,landing,0,2.4362576007843018,3.528456449508667,1.5904765129089355,0.733900249004364,-0.02198369987308979,-0.28988730907440186,1.2904765129089355,0.37363881840175717,32158,0.04854402115454093,0.6902069981151726
15.639493642000161,landing,0,2.45037579536438,3.52816104888916,1.5846976041793823,0.7350151538848877,-0.02474873699247837,-0.2934744358062744,1.2846976041793823,0.3737383956247227,32166,0.05117138851510994,0.45543399755842984
15.659465749999072,landing,0,2.4645674228668213,3.527822256088257,1.578829288482666,0.7365092039108276,-0.027119748294353485,-0.29702332615852356,1.278829288482666,0.3737684004817415,32169,0.05196307339687145,0.45299900011741556
15.679614972999843,landing,0,2.4788310527801514,3.5274479389190674,1.5728764533996582,0.7382947206497192,-0.029087278991937637,-0.30056047439575195,1.2728764533996582,0.37374045903191383,32167,0.05122583197661612,0.4601119981089141
15.69981012900098,landing,0,2.4931650161743164,3.527045965194702,1.5668426752090454,0.7402936220169067,-0.030651768669486046,-0.3040730953216553,1.2668426752090454,0.3736464585263479,32159,0.048745607555352066,0.6446320003306028
15.719952281997394,landing,0,2.5075669288635254,3.5266239643096924,1.5607304573059082,0.7424318194389343,-0.03182051703333855,-0.3076176643371582,1.2607304573059082,0.3735128844299313,32147,0.045221225064148385,0.5917529997532256
15.739529424998182,landing,0,2.5220324993133545,3.5261898040771484,1.5545415878295898,0.7446368932723999,-0.03260684013366699,-0.31118905544281006,1.2545415878295898,0.3733355676043246,32132,0.04054268085289081,0.43989400001009926
15.759438114000659,landing,0,2.536557197570801,3.525750160217285,1.5482760667800903,0.7468333840370178,-0.033029645681381226,-0.31485405564308167,1.2482760667800903,0.37314622638351247,32115,0.03554687027737202,0.42136499905609526
15.779529111998272,landing,0,2.551135540008545,3.5253119468688965,1.5419337749481201,0.7489548921585083,-0.03311648592352867,-0.31860262155532837,1.24193377494812,0.3729381837068226,32098,0.030057617594261288,0.4476510002859868
15.799725918997865,landing,0,2.5657618045806885,3.524880886077881,1.5355141162872314,0.7509418725967407,-0.032898593693971634,-0.32244566082954407,1.2355141162872314,0.372715165032036,32078,0.02417321984263765,0.5384840005717706
16.412152611999772,landing,1,2.5804288387298584,3.5244626998901367,1.529016137123108,0.7527394890785217,-0.03241012617945671,-0.32638096809387207,1.2290161371231079,0.32934170849680267,28345,-1.1202451583957096,592.6693020010134
16.412307555998268,landing,1,2.5951290130615234,3.5240612030029297,1.5224381685256958,0.7542993426322937,-0.031688373535871506,-0.3304128050804138,1.2224381685256958,0.32934170849680267,28345,-1.1202451583957096,0.0439629984612111
16.42670988199825,landing,1,2.6098546981811523,3.523679494857788,1.5157798528671265,0.7555863857269287,-0.03077230043709278,-0.3344744145870209,1.2157798528671264,0.33034011668737095,28431,-1.0939019343701606,14.305688000604277
16.42686965499888,landing,1,2.624598741531372,3.5233213901519775,1.5090413093566895,0.7565928101539612,-0.029700176790356636,-0.33855873346328735,1.2090413093566894,0.33034011668737095,28431,-1.0939019343701606,0.04876300226897001
16.440061323999544,landing,1,2.6393532752990723,3.5229885578155518,1.5022218227386475,0.7573328614234924,-0.02850463055074215,-0.3426973521709442,1.2022218227386474,0.33145078147808305,28527,-1.0645967947735357,12.9908719973173
16.440221103999647,landing,1,2.654301881790161,3.5226149559020996,1.4952731132507324,0.7586852312088013,-0.027582284063100815,-0.3470398187637329,1.1952731132507324,0.33145078147808305,28527,-1.0645967947735357,0.05175800106371753
16.45535199599908,landing,1,2.668541669845581,3.522416591644287,1.4885207414627075,0.7566318511962891,-0.025799956172704697,-0.35000574588775635,1.1885207414627075,0.3325126666612818,28618,-1.0365787160611664,15.005158998974366
16.455572827999276,landing,1,2.6831445693969727,3.522111415863037,1.481601595878601,0.7560689449310303,-0.024700285866856575,-0.3533819317817688,1.181601595878601,0.3325126666612818,28618,-1.0365787160611664,0.07263999941642396
16.47067127400078,landing,1,2.697258472442627,3.5219101905822754,1.4748092889785767,0.7532681822776794,-0.023164834827184677,-0.35581597685813904,1.1748092889785766,0.33348172984076313,28702,-1.0110097667344835,14.94766300311312
16.47091864899994,landing,1,2.7117762565612793,3.5217201709747314,1.4676923751831055,0.7523965835571289,-0.02167031541466713,-0.35966867208480835,1.1676923751831054,0.33348172984076313,28702,-1.0110097667344835,0.08182699821190909
16.496480165998946,landing,1,2.7259552478790283,3.521569013595581,1.460682988166809,0.7498867511749268,-0.020133987069129944,-0.36255404353141785,1.160682988166809,0.3345252128999936,28791,-0.9834772321901433,25.389410002389923
16.496703065000474,landing,1,2.740173816680908,3.521442174911499,1.4535554647445679,0.7475712895393372,-0.018564121797680855,-0.36588117480278015,1.1535554647445678,0.3345252128999936,28791,-0.9834772321901433,0.07098899732227437
16.512651966000703,landing,1,2.7544236183166504,3.5213394165039062,1.4463123083114624,0.7455059885978699,-0.017046863213181496,-0.3694382905960083,1.1463123083114624,0.33558925536770307,28883,-0.9554022330421361,15.831902001082199
16.51279802999852,landing,1,2.7686984539031982,3.5212604999542236,1.438957929611206,0.7436501979827881,-0.015590940602123737,-0.37318381667137146,1.138957929611206,0.33558925536770307,28883,-0.9554022330421361,0.04849100150750019
16.532136328998604,landing,1,2.7829930782318115,3.5212044715881348,1.4314954280853271,0.7419651746749878,-0.014201701618731022,-0.37708160281181335,1.131495428085327,0.3367199255453213,28980,-0.9255692468252956,19.18979200127069
16.53233235299922,landing,1,2.797940254211426,3.5211594104766846,1.423609972000122,0.7399696111679077,-0.012867213226854801,-0.3809979557991028,1.123609972000122,0.3367199255453213,28980,-0.9255692468252956,0.0555240003450308
16.547064798000065,landing,1,2.812133550643921,3.521148681640625,1.4160116910934448,0.7379951477050781,-0.011608450673520565,-0.3847911059856415,1.1160116910934448,0.3378844153169387,29081,-0.8948439230359195,14.596865999919828
16.547261594998417,landing,1,2.8263437747955322,3.5211565494537354,1.4083057641983032,0.7362064719200134,-0.010430751368403435,-0.3887317180633545,1.1083057641983032,0.3378844153169387,29081,-0.8948439230359195,0.05690699981641956
16.560994701998425,landing,1,2.8405654430389404,3.521181344985962,1.4004957675933838,0.7345673441886902,-0.009334568865597248,-0.3927893340587616,1.1004957675933837,0.33906875655018887,29182,-0.8635948139791871,13.627853997604689
16.561254887998075,landing,1,2.8547935485839844,3.52122163772583,1.3925848007202148,0.7330464124679565,-0.00832127220928669,-0.39693742990493774,1.0925848007202148,0.33906875655018887,29182,-0.8635948139791871,0.04594799975166097
16.578692358998524,landing,1,2.869023084640503,3.5212764739990234,1.3845760822296143,0.7316169738769531,-0.007389745209366083,-0.4011537432670593,1.0845760822296142,0.3402934795012162,29288,-0.8312802242423185,17.33828600117704
16.578832708997652,landing,1,2.883249044418335,3.521343946456909,1.3764721155166626,0.7302552461624146,-0.006541190203279257,-0.4054187536239624,1.0764721155166626,0.3402934795012162,29288,-0.8312802242423185,0.042813000618480146
16.596238485999493,landing,1,2.897467851638794,3.52142333984375,1.3682752847671509,0.7289401888847351,-0.005773637909442186,-0.40971606969833374,1.0682752847671508,0.34154751729041966,29396,-0.7981921559256033,17.312759002379607
16.596382319999975,landing,1,2.911675214767456,3.521512508392334,1.3599878549575806,0.7276533842086792,-0.00508619612082839,-0.4140318036079407,1.0599878549575805,0.34154751729041966,29396,-0.7981921559256033,0.046160999772837386
16.61008734599818,landing,1,2.9258670806884766,3.5216104984283447,1.3516119718551636,0.726379930973053,-0.004475942347198725,-0.41835495829582214,1.0516119718551635,0.34282242319054396,29506,-0.7645534778220604,13.607385000796057
16.610264022998308,landing,1,2.940040349960327,3.521716356277466,1.3431494235992432,0.7251076102256775,-0.0039428118616342545,-0.42267635464668274,1.0431494235992431,0.34282242319054396,29506,-0.7645534778220604,0.060309001128189266
16.62279331099853,landing,1,2.9541919231414795,3.5218279361724854,1.334601879119873,0.7238261699676514,-0.0034840935841202736,-0.4269722104072571,1.034601879119873,0.3441113362836117,29616,-0.7305452167912492,12.323648999881698
16.62295634399925,landing,1,2.968317985534668,3.521944999694824,1.3259727954864502,0.722506046295166,-0.003121463116258383,-0.4310975968837738,1.0259727954864502,0.3441113362836117,29616,-0.7305452167912492,0.050360999011900276
16.634951632000593,landing,1,2.982414722442627,3.522063970565796,1.3172650337219238,0.7210614085197449,-0.0029455083422362804,-0.4351852536201477,1.0172650337219238,0.3453896143375457,29726,-0.6968175636531484,11.883478000527248
16.63513672100089,landing,1,2.9964792728424072,3.522181749343872,1.3084795475006104,0.7194498777389526,-0.003013689536601305,-0.4392598867416382,1.0084795475006103,0.3453896143375457,29726,-0.6968175636531484,0.05398100256570615
16.647466570000688,landing,1,3.0105061531066895,3.5222930908203125,1.2996162176132202,0.717687726020813,-0.0033156252466142178,-0.44339272379875183,0.9996162176132202,0.3466810355458478,29838,-0.6627431254393734,12.240690000908216
16.64761490899764,landing,1,3.0244908332824707,3.5223934650421143,1.290662169456482,0.7158063650131226,-0.003811570815742016,-0.44903719425201416,0.9906621694564819,0.3466810355458478,29838,-0.6627431254393734,0.0516500003868714
16.6608386959997,landing,1,3.0384361743927,3.522479295730591,1.2814862728118896,0.7139103412628174,-0.004446521867066622,-0.4637022912502289,0.9814862728118896,0.34874310534650926,30015,-0.6083349512794403,13.029727997491136
16.660988469000586,landing,1,3.0523600578308105,3.5225467681884766,1.2719429731369019,0.7129830718040466,-0.00536776427179575,-0.4823412001132965,0.9719429731369018,0.34874310534650926,30015,-0.6083349512794403,0.04986799831385724
16.673703925000154,landing,1,3.0661330223083496,3.522552728652954,1.2622100114822388,0.7146442532539368,-0.0068459175527095795,-0.501228928565979,0.9622100114822387,0.3519296732141675,30289,-0.5242566434256606,12.622148002265021
16.673839061000763,landing,1,3.0800178050994873,3.5226120948791504,1.2518153190612793,0.7210285663604736,-0.007804094813764095,-0.522730827331543,0.9518153190612793,0.3519296732141675,30289,-0.5242566434256606,0.038526002754224464
16.686243432999618,landing,1,3.093714952468872,3.5225718021392822,1.2415026426315308,0.7291690707206726,-0.009050494059920311,-0.5431992411613464,0.9415026426315307,0.35546596652636797,30594,-0.4309507512831683,12.291851999179926
16.68644316299833,landing,1,3.1082334518432617,3.5225419998168945,1.2300697565078735,0.7431280016899109,-0.009882422164082527,-0.5678150057792664,0.9300697565078735,0.35546596652636797,30594,-0.4309507512831683,0.06097400182625279
16.69915490999847,landing,1,3.1223506927490234,3.5225048065185547,1.2188003063201904,0.7557345032691956,-0.010632747784256935,-0.5887664556503296,0.9188003063201904,0.3593156789058247,30925,-0.32937522675924313,12.574899999890476
16.699343773998407,landing,1,3.136842966079712,3.522449254989624,1.2070176601409912,0.769437849521637,-0.011280454695224762,-0.6096329689025879,0.9070176601409912,0.3593156789058247,30925,-0.32937522675924313,0.05872500332770869
16.71280980499796,landing,1,3.1517021656036377,3.522378444671631,1.194746494293213,0.7829086780548096,-0.011873804032802582,-0.6300908327102661,0.8947464942932128,0.3629651380423103,31239,-0.23308342896279122,13.363812999159563
16.71295420000024,landing,1,3.166898250579834,3.522294044494629,1.1820125579833984,0.7951580882072449,-0.012526731938123703,-0.6500550508499146,0.8820125579833984,0.3629651380423103,31239,-0.23308342896279122,0.039898000977700576
16.72806627099999,landing,1,3.182379722595215,3.522193670272827,1.1688436269760132,0.8052409291267395,-0.013306781649589539,-0.6692362427711487,0.8688436269760131,0.3665578839272077,31548,-0.1382880230288226,15.035964002890978
16.728205421000894,landing,1,3.1980762481689453,3.522073984146118,1.1552692651748657,0.8120719194412231,-0.014279440976679325,-0.6874549984931946,0.8552692651748657,0.3665578839272077,31548,-0.1382880230288226,0.041822000639513135
16.743870211998,landing,1,3.213898181915283,3.521929979324341,1.1413264274597168,0.8146045804023743,-0.015546211041510105,-0.7041056752204895,0.8413264274597168,0.3699555922728903,31841,-0.0486387263089636,15.57932899959269
16.744011774000683,landing,1,3.230515956878662,3.5217394828796387,1.1263878345489502,0.8119009137153625,-0.017317943274974823,-0.7189115881919861,0.8263878345489502,0.3699555922728903,31841,-0.0486387263089636,0.041233000956708565
16.761733433999325,landing,1,3.246823787689209,3.5215113162994385,1.1113885641098022,0.8028846383094788,-0.019550736993551254,-0.7300722002983093,0.8113885641098022,0.3729050126031119,32095,0.029182390583425644,17.569098999956623
16.76196309199804,landing,1,3.262105941772461,3.5212531089782715,1.096906065940857,0.7895671725273132,-0.022012069821357727,-0.7386108040809631,0.7969060659408569,0.3729050126031119,32095,0.029182390583425644,0.049476999265607446
16.793469074000313,landing,1,3.2771174907684326,3.5209410190582275,1.0822328329086304,0.7728074193000793,-0.0248852726072073,-0.7451200485229492,0.7822328329086303,0.375140169284633,32287,0.08815750091379826,13.440339000226231
16.80027881299975,landing,1,3.291785717010498,3.5205655097961426,1.0674161911010742,0.7531998157501221,-0.028148774057626724,-0.7500200271606445,0.7674161911010742,0.375140169284633,32287,0.08815750091379826,0.07595700299134478
16.834821927997837,landing,1,3.306948184967041,3.520048141479492,1.0516796112060547,0.7310147285461426,-0.03223198652267456,-0.7548261880874634,0.7516796112060546,0.3770969782548844,32455,0.13978834445605237,15.170754999417113
16.8392469299979,landing,1,3.3203659057617188,3.5195722579956055,1.0369677543640137,0.7052207589149475,-0.035945355892181396,-0.7568790316581726,0.7369677543640136,0.3770969782548844,32455,0.13978834445605237,0.05921100091654807
16.875517095999385,landing,1,3.333573818206787,3.5189692974090576,1.0219749212265015,0.6791093349456787,-0.040286798030138016,-0.7598298192024231,0.7219749212265014,0.37872318023253726,32595,0.18269604835190556,16.25472500018077
16.880084301999887,landing,1,3.347137212753296,3.518216609954834,1.005829095840454,0.6514597535133362,-0.04537486657500267,-0.7641122341156006,0.7058290958404541,0.37872318023253726,32595,0.18269604835190556,0.04929900023853406
16.915031348999037,landing,1,3.359149217605591,3.5174307823181152,0.9908581972122192,0.6221954226493835,-0.05037987232208252,-0.7654176354408264,0.6908581972122192,0.3804428405294001,32743,0.22806967096042285,14.802551002503606
16.920380899999145,landing,1,3.370863676071167,3.5164926052093506,0.9756179451942444,0.5933518409729004,-0.055972471833229065,-0.7676113247871399,0.6756179451942443,0.3804428405294001,32743,0.22806967096042285,0.09085499914363027
16.954976148997957,landing,1,3.3815557956695557,3.515547275543213,0.9606310129165649,0.561789333820343,-0.06120277941226959,-0.7680918574333191,0.6606310129165649,0.38194496174863646,32873,0.26770347621731894,14.827584000158822
16.960292563999246,landing,1,3.391923189163208,3.514441728591919,0.9453946948051453,0.5308921337127686,-0.06692570447921753,-0.7691949605941772,0.6453946948051452,0.38194496174863646,32873,0.26770347621731894,0.05823000174132176
17.008799088998785,landing,1,3.401719808578491,3.513223648071289,0.9300902485847473,0.4997207522392273,-0.07272841036319733,-0.7703786492347717,0.6300902485847473,0.3832447000873217,32985,0.3019973637815738,28.6446869977226
17.00910115199804,landing,1,3.410938262939453,3.5118935108184814,0.914729118347168,0.4683113992214203,-0.07853767275810242,-0.7712585926055908,0.6147291183471679,0.3832447000873217,32985,0.3019973637815738,0.09837199831963517
17.053180416998657,landing,1,3.4195735454559326,3.5104525089263916,0.8993175625801086,0.4368193745613098,-0.08422890305519104,-0.7723810076713562,0.5993175625801086,0.38521705085881225,33154,0.3540382812351499,32.514429000002565
17.053466297998966,landing,1,3.4276225566864014,3.5089032649993896,0.8838615417480469,0.40520673990249634,-0.08983507007360458,-0.7731394171714783,0.5838615417480468,0.38521705085881225,33154,0.3540382812351499,0.0900329978321679
17.091599112998665,landing,1,3.431391477584839,3.5081284046173096,0.8760098218917847,0.38930249214172363,-0.09234035760164261,-0.7739876508712769,0.5760098218917846,0.38693215178401735,33302,0.399291603799929,31.406328998855315
17.091957687000104,landing,1,3.4420621395111084,3.5054333209991455,0.8527596592903137,0.3423942029476166,-0.10084673017263412,-0.7747659087181091,0.5527596592903137,0.38693215178401735,33302,0.399291603799929,0.11342800280544907
17.126809651999793,landing,1,3.4483230113983154,3.5035855770111084,0.837239146232605,0.31064391136169434,-0.10573263466358185,-0.77460777759552,0.5372391462326049,0.39032036301477924,33594,0.48869031701264376,26.323589001549408
17.126985292998143,landing,1,3.453693389892578,3.50174617767334,0.8225942850112915,0.277408242225647,-0.10971799492835999,-0.7695977091789246,0.5225942850112915,0.39032036301477924,33594,0.48869031701264376,0.05292600326356478
17.16119001900006,landing,1,3.4585325717926025,3.499826192855835,0.8078383803367615,0.24467536807060242,-0.11327879130840302,-0.7651656270027161,0.5078383803367614,0.39153002815067106,33698,0.5206076029200801,20.951389997208025
17.161404375998245,landing,1,3.4628357887268066,3.497835397720337,0.7929980754852295,0.21233798563480377,-0.11635641753673553,-0.7608969211578369,0.49299807548522945,0.39153002815067106,33698,0.5206076029200801,0.0483149997307919
17.20199350400071,landing,1,3.4666554927825928,3.4956960678100586,0.777934730052948,0.18054841458797455,-0.11930308490991592,-0.7574589252471924,0.47793473005294795,0.3929326588295094,33818,0.5576163279553921,21.823618000780698
17.202233736999915,landing,1,3.4698426723480225,3.493605375289917,0.7630472183227539,0.1487419456243515,-0.12093686312437057,-0.7530468702316284,0.46304721832275386,0.3929326588295094,33818,0.5576163279553921,0.07826000000932254
17.24764285999845,landing,1,3.4724810123443604,3.4914896488189697,0.748146116733551,0.11727092415094376,-0.12167289853096008,-0.7489802837371826,0.448146116733551,0.39426311480123144,33933,0.5927207071565004,27.491600998473587
17.247861820000253,landing,1,3.473716974258423,3.4904704093933105,0.740041971206665,0.10031647980213165,-0.12089890986680984,-0.7460906505584717,0.440041971206665,0.39426311480123144,33933,0.5927207071565004,0.07068600098136812
17.28742582799896,landing,1,3.475511074066162,3.4883742332458496,0.7252824902534485,0.06945323944091797,-0.1202237457036972,-0.741054892539978,0.42528249025344844,0.39510767634227767,34006,0.6150046528305442,28.351494001981337
17.287597472000925,landing,1,3.476759672164917,3.4862983226776123,0.7105486392974854,0.03933008015155792,-0.11869298666715622,-0.7359519600868225,0.4105486392974853,0.39510767634227767,34006,0.6150046528305442,0.048917998356046155
17.322076279000612,landing,1,3.477479934692383,3.4841554164886475,0.6952187418937683,0.008641481399536133,-0.1162426695227623,-0.7292922139167786,0.39521874189376827,0.39611800006861225,34093,0.6416622709396353,21.66193399898475
17.322310864998144,landing,1,3.4776487350463867,3.48219633102417,0.680766761302948,-0.0186302587389946,-0.11292117834091187,-0.7223617434501648,0.38076676130294795,0.39611800006861225,34093,0.6416622709396353,0.06825200034654699
17.354754177998984,landing,1,3.4773457050323486,3.480306625366211,0.6663916110992432,-0.04388055205345154,-0.10895965993404388,-0.7154405117034912,0.3663916110992431,0.39685055028981303,34156,0.660990772818284,14.659968997875694
17.360127109997848,landing,1,3.4766130447387695,3.478501796722412,0.6521108746528625,-0.06640665233135223,-0.10415193438529968,-0.7080290913581848,0.3521108746528625,0.39685055028981303,34156,0.660990772818284,0.06409399793483317
17.395607803999155,landing,1,3.475506544113159,3.476799249649048,0.6379488110542297,-0.08564513176679611,-0.09849806874990463,-0.7002227306365967,0.3379488110542297,0.39741998016204655,34205,0.6760153077057129,15.521090001129778
17.40045086199825,landing,1,3.4740958213806152,3.4752156734466553,0.6239234209060669,-0.10103870928287506,-0.09199488162994385,-0.6920247077941895,0.32392342090606685,0.39741998016204655,34205,0.6760153077057129,0.1296480004384648
17.445407817998785,landing,1,3.4724581241607666,3.473768711090088,0.6100475192070007,-0.11219149827957153,-0.08467110991477966,-0.6835954189300537,0.3100475192070007,0.39783843728399804,34241,0.6870563927176256,25.246114997571567
17.4456337240008,landing,1,3.4705495834350586,3.472402572631836,0.5964640378952026,-0.1197439581155777,-0.07689539343118668,-0.6739968657493591,0.2964640378952026,0.39783843728399804,34241,0.6870563927176256,0.07876800009398721
17.491687822999666,landing,1,3.4688401222229004,3.4713447093963623,0.5827991962432861,-0.12155565619468689,-0.06769229471683502,-0.666045069694519,0.2827991962432861,0.39813125205442623,34266,0.6947823761062324,31.41414700075984
17.491995025000506,landing,1,3.4668807983398438,3.4703259468078613,0.5695587992668152,-0.120682492852211,-0.05846119672060013,-0.6566092371940613,0.26955879926681514,0.39813125205442623,34266,0.6947823761062324,0.10263999865856022
17.52730713100027,landing,1,3.4651589393615723,3.4695723056793213,0.5563739538192749,-0.11532924324274063,-0.04815986752510071,-0.6477176547050476,0.25637395381927486,0.3982922783163976,34280,0.6990310901424142,27.104777000204194
17.52760384999783,landing,1,3.463764190673828,3.46909499168396,0.5432502627372742,-0.10558763891458511,-0.03689783439040184,-0.6398745179176331,0.24325026273727413,0.3982922783163976,34280,0.6990310901424142,0.08493399946019053
17.56859445599912,landing,1,3.4622857570648193,3.4686944484710693,0.5305417776107788,-0.0941658616065979,-0.025717806071043015,-0.6307420134544373,0.23054177761077876,0.3985383746588736,34301,0.7055243973317555,28.4782959970471
17.56882666099773,landing,1,3.4612538814544678,3.4685909748077393,0.5178897380828857,-0.0790272057056427,-0.013722967356443405,-0.6225346922874451,0.2178897380828857,0.3985383746588736,34301,0.7055243973317555,0.07275900134118274
17.60686088500006,landing,1,3.460559606552124,3.468719720840454,0.505412757396698,-0.06137866899371147,-0.0013471655547618866,-0.6142958402633667,0.20541275739669795,0.398780742253547,34322,0.7119193206740615,26.81292799752555
17.60702176799896,landing,1,3.4602408409118652,3.4690868854522705,0.4931092858314514,-0.04168412461876869,0.011248122900724411,-0.6061561703681946,0.19310928583145137,0.398780742253547,34322,0.7119193206740615,0.05554100061999634
17.63399607899919,landing,1,3.4603447914123535,3.469691038131714,0.48129555583000183,-0.020172253251075745,0.024027805775403976,-0.5961132645606995,0.1812955558300018,0.3987983913741462,34323,0.712384996679317,13.443111998640234
17.64016999999876,landing,1,3.460869312286377,3.4705183506011963,0.46993717551231384,0.0023003816604614258,0.03664465993642807,-0.5845651030540466,0.1699371755123138,0.3987983913741462,34323,0.712384996679317,0.09533800039207563
17.6841885549984,landing,1,3.4618031978607178,3.4715678691864014,0.4586758613586426,0.02494744211435318,0.048890549689531326,-0.5735815167427063,0.15867586135864253,0.3983720311700723,34287,0.7011353870731458,24.10760000202572
17.684642087999237,landing,1,3.4631388187408447,3.4728305339813232,0.4475232660770416,0.04702096804976463,0.060471612960100174,-0.5629932284355164,0.14752326607704158,0.3983720311700723,34287,0.7011353870731458,0.11688100130413659
17.713611802999367,landing,1,3.464919328689575,3.4743568897247314,0.4360017776489258,0.0686202421784401,0.07152736186981201,-0.5516114234924316,0.13600177764892574,0.3979740160702477,34252,0.6906336693996735,14.481143000011798
17.71957807400031,landing,1,3.467038869857788,3.4760475158691406,0.4246700406074524,0.08762526512145996,0.08113811910152435,-0.5434970259666443,0.12467004060745235,0.3979740160702477,34252,0.6906336693996735,0.1057840017892886
17.764478335000604,landing,1,3.4694390296936035,3.4778621196746826,0.4138176143169403,0.10459213703870773,0.08949863165616989,-0.5337724685668945,0.11381761431694026,0.3978432551144161,34241,0.6871835122537213,25.25262400013162
17.764823633999185,landing,1,3.4721295833587646,3.4798359870910645,0.40287142992019653,0.11896730214357376,0.09652447700500488,-0.5256869196891785,0.10287142992019649,0.3978432551144161,34241,0.6871835122537213,0.06973299969104119
17.804894033997698,landing,1,3.4749345779418945,3.4818313121795654,0.3926716446876526,0.12992477416992188,0.10150886327028275,-0.5143445134162903,0.1,0.3975612542414608,34217,0.6797428559752188,25.750179000169737
17.805052612999134,landing,1,3.4778666496276855,3.483887195587158,0.3826141655445099,0.13761836290359497,0.10471440106630325,-0.5033390522003174,0.1,0.3975612542414608,34217,0.6797428559752188,0.05193000106373802
17.83052609399965,landing,1,3.480860948562622,3.4859695434570312,0.37270528078079224,0.14210107922554016,0.10618703067302704,-0.4928934574127197,0.1,0.3970670581842274,34174,0.6667033821695867,11.362475001078565
17.83943186900069,landing,1,3.483854055404663,3.4880435466766357,0.36294618248939514,0.14323921501636505,0.10583356767892838,-0.48289772868156433,0.1,0.3970670581842274,34174,0.6667033821695867,0.11053799971705303
17.882327548999456,landing,1,3.4867806434631348,3.4900729656219482,0.3533375561237335,0.14106164872646332,0.10361746698617935,-0.4735715687274933,0.1,0.3966638915841982,34140,0.6560657410078665,23.192115000711055
17.88276493199737,landing,1,3.489577054977417,3.492020845413208,0.34387415647506714,0.13554126024246216,0.09946146607398987,-0.4649483263492584,0.1,0.3966638915841982,34140,0.6560657410078665,0.12250199870322831
17.924588719000894,landing,1,3.4921793937683105,3.4938673973083496,0.3346461355686188,0.12677480280399323,0.09342217445373535,-0.45617789030075073,0.1,0.39637525071236945,34115,0.6484498868699049,25.21694999813917
17.92478963100075,landing,1,3.494546890258789,3.495544910430908,0.3254711627960205,0.11519233882427216,0.08543852716684341,-0.44834598898887634,0.1,0.39637525071236945,34115,0.6484498868699049,0.070807000156492
17.966764836997754,landing,1,3.4966788291931152,3.4970691204071045,0.3159889578819275,0.10032249987125397,0.07510189712047577,-0.4406207799911499,0.1,0.39638570090807174,34116,0.6487256176272211,26.620556996931555
17.967045454999607,landing,1,3.4983701705932617,3.4983108043670654,0.30717533826828003,0.08412261307239532,0.06375382840633392,-0.43322503566741943,0.1,0.39638570090807174,34116,0.6487256176272211,0.07024200021987781
18.00544209600048,landing,1,3.4996957778930664,3.4993064403533936,0.29848605394363403,0.06634654849767685,0.051065877079963684,-0.42618897557258606,0.1,0.3967846202730336,34150,0.6592511945391433,25.277371001720894
18.00559697800054,landing,1,3.5006351470947266,3.5000345706939697,0.2899228036403656,0.047428809106349945,0.03724978119134903,-0.4192763566970825,0.1,0.3967846202730336,34150,0.6592511945391433,0.047792000259505585
18.041143641999952,landing,1,3.5012264251708984,3.500513792037964,0.2815778851509094,0.028091397136449814,0.022743716835975647,-0.4118884205818176,0.1,0.3972520018101181,34190,0.6715831612168355,20.25264999974752
18.041364192999026,landing,1,3.501370906829834,3.5006606578826904,0.2732822597026825,0.008439108729362488,0.007532157003879547,-0.4047400951385498,0.1,0.3972520018101181,34190,0.6715831612168355,0.06648999988101423
18.07816681499753,landing,1,3.5011239051818848,3.5005054473876953,0.26513153314590454,-0.01077556237578392,-0.007884839549660683,-0.3974577784538269,0.1,0.3977297851701664,34231,0.6841895823262885,17.92914399993606
18.080063334000442,landing,1,3.5005061626434326,3.5000503063201904,0.25713467597961426,-0.02904302068054676,-0.02318074367940426,-0.3897460997104645,0.1,0.3977297851701664,34231,0.6841895823262885,0.04872399949817918
18.115753037000104,landing,1,3.4995474815368652,3.499305009841919,0.2493012547492981,-0.04584130272269249,-0.037968721240758896,-0.3817686140537262,0.1,0.3980924990982962,34263,0.6937598706674439,15.520855999056948
18.12011604899817,landing,1,3.4982895851135254,3.498286724090576,0.2416413277387619,-0.06072167679667473,-0.05187027528882027,-0.3732539713382721,0.1,0.3980924990982962,34263,0.6937598706674439,0.05938100002822466
18.15436403199783,landing,1,3.496779680252075,3.4970216751098633,0.23416483402252197,-0.073215551674366,-0.06444688886404037,-0.3643670678138733,0.1,0.3983088719644407,34281,0.6994689172675628,14.323864001198672
18.160081850001006,landing,1,3.495074987411499,3.495542287826538,0.22688141465187073,-0.08301917463541031,-0.07537112385034561,-0.3550603687763214,0.1,0.3983088719644407,34281,0.6994689172675628,0.053462998039321974
18.21022793099837,landing,1,3.4932363033294678,3.4938888549804688,0.21979577839374542,-0.08984415978193283,-0.08428424596786499,-0.3455599844455719,0.1,0.3984408191899368,34293,0.7029503744046632,30.169156998454127
18.210447170000407,landing,1,3.4913618564605713,3.4921395778656006,0.2130967080593109,-0.09345554560422897,-0.09083107113838196,-0.3348434865474701,0.1,0.3984408191899368,34293,0.7029503744046632,0.07277799886651337
18.24785654600055,landing,1,3.4894793033599854,3.4903063774108887,0.20656557381153107,-0.0938916876912117,-0.09492255002260208,-0.3244801461696625,0.1,0.39869593690448596,34314,0.7096817125194175,27.68301800097106
18.248102040997765,landing,1,3.4876575469970703,3.4884467124938965,0.20021872222423553,-0.09127576649188995,-0.09650097042322159,-0.31423091888427734,0.1,0.39869593690448596,34314,0.7096817125194175,0.0899499973456841
18.3028541149979,landing,1,3.4859836101531982,3.486642599105835,0.1942063421010971,-0.08584165573120117,-0.09556957334280014,-0.3033488392829895,0.1,0.398503918530718,34298,0.7046152646627419,42.46547000002465
