t,state,mode,x,y,z,vx,vy,vz,carrot_x,carrot_y,carrot_z,force,cmd,az,roll,pitch,solve_ms,ref_vx,ref_vy,ref_vz
8.252562826997746,rising,0,0.0021617284510284662,-0.003339973744004965,0.032599274069070816,-0.006004158407449722,-0.005482132080942392,0.0004883813089691103,0.0021617284510284662,-0.003339973744004965,0.03267648642533939,0.37536331562932124,52422,0.09404526726441098,-0.0029209929163379307,0.0031991238349342588,1.2636969986488111,0.0,0.0,0.0076098138742963775
8.273366113997326,rising,0,0.0021581605542451143,-0.003339094575494528,0.032591890543699265,-0.006283105816692114,-0.005865023471415043,0.0007084574899636209,0.0021617284510284662,-0.003339973744004965,0.03291476437547512,0.37914026025893677,52950,0.19370079838883214,-0.0030938761495661704,0.0033144025991922454,0.9178680011245888,0.0,0.0,0.015382383749056315
8.292567564996716,rising,0,0.0021648812107741833,-0.003339944640174508,0.032590288668870926,-0.006588058080524206,-0.0063452147878706455,0.000794658379163593,0.0021617284510284662,-0.003339973744004965,0.033282978219678426,0.3827294378404169,53451,0.28840205383685635,-0.0033157961681074682,0.003442678008444666,1.1727870005415753,0.0,0.0,0.022644604499873818
8.31178524599818,rising,0,0.0021775078494101763,-0.0033459076657891273,0.032584600150585175,-0.006607705261558294,-0.0070228856056928635,0.000936498399823904,0.0021617284510284662,-0.003339973744004965,0.033805248336334866,0.3879009485933865,54173,0.42485352489146244,-0.003627116322959805,0.0033906383003312612,0.660486999549903,0.0,0.0,0.0300745856238791
8.332060734999686,rising,0,0.0021630022674798965,-0.0033291452564299107,0.03261054679751396,-0.006733305752277374,-0.00779468659311533,0.0006725501734763384,0.0021617284510284662,-0.003339973744004965,0.03448220134267287,0.39260145854387296,54830,0.5488775341391268,-0.003959789478743726,0.00342880606350926,0.8849590012687258,0.0,0.0,0.03757918912378954
8.351985490997322,rising,0,0.002164952689781785,-0.003324065590277314,0.0326094888150692,-0.006637881975620985,-0.008349088951945305,0.0007879731711000204,0.0021617284510284662,-0.003339973744004965,0.035310963158139426,0.3973430903521092,55492,0.6739865528260989,-0.00418647938068786,0.003337894113781603,0.7746950032014865,0.0,0.0,0.0450973038750817
8.372008304999326,rising,0,0.0021772533655166626,-0.0033392845652997494,0.03261682018637657,-0.006744584534317255,-0.009084757417440414,0.002493135863915086,0.0021617284510284662,-0.003339973744004965,0.0362874589638419,0.40145469038341686,56066,0.7824720417788082,-0.004525273255018746,0.0033446101803811246,0.8221450007113162,0.0,0.0,0.05259409349991983
8.392301548999967,rising,0,0.0021713096648454666,-0.003384866751730442,0.0326276533305645,-0.006776392925530672,-0.009770438075065613,0.00409951526671648,0.0021617284510284662,-0.003339973744004965,0.0374213154141331,0.4058325127323593,56678,0.8979818662891628,-0.004859303903964709,0.00333006487887344,0.9387320023961365,0.0,0.0,0.06013760062387518
8.412106861997017,rising,0,0.0021366688888520002,-0.0034217273350805044,0.03266454115509987,-0.006595815997570753,-0.010290504433214664,0.005761757958680391,0.0021617284510284662,-0.003339973744004965,0.03869513892363417,0.4102931382532582,57301,1.0156764710622195,-0.0050959232533005355,0.003239609014741962,0.8115519995044451,0.0,0.0,0.06761581649971048
8.431938398996863,rising,0,0.0021078544668853283,-0.0034002624452114105,0.03268531337380409,-0.0064694844186306,-0.01088731735944748,0.009449674747884274,0.0021617284510284662,-0.003339973744004965,0.040124247172876104,0.4139719754072569,57814,1.1127434144394943,-0.005318235475881057,0.0031776273981789505,0.6465929982368834,0.0,0.0,0.07512476174906622
8.451958025998465,rising,0,0.0020637826528400183,-0.0033440133556723595,0.03274785354733467,-0.00599920516833663,-0.010861733928322792,0.016016433015465736,0.0021617284510284662,-0.003339973744004965,0.04169541395571657,0.41631853908771094,58142,1.1746580234224506,-0.005221920078616096,0.0029761374180936606,0.7509300012316089,0.0,0.0,0.0825960344991472
8.472469405998709,rising,0,0.002039604354649782,-0.003209728514775634,0.03325493633747101,-0.0060738162137568,-0.010208007879555225,0.032887235283851624,0.0021617284510284662,-0.003339973744004965,0.04344176292642468,0.4132320231974179,57711,1.09321960943055,-0.004814536048106475,0.003057882205723672,1.0326139999961015,0.0,0.0,0.09017686312472505
8.492271453997091,rising,0,0.0019307071343064308,-0.00297794071957469,0.03388182818889618,-0.006622834596782923,-0.007057131268084049,0.050215911120176315,0.0021617284510284662,-0.003339973744004965,0.04530856204113866,0.40985414376125995,57239,1.0040935029356177,-0.0030904228958178216,0.0034572744729066684,0.9469860015087761,0.0,0.0,0.09763178774892366
8.512678239996603,rising,0,0.0016381812747567892,-0.002395779360085726,0.03534949943423271,-0.007991330698132515,0.0008532493375241756,0.07369735836982727,0.0021617284510284662,-0.003339973744004965,0.04739495847994892,0.4027535894755914,56248,0.8167437856356567,0.001361461022081871,0.004488330152036646,0.8061680018727202,0.0,0.0,0.10534117574889022
8.532706906997191,rising,0,0.0013465129304677248,-0.0018219799967482686,0.03692710027098656,-0.011478337459266186,0.01372106559574604,0.10526739060878754,0.0021617284510284662,-0.003339973744004965,0.04951262244331499,0.39131823231236473,54651,0.5150193222259816,0.008564709068941554,0.006699849631065291,1.3709739978366997,0.0,0.0,0.11262775537443302
8.552405848997296,rising,0,0.0009220851352438331,-0.0011294848518446088,0.03882209584116936,-0.0178673192858696,0.032791320234537125,0.14577747881412506,0.0021617284510284662,-0.003339973744004965,0.05184086108372773,0.3754415251461428,52433,0.0961088429061423,0.019825682330914658,0.010838973825761933,1.0766509985842276,0.0,0.0,0.1201298891242004
8.572836839997763,rising,0,0.00041469320422038436,-0.0001924385578604415,0.04134887456893921,-0.027014248073101044,0.05462276190519333,0.18132047355175018,0.0021617284510284662,-0.003339973744004965,0.05433756198463076,0.3615844806891886,50498,-0.26951238287101553,0.03370611783037941,0.016875595220362305,1.2913159989693668,0.0,0.0,0.12768600524987048
8.592078424997453,rising,0,-0.0005583666497841477,0.0015546595677733421,0.04590056836605072,-0.03869596868753433,0.07711191475391388,0.21044385433197021,0.0021617284510284662,-0.003339973744004965,0.056961355484435386,0.34865567287384963,48692,-0.6106418766794306,0.049885958601943975,0.025320612208830306,0.6804500008001924,0.0,0.0,0.13517233837410456
8.612841419999313,rising,0,-0.001827246742323041,0.003716974286362529,0.05126616358757019,-0.03869596868753433,0.07711191475391388,0.21044385433197021,0.0021617284510284662,-0.003339973744004965,0.05976368628841204,0.3492978641161791,48782,-0.593697516723509,0.052276290656625854,0.026727604928345805,0.9776709994184785,0.0,0.0,0.14273510137491027
8.631876744999317,rising,0,-0.002843508031219244,0.0052988044917583466,0.055122945457696915,-0.05275607854127884,0.09821999073028564,0.23645803332328796,0.0021617284510284662,-0.003339973744004965,0.06264084716137845,0.3391768376147307,47369,-0.8607430708514343,0.06820417951498774,0.03701956219778313,0.6630600000789855,0.0,0.0,0.15010389674898758
8.65215374899708,rising,0,-0.0040452550165355206,0.007029304746538401,0.059279102832078934,-0.0742616057395935,0.1198127269744873,0.2651635408401489,0.0021617284510284662,-0.003339973744004965,0.06571668082539243,0.32787571578334795,45790,-1.158925704924858,0.08596039275914087,0.05289565569526333,0.9294559968111571,0.0,0.0,0.15760093612425405
8.67212793899671,rising,0,-0.006038636900484562,0.009809422306716442,0.06578464806079865,-0.08721314370632172,0.12688541412353516,0.27675721049308777,0.0021617284510284662,-0.003339973744004965,0.06893597686648201,0.3221781061184762,44995,-1.3092584137605243,0.09543499362874537,0.06436530015411135,0.9400989983987529,0.0,0.0,0.1650833943740508
8.692692543998419,rising,0,-0.00740535045042634,0.011700708419084549,0.07019976526498795,-0.09767574816942215,0.12906034290790558,0.28268441557884216,0.0021617284510284662,-0.003339973744004965,0.0723277059813065,0.3220032682089199,44970,-1.3138715512158345,0.09926891600344494,0.07261580127027534,1.3988649989187252,0.0,0.0,0.1726161172491629
8.712778810997406,rising,0,-0.009732876904308796,0.014603081159293652,0.07699959725141525,-0.09767574816942215,0.12906034290790558,0.28268441557884216,0.0021617284510284662,-0.003339973744004965,0.07589211876002801,0.3219342611181327,44960,-1.3156923187827783,0.10294687339092481,0.07553127633758194,1.2722389983537141,0.0,0.0,0.1801933226238361
8.732435428999452,rising,0,-0.011271169409155846,0.01639907993376255,0.0814969465136528,-0.10500486195087433,0.1282627433538437,0.2858184278011322,0.0021617284510284662,-0.003339973744004965,0.07952839899658515,0.32320851605167417,45138,-1.2820708165785195,0.10433379573522614,0.08169181174209439,1.135313999839127,0.0,0.0,0.1876082186249732
8.752106698997522,rising,0,-0.012988511472940445,0.01824590563774109,0.08582530170679092,-0.10947532206773758,0.12430238723754883,0.2762282192707062,0.0021617284510284662,-0.003339973744004965,0.08335698122996409,0.3311844238343348,46252,-1.0716247009410367,0.10167380812132973,0.08451020627429084,0.8598770000389777,0.0,0.0,0.19511094374911406
8.772648709997156,rising,0,-0.015329927206039429,0.020960642024874687,0.09211573004722595,-0.1070600226521492,0.12246383726596832,0.2645498514175415,0.0021617284510284662,-0.003339973744004965,0.087331404920587,0.3379238936478834,47194,-0.8938022784199653,0.1017800460548007,0.08416758061975349,1.3507669973478187,0.0,0.0,0.20260577025010204
8.792362713997136,rising,0,-0.016851695254445076,0.022706076502799988,0.09601645916700363,-0.10277385264635086,0.12110261619091034,0.24961313605308533,0.0021617284510284662,-0.003339973744004965,0.09146521196398841,0.3493600444086246,48791,-0.5920568757618856,0.09963815492339537,0.08069246447516165,1.062759998603724,0.0,0.0,0.210117713249474
8.812097426998662,rising,0,-0.01899007335305214,0.025259878486394882,0.1014774963259697,-0.09713058173656464,0.11955877393484116,0.23245367407798767,0.0021617284510284662,-0.003339973744004965,0.09572416973249442,0.36012763760792166,50294,-0.30795151430285905,0.09861977646905795,0.07751357966192396,0.8633369980088901,0.0,0.0,0.2175860099996498
8.832777533996705,rising,0,-0.02043723501265049,0.026801664382219315,0.10473592579364777,-0.09037016332149506,0.11731358617544174,0.21638856828212738,0.0021617284510284662,-0.003339973744004965,0.10019258814659279,0.37331097532121077,52136,0.03989380794751263,0.09554412684694671,0.07269411991641794,1.3534310019167606,0.0,0.0,0.2251554697495521
8.852967720999004,rising,0,-0.021668991073966026,0.028166959062218666,0.10776928812265396,-0.08228273689746857,0.11304090917110443,0.19762620329856873,0.0021617284510284662,-0.003339973744004965,0.10479846764266522,0.3882177349294539,54218,0.4332120034156688,0.09102856670900057,0.066994069492333,1.3542980013880879,0.0,0.0,0.23270022599945148
8.872430211999017,rising,0,-0.023193927481770515,0.030086565762758255,0.11191376298666,-0.07226690649986267,0.10554157942533493,0.1802709996700287,0.0021617284510284662,-0.003339973744004965,0.1095124243544284,0.40111069371435004,56018,0.7733956125158308,0.08622751753299478,0.06135733469258753,0.9835089986154344,0.0,0.0,0.2401767322494379
8.892858315997728,rising,0,-0.024039678275585175,0.03118111751973629,0.11438082158565521,-0.060593824833631516,0.09581500291824341,0.16567440330982208,0.0021617284510284662,-0.003339973744004965,0.11439994124254486,0.41487931181111753,57941,1.1366836889476915,0.07967479630514411,0.054499026827175445,1.2864079981227405,0.0,0.0,0.2476903316241987
8.91215904499768,rising,0,-0.025027688592672348,0.0325288325548172,0.11793174594640732,-0.04667746275663376,0.08310955762863159,0.15274406969547272,0.0021617284510284662,-0.003339973744004965,0.1193451273446951,0.42645358375472225,59557,1.4420734499926695,0.07276677577079646,0.04741156864003182,0.7135890009521972,0.0,0.0,0.25506742237439534
8.93223461299931,rising,0,-0.025449400767683983,0.033328503370285034,0.12026602774858475,-0.031342171132564545,0.06956110894680023,0.14134368300437927,0.0021617284510284662,-0.003339973744004965,0.12453450169821721,0.43915280622825026,60000,1.7771452830672878,0.0651757360165438,0.039433594479267864,1.0355199992773123,0.0,0.0,0.2625860253742757
8.952737206996972,rising,0,-0.025721943005919456,0.03390370309352875,0.12240561842918396,-0.015297727659344673,0.05578899011015892,0.13593822717666626,0.0021617284510284662,-0.003339973744004965,0.129886491475193,0.44935421896208033,60000,2.046311845965178,0.05804542432907614,0.031635143235341445,1.3527779992728028,0.0,0.0,0.2701211081248402
8.971833400999458,rising,0,-0.025770504027605057,0.03440389782190323,0.12577302753925323,-0.015297727659344673,0.05578899011015892,0.13593822717666626,0.0021617284510284662,-0.003339973744004965,0.13534847431961805,0.45571996313804597,60000,2.2142734337215284,0.05767297904310166,0.031235746298451605,0.6365119988913648,0.0,0.0,0.2776002524997238
8.992116602999886,rising,0,-0.025628073140978813,0.03455348685383797,0.1281546950340271,0.014897025190293789,0.030680524185299873,0.1483640819787979,0.0021617284510284662,-0.003339973744004965,0.141019755968191,0.4570002750547943,60000,2.248054750786128,0.046618310445655176,0.017805121721714334,0.7378209993476048,0.0,0.0,0.28515848474899025
9.012317634998908,rising,0,-0.025082943961024284,0.03455042466521263,0.13197775185108185,0.027999216690659523,0.019727839156985283,0.15941639244556427,0.0021617284510284662,-0.003339973744004965,0.14681085626681678,0.4575680164848754,60000,2.2630347357486897,0.041761138869818214,0.01157892121673143,0.8822839990898501,0.0,0.0,0.29267505299958424
9.032274215998768,rising,0,-0.024460747838020325,0.03425227478146553,0.13471299409866333,0.0397188737988472,0.009920572862029076,0.17335829138755798,0.0021617284510284662,-0.003339973744004965,0.15269734166911803,0.45811130079617896,60000,2.2773694141472003,0.037163958959658995,0.00590518390086503,0.966666000749683,0.0,0.0,0.3
9.05355261799923,rising,0,-0.023226426914334297,0.03355373814702034,0.1393158733844757,0.050440140068531036,-1.9741120922844857e-05,0.18981623649597168,0.0021617284510284662,-0.003339973744004965,0.1589246582688065,0.45184910725368466,60000,2.1121400330787488,0.032657272571488025,0.00014879775484266666,1.1689320017467253,0.0,0.0,0.3
9.072040834998916,rising,0,-0.022285349667072296,0.032977454364299774,0.14276494085788727,0.06066657602787018,-0.011225209571421146,0.20726600289344788,0.0021617284510284662,-0.003339973744004965,0.16472991626840666,0.44602584437042997,60000,1.958491935895248,0.02754022740311935,-0.005278830639784182,0.6716310017509386,0.0,0.0,0.3
9.09256971299692,rising,0,-0.021185681223869324,0.03213146701455116,0.14637993276119232,0.07056427001953125,-0.022584347054362297,0.22554636001586914,0.0021617284510284662,-0.003339973744004965,0.1707033299685281,0.43981493862479004,60000,1.7946157948493404,0.021993469630781606,-0.010854528711743194,1.1878879995492753,0.0,0.0,0.3
9.112732304998644,rising,0,-0.01928253285586834,0.030722063034772873,0.15244674682617188,0.0807630866765976,-0.035592321306467056,0.24799731373786926,0.0021617284510284662,-0.003339973744004965,0.17679378026885387,0.42862741433198726,59861,1.4994304573083692,0.015182455665828199,-0.017673407976603883,1.0777460011013318,0.0,0.0,0.3
9.132473877998564,rising,0,-0.01786784641444683,0.02948834002017975,0.1568935513496399,0.09059980511665344,-0.04807733744382858,0.2690941393375397,0.0021617284510284662,-0.003339973744004965,0.18270550886853015,0.4199560257385915,58650,1.2706339245010927,0.0083744911182206,-0.024071823526394365,1.1092940003436524,0.0,0.0,0.3
9.152729869998439,rising,0,-0.01638795994222164,0.028167976066470146,0.16165460646152496,0.09957753866910934,-0.06049249321222305,0.2910046875476837,0.0021617284510284662,-0.003339973744004965,0.188733233968087,0.4106652409154519,57353,1.0254944832573045,0.0012295055694177786,-0.03043247909773572,1.2464920000638813,0.0,0.0,0.3
9.173014196996519,rising,0,-0.01399522926658392,0.025943702086806297,0.16941200196743011,0.10684385150671005,-0.07303080707788467,0.31374257802963257,0.0021617284510284662,-0.003339973744004965,0.19468256396874492,0.3971613839811284,55467,0.669192189475682,-0.007288614417686565,-0.03754012716945687,1.5335179996327497,0.0,0.0,0.3
9.192088175997924,rising,0,-0.012436235323548317,0.024264561012387276,0.17493413388729095,0.11227057129144669,-0.08407816290855408,0.3375140130519867,0.0021617284510284662,-0.003339973744004965,0.20069257796829332,0.3860218698746528,53911,0.3752736114684101,-0.014971665241420845,-0.043054718819042215,0.8287509990623221,0.0,0.0,0.3
9.21327186799681,rising,0,-0.009945097379386425,0.021518761292099953,0.18385420739650726,0.11533023416996002,-0.094974085688591,0.3612774908542633,0.0021617284510284662,-0.003339973744004965,0.2069224241685151,0.3709579179221477,51807,-0.022192139257317223,-0.024431790649739646,-0.04914480380802044,0.848577001306694,0.0,0.0,0.3
9.232632554998418,rising,0,-0.008173545822501183,0.01949075050652027,0.1901053786277771,0.11613591760396957,-0.10410367697477341,0.3814343214035034,0.0021617284510284662,-0.003339973744004965,0.21270920486829709,0.3604590100889804,50341,-0.2992081770717583,-0.03247785471027399,-0.05299357979909769,1.2437770019460004,0.0,0.0,0.3
9.252404308997939,rising,0,-0.006485145539045334,0.017426952719688416,0.19664256274700165,0.11493691056966782,-0.11220916360616684,0.397979199886322,0.0021617284510284662,-0.003339973744004965,0.21870868796911963,0.35166793712643357,49113,-0.5311626088012265,-0.04026734357815151,-0.055560036295859705,1.0497350012883544,0.0,0.0,0.3
9.27258753299975,rising,0,-0.004096881952136755,0.014108426868915558,0.2066752314567566,0.11238741129636765,-0.12013266235589981,0.4107280671596527,0.0021617284510284662,-0.003339973744004965,0.22471820696817302,0.34046951787628543,47549,-0.8266354122352144,-0.05017703751663358,-0.05869986101860625,1.156749000074342,0.0,0.0,0.3
9.292268480996427,rising,0,-0.0025810054503381252,0.011889372952282429,0.21358370780944824,0.10919596254825592,-0.12646548449993134,0.4201619029045105,0.0021617284510284662,-0.003339973744004965,0.23069466116874535,0.3347372122807217,46748,-0.9778835809835975,-0.05749622614166992,-0.05961068444996109,0.9734129998832941,0.0,0.0,0.3
9.312354239998967,rising,0,-0.000263025751337409,0.008388210088014603,0.22398261725902557,0.10491669923067093,-0.132295623421669,0.4246455729007721,0.0021617284510284662,-0.003339973744004965,0.23667701846869021,0.32717964314780007,45693,-1.1772917375250653,-0.06670608305537512,-0.06120778115124126,1.0895689993049018,0.0,0.0,0.3
9.33238202299981,rising,0,0.0010846015065908432,0.005927213933318853,0.23091278970241547,0.10054489970207214,-0.1368139386177063,0.4257088899612427,0.0021617284510284662,-0.003339973744004965,0.24269289446900072,0.3256350028227315,45477,-1.2180474189252912,-0.0728428935020029,-0.06046685841294841,1.065466996806208,0.0,0.0,0.3
9.35226140499799,rising,0,0.002384212799370289,0.0035123182460665703,0.2378079891204834,0.09505914896726608,-0.14079108834266663,0.4232296645641327,0.0021617284510284662,-0.003339973744004965,0.24870961136846742,0.32588501751225973,45512,-1.2114507252701934,-0.07820871114501857,-0.058645767353378675,0.9272229981434066,0.0,0.0,0.3
9.371722298998066,rising,0,0.004181666765362024,-0.00015272284508682787,0.24800580739974976,0.08928456157445908,-0.14322088658809662,0.41748327016830444,0.0021617284510284662,-0.003339973744004965,0.2546565677691251,0.3235967828426721,45193,-1.2718263102197334,-0.084821051754116,-0.0577114903096585,0.6257140012166928,0.0,0.0,0.3
9.392358073997457,rising,0,0.005212815944105387,-0.0025666463188827038,0.25465646386146545,0.08252425491809845,-0.14410819113254547,0.40855181217193604,0.0021617284510284662,-0.003339973744004965,0.26068934336915844,0.3273223199180304,45713,-1.1735271789437896,-0.08734676735528671,-0.05417889197358061,1.0609370001475327,0.0,0.0,0.3
9.412866635997489,rising,0,0.006611986551433802,-0.006279352121055126,0.2641594409942627,0.07452918589115143,-0.1439136117696762,0.3951691687107086,0.0021617284510284662,-0.003339973744004965,0.2667071498691075,0.3297214857355038,46048,-1.1102246507782656,-0.09110247489007056,-0.05062779173397547,1.520309000625275,0.0,0.0,0.3
9.432479487997625,rising,0,0.00736966822296381,-0.008657553233206272,0.2702569365501404,0.07452918589115143,-0.1439136117696762,0.3951691687107086,0.0021617284510284662,-0.003339973744004965,0.27269886896909157,0.3296957176039658,46044,-1.1109045487080262,-0.09401552341169966,-0.05155220282640571,1.1470119970908854,0.0,0.0,0.3
9.452622499997233,rising,0,0.00806340016424656,-0.010950786992907524,0.2761380672454834,0.05752822756767273,-0.13955438137054443,0.36548659205436707,0.0021617284510284662,-0.003339973744004965,0.27871462676819647,0.34448971618856783,48111,-0.720561578138053,-0.09005267655442209,-0.04026262803982128,1.2075899976480287,0.0,0.0,0.3
9.472214698998869,rising,0,0.008830192498862743,-0.014366417191922665,0.28458094596862793,0.048883117735385895,-0.13548991084098816,0.3500460684299469,0.0021617284510284662,-0.003339973744004965,0.284685664468343,0.34909398730513025,48754,-0.5990768521073822,-0.09043873304505518,-0.03565414048200877,0.95836199761834,0.0,0.0,0.3
9.492704021999089,rising,0,0.009188225492835045,-0.016519732773303986,0.28995099663734436,0.03999790921807289,-0.1301257610321045,0.33363762497901917,0.0021617284510284662,-0.003339973744004965,0.29072036756886516,0.35801661546108293,50000,-0.3636513070954379,-0.08756964135373191,-0.030199224011830506,1.2875710017397068,0.0,0.0,0.3
9.513921454999945,rising,0,0.009583336301147938,-0.019539151340723038,0.29745519161224365,0.030570557340979576,-0.12381900101900101,0.3161362111568451,0.0021617284510284662,-0.003339973744004965,0.2970731507685559,0.36524534057386326,51009,-0.17291977377669632,-0.08567227848502108,-0.02487010779072918,0.9900660006678663,0.0,0.0,0.3
9.532239779997326,rising,0,0.009653505869209766,-0.02148323692381382,0.3022894859313965,0.021747354418039322,-0.11648160219192505,0.3010750114917755,0.0021617284510284662,-0.003339973744004965,0.30269250476856535,0.37362937797328344,52180,0.0482949333320164,-0.08188250354679419,-0.01966294858743245,0.9389110018673819,0.0,0.0,0.3
9.552981638997153,rising,0,0.009552791714668274,-0.0241627786308527,0.3090805113315582,0.012995432130992413,-0.10804026573896408,0.2866515517234802,0.0021617284510284662,-0.003339973744004965,0.3088223309689783,0.37991263367532474,53058,0.21408004420381843,-0.0788903894402409,-0.014623650947392486,1.2029690005874727,0.0,0.0,0.3
9.572248995998962,rising,0,0.009346770122647285,-0.025787491351366043,0.31354522705078125,0.0039430707693099976,-0.09889428317546844,0.2745451033115387,0.0021617284510284662,-0.003339973744004965,0.3146817869689402,0.3875740464744721,54128,0.41622813916812795,-0.07427124042413247,-0.009450285367063715,0.9940919990185648,0.0,0.0,0.3
9.59275341099783,rising,0,0.009064978919923306,-0.027210282161831856,0.3177717924118042,-0.00437125051394105,-0.088737353682518,0.26602625846862793,0.0021617284510284662,-0.003339973744004965,0.32071512986884043,0.3939604024421985,55020,0.5847335736727821,-0.06934147075794497,-0.004789966933484324,1.3176850006857421,0.0,0.0,0.3
9.612924563996785,rising,0,0.008457504212856293,-0.029157573357224464,0.3240445852279663,-0.01276346668601036,-0.07773814350366592,0.25978967547416687,0.0021617284510284662,-0.003339973744004965,0.32684015396887844,0.3967900649143729,55415,0.6593948526219755,-0.06525627553537316,8.665295720411414e-05,1.1208959986106493,0.0,0.0,0.3
9.632202776996564,rising,0,0.007937105372548103,-0.030255302786827087,0.32823479175567627,-0.020126938819885254,-0.06620117276906967,0.25656813383102417,0.0021617284510284662,-0.003339973744004965,0.33269336456913146,0.40036356273095347,55914,0.753682393956554,-0.05999795621406585,0.004284211656836678,0.9189599986711983,0.0,0.0,0.3
9.652666021996993,rising,0,0.007313166279345751,-0.03115961141884327,0.3323977589607239,-0.02722563035786152,-0.05414152145385742,0.25667551159858704,0.0021617284510284662,-0.003339973744004965,0.33872937326894315,0.4025469249430221,56219,0.811290895594249,-0.054572116371529644,0.008407941058457657,1.2246270016476046,0.0,0.0,0.3
9.672367698996823,rising,0,0.00632030563428998,-0.03229125216603279,0.33876246213912964,-0.03299412876367569,-0.04164814576506615,0.2604614794254303,0.0021617284510284662,-0.003339973744004965,0.34467330836894683,0.4000466669236368,55870,0.7453210270088846,-0.0497939070156129,0.012337360845271705,1.1357270013832022,0.0,0.0,0.3
9.692274725999596,rising,0,0.005587839055806398,-0.032873619347810745,0.3430665135383606,-0.040005624294281006,-0.022743262350559235,0.27036693692207336,0.0021617284510284662,-0.003339973744004965,0.35069672996913137,0.3971171597401838,55460,0.6680253229599931,-0.04121964141351578,0.016697814709737635,0.9635909991629887,0.0,0.0,0.3
9.713167126999906,rising,0,0.004353437572717667,-0.033368080854415894,0.3497156500816345,-0.042364347726106644,-0.016580523923039436,0.27457305788993835,0.0021617284510284662,-0.003339973744004965,0.35686455716902854,0.39439814049150124,55081,0.5962833902770761,-0.038879631160449374,0.0192613880132817,1.0542589989199769,0.0,0.0,0.3
9.732464446999074,rising,0,0.0034950166009366512,-0.03351688012480736,0.3543223738670349,-0.042364347726106644,-0.016580523923039436,0.27457305788993835,0.0021617284510284662,-0.003339973744004965,0.36269257256833953,0.39594073139639924,55296,0.6369849972664685,-0.03887915150453808,0.020053724791926575,1.1436079985287506,0.0,0.0,0.3
9.753430622997257,rising,0,0.0022089846897870302,-0.033485401421785355,0.3614974617958069,-0.04782427102327347,0.007322133984416723,0.29345452785491943,0.0021617284510284662,-0.003339973744004965,0.36892310006885964,0.38521199762437514,53798,0.3539049505112164,-0.027512994636499862,0.024783571295124762,1.3127099991834257,0.0,0.0,0.3
9.772705832998327,rising,0,0.0013171862810850143,-0.03326008468866348,0.3664311170578003,-0.04939720779657364,0.018251750618219376,0.3041531443595886,0.0021617284510284662,-0.003339973744004965,0.3747075059681083,0.3808982841878734,53195,0.24008665403359863,-0.021846646618206553,0.026827330350854606,1.1533440010680351,0.0,0.0,0.3
9.792294754999602,rising,0,0.0004849829711019993,-0.03303167223930359,0.3715329170227051,-0.049670618027448654,0.028402380645275116,0.3156315088272095,0.0021617284510284662,-0.003339973744004965,0.38075362046882216,0.37632128367805195,52556,0.11932146907788699,-0.016472481419186884,0.028183965012556822,0.8389239992538933,0.0,0.0,0.3
9.812750391000009,rising,0,-0.0007940266514196992,-0.03236470744013786,0.37949103116989136,-0.04933730885386467,0.03745151683688164,0.32649877667427063,0.0021617284510284662,-0.003339973744004965,0.38679816566880615,0.3684912562099671,51463,-0.08727556174229534,-0.01118487718159501,0.029990997803476027,0.8834420004859567,0.0,0.0,0.3
9.832830459999968,rising,0,-0.001623386749997735,-0.031850751489400864,0.38493943214416504,-0.04790949076414108,0.045560870319604874,0.3361216187477112,0.0021617284510284662,-0.003339973744004965,0.3927382979680988,0.3642897903488484,50876,-0.19813218076917316,-0.0062950328416986395,0.030463825691573243,1.312234002398327,0.0,0.0,0.3
9.852613700997608,rising,0,-0.0024031370412558317,-0.031184550374746323,0.39054808020591736,-0.045873936265707016,0.052291885018348694,0.3446677625179291,0.0021617284510284662,-0.003339973744004965,0.3987087494687148,0.3604694321799549,50342,-0.29893318786398737,-0.0018857928352555811,0.030522537411201478,1.2285320008231793,0.0,0.0,0.3
9.872549448999052,rising,0,-0.0034722203854471445,-0.030171167105436325,0.3990076184272766,-0.04307233914732933,0.05812903866171837,0.35113781690597534,0.0021617284510284662,-0.003339973744004965,0.40470219326860385,0.35415686361147064,49461,-0.4654917252910131,0.002523605637373553,0.030691919148873037,1.1672350010485388,0.0,0.0,0.3
9.892367141997966,rising,0,-0.004138949792832136,-0.02944195456802845,0.4047079384326935,-0.037808991968631744,0.0644596666097641,0.3555593490600586,0.0021617284510284662,-0.003339973744004965,0.41068703456847283,0.3522926342253759,49200,-0.5146798357420632,0.006960591660997007,0.028622359504963946,1.080752001143992,0.0,0.0,0.3
9.913953559997026,rising,0,-0.005068847443908453,-0.028195645660161972,0.41343823075294495,-0.03384224697947502,0.06754906475543976,0.3575378656387329,0.0021617284510284662,-0.003339973744004965,0.4167062873690884,0.3479174667083017,48589,-0.6301196119181629,0.010258130822578763,0.02777072878210718,1.1599520003073849,0.0,0.0,0.3
9.932463063996693,rising,0,-0.005516998469829559,-0.02740132063627243,0.4192174971103668,-0.029356345534324646,0.06950026750564575,0.35711926221847534,0.0021617284510284662,-0.003339973744004965,0.4226935163686721,0.3483787918667443,48654,-0.6179474441492285,0.012276957195269184,0.025672464814530116,1.1809489988081623,0.0,0.0,0.3
9.952589726999577,rising,0,-0.006003469228744507,-0.026586227118968964,0.42498061060905457,-0.024321291595697403,0.07024113833904266,0.3545227646827698,0.0021617284510284662,-0.003339973744004965,0.42873018896869325,0.35000837625767833,48881,-0.5749504945203618,0.013574401387764754,0.0232310689940034,1.1464540002634749,0.0,0.0,0.3
9.97242463099974,rising,0,-0.006542879622429609,-0.025402501225471497,0.4335533380508423,-0.018921632319688797,0.06934794783592224,0.3484094738960266,0.0021617284510284662,-0.003339973744004965,0.43471080146853636,0.3498112119077898,48854,-0.580152720111089,0.014424472416826107,0.020773182966716597,1.057077999575995,0.0,0.0,0.3
9.992198648997146,rising,0,-0.006821927614510059,-0.024633675813674927,0.4391953647136688,-0.018921632319688797,0.06934794783592224,0.3484094738960266,0.0021617284510284662,-0.003339973744004965,0.44067544016841564,0.35022272606588783,48911,-0.569294826757579,0.015286001699783704,0.021067549678920328,0.9892250018310733,0.0,0.0,0.3
10.01221702699695,rising,0,-0.007040934171527624,-0.023935338482260704,0.44477954506874084,-0.007247239351272583,0.06477729976177216,0.33597809076309204,0.0021617284510284662,-0.003339973744004965,0.44670112586907634,0.3569416452081438,49850,-0.39201463830755223,0.013217675398160414,0.014374029099562424,0.913862997549586,0.0,0.0,0.3
10.03202816799967,rising,0,-0.007178835105150938,-0.02290276624262333,0.45300814509391785,-0.0014261356554925442,0.061240799725055695,0.32869261503219604,0.0021617284510284662,-0.003339973744004965,0.4526828009683231,0.3577572985564507,49963,-0.3704934417823047,0.012364346249568947,0.011240964928912245,0.7951920015329961,0.0,0.0,0.3
10.052424216999498,rising,0,-0.007231993600726128,-0.022341106086969376,0.4583505392074585,0.004512213170528412,0.05666621774435043,0.3225305378437042,0.0021617284510284662,-0.003339973744004965,0.45869011076836613,0.36165040916291513,50507,-0.2677728453056698,0.010322048944577984,0.007894573795387716,1.1163509989273734,0.0,0.0,0.3
10.072388864999084,rising,0,-0.007143227383494377,-0.02157171443104744,0.4662662148475647,0.010470699518918991,0.05205143988132477,0.3159157335758209,0.0021617284510284662,-0.003339973744004965,0.46468772156811605,0.3625451761219545,50632,-0.24416421841808678,0.00859937397582652,0.00449005532817548,1.1087630009569693,0.0,0.0,0.3
10.09264408799936,rising,0,-0.0069902148097753525,-0.021113160997629166,0.4714442491531372,0.016168199479579926,0.04709212854504585,0.31045088171958923,0.0021617284510284662,-0.003339973744004965,0.4706911091689835,0.36629900878745364,51156,-0.14511850165030182,0.006304051108193624,0.001166089710754603,1.3586009990831371,0.0,0.0,0.3
10.112186042999383,rising,0,-0.006676023360341787,-0.02061663195490837,0.4790858328342438,0.021244052797555923,0.04110785573720932,0.3039368689060211,0.0021617284510284662,-0.003339973744004965,0.4766762801690492,0.3674785935161985,51321,-0.11399489403170371,0.003567318311937638,-0.0019421819290972309,0.9638240007916465,0.0,0.0,0.3
10.132360190997133,rising,0,-0.006404399406164885,-0.02035934291779995,0.4840526878833771,0.023555031046271324,0.03792108595371246,0.3021518290042877,0.0021617284510284662,-0.003339973744004965,0.48267845276830484,0.3696639022341401,51626,-0.0563350333999999,0.0021004885127514777,-0.003474933970613936,1.111374000174692,0.0,0.0,0.3
10.152706038999895,rising,0,-0.005817192606627941,-0.02009672112762928,0.4914998710155487,0.027909409254789352,0.03256649151444435,0.2994858920574188,0.0021617284510284662,-0.003339973744004965,0.48883450406872725,0.3693850257661835,51587,-0.06369325155188754,-0.0005127566395921404,-0.0064711072288479166,0.7874299990362488,0.0,0.0,0.3
10.172014249998028,rising,0,-0.0054445830173790455,-0.020023886114358902,0.49639764428138733,0.0317411944270134,0.026788216084241867,0.29631856083869934,0.0021617284510284662,-0.003339973744004965,0.4946691884681786,0.3721473282354199,51973,0.009190718612661186,-0.003536170470894302,-0.008882927596941537,0.8297530002892017,0.0,0.0,0.3
10.19261644299695,rising,0,-0.00499948114156723,-0.020030032843351364,0.5013012290000916,0.03496764600276947,0.0217038094997406,0.29533252120018005,0.0021617284510284662,-0.003339973744004965,0.500724724169122,0.3740927785613244,52245,0.0605218617763672,-0.006242887605921014,-0.011037714284769962,1.1736300002667122,0.0,0.0,0.3
10.213528316999145,rising,0,-0.004253050312399864,-0.02019638754427433,0.5085787773132324,0.037334367632865906,0.016165604814887047,0.2950042486190796,0.0021617284510284662,-0.003339973744004965,0.5069145065682096,0.37291418760329537,52080,0.029424475020984886,-0.009411815392654215,-0.01314271024857705,1.1064739992434625,0.0,0.0,0.3
10.232387001997267,rising,0,-0.0038169731851667166,-0.02032054401934147,0.5133885741233826,0.039243824779987335,0.011629125103354454,0.29480433464050293,0.0021617284510284662,-0.003339973744004965,0.5127176708688057,0.374272903706872,52270,0.06527450413910074,-0.011935098598598553,-0.014581546357186115,1.0021259986388031,0.0,0.0,0.3
10.252605564997793,rising,0,-0.003278394229710102,-0.02051757089793682,0.518291711807251,0.040525857359170914,0.007396767381578684,0.2952401340007782,0.0021617284510284662,-0.003339973744004965,0.5186954597684962,0.3754178269291445,52430,0.09548356013573667,-0.01436411110115555,-0.015794052617456256,1.234680999914417,0.0,0.0,0.3
10.272212535997824,rising,0,-0.002567082643508911,-0.020967818796634674,0.5255780816078186,0.04107334092259407,0.0028849116060882807,0.2960817515850067,0.0021617284510284662,-0.003339973744004965,0.52468639406914,0.37340096412441826,52148,0.042268182702327906,-0.01734170325581902,-0.016934733959064863,0.9420169990335125,0.0,0.0,0.3
10.292315536997194,rising,0,-0.0021180734038352966,-0.021317407488822937,0.5304620265960693,0.04134472459554672,-0.0005871792091056705,0.2984359860420227,0.0021617284510284662,-0.003339973744004965,0.5307079730683472,0.37366548042371045,52185,0.04924750458338778,-0.019562955287727446,-0.01754874635562742,0.9505369998805691,0.0,0.0,0.3
10.31266155999765,rising,0,-0.0013795587001368403,-0.021853864192962646,0.5378801822662354,0.0409521609544754,-0.003641909221187234,0.300357848405838,0.0021617284510284662,-0.003339973744004965,0.5367131330684787,0.37095916701414167,51807,-0.02215918168491804,-0.021932189448095114,-0.01826156204516316,1.1854350013891235,0.0,0.0,0.3
10.33223789999829,rising,0,-0.0009561448823660612,-0.022264692932367325,0.5427935123443604,0.03987695649266243,-0.006652733776718378,0.30282020568847656,0.0021617284510284662,-0.003339973744004965,0.5427660245681909,0.37116909234608636,51837,-0.016620254720677963,-0.023985700616495517,-0.018128154081383352,0.7405279975500889,0.0,0.0,0.3
10.352990847997717,rising,0,-0.0003406974137760699,-0.0229638684540987,0.5503138303756714,0.03846346586942673,-0.008504057303071022,0.3047408163547516,0.0021617284510284662,-0.003339973744004965,0.5488592960686947,0.3684403833094469,51455,-0.08861785463200889,-0.02592825241420371,-0.018163293396536773,0.8101909988909028,0.0,0.0,0.3
10.37274234099823,rising,0,7.434427971020341e-05,-0.023427970707416534,0.5554023385047913,0.036248959600925446,-0.010446066036820412,0.3074202239513397,0.0021617284510284662,-0.003339973744004965,0.5547011723691684,0.36805230181148696,51401,-0.09885747199242978,-0.027515730593502652,-0.017430031119594958,1.4276839974627364,0.0,0.0,0.3
10.392357326996716,rising,0,0.00036129000363871455,-0.023952212184667587,0.5603703260421753,0.033779751509428024,-0.011283233761787415,0.3085396885871887,0.0021617284510284662,-0.003339973744004965,0.5606994215687154,0.36878448765646404,51503,-0.07953858426216343,-0.028483761187245823,-0.016367403246544177,1.0483180012670346,0.0,0.0,0.3
10.412869242998568,rising,0,0.000765820499509573,-0.024648867547512054,0.5680649280548096,0.030466025695204735,-0.012275153771042824,0.3100278377532959,0.0021617284510284662,-0.003339973744004965,0.5668040774683323,0.36605928452222397,51123,-0.1514436801524024,-0.029999213137007246,-0.015120646045265529,0.8931910015235189,0.0,0.0,0.3
10.432007952997083,rising,0,0.0010013323044404387,-0.025148777291178703,0.5731388330459595,0.0272530484944582,-0.012192610651254654,0.31120485067367554,0.0021617284510284662,-0.003339973744004965,0.5726927633681771,0.36648623589149276,51183,-0.14017847251998106,-0.030464455932587654,-0.01360652766321424,0.7453969992639031,0.0,0.0,0.3
10.452614273999643,rising,0,0.0011494560167193413,-0.025623569265007973,0.5782487988471985,0.023829076439142227,-0.011638267897069454,0.3111498951911926,0.0021617284510284662,-0.003339973744004965,0.5787372692681674,0.3676761704650801,51349,-0.10878178192400867,-0.030580265440507744,-0.011861004104421369,1.133223999204347,0.0,0.0,0.3
10.472623586996633,rising,0,0.0013149132719263434,-0.026328392326831818,0.5859823822975159,0.019971612840890884,-0.011161611415445805,0.30890533328056335,0.0021617284510284662,-0.003339973744004965,0.584692948768934,0.36657343366927125,51195,-0.13787773959706584,-0.031180955860649798,-0.009972509608069391,1.3151140010450035,0.0,0.0,0.3
10.492681606996484,rising,0,0.0014019154477864504,-0.02675982192158699,0.5910924673080444,0.016543004661798477,-0.009682318195700645,0.3099769353866577,0.0021617284510284662,-0.003339973744004965,0.5908045367687736,0.3672791235498423,51293,-0.11925795383001869,-0.03078467103168639,-0.008180996564118415,1.007924001896754,0.0,0.0,0.3
10.512740386999212,rising,0,0.001377725857309997,-0.02731684409081936,0.5988284945487976,0.01281130500137806,-0.008374717086553574,0.3105049133300781,0.0021617284510284662,-0.003339973744004965,0.5968602740686765,0.36490737299600046,50962,-0.18183712411608433,-0.030878235875989046,-0.006162315045062705,0.8865370000421535,0.0,0.0,0.3
10.532322207996913,rising,0,0.001306527410633862,-0.027696995064616203,0.603979766368866,0.00959627516567707,-0.006137222517281771,0.3119567930698395,0.0021617284510284662,-0.003339973744004965,0.6027072974688781,0.3650372627474608,50980,-0.17840995389285652,-0.030057225816388124,-0.004320598703051237,1.022722997731762,0.0,0.0,0.3
10.552406997998332,rising,0,0.001306527410633862,-0.027696995064616203,0.603979766368866,0.006833290681242943,-0.003097255015745759,0.31331536173820496,0.0021617284510284662,-0.003339973744004965,0.6087158723687753,0.3718509669856982,51932,0.0013711605725106324,-0.027870414255361187,-0.002755348533366675,1.0564340009295847,0.0,0.0,0.3
10.57250800499969,rising,0,0.001306527410633862,-0.027696995064616203,0.603979766368866,0.004618566017597914,0.0007759738364256918,0.31325840950012207,0.0021617284510284662,-0.003339973744004965,0.6147618800689816,0.37942351323014867,52989,0.20117449156064993,-0.025271616802342262,-0.001532938773896264,0.9604879996913951,0.0,0.0,0.3
10.592300057996908,rising,0,0.001306527410633862,-0.027696995064616203,0.603979766368866,0.002602185821160674,0.0048554097302258015,0.3120167851448059,0.0021617284510284662,-0.003339973744004965,0.6207168014691706,0.3874824545007332,54115,0.4138114643992914,-0.022639675129368184,-0.0004602963367781321,0.9012230002554134,0.0,0.0,0.3
10.612679694997496,rising,0,0.0012263009557500482,-0.027834320440888405,0.6065971255302429,0.0007733919192105532,0.009085948579013348,0.31260600686073303,0.0021617284510284662,-0.003339973744004965,0.6267926276687649,0.39151319030812254,54678,0.5201633326681403,-0.02038527225514304,0.0005606263880775231,0.7702789989707526,0.0,0.0,0.3
10.631935068999155,rising,0,0.00021254611783660948,-0.02900870330631733,0.6348453760147095,-0.005553714465349913,0.006485137157142162,0.28796887397766113,0.0021617284510284662,-0.003339973744004965,0.6326852993687497,0.37591551693917613,52499,0.10861522266955426,-0.023865546989150235,0.005028852784965565,0.7095559994922951,0.0,0.0,0.3
10.652787099999841,rising,0,-6.764363206457347e-05,-0.029098432511091232,0.6400250196456909,-0.0077237579971551895,0.009924415498971939,0.2930225729942322,0.0021617284510284662,-0.003339973744004965,0.6387112304681795,0.37443375564206555,52292,0.06951861852415497,-0.022218512296323614,0.006507206124249931,1.4010730010340922,0.0,0.0,0.3
10.672181907997583,rising,0,-0.0005676859291270375,-0.02910666912794113,0.6478837728500366,-0.010047996416687965,0.012990287505090237,0.2991267740726471,0.0021617284510284662,-0.003339973744004965,0.6446825600681041,0.3690123914105493,51535,-0.07352529259764395,-0.020892126996736517,0.008404600007753338,0.9455409999645781,0.0,0.0,0.3
10.693429506998655,rising,0,-0.0009080327581614256,-0.0290395375341177,0.653161346912384,-0.01198691688477993,0.016541413962841034,0.30469033122062683,0.0021617284510284662,-0.003339973744004965,0.6510505952691164,0.3675820157148698,51336,-0.11126607612480832,-0.018968011465143604,0.009862687726393204,0.9538010017422494,0.0,0.0,0.3
10.712086654999439,rising,0,-0.0014109299518167973,-0.028886571526527405,0.6611922979354858,-0.013917800970375538,0.019744131714105606,0.310832679271698,0.0021617284510284662,-0.003339973744004965,0.6566973908681393,0.3615210753621498,50489,-0.27118534664512595,-0.017344916542583,0.011652761568562653,0.8184379985323176,0.0,0.0,0.3
10.73241083999892,rising,0,-0.0017921890830621123,-0.02871568873524666,0.6665354371070862,-0.014997950755059719,0.023470474407076836,0.31430912017822266,0.0021617284510284662,-0.003339973744004965,0.6626932154690439,0.3605863368980318,50359,-0.2958486306587922,-0.015133240597216487,0.01270508598349851,1.1134399974253029,0.0,0.0,0.3
10.75224735199663,rising,0,-0.0021142102777957916,-0.028469745069742203,0.6719854474067688,-0.0156999584287405,0.027127008885145187,0.3172902762889862,0.0021617284510284662,-0.003339973744004965,0.6686972309683187,0.3597770367627319,50246,-0.31720219623398727,-0.012860895312138009,0.01348200030032598,0.9409670019522309,0.0,0.0,0.3
10.772352336996846,rising,0,-0.002633796539157629,-0.028089512139558792,0.6800978183746338,-0.016186058521270752,0.030221058055758476,0.32150739431381226,0.0021617284510284662,-0.003339973744004965,0.6747066878681652,0.3550303680055612,49583,-0.4424441159482537,-0.010861285324267656,0.014521582833930902,1.0076630023831967,0.0,0.0,0.3
10.792912220997096,rising,0,-0.00296060205437243,-0.02778949961066246,0.6854289770126343,-0.01589782163500786,0.03350929915904999,0.32130125164985657,0.0021617284510284662,-0.003339973744004965,0.6808852760685841,0.35618148906340147,49743,-0.41207152867014685,-0.008642561745111764,0.014679831721703174,0.955226001678966,0.0,0.0,0.3
10.812841511997249,rising,0,-0.003452287521213293,-0.027262331917881966,0.6934657096862793,-0.015386265702545643,0.035987623035907745,0.32198864221572876,0.0021617284510284662,-0.003339973744004965,0.6867032891682174,0.3530540465888282,49307,-0.4945897997670663,-0.006717685538875556,0.015077185073870014,1.1542290012585,0.0,0.0,0.3
10.832277292996878,rising,0,-0.0037325588054955006,-0.02680347114801407,0.6988289952278137,-0.014244243502616882,0.038527268916368484,0.3223341703414917,0.0021617284510284662,-0.003339973744004965,0.6926901926683785,0.35364889253927595,49390,-0.47889465595578073,-0.004750852122344186,0.01472294079763281,1.0062389992526732,0.0,0.0,0.3
10.852220970999042,rising,0,-0.003988595213741064,-0.026422547176480293,0.7040728330612183,-0.012719635851681232,0.040553610771894455,0.3197363615036011,0.0021617284510284662,-0.003339973744004965,0.6987235337685705,0.3559239557247257,49707,-0.4188666035692439,-0.003153538832838975,0.0140598052617118,0.8368460003111977,0.0,0.0,0.3
10.872233615998994,rising,0,-0.004310796037316322,-0.025768671184778214,0.7118731141090393,-0.010945945046842098,0.04170307144522667,0.31682345271110535,0.0021617284510284662,-0.003339973744004965,0.7046804696686012,0.35506480049274064,49587,-0.4415356070516996,-0.0017769211430454063,0.01345766471373655,0.9894190006889403,0.0,0.0,0.3
10.892690407999908,rising,0,-0.004503192380070686,-0.025310756638646126,0.7170042991638184,-0.008707926608622074,0.043028876185417175,0.3138066828250885,0.0021617284510284662,-0.003339973744004965,0.7108205264685966,0.35782257173244975,49973,-0.36877119439446737,-0.0005101740151557527,0.0123180186680667,0.9646270009397995,0.0,0.0,0.3
10.912417434999952,rising,0,-0.00473858043551445,-0.0245906263589859,0.7245266437530518,-0.006425279658287764,0.04345632717013359,0.31063076853752136,0.0021617284510284662,-0.003339973744004965,0.7166737895681581,0.35731208089635297,49901,-0.38224060959490913,0.0005345932837535847,0.011321380155002725,0.923960000363877,0.0,0.0,0.3
10.932045159999689,rising,0,-0.004835345782339573,-0.024105209857225418,0.7294899225234985,-0.0038361926563084126,0.04399838671088219,0.3062315583229065,0.0021617284510284662,-0.003339973744004965,0.7226975579684949,0.3608255157819413,50392,-0.28953784216513867,0.001367994048240572,0.009883243074530812,0.7591720022901427,0.0,0.0,0.3
10.952347639999061,rising,0,-0.004864255432039499,-0.0236203670501709,0.7344046235084534,-0.001152094453573227,0.044030699878931046,0.30083101987838745,0.0021617284510284662,-0.003339973744004965,0.7287135890689387,0.36489212712092517,50960,-0.18223938994920452,0.0019019516145735425,0.008333552342327577,0.9721390015329234,0.0,0.0,0.3
10.971998393997637,rising,0,-0.004923381842672825,-0.022907782346010208,0.7415786385536194,0.0014473177725449204,0.04326493293046951,0.29534465074539185,0.0021617284510284662,-0.003339973744004965,0.7346729594687349,0.366106544308341,51129,-0.15019672009654528,0.002255856408876462,0.006950438581789342,0.7832010014681146,0.0,0.0,0.3
10.992653691999294,rising,0,-0.004915281198918819,-0.022482702508568764,0.746275007724762,0.004248419776558876,0.04281502217054367,0.29187077283859253,0.0021617284510284662,-0.003339973744004965,0.7408002239685447,0.36962327256206323,51621,-0.057407056409942925,0.0024509464508210075,0.0053598610731553364,1.0056050014100038,0.0,0.0,0.3
11.0128408879973,rising,0,-0.0047770594246685505,-0.021844761446118355,0.7532275915145874,0.00704884622246027,0.042030222713947296,0.28845688700675964,0.0021617284510284662,-0.003339973744004965,0.7466893724686815,0.36999184696300036,51672,-0.04768213817941103,0.00271394503378677,0.0036912948718552663,1.4989449991844594,0.0,0.0,0.3
11.032419831997686,rising,0,-0.004665795713663101,-0.021405350416898727,0.7578180432319641,0.009760367684066296,0.04062468186020851,0.2863580882549286,0.0021617284510284662,-0.003339973744004965,0.7527215303682897,0.3728362963153493,52069,0.027369295919505987,0.0024106787451454205,0.002089219057845204,1.0156050011573825,0.0,0.0,0.3
11.052726694997546,rising,0,-0.00453574163839221,-0.021005280315876007,0.7623625993728638,0.01254329364746809,0.03950052335858345,0.283528596162796,0.0021617284510284662,-0.003339973744004965,0.7586961059682653,0.37603396656088495,52516,0.11174054250355958,0.002217839042180653,0.00045296257052807043,1.28345000121044,0.0,0.0,0.3
11.072817371998099,rising,0,-0.004329823888838291,-0.020643748342990875,0.7668536305427551,0.015122511424124241,0.03777345269918442,0.2796507179737091,0.0021617284510284662,-0.003339973744004965,0.764729427268394,0.3798984493467661,53056,0.21370578751361613,0.0016667122387618101,-0.00112630477981579,1.3362670033529866,0.0,0.0,0.3
11.09233631999814,rising,0,-0.0039786044508218765,-0.020091470330953598,0.7735646963119507,0.017734277993440628,0.03651946410536766,0.27685701847076416,0.0021617284510284662,-0.003339973744004965,0.7706978294689907,0.38036537644711454,53121,0.22602576377610717,0.0015860984123222835,-0.002867568922712671,1.027906997478567,0.0,0.0,0.3
11.112837929998932,rising,0,-0.0035654017701745033,-0.019618377089500427,0.7802385091781616,0.020338572561740875,0.03543199598789215,0.27679988741874695,0.0021617284510284662,-0.003339973744004965,0.7767078851685074,0.3795632672485607,53009,0.20486193267970165,0.0015150158880705995,-0.004681351087443719,1.1835109980893321,0.0,0.0,0.3
11.133033276997594,rising,0,-0.003227289067581296,-0.019306516274809837,0.7846689224243164,0.02283621020615101,0.03407154977321625,0.2765346169471741,0.0021617284510284662,-0.003339973744004965,0.7828010618683766,0.3817757509416732,53318,0.26323881112594094,0.0011202952626541331,-0.006316930990874603,1.333284999418538,0.0,0.0,0.3
11.152192704998015,rising,0,-0.0028754104860126972,-0.018962640315294266,0.789143443107605,0.025489458814263344,0.03349796682596207,0.2768934667110443,0.0021617284510284662,-0.003339973744004965,0.7887050336682296,0.38338750602473126,53543,0.3057653304678425,0.0011751593389526627,-0.008041653337416799,0.8708089990250301,0.0,0.0,0.3
11.172001139999338,rising,0,-0.0022542413789778948,-0.01847837120294571,0.7958440780639648,0.028148844838142395,0.033061251044273376,0.27650290727615356,0.0021617284510284662,-0.003339973744004965,0.7946702624682803,0.38266960091264746,53443,0.28682324307776774,0.0014553541846744592,-0.010096037572832506,0.7880859993747436,0.0,0.0,0.3
11.192080523996992,rising,0,-0.001843525213189423,-0.01814854145050049,0.8002949357032776,0.03086654096841812,0.03355777636170387,0.2772572338581085,0.0021617284510284662,-0.003339973744004965,0.8006960774685286,0.38426962603079107,53666,0.32904026466466973,0.0020511236362709684,-0.011896112098701561,0.7900050004536752,0.0,0.0,0.3
11.21447301799708,rising,0,-0.001149509334936738,-0.017666451632976532,0.8070759177207947,0.033176299184560776,0.03395665064454079,0.27913978695869446,0.0021617284510284662,-0.003339973744004965,0.8069647289685964,0.3826981478946909,53447,0.28757646160134165,0.0027720084059872944,-0.01387760881656308,1.1367049992259126,0.0,0.0,0.3
11.232601730996976,rising,0,-0.0006260646041482687,-0.017288776114583015,0.8116632699966431,0.03512708470225334,0.034968577325344086,0.28092464804649353,0.0021617284510284662,-0.003339973744004965,0.8126791514682554,0.3832254381031774,53520,0.30148913200995686,0.0036906890904852543,-0.015423125538663651,1.2971569994988386,0.0,0.0,0.3
11.252510050999263,rising,0,-0.00015215753228403628,-0.016967765986919403,0.8162627220153809,0.0372178740799427,0.03689957782626152,0.28576236963272095,0.0021617284510284662,-0.003339973744004965,0.818715914668137,0.38261786591105645,53435,0.2854582034579529,0.005041810497341646,-0.017036150953921414,1.1026300016965251,0.0,0.0,0.3
11.272317021997878,rising,0,0.0006633484736084938,-0.0164424329996109,0.8232042789459229,0.03726651892066002,0.03629855066537857,0.28628432750701904,0.0021617284510284662,-0.003339973744004965,0.8246815805691585,0.3811450934666956,53230,0.24659877220832627,0.005297358897776643,-0.017983495943133088,1.042695999785792,0.0,0.0,0.3
11.292261803999281,rising,0,0.0011813112068921328,-0.016076531261205673,0.8279560804367065,0.03757669776678085,0.03736374154686928,0.2918097972869873,0.0021617284510284662,-0.003339973744004965,0.8306752847690223,0.3799447006149635,53062,0.2149261375979794,0.00626027651462905,-0.018749017925410394,1.0288789999322034,0.0,0.0,0.3
11.312314075999893,rising,0,0.0017431075684726238,-0.015702947974205017,0.8327032923698425,0.036935869604349136,0.03726622089743614,0.29608508944511414,0.0021617284510284662,-0.003339973744004965,0.8367069845681545,0.37941943293867947,52989,0.20106683215512966,0.006611487773355727,-0.01902949795427178,0.9743129994603805,0.0,0.0,0.3
11.332199514999957,rising,0,0.002456248039379716,-0.01516504306346178,0.8399845957756042,0.03564166650176048,0.03635694831609726,0.29818448424339294,0.0021617284510284662,-0.003339973744004965,0.8427185765690228,0.37678659874352843,52621,0.13159891143874347,0.006746129805299979,-0.019232605128219005,0.8512929998687468,0.0,0.0,0.3
11.352885269996477,rising,0,0.0029819845221936703,-0.01480870507657528,0.8449414372444153,0.03420570492744446,0.03582705557346344,0.30182161927223206,0.0021617284510284662,-0.003339973744004965,0.848720626168215,0.37627720197193576,52550,0.11815836337561159,0.006852413040910842,-0.019054243017294414,1.4224820006347727,0.0,0.0,0.3
11.372267980998004,rising,0,0.003678784007206559,-0.01430459599941969,0.8524201512336731,0.03234254568815231,0.03468524292111397,0.30522218346595764,0.0021617284510284662,-0.003339973744004965,0.854786488468817,0.37281196040387554,52066,0.026727187437348476,0.006844413375504016,-0.018979423696220188,0.6604029986192472,0.0,0.0,0.3
11.392592743999558,rising,0,0.004138577729463577,-0.013966464437544346,0.8574628829956055,0.030431199818849564,0.0339430533349514,0.3098078668117523,0.0021617284510284662,-0.003339973744004965,0.8607018323688681,0.3716095537449329,51898,-0.004998581927893042,0.006831010703779327,-0.01850698452761046,1.232512997376034,0.0,0.0,0.3
11.413046731999202,rising,0,0.004482213407754898,-0.013606972061097622,0.8625360727310181,0.028198864310979843,0.0330592542886734,0.31243452429771423,0.0021617284510284662,-0.003339973744004965,0.8667373334691365,0.3714975206820054,51882,-0.007954599419383257,0.006744222991948589,-0.01768062688919403,1.5549179988738615,0.0,0.0,0.3
11.432324248999066,rising,0,0.005130139645189047,-0.013150452636182308,0.870288074016571,0.025562439113855362,0.03168516233563423,0.31394124031066895,0.0021617284510284662,-0.003339973744004965,0.8726890958686272,0.3684915102023849,51463,-0.08726886009538681,0.00654889132673385,-0.01709716250683968,1.035874000081094,0.0,0.0,0.3
11.45294623099835,rising,0,0.005405725911259651,-0.012818824499845505,0.87541264295578,0.02302979677915573,0.030868668109178543,0.3158467710018158,0.0021617284510284662,-0.003339973744004965,0.8787398222681805,0.3686929762574579,51491,-0.08195313304860541,0.00646205785385851,-0.01601281015996814,1.4239039992389735,0.0,0.0,0.3
11.472023672999057,rising,0,0.005914940498769283,-0.012364005669951439,0.8831504583358765,0.02025698497891426,0.029583711177110672,0.31575489044189453,0.0021617284510284662,-0.003339973744004965,0.8846774549682596,0.3664845811865568,51182,-0.14022213228082414,0.006296061784230159,-0.01515178145680851,0.8191429988073651,0.0,0.0,0.3
11.49224786099876,rising,0,0.006128865294158459,-0.01210547611117363,0.8883489966392517,0.017669599503278732,0.02871093526482582,0.3146837055683136,0.0021617284510284662,-0.003339973744004965,0.8906948102686147,0.3680391295137595,51399,-0.09920502602217773,0.00607602874298959,-0.013914117993433672,0.9204679990943987,0.0,0.0,0.3
11.511999664999166,rising,0,0.0065310741774737835,-0.011680901050567627,0.8961003422737122,0.015017084777355194,0.0272195003926754,0.3145410120487213,0.0021617284510284662,-0.003339973744004965,0.8966625320682216,0.36587600990449776,51097,-0.15627942204491596,0.005760745372044745,-0.012986062648189911,0.8285009971586987,0.0,0.0,0.3
11.532277232996421,rising,0,0.006712595000863075,-0.011391602456569672,0.9012621641159058,0.01266076322644949,0.02596125192940235,0.3147122859954834,0.0021617284510284662,-0.003339973744004965,0.9027260189691151,0.3669131119955898,51242,-0.12891525077599653,0.005373880249501263,-0.011862757717991501,0.8934680008678697,0.0,0.0,0.3
11.552401971999643,rising,0,0.006863119546324015,-0.011212993413209915,0.9063776731491089,0.01044190488755703,0.02447432465851307,0.3124755322933197,0.0021617284510284662,-0.003339973744004965,0.9087098723689269,0.36911360429702783,51549,-0.07085476788844858,0.004729612987399323,-0.010752824751034451,1.0353219986427575,0.0,0.0,0.3
11.572417148996465,rising,0,0.007104631047695875,-0.010855164378881454,0.9140446186065674,0.00821019522845745,0.022346779704093933,0.3091318905353546,0.0021617284510284662,-0.003339973744004965,0.9146857463682682,0.3686674293211049,51487,-0.08262719469380286,0.003969306558072771,-0.00981713580116117,1.1069619977206457,0.0,0.0,0.3
11.592986537998513,rising,0,0.007223079912364483,-0.010644841939210892,0.9192287921905518,0.006233762484043837,0.02065701223909855,0.3081223964691162,0.0021617284510284662,-0.003339973744004965,0.9207527975687118,0.37027305431112634,51711,-0.04026241923149598,0.003266520506168672,-0.008834927632338063,1.095471001463011,0.0,0.0,0.3
11.613644853998267,rising,0,0.007315902505069971,-0.010353212244808674,0.9267816543579102,0.005219542887061834,0.019404655322432518,0.3069702088832855,0.0021617284510284662,-0.003339973744004965,0.9269594306687213,0.36916474336007726,51557,-0.06950545224070659,0.0029138081808168857,-0.008412544496605667,1.3609380002890248,0.0,0.0,0.3
11.632317259998672,rising,0,0.007397662382572889,-0.010195332579314709,0.9318091869354248,0.0033794695045799017,0.017302529886364937,0.304693341255188,0.0021617284510284662,-0.003339973744004965,0.9326988521683961,0.3711903307231142,51839,-0.01605987537957354,0.0019353491703411438,-0.007463268738159279,1.0039820008387323,0.0,0.0,0.3
11.652530901999853,rising,0,0.007476072758436203,-0.010074392892420292,0.9368352293968201,0.0017408421263098717,0.01560296956449747,0.30346524715423584,0.0021617284510284662,-0.003339973744004965,0.93869154386819,0.373011960893257,52094,0.0320042452046696,0.0011442950335983316,-0.006632292109709503,1.2184990009700414,0.0,0.0,0.3
11.672208483996656,rising,0,0.00749583262950182,-0.009923429228365421,0.9443135857582092,0.0002766870893537998,0.013652089051902294,0.30176639556884766,0.0021617284510284662,-0.003339973744004965,0.9446786444685858,0.37199568712037717,51952,0.005189633783038161,0.0002608559753176113,-0.005884454572977482,0.9624960002838634,0.0,0.0,0.3
11.692305281998415,rising,0,0.007529390975832939,-0.00982406921684742,0.9493056535720825,-0.000860359170474112,0.012142879888415337,0.2985753118991852,0.0021617284510284662,-0.003339973744004965,0.9507079133684602,0.3748879181508953,52356,0.08150179817665482,-0.0004403036198976083,-0.005268247430858741,0.9678589995019138,0.0,0.0,0.3
11.713089532997401,rising,0,0.007552581373602152,-0.009727852419018745,0.9567066431045532,-0.0021907028276473284,0.010067512281239033,0.29462724924087524,0.0021617284510284662,-0.003339973744004965,0.9567706715687382,0.37518831093169086,52398,0.08942772906835827,-0.0014436880523036435,-0.004579584596071662,1.4854699984425679,0.0,0.0,0.3
11.732536900999548,rising,0,0.007551940158009529,-0.009641758166253567,0.9616058468818665,-0.0025575270410627127,0.009257295168936253,0.29448840022087097,0.0021617284510284662,-0.003339973744004965,0.9627098126686906,0.376558621760667,52589,0.12558368761654215,-0.0017773101758844362,-0.0043674063153427145,1.1500479995447677,0.0,0.0,0.3
11.75244234499769,rising,0,0.0075852288864552975,-0.009588939137756824,0.9664945602416992,-0.0031434104312211275,0.008357034996151924,0.29361867904663086,0.0021617284510284662,-0.003339973744004965,0.9687476150684962,0.3784319533020097,52851,0.17501196047518874,-0.0021884692241817515,-0.004071332589431709,0.978146999841556,0.0,0.0,0.3
11.772293924997939,rising,0,0.007618558593094349,-0.009526915848255157,0.9738204479217529,-0.003594208974391222,0.007694610860198736,0.2924957275390625,0.0021617284510284662,-0.003339973744004965,0.9746931695685634,0.3772688435674858,52688,0.14432304927403017,-0.0024806253967319574,-0.003880240736462204,0.996143000520533,0.0,0.0,0.3
11.792592363999574,rising,0,0.007584551349282265,-0.009507957845926285,0.9786893129348755,-0.003870145184919238,0.00697456207126379,0.2914978861808777,0.0021617284510284662,-0.003339973744004965,0.9806814494689025,0.3791691068657988,52954,0.1944619225804427,-0.0028279991554429566,-0.0036793695604837584,1.2968020018888637,0.0,0.0,0.3
11.812513767999917,rising,0,0.0076001714915037155,-0.009492399170994759,0.9860243201255798,-0.004257807973772287,0.006368052680045366,0.2914949655532837,0.0021617284510284662,-0.003339973744004965,0.9866817923685449,0.377503000015388,52721,0.15050131966722802,-0.003145323065837009,-0.0035067756670825734,1.2151770024502184,0.0,0.0,0.3
11.832686065998132,rising,0,0.007527612615376711,-0.009449738077819347,0.9909025430679321,-0.004368698224425316,0.005969219375401735,0.2922157347202301,0.0021617284510284662,-0.003339973744004965,0.9927522626684367,0.3786347880946197,52879,0.1803638019688556,-0.0033015222836952187,-0.003361065747105041,1.1861290004162584,0.0,0.0,0.3
11.85272544399777,rising,0,0.007546440232545137,-0.00948326475918293,0.9957811236381531,-0.004755982663482428,0.005461073014885187,0.2931939363479614,0.0021617284510284662,-0.003339973744004965,0.998696382568669,0.3794806856730677,52997,0.20268299928938305,-0.003597315106629366,-0.0031693054184798175,1.3830759999109432,0.0,0.0,0.3
11.871947711999383,rising,0,0.007501334883272648,-0.009504524059593678,1.0031251907348633,-0.0049809906631708145,0.0046673426404595375,0.29354390501976013,0.0021617284510284662,-0.003339973744004965,1.0046701292682703,0.3775948137183461,52734,0.15292384481124088,-0.004058219890704996,-0.003018172202319036,0.7558670004073065,0.0,0.0,0.3
11.892324968997855,rising,0,0.007540274877101183,-0.009493461810052395,1.0080052614212036,-0.0051466673612594604,0.004098110366612673,0.293833464384079,0.0021617284510284662,-0.003339973744004965,1.0106791418683132,0.37886427508725706,52911,0.18641886773765215,-0.004333439704160164,-0.0029617116534925714,1.0745129984570667,0.0,0.0,0.3
11.911819002998527,rising,0,0.007451615296304226,-0.009536235593259335,1.015462875366211,-0.005289535969495773,0.0034658201038837433,0.2971004247665405,0.0021617284510284662,-0.003339973744004965,1.016662709969096,0.37538995512975926,52426,0.09474815645802614,-0.004755999772181047,-0.002818532916588623,0.6730949971824884,0.0,0.0,0.3
11.931880056999944,rising,0,0.007403890136629343,-0.00957728736102581,1.020449161529541,-0.005252510774880648,0.003182446351274848,0.2991313934326172,0.0021617284510284662,-0.003339973744004965,1.0226870186682209,0.37567455424185997,52466,0.10225736785910122,-0.004946970574634014,-0.002785293441817549,0.661705998936668,0.0,0.0,0.3
11.95231558499654,rising,0,0.007307065650820732,-0.00959758274257183,1.0254172086715698,-0.0053362916223704815,0.003032536478713155,0.3018191456794739,0.0021617284510284662,-0.003339973744004965,1.0287116528689513,0.3756547466717691,52463,0.10173474067992316,-0.005048654316355025,-0.0026377350832136326,0.9634820016799495,0.0,0.0,0.3
11.971884538997983,rising,0,0.007311445660889149,-0.009618544951081276,1.0329055786132812,-0.005324136931449175,0.002792541403323412,0.30388033390045166,0.0021617284510284662,-0.003339973744004965,1.0346800412688753,0.37272630029014536,52054,0.02446702612520646,-0.005239598321525456,-0.002669681959333703,0.6832420003775042,0.0,0.0,0.3
11.992160999998305,rising,0,0.00727228494361043,-0.009637536481022835,1.0379836559295654,-0.005303099285811186,0.002745813922956586,0.30841535329818726,0.0021617284510284662,-0.003339973744004965,1.0407040397688252,0.3716439901393828,51903,-0.004089969937130178,-0.005300444741326659,-0.002646629339548401,0.844695998239331,0.0,0.0,0.3
12.01280625399886,rising,0,0.0072564962320029736,-0.009733060374855995,1.0430246591567993,-0.005072280764579773,0.0024379820097237825,0.31124281883239746,0.0021617284510284662,-0.003339973744004965,1.046699396069089,0.37142752748798463,51873,-0.009801385541303276,-0.0055721686312701505,-0.0027554561222082885,1.487864999944577,0.0,0.0,0.3
12.032058817996585,rising,0,0.007078490220010281,-0.009797455742955208,1.0507093667984009,-0.004918786231428385,0.00211480469442904,0.3118438124656677,0.0021617284510284662,-0.003339973744004965,1.0526679377683468,0.3689842373121853,51531,-0.0742681447972231,-0.005854049154653449,-0.0026639312049048236,0.8694530006323475,0.0,0.0,0.3
12.052728433998709,rising,0,0.0070862662978470325,-0.009847301058471203,1.0557466745376587,-0.004823545925319195,0.0017546319868415594,0.31366589665412903,0.0021617284510284662,-0.003339973744004965,1.0587176324691245,0.369342251466185,51581,-0.0648218610505289,-0.006097398314800295,-0.002721343659605857,1.2974799974472262,0.0,0.0,0.3
12.072023347998766,rising,0,0.007012813817709684,-0.009949255734682083,1.063480257987976,-0.004674441646784544,0.00120423489715904,0.31580984592437744,0.0021617284510284662,-0.003339973744004965,1.0647241853691232,0.36611376545246566,51131,-0.15000618858929826,-0.006563238965002564,-0.0027465426772355084,0.6747660008841194,0.0,0.0,0.3
12.092226729997492,rising,0,0.006997958291321993,-0.01004741434007883,1.0686041116714478,-0.004647179506719112,0.0008460501558147371,0.3181040585041046,0.0021617284510284662,-0.003339973744004965,1.0707052448688774,0.3660410128846867,51120,-0.15192578140668367,-0.006867524004770558,-0.0027457505095709323,0.8944680012064055,0.0,0.0,0.3
12.11227892199895,rising,0,0.0069224536418914795,-0.010110070928931236,1.0736855268478394,-0.004689907655119896,0.0005028716986998916,0.3179379403591156,0.0021617284510284662,-0.003339973744004965,1.0767226484688581,0.36729760960619395,51296,-0.1187701950872313,-0.0070991353923423265,-0.002630862915405041,0.9047169987752568,0.0,0.0,0.3
12.132413973999064,rising,0,0.006846446078270674,-0.010238399729132652,1.0813087224960327,-0.004726674873381853,5.911280823056586e-05,0.3157670497894287,0.0021617284510284662,-0.003339973744004965,1.0827127022691276,0.36634398517589994,51163,-0.1439317895540917,-0.007500006900341518,-0.002534648057653577,1.0486720020708162,0.0,0.0,0.3
12.153090578998672,rising,0,0.006837229244410992,-0.010378015227615833,1.0864073038101196,-0.004843660164624453,-0.0001590136089362204,0.31406012177467346,0.0021617284510284662,-0.003339973744004965,1.0888187699682748,0.3684598406388975,51458,-0.08810446863067511,-0.007726910378375737,-0.002446587346395468,1.2859740018029697,0.0,0.0,0.3
12.172378550996655,rising,0,0.00677727535367012,-0.010517293587327003,1.0939464569091797,-0.004902574699372053,-0.0005443472764454782,0.3119947612285614,0.0021617284510284662,-0.003339973744004965,1.0947115994685008,0.3674363820949809,51315,-0.11510865184747132,-0.008109807497910283,-0.0023560666942517017,1.0048239964817185,0.0,0.0,0.3
12.192267636997713,rising,0,0.00673446711152792,-0.01066902931779623,1.0989322662353516,-0.0050812410190701485,-0.0007429943652823567,0.3113742470741272,0.0021617284510284662,-0.003339973744004965,1.100702917768358,0.36900594472083265,51534,-0.07369538995164682,-0.008347465378025463,-0.0022028043975568234,0.9437730004719924,0.0,0.0,0.3
12.21263759499925,rising,0,0.0066633098758757114,-0.010752716101706028,1.1039347648620605,-0.005313585512340069,-0.0009801869746297598,0.30832868814468384,0.0021617284510284662,-0.003339973744004965,1.1067010427684,0.37177644387402364,51921,-0.0005951484426489628,-0.008502901968632775,-0.001984837835056874,1.280325999687193,0.0,0.0,0.3
12.232406891998835,rising,0,0.006641477812081575,-0.010971114039421082,1.1112874746322632,-0.005577538628131151,-0.0014539975672960281,0.30546894669532776,0.0021617284510284662,-0.003339973744004965,1.1127082160689317,0.37152730142816603,51887,-0.0071688277528760835,-0.008998817265799673,-0.001820572512015728,1.063897998392349,0.0,0.0,0.3
12.252631418999954,rising,0,0.006583863403648138,-0.011102072894573212,1.1162197589874268,-0.006094047334045172,-0.0018200722988694906,0.3040338456630707,0.0021617284510284662,-0.003339973744004965,1.1186961023690674,0.37356768299060616,52172,0.04666709737747077,-0.009285888182049954,-0.0014724097881912979,1.288519000809174,0.0,0.0,0.3
12.272264929997618,rising,0,0.006431338377296925,-0.011308465152978897,1.1235597133636475,-0.006701672915369272,-0.0024573784321546555,0.3023446798324585,0.0021617284510284662,-0.003339973744004965,1.124679040468327,0.37271894167442915,52053,0.024272867399185216,-0.009870530753611433,-0.0009860229945217736,1.0119629987457301,0.0,0.0,0.3
12.292306224997446,rising,0,0.006357419304549694,-0.011483381502330303,1.1284058094024658,-0.007555033545941114,-0.0028972753789275885,0.30084866285324097,0.0021617284510284662,-0.003339973744004965,1.1307220145689643,0.37496669420158524,52367,0.08358032194156095,-0.010232603528416727,-0.00044609198724732124,0.9358879979117773,0.0,0.0,0.3
12.313542020998284,rising,0,0.006205662153661251,-0.011759367771446705,1.1357426643371582,-0.008530419319868088,-0.003310073632746935,0.30053091049194336,0.0021617284510284662,-0.003339973744004965,1.136922470068821,0.3737083211331637,52191,0.05037786631038621,-0.010783411345237352,0.0002368434919501894,1.1831140000140294,0.0,0.0,0.3
12.332453985996835,rising,0,0.006046824622899294,-0.011939480900764465,1.1405781507492065,-0.00951550155878067,-0.003895644098520279,0.29943227767944336,0.0021617284510284662,-0.003339973744004965,1.1427486110683094,0.3755002520919211,52441,0.09765836654145232,-0.011235737528035786,0.0009295916349891797,0.9745729985297658,0.0,0.0,0.3
12.351957967999624,rising,0,0.005929228384047747,-0.012080672197043896,1.1454261541366577,-0.010644335299730301,-0.004217974375933409,0.2997545003890991,0.0021617284510284662,-0.003339973744004965,1.1486956847686816,0.37671789656003324,52611,0.12978618891908233,-0.011520493743437669,0.0016507508001242233,0.6861639994895086,0.0,0.0,0.3
12.372654474998853,rising,0,0.005797714460641146,-0.012417195364832878,1.1526261568069458,-0.011601176112890244,-0.004586448427289724,0.2994588315486908,0.0021617284510284662,-0.003339973744004965,1.1548495496682154,0.3755633088866519,52450,0.09932213421244995,-0.012110612227736661,0.0023054477507500337,0.8392279996769503,0.0,0.0,0.3
12.39300873799948,rising,0,0.005622448865324259,-0.012612413614988327,1.1574375629425049,-0.012523078359663486,-0.004599798005074263,0.29912903904914856,0.0021617284510284662,-0.003339973744004965,1.1606882384684285,0.37701710241802555,52653,0.13768080258642534,-0.012278149356582068,0.0029715605679732082,1.2331610014371108,0.0,0.0,0.3
12.412344124997617,rising,0,0.005445635877549648,-0.012789933010935783,1.1622790098190308,-0.01330941915512085,-0.0044480483047664165,0.2994718849658966,0.0021617284510284662,-0.003339973744004965,1.1667003485691385,0.3783145702837843,52834,0.171914783213305,-0.012343541522620127,0.003564027983036011,0.9455840008740779,0.0,0.0,0.3
12.432076508997852,rising,0,0.005183828994631767,-0.013009338639676571,1.1695966720581055,-0.013836421072483063,-0.004338263534009457,0.2995283305644989,0.0021617284510284662,-0.003339973744004965,1.172704187068375,0.3766489459407087,52602,0.12796691136434468,-0.012572885216963817,0.004137668406345885,0.7758639985695481,0.0,0.0,0.3
12.45243746199776,rising,0,0.004967028275132179,-0.013225235044956207,1.1744645833969116,-0.0143409613519907,-0.0038467368576675653,0.30024009943008423,0.0021617284510284662,-0.003339973744004965,1.1786936561686887,0.3776998172284237,52749,0.15569438597423968,-0.012506295434798816,0.00462292667477282,1.121089000662323,0.0,0.0,0.3
12.472503813998628,rising,0,0.004704398103058338,-0.013429227285087109,1.1817693710327148,-0.014658233150839806,-0.0034308815374970436,0.30051806569099426,0.0021617284510284662,-0.003339973744004965,1.1846765705683358,0.37591236016241114,52499,0.10853193040662568,-0.012561606516020108,0.005093173967598563,1.2451609982235823,0.0,0.0,0.3
12.492523208999046,rising,0,0.004498440306633711,-0.013607650995254517,1.1866698265075684,-0.015017682686448097,-0.0026724920608103275,0.30277231335639954,0.0021617284510284662,-0.003339973744004965,1.1907193916686811,0.3762170322972532,52542,0.11657077301459395,-0.012337977447045456,0.005499118978136597,1.1003979998349678,0.0,0.0,0.3
12.512660941996728,rising,0,0.004178219940513372,-0.013782157562673092,1.1940668821334839,-0.015373390167951584,-0.0013558026403188705,0.3043861985206604,0.0021617284510284662,-0.003339973744004965,1.1968165913688424,0.3737870452029522,52202,0.052455018547549415,-0.011900414935097959,0.006067881124063534,0.7105320000846405,0.0,0.0,0.3
12.53260386099646,rising,0,0.003975762985646725,-0.01391338836401701,1.1989972591400146,-0.015435675159096718,-0.0010859249159693718,0.30562499165534973,0.0021617284510284662,-0.003339973744004965,1.20269938346908,0.37436237856954824,52282,0.06763531845773585,-0.011878180402202822,0.006308157590547481,1.2405119996401481,0.0,0.0,0.3
12.552927140997781,rising,0,0.0037715549115091562,-0.014064468443393707,1.2040256261825562,-0.015573147684335709,-0.00018883512530010194,0.30648621916770935,0.0021617284510284662,-0.003339973744004965,1.2087007784689194,0.37515196529646555,52393,0.08846874133154436,-0.01153600446676378,0.006585909290328207,1.5561250002065208,0.0,0.0,0.3
12.571986785998888,rising,0,0.0034425873309373856,-0.014179015532135963,1.2116011381149292,-0.01551815215498209,0.00046510103857144713,0.3076549172401428,0.0021617284510284662,-0.003339973744004965,1.2146963186690116,0.3725958157925266,52036,0.02102416339120161,-0.011387113392744046,0.006954741998523639,0.7273459996213205,0.0,0.0,0.3
12.592674796997017,rising,0,0.003267040243372321,-0.014305461198091507,1.216635823249817,-0.015432454645633698,0.001344461110420525,0.3107403516769409,0.0021617284510284662,-0.003339973744004965,1.2207009773691242,0.37226862616793704,51990,0.012391191766147003,-0.011060536133199295,0.007103441614643602,1.3246960006654263,0.0,0.0,0.3
12.612877013998514,rising,0,0.0029392477590590715,-0.014446035027503967,1.224250316619873,-0.015008744783699512,0.002518319757655263,0.31235820055007935,0.0021617284510284662,-0.003339973744004965,1.2267835634688526,0.3695459763851117,51610,-0.05944653337436279,-0.010658861983779643,0.007281272646513459,1.2627959986275528,0.0,0.0,0.3
12.632229794999148,rising,0,0.0028435385320335627,-0.014504361897706985,1.2292271852493286,-0.014749187044799328,0.0027013623621314764,0.3127627372741699,0.0021617284510284662,-0.003339973744004965,1.2327037757681683,0.37052604311757736,51747,-0.03358725283437103,-0.010594825301603142,0.007225232123594827,0.9255749973817728,0.0,0.0,0.3
12.652726739997888,rising,0,0.0026558605022728443,-0.014565248042345047,1.2343777418136597,-0.014223980717360973,0.0034879492595791817,0.31332340836524963,0.0021617284510284662,-0.003339973744004965,1.2387845624686453,0.37141123300636913,51870,-0.010231319093163549,-0.01021154389951573,0.0071273173769297316,1.061234997905558,0.0,0.0,0.3
12.671787643997959,rising,0,0.0023542800918221474,-0.014617458917200565,1.2420283555984497,-0.013498615473508835,0.004111143760383129,0.3129926025867462,0.0021617284510284662,-0.003339973744004965,1.2446730602689784,0.36937556918015896,51586,-0.06394276569501578,-0.009986907457559544,0.007100427573109247,0.6217119989742059,0.0,0.0,0.3
12.692603121999127,rising,0,0.00223676604218781,-0.014656907878816128,1.2471665143966675,-0.012850181199610233,0.004983201157301664,0.3146984279155731,0.0021617284510284662,-0.003339973744004965,1.2506923415691564,0.36962544008139214,51621,-0.05734986592633007,-0.009550940129521781,0.0068719328259467805,1.286775997868972,0.0,0.0,0.3
12.713357386997814,rising,0,0.0020241313613951206,-0.014646156691014767,1.254834532737732,-0.011684292927384377,0.00620335852727294,0.3142889440059662,0.0021617284510284662,-0.003339973744004965,1.2567885698689496,0.36786422862364027,51375,-0.1038198252337672,-0.008921537159598744,0.006502165988071296,1.3784989969281014,0.0,0.0,0.3
12.732388146996527,rising,0,0.0018493959214538336,-0.014687364920973778,1.2598944902420044,-0.011168680153787136,0.006373023614287376,0.31318867206573486,0.0021617284510284662,-0.003339973744004965,1.2627272660688322,0.3695151524006204,51606,-0.06025983111819677,-0.008834443444690317,0.00638318901054058,0.977572999545373,0.0,0.0,0.3
12.752683112998056,rising,0,0.0017201774753630161,-0.014656993560492992,1.2650409936904907,-0.01033257506787777,0.00710523733869195,0.3129744231700897,0.0021617284510284662,-0.003339973744004965,1.2687150614689746,0.3706754171743113,51768,-0.029645984846668583,-0.008378903820259045,0.006051518365933317,1.275482998607913,0.0,0.0,0.3
12.772048657996493,rising,0,0.001582249067723751,-0.014608913101255894,1.2726589441299438,-0.009353945963084698,0.007535717450082302,0.3103933334350586,0.0021617284510284662,-0.003339973744004965,1.274695772068735,0.3699197945139385,51662,-0.04958325820742715,-0.008111254566754229,0.005683913914497074,0.7616799994139001,0.0,0.0,0.3
12.79234104099669,rising,0,0.001468227943405509,-0.014643626287579536,1.277713656425476,-0.008394366130232811,0.008211525157094002,0.308210551738739,0.0021617284510284662,-0.003339973744004965,1.2806945159686438,0.3721923391834475,51979,0.010378342571172539,-0.0077358509863793504,0.005256106133092908,1.0056829996756278,0.0,0.0,0.3
12.812509855997632,rising,0,0.001324083423241973,-0.014543292112648487,1.285319209098816,-0.007410970516502857,0.00883833970874548,0.3067595362663269,0.0021617284510284662,-0.003339973744004965,1.2867852050680813,0.37102383032310854,51816,-0.020453025775502454,-0.007314128986433226,0.004897958653578449,0.902650997886667,0.0,0.0,0.3
12.832411398998374,rising,0,0.0012654031161218882,-0.014504129067063332,1.2903649806976318,-0.006282200571149588,0.009403751231729984,0.3063018321990967,0.0021617284510284662,-0.003339973744004965,1.2927469823684805,0.37239817027275995,52008,0.015809242025326853,-0.006941379294567197,0.004336689702616026,0.9466439987591002,0.0,0.0,0.3
12.85260189699693,rising,0,0.0013118458446115255,-0.01443412248045206,1.2952847480773926,-0.005176926031708717,0.010254686698317528,0.30478647351264954,0.0021617284510284662,-0.003339973744004965,1.2987242759686342,0.3744788551859865,52299,0.07070858010518322,-0.006373535855974334,0.003672680905107084,1.1677350012178067,0.0,0.0,0.3
12.872405278998485,rising,0,0.0012584882788360119,-0.01434947457164526,1.3027809858322144,-0.0038782127667218447,0.011003952473402023,0.30408740043640137,0.0021617284510284662,-0.003339973744004965,1.3047176966680856,0.37294991521307186,52085,0.030367156017724994,-0.005907047555350575,0.0030485068821555217,1.014294000924565,0.0,0.0,0.3
12.892250542998227,rising,0,0.0012554171262308955,-0.01425474975258112,1.3078078031539917,-0.0026824637316167355,0.012018959037959576,0.30327022075653076,0.0021617284510284662,-0.003339973744004965,1.3107068315683863,0.3745622795747701,52310,0.072909751313194,-0.0052384698849918445,0.0024001833298643582,0.9261560007871594,0.0,0.0,0.3
12.914038119997713,rising,0,0.0012546118814498186,-0.014086946845054626,1.3152767419815063,-0.0014896614011377096,0.012999454513192177,0.30186542868614197,0.0021617284510284662,-0.003339973744004965,1.3169951336688244,0.3737888248227114,52202,0.05250197421402092,-0.004545098004167873,0.001767787607177107,1.1319069999444764,0.0,0.0,0.3
12.932641678999062,rising,0,0.0013076490722596645,-0.01401207223534584,1.3202555179595947,-0.00021396524971351027,0.013717501424252987,0.30128294229507446,0.0021617284510284662,-0.003339973744004965,1.3227390311680938,0.375037807475717,52377,0.0854566616284167,-0.004067174263377151,0.0010250296399607617,1.1729639991244767,0.0,0.0,0.3
12.952979797999433,rising,0,0.0013781129382550716,-0.01388511247932911,1.3251875638961792,0.0009444946772418916,0.01461199950426817,0.3011936843395233,0.0021617284510284662,-0.003339973744004965,1.3288140332683542,0.37651370909523113,52583,0.12439865686625495,-0.003441197996319059,0.00033079080236331215,1.226442000188399,0.0,0.0,0.3
12.972378564998507,rising,0,0.0014710209798067808,-0.013661571778357029,1.3327198028564453,0.00216209446080029,0.01523493230342865,0.30046141147613525,0.0021617284510284662,-0.003339973744004965,1.3347165221687463,0.3748439979002018,52350,0.08034295251191992,-0.0028856120254298957,-0.00041653570301503073,0.9904509970510844,0.0,0.0,0.3
12.992453493996436,rising,0,0.0015646738465875387,-0.013532021082937717,1.337700366973877,0.0031753405928611755,0.016053464263677597,0.3023049831390381,0.0021617284510284662,-0.003339973744004965,1.34071769456903,0.3752006055515439,52400,0.08975212537055022,-0.002308437998978403,-0.0010560919801048119,1.0579149966361001,0.0,0.0,0.3
13.01299423999808,rising,0,0.001713986392132938,-0.013296684250235558,1.3451486825942993,0.004005744121968746,0.016746584326028824,0.30239325761795044,0.0021617284510284662,-0.003339973744004965,1.3468620926688164,0.3735281308314303,52166,0.04562350478707877,-0.0016956380705953006,-0.0016653425459030036,0.9041129997058306,0.0,0.0,0.3
13.03269330099647,rising,0,0.0019053254509344697,-0.013153217732906342,1.3501564264297485,0.004737596958875656,0.017103740945458412,0.30256959795951843,0.0021617284510284662,-0.003339973744004965,1.3527120560684853,0.37449552890731824,52301,0.07114851998201033,-0.0013472813543072733,-0.002256259002901162,1.2780550023308024,0.0,0.0,0.3
13.052558674997272,rising,0,0.002032918855547905,-0.012957083992660046,1.355151891708374,0.005289127584546804,0.01767031103372574,0.3052454888820648,0.0021617284510284662,-0.003339973744004965,1.3587424988680867,0.37445508563839297,52295,0.0700814152610274,-0.0008353019375253067,-0.002687379417629421,1.0597979999147356,0.0,0.0,0.3
13.072659225999814,rising,0,0.0022845754865556955,-0.012742455117404461,1.3626935482025146,0.0057146139442920685,0.0180923230946064,0.3063491880893707,0.0021617284510284662,-0.003339973744004965,1.3647189302683547,0.3719491847923742,51945,0.003962659429397775,-0.0003831939193344503,-0.0032049099514410706,1.2213830013934057,0.0,0.0,0.3
13.092859160999069,rising,0,0.0024147480726242065,-0.012535994872450829,1.367784857749939,0.006168548483401537,0.018298659473657608,0.30872663855552673,0.0021617284510284662,-0.003339973744004965,1.3707509075685085,0.3719397187980589,51944,0.0037128970464088695,-5.0214257854690214e-05,-0.0035890773257238884,1.2940889973833691,0.0,0.0,0.3
13.112630987998273,rising,0,0.0026656559202820063,-0.012267662212252617,1.375345230102539,0.006421572528779507,0.01857731305062771,0.308368980884552,0.0021617284510284662,-0.003339973744004965,1.376747054068328,0.3701652815376814,51696,-0.04310602802951635,0.0003900646467050184,-0.004014124387047069,0.9002659971883986,0.0,0.0,0.3
13.13239567999699,rising,0,0.0027808062732219696,-0.012079646810889244,1.380468487739563,0.006696549244225025,0.018525274470448494,0.30647391080856323,0.0021617284510284662,-0.003339973744004965,1.3827185942690265,0.37217585158376226,51977,0.009943313555730526,0.0005620665046397635,-0.004263967637304189,1.0078280029119924,0.0,0.0,0.3
13.153029128996423,rising,0,0.002965702675282955,-0.011918825097382069,1.3854925632476807,0.0067113847471773624,0.018622439354658127,0.30739423632621765,0.0021617284510284662,-0.003339973744004965,1.3887913289684364,0.37303019526357994,52096,0.03248536315514272,0.0007853259001119683,-0.004460422178907741,1.3398570008575916,0.0,0.0,0.3
13.172817527000007,rising,0,0.0032081182580441236,-0.011633964255452156,1.393194556236267,0.006610760930925608,0.018563413992524147,0.30651816725730896,0.0021617284510284662,-0.003339973744004965,1.394845318469088,0.3714103396851377,51870,-0.010254889574204284,0.0010637587742198546,-0.004686769041376104,1.015663998259697,0.0,0.0,0.3
13.193017979996512,rising,0,0.003367368131875992,-0.011437135748565197,1.398283839225769,0.006493274122476578,0.018279241397976875,0.3075048327445984,0.0021617284510284662,-0.003339973744004965,1.4007674162687906,0.3719607169031843,51947,0.0042669367594783125,0.0011210547934456126,-0.004787918240382494,1.3579879996541422,0.0,0.0,0.3
13.213322005998634,rising,0,0.0035670632496476173,-0.011166010051965714,1.405941128730774,0.006211359519511461,0.0181225948035717,0.30741140246391296,0.0021617284510284662,-0.003339973744004965,1.406785217068391,0.3699591483925579,51668,-0.04854489729398814,0.0013355811407752421,-0.004877330335479213,1.2026680014969315,0.0,0.0,0.3
13.232296586997109,rising,0,0.003718864405527711,-0.010997810401022434,1.4110671281814575,0.005944480653852224,0.017712611705064774,0.30787545442581177,0.0021617284510284662,-0.003339973744004965,1.4126759123690862,0.37068460825121413,51769,-0.029403476221263602,0.0012932652912522485,-0.0048875990144527925,1.0631170007400215,0.0,0.0,0.3
13.252822457998263,rising,0,0.003826823318377137,-0.01079888828098774,1.416170597076416,0.005551291164010763,0.017556207254529,0.3090405762195587,0.0021617284510284662,-0.003339973744004965,1.4187251813684996,0.3712867385597875,51853,-0.013516132987138718,0.0014212246165367808,-0.0047841809883717445,1.3612060029117856,0.0,0.0,0.3
13.272112824997748,rising,0,0.004049476236104965,-0.010642061941325665,1.4238197803497314,0.005096380598843098,0.017262008041143417,0.30918070673942566,0.0021617284510284662,-0.003339973744004965,1.4246796032683777,0.3690991051559335,51547,-0.07123733097800766,0.0014401894994078876,-0.004807332349129778,0.8865440031513572,0.0,0.0,0.3
13.292676299999584,rising,0,0.004133174195885658,-0.010436433367431164,1.4288733005523682,0.004691944923251867,0.016637612134218216,0.3092966377735138,0.0021617284510284662,-0.003339973744004965,1.4307249536691233,0.3702824812991768,51713,-0.040013686037552176,0.0013204622472609766,-0.004663935321666202,1.2607460012077354,0.0,0.0,0.3
13.312801148997096,rising,0,0.004346687346696854,-0.01025587972253561,1.4365544319152832,0.0041605811566114426,0.01609751768410206,0.30917876958847046,0.0021617284510284662,-0.003339973744004965,1.436742098968971,0.36826150129582513,51430,-0.09333769668007719,0.0012305009380423485,-0.004632865196958935,0.9176540006592404,0.0,0.0,0.3
13.3318030479968,rising,0,0.004434619564563036,-0.010140566155314445,1.441615343093872,0.0037081532645970583,0.015184639021754265,0.30879396200180054,0.0021617284510284662,-0.003339973744004965,1.4426763992688212,0.36954629448285015,51610,-0.059438140294192365,0.000856980689825182,-0.004467079262269635,0.6241760020202491,0.0,0.0,0.3
13.352409116996569,rising,0,0.0045267208479344845,-0.01001328881829977,1.4467039108276367,0.0031039423774927855,0.014392155222594738,0.30876874923706055,0.0021617284510284662,-0.003339973744004965,1.4487209843690652,0.3707554863860106,51779,-0.02753334073850766,0.000564002154348819,-0.004225939076358376,1.0002749986597337,0.0,0.0,0.3
13.371966816997883,rising,0,0.004625669214874506,-0.009862876497209072,1.4542615413665771,0.0025862755719572306,0.013239149004220963,0.30727025866508484,0.0021617284510284662,-0.003339973744004965,1.4546773961687722,0.3695033127287501,51604,-0.06057222351583036,0.00010465134717544544,-0.004067177509530007,0.7515580000472255,0.0,0.0,0.3
13.391943104998063,rising,0,0.00471015740185976,-0.009803490713238716,1.4592525959014893,0.001979365013539791,0.012324655428528786,0.30679556727409363,0.0021617284510284662,-0.003339973744004965,1.4606977577685756,0.371028397960977,51817,-0.0203325076259393,-0.00032470986374194083,-0.003814392706045444,0.6716120005876292,0.0,0.0,0.3
13.412774194999656,rising,0,0.004713444039225578,-0.009711148217320442,1.4643446207046509,0.0012679380597546697,0.011334509588778019,0.30649900436401367,0.0021617284510284662,-0.003339973744004965,1.466768776768804,0.3724024141909885,52009,0.015921218759590516,-0.0007560894775356256,-0.0034217724840650554,1.225873998919269,0.0,0.0,0.3
13.432139778997225,rising,0,0.004732348024845123,-0.009657010436058044,1.4718390703201294,0.0005337160546332598,0.010101997293531895,0.3054961562156677,0.0021617284510284662,-0.003339973744004965,1.472675618668727,0.37091996079256073,51802,-0.023193646634283027,-0.0013653019514372417,-0.003059939964480618,0.9171239980787504,0.0,0.0,0.3
13.452567454998643,rising,0,0.004806958604604006,-0.00954500027000904,1.47687828540802,-0.000296081299893558,0.009128226898610592,0.305169939994812,0.0021617284510284662,-0.003339973744004965,1.478741357968174,0.37236792325778717,52004,0.015011167751639576,-0.0017626865557564533,-0.002682500121563569,1.096341002266854,0.0,0.0,0.3
13.47286897399681,rising,0,0.004803372547030449,-0.009508668445050716,1.4843661785125732,-0.0009377403184771538,0.008029374293982983,0.3050656020641327,0.0021617284510284662,-0.003339973744004965,1.4847105377681875,0.3705221478128626,51746,-0.03369003132288917,-0.0023253837145698897,-0.0023456367637164632,1.1627420026343316,0.0,0.0,0.3
13.492990903996542,rising,0,0.004813693463802338,-0.009538016282022,1.4893746376037598,-0.001436499529518187,0.007151054218411446,0.30537179112434387,0.0021617284510284662,-0.003339973744004965,1.490732447068949,0.3716374881927164,51902,-0.004261525258144161,-0.0028226695903416405,-0.002081293416863028,1.4780399978917558,0.0,0.0,0.3
13.512778334999894,rising,0,0.004819346591830254,-0.009557443670928478,1.496911644935608,-0.0018497344572097063,0.006225316319614649,0.3064902424812317,0.0021617284510284662,-0.003339973744004965,1.4967607889685315,0.36919273389545043,51561,-0.06876691568732518,-0.0033639048756982813,-0.0018773413135579897,1.2503329999162816,0.0,0.0,0.3
13.532758811998065,rising,0,0.0049146004021167755,-0.00964511651545763,1.5018579959869385,-0.002138769254088402,0.005110538098961115,0.3076290786266327,0.0021617284510284662,-0.003339973744004965,1.5027030623682367,0.3698699787939592,51655,-0.05089765715147365,-0.004055360456599078,-0.0018206270858442952,1.3685060002899263,0.0,0.0,0.3
13.55197800699898,rising,0,0.004934294614940882,-0.009686685167253017,1.5068727731704712,-0.002417710144072771,0.004246982280164957,0.30720850825309753,0.0021617284510284662,-0.003339973744004965,1.5086960831690521,0.37130560703027043,51856,-0.01301828416173123,-0.004549611710482191,-0.001684555042350766,0.7149259981815703,0.0,0.0,0.3
13.572790078997059,rising,0,0.004894495476037264,-0.009717236272990704,1.5143688917160034,-0.002617670688778162,0.0035645049065351486,0.30489060282707214,0.0021617284510284662,-0.003339973744004965,1.5147365006691689,0.3706459263291838,51763,-0.030424107409398715,-0.004958947618328486,-0.0015367035112434646,1.3107650011079386,0.0,0.0,0.3
13.592616927999188,rising,0,0.004878271371126175,-0.009768158197402954,1.5193514823913574,-0.0027707484550774097,0.0028045817743986845,0.30411651730537415,0.0021617284510284662,-0.003339973744004965,1.520750630968978,0.37232460607264,51998,0.013868234106595878,-0.005399506823114373,-0.0014301167579111596,1.133522000600351,0.0,0.0,0.3
13.612467415998253,rising,0,0.004827043507248163,-0.009803528897464275,1.5268077850341797,-0.0030484457965940237,0.002365167485550046,0.3038540184497833,0.0021617284510284662,-0.003339973744004965,1.52670881906859,0.37058360675515173,51755,-0.03206842334692084,-0.005700202511600959,-0.0012316707222133072,1.1049579989048652,0.0,0.0,0.3
13.632698569999775,rising,0,0.004767215810716152,-0.009847304783761501,1.5317842960357666,-0.003252082271501422,0.001872242079116404,0.3025224506855011,0.0021617284510284662,-0.003339973744004965,1.5327930548687436,0.3726356233173029,52041,0.022074493860232636,-0.005980368960755367,-0.0010513717348454854,1.0505790014576633,0.0,0.0,0.3
13.652067377999629,rising,0,0.004749862477183342,-0.009905832819640636,1.5367486476898193,-0.0035171613562852144,0.0017187489429488778,0.3028372526168823,0.0021617284510284662,-0.003339973744004965,1.538700625468191,0.37365944776500853,52184,0.049088331530567686,-0.006108794925827095,-0.0008880315613641887,0.7774510013405234,0.0,0.0,0.3
13.673230186999717,rising,0,0.0047508724965155125,-0.01000752579420805,1.5441826581954956,-0.0036589689552783966,0.0017182676820084453,0.30295994877815247,0.0021617284510284662,-0.003339973744004965,1.5447887891689605,0.3719166592595599,51941,0.0031044659514467554,-0.00624705323945399,-0.0008170213766443002,1.2077779974788427,0.0,0.0,0.3
13.692164811996918,rising,0,0.0046973149292171,-0.010041913948953152,1.549141764640808,-0.0035499033983796835,0.001714844605885446,0.30383074283599854,0.0021617284510284662,-0.003339973744004965,1.550706111868276,0.37268067238408625,52048,0.023263123590664847,-0.0062729930620898525,-0.000816393142822669,0.8445220009889454,0.0,0.0,0.3
13.712337037999532,rising,0,0.004703079350292683,-0.010092983953654766,1.55403470993042,-0.003389650024473667,0.002041073050349951,0.30449241399765015,0.0021617284510284662,-0.003339973744004965,1.5567035411681718,0.3737328415373178,52195,0.051024842673291104,-0.0061354115723341734,-0.0009060226009154349,1.0111999981745612,0.0,0.0,0.3
13.732378280998091,rising,0,0.004657710902392864,-0.0101304417476058,1.5614964962005615,-0.003101096721366048,0.0023181030992418528,0.30351129174232483,0.0021617284510284662,-0.003339973744004965,1.5627008024687528,0.37239376796992063,52008,0.015693086277588364,-0.0060489236760338395,-0.0010155210258615543,1.0475099988980219,0.0,0.0,0.3
13.7530352199974,rising,0,0.004655553959310055,-0.010217437520623207,1.566379427909851,-0.0028458163142204285,0.002903331769630313,0.30333447456359863,0.0021617284510284662,-0.003339973744004965,1.5688201658690377,0.3740296940959808,52236,0.05885736401004671,-0.005802568067258358,-0.0011452754711060997,1.2415169985615648,0.0,0.0,0.3
13.77227749099984,rising,0,0.0046777864918112755,-0.010296208783984184,1.573790192604065,-0.0026054258923977613,0.003513917326927185,0.30349352955818176,0.0021617284510284662,-0.003339973744004965,1.5746936156691662,0.3720290139864435,51957,0.0060689706185605985,-0.0055902176287716855,-0.0013045707653267513,0.971469002251979,0.0,0.0,0.3
13.792802234998817,rising,0,0.00463152676820755,-0.010349768213927746,1.5787208080291748,-0.002304570283740759,0.003926071338355541,0.30369535088539124,0.0021617284510284662,-0.003339973744004965,1.5807225938687042,0.37330275926304785,52135,0.03967702541023144,-0.00540771617902273,-0.0014117373421447255,1.3532880002458114,0.0,0.0,0.3
13.813611479999963,rising,0,0.004662262741476297,-0.010352200828492641,1.5861272811889648,-0.0020456926431506872,0.004445935599505901,0.3038913905620575,0.0021617284510284662,-0.003339973744004965,1.5867207122690887,0.37144446950014365,51875,-0.009354366750828902,-0.005157472487838721,-0.0015912888346349963,1.8433000004733913,0.0,0.0,0.3
13.832081754997489,rising,0,0.004712803289294243,-0.010348580777645111,1.5910052061080933,-0.0017073628259822726,0.0048520807176828384,0.30313339829444885,0.0021617284510284662,-0.003339973744004965,1.5927014597688687,0.37320339890925225,52121,0.037055380191350906,-0.004911630169395442,-0.0018192699922439104,0.7935480025480501,0.0,0.0,0.3
13.85301958999844,rising,0,0.004694193601608276,-0.010404256172478199,1.5958763360977173,-0.00141633371822536,0.0055747865699231625,0.30267488956451416,0.0021617284510284662,-0.003339973744004965,1.5987244337688753,0.37487480100008336,52354,0.08115569921064214,-0.004563563173824849,-0.0019465692958664516,1.5800019973539747,0.0,0.0,0.3
13.872012194999115,rising,0,0.0046454742550849915,-0.010281485505402088,1.6033183336257935,-0.0011569276684895158,0.006310899276286364,0.30334123969078064,0.0021617284510284662,-0.003339973744004965,1.6046712797685179,0.372673282015053,52047,0.02306812704625294,-0.004063699377378054,-0.00204499049407314,0.8281519985757768,0.0,0.0,0.3
13.892571853997651,rising,0,0.004732522182166576,-0.010304492898285389,1.6082167625427246,-0.0009336274233646691,0.0069304234348237514,0.30382776260375977,0.0021617284510284662,-0.003339973744004965,1.610722943668661,0.3738737815232794,52214,0.05474357581211997,-0.0037438565099400774,-0.0022510075862585133,1.1309520014037844,0.0,0.0,0.3
13.913568078998651,rising,0,0.004615899175405502,-0.010267657227814198,1.6132487058639526,-0.0008643934270367026,0.00764066306874156,0.30373355746269226,0.0021617284510284662,-0.003339973744004965,1.6167851516690281,0.37521161440344264,52401,0.09004259639690204,-0.0033126531614793755,-0.002155557556394294,1.8493790012144018,0.0,0.0,0.3
13.931944575997477,rising,0,0.004647652618587017,-0.010170118883252144,1.6206324100494385,-0.0008852316532284021,0.008049690164625645,0.3013059198856354,0.0021617284510284662,-0.003339973744004965,1.6226997941685841,0.3745908154310711,52314,0.07366267628155754,-0.0029956003347269148,-0.002181911438346118,0.6750089996785391,0.0,0.0,0.3
13.952750731998094,rising,0,0.004655292723327875,-0.010207661427557468,1.6255123615264893,-0.0010399953462183475,0.008557169698178768,0.3017997145652771,0.0021617284510284662,-0.003339973744004965,1.6287258893688703,0.3757794952090649,52480,0.10502625881437666,-0.0027559905298156946,-0.002100772475338797,1.278609997825697,0.0,0.0,0.3
13.972323565998522,rising,0,0.004695671144872904,-0.01005776971578598,1.6329593658447266,-0.001157000195235014,0.008883547969162464,0.30259019136428833,0.0021617284510284662,-0.003339973744004965,1.6346832248684948,0.37352356679037274,52165,0.04550308154017735,-0.0024373607807914857,-0.0020940515664378268,1.05501000143704,0.0,0.0,0.3
13.992439400997682,rising,0,0.004697323311120272,-0.010049916803836823,1.6378939151763916,-0.0011803479865193367,0.009117310866713524,0.304493248462677,0.0021617284510284662,-0.003339973744004965,1.6407093659684322,0.3739392147496314,52223,0.05647004616441542,-0.0023012234058672077,-0.002081003750588284,1.0673139986465685,0.0,0.0,0.3
14.012588628997037,rising,0,0.004733003675937653,-0.009985818527638912,1.6428478956222534,-0.0013468137476593256,0.009492154233157635,0.30567875504493713,0.0021617284510284662,-0.003339973744004965,1.646718525268152,0.3746690455637024,52325,0.0757267958760508,-0.002028214384641577,-0.0020261824905385417,1.160024999990128,0.0,0.0,0.3
14.032315528998879,rising,0,0.004721921868622303,-0.009880551137030125,1.6503418684005737,-0.0015808006282895803,0.009652023203670979,0.3055127263069153,0.0021617284510284662,-0.003339973744004965,1.6527019268681031,0.37286596906027175,52074,0.02815221794912226,-0.001839341737172328,-0.001898584814430393,0.9962270014511887,0.0,0.0,0.3
14.05311635399994,rising,0,0.0047178673557937145,-0.009810375049710274,1.6553210020065308,-0.001963089220225811,0.01000258233398199,0.3077542781829834,0.0021617284510284662,-0.003339973744004965,1.6587875195685045,0.3731314250698467,52111,0.035156334296745584,-0.0015749012173926886,-0.0016879790192951827,1.3881449995096773,0.0,0.0,0.3
14.072661928999878,rising,0,0.004688681103289127,-0.00974294263869524,1.6628546714782715,-0.002389061963185668,0.010340024717152119,0.30857497453689575,0.0021617284510284662,-0.003339973744004965,1.6646827985686103,0.37067463386383687,51767,-0.029666652669213533,-0.0013305018058797006,-0.0014378347025043592,1.4058199994906317,0.0,0.0,0.3
14.091888040999038,rising,0,0.0046765985898673534,-0.009614042937755585,1.6678777933120728,-0.0027662089560180902,0.010567469522356987,0.30966901779174805,0.0021617284510284662,-0.003339973744004965,1.67069206196873,0.371362879424602,51864,-0.01150713919256141,-0.0010667036595202969,-0.001219040462951515,0.6428390006476548,0.0,0.0,0.3
14.112701443998958,rising,0,0.0047163148410618305,-0.009530799463391304,1.6728852987289429,-0.0030449144542217255,0.011072922497987747,0.3093898892402649,0.0021617284510284662,-0.003339973744004965,1.6766957828681188,0.3727513568572531,52058,0.0251281492678892,-0.0007021999126184217,-0.0011075794681461026,1.3672040004166774,0.0,0.0,0.3
14.132732233996649,rising,0,0.004603271838277578,-0.009350437670946121,1.6805297136306763,-0.0031448090448975563,0.011446922086179256,0.30841347575187683,0.0021617284510284662,-0.003339973744004965,1.6827039977685492,0.37119634790833117,51840,-0.015901110598123935,-0.00030927353237326113,-0.000936581404169079,1.3510710014088545,0.0,0.0,0.3
14.15208143899872,rising,0,0.004669395741075277,-0.00937265157699585,1.6855229139328003,-0.0031994683668017387,0.01183302141726017,0.3082834482192993,0.0021617284510284662,-0.003339973744004965,1.6886767577686261,0.37248896452813834,52021,0.01820486881631389,-0.00012474697608710772,-0.0009749907642433442,0.8926289992814418,0.0,0.0,0.3
14.172667013997852,rising,0,0.004609320312738419,-0.009219838306307793,1.6930952072143555,-0.003138011321425438,0.01200483925640583,0.3088628351688385,0.0021617284510284662,-0.003339973744004965,1.6947863114685604,0.3703725277136801,51725,-0.037637791195775705,0.00013235876017663012,-0.0009488677124731559,0.8625189984741155,0.0,0.0,0.3
14.191910936999193,rising,0,0.00463944673538208,-0.009104969911277294,1.6980546712875366,-0.003032310400158167,0.011755125597119331,0.30743783712387085,0.0021617284510284662,-0.003339973744004965,1.7006840708680828,0.3722605567404444,51989,0.01217827811198724,0.00012095473410541323,-0.0010332152982066578,0.7009040018601809,0.0,0.0,0.3
14.212773566996475,rising,0,0.0046595181338489056,-0.00899923499673605,1.7030532360076904,-0.0030990776140242815,0.011588026769459248,0.308564692735672,0.0021617284510284662,-0.003339973744004965,1.7067345815689623,0.37301573807238064,52094,0.0321039069229716,0.00014450028605163208,-0.0010168482907670917,1.294583998969756,0.0,0.0,0.3
14.231942232996516,rising,0,0.004628331866115332,-0.0088417399674654,1.7106291055679321,-0.00309723406098783,0.011228322051465511,0.3077135682106018,0.0021617284510284662,-0.003339973744004965,1.7126891519682248,0.37141672392146313,51871,-0.01008644006693693,0.00012104447671298554,-0.0009886324174526173,0.7022950012469664,0.0,0.0,0.3
14.252699979999306,rising,0,0.004555108025670052,-0.008724899031221867,1.7181739807128906,-0.0032579158432781696,0.01114867813885212,0.309172660112381,0.0021617284510284662,-0.003339973744004965,1.7187837428686907,0.36887488270617497,51516,-0.07715349060224419,0.00020539630915034703,-0.0008289225169628711,0.7793039985699579,0.0,0.0,0.3
14.272410687997763,rising,0,0.004608731716871262,-0.008616688661277294,1.7231770753860474,-0.0033281706273555756,0.010891841724514961,0.3092869222164154,0.0021617284510284662,-0.003339973744004965,1.7246788490684413,0.3699342720729216,51664,-0.049201264566713476,0.00018295791369772266,-0.0008465482706323524,1.158504997874843,0.0,0.0,0.3
14.29236026399667,rising,0,0.004495993722230196,-0.008504422381520271,1.728284239768982,-0.0034029772505164146,0.010819552466273308,0.30963578820228577,0.0021617284510284662,-0.003339973744004965,1.7307084818684233,0.3709153094380077,51801,-0.023316373667343626,0.00026456460476106556,-0.0006823947989766932,1.0288240009685978,0.0,0.0,0.3
14.312513221997506,rising,0,0.0043997205793857574,-0.008343871682882309,1.7358267307281494,-0.00344844744540751,0.010712909512221813,0.30890876054763794,0.0021617284510284662,-0.003339973744004965,1.7367981239688377,0.3694637183121613,51598,-0.061616931077539405,0.00038169580704090566,-0.0005562315395872819,0.6553159983013757,0.0,0.0,0.3
14.332576840999536,rising,0,0.004490487743169069,-0.008264172822237015,1.7407082319259644,-0.0034527054522186518,0.010634786449372768,0.3087163269519806,0.0021617284510284662,-0.003339973744004965,1.7426955356688993,0.3708318381127136,51789,-0.02551878330571178,0.00042412134109284317,-0.0006497895234551798,1.2235350004630163,0.0,0.0,0.3
14.352988031998393,rising,0,0.004475180990993977,-0.00814351812005043,1.7456872463226318,-0.0033105998300015926,0.01045411266386509,0.3093370795249939,0.0021617284510284662,-0.003339973744004965,1.7487599414686703,0.3718812939036904,51936,0.0021713431052869936,0.0004555346919544994,-0.0007079169517001382,1.385832998494152,0.0,0.0,0.3
14.37251937199835,rising,0,0.004415543749928474,-0.008082952350378036,1.7530745267868042,-0.003148502204567194,0.01036760676652193,0.3078806400299072,0.0021617284510284662,-0.003339973744004965,1.754748651569098,0.37086298458968786,51794,-0.02469697652538727,0.0004754585172688147,-0.0007329545257415138,1.0390490024292376,0.0,0.0,0.3
14.392551484997966,rising,0,0.004390859976410866,-0.007974407635629177,1.7581239938735962,-0.0029365287628024817,0.010005922988057137,0.30726203322410583,0.0021617284510284662,-0.003339973744004965,1.7606858735690185,0.372284555565205,51992,0.012811492485619524,0.00039596349585123913,-0.0008175114625175173,1.2752719994750805,0.0,0.0,0.3
14.412533972998062,rising,0,0.004394924733787775,-0.007933208718895912,1.7630832195281982,-0.002722695469856262,0.009620998054742813,0.3057680130004883,0.0021617284510284662,-0.003339973744004965,1.7667057362687775,0.3743610034350185,52282,0.0675990352247613,0.0002321439965269209,-0.0009315592873511136,1.1852150018967222,0.0,0.0,0.3
14.43242163299874,rising,0,0.004381477367132902,-0.007870575413107872,1.7704663276672363,-0.002422009827569127,0.008887962438166142,0.304769903421402,0.0021617284510284662,-0.003339973744004965,1.7726878880691221,0.3731111316267677,52108,0.03462088724980461,-9.286294988695054e-05,-0.001081441011470563,1.1265399989497382,0.0,0.0,0.3
14.452692022998235,rising,0,0.004451421555131674,-0.007843914441764355,1.7753492593765259,-0.0023178705014288425,0.008238207548856735,0.3051379919052124,0.0021617284510284662,-0.003339973744004965,1.7787518837690004,0.37440690505693663,52289,0.06881015981362992,-0.00041114328799950737,-0.0012080526434234962,1.1518070023157634,0.0,0.0,0.3
14.472019638997153,rising,0,0.004468703176826239,-0.0077043683268129826,1.7827914953231812,-0.0023337334860116243,0.007509034126996994,0.30426204204559326,0.0021617284510284662,-0.003339973744004965,1.784623839648872,0.3699656311105858,51668,-0.048373849324914175,-0.0006593888464900106,-0.001232663983510518,0.8396950033784378,0.0,0.0,0.2941634244146371
14.492027445998247,rising,0,0.004511806648224592,-0.007725086994469166,1.7876886129379272,-0.002397727919742465,0.006757553666830063,0.3063596189022064,0.0021617284510284662,-0.003339973744004965,1.7904432002981607,0.36631529484695424,51159,-0.1446887903178311,-0.0010988756722544635,-0.0012570750462435054,0.8058650018938351,0.0,0.0,0.28664891378894025
14.512353605998214,rising,0,0.004469552543014288,-0.007701952941715717,1.7926868200302124,-0.0026256723795086145,0.00622565345838666,0.3060140311717987,0.0021617284510284662,-0.003339973744004965,1.796130186262678,0.36358307086006775,50777,-0.2167791329797435,-0.0013742703775056968,-0.0010946473372210885,0.9643419980420731,0.0,0.0,0.2791099430385657
14.531899350997264,rising,0,0.0044632344506680965,-0.007616098970174789,1.800094723701477,-0.0028811320662498474,0.00560682313516736,0.30640408396720886,0.0021617284510284662,-0.003339973744004965,1.801595090366502,0.3572400800141361,49891,-0.384140369020157,-0.00164899191628906,-0.0009639904904541474,0.7409620011458173,0.0,0.0,0.2716683312885834
14.552874769997288,rising,0,0.004450362641364336,-0.007630305364727974,1.807497262954712,-0.0032512277830392122,0.005270280409604311,0.3064548075199127,0.0021617284510284662,-0.003339973744004965,1.807067182350075,0.3509705579994912,49016,-0.5495631134698904,-0.0018864179144776707,-0.000755642143537516,0.8764459998928942,0.0,0.0,0.26400684316404294
14.5724385839967,rising,0,0.0044854553416371346,-0.007586758118122816,1.8123677968978882,-0.0035972457844763994,0.00487579545006156,0.3045389652252197,0.0021617284510284662,-0.003339973744004965,1.8121680474580408,0.3485424803692208,48677,-0.613628486300243,-0.0020759458357886558,-0.0006026284424178741,1.2197689975437243,0.0,0.0,0.2566592379137546
14.592332552998414,rising,0,0.004457749892026186,-0.0075904447585344315,1.8172286748886108,-0.0038456774782389402,0.0043234084732830524,0.30318138003349304,0.0021617284510284662,-0.003339973744004965,1.8172427588709583,0.3457263688697666,48283,-0.6879322197950781,-0.002416673061517702,-0.000431766561160174,1.0294439998688176,0.0,0.0,0.24913436303886557
14.612429962999158,rising,0,0.004453098867088556,-0.007651078049093485,1.8221501111984253,-0.004174820147454739,0.0037926477380096912,0.29947230219841003,0.0021617284510284662,-0.003339973744004965,1.8221486022084896,0.3438131705805511,48016,-0.7384123857374387,-0.002809413818045319,-0.0002372920663886724,1.0962129999825265,0.0,0.0,0.24163722466464607
14.632057793998683,rising,0,0.004453124478459358,-0.007683726493269205,1.8292462825775146,-0.004489363171160221,0.003067046869546175,0.2935470640659332,0.0021617284510284662,-0.003339973744004965,1.826906038343008,0.340100768957039,47498,-0.8363649351704758,-0.0033051785727437758,-5.494188327470617e-05,0.8021610010473523,0.0,0.0,0.23413771853920481
14.652644658999634,rising,0,0.0044334037229418755,-0.007725045084953308,1.833837866783142,-0.004636075347661972,0.0020405889954417944,0.28708839416503906,0.0021617284510284662,-0.003339973744004965,1.831541077630563,0.33961035992660066,47429,-0.8493044874247868,-0.003963113088776792,5.4606581437299795e-05,1.175507000880316,0.0,0.0,0.2265925677887026
14.672487431998888,rising,0,0.004416248761117458,-0.007730573415756226,1.8406025171279907,-0.004795219749212265,0.0010238849790766835,0.27773812413215637,0.0021617284510284662,-0.003339973744004965,1.8359990478869108,0.33764748558602126,47155,-0.9010953671234514,-0.004594935312333464,0.00016951355636996013,1.059590998920612,0.0,0.0,0.21909065266418112
14.692759027999273,rising,0,0.0044216252863407135,-0.007776194252073765,1.844893217086792,-0.00487532140687108,-0.00019284723384771496,0.2693091332912445,0.0021617284510284662,-0.003339973744004965,1.8403346452243812,0.33813933293648657,47224,-0.8881178644726511,-0.0053618913892658155,0.0002102847579306122,1.1722919989551883,0.0,0.0,0.2115396324136782
14.713072715996532,rising,0,0.004378983750939369,-0.007852189242839813,1.8490867614746094,-0.004821098875254393,-0.001234728842973709,0.25903454422950745,0.0021617284510284662,-0.003339973744004965,1.844523247696714,0.339487073088114,47412,-0.8525574383083399,-0.006043954766110889,0.00022774845313433545,1.113887999963481,0.0,0.0,0.20397932303903873
14.732181576997391,rising,0,0.004345419351011515,-0.007929293438792229,1.8550986051559448,-0.00478026457130909,-0.0022093404550105333,0.24804428219795227,0.0021617284510284662,-0.003339973744004965,1.8484333803895183,0.3386899547965843,47301,-0.8735895832035805,-0.006724773412695039,0.00024381164518527676,0.960680001298897,0.0,0.0,0.196659514663952
14.752251738998893,rising,0,0.004369608126580715,-0.008049285039305687,1.858908772468567,-0.004802376497536898,-0.00322607415728271,0.23711636662483215,0.0021617284510284662,-0.003339973744004965,1.852304543495259,0.3404624263001006,47548,-0.8268225250633101,-0.007428022816958068,0.00022711296160204952,0.9612230023776647,0.0,0.0,0.18913379491395974
14.773410026999045,rising,0,0.004382953979074955,-0.008196400478482246,1.8642433881759644,-0.004924364387989044,-0.004147817846387625,0.22485128045082092,0.0021617284510284662,-0.003339973744004965,1.856138118190154,0.34083239074162774,47600,-0.8170609303000607,-0.00813351375661253,0.00028278611505827556,1.1808579984062817,0.0,0.0,0.1813736787888047
14.792374639997433,rising,0,0.0043961163610219955,-0.008355247788131237,1.8675947189331055,-0.004855846520513296,-0.0050528207793831825,0.21046380698680878,0.0021617284510284662,-0.003339973744004965,1.8595609491957248,0.3444990890399797,48112,-0.7203142733514589,-0.008756808072803221,0.00022471508117072325,1.1265670000284445,0.0,0.0,0.1741530594138567
14.813859654997941,rising,0,0.004352866671979427,-0.008559197187423706,1.872315764427185,-0.00481822807341814,-0.0057899244129657745,0.1975620537996292,0.0021617284510284662,-0.003339973744004965,1.863138428815992,0.3455725374344321,48262,-0.6919910967168317,-0.00939230329926944,0.0002523068756434821,1.0556050001468975,0.0,0.0,0.16627139978963898
14.832544579996465,rising,0,0.004379555583000183,-0.008683477528393269,1.8752907514572144,-0.004761614836752415,-0.00655285082757473,0.18405190110206604,0.0021617284510284662,-0.003339973744004965,1.8662433306011756,0.34890442249860365,48727,-0.6040785620421207,-0.00988244241338495,0.00018684806135249588,1.1469560013210867,0.0,0.0,0.1591147449142227
14.852242952998495,rising,0,0.004381879232823849,-0.008849534206092358,1.8780378103256226,-0.004626072943210602,-0.007373002357780933,0.17109845578670502,0.0021617284510284662,-0.003339973744004965,1.8693372038512988,0.3520747339723294,49170,-0.5204291827881438,-0.010448041982446348,0.00010552951520770293,0.9730740021041129,0.0,0.0,0.1516479380391502
14.872031238999625,rising,0,0.004396854899823666,-0.009053116664290428,1.8818769454956055,-0.004563773516565561,-0.007879841141402721,0.15929991006851196,0.0021617284510284662,-0.003339973744004965,1.8722927131959275,0.3531149699166733,49315,-0.49298232409833176,-0.010934972125111662,5.296893475836839e-05,0.8083550019364338,0.0,0.0,0.14415431003981213
14.89245450999806,rising,0,0.004417461343109608,-0.009246567264199257,1.8842847347259521,-0.0045314570888876915,-0.008351940661668777,0.1482812762260437,0.0021617284510284662,-0.003339973744004965,1.875120060921796,0.3553649111077409,49629,-0.4336171211677886,-0.011349213145802624,1.1251141629919914e-05,1.0372979995736387,0.0,0.0,0.13660144328905519
14.912988274998497,rising,0,0.00440432783216238,-0.009462615475058556,1.8875160217285156,-0.004728694912046194,-0.008496594615280628,0.13778860867023468,0.0021617284510284662,-0.003339973744004965,1.8778228324280504,0.3561257184391559,49736,-0.4135430490987897,-0.011648890436905344,0.00013674729901835825,0.8612920028099325,0.0,0.0,0.1289685065392405
14.93206768699747,rising,0,0.004404787439852953,-0.00955865066498518,1.8895329236984253,-0.005013059359043837,-0.008380348794162273,0.12771503627300262,0.0021617284510284662,-0.003339973744004965,1.8802767003891152,0.3580274214689791,50001,-0.3633661881535879,-0.011629373358669762,0.00029435811751121754,0.7781309977872297,0.0,0.0,0.12162431791448401
14.95263542399698,rising,0,0.00445513566955924,-0.0097044063732028,1.891475796699524,-0.005296890623867512,-0.008157358504831791,0.11883896589279175,0.0021617284510284662,-0.003339973744004965,1.8826341934808735,0.35922497006299026,50168,-0.3317685999211033,-0.011628755168511666,0.0003953378882197711,1.2788649983122014,0.0,0.0,0.11412429578904269
14.972291613998095,rising,0,0.004430278670042753,-0.009890313260257244,1.8941062688827515,-0.005811069626361132,-0.007722573820501566,0.1110200360417366,0.0021617284510284662,-0.003339973744004965,1.8848392903850397,0.35884759138733885,50116,-0.34172582091454373,-0.011605888449384157,0.0007100336331933299,0.9869649984466378,0.0,0.0,0.10663269766455417
14.992615454997576,rising,0,0.004421693738549948,-0.010089240036904812,1.8957597017288208,-0.006335483863949776,-0.007227633148431778,0.10428564995527267,0.0021617284510284662,-0.003339973744004965,1.8868961348082574,0.35896157721955574,50132,-0.33871827916739683,-0.011548108951226104,0.0010115587370647106,1.295003999985056,0.0,0.0,0.0991357599144067
15.012949350999406,rising,0,0.004436776041984558,-0.010224268771708012,1.898116111755371,-0.007028217427432537,-0.006501028314232826,0.0988617092370987,0.0021617284510284662,-0.003339973744004965,1.888871098348443,0.3572989111532436,49899,-0.38258809622048773,-0.011346282989992774,0.0013871427887877097,0.9227699993061833,0.0,0.0,0.09136014578944017
15.032248180999886,rising,0,0.004391723312437534,-0.010345703922212124,1.8995888233184814,-0.007515153381973505,-0.005657664034515619,0.09339568018913269,0.0021617284510284662,-0.003339973744004965,1.8905578666551384,0.3566853886185867,49814,-0.3987760258948114,-0.011029076405393367,0.0017130867991554943,1.014366000163136,0.0,0.0,0.0841522430398982
15.052089342996624,rising,0,0.00438935961574316,-0.010464844293892384,1.9010157585144043,-0.008043169043958187,-0.004644201602786779,0.08953354507684708,0.0021617284510284662,-0.003339973744004965,1.8921705348036089,0.35507708250888104,49589,-0.44121154330129286,-0.010642386612475819,0.002020918461655752,0.8024159978958778,0.0,0.0,0.07662962153954143
15.07275892099642,rising,0,0.004366233944892883,-0.010626654140651226,1.9030128717422485,-0.008325014263391495,-0.003560260869562626,0.0853160098195076,0.0021617284510284662,-0.003339973744004965,1.8936463186880976,0.35272412821805044,49261,-0.5032947699722854,-0.010282248617429747,0.0022204358478770114,1.1810119976871647,0.0,0.0,0.06903086978973082
15.092656363998685,rising,0,0.004395417403429747,-0.010630167089402676,1.904231071472168,-0.008242213167250156,-0.0026077900547534227,0.08127111941576004,0.0021617284510284662,-0.003339973744004965,1.8949364601180678,0.3511224539000559,49037,-0.5455553060671274,-0.009790596350634388,0.0021501548130204995,1.3075540009594988,0.0,0.0,0.06162511591428487
15.113186276998022,rising,0,0.004410719498991966,-0.010732324793934822,1.9060323238372803,-0.008236624300479889,-0.001609177328646183,0.07789614051580429,0.0021617284510284662,-0.003339973744004965,1.896131567628157,0.3481603768105067,48623,-0.6237103743929637,-0.009417590663976766,0.002147656842999668,0.9358409988635685,0.0,0.0,0.05386394228871726
15.131880006996653,rising,0,0.004430920351296663,-0.01075834035873413,1.9070793390274048,-0.007968200370669365,-0.0006154464790597558,0.07306937128305435,0.0021617284510284662,-0.003339973744004965,1.8970997462245471,0.34685093718904253,48440,-0.6582602324790905,-0.008910118285080905,0.001977690378320629,0.647517001198139,0.0,0.0,0.04663893578963329
15.152726704996894,rising,0,0.0044715809635818005,-0.010796952992677689,1.9080703258514404,-0.00792248547077179,0.00043552284478209913,0.06797434389591217,0.0021617284510284662,-0.003339973744004965,1.8979617755242824,0.3454550933284476,48245,-0.6950898857929406,-0.008382352412275921,0.0019121341801502378,1.3140449991624337,0.0,0.0,0.03909818866377467
15.172588295998139,rising,0,0.004442387726157904,-0.010717273689806461,1.909490704536438,-0.007932922802865505,0.0014769190456718206,0.06212877854704857,0.0021617284510284662,-0.003339973744004965,1.8986653361491943,0.3437393602917899,48006,-0.740359886760162,-0.007725526958271688,0.0019617226332580007,1.3339440010895487,0.0,0.0,0.031638550663774405
15.191976424997847,rising,0,0.0044758808799088,-0.01069547887891531,1.9103132486343384,-0.007843970321118832,0.002536894753575325,0.05609364062547684,0.0021617284510284662,-0.003339973744004965,1.899224840935119,0.3426519020466843,47854,-0.7690527164463266,-0.007105893380981696,0.0018769295207239356,0.6562319977092557,0.0,0.0,0.024111600914511696
15.21224117499878,nav,0,0.00453687971457839,-0.010638309642672539,1.9109687805175781,-0.007868736982345581,0.0035681428853422403,0.04780247434973717,0.0021617284510284662,-0.0033399737539640236,1.899224840935124,0.33390913632563207,46633,-0.9997325507748798,-0.006604129131744415,0.0018678352457393022,0.9155509978882037,0.0,-2.733000745825727e-06,1.412340201635591e-09
15.232058046996826,nav,0,0.004602977540344,-0.010572005063295364,1.9118895530700684,-0.007785359863191843,0.00447348365560174,0.04120968282222748,0.0021617284510284662,-0.003414182012121554,1.8992248792839268,0.3360368517048115,46930,-0.9435923033031273,-0.0014176176856175596,0.0017277052287516526,0.8516009984305128,0.0,-0.007460307879426768,3.8552835196939455e-06
15.252619791997859,nav,0,0.004657473415136337,-0.010487615130841732,1.9123564958572388,-0.007467786315828562,0.00518978014588356,0.0323047898709774,0.0021617284510284662,-0.003640994165137075,1.8992249964942576,0.33989661402172966,47469,-0.8417516089253407,0.003837666365046288,0.0014570885155655855,1.1898440025106538,0.0,-0.015025487869061672,7.764762083975251e-06
15.273039276999043,nav,0,0.004655139055103064,-0.010342738591134548,1.9128713607788086,-0.0074021765030920506,0.0057619730941951275,0.023569494485855103,0.0021617284510284662,-0.004013316152921169,1.8992251889001002,0.3436207951351817,47989,-0.7434882550083994,0.009065639902689018,0.0014058264952154786,1.2252870001248084,0.0,-0.022472355000202223,1.1613099791753967e-05
15.292532147999736,nav,0,0.004687425214797258,-0.0102014672011137,1.9130176305770874,-0.0071748606860637665,0.006173823028802872,0.01354559138417244,0.0021617284510284662,-0.004539664813763352,1.8992254609027241,0.3484596347063252,48665,-0.6158143876959059,0.014261172650807435,0.001218773982828214,1.2134389980928972,0.0,-0.02999613612076458,1.5501184550277e-05
15.312152347996744,nav,0,0.004801531787961721,-0.010083384811878204,1.9129009246826172,-0.0071678259409964085,0.006435553543269634,0.003244912251830101,0.0021617284510284662,-0.005210411060588548,1.8992258075260797,0.3537749632487241,49407,-0.4755682520125575,0.019303847115848913,0.0010674693360954723,0.8900280008674599,0.0,-0.03745434287398843,1.935538226528918e-05
15.331890368997847,nav,0,0.004917236976325512,-0.009978707879781723,1.9126943349838257,-0.006796230096369982,0.006467252969741821,-0.007332195527851582,0.0021617284510284662,-0.006034451964967991,1.899226233367931,0.35935022261843164,50186,-0.3284637831548398,0.024230941519857614,0.0007152983771698818,0.719698000466451,0.0,-0.04495395862305225,2.3230979019296672e-05
15.352072409998073,nav,0,0.004983489867299795,-0.009916011244058609,1.9123382568359375,-0.006403312552720308,0.006251167040318251,-0.016689950600266457,0.0021617284510284662,-0.0070094320269748454,1.8992267372110196,0.36451167250465855,50907,-0.1922777703256333,0.029028338397068046,0.00041688088447977556,0.8773629997449461,0.0,-0.052460397870666406,2.7110101971141163e-05
15.372545047997846,nav,0,0.005092486273497343,-0.009822863154113293,1.9116331338882446,-0.005885053891688585,0.005709035322070122,-0.02701076865196228,0.0021617284510284662,-0.008143642263688026,1.8992273233399173,0.37060018221626995,51757,-0.03163107608786575,0.03366717078476132,1.2702771278183533e-05,1.0977059973811265,0.0,-0.0600229198614808,3.1018206954169026e-05
15.392253640999115,nav,0,0.005150461103767157,-0.009821638464927673,1.9110831022262573,-0.0050687664188444614,0.004619221203029156,-0.034566570073366165,0.0021617284510284662,-0.009411921641537545,1.8992279787520885,0.37511755695349314,52388,0.08756086948530495,0.03801475215413759,-0.0004844875454843578,0.9801950000110082,0.0,-0.06748303723953701,3.4873392027953465e-05
15.412422068999149,nav,0,0.005315386690199375,-0.0098034692928195,1.9101159572601318,-0.004688217304646969,0.0028706537559628487,-0.038535285741090775,0.0021617284510284662,-0.010846826832003963,1.8992287202719322,0.3783702923143698,52842,0.17338502148732893,0.04229481341405394,-0.0008558279570207716,1.016622998577077,0.0,-0.07503425260655046,3.8775654056359664e-05
15.432285248996777,nav,0,0.005449606105685234,-0.009773475117981434,1.9094130992889404,-0.004155487287789583,0.00036390492459759116,-0.03960728272795677,0.0021617284510284662,-0.01240682831163817,1.8992295264381243,0.3798482329505775,53049,0.2123808166379284,0.046400249002727545,-0.0012743345718793098,1.0519190000195522,0.0,-0.08246296149012933,4.261460807733852e-05
15.452653785996517,nav,0,0.005534681491553783,-0.00985017605125904,1.9087313413619995,-0.003989968914538622,-0.002666673855856061,-0.041083186864852905,0.0021617284510284662,-0.014151688796516976,1.8992304281344055,0.3815065230648151,53280,0.2561351732141173,0.05034031745279963,-0.001444765925960656,1.1605189974943642,0.0,-0.09004879347688219,4.653475903013574e-05
15.472512545999052,nav,0,0.005745128262788057,-0.010092088021337986,1.9076809883117676,-0.003931109327822924,-0.00627549272030592,-0.03979375958442688,0.0021617284510284662,-0.016017555152815305,1.8992313923632187,0.3822427081684687,53383,0.27555958228149535,0.05396338881250039,-0.0016930038283389237,1.109319997340208,0.0,-0.0975099214798591,5.0390466367299166e-05
15.49236167899653,nav,0,0.0058928863145411015,-0.010274756699800491,1.9070497751235962,-0.0037395476829260588,-0.010452919639647007,-0.03676062077283859,0.0021617284510284662,-0.01804269728739351,1.8992324389014077,0.3815901322280883,53292,0.258341219738476,0.05773423687690321,-0.0019511879851519254,1.0062590008601546,0.0,-0.10500971947935864,5.426615730335821e-05
15.512393279997923,nav,0,0.00605267658829689,-0.010658315382897854,1.906230092048645,-0.003975223749876022,-0.014987128786742687,-0.03313421085476875,0.0021617284510284662,-0.020208435199855976,1.8992335580956576,0.3808765835980717,53192,0.23951407910479183,0.061261050089773034,-0.001998902123988344,1.0873729988816194,0.0,-0.11247819523175188,5.812566175689933e-05
15.532668319996446,nav,0,0.006221330724656582,-0.011057634837925434,1.9057565927505493,-0.004314303398132324,-0.020028697326779366,-0.027711177244782448,0.0021617284510284662,-0.02253778148299979,1.8992347618382488,0.3788379665836129,52908,0.18572471196867646,0.06494144838962074,-0.0020087235406816006,1.3386450009420514,0.0,-0.11999314097762839,6.20091806349028e-05
15.552900875998603,nav,0,0.006337565369904041,-0.011472298763692379,1.9053661823272705,-0.0043061948381364346,-0.025693386793136597,-0.022914379835128784,0.0021617284510284662,-0.025039087418869788,1.8992360544448956,0.37701053379035004,52652,0.13750748787203193,0.06849267928953175,-0.0021460843888401193,1.2846230019931681,0.0,-0.12757089434148217,6.592515677585203e-05
15.572137216997362,nav,0,0.006511318497359753,-0.012193812057375908,1.9049263000488281,-0.004571907222270966,-0.03198334947228432,-0.016035284847021103,0.0021617284510284662,-0.027626205961306424,1.8992373913971556,0.3741934991197165,52259,0.06317939629858671,0.07159821227092192,-0.002205958268914232,0.9212460026901681,0.0,-0.13496174173011208,6.974454500948446e-05
15.592409862998466,nav,0,0.006685648113489151,-0.012807761318981647,1.9046913385391235,-0.004441008437424898,-0.03908170387148857,-0.008798562921583652,0.0021617284510284662,-0.0304120111975132,1.8992388310252768,0.37094612939308386,51805,-0.022503182240532382,0.07480805563291507,-0.00248383000083785,1.0653550016286317,0.0,-0.14249219409846778,7.363607728680822e-05
15.614235778997681,nav,0,0.006816554814577103,-0.014017569832503796,1.9047054052352905,-0.004620884079486132,-0.0469679981470108,-0.0025269989855587482,0.0021617284510284662,-0.03349296628827719,1.8992404231787883,0.3678575060939137,51374,-0.1039972006882941,0.07747988245162257,-0.0025492336833365936,1.1744410003302619,0.0,-0.15038198492015395,7.771330587043826e-05
15.632240651997563,nav,0,0.006953067611902952,-0.014936461113393307,1.9048197269439697,-0.004511491861194372,-0.055874526500701904,0.00460412260144949,0.0021617284510284662,-0.03640638503365113,1.8992419287540885,0.36419299361011487,50862,-0.20068618442968855,0.07946207129818635,-0.0027848932322023234,0.9693989995867014,0.0,-0.15747953884803842,8.138112804755926e-05
15.652872935999767,nav,0,0.007116689812391996,-0.01602347195148468,1.9049351215362549,-0.004799451678991318,-0.06554713845252991,0.010341683402657509,0.0021617284510284662,-0.03963949699884434,1.89924359953812,0.3612224271924979,50447,-0.27906524558053114,0.08130510622924718,-0.002829546273090733,1.4822110024397261,0.0,-0.164998905468809,8.526693151306194e-05
15.672606902997359,nav,0,0.007341648917645216,-0.017805494368076324,1.9052947759628296,-0.005080265458673239,-0.0758075937628746,0.014431782066822052,0.0021617284510284662,-0.043031721860024665,1.8992453525473543,0.35874246131125764,50101,-0.3444997015499318,0.08214670479502699,-0.0029433834392187386,1.193496002088068,0.0,-0.17253639358719372,8.916209967399452e-05
15.692354176997469,nav,0,0.007473234552890062,-0.019127488136291504,1.9055920839309692,-0.004906823858618736,-0.08679009974002838,0.01858418993651867,0.0021617284510284662,-0.04654257567506249,1.8992471668607944,0.3563153953421135,49762,-0.40853838147458,0.08319436358779665,-0.0032085047277736756,0.9872079972410575,0.0,-0.18000540859029232,9.302188279758398e-05
15.712515288996656,nav,0,0.007785709574818611,-0.02168387919664383,1.906040072441101,-0.004996337927877903,-0.09822656214237213,0.021214455366134644,0.0021617284510284662,-0.050223769522117226,1.8992490692013144,0.3544168821278622,49497,-0.45863107842052386,0.08269282057068833,-0.003527843961500743,1.1260770006629173,0.0,-0.18751757821173748,9.690396705024199e-05
15.732161067997367,nav,0,0.007924775592982769,-0.023395979776978493,1.9063849449157715,-0.004936519078910351,-0.11051696538925171,0.023057766258716583,0.0021617284510284662,-0.05402967695774421,1.8992510359904138,0.3530556997994032,49307,-0.49454617943527346,0.08264852898751335,-0.003732890029800595,0.903943000594154,0.0,-0.19498018446491377,0.00010076043830676688
15.752699643999222,nav,0,0.008122376166284084,-0.02539856545627117,1.9066550731658936,-0.004264115355908871,-0.12304714322090149,0.0239376500248909,0.0021617284510284662,-0.05801666138144316,1.8992530963551588,0.3522616312110098,49196,-0.5154978572292954,0.08224385671780395,-0.004347452868421087,1.2997149970033206,0.0,-0.2025031117105821,0.000104648081806047
15.772337635997246,nav,0,0.008318224921822548,-0.02859179489314556,1.9072811603546143,-0.0038615847006440163,-0.13591624796390533,0.023976614698767662,0.0021617284510284662,-0.062129274860325163,1.899255221641571,0.35140177862847854,49076,-0.5381852604623081,0.08041704543580991,-0.0048101297976053115,1.0799130031955428,0.0,-0.2099808799623702,0.00010851238836968231
15.792673628999182,nav,0,0.008455922827124596,-0.030911026522517204,1.9075933694839478,-0.0030058668926358223,-0.14991039037704468,0.022729704156517982,0.0021617284510284662,-0.06640767036648369,1.899257432599611,0.35159087797193955,49102,-0.5331958318749468,0.07890776711902656,-0.00545097720935428,1.3067059990135022,0.0,-0.2174873930850459,0.00011239154949814255
15.812451382997097,nav,0,0.008774216286838055,-0.034898389130830765,1.9079662561416626,-0.0024704604875296354,-0.1637360155582428,0.019769297912716866,0.0021617284510284662,-0.07086187633147151,1.899259734411698,0.3525169175064663,49232,-0.5087620710694924,0.07565998367174978,-0.0061015976148384166,1.0339449981984217,0.0,-0.22503648632744555,0.00011629271487046129
15.83263176899709,nav,0,0.00893189013004303,-0.03766874969005585,1.9081847667694092,-0.001505418331362307,-0.17794717848300934,0.01636294461786747,0.0021617284510284662,-0.07540893831206755,1.8992620842092398,0.3538927917019562,49424,-0.4724593218481221,0.07354982323036073,-0.006801493615645082,1.3001219995203428,0.0,-0.23249024970669843,0.0001201446163710653
15.853176914999494,nav,0,0.009285064414143562,-0.04224459454417229,1.908402442932129,-0.0009224200621247292,-0.19228942692279816,0.013092989102005959,0.0021617284510284662,-0.08028929438959155,1.8992646062440754,0.3551641499773201,49601,-0.43891424861952366,0.0699044237730046,-0.007503221757027001,0.897991001693299,0.0,-0.24023318417338094,0.00012414595359815103
15.872575268997025,nav,0,0.009496467188000679,-0.045462556183338165,1.9085251092910767,-0.000323982210829854,-0.20626850426197052,0.010080873966217041,0.0021617284510284662,-0.08506293339396495,1.89926707313044,0.35646245769836665,49783,-0.4046581082225167,0.06766535968516019,-0.008048898193559806,1.0299389978172258,0.0,-0.24757263894320866,0.00012793878352889513
15.892589171999134,nav,0,0.0097053786739707,-0.04894918575882912,1.9085367918014526,0.000522701651789248,-0.2205418348312378,0.006014083977788687,0.0021617284510284662,-0.09005123608293798,1.8992696509491385,0.3584239582895918,50057,-0.3529034752086613,0.06515515068647468,-0.008710466548154105,1.1468490010884125,0.0,-0.25501654469951424,0.0001317855908789753
15.912754481996672,nav,0,0.009961689822375774,-0.05425889790058136,1.9084751605987549,0.0007476754835806787,-0.2342614382505417,0.0017800837522372603,0.0021617284510284662,-0.09518599898815805,1.8992723044544797,0.3605272919161465,50350,-0.29740654574811387,0.061090721701534234,-0.009068840377188359,1.1858119978569448,0.0,-0.2624585867049739,0.0001356314350934802
15.932594276997406,nav,0,0.010243641212582588,-0.05814942717552185,1.9083613157272339,0.0012179245240986347,-0.2470732480287552,-0.002298993058502674,0.0021617284510284662,-0.1005460582705286,1.8992750743868405,0.3626753628601315,50650,-0.24072921213373455,0.059445379394069096,-0.009585440867818651,1.1894929994014092,0.0,-0.2700084325723287,0.00013953298940183655
15.952767859998858,nav,0,0.01042171474546194,-0.062108494341373444,1.9082030057907104,0.0011175794061273336,-0.2602287232875824,-0.006824307609349489,0.0021617284510284662,-0.10602921126211026,1.8992779079306708,0.36509825762369197,50989,-0.17680059040390717,0.05762561019418705,-0.009661961431412847,1.3343589998839889,0.0,-0.27751922069424373,0.0001434143597332386
15.972145743999135,nav,0,0.010699702426791191,-0.06844104081392288,1.90786612033844,0.0008721307967789471,-0.2726259231567383,-0.009636144153773785,0.0021617284510284662,-0.1116374820778677,1.8992808061319781,0.3668489741999903,51233,-0.13060754089735482,0.053872950035553466,-0.009785152164965671,0.8341729990206659,0.0,-0.2849967024456893,0.00014727851824131554
15.993174253999314,nav,0,0.010954505763947964,-0.07277284562587738,1.907626986503601,0.0009084939956665039,-0.28509822487831116,-0.013147412799298763,0.0021617284510284662,-0.11741362647169103,1.8992837910857696,0.36887681035363995,51516,-0.0771026291915593,0.052446121058631834,-0.010027390191530428,1.8428439980198164,0.0,-0.29249825319449496,0.00015115511495038334
16.012433646999852,nav,0,0.011110491119325161,-0.07734667509794235,1.9073855876922607,0.000425643112976104,-0.2966341972351074,-0.01624840311706066,0.0021617284510284662,-0.12334521342088099,1.8992868563680314,0.3707100993144283,51772,-0.028730888801366206,0.051473982629842124,-0.009885604371715262,1.1040389981644694,0.0,-0.2999999599419029,0.00015503179227527157
16.032288863996655,nav,0,0.011341939680278301,-0.08431882411241531,1.9068984985351562,3.896065027220175e-05,-0.30699461698532104,-0.01684129424393177,0.0021617284510284662,-0.1293070121241658,1.8992899372629033,0.3714917056598684,51882,-0.008108030082629725,0.04469193857283777,-0.009905838402533229,1.055818000168074,0.0,-0.2999999599419029,0.00015503179227527157
16.052701168999192,nav,0,0.011483293026685715,-0.08913309127092361,1.9066218137741089,-0.0010748418280854821,-0.3179011344909668,-0.01715795136988163,0.0021617284510284662,-0.13534922071777025,1.8992930597114122,0.3719187611041147,51941,0.003159923591415037,0.04009175621321215,-0.009447519462872034,1.2782199992216192,0.0,-0.2999999599419029,0.00015503179227527157
16.0724876029999,nav,0,0.011682343669235706,-0.09669933468103409,1.9060965776443481,-0.0024139010347425938,-0.32771021127700806,-0.01772153563797474,0.0021617284510284662,-0.1413360019180458,1.8992961535165567,0.3727569671431027,52058,0.025276177918275522,0.03303854268340441,-0.008921389234368027,1.1367549996066373,0.0,-0.2999999599419029,0.00015503179227527157
16.092651629998727,nav,0,0.011793632991611958,-0.10183193534612656,1.9058091640472412,-0.003567998530343175,-0.33765503764152527,-0.016467643901705742,0.0021617284510284662,-0.14732709861808194,1.8992992495518337,0.3724344268028612,52013,0.016765878703461468,0.028646352348058013,-0.008428864399329106,1.339463000476826,0.0,-0.2999999599419029,0.00015503179227527157
16.112544146999426,nav,0,0.011976588517427444,-0.1098034679889679,1.90538489818573,-0.00501796742901206,-0.34657707810401917,-0.016411826014518738,0.0021617284510284662,-0.15338325900988858,1.8993023792102512,0.37286845742263164,52074,0.028217873948063854,0.021770099029411977,-0.007837564163808208,1.0575849992164876,0.0,-0.2999999599419029,0.00015503179227527157
16.13215195599696,nav,0,0.01195328589528799,-0.11496322602033615,1.905152440071106,-0.0063710566610097885,-0.35437777638435364,-0.013014581054449081,0.0021617284510284662,-0.1593353047152994,1.89930545506504,0.3714316020234096,51873,-0.00969387801030308,0.018506326456721615,-0.00711418716315837,0.845149999804562,0.0,-0.2999999599419029,0.00015503179227527157
16.15270043700002,nav,0,0.012124459259212017,-0.12055058032274246,1.9049460887908936,-0.007359885144978762,-0.36170756816864014,-0.010413647629320621,0.0021617284510284662,-0.16535787531020388,1.8993085673651668,0.3703649122724992,51724,-0.03783872631928453,0.015070909684120098,-0.006785563363855163,1.258444997802144,0.0,-0.2999999599419029,0.00015503179227527157
16.17210160399918,nav,0,0.012075256556272507,-0.12880024313926697,1.9046590328216553,-0.008480175398290157,-0.3679843544960022,-0.009013282135128975,0.0021617284510284662,-0.17131018951587712,1.8993116433587094,0.36999410898388685,51672,-0.047622454251007085,0.009208827393727751,-0.006133585202345637,0.893426997208735,0.0,-0.2999999599419029,0.00015503179227527157
16.192666815997654,nav,0,0.012122671119868755,-0.13429385423660278,1.9045199155807495,-0.009407702833414078,-0.373790979385376,-0.007087393198162317,0.0021617284510284662,-0.17731173791408106,1.8993147447951388,0.3691951962209318,51561,-0.06870194667726359,0.006633367096676836,-0.005695761733504057,1.288332998228725,0.0,-0.2999999599419029,0.00015503179227527157
16.213177094999992,nav,0,0.012153184041380882,-0.1430952101945877,1.9043474197387695,-0.010677938349545002,-0.3783567547798157,-0.003813594114035368,0.0021617284510284662,-0.1835217409858017,1.8993179539552547,0.3677638349068767,51361,-0.10646873596631501,0.0013575557112591543,-0.005060319509366584,1.0356630009482615,0.0,-0.2999999599419029,0.00015503179227527157
16.232273333997,nav,0,0.012141898274421692,-0.1486724317073822,1.9043924808502197,-0.011973678134381771,-0.38146471977233887,-0.0005739598418585956,0.0021617284510284662,-0.1893116871120003,1.8993209460414047,0.3660847991683191,51126,-0.15077047049290115,-0.00010175281513891414,-0.004363298816440153,1.0619499989843462,0.0,-0.2999999599419029,0.00015503179227527157
16.252737274997344,nav,0,0.012075289152562618,-0.1543964296579361,1.9043978452682495,-0.012958123348653316,-0.38398802280426025,0.0024361310061067343,0.0021617284510284662,-0.19535429710485322,1.8993240686973456,0.3645712150685286,50915,-0.1907067264240503,-0.001136866018349628,-0.0037682702457020323,1.3093359993945342,0.0,-0.2999999599419029,0.00015503179227527157
16.271951471997454,nav,0,0.012080629356205463,-0.16310197114944458,1.9044784307479858,-0.014036585576832294,-0.38564983010292053,0.005854590330272913,0.0021617284510284662,-0.201303800611022,1.8993271432383951,0.36276369030540434,50663,-0.23839867268062598,-0.005097697935836531,-0.003198349933635214,0.7694650012126658,0.0,-0.2999999599419029,0.00015503179227527157
16.2920422199968,nav,0,0.012054257094860077,-0.16889552772045135,1.904554009437561,-0.014447138644754887,-0.3868710398674011,0.009113050997257233,0.0021617284510284662,-0.20731021410855788,1.8993302471889753,0.36103923825119627,50422,-0.2838987268813664,-0.005562721042540089,-0.0029569785531633475,0.8250249993579928,0.0,-0.2999999599419029,0.00015503179227527157
16.312359620998905,nav,0,0.01190218422561884,-0.17458476126194,1.9046281576156616,-0.014801344834268093,-0.3872818052768707,0.012574016116559505,0.0021617284510284662,-0.21333485680460096,1.8993333605599076,0.35921404956165337,50167,-0.33205673979806605,-0.005446187763705834,-0.0026054504355088604,1.059021000401117,0.0,-0.2999999599419029,0.00015503179227527157
16.332419647998904,nav,0,0.011973307467997074,-0.18338850140571594,1.9047670364379883,-0.014926252886652946,-0.3862075209617615,0.014355223625898361,0.0021617284510284662,-0.21931388510563796,1.8993364503585655,0.3581544745445399,50019,-0.36001386426016246,-0.00801720923413451,-0.0026228406267951865,1.1931979970540851,0.0,-0.2999999599419029,0.00015503179227527157
16.352737110999442,nav,0,0.011861317791044712,-0.18907353281974792,1.904924750328064,-0.014424698427319527,-0.38387301564216614,0.01461871899664402,0.0021617284510284662,-0.22538073509647535,1.899339585541076,0.35781964438552444,49972,-0.36884843309962,-0.006292985393074281,-0.002780443578366487,1.2342510017333552,0.0,-0.2999999599419029,0.00015503179227527157
16.37232873299945,nav,0,0.011892370879650116,-0.19776850938796997,1.9051580429077148,-0.014121322892606258,-0.38197067379951477,0.015471138060092926,0.0021617284510284662,-0.23130745750417944,1.8993426483094755,0.3571053831659136,49872,-0.38769437556956277,-0.008340987069758547,-0.002990696963258044,1.097913998819422,0.0,-0.2999999599419029,0.00015503179227527157
16.392532397996547,nav,0,0.011727611534297466,-0.2031642198562622,1.9053065776824951,-0.013376043178141117,-0.37990614771842957,0.016285257413983345,0.0021617284510284662,-0.23733895729895876,1.8993457652239694,0.3565059223905113,49789,-0.40351128257226243,-0.006483400906597325,-0.0032289690738229737,1.147360002505593,0.0,-0.2999999599419029,0.00015503179227527157
16.413092720998975,nav,0,0.011815090663731098,-0.21163499355316162,1.9054118394851685,-0.01293155550956726,-0.3773772716522217,0.015800725668668747,0.0021617284510284662,-0.24345861658183093,1.8993489276968807,0.35661800191322657,49804,-0.4005540392288509,-0.007700278182390192,-0.003575356523864981,1.0626210023474414,0.0,-0.2999999599419029,0.00015503179227527157
16.432843080998282,nav,0,0.011732942424714565,-0.21722275018692017,1.905498743057251,-0.012397323735058308,-0.3739953935146332,0.01459837332367897,0.0021617284510284662,-0.2493475047960672,1.8993519709136015,0.357103221742308,49872,-0.38775140521614837,-0.005458389450805076,-0.0037776865874057375,1.4762489990971517,0.0,-0.2999999599419029,0.00015503179227527157
16.45228747999863,nav,0,0.011797512881457806,-0.22278857231140137,1.905572772026062,-0.011581174097955227,-0.37048280239105225,0.012131701223552227,0.0021617284510284662,-0.25534158709578114,1.899355068491755,0.3582387239182049,50031,-0.35779092564103365,-0.0030018365712605535,-0.004293460129625615,0.9495689992036205,0.0,-0.2999999599419029,0.00015503179227527157
16.472724422998,nav,0,0.01180486660450697,-0.23110808432102203,1.9055582284927368,-0.01109519973397255,-0.36688658595085144,0.010491668246686459,0.0021617284510284662,-0.26132778749572816,1.8993581619967579,0.3590757230373917,50148,-0.33570651616380864,-0.0035910534755756356,-0.004562327366353092,1.4257000002544373,0.0,-0.2999999599419029,0.00015503179227527157
16.492465648996586,nav,0,0.011809865944087505,-0.2363937497138977,1.905529499053955,-0.010364259593188763,-0.36328914761543274,0.008410702459514141,0.0021617284510284662,-0.2673487836922132,1.8993612734832788,0.36014832268163194,50297,-0.3074057339938818,-0.0007658715760901736,-0.0049602074796495366,1.0959899991576094,0.0,-0.2999999599419029,0.00015503179227527157
16.513070487999357,nav,0,0.011806409806013107,-0.24455370008945465,1.9054020643234253,-0.009976029396057129,-0.3595956861972809,0.005974791944026947,0.0021617284510284662,-0.273437876279233,1.8993644201601558,0.3615239142015501,50489,-0.2711104432308691,-0.0010109419434569775,-0.005152286835570674,1.093221999326488,0.0,-0.2999999599419029,0.00015503179227527157
16.532474921998073,nav,0,0.01186374668031931,-0.2500126361846924,1.905295491218567,-0.009557767771184444,-0.35516294836997986,0.004274687729775906,0.0021617284510284662,-0.2793277823925277,1.8993674639028992,0.36250608825011915,50627,-0.2451955606828733,0.0019129925683580603,-0.005432359585018975,1.1605509971559513,0.0,-0.2999999599419029,0.00015503179227527157
16.552489858997433,nav,0,0.01186607126146555,-0.25520676374435425,1.905116081237793,-0.008818353526294231,-0.3508848249912262,0.005541926249861717,0.0021617284510284662,-0.2853384591895646,1.8993705700566361,0.3620999095169948,50570,-0.255912677651855,0.005180188113427846,-0.00584943117042358,1.1512400014908053,0.0,-0.2999999599419029,0.00015503179227527157
16.572443361998012,nav,0,0.011904479935765266,-0.2629505693912506,1.904865026473999,-0.008332478813827038,-0.3469143211841583,0.003655871609225869,0.0021617284510284662,-0.2913187975917149,1.8993736605323184,0.36335623105866277,50745,-0.22276435201417577,0.005406445384738605,-0.006138931030017281,1.1744859984901268,0.0,-0.2999999599419029,0.00015503179227527157
16.592596087997663,nav,0,0.012069080956280231,-0.2682921588420868,1.9046448469161987,-0.00749299768358469,-0.3424120545387268,0.0004084172542206943,0.0021617284510284662,-0.2973147824904263,1.8993767590936832,0.36526332641013187,51012,-0.17244521345298658,0.008560234939846456,-0.0067468042455305355,1.288942999963183,0.0,-0.2999999599419029,0.00015503179227527157
16.612399185996765,nav,0,0.012044626288115978,-0.27615705132484436,1.9042274951934814,-0.007026998791843653,-0.3390156626701355,-0.002897388767451048,0.0021617284510284662,-0.30327940689441923,1.8993798414488001,0.3674366860554969,51315,-0.1151006317810861,0.008289618059168183,-0.006933928725811889,1.2886069998785388,0.0,-0.2999999599419029,0.00015503179227527157
16.632374005999736,nav,0,0.012096217833459377,-0.2812826931476593,1.9039555788040161,-0.006339073181152344,-0.33536627888679504,-0.005021752789616585,0.0021617284510284662,-0.3093450871842769,1.899382976026841,0.3688499444848198,51513,-0.07781149116570596,0.011256320606419947,-0.007336331293520404,1.029739996738499,0.0,-0.2999999599419029,0.00015503179227527157
16.6525975609984,nav,0,0.01215331256389618,-0.28634461760520935,1.903638482093811,-0.006177455186843872,-0.3327292203903198,-0.005902490112930536,0.0021617284510284662,-0.3153338540844335,1.8993860708581412,0.3696978100569303,51631,-0.05544036789102158,0.013660184807235645,-0.007468716889990956,1.2387700007820968,0.0,-0.2999999599419029,0.00015503179227527157
16.672360337997816,nav,0,0.01220668014138937,-0.29389357566833496,1.9031492471694946,-0.006196328904479742,-0.3298124372959137,-0.007982691749930382,0.0021617284510284662,-0.3213169050861838,1.8993891627356208,0.3713489087508273,51862,-0.011875758553369309,0.013483621672775909,-0.00748283019352014,1.0842019983101636,0.0,-0.2999999599419029,0.00015503179227527157
16.692449186997692,nav,0,0.012255378998816013,-0.2990555465221405,1.9028728008270264,-0.0064156996086239815,-0.3283848464488983,-0.007138246204704046,0.0021617284510284662,-0.32731397688512465,1.899392261858666,0.3712813365285393,51852,-0.013658666793160634,0.015154990297949464,-0.007418486441635341,1.1749109980883077,0.0,-0.2999999599419029,0.00015503179227527157
16.71301443399716,nav,0,0.012271448038518429,-0.3066156804561615,1.9024330377578735,-0.00644219433888793,-0.3255842626094818,-0.006859402172267437,0.0021617284510284662,-0.33347303606256923,1.8993954446923678,0.37169250445123375,51910,-0.002809908938424144,0.015137381341393509,-0.0074133165803378365,1.0097269987454638,0.0,-0.2999999599419029,0.00015503179227527157
16.732363364997582,nav,0,0.012312070466578007,-0.3115632236003876,1.9021378755569458,-0.0068630618043243885,-0.3234507441520691,-0.00681608822196722,0.0021617284510284662,-0.33930391058429743,1.8993984579291954,0.3720528944646225,51960,0.006699062391092525,0.01721959912013661,-0.007223563794100496,1.1753040016628802,0.0,-0.2999999599419029,0.00015503179227527157
16.752438693998556,nav,0,0.012321089394390583,-0.31652137637138367,1.901853322982788,-0.007024007849395275,-0.3218623697757721,-0.006646478548645973,0.0021617284510284662,-0.34536540527532267,1.8994015903442332,0.3723388242055833,52000,0.014243382733067023,0.01924525235659736,-0.007141252092556005,0.9832069990807213,0.0,-0.2999999599419029,0.00015503179227527157
16.77223869899899,nav,0,0.01231833454221487,-0.32399994134902954,1.9015328884124756,-0.007444905582815409,-0.3205661177635193,-0.005369414109736681,0.0021617284510284662,-0.35131556458019836,1.8994046652241816,0.37209538709516365,51966,0.007820239977931465,0.018311330111659543,-0.006916726007405893,1.023440003336873,0.0,-0.2999999599419029,0.00015503179227527157
16.792659326998546,nav,0,0.012385725975036621,-0.32916945219039917,1.9013234376907349,-0.007616047747433186,-0.3199910521507263,-0.0030416257213801146,0.0021617284510284662,-0.35733101137690354,1.899407773842924,0.3712039972951276,51841,-0.015699279811938638,0.019576952667348588,-0.006913745338000599,1.1871089991473127,0.0,-0.2999999599419029,0.00015503179227527157
16.812988188998133,nav,0,0.012331215664744377,-0.33670127391815186,1.9011125564575195,-0.008069165050983429,-0.3197685182094574,0.00018070584337692708,0.0021617284510284662,-0.3634269715629564,1.899410924068789,0.369848167103977,51652,-0.05147316348345754,0.018215821697990145,-0.006635100831684726,1.34396399880643,0.0,-0.2999999599419029,0.00015503179227527157
16.832130261998827,nav,0,0.01230255700647831,-0.34173583984375,1.9010274410247803,-0.008614327758550644,-0.32026419043540955,0.0024598066229373217,0.0021617284510284662,-0.3693050930777597,1.8994139617215735,0.3688210361790715,51509,-0.07857424329626639,0.01891272445185918,-0.006326866445925949,0.9345399994344916,0.0,-0.2999999599419029,0.00015503179227527157
16.852636887997505,nav,0,0.012237523682415485,-0.3466871380805969,1.9009889364242554,-0.008909070864319801,-0.3205755949020386,0.0038279672153294086,0.0021617284510284662,-0.3753307206734874,1.899417075601475,0.36819414887391866,51421,-0.09511480543750395,0.019943091759586175,-0.0061068811185025496,1.2984070017409977,0.0,-0.2999999599419029,0.00015503179227527157
16.871985526999197,nav,0,0.012153029441833496,-0.3542631268501282,1.9010257720947266,-0.009505040012300014,-0.32110902667045593,0.006817648187279701,0.0021617284510284662,-0.38133535787135536,1.8994201786341118,0.3666409806332841,51204,-0.1360954978025326,0.01802183879168921,-0.005715465301079581,0.6985149993852247,0.0,-0.2999999599419029,0.00015503179227527157
16.892292089996772,nav,0,0.012147931382060051,-0.35952258110046387,1.9010387659072876,-0.00988493487238884,-0.32226988673210144,0.007851995527744293,0.0021617284510284662,-0.38731535157324076,1.8994232689316626,0.3661104845930874,51130,-0.15009275479980566,0.01820104092514978,-0.005510643627572476,1.0450879999552853,0.0,-0.2999999599419029,0.00015503179227527157
16.914372132996505,nav,0,0.012008058838546276,-0.36718741059303284,1.9011600017547607,-0.010494628921151161,-0.3234189748764038,0.008645430207252502,0.0021617284510284662,-0.393749428813964,1.8994265938871941,0.3655513565902127,51052,-0.1648454725537558,0.01625309549929227,-0.005032436899592874,1.2787640007445589,0.0,-0.2999999599419029,0.00015503179227527157
16.932573551999667,nav,0,0.011953482404351234,-0.37227797508239746,1.9012740850448608,-0.011157062835991383,-0.3240996301174164,0.011093209497630596,0.0021617284510284662,-0.399355167765778,1.8994294907801033,0.36418723844952794,50861,-0.20083803563250946,0.01650601592008662,-0.004627551026173737,1.1590239992074203,0.0,-0.2999999599419029,0.00015503179227527157
16.95232608399965,nav,0,0.011810436844825745,-0.3773755431175232,1.9013453722000122,-0.011717711575329304,-0.3253118097782135,0.012994952499866486,0.0021617284510284662,-0.40535512286480996,1.8994325913931591,0.36315060861503384,50717,-0.2281897463051763,0.016879515743757893,-0.0041744262828025125,0.9319480013800785,0.0,-0.2999999599419029,0.00015503179227527157
16.972535421999055,nav,0,0.011664245277643204,-0.3852114975452423,1.9016143083572388,-0.012558928690850735,-0.3264611065387726,0.01505185291171074,0.0021617284510284662,-0.41130722076938897,1.899435667274923,0.3617716575125823,50524,-0.2645736804068015,0.014225177956316414,-0.0035636393688027734,1.2784449972969014,0.0,-0.2999999599419029,0.00015503179227527157
16.992167463999067,nav,0,0.011525078676640987,-0.3904535174369812,1.9018200635910034,-0.013190142810344696,-0.3284245431423187,0.01722843386232853,0.0021617284510284662,-0.41730493966863047,1.899438766732372,0.3604259268263108,50336,-0.30008108637702513,0.014027409070142383,-0.0030722353406860137,0.9542839979985729,0.0,-0.2999999599419029,0.00015503179227527157
17.013675622998562,nav,0,0.011395270936191082,-0.39849141240119934,1.902116298675537,-0.013905196450650692,-0.3302319049835205,0.018336841836571693,0.0021617284510284662,-0.42336631435984934,1.899441899085397,0.35948786199201566,50205,-0.32483213741383565,0.010858950962197075,-0.0025379957987499147,1.2312180006119888,0.0,-0.2999999599419029,0.00015503179227527157
17.032271807998768,nav,0,0.011229724623262882,-0.4037559926509857,1.9023398160934448,-0.014441302977502346,-0.3317066431045532,0.017907224595546722,0.0021617284510284662,-0.4293040662669006,1.8994449675535408,0.35942354214165734,50196,-0.3265292310908361,0.010789433062998928,-0.002055898702510328,1.0700899983930867,0.0,-0.2999999599419029,0.00015503179227527157
17.052122028999293,nav,0,0.011063030920922756,-0.4091337025165558,1.9024667739868164,-0.01463546697050333,-0.3338874578475952,0.017020955681800842,0.0021617284510284662,-0.4353038251661237,1.8994480680652062,0.3597066467961488,50236,-0.3190594512889522,0.010260082722580997,-0.0017609569544303483,0.9343249985249713,0.0,-0.2999999599419029,0.00015503179227527157
17.072292571996513,nav,0,0.010892883874475956,-0.4172223210334778,1.9027432203292847,-0.014833584427833557,-0.3357556462287903,0.015814583748579025,0.0021617284510284662,-0.44131459166260933,1.899451174265297,0.3599543421549815,50270,-0.31252395369442,0.0069058575293094995,-0.0014605893280670301,1.037699999869801,0.0,-0.2999999599419029,0.00015503179227527157
17.092621955998766,nav,0,0.010740410536527634,-0.4225600063800812,1.902920126914978,-0.014701896347105503,-0.3383652865886688,0.01421777531504631,0.0021617284510284662,-0.44732662835995346,1.8994542811217934,0.36053031706253985,50351,-0.2973267265820638,0.006195317612187103,-0.0013621426365608702,1.2759810015268158,0.0,-0.2999999599419029,0.00015503179227527157
17.11270641399824,nav,0,0.010517794638872147,-0.4308106303215027,1.9031696319580078,-0.014585659839212894,-0.34045353531837463,0.013398922979831696,0.0021617284510284662,-0.45336482415396634,1.8994574014965968,0.3606222492389119,50364,-0.2949010754904524,0.002581549366725544,-0.0011793354591347338,1.0673510005290154,0.0,-0.2999999599419029,0.00015503179227527157
17.1325140739973,nav,0,0.01040253508836031,-0.43627527356147766,1.9032337665557861,-0.014318940229713917,-0.3419998586177826,0.011332090012729168,0.0021617284510284662,-0.4593618815530613,1.8994605006122005,0.36157536774165433,50497,-0.26975283003550743,0.002308411674079521,-0.0011962504936442464,1.0880529989663046,0.0,-0.2999999599419029,0.00015503179227527157
17.152368524999474,nav,0,0.010332568548619747,-0.4418795108795166,1.9033344984054565,-0.013797028921544552,-0.34413063526153564,0.009074799716472626,0.0021617284510284662,-0.46533857975517695,1.8994635892067269,0.3625776516023147,50637,-0.24330734558536626,0.0015375830604372992,-0.0014036453145853667,1.0377280013926793,0.0,-0.2999999599419029,0.00015503179227527157
17.17252378899866,nav,0,0.010142255574464798,-0.4502088129520416,1.9033679962158203,-0.013334766030311584,-0.34573450684547424,0.006409924943000078,0.0021617284510284662,-0.4713202504562929,1.8994666803709048,0.3638684505256157,50817,-0.2092493265009061,-0.0019301908309725317,-0.0014435376987909088,1.2311430000409018,0.0,-0.2999999599419029,0.00015503179227527157
17.19253358899732,nav,0,0.010023112408816814,-0.4556715190410614,1.9034172296524048,-0.012699420563876629,-0.34790489077568054,0.004554882645606995,0.0021617284510284662,-0.47735091325157725,1.8994697968528602,0.36473495562147473,50938,-0.18638639521175016,-0.0024928531244718124,-0.0016578332786605365,1.0616930012474768,0.0,-0.2999999599419029,0.00015503179227527157
17.214195619999373,nav,0,0.009865562431514263,-0.46403172612190247,1.9034265279769897,-0.012189037166535854,-0.3491740822792053,0.0044749644584953785,0.0021617284510284662,-0.48333488285194876,1.8994728892050468,0.36476826043556265,50943,-0.18550764022262278,-0.005794300444179251,-0.0017647546753407628,1.0853830026462674,0.0,-0.2999999599419029,0.00015503179227527157
17.232295098998293,nav,0,0.009815768338739872,-0.46965137124061584,1.9033695459365845,-0.011684820987284184,-0.3495614230632782,0.003123547649011016,0.0021617284510284662,-0.48934568774911447,1.8994759954249822,0.3655148751717163,51047,-0.16580804296263096,-0.0055663412466585935,-0.001982551960426404,0.9179799999401439,0.0,-0.2999999599419029,0.00015503179227527157
17.252213105999544,nav,0,0.00969957560300827,-0.47522178292274475,1.9033539295196533,-0.011070815846323967,-0.35031893849372864,0.0013715580571442842,0.0021617284510284662,-0.4953307307502691,1.8994790883318728,0.3664104456846712,51172,-0.1421782141247725,-0.00551357546095063,-0.0021860084473270813,0.8888299998943694,0.0,-0.2999999599419029,0.00015503179227527157
17.272265299998253,nav,0,0.009668318554759026,-0.4836418628692627,1.9032306671142578,-0.010727901943027973,-0.35020798444747925,-0.00024100988230202347,0.0021617284510284662,-0.501313591851734,1.8994821801112174,0.36737750783979795,51307,-0.11666206227446096,-0.008092367612504162,-0.0023329039258257467,1.0153519979212433,0.0,-0.2999999599419029,0.00015503179227527157
17.29246978199808,nav,0,0.009528933092951775,-0.48911184072494507,1.9031505584716797,-0.010334701277315617,-0.35043540596961975,-0.00017733362619765103,0.0021617284510284662,-0.5073196798498907,1.8994852838935883,0.3674447434651434,51316,-0.11488803522049196,-0.007631048911744811,-0.0023947612750385705,1.17817600039416,0.0,-0.2999999599419029,0.00015503179227527157
17.312114642998495,nav,0,0.009515929967164993,-0.4974516034126282,1.9030115604400635,-0.010125640779733658,-0.34967106580734253,-0.0019352862145751715,0.0021617284510284662,-0.513309620949751,1.8994883793316828,0.36850469839389643,51464,-0.08692088670458098,-0.009745010359824644,-0.0024872230924366523,0.9166870004264638,0.0,-0.2999999599419029,0.00015503179227527157
17.332804044999648,nav,0,0.009486941620707512,-0.5031071305274963,1.902875304222107,-0.009889530017971992,-0.34897899627685547,-0.00211210735142231,0.0021617284510284662,-0.5193592551424157,1.8994915056175385,0.3687612663007589,51500,-0.08015128494039914,-0.008935353444353419,-0.0025821050347885066,1.3854130011168309,0.0,-0.2999999599419029,0.00015503179227527157
17.352339201999712,nav,0,0.009449000470340252,-0.5086829662322998,1.9028220176696777,-0.009624065831303596,-0.3484177887439728,-0.0011531158816069365,0.0021617284510284662,-0.5253239632453758,1.8994945880159086,0.3683467240401716,51442,-0.09108907545721578,-0.008218376248371875,-0.002687947982422667,1.058180998370517,0.0,-0.2999999599419029,0.00015503179227527157
17.372132831998897,nav,0,0.009387196972966194,-0.5169838666915894,1.9027100801467896,-0.009034940972924232,-0.3453407287597656,-0.00041196716483682394,0.0021617284510284662,-0.5313300386433945,1.899497691791768,0.3681196217237218,51411,-0.0970812210099794,-0.009045279322720454,-0.0029425238792131214,0.8615189981355797,0.0,-0.2999999599419029,0.00015503179227527157
17.392759609996574,nav,0,0.009364936500787735,-0.5224199295043945,1.9026622772216797,-0.008539212867617607,-0.3443370461463928,-0.0005531108472496271,0.0021617284510284662,-0.5373601617380466,1.899500807994821,0.36824724886023336,51428,-0.09371375038962171,-0.007851704919256153,-0.003186561843711244,1.31117099954281,0.0,-0.2999999599419029,0.00015503179227527157
17.413134393998916,nav,0,0.009303167462348938,-0.5305850505828857,1.9026304483413696,-0.008255858905613422,-0.34255141019821167,0.0012056520208716393,0.0021617284510284662,-0.5435175457159683,1.8995039899628252,0.3674124183718606,51312,-0.1157409400564493,-0.009083405146291372,-0.0032807981591129742,0.8547040015400853,0.0,-0.2999999599419029,0.00015503179227527157
17.43201266199685,nav,0,0.009317978285253048,-0.5360148549079895,1.9025707244873047,-0.00798030011355877,-0.3400559723377228,0.0035774046555161476,0.0021617284510284662,-0.5493361508389403,1.8995069968591625,0.36629677054931514,51156,-0.14517755806556565,-0.0073239087537046626,-0.00345742178453623,0.7312720008485485,0.0,-0.2999999599419029,0.00015503179227527157
17.4523356949976,nav,0,0.009294264018535614,-0.5413591265678406,1.9026082754135132,-0.007533428259193897,-0.3381911814212799,0.00442878995090723,0.0021617284510284662,-0.5553133437413516,1.8995100857093365,0.36582114716231884,51090,-0.15772698780161498,-0.005621824225126351,-0.003680300127156144,1.0674289987946395,0.0,-0.2999999599419029,0.00015503179227527157
17.47190390799733,nav,0,0.009264351800084114,-0.5494163632392883,1.9026875495910645,-0.00725350808352232,-0.3360016942024231,0.005042898468673229,0.0021617284510284662,-0.5613116800397111,1.8995131854858405,0.3654182485497248,51033,-0.16835755805475472,-0.006683453826680874,-0.0038048211413659327,0.7053340013953857,0.0,-0.2999999599419029,0.00015503179227527157
17.492102437998255,nav,0,0.009369920939207077,-0.5549050569534302,1.9027094841003418,-0.007020213175565004,-0.33497583866119385,0.005925530102103949,0.0021617284510284662,-0.5673254660367394,1.899516293246327,0.3649480270654341,50968,-0.18076445737641045,-0.005554322900371779,-0.004053285127969319,0.8531519997632131,0.0,-0.2999999599419029,0.00015503179227527157
17.51218052299737,nav,0,0.009431361220777035,-0.5629883408546448,1.9027169942855835,-0.0064941286109387875,-0.33265364170074463,0.00679689971730113,0.0021617284510284662,-0.5733257721355595,1.89951939404077,0.3645064304235496,50906,-0.19241608381135755,-0.006572735709075666,-0.004414277710814485,0.8945970002969261,0.0,-0.2999999599419029,0.00015503179227527157
17.53199180399679,nav,0,0.00942634604871273,-0.5681672096252441,1.9028526544570923,-0.0061932699754834175,-0.33101990818977356,0.008410205133259296,0.0021617284510284662,-0.5793278974345432,1.899522495775326,0.3635273106925954,50769,-0.21825037750408072,-0.004785718738120831,-0.004586172315784731,0.7424160030495841,0.0,-0.2999999599419029,0.00015503179227527157
17.552942933998565,nav,0,0.00937389861792326,-0.5733482241630554,1.9029067754745483,-0.005728085990995169,-0.3289949595928192,0.010316531173884869,0.0021617284510284662,-0.5854411805183041,1.8995256549531918,0.36250452669589894,50626,-0.24523676264118954,-0.002653289866200036,-0.004797891925068631,1.215009000588907,0.0,-0.2999999599419029,0.00015503179227527157
17.572092830996553,nav,0,0.009418903850018978,-0.5811761617660522,1.9030662775039673,-0.005567984655499458,-0.32656511664390564,0.011569464579224586,0.0021617284510284662,-0.5913152370343476,1.8995286905052957,0.36168010258595984,50511,-0.2669893776791614,-0.003476605829814112,-0.004947135643389222,0.8670690003782511,0.0,-0.2999999599419029,0.00015503179227527157
17.591994190999685,nav,0,0.009451785124838352,-0.5864371657371521,1.9032002687454224,-0.005557126831263304,-0.32520225644111633,0.012497127056121826,0.0021617284510284662,-0.5973238690314543,1.8995317956023359,0.3610475447667853,50423,-0.2836795576046107,-0.0018994367105847287,-0.004998247026836378,0.7462069988832809,0.0,-0.2999999599419029,0.00015503179227527157
17.612470201998804,nav,0,0.009523387998342514,-0.5941562056541443,1.9033554792404175,-0.005423502065241337,-0.3226158320903778,0.01385399978607893,0.0021617284510284662,-0.6034319303157468,1.8995349520817182,0.3601757789534144,50301,-0.30668129410516265,-0.0022569426975070257,-0.005164066495797259,0.8347949988092296,0.0,-0.2999999599419029,0.00015503179227527157
17.632394520998787,nav,0,0.009526903741061687,-0.5992394685745239,1.903491497039795,-0.005587450228631496,-0.3200380802154541,0.015030617825686932,0.0021617284510284662,-0.6093450897265421,1.899538007841131,0.3594162473545147,50195,-0.3267217056856282,9.633636354620866e-05,-0.005087660817655548,1.0476560019014869,0.0,-0.2999999599419029,0.00015503179227527157
17.65260121999745,nav,0,0.009537982754409313,-0.6043092608451843,1.9035230875015259,-0.005843473598361015,-0.31883302330970764,0.013225181959569454,0.0021617284510284662,-0.615362344022581,1.8995411173939398,0.36027972972752076,50316,-0.3039385296168682,0.0018170019278800956,-0.004945641173577986,1.1634490001597442,0.0,-0.2999999599419029,0.00015503179227527157
17.67314498199994,nav,0,0.009691636078059673,-0.6120163202285767,1.9036496877670288,-0.0058970157988369465,-0.31664955615997314,0.013133049942553043,0.0021617284510284662,-0.6215154419017918,1.8995442971470053,0.3601673823317275,50300,-0.3069028408515173,0.0013042148242913853,-0.005088100389113004,0.8236009998654481,0.0,-0.2999999599419029,0.00015503179227527157
17.69285448899973,nav,0,0.009539385326206684,-0.616946816444397,1.9037787914276123,-0.006204424891620874,-0.3145417273044586,0.012781484983861446,0.0021617284510284662,-0.6273403407232576,1.8995473072957543,0.360182573842693,50302,-0.30650200942762673,0.0034678879911221555,-0.004748103661333936,1.298019000387285,0.0,-0.2999999599419029,0.00015503179227527157
17.713004173998343,nav,0,0.009600273333489895,-0.6246255040168762,1.9038441181182861,-0.006354796700179577,-0.31317299604415894,0.01111097726970911,0.0021617284510284662,-0.6334209964118154,1.8995504496126725,0.3609346838084862,50407,-0.2866574193011573,0.0024480896743622237,-0.004722363974804411,1.076753997040214,0.0,-0.2999999599419029,0.00015503179227527157
17.732636009997805,nav,0,0.009576833806931973,-0.629723310470581,1.903896450996399,-0.00661441870033741,-0.3115732669830322,0.009804556146264076,0.0021617284510284662,-0.6393312296220238,1.8995535038599047,0.3615238124823371,50489,-0.27111312711511637,0.004228010829853069,-0.004545106028884582,1.3045400010014419,0.0,-0.2999999599419029,0.00015503179227527157
17.752259731998492,nav,0,0.009603126905858517,-0.6346869468688965,1.903887152671814,-0.006600828375667334,-0.3108789920806885,0.00826690997928381,0.0021617284510284662,-0.6453205107224037,1.8995565989569296,0.36230657479865375,50599,-0.25045976784554824,0.0057345142433821595,-0.004571817328797856,0.9992429986596107,0.0,-0.2999999599419029,0.00015503179227527157
17.785958746997494,nav,0,0.009571238420903683,-0.6421834230422974,1.903816819190979,-0.006600828375667334,-0.3108789920806885,0.00826690997928381,0.0021617284510284662,-0.651391873612252,1.899559736471583,0.3623912762667525,50611,-0.2482249006133923,0.004160126785520428,-0.004535550538181443,0.8307009993586689,0.0,-0.2999999599419029,0.00015503179227527157
17.79470180499993,nav,0,0.009637420065701008,-0.6472353935241699,1.9037768840789795,-0.006659128703176975,-0.30991068482398987,0.0057506198063492775,0.0021617284510284662,-0.6577605544619027,1.8995630276320443,0.3637029821526752,50794,-0.21361524663126197,0.006125758117423517,-0.004559920412965601,1.2730389971693512,0.0,-0.2999999599419029,0.00015503179227527157
17.812100575996737,nav,0,0.009634765796363354,-0.6548861265182495,1.9036766290664673,-0.006388787180185318,-0.3056826889514923,0.0034122318029403687,0.0021617284510284662,-0.663304406421351,1.8995658925434449,0.3649971898103026,50975,-0.1794672873271086,0.006111840402203994,-0.004688977946651907,0.9173380021820776,0.0,-0.2999999599419029,0.00015503179227527157
17.83285526599866,nav,0,0.009607985615730286,-0.659824013710022,1.9035464525222778,-0.006112877745181322,-0.30614545941352844,0.0009442002046853304,0.0021617284510284662,-0.669351826314127,1.8995690176850109,0.36639633140611,51170,-0.14255062253008077,0.007047221683191761,-0.004792444377578642,1.4688790033687837,0.0,-0.2999999599419029,0.00015503179227527157
17.85305595599857,nav,0,0.009553320705890656,-0.6647295355796814,1.9034278392791748,-0.005924124736338854,-0.30706340074539185,0.0005704996874555945,0.0021617284510284662,-0.6754550887990597,1.8995721716845047,0.36673379890606045,51217,-0.13364646685856485,0.007846553133704354,-0.004831348659162238,1.28142700123135,0.0,-0.2999999599419029,0.00015503179227527157
17.872370747998502,nav,0,0.009606095030903816,-0.6721960306167603,1.903178095817566,-0.005958337336778641,-0.3074611723423004,0.0009840037673711777,0.0021617284510284662,-0.6813232869156312,1.8995752042091476,0.36683454406753113,51231,-0.13098828317859912,0.005884664136984529,-0.00486891502012754,1.0832150001078844,0.0,-0.2999999599419029,0.00015503179227527157
17.89255088399659,nav,0,0.009614500217139721,-0.6772899627685547,1.9030625820159912,-0.005797244608402252,-0.3088136613368988,0.00023261629394255579,0.0021617284510284662,-0.6873191506150947,1.8995783027078799,0.3673557200233563,51304,-0.11723693869772411,0.006122067622258172,-0.004958864532015772,1.2229599997226615,0.0,-0.2999999599419029,0.00015503179227527157
17.91392593499768,nav,0,0.009614307433366776,-0.6848444938659668,1.902809977531433,-0.005753892939537764,-0.3094274699687958,-0.0003651940787676722,0.0021617284510284662,-0.6935981638760226,1.8995815475305784,0.36796790784958666,51389,-0.1010842256045752,0.004391663372495858,-0.004973967872898388,1.0944569985440467,0.0,-0.2999999599419029,0.00015503179227527157
17.93273625999791,nav,0,0.009653490968048573,-0.6898700594902039,1.902645230293274,-0.005635995417833328,-0.309549480676651,-0.00024944450706243515,0.0021617284510284662,-0.6993564483079997,1.8995845232548287,0.3681180975764903,51410,-0.09712143597651135,0.005119780664920232,-0.005078571175719304,1.29866100178333,0.0,-0.2999999599419029,0.00015503179227527157
17.952967937999347,nav,0,0.009705712087452412,-0.6948738098144531,1.9024709463119507,-0.0054340120404958725,-0.3105822801589966,-0.00016663472342770547,0.0021617284510284662,-0.7054058083000536,1.8995876493989852,0.3682970276868073,51435,-0.09240032488635208,0.005692078191236432,-0.005242507393824036,1.3036359996476676,0.0,-0.2999999599419029,0.00015503179227527157
17.972638376999384,nav,0,0.009718167595565319,-0.7024469971656799,1.9022713899612427,-0.0055681439116597176,-0.3108835518360138,-0.00011106541933258995,0.0021617284510284662,-0.7113781895017426,1.8995907357626034,0.3685164259557621,51466,-0.08661145235456225,0.0037875669069297457,-0.005180109428926993,0.7402209994324949,0.0,-0.2999999599419029,0.00015503179227527157
17.99246457299887,nav,0,0.009614568203687668,-0.707470178604126,1.902207612991333,-0.005843607243150473,-0.31063586473464966,0.00039718751213513315,0.0021617284510284662,-0.7173435180062444,1.8995938184815802,0.36834463877634377,51442,-0.09114409561098391,0.0049469548374723935,-0.0049204510531786205,1.0771230008685961,0.0,-0.2999999599419029,0.00015503179227527157
18.01280976199996,nav,0,0.009703297168016434,-0.715154767036438,1.9020771980285645,-0.006181968841701746,-0.3111328184604645,0.0022008547093719244,0.0021617284510284662,-0.7235184141808021,1.89959700949941,0.3676043799381215,51339,-0.11067599107859039,0.003043766786974192,-0.0048428168276268835,0.9071409986063372,0.0,-0.2999999599419029,0.00015503179227527157
18.032317405999493,nav,0,0.009619612246751785,-0.72013920545578,1.9019830226898193,-0.006830103229731321,-0.31193313002586365,0.0046642920933663845,0.0021617284510284662,-0.7293437843030871,1.8996000198917142,0.36649160337255615,51183,-0.14003685032833424,0.003534085952357336,-0.004412483410458856,0.9875780015136115,0.0,-0.2999999599419029,0.00015503179227527157
18.052917765999155,nav,0,0.00959479808807373,-0.7251302599906921,1.9019068479537964,-0.007302441168576479,-0.3126746714115143,0.005127177108079195,0.0021617284510284662,-0.7353400311024044,1.8996031185884221,0.36635749020057295,51165,-0.1435754564492644,0.004228066880547821,-0.0041291469677562365,1.5613800023857038,0.0,-0.2999999599419029,0.00015503179227527157
18.072026699999697,nav,0,0.009580015204846859,-0.7327196598052979,1.9018546342849731,-0.007825875654816628,-0.3128574788570404,0.0049651204608380795,0.0021617284510284662,-0.7413105163058439,1.8996062039722401,0.36650269867580876,51185,-0.13974409826362333,0.002359726004693106,-0.0038257371527783413,0.8243120028055273,0.0,-0.2999999599419029,0.00015503179227527157
18.092243124996457,nav,0,0.009601655416190624,-0.7378239631652832,1.9018861055374146,-0.00831772480159998,-0.3139718770980835,0.005796922370791435,0.0021617284510284662,-0.7473141491040998,1.8996093064858308,0.36604908084779714,51121,-0.15171290639057844,0.002736514542225883,-0.003585389791407323,0.9755040009622462,0.0,-0.2999999599419029,0.00015503179227527157
18.112761518998013,nav,0,0.009466120041906834,-0.745384931564331,1.9018651247024536,-0.00851193256676197,-0.3141333758831024,0.007331198081374168,0.0021617284510284662,-0.7533767387945854,1.8996124394667342,0.36530833172685445,51018,-0.1712577380777205,0.0010129575387730749,-0.0033379265716664275,1.0079390012833755,0.0,-0.2999999599419029,0.00015503179227527157
18.13245936799649,nav,0,0.009527567774057388,-0.7505089044570923,1.901904582977295,-0.008878767490386963,-0.3138764500617981,0.008504110388457775,0.0021617284510284662,-0.759353024495798,1.8996155278480913,0.3646745772493403,50930,-0.1879794921018405,0.002090506226316234,-0.0032099419986793,1.0644249996403232,0.0,-0.2999999599419029,0.00015503179227527157
18.152372853997804,nav,0,0.009535050019621849,-0.7556021809577942,1.9018701314926147,-0.00904054194688797,-0.31443649530410767,0.007629727479070425,0.0021617284510284662,-0.765340378397171,1.8996186219491922,0.3651569481024212,50997,-0.17525202895986425,0.00276039689597076,-0.003125292019758419,0.9902819983835798,0.0,-0.2999999599419029,0.00015503179227527157
18.17237024199858,nav,0,0.009489325806498528,-0.7632400989532471,1.9019951820373535,-0.009382619522511959,-0.31446126103401184,0.008907655254006386,0.0021617284510284662,-0.7713814649902399,1.8996217438178817,0.36436173347293954,50886,-0.19623394530502658,0.0009997970402793976,-0.0028941472523864586,0.8817769994493574,0.0,-0.2999999599419029,0.00015503179227527157
18.19207353099773,nav,0,0.009316323325037956,-0.7683302760124207,1.9021453857421875,-0.009770178236067295,-0.31468603014945984,0.00933921430259943,0.0021617284510284662,-0.7773157443975068,1.8996248104915325,0.36395952910086493,50830,-0.20684619786636205,0.0018050790276571106,-0.002494242274437175,0.8475099966744892,0.0,-0.2999999599419029,0.00015503179227527157
18.21296132799762,nav,0,0.009318225085735321,-0.7758462429046631,1.902222752571106,-0.009967382997274399,-0.31471726298332214,0.009031579829752445,0.0021617284510284662,-0.783426688081491,1.8996279684604602,0.36401731375726837,50838,-0.2053215367475385,0.00024371839701944905,-0.0023875866540690183,1.1351150023983791,0.0,-0.2999999599419029,0.00015503179227527157
18.232383880997077,nav,0,0.00935082882642746,-0.7810105681419373,1.9022841453552246,-0.010212663561105728,-0.31424960494041443,0.010559567250311375,0.0021617284510284662,-0.789318666594966,1.8996310132741634,0.36317794755860183,50720,-0.2274684021477107,0.00130325027715523,-0.0022939393049508094,1.1155239990330301,0.0,-0.2999999599419029,0.00015503179227527157
18.25267497799723,nav,0,0.009212847799062729,-0.7860298156738281,1.9023476839065552,-0.010120171122252941,-0.31447556614875793,0.009338587522506714,0.0021617284510284662,-0.7953828639855608,1.8996341470858824,0.3637108100806818,50795,-0.2134087049952047,0.0023263011475736974,-0.0021896906254177395,1.1639639997156337,0.0,-0.2999999599419029,0.00015503179227527157
18.27239729899884,nav,0,0.009194372221827507,-0.7937342524528503,1.9024999141693115,-0.010106833651661873,-0.3141457140445709,0.008364920504391193,0.0021617284510284662,-0.8013485566891637,1.8996372299930675,0.36400741598436803,50836,-0.20558269170533094,0.0005949642493133633,-0.002174932068365276,1.0305209980288055,0.0,-0.2999999599419029,0.00015503179227527157
18.292338788996858,nav,0,0.009104539640247822,-0.7987090945243835,1.9026063680648804,-0.010077898390591145,-0.31481418013572693,0.008397005498409271,0.0021617284510284662,-0.8073499040876102,1.8996403313256256,0.3638594229664239,50816,-0.20948752067483234,0.0013562408653160659,-0.002092965869491925,0.9674009997979738,0.0,-0.2999999599419029,0.00015503179227527157
18.31240886299929,nav,0,0.009086857549846172,-0.8062122464179993,1.9026837348937988,-0.009692221879959106,-0.31437087059020996,0.008114349097013474,0.0021617284510284662,-0.8133066462917029,1.8996434096074368,0.36390467060771475,50822,-0.20829365151148593,-0.00010008740828736599,-0.0022852358172935627,0.9111849976761732,0.0,-0.2999999599419029,0.00015503179227527157
18.332705352997436,nav,0,0.009001455269753933,-0.8113452792167664,1.9028019905090332,-0.009383338503539562,-0.31348904967308044,0.007981006056070328,0.0021617284510284662,-0.8193357751869063,1.8996465252967145,0.3638246656634447,50811,-0.2104045999091131,0.0013698411200444463,-0.0023616425893353554,1.3162840004952159,0.0,-0.2999999599419029,0.00015503179227527157
18.352251774998876,nav,0,0.008944055996835232,-0.8162816762924194,1.9028770923614502,-0.008816741406917572,-0.313416987657547,0.007095279172062874,0.0021617284510284662,-0.8253255995873343,1.8996496206745017,0.36417537375502523,50860,-0.20115108825791062,0.0025651596520217253,-0.0026074904603936577,0.9786119990167208,0.0,-0.2999999599419029,0.00015503179227527157
18.372383197998715,nav,0,0.008955476805567741,-0.8238041400909424,1.9029537439346313,-0.00834521371871233,-0.3128838837146759,0.007995876483619213,0.0021617284510284662,-0.8313407160836204,1.899652729122554,0.3636291841462812,50784,-0.21556242358097144,0.001204104586303803,-0.002883316566745675,1.0667669994290918,0.0,-0.2999999599419029,0.00015503179227527157
18.392648355998972,nav,0,0.00895328726619482,-0.8288867473602295,1.9030791521072388,-0.007835078053176403,-0.31335172057151794,0.007300965953618288,0.0021617284510284662,-0.8374536559677823,1.8996558881230636,0.36382123216026974,50810,-0.2104951936604298,0.0020790860218653493,-0.0031598206120195815,0.9279939986299723,0.0,-0.2999999599419029,0.00015503179227527157
18.412205975997495,nav,0,0.00892665609717369,-0.8363558053970337,1.9031890630722046,-0.007024415768682957,-0.3128681182861328,0.007111957296729088,0.0021617284510284662,-0.8433514442798857,1.8996589359391123,0.3637784209137273,50804,-0.21162477800191937,0.0006174784494257189,-0.003576602139827134,0.6114969983173069,0.0,-0.2999999599419029,0.00015503179227527157
18.43239746999825,nav,0,0.008946155197918415,-0.8413820862770081,1.90326988697052,-0.006496500689536333,-0.31213486194610596,0.008025484159588814,0.0021617284510284662,-0.8493625446772977,1.899662042311754,0.3632220668255598,50727,-0.22630430539420132,0.0021067258777264534,-0.003894240645447189,0.9439729983569123,0.0,-0.2999999599419029,0.00015503179227527157
18.452850765999756,nav,0,0.008961208164691925,-0.8464029431343079,1.9032727479934692,-0.005875727161765099,-0.3122562766075134,0.008081617765128613,0.0021617284510284662,-0.8553251734813792,1.8996651236355995,0.3631921118999889,50722,-0.22709467282351348,0.0030772713417289536,-0.0042529863922655675,1.5794479986652732,0.0,-0.2999999599419029,0.00015503179227527157
18.471995131996664,nav,0,0.008982241153717041,-0.8539154529571533,1.9033774137496948,-0.005564661230891943,-0.3120426833629608,0.008254882879555225,0.0021617284510284662,-0.8613233945809724,1.899668223352572,0.3629738261299446,50692,-0.23285419182204237,0.0015280376520957165,-0.00445012298407188,0.7446169984177686,0.0,-0.2999999599419029,0.00015503179227527157
18.492612834998,nav,0,0.00902782753109932,-0.8589079976081848,1.9034936428070068,-0.005090153310447931,-0.3125392496585846,0.008918797597289085,0.0021617284510284662,-0.8674163688672143,1.8996713720354053,0.3624979048853817,50626,-0.24541148059678974,0.0024703636583686007,-0.004768070368811772,1.0104579996550456,0.0,-0.2999999599419029,0.00015503179227527157
18.514210367997293,nav,0,0.009100038558244705,-0.866365373134613,1.9035311937332153,-0.004778541158884764,-0.3123369514942169,0.007742207497358322,0.0021617284510284662,-0.8737685590187033,1.8996746546739238,0.3630391774289148,50701,-0.23112988314209204,0.0013604107487205422,-0.005012195771217698,1.0701529972720891,0.0,-0.2999999599419029,0.00015503179227527157
18.532235216996924,nav,0,0.009084446355700493,-0.8713578581809998,1.9036023616790771,-0.00440671993419528,-0.3114456832408905,0.006965996697545052,0.0021617284510284662,-0.87930876507886,1.8996775177012228,0.3633390777422645,50743,-0.2232169461143947,0.002452890637169262,-0.0051955646491681495,0.9720270027173683,0.0,-0.2999999599419029,0.00015503179227527157
18.552526471998135,nav,0,0.009181790053844452,-0.876297652721405,1.9036321640014648,-0.003877537325024605,-0.3111627697944641,0.00536547414958477,0.0021617284510284662,-0.8853190014767933,1.8996806236273736,0.3641042930464997,50850,-0.20302656869393942,0.003779143153305347,-0.0055822679685368914,1.204063999466598,0.0,-0.2999999599419029,0.00015503179227527157
18.571740799998224,nav,0,0.009209180250763893,-0.8836661577224731,1.9036097526550293,-0.00361869134940207,-0.3104158937931061,0.0048071639612317085,0.0021617284510284662,-0.8912965396786446,1.899683712655989,0.3644104363118371,50893,-0.1949489099779136,0.002659043414677052,-0.005749709080109744,0.6227529993338976,0.0,-0.2999999599419029,0.00015503179227527157
18.592174274999707,nav,0,0.009307818487286568,-0.8887406587600708,1.9036316871643066,-0.0035632988438010216,-0.30993616580963135,0.004812100902199745,0.0021617284510284662,-0.8973294491729249,1.899686830298977,0.36438238640735693,50889,-0.19568901299849983,0.003974681464646438,-0.005888837462662888,0.8912910016078968,0.0,-0.2999999599419029,0.00015503179227527157
18.612385397998878,nav,0,0.009321915917098522,-0.8936400413513184,1.9036648273468018,-0.0034556323662400246,-0.3091665506362915,0.0026571042835712433,0.0021617284510284662,-0.9033455034698091,1.8996899392316589,0.36542137915415157,51034,-0.1682749563548409,0.005606989043161581,-0.005946453719498868,1.0117999991052784,0.0,-0.2999999599419029,0.00015503179227527157
18.63192539800002,nav,0,0.009362606331706047,-0.9009814858436584,1.9035910367965698,-0.0037378163542598486,-0.3081974983215332,0.0027968252543359995,0.0021617284510284662,-0.9093172135725458,1.8996930252484716,0.3654416653874028,51037,-0.16773969954082446,0.0046377261147644315,-0.005836225562499742,0.7093040003383067,0.0,-0.2999999599419029,0.00015503179227527157
18.65254095199998,nav,0,0.009480142965912819,-0.9059125185012817,1.9036139249801636,-0.00399847561493516,-0.3079480230808258,0.0026576442178338766,0.0021617284510284662,-0.9153652460644913,1.8996961507066121,0.36548524448786734,51043,-0.1665898552013907,0.005996216532562755,-0.005821528318761482,1.0870310034079012,0.0,-0.2999999599419029,0.00015503179227527157
18.672124375996646,nav,0,0.009454438462853432,-0.9132966995239258,1.903595209121704,-0.004584728740155697,-0.3073675036430359,0.0014727002708241343,0.0021617284510284662,-0.9213364467669533,1.8996992364601806,0.3660979192573839,51128,-0.15042429400042678,0.0047594445318260015,-0.005463424132937655,0.821695000922773,0.0,-0.2999999599419029,0.00015503179227527157
18.69205293199775,nav,0,0.009523887187242508,-0.9182091951370239,1.9035322666168213,-0.005320806987583637,-0.3077717125415802,0.00012077626161044464,0.0021617284510284662,-0.9273347494667642,1.8997023362193217,0.36685380182681265,51234,-0.130480162880934,0.005713202767971156,-0.005126593552305714,0.7666259989491664,0.0,-0.2999999599419029,0.00015503179227527157
18.713349787998595,nav,0,0.00952417403459549,-0.9255179762840271,1.9034849405288696,-0.005816906224936247,-0.30705273151397705,-0.00013939935888629407,0.0021617284510284662,-0.9335729345329992,1.8997055599431234,0.36704128351644094,51260,-0.12553341645274685,0.004935296817729261,-0.004853960751785902,0.8936190024542157,0.0,-0.2999999599419029,0.00015503179227527157
18.731944326998928,nav,0,0.009524906054139137,-0.9303475022315979,1.90339195728302,-0.006433958187699318,-0.30612650513648987,9.099786984734237e-05,0.0021617284510284662,-0.9393268281645214,1.899708533398328,0.3670449289581076,51261,-0.12543723065679302,0.006447335734214795,-0.004518479663675468,0.7062110016704537,0.0,-0.2999999599419029,0.00015503179227527157
18.752648285997566,nav,0,0.009535274468362331,-0.9353088140487671,1.9033737182617188,-0.006730637513101101,-0.3058566153049469,-0.0002226923534180969,0.0021617284510284662,-0.9454251754507952,1.899711684857781,0.36722823060792364,51286,-0.12060077551652704,0.007829654772867713,-0.004365938847270101,0.9809449984459206,0.0,-0.2999999599419029,0.00015503179227527157
18.77200922299744,nav,0,0.009552357718348503,-0.9425800442695618,1.9033511877059937,-0.0070991599932312965,-0.3052670955657959,0.003122290363535285,0.0021617284510284662,-0.9513079109647545,1.8997147248949544,0.36558066623341123,51056,-0.1640721310445592,0.006668183994854541,-0.0042026955281708744,0.8008069999050349,0.0,-0.2999999599419029,0.00015503179227527157
18.792249533998984,nav,0,0.009500939399003983,-0.9475479125976562,1.903339147567749,-0.007441515568643808,-0.30570361018180847,0.006038311868906021,0.0021617284510284662,-0.9573297435615595,1.8997178368137042,0.3641400457224504,50855,-0.20208322632057119,0.0076125958731188825,-0.003974803358438139,0.965141000051517,0.0,-0.2999999599419029,0.00015503179227527157
18.812793768996926,nav,0,0.009575706906616688,-0.9523688554763794,1.9033368825912476,-0.007462034001946449,-0.30493927001953125,0.007568887900561094,0.0021617284510284662,-0.9633794302535256,1.89972096312669,0.36338349952597726,50749,-0.22204486738846363,0.009401765095547705,-0.004054087814190144,1.2830240011680871,0.0,-0.2999999599419029,0.00015503179227527157
18.83204710499922,nav,0,0.009584684856235981,-0.9596603512763977,1.9033527374267578,-0.007480613421648741,-0.30393102765083313,0.00845112930983305,0.0021617284510284662,-0.9693220592597802,1.8997240341151858,0.36291977046957874,50684,-0.2342804625440973,0.008482679039617576,-0.0040589244300455185,0.7813830015948042,0.0,-0.2999999599419029,0.00015503179227527157
18.85207935499784,nav,0,0.009581939317286015,-0.9645075798034668,1.9033795595169067,-0.007198335137218237,-0.3035096526145935,0.008591944351792336,0.0021617284510284662,-0.9753396117561727,1.8997271438220964,0.3628214112257786,50671,-0.23687569325122482,0.010007587641974375,-0.004212600999637051,0.7620139986102004,0.0,-0.2999999599419029,0.00015503179227527157
18.8725997319998,nav,0,0.009555384516716003,-0.9717216491699219,1.903342604637146,-0.007070560939610004,-0.3028618395328522,0.00814264826476574,0.0021617284510284662,-0.9813526546539282,1.8997302511985694,0.3630892329956361,50708,-0.2298091557879669,0.009033868878613668,-0.004250621460503146,1.212948001921177,0.0,-0.2999999599419029,0.00015503179227527157
18.89268157799961,nav,0,0.009612759575247765,-0.9766165018081665,1.9033823013305664,-0.00677815917879343,-0.3029989004135132,0.007430157158523798,0.0021617284510284662,-0.9873467189532893,1.8997333487674208,0.36340037539294223,50752,-0.22159959385376737,0.010160691767751692,-0.00447106315044965,1.283371999306837,0.0,-0.2999999599419029,0.00015503179227527157
18.914040138999553,nav,0,0.009617948904633522,-0.983858585357666,1.903339147567749,-0.006686169188469648,-0.30278846621513367,0.008126208558678627,0.0021617284510284662,-0.9934805046344037,1.8997365185404693,0.36310290346270285,50710,-0.2294484574484752,0.009063946537603963,-0.004531112138877358,0.8291869999084156,0.0,-0.2999999599419029,0.00015503179227527157
18.93237344499721,nav,0,0.009649292565882206,-0.9887852668762207,1.9033089876174927,-0.006576897110790014,-0.3021561801433563,0.008152889087796211,0.0021617284510284662,-0.9993522829494695,1.8997395529152614,0.3631325655783519,50714,-0.22866581587462242,0.01045257976941217,-0.004625451893600641,0.9936380010913126,0.0,-0.2999999599419029,0.00015503179227527157
18.952635515997827,nav,0,0.009739511646330357,-0.9960097670555115,1.9032179117202759,-0.006156256888061762,-0.30226707458496094,0.006005521863698959,0.0021617284510284662,-1.0054534802352362,1.8997427058475165,0.3643164496428877,50879,-0.19742876931695008,0.00912434516059871,-0.004940400643449694,0.6632360018556938,0.0,-0.2999999599419029,0.00015503179227527157
18.97205515799942,nav,0,0.009714311920106411,-1.0008399486541748,1.9030771255493164,-0.0057464116252958775,-0.3019254803657532,0.0031219793017953634,0.0021617284510284662,-1.0113370671496276,1.8997457463246703,0.36593972252802304,51106,-0.15459835018408974,0.010422105093543212,-0.005114938633365762,0.7595059978484642,0.0,-0.2999999599419029,0.00015503179227527157
18.992347897998116,nav,0,0.009854989126324654,-1.0056846141815186,1.9029167890548706,-0.005032375454902649,-0.30230507254600525,0.000647167966235429,0.0021617284510284662,-1.0173433351480397,1.8997488502000603,0.36738347330952087,51308,-0.11650466201792042,0.011439339522278932,-0.005636726460477304,0.9900280019792262,0.0,-0.2999999599419029,0.00015503179227527157
19.01248404999933,nav,0,0.009892328642308712,-1.0104825496673584,1.902756690979004,-0.003534043440595269,-0.30112817883491516,-0.0027677041944116354,0.0021617284510284662,-1.023420580736145,1.8997519907547318,0.3693029541835433,51576,-0.06585872866640408,0.0134031424594581,-0.0064593254651705845,0.897270001587458,0.0,-0.2999999599419029,0.00015503179227527157
19.03272602299694,nav,0,0.010037876665592194,-1.0176712274551392,1.9024332761764526,-0.0018631675047799945,-0.29929038882255554,-0.004899759776890278,0.0021617284510284662,-1.0293431448451333,1.899755051374236,0.37077513994370115,51782,-0.027014777211052277,0.012975387699430357,-0.0074920119297481325,1.2706490015261807,0.0,-0.2999999599419029,0.00015503179227527157
19.05239486699793,nav,0,0.010254070162773132,-1.0224741697311401,1.9021259546279907,0.0003579324984457344,-0.2978464961051941,-0.006920334883034229,0.0021617284510284662,-1.0353574258425906,1.8997581593905253,0.3721860789394764,51979,0.010213164629982785,0.015004390831619346,-0.008889550006080604,0.9604639999452047,0.0,-0.2999999599419029,0.00015503179227527157
19.072485103999497,nav,0,0.01048391591757536,-1.029655933380127,1.9016541242599487,0.002513487357646227,-0.29603826999664307,-0.009636969305574894,0.0021617284510284662,-1.0413272504451918,1.899761244432963,0.3741390260485544,52251,0.061742112099059554,0.014597100987487305,-0.01024121828976643,1.1352190012985375,0.0,-0.2999999599419029,0.00015503179227527157
19.0921237069997,nav,0,0.010677394457161427,-1.0343804359436035,1.9013561010360718,0.00462800357490778,-0.29534921050071716,-0.010599112138152122,0.0021617284510284662,-1.0473204552448894,1.8997643415576484,0.37501016794531694,52373,0.08472738641997068,0.01628445161073865,-0.011551589341772583,0.8702699997229502,0.0,-0.2999999599419029,0.00015503179227527157
19.112986434996856,nav,0,0.010912497527897358,-1.0391607284545898,1.9010323286056519,0.006833883933722973,-0.2938110828399658,-0.01259803306311369,0.0021617284510284662,-1.053358672638671,1.899767461943614,0.376437265333926,52572,0.12238167107984133,0.018377353513365304,-0.012929697665951645,1.50933699842426,0.0,-0.2999999599419029,0.00015503179227527157
19.132860144000006,nav,0,0.011251142248511314,-1.0462318658828735,1.9005075693130493,0.008500405587255955,-0.2923043668270111,-0.012255648151040077,0.0021617284510284662,-1.0594115624308507,1.8997705899118749,0.3769294868641531,52641,0.13536904654757365,0.01807247997154949,-0.014156559916721267,1.2210409986437298,0.0,-0.2999999599419029,0.00015503179227527157
19.15283302699754,nav,0,0.011535964906215668,-1.0509836673736572,1.9002279043197632,0.010051299817860126,-0.2917427122592926,-0.012143273837864399,0.0021617284510284662,-1.0653819495332943,1.899773675244997,0.3772437480685875,52685,0.1436608989073207,0.019648048004298615,-0.015269115524148669,1.3130820007063448,0.0,-0.2999999599419029,0.00015503179227527157
19.17218367299938,nav,0,0.011999106965959072,-1.0580165386199951,1.899721384048462,0.0110615324229002,-0.2910507619380951,-0.009820070117712021,0.0021617284510284662,-1.0713001924432655,1.8997767336314235,0.3767195355089078,52612,0.129829432952711,0.018859303821835552,-0.01631858757398863,1.0064159978355747,0.0,-0.2999999599419029,0.00015503179227527157
19.19256716199743,nav,0,0.01225566677749157,-1.0626882314682007,1.8994609117507935,0.011864482425153255,-0.2915545105934143,-0.00683433236554265,0.0021617284510284662,-1.0774507997221359,1.8997799120974148,0.3755709162460379,52451,0.09952285609598555,0.020224519829776223,-0.017069434419367147,0.8494329995301086,0.0,-0.2999999599419029,0.00015503179227527157
19.213140729996667,nav,0,0.012759670615196228,-1.0697951316833496,1.899117112159729,0.012701171450316906,-0.29125186800956726,-0.005815770477056503,0.0021617284510284662,-1.0835718000045624,1.899783075263318,0.3754959076433289,52441,0.09754373729099974,0.01933955027568947,-0.018055535046835436,0.9621580029488541,0.0,-0.2999999599419029,0.00015503179227527157
19.232194921998598,nav,0,0.013087212108075619,-1.0744705200195312,1.8988261222839355,0.013156477361917496,-0.2908612787723541,-0.004966008011251688,0.0021617284510284662,-1.0893177118367054,1.8997860445937467,0.37545366346728615,52435,0.09642911523182285,0.02069101672802213,-0.018649158273228883,0.9489699987170752,0.0,-0.2999999599419029,0.00015503179227527157
19.25361004899969,nav,0,0.013417726382613182,-1.0791746377944946,1.8986926078796387,0.013478856533765793,-0.2915806174278259,-0.002261537592858076,0.0021617284510284662,-1.0954324787201288,1.8997892045383995,0.37428651754711534,52272,0.06563370836715876,0.02187942200215042,-0.019232897615828026,1.9001079999725334,0.0,-0.2999999599419029,0.00015503179227527157
19.272013320998667,nav,0,0.013890847563743591,-1.086324691772461,1.8985010385513306,0.013733779080212116,-0.29140710830688477,0.0003914335393346846,0.0021617284510284662,-1.1013226206344453,1.8997922484029983,0.37319976157146595,52120,0.03695940821809707,0.02068550581540504,-0.01993274598227468,0.774986001488287,0.0,-0.2999999599419029,0.00015503179227527157
19.292738385996927,nav,0,0.014194122515618801,-1.0910199880599976,1.8983666896820068,0.01348855160176754,-0.2926621735095978,0.002204968361184001,0.0021617284510284662,-1.1073297193317373,1.899795352707671,0.37247376457647796,52019,0.017803814682794794,0.021461078099610773,-0.020165653865320765,1.3433230014925357,0.0,-0.2999999599419029,0.00015503179227527157
19.313099252998654,nav,0,0.0146676916629076,-1.0981109142303467,1.8982633352279663,0.013137932866811752,-0.29311612248420715,0.004676347598433495,0.0021617284510284662,-1.113430505617267,1.8997985054275324,0.3713654976003984,51864,-0.011438058036983278,0.020213777895228213,-0.02054716663723344,1.3853960008418653,0.0,-0.2999999599419029,0.00015503179227527157
19.33214297199811,nav,0,0.014942149631679058,-1.1029198169708252,1.8983068466186523,0.012300405651330948,-0.29355165362358093,0.007074729073792696,0.0021617284510284662,-1.1193104490323411,1.8998015440218252,0.37012362314358077,51691,-0.044205194100772616,0.021204117202821275,-0.020460131336788923,0.918321999051841,0.0,-0.2999999599419029,0.00015503179227527157
19.353002371997718,nav,0,0.015287580899894238,-1.1076704263687134,1.8982197046279907,0.011415357701480389,-0.2950606048107147,0.009033584035933018,0.0021617284510284662,-1.1253652714237425,1.8998046729888005,0.36926293901123897,51570,-0.06691453796203461,0.02184928185422216,-0.02040263021693689,1.5390970002044924,0.0,-0.2999999599419029,0.00015503179227527157
19.372009016999073,nav,0,0.01562712900340557,-1.1149168014526367,1.898269772529602,0.010061905719339848,-0.29646405577659607,0.01016129832714796,0.0021617284510284662,-1.1313347558269855,1.8998077578554322,0.3686229699028536,51481,-0.08380026641547467,0.019739140830895174,-0.02007210291045758,0.7265670028573368,0.0,-0.2999999599419029,0.00015503179227527157
19.391967725998256,nav,0,0.01587093248963356,-1.119702696800232,1.8982897996902466,0.008382342755794525,-0.2984270453453064,0.012606372125446796,0.0021617284510284662,-1.1373275934262501,1.8998108547903585,0.36737835823784987,51307,-0.11663962433113895,0.020051356158597395,-0.019491087011314745,0.7116070009942632,0.0,-0.2999999599419029,0.00015503179227527157
19.412574912999844,nav,0,0.016144363209605217,-1.126944899559021,1.8983436822891235,0.0066365026868879795,-0.3004145324230194,0.013587228022515774,0.0021617284510284662,-1.1433548452217739,1.8998139695096024,0.3668048810137396,51227,-0.1317709495055528,0.017673033603910093,-0.018867701637689027,1.1412359999667387,0.0,-0.2999999599419029,0.00015503179227527157
19.432081727998593,nav,0,0.016294442117214203,-1.131998062133789,1.8984687328338623,0.004442383535206318,-0.3029765188694,0.01478392444550991,0.0021617284510284662,-1.1493209654253007,1.8998170526377076,0.36604613065171504,51121,-0.15179074797585734,0.017307046623665494,-0.017871819614964313,0.8365040011995006,0.0,-0.2999999599419029,0.00015503179227527157
19.45311484999911,nav,0,0.016467301174998283,-1.1369132995605469,1.8985347747802734,0.002077004173770547,-0.30601486563682556,0.015996364876627922,0.0021617284510284662,-1.1554323690094075,1.8998202108442992,0.3653535771661034,51024,-0.17006392701574313,0.016985794405888474,-0.01679994128852358,1.3483930015354417,0.0,-0.2999999599419029,0.00015503179227527157
19.47204031199726,nav,0,0.01657787710428238,-1.1444377899169922,1.8986657857894897,-0.00023446498380508274,-0.3082216680049896,0.015295738354325294,0.0021617284510284662,-1.1613256534221306,1.8998232563328554,0.3655213252804596,51048,-0.16563785539684517,0.0139843993967095,-0.015648334313217216,0.7853470015106723,0.0,-0.2999999599419029,0.00015503179227527157
19.492200931999832,nav,0,0.016627918928861618,-1.149414300918579,1.8987088203430176,-0.002886468544602394,-0.3119125962257385,0.015200171619653702,0.0021617284510284662,-1.1673440114182194,1.8998263664560264,0.36550833744294137,51046,-0.16598054240260396,0.013104982921037758,-0.014252366661922311,0.8541950010112487,0.0,-0.2999999599419029,0.00015503179227527157
19.512777854997694,nav,0,0.01663082093000412,-1.1571338176727295,1.8988887071609497,-0.00537738436833024,-0.3147469460964203,0.015530191361904144,0.0021617284510284662,-1.1733424005171047,1.8998294662598163,0.36510229529128063,50989,-0.17669405563903418,0.009680534835204858,-0.012906768897899212,1.1801789987657685,0.0,-0.2999999599419029,0.00015503179227527157
19.53234787799738,nav,0,0.01662512868642807,-1.1622668504714966,1.8989083766937256,-0.008109142072498798,-0.31732380390167236,0.015836335718631744,0.0021617284510284662,-1.1793277345186903,1.899832559317088,0.364921129620965,50964,-0.18147415248113496,0.00920706067823348,-0.011409649038900627,1.0508099985599983,0.0,-0.2999999599419029,0.00015503179227527157
19.55238155799816,nav,0,0.016543356701731682,-1.1673638820648193,1.8988969326019287,-0.010849975980818272,-0.3209199011325836,0.01477651298046112,0.0021617284510284662,-1.1853610946122375,1.8998356771929334,0.3654609612914693,51039,-0.16723057278445275,0.008250062744609389,-0.009803272767606064,0.9874800016405061,0.0,-0.2999999599419029,0.00015503179227527157
19.572456513997167,nav,0,0.016400575637817383,-1.1752358675003052,1.898988962173462,-0.013235748745501041,-0.32325923442840576,0.013272161595523357,0.0021617284510284662,-1.1913182421173107,1.8998387556841931,0.36608982516729144,51127,-0.1506378583828134,0.004865373483370459,-0.00832698464932835,1.2022599985357374,0.0,-0.2999999599419029,0.00015503179227527157
19.592274925998936,nav,0,0.016323328018188477,-1.1805099248886108,1.8990401029586792,-0.015670916065573692,-0.3260430097579956,0.012004921212792397,0.0021617284510284662,-1.1973346177138917,1.899841864782914,0.3666590705302158,51207,-0.13561819181488843,0.004149107123496193,-0.006901443070191693,0.9699990005174186,0.0,-0.2999999599419029,0.00015503179227527157
19.612979617999372,nav,0,0.016053661704063416,-1.1883913278579712,1.8990039825439453,-0.017710650339722633,-0.32847511768341064,0.010742977261543274,0.0021617284510284662,-1.2034869721926054,1.8998450441518104,0.3673338054588866,51301,-0.11781515939613385,0.0009343855441418011,-0.005484530156134371,1.1427039971749764,0.0,-0.2999999599419029,0.00015503179227527157
19.632434694998665,nav,0,0.015822457149624825,-1.1937520503997803,1.8989901542663574,-0.019751621410250664,-0.33023181557655334,0.009820968843996525,0.0021617284510284662,-1.209320986213591,1.8998480590110456,0.3678141969243088,51368,-0.10513992284145779,0.0004926529276766429,-0.004116131147548607,1.1475729988887906,0.0,-0.2999999599419029,0.00015503179227527157
19.65257507199931,nav,0,0.015605859458446503,-1.1991344690322876,1.8990235328674316,-0.021585842594504356,-0.33265769481658936,0.006969076115638018,0.0021617284510284662,-1.21530873341389,1.8998511533153928,0.36920148328901503,51562,-0.06853606097585718,-0.00016750062092735845,-0.0028723756277508894,1.3370359993132297,0.0,-0.2999999599419029,0.00015503179227527157
19.672164898998744,nav,0,0.015203542076051235,-1.2070764303207397,1.8988986015319824,-0.023448524996638298,-0.3343430459499359,0.004942650906741619,0.0021617284510284662,-1.2213168866112127,1.8998542581650022,0.37037639919495036,51726,-0.03753564129418763,-0.003165530614226719,-0.0014229325347763222,0.9173680009553209,0.0,-0.2999999599419029,0.00015503179227527157
19.692469403998984,nav,0,0.014973929151892662,-1.2124658823013306,1.8987441062927246,-0.025214824825525284,-0.3368262052536011,0.0040899962186813354,0.0021617284510284662,-1.227399595198932,1.8998574015428027,0.3710012770224843,51813,-0.021048099670599285,-0.003751381161673612,-0.00022079523974571913,0.9176829989883117,0.0,-0.2999999599419029,0.00015503179227527157
19.71262311999817,nav,0,0.0145571855828166,-1.2205686569213867,1.8986796140670776,-0.026415688917040825,-0.33786481618881226,0.0031671097967773676,0.0021617284510284662,-1.233419590595221,1.8998605125121373,0.3715538909710034,51890,-0.006467256701759183,-0.006547142011726438,0.0008745836876311586,1.0512199987715576,0.0,-0.2999999599419029,0.00015503179227527157
19.73202179299915,nav,0,0.014203572645783424,-1.2259619235992432,1.8986164331436157,-0.027594588696956635,-0.3382459878921509,0.003118292661383748,0.0021617284510284662,-1.2393069524094324,1.8998635549400562,0.3716620699578999,51905,-0.0036129298707159307,-0.006218587458075063,0.0018892981984994783,0.823836999188643,0.0,-0.2999999599419029,0.00015503179227527157
19.75250878499719,nav,0,0.013958978466689587,-1.2313671112060547,1.8985099792480469,-0.02836499735713005,-0.3389985263347626,0.002488176105543971,0.0021617284510284662,-1.2453690348005755,1.8998666876588013,0.37211533904122607,51969,0.00834667654949861,-0.005909360986252986,0.0025639913501116496,1.0555770022619981,0.0,-0.2999999599419029,0.00015503179227527157
19.772298898998997,nav,0,0.013429798185825348,-1.2394925355911255,1.8983962535858154,-0.029055889695882797,-0.33879590034484863,0.0016094830352813005,0.0021617284510284662,-1.2513525244006307,1.8998697797629367,0.3727089385893744,52052,0.024008933756578088,-0.008090076702294339,0.0034985817895087923,0.9321549987362232,0.0,-0.2999999599419029,0.00015503179227527157
19.792694736999692,nav,0,0.013104482553899288,-1.2448973655700684,1.8982822895050049,-0.029650738462805748,-0.33936864137649536,0.0016696667298674583,0.0021617284510284662,-1.2573769348961588,1.8998728930138742,0.3728266797592297,52068,0.02711556092954126,-0.0077300322592050875,0.004165609993129982,1.2494880029407796,0.0,-0.2999999599419029,0.00015503179227527157
19.81287929699829,nav,0,0.012607532553374767,-1.2529350519180298,1.898135781288147,-0.029745357111096382,-0.33852553367614746,0.0012645184760913253,0.0021617284510284662,-1.2634572761848093,1.8998760351683193,0.3732242605902056,52124,0.03760582032204596,-0.00936786778717983,0.004744483710137137,0.9012110022013076,0.0,-0.2999999599419029,0.00015503179227527157
19.832052208999812,nav,0,0.012257449328899384,-1.2582341432571411,1.8980722427368164,-0.0300576351583004,-0.338081032037735,0.0017568019684404135,0.0021617284510284662,-1.2693317806000126,1.8998790709518854,0.37306131480684157,52101,0.03330645928341802,-0.00851667597181215,0.005289339320757147,0.7822799998393748,0.0,-0.2999999599419029,0.00015503179227527157
19.852384027999506,nav,0,0.01188189722597599,-1.2634921073913574,1.897926688194275,-0.030114106833934784,-0.33713603019714355,0.0028687668964266777,0.0021617284510284662,-1.2753341767992332,1.8998821728264352,0.37269018521580755,52049,0.02351412178911616,-0.007219008976354275,0.0057279896681861064,1.062641000316944,0.0,-0.2999999599419029,0.00015503179227527157
19.87240175399711,nav,0,0.011409827508032322,-1.2715277671813965,1.8980001211166382,-0.03040810115635395,-0.3355883061885834,0.004634551238268614,0.0021617284510284662,-1.281380304891382,1.8998852973004339,0.3717266759317418,51914,-0.001908286761430844,-0.008545951316382227,0.00640900175398218,0.9599810000509024,0.0,-0.2999999599419029,0.00015503179227527157
19.891937829997914,nav,0,0.011036308482289314,-1.2768151760101318,1.8980159759521484,-0.030703183263540268,-0.3341296315193176,0.00728542311117053,0.0021617284510284662,-1.2873159048989677,1.8998883646565348,0.37038428804715184,51727,-0.03732749215958364,-0.007089201878048227,0.006994966719042095,0.7213179997052066,0.0,-0.2999999599419029,0.00015503179227527157
19.913018606999685,nav,0,0.010578908957540989,-1.2846349477767944,1.8980176448822021,-0.030543258413672447,-0.33200159668922424,0.00940343365073204,0.0021617284510284662,-1.2933457291940909,1.899891480705176,0.3693322863802929,51580,-0.06508479207670526,-0.007895668869000904,0.007423679881537026,1.629596998100169,0.0,-0.2999999599419029,0.00015503179227527157
19.931875012996898,nav,0,0.010219387710094452,-1.2898647785186768,1.8980852365493774,-0.030444230884313583,-0.33030813932418823,0.011669039726257324,0.0021617284510284662,-1.2993207497956185,1.8998945684327642,0.3681171852580368,51410,-0.09714550770351593,-0.006191862516869791,0.007785051977931667,0.6607850009459071,0.0,-0.2999999599419029,0.00015503179227527157
19.952205383997352,nav,0,0.009939296171069145,-1.2950698137283325,1.8981536626815796,-0.0298681128770113,-0.328210711479187,0.013179563917219639,0.0021617284510284662,-1.3053419718920036,1.8998976800360239,0.36727816887325204,51293,-0.11928314318596378,-0.004174868533178088,0.007794159069228979,0.8615250008006115,0.0,-0.2999999599419029,0.00015503179227527157
19.973356251997757,nav,0,0.00949040986597538,-1.3028233051300049,1.8983913660049438,-0.029254766181111336,-0.3257594108581543,0.014536765404045582,0.0021617284510284662,-1.3115012125692778,1.89990086296352,0.3663090609409488,51158,-0.14485327332589115,-0.004588438200611229,0.007970077430190736,1.1674729976220988,0.0,-0.2999999599419029,0.00015503179227527157
19.992116113997326,nav,0,0.00921926274895668,-1.3079344034194946,1.8984450101852417,-0.028363745659589767,-0.3228202164173126,0.015918415039777756,0.0021617284510284662,-1.3173338858908425,1.8999038771299184,0.3655529099514009,51052,-0.1648044867704268,-0.002200183265228954,0.007795764170694719,0.7994170009624213,0.0,-0.2999999599419029,0.00015503179227527157
20.01264699999956,nav,0,0.008807855658233166,-1.31553316116333,1.8986550569534302,-0.027093522250652313,-0.3204786479473114,0.01778770610690117,0.0021617284510284662,-1.3234000941805024,1.899907011980815,0.3643605749911549,50886,-0.19626451210673324,-0.0026045427632083243,0.007575682329957756,1.100157001928892,0.0,-0.2999999599419029,0.00015503179227527157
20.032261167998513,nav,0,0.008603459224104881,-1.320623755455017,1.8988032341003418,-0.025926239788532257,-0.3180467188358307,0.01794741302728653,0.0021617284510284662,-1.329324840189181,1.8999100737278656,0.3640981102105499,50849,-0.20318970420712823,-0.00035408367399662765,0.007164491909256165,0.9990939979616087,0.0,-0.2999999599419029,0.00015503179227527157
20.052222383998014,nav,0,0.008336693048477173,-1.3256313800811768,1.8989453315734863,-0.024471543729305267,-0.3163048028945923,0.017738264054059982,0.0021617284510284662,-1.3353341018875933,1.899913179150318,0.3640291460405396,50839,-0.20500933929974785,0.0017035289366502191,0.0066597437430868656,0.9180030028801411,0.0,-0.2999999599419029,0.00015503179227527157
20.072062216997438,nav,0,0.00809443462640047,-1.3331139087677002,1.8991864919662476,-0.023265670984983444,-0.31428763270378113,0.01839403808116913,0.0021617284510284662,-1.3413352845860305,1.8999162803977638,0.36340322236253114,50752,-0.22152447592266178,0.0011860774292625663,0.006274206022126583,0.7716670006630011,0.0,-0.2999999599419029,0.00015503179227527157
20.092031433996453,nav,0,0.007876820862293243,-1.3380547761917114,1.899300217628479,-0.02214827574789524,-0.31338027119636536,0.019220327958464622,0.0021617284510284662,-1.3473262342862764,1.8999193763570754,0.3628528021055585,50675,-0.2360474378480628,0.0028456178173687985,0.0059077142074852595,0.7690519996685907,0.0,-0.2999999599419029,0.00015503179227527157
20.112908970997523,nav,0,0.007634419482201338,-1.3454668521881104,1.8994978666305542,-0.020535970106720924,-0.3106618821620941,0.018389005213975906,0.0021617284510284662,-1.35353655055628,1.8999225856790438,0.3630247579364984,50699,-0.2315103446834197,0.0030177331824937214,0.005283734764431447,0.8991340000648052,0.0,-0.2999999599419029,0.00015503179227527157
20.1319807079999,nav,0,0.0075638312846422195,-1.3504879474639893,1.8996273279190063,-0.019302211701869965,-0.3094731569290161,0.01679185777902603,0.0021617284510284662,-1.35931131698583,1.8999255699207407,0.3636664589133822,50789,-0.2145789204912365,0.00449514033888791,0.00467353354255895,0.7755199985695072,0.0,-0.2999999599419029,0.00015503179227527157
20.1520216109966,nav,0,0.007383076939731836,-1.3553860187530518,1.8997386693954468,-0.01760292798280716,-0.30822694301605225,0.014552274718880653,0.0021617284510284662,-1.365319443483302,1.8999286747565525,0.36465374197439776,50927,-0.1885292355040189,0.0063841578322654515,0.003927149833400367,0.7630440013599582,0.0,-0.2999999599419029,0.00015503179227527157
20.171947167997132,nav,0,0.007270767353475094,-1.3627557754516602,1.899857521057129,-0.016123183071613312,-0.3068745732307434,0.013609365560114384,0.0021617284510284662,-1.371298251284654,1.899931764441262,0.3649779489165947,50972,-0.17997496262283263,0.0055951024638905816,0.0032358752574204175,0.7871779998822603,0.0,-0.2999999599419029,0.00015503179227527157
20.192014145999565,nav,0,0.007223390508443117,-1.3675715923309326,1.8998550176620483,-0.014581781812012196,-0.3060949444770813,0.01232723519206047,0.0021617284510284662,-1.377314910681743,1.8999348736866433,0.3656293833516723,51063,-0.16278671895323882,0.007325347671549165,0.0024387876466054337,0.7795380006427877,0.0,-0.2999999599419029,0.00015503179227527157
20.21240750299694,nav,0,0.007159498520195484,-1.3725563287734985,1.8999197483062744,-0.012672927230596542,-0.30526867508888245,0.010324890725314617,0.0021617284510284662,-1.3833469773744553,1.8999379908940945,0.36655755231913206,51192,-0.1382967725822688,0.008895781711863872,0.0014608281987857907,1.008684001135407,0.0,-0.2999912253057321,0.00015502727845366737
20.23216804399999,nav,0,0.0071533117443323135,-1.379822850227356,1.8998039960861206,-0.011103557422757149,-0.3045693635940552,0.008924106135964394,0.0021617284510284662,-1.3892439629249147,1.8999410382952977,0.3673923431233893,51309,-0.11627062998972981,0.00370165295984392,0.0006099152182041934,0.9132250015682075,0.0,-0.29252691617720394,0.00015116992719763225
20.252189940998505,nav,0,0.0071098352782428265,-1.3847984075546265,1.8998394012451172,-0.009347694925963879,-0.30470675230026245,0.008846743032336235,0.0021617284510284662,-1.3950338037219214,1.8999440303270165,0.3673861335918339,51308,-0.11643446987245731,0.0004203421562401986,-0.0002986061184473421,0.8950569972512312,0.0,-0.2850080993063442,0.00014728440782788075
20.2725385479971,nav,0,0.0071517592296004295,-1.3920882940292358,1.8998297452926636,-0.008052775636315346,-0.30454930663108826,0.006764387246221304,0.0021617284510284662,-1.4006593298086767,1.899946937445377,0.36844666709538265,51456,-0.08845205553080149,-0.005373738297467078,-0.0010461683844671388,1.20402700122213,0.0,-0.2775076083074447,0.00014340835876864384
20.29237841599752,nav,0,0.0071455808356404305,-1.396950364112854,1.8997725248336792,-0.006957242731004953,-0.30396977066993713,0.005504133179783821,0.0021617284510284662,-1.4061434738404803,1.89994977150135,0.36915823325122704,51556,-0.06967722292277045,-0.008445503944970968,-0.0016309880705653867,1.0251759995298926,0.0,-0.2699951206853123,0.0001395261101819089
20.312124860996846,nav,0,0.00719808042049408,-1.4042967557907104,1.8995791673660278,-0.005788221023976803,-0.3039529323577881,0.003262091428041458,0.0021617284510284662,-1.4115130236204376,1.8999525463381408,0.3705497821797558,51750,-0.032960892354729765,-0.014621573061801698,-0.0023125026323960185,0.6303830014076084,0.0,-0.2624313308213089,0.00013561734999661734
20.332026858999598,nav,0,0.00721865426748991,-1.4091798067092896,1.8995405435562134,-0.005234343931078911,-0.304261177778244,0.0036814387422055006,0.0021617284510284662,-1.4166353550629494,1.8999551934192416,0.37041456806060813,51731,-0.03652854721350707,-0.018544299626002056,-0.0026346228078264478,0.7441769994329661,0.0,-0.2550067750624218,0.0001317805421971401
20.352343337999628,nav,0,0.0072813816368579865,-1.4140242338180542,1.8993384838104248,-0.004804382100701332,-0.3043411076068878,0.0025316395331174135,0.0021617284510284662,-1.4216777745435254,1.899957799204021,0.3712736171571299,51851,-0.013862344139052851,-0.022386232515155802,-0.002927723266135107,0.9263040010409895,0.0,-0.24748058756653807,0.00012789121388952115
20.37274503899971,nav,0,0.007371515966951847,-1.421310544013977,1.8992124795913696,-0.004088512621819973,-0.30283060669898987,0.0006172119756229222,0.0021617284510284662,-1.4265520558512428,1.8999603180995812,0.372445116188229,52015,0.017047920533745042,-0.028124243023663602,-0.0033997356017381186,0.8639570005470887,0.0,-0.23998110494292446,0.0001240156859311133
20.39240932499888,nav,0,0.007423389703035355,-1.4260367155075073,1.899001955986023,-0.0036023345310240984,-0.3007601201534271,0.00014703300257679075,0.0021617284510284662,-1.4312625038197582,1.899962752330543,0.3729777782854396,52089,0.03110232943112301,-0.03100143606718401,-0.0037112151249838465,1.075836000381969,0.0,-0.23250396819187702,0.00012015170570982705
20.411925517997588,nav,0,0.007497323211282492,-1.4331938028335571,1.898781657218933,-0.002945705084130168,-0.29867610335350037,0.0006700248341076076,0.0021617284510284662,-1.4358073280203136,1.8999651009716612,0.37306612847998255,52101,0.033433469128825166,-0.03667477758204632,-0.004141628484945592,0.7671639978070743,0.0,-0.2250543879369947,0.00011630196593373995
20.432016664999537,nav,0,0.0075202020816504955,-1.4379886388778687,1.898777723312378,-0.002716753398999572,-0.2965521216392517,0.002041512168943882,0.0021617284510284662,-1.4402351879752247,1.899967389168849,0.3724350224805399,52013,0.016781595792608073,-0.04002216064530166,-0.004296168721744209,0.8397570018132683,0.0,-0.21755133418791364,0.00011242459251514683
20.452356726997095,nav,0,0.007586550433188677,-1.4426580667495728,1.8986451625823975,-0.0025295093655586243,-0.2936958372592926,0.0025269135367125273,0.0021617284510284662,-1.4445247918133879,1.8999696059190492,0.3724055361534747,52009,0.016003592439965075,-0.04294279003510133,-0.004468334370866467,1.0647479975887109,0.0,-0.21002709481850698,0.00010853627094612672
20.471928793998813,nav,0,0.007654139772057533,-1.4495960474014282,1.8985182046890259,-0.0028133452869951725,-0.289917916059494,0.0028036278672516346,0.0021617284510284662,-1.4486445870648932,1.8999717349168055,0.3725128400931108,52024,0.018834830952791037,-0.047954421675620834,-0.0043872332384180535,0.723434000974521,0.0,-0.20253773606874106,0.00010466597472944205
20.492413295996812,nav,0,0.007748551666736603,-1.454219102859497,1.8985484838485718,-0.003316362388432026,-0.28578826785087585,0.0031798207201063633,0.0021617284510284662,-1.4526288292888012,1.8999737938644565,0.3723348507093925,51999,0.01413854114491997,-0.050485822365349764,-0.004220559722084571,1.14263899740763,0.0,-0.19502141744670726,0.00010078174638650639
20.51272448799864,nav,0,0.007776555139571428,-1.4609167575836182,1.8985543251037598,-0.003727000905200839,-0.280717670917511,0.006271799094974995,0.0021617284510284662,-1.4564943471541019,1.899975791458599,0.37087166027765595,51795,-0.024468066552614687,-0.05509926910510271,-0.004045967241528947,1.1874559968418907,0.0,-0.18744123145951844,9.68645131322041e-05
20.531822921999265,nav,0,0.00782799068838358,-1.4653303623199463,1.8985536098480225,-0.004448481369763613,-0.27545034885406494,0.009357139468193054,0.0021617284510284662,-1.4601167269333555,1.899977663405614,0.36937536760372186,51586,-0.06394808433451615,-0.05733351680317889,-0.003727405587582888,0.6639419989369344,0.0,-0.18004841232119917,9.304410595214141e-05
20.55286806899676,nav,0,0.007790455128997564,-1.4695930480957031,1.8985754251480103,-0.004973296541720629,-0.2694607377052307,0.010108506307005882,0.0021617284510284662,-1.4636607508450483,1.899979494860455,0.3690091456731395,51535,-0.07361093210713854,-0.059012075767029916,-0.0034059692221428683,1.5211029967758805,0.0,-0.17250916845354042,8.914803046789856e-05
20.572063979998347,nav,0,0.007830039598047733,-1.475866436958313,1.8986836671829224,-0.00570676289498806,-0.2625356614589691,0.011064007878303528,0.0021617284510284662,-1.4670264556439725,1.8999812341648445,0.36847571932486783,51460,-0.08768550594016311,-0.06256076995024015,-0.0030557607274677157,0.82154999836348,0.0,-0.16503070907682074,8.528336674975943e-05
20.592060073999164,nav,0,0.007824939675629139,-1.4799009561538696,1.8987770080566406,-0.0064162095077335835,-0.25585368275642395,0.012506680563092232,0.0021617284510284662,-1.4702594125648405,1.8999829048687538,0.3676711744130117,51348,-0.10891360387831917,-0.06402697408954217,-0.0026709838146443676,0.7825719985703472,0.0,-0.15751322983010835,8.139853862766342e-05
20.613341822998336,nav,0,0.007800966035574675,-1.4858683347702026,1.8989535570144653,-0.007074922323226929,-0.24755564332008362,0.014607865363359451,0.0021617284510284662,-1.4734043963779193,1.8999845301105613,0.3664690861135821,51180,-0.14063097325641039,-0.06698341668751134,-0.0022940851996775535,1.2021429974993225,0.0,-0.14983884685440743,7.743262694034136e-05
20.632138841996493,nav,0,0.007773733697831631,-1.4896821975708008,1.8990768194198608,-0.007506213616579771,-0.2386733740568161,0.015905749052762985,0.0021617284510284662,-1.4762514779884643,1.8999860014046406,0.36567328661543214,51069,-0.16162832149255735,-0.06732377545450302,-0.002033399526360169,0.9296419993916061,0.0,-0.14253550120538905,7.365845721781075e-05
20.65247975999955,nav,0,0.007747163530439138,-1.4933449029922485,1.8991241455078125,-0.0082344776019454,-0.2301376760005951,0.017533522099256516,0.0021617284510284662,-1.479051495356428,1.8999874483772037,0.364812900126352,50949,-0.18432981196960618,-0.06789881144162313,-0.0016098081093771643,1.0461280035087839,0.0,-0.1349679827155585,6.974777018044619e-05
20.67240248899907,nav,0,0.007671721745282412,-1.498600721359253,1.8993428945541382,-0.008792703971266747,-0.2202480584383011,0.017736146226525307,0.0021617284510284662,-1.4816550867860978,1.8999887938422024,0.36447842834211835,50902,-0.19315492501007192,-0.06953082511781725,-0.0012221755794212807,1.1128759979328606,0.0,-0.1275290674583333,6.590354178409966e-05
20.692184076997364,nav,0,0.00756811024621129,-1.5020253658294678,1.8994719982147217,-0.009672503918409348,-0.21103394031524658,0.01837623491883278,0.0021617284510284662,-1.4841377691287247,1.8999900768246845,0.3640008194503163,50835,-0.2057567427357192,-0.06972791304388232,-0.0006265149338258169,0.8739010008866899,0.0,-0.12000688121291513,6.201628121352687e-05
20.713378497999656,nav,0,0.0075083766132593155,-1.5068347454071045,1.8996251821517944,-0.010346191935241222,-0.20064795017242432,0.018740614876151085,0.0021617284510284662,-1.4865522387473782,1.8999913245566922,0.36365888460601037,50788,-0.21477877028996595,-0.0710075904726515,-0.00019089559255758282,0.9372570020786952,0.0,-0.11220873213016122,5.798641057966669e-05
20.731965728999057,nav,0,0.007408383768051863,-1.509873867034912,1.8997406959533691,-0.011143742129206657,-0.1899101883172989,0.018516089767217636,0.0021617284510284662,-1.4886384052186417,1.899992402630593,0.36360362363638626,50780,-0.21623684336711868,-0.07012029484130533,0.00035776954175026354,0.6758230010746047,0.0,-0.10500559471633071,5.4264025738390485e-05
20.752286828999786,nav,0,0.007355750538408756,-1.5127729177474976,1.8998074531555176,-0.011937296949326992,-0.17956174910068512,0.017850099131464958,0.0021617284510284662,-1.4906594283836203,1.8999934470402107,0.3638367773678326,50813,-0.21008502987249145,-0.06946469764947402,0.0008516197691954552,1.03614399995422,0.0,-0.09752131946601351,5.039635653549182e-05
20.772424312999647,nav,0,0.007190353237092495,-1.5168908834457397,1.8999103307724,-0.012341379188001156,-0.168131485581398,0.017175449058413506,0.0021617284510284662,-1.492538920753504,1.899994418310576,0.36405235138474035,50843,-0.2043970610886472,-0.06973391609549418,0.0012548361281679021,1.0687600006349385,0.0,-0.09000438134447479,4.6511808052118214e-05
20.791958668996813,nav,0,0.007122684270143509,-1.5194364786148071,1.8999171257019043,-0.01281121838837862,-0.15713000297546387,0.018272288143634796,0.0021617284510284662,-1.4942606502339908,1.8999953080533853,0.36347033054234695,50761,-0.21975381154757478,-0.06881488989348993,0.0015898452910916294,0.711925997165963,0.0,-0.08251964446881467,4.264390029384012e-05
20.812220637999417,nav,0,0.007049041800200939,-1.5218305587768555,1.8999570608139038,-0.012850038707256317,-0.14533783495426178,0.01803620159626007,0.0021617284510284662,-1.495842867693423,1.8999961257001896,0.36350163045599326,50766,-0.2189279563062474,-0.06735618464077717,0.0016921043642361688,0.8416279997618403,0.0,-0.07498552385052003,3.875047236505475e-05
20.832105662997492,nav,0,0.006875385530292988,-1.5251665115356445,1.899909496307373,-0.01292438991367817,-0.13341110944747925,0.015552505850791931,0.0021617284510284662,-1.4972695116218615,1.8999968629508386,0.3647912210588984,50946,-0.18490181902642888,-0.06678949278492272,0.001917303759433553,0.7324840007640887,0.0,-0.0674747803529566,3.486912509429981e-05
20.852015011998446,nav,0,0.006789596751332283,-1.5271995067596436,1.8998345136642456,-0.012987595982849598,-0.12190254777669907,0.012992622330784798,0.0021617284510284662,-1.4985390616435936,1.8999975190196436,0.366127916270962,51132,-0.149632816069607,-0.06516980236856812,0.0020385563630374026,0.7413940002152231,0.0,-0.06000569635059693,3.100930631377522e-05
20.872096240997053,nav,0,0.0066365888342261314,-1.5300108194351196,1.899728775024414,-0.012630465440452099,-0.10986950993537903,0.010778093710541725,0.0021617284510284662,-1.4996603301608866,1.899998098460614,0.36734852607703056,51303,-0.11742675258494728,-0.06430893935984022,0.00200395367141204,0.866921000124421,0.0,-0.05253315447258019,2.7147700597476767e-05
20.892734631997882,nav,0,0.006587655283510685,-1.5317282676696777,1.899646282196045,-0.012478021904826164,-0.09839417040348053,0.009008167311549187,0.0021617284510284662,-1.5006398968554095,1.8999986046739492,0.3683022905448673,51436,-0.09226146319611495,-0.06279977127708092,0.0019691273588806624,1.3282729996717535,0.0,-0.04500063772933332,2.3255101507546218e-05
20.912142362998566,nav,0,0.0065153916366398335,-1.5332268476486206,1.8994823694229126,-0.012217437848448753,-0.08679809421300888,0.007360782939940691,0.0021617284510284662,-1.5014621914519375,1.8999990296133562,0.3692936576379052,51575,-0.0661040201080425,-0.0611275477638793,0.0019009877471451997,0.903176001884276,0.0,-0.03752781010130711,1.939334812344101e-05
20.932194120996428,nav,0,0.006484784185886383,-1.5352481603622437,1.899262547492981,-0.01161644235253334,-0.07506970316171646,0.004486149176955223,0.0021617284510284662,-1.5021399698051998,1.8999993798707124,0.3709833240464075,51811,-0.021521792970780496,-0.06003129629032211,0.0016013292025460757,0.8753439979045652,0.0,-0.030000047232116706,1.550320570588924e-05
20.952316848997725,nav,0,0.006439748220145702,-1.536456823348999,1.8990827798843384,-0.011187206022441387,-0.06380143761634827,0.001729267300106585,0.0021617284510284662,-1.502667373041346,1.899999652418312,0.3725548410361748,52030,0.019943035255270303,-0.058505552687486535,0.0014124993527502294,0.8866680000210181,0.0,-0.022459974613442228,1.1606701945738137e-05
20.97246318299949,hold,0,0.006368839181959629,-1.537927269935608,1.8988066911697388,-0.010346980765461922,-0.052508868277072906,-0.0018956955755129457,0.002161728463886271,-1.5026673730413518,1.899999652418312,0.37487861432219366,52355,0.08125631456975135,-0.0656837873207133,0.0010327956699951457,1.0658769970177673,3.105374759566659e-06,-1.3924514968692775e-09,7.195809336121901e-13
20.992655567999464,hold,0,0.006358611397445202,-1.53879714012146,1.8985846042633057,-0.009737370535731316,-0.041319333016872406,-0.0036440803669393063,0.00223594856903257,-1.5026674063216816,1.8999996524355105,0.37591443547217374,52499,0.10858668792015003,-0.06046374704327382,0.004763308623066065,1.3482440008374397,0.007460903625364873,-3.345472680594102e-06,1.7288489834572527e-09
21.01269169999796,hold,0,0.0063166990876197815,-1.5396244525909424,1.8981925249099731,-0.008746241219341755,-0.030106347054243088,-0.004332661163061857,0.002463809592577052,-1.5026675084946715,1.8999996524883107,0.3766481287232389,52602,0.12794534889812148,-0.05526125630856589,0.008545161761917885,1.012838001770433,0.01505193786144948,-6.749295987993226e-06,3.487851978460055e-09
21.03220363499713,hold,0,0.006330446805804968,-1.5401229858398438,1.8979976177215576,-0.007896523922681808,-0.01882186345756054,-0.005569692235440016,0.0028355987263073822,-1.5026676752050931,1.899999652574462,0.3774183749096586,52709,0.14826846727331322,-0.04968925226373801,0.012393985213193126,0.8949829971243162,0.022481162239757393,-1.0080563679367182e-05,5.209360211142171e-09
21.05255561299782,hold,0,0.006340677384287119,-1.540475606918335,1.897807002067566,-0.007045821286737919,-0.007502133958041668,-0.004793411586433649,0.0033630674235989007,-1.502667911722304,1.8999996526966876,0.3771936480915666,52678,0.14233899977748088,-0.044084676393215144,0.016494839275250195,1.102448000892764,0.030016730982045953,-1.3459516233365941e-05,6.955510679509963e-09
21.072144144996855,hold,0,0.006409619003534317,-1.5406588315963745,1.8974931240081787,-0.005847235210239887,0.0037345706950873137,-0.0033495817333459854,0.00403091704789587,-1.5026682111863885,1.8999996528514425,0.3768047430514608,52624,0.1320776530728427,-0.03835551974004086,0.020453222868117127,0.9405439996044151,0.03744183898683797,-1.67889381409271e-05,8.676065061489022e-09
21.092240186997515,hold,0,0.0064844051375985146,-1.5406070947647095,1.8973647356033325,-0.004794456530362368,0.015186971053481102,-0.0011492300545796752,0.004860828074774549,-1.5026685833188818,1.8999996530437504,0.3758230754904477,52486,0.10617613431260331,-0.03230192728693721,0.02476939742719586,0.8713210008863825,0.044992493977342014,-2.017465537569267e-05,1.0425711332269117e-08
21.112614141999074,hold,0,0.006610061973333359,-1.5404589176177979,1.89726984500885,-0.0032135017681866884,0.02621433511376381,-1.960494955710601e-05,0.00584760666420713,-1.5026690257908635,1.899999653272408,0.3753550743739547,52421,0.09382781989326361,-0.026304802252436615,0.0289186430433217,1.0032800018962007,0.05257764146454121,-2.3575839062133992e-05,1.2183350243196124e-08
21.132228840997413,hold,0,0.006804019212722778,-1.5399420261383057,1.8972010612487793,-0.0014725761720910668,0.03709869831800461,0.002843305701389909,0.0069587142820733,-1.5026695240120398,1.899999653529875,0.3740046287051331,52233,0.058196008051004,-0.02002239296063408,0.033034006315816766,0.9060880001925398,0.059981155470676645,-2.689557821058206e-05,1.3898900839507818e-08
21.15261487999669,hold,0,0.0070035625249147415,-1.5395267009735107,1.8972681760787964,0.0007094371248967946,0.047426942735910416,0.004529827274382114,0.008240274537537527,-1.5026700986642587,1.8999996538268396,0.37309562460494916,52106,0.03421173100129593,-0.014084851270950549,0.037148449051315424,1.15190499855089,0.06751969421263525,-3.027586251382413e-05,1.5645739519541144e-08
21.17263550200005,hold,0,0.007366391830146313,-1.5386857986450195,1.8973543643951416,0.0038698692806065083,0.05646054446697235,0.007970688864588737,0.009665204424612023,-1.5026707376034876,1.8999996541570259,0.37129789802604024,51855,-0.013221687967277518,-0.008375522095825106,0.04081152146603806,1.1911859983229078,0.0750173740838473,-3.363782568028355e-05,1.7383110336068606e-08
21.19191826199676,hold,0,0.007705432362854481,-1.5379289388656616,1.8974591493606567,0.007455548271536827,0.06492064148187637,0.012872413732111454,0.011230545795001571,-1.5026714395032912,1.8999996545197486,0.36876354189076294,51501,-0.0800912429877858,-0.0030170543150550002,0.04452375462041358,0.6638710001425352,0.0824718880843858,-3.6980433250112356e-05,1.9110478708471162e-08
21.212958371997956,hold,0,0.008264467120170593,-1.5367577075958252,1.8977679014205933,0.012014077976346016,0.07177288085222244,0.01583796925842762,0.013006737890153953,-1.5026722359486588,1.8999996549313298,0.36694969019649354,51247,-0.127950126741597,0.00198748998069018,0.04779466386490139,1.079988000128651,0.09018733980800908,-4.044004541720586e-05,2.0898311863687302e-08
21.23208928799795,hold,0,0.008728237822651863,-1.535833716392517,1.8979439735412598,0.016916567459702492,0.07799816876649857,0.019784467294812202,0.014821771972508618,-1.5026730498107914,1.8999996553519116,0.3648177244896842,50950,-0.18420252006110438,0.006433776502951569,0.050848910651604795,0.8983890002127737,0.09744245320475169,-4.369324166288551e-05,2.2579474903802586e-08
21.252709602998948,hold,0,0.00932883471250534,-1.5349295139312744,1.8981966972351074,0.022371230646967888,0.08309470117092133,0.020304037258028984,0.016867259628295793,-1.5026739670084146,1.8999996558258943,0.3643085174035099,50878,-0.19763806323192945,0.010242908949024633,0.05367555403343083,1.2660540014621802,0.10501974706774742,-4.7090903780555045e-05,2.4335293964091868e-08
21.271953941999527,hold,0,0.010281261056661606,-1.5334384441375732,1.8986155986785889,0.02880638651549816,0.0863150954246521,0.021234549582004547,0.019018925628610815,-1.502674931816457,1.8999996563244808,0.36337439007791095,50748,-0.2222852222187104,0.013692664523598984,0.055679124873904806,0.7598289994348306,0.11244063594705096,-5.0418433830270763e-05,2.6054870685565163e-08
21.291912146996765,hold,0,0.011109215207397938,-1.5324822664260864,1.89887535572052,0.03560911864042282,0.089202880859375,0.02273448370397091,0.021351979559004447,-1.5026759779589323,1.8999996568650985,0.3623595502402064,50606,-0.2490619989391476,0.01638990237365477,0.05790080070586168,0.66349200278637,0.11996952481386017,-5.3794391124975466e-05,2.7799473285670343e-08
21.31247206399712,hold,0,0.012022794224321842,-1.5313379764556885,1.8991376161575317,0.04349660873413086,0.09041482955217361,0.02379276603460312,0.023835616781590012,-1.5026770916230263,1.8999996574406097,0.36154985436242454,50493,-0.2704260062684831,0.018371466347204716,0.059571005613185735,1.0939749990939163,0.1274967239333613,-5.7169590736195686e-05,2.954368433562791e-08
21.332170561996463,hold,0,0.01355771068483591,-1.529887318611145,1.8995296955108643,0.05151327699422836,0.09097298979759216,0.021884556859731674,0.02645389421031935,-1.5026782656598519,1.89999965804732,0.3620463341636017,50562,-0.2573262753667098,0.020265247460241782,0.060392138665595674,0.877559999935329,0.13497822968120538,-6.05243014181603e-05,3.1277307266088596e-08
21.352000665996457,hold,0,0.01471105869859457,-1.5288091897964478,1.8998277187347412,0.06028290465474129,0.09051545709371567,0.021417975425720215,0.02922834281911278,-1.5026795097239076,1.8999996586902184,0.3619386406444405,50547,-0.26016779302267956,0.021216552907702146,0.06150199322027938,0.7168709998950362,0.14247792367688997,-6.388716771897671e-05,3.301514479780523e-08
21.37268567299907,hold,0,0.016747865825891495,-1.5273826122283936,1.9001755714416504,0.07005798071622849,0.08837642520666122,0.020209047943353653,0.03216287039607608,-1.502680825567448,1.8999996593702104,0.36210525735122634,50571,-0.25577157384627114,0.02160500780797829,0.06122203622079159,1.2526649989013094,0.15000284729544575,-6.726134699450708e-05,3.4758828566123224e-08
21.39211094499842,hold,0,0.018233302980661392,-1.5263760089874268,1.9004048109054565,0.08004935830831528,0.0858520120382309,0.01964377798140049,0.03522804870600491,-1.5026821999948379,1.899999660080477,0.3621066950570228,50571,-0.2557336396563912,0.02132581983234256,0.06157848275872957,0.8038709966058377,0.1574793246685964,-7.061380295090369e-05,3.649128631594178e-08
21.412836576997506,hold,0,0.020720411092042923,-1.5250859260559082,1.9007141590118408,0.09074025601148605,0.08293226361274719,0.018671143800020218,0.038464625724492836,-1.502683651277489,1.8999996608304603,0.3621836610340928,50582,-0.2537028750899015,0.02113563511283959,0.06064439962180734,1.0802529977809172,0.16500657628685497,-7.398902610259132e-05,3.823550953097048e-08
21.4319885579971,hold,0,0.02254699170589447,-1.524215817451477,1.900904893875122,0.10169074684381485,0.07832808047533035,0.015576733276247978,0.041824302158540015,-1.502685157757976,1.8999996616089683,0.3634722562523976,50762,-0.21970300125600062,0.019484555657206606,0.06019877068175106,0.7235810007841792,0.17247297553567656,-7.733696302331778e-05,3.996563196647908e-08
21.452568574997713,hold,0,0.02458958700299263,-1.5234544277191162,1.901018738746643,0.11283184587955475,0.07407049089670181,0.014295992441475391,0.04535587520694675,-1.502686741316985,1.8999996624273083,0.3639503541505747,50828,-0.20708828098747567,0.017956247069854298,0.05976268510600491,1.210701000672998,0.17998779628119063,-8.070661216584369e-05,4.1706974685687586e-08
21.472108035999554,hold,0,0.02787463739514351,-1.5224850177764893,1.9012559652328491,0.12444529682397842,0.06855103373527527,0.013998125679790974,0.04903197223445158,-1.5026883896806145,1.8999996632791376,0.3637505022434011,50800,-0.21236141837991873,0.015995547403102713,0.057962184513868475,0.7843060011509806,0.1874904779011866,-8.407081811880083e-05,4.344550451307148e-08
21.492144573996484,hold,0,0.030204137787222862,-1.5218117237091064,1.9012824296951294,0.13578613102436066,0.06351743638515472,0.012188105843961239,0.05285241194744829,-1.5026901027675714,1.8999996641644143,0.364598614426875,50919,-0.1899837882091031,0.013935441002600574,0.057350625653351806,0.8216940004786011,0.19498207302289858,-8.743005288073407e-05,4.518146536459791e-08
21.511700641996867,hold,0,0.034001708030700684,-1.5211409330368042,1.9014084339141846,0.14717891812324524,0.05829232931137085,0.009106999263167381,0.05680021870834828,-1.5026918729659722,1.8999996650792044,0.36592706192738755,51104,-0.15493240297130662,0.011760917087980315,0.05514848182734888,0.5715160004911013,0.20243236789931285,-9.077076859332917e-05,4.6907856076810826e-08
21.532439504997456,hold,0,0.03674850985407829,-1.520659327507019,1.9013501405715942,0.15888473391532898,0.05193454772233963,0.006408998742699623,0.06096905890828763,-1.5026937422758706,1.8999996660452128,0.367320328740649,51299,-0.11817074562931573,0.008777876880050186,0.054240549805991245,1.0009750003519002,0.21001307913782996,-9.416996306378334e-05,4.8664467015201335e-08
21.55266836899682,hold,0,0.03963598236441612,-1.520348310470581,1.901368260383606,0.17013773322105408,0.0462023951113224,0.0038036303594708443,0.0652306672738475,-1.5026956531830582,1.8999996670327175,0.36857851851484535,51475,-0.0849731262573794,0.005974531469459626,0.05349643988726549,1.261335997696733,0.2174895385111728,-9.75224109490577e-05,5.039692059408416e-08
21.572660694997467,hold,0,0.04420076683163643,-1.5199923515319824,1.9013200998306274,0.18164943158626556,0.03974006325006485,0.003685411298647523,0.06965543823694234,-1.5026976372524308,1.8999996680580304,0.36864639194817267,51484,-0.0831822704967653,0.0028528183193866985,0.05115500188938582,1.2861109971709084,0.22498950475633833,-0.00010088539932666887,5.213482121175686e-08
21.592764396998973,hold,0,0.04743396118283272,-1.5197848081588745,1.9012714624404907,0.19344961643218994,0.03434053063392639,0.005841500591486692,0.07425464853333952,-1.502699699540482,1.8999996691237646,0.3676121678970646,51340,-0.11047050403523606,0.00014957583665796133,0.05046623882609769,1.2418740006978624,0.23252888987398132,-0.00010426606314516429,5.388185601491616e-08
21.612737210998603,hold,0,0.04743396118283272,-1.5197848081588745,1.9012714624404907,0.20463934540748596,0.029005898162722588,0.006359736900776625,0.0789491728442219,-1.5027018045673821,1.8999996702115851,0.36741228225127337,51312,-0.11574453162867293,-0.002754272396898311,0.053573886567350515,1.385100000334205,0.23998036899968972,-0.00010760730987569763,5.560852114270809e-08
21.632507135997002,hold,0,0.04743396118283272,-1.5197848081588745,1.9012714624404907,0.21521027386188507,0.02544557861983776,0.0061967624351382256,0.08385543330059561,-1.5027040045368691,1.8999996713484693,0.36757022357207986,51334,-0.11157721445699664,-0.0046898194176527245,0.05725081039422375,1.00758299959125,0.2475283266165354,-0.00011099181760685122,5.735754237502884e-08
21.652302127997245,hold,0,0.04743396118283272,-1.5197848081588745,1.9012714624404907,0.2255866825580597,0.022156253457069397,0.006517776753753424,0.08886610375002124,-1.5027062513238458,1.8999996725095474,0.36749667673652725,51324,-0.1135177642077263,-0.006481067484322724,0.06114559897147687,0.901657000213163,0.2550064213639605,-0.00011434499879463013,5.909037490463422e-08
21.67221534700002,hold,0,0.04743396118283272,-1.5197848081588745,1.9012714624404907,0.23588505387306213,0.019202928990125656,0.007762502878904343,0.09403186092989164,-1.502708567651785,1.8999996737065625,0.36697364254036596,51251,-0.12731813877662468,-0.008100706731971483,0.06533933354553234,0.8561290014768019,0.26249303311186295,-0.00011770199900941277,6.082518100317396e-08
21.69227589000002,hold,0,0.06973113864660263,-1.5200706720352173,1.9010497331619263,0.23909954726696014,0.014558169059455395,0.008825195021927357,0.09932466687474695,-1.50271094094845,1.8999996749330175,0.3663880525565507,51169,-0.14276906183243554,-0.010952811817826431,0.04916770750013333,1.025423000101,0.26994850711170226,-0.00012104503704337776,6.255277182769474e-08
21.712957180996455,hold,0,0.07606381177902222,-1.5204317569732666,1.901044249534607,0.25106605887413025,0.007505952380597591,0.007452012971043587,0.10498816432151964,-1.5027134804633582,1.8999996762453695,0.36704706026277995,51261,-0.12538099570501515,-0.015167895449695731,0.04605244409062892,1.006628997856751,0.2777045537075263,-0.00012452285197018232,6.435001167237665e-08
21.731875889996445,hold,0,0.08045726269483566,-1.5206725597381592,1.9009610414505005,0.26156318187713623,0.0030422573909163475,0.008534139022231102,0.1104292037871288,-1.5027159202280034,1.8999996775061732,0.3666153496092201,51201,-0.13677177812084373,-0.017881894465965,0.04547906833442528,0.6644029999733903,0.28495718685243987,-0.00012777493606977997,6.60305999857472e-08
21.75247870199746,hold,0,0.08497125655412674,-1.52104651927948,1.9009861946105957,0.27304455637931824,-0.0005495938821695745,0.00810219720005989,0.11623270742856368,-1.502718522521755,1.8999996788509677,0.3668028632097318,51227,-0.1318241897168395,-0.020236512539146205,0.04471093424513595,1.1041940015275031,0.2924948300950912,-0.0001311548188307132,6.777723115967339e-08
21.772241104998102,hold,0,0.09200099855661392,-1.521567702293396,1.9009895324707031,0.2841068208217621,-0.004325557500123978,0.008424864150583744,0.12212250449516719,-1.5027211635095186,1.899999680215758,0.3666065352781663,51199,-0.13700434622252722,-0.022871344323842385,0.04152081383882522,0.983287001872668,0.29995095097069835,-0.0001344981469240755,6.9504971878975e-08
21.792412730999786,hold,0,0.0968426987528801,-1.5218689441680908,1.9008901119232178,0.2957555055618286,-0.006409989669919014,0.00956370122730732,0.12816243818389936,-1.502723871818614,1.8999996816153384,0.3661017928035923,51129,-0.15032208961498128,-0.02436470202287359,0.036546575692208316,1.0314579994883388,0.29999996984054944,-0.0001345201270082791,6.951633058665541e-08
21.813017004998983,hold,0,0.10431396216154099,-1.5223886966705322,1.900903344154358,0.30651259422302246,-0.008521412499248981,0.009736382402479649,0.134216790375739,-1.5027265865929729,1.8999996830182595,0.365924711229,51104,-0.15499442667546326,-0.026091039863675693,0.029131987654111624,1.145458001701627,0.29999996984054944,-0.0001345201270082791,6.951633058665541e-08
21.83219057599854,hold,0,0.10940603166818619,-1.5228322744369507,1.9009557962417603,0.31590718030929565,-0.009267142973840237,0.010050653479993343,0.14012119688218444,-1.502729234131616,1.8999996843864353,0.36566787418525437,51068,-0.1617711296766675,-0.02699717605412725,0.024901189354984643,0.9659210008976515,0.29999996984054944,-0.0001345201270082791,6.951633058665541e-08
21.85275062599976,hold,0,0.11466266959905624,-1.52309250831604,1.900885820388794,0.3258398771286011,-0.0099564203992486,0.010680108331143856,0.14614805197604272,-1.5027319365762635,1.8999996857829848,0.3654085054805022,51032,-0.16861463112131503,-0.02767310382835013,0.020324329268642805,1.3648700005433057,0.29999996984054944,-0.0001345201270082791,6.951633058665541e-08
21.8733482289972,hold,0,0.12273066490888596,-1.523659348487854,1.9009463787078857,0.334747850894928,-0.008797933347523212,0.011428119614720345,0.1522521435626467,-1.5027346736537903,1.8999996871974318,0.36491474496432624,50963,-0.18164261307846452,-0.027690685921510007,0.013315874227288083,1.2553079977806192,0.29999996984054944,-0.0001345201270082791,6.951633058665541e-08
21.89203760899909,hold,0,0.1281571090221405,-1.5238845348358154,1.9008737802505493,0.3421657085418701,-0.007846930995583534,0.011642282828688622,0.15813706267113783,-1.5027373124542753,1.899999688561092,0.36487976245575915,50958,-0.18256563441268803,-0.027414783886208504,0.009753596973675283,0.781278002250474,0.29999996984054944,-0.0001345201270082791,6.951633058665541e-08
21.91207439599748,hold,0,0.1365669071674347,-1.5242875814437866,1.9008272886276245,0.3496573865413666,-0.006257726810872555,0.01101868785917759,0.16412083416929685,-1.502739995580218,1.8999996899476583,0.36522869672315694,51007,-0.17335892551037269,-0.026955471426885758,0.0029846753248912172,0.8362389999092557,0.29999996984054944,-0.0001345201270082791,6.951633058665541e-08
21.93214593599987,hold,0,0.14224258065223694,-1.5244923830032349,1.900801420211792,0.35663241147994995,-0.0037893145345151424,0.010895626619458199,0.17012160636562818,-1.5027426863292819,1.899999691338164,0.36530925319110297,51018,-0.17123342503686168,-0.02581890938224788,-0.000478712344883947,0.9330950015282724,0.29999996984054944,-0.0001345201270082791,6.951633058665541e-08
21.952158513999166,hold,0,0.14795972406864166,-1.524717926979065,1.9007656574249268,0.36295729875564575,-0.00117682374548167,0.010163179598748684,0.17611633176375963,-1.5027453743669585,1.8999996927272684,0.36571073331856707,51074,-0.16064028183200385,-0.024605373309817297,-0.0036335428739311393,0.9548510024615098,0.29999996984054944,-0.0001345201270082791,6.951633058665541e-08
21.973132994997286,hold,0,0.1567523032426834,-1.5249059200286865,1.9007104635238647,0.36717188358306885,0.0012281094677746296,0.008452684618532658,0.1822262085491736,-1.5027481140385712,1.899999694143056,0.36663617048635455,51203,-0.13622241460805995,-0.02343391066849048,-0.008850362424789981,1.1787049988924991,0.29999996984054944,-0.0001345201270082791,6.951633058665541e-08
21.992954518998886,hold,0,0.16257789731025696,-1.524954080581665,1.9006435871124268,0.37014901638031006,0.004178634844720364,0.007869405671954155,0.1882250832465267,-1.5027508039367956,1.899999695533122,0.36700273321462407,51255,-0.1265505748120308,-0.02185199316282371,-0.010275131348648658,1.2882279988843948,0.29999996984054944,-0.0001345201270082791,6.951633058665541e-08
22.013625126997795,hold,0,0.17140305042266846,-1.524879813194275,1.9005736112594604,0.37339916825294495,0.00748094916343689,0.007173103280365467,0.19457824590718814,-1.5027536526979088,1.899999697005284,0.3674436927800258,51316,-0.11491575778296159,-0.019944961983173366,-0.01472322711931806,0.8596430016041268,0.29999996984054944,-0.0001345201270082791,6.951633058665541e-08
22.031951642999047,hold,0,0.17733025550842285,-1.5248253345489502,1.9004555940628052,0.3741624653339386,0.010680748149752617,0.007001255173236132,0.20013839464829022,-1.5027561458712089,1.899999698293688,0.36766853026814755,51348,-0.10898337023357563,-0.018129891681906984,-0.015528859390617766,0.6831550017523114,0.29999996984054944,-0.0001345201270082791,6.951633058665541e-08
22.05279416399935,hold,0,0.18328088521957397,-1.5247993469238281,1.9004840850830078,0.3753257691860199,0.014117077924311161,0.0056426688097417355,0.20614056364498895,-1.5027588372465988,1.8999996996845172,0.3683029110792804,51436,-0.09224509025645489,-0.016201111308904392,-0.016077916944876813,1.4725270011695102,0.29999996984054944,-0.0001345201270082791,6.951633058665541e-08
22.07250199400005,hold,0,0.19215334951877594,-1.5245742797851562,1.9004164934158325,0.37572699785232544,0.01821945421397686,0.004828132223337889,0.21211945984349154,-1.5027615181864549,1.8999997010699539,0.36880245495614594,51506,-0.07906451303045081,-0.013707665243002435,-0.01941259077018298,1.2894489991595037,0.29999996984054944,-0.0001345201270082791,6.951633058665541e-08
22.092224519998126,hold,0,0.19809482991695404,-1.52437162399292,1.900381088256836,0.37429431080818176,0.02171342819929123,0.0036169777158647776,0.21814822563782418,-1.5027642214878612,1.8999997024669462,0.3694357783008438,51594,-0.0623541345423817,-0.011569531269212136,-0.01850903655382119,0.8940410007198807,0.29999996984054944,-0.0001345201270082791,6.951633058665541e-08
22.111769166996964,hold,0,0.20689444243907928,-1.5240272283554077,1.9003875255584717,0.3725893497467041,0.025104081258177757,0.003172963159158826,0.22410683103849113,-1.5027668933293141,1.899999703847681,0.36965632891300393,51625,-0.056534857176679054,-0.009352474044430955,-0.020650161933528643,0.6360240004141815,0.29999996984054944,-0.0001345201270082791,6.951633058665541e-08
22.132105569999112,hold,0,0.21272097527980804,-1.5237057209014893,1.9003543853759766,0.37084802985191345,0.028652487322688103,0.003757269587367773,0.23014353663236917,-1.50276960019093,1.8999997052465132,0.3693897319389579,51588,-0.06356907812776136,-0.007086190641216197,-0.019494433481961115,0.8080709994828794,0.29999996984054944,-0.0001345201270082791,6.951633058665541e-08
22.152652875996864,hold,0,0.21847249567508698,-1.5232681035995483,1.9002864360809326,0.36878594756126404,0.03199145942926407,0.00631699850782752,0.23613913112899831,-1.502772288618311,1.899999706635819,0.3681801241012632,51419,-0.09548485220941494,-0.004816744999826264,-0.01817292461790143,1.2982169973838609,0.29999996984054944,-0.0001345201270082791,6.951633058665541e-08
22.17241149599795,hold,0,0.22705784440040588,-1.522714614868164,1.9003753662109375,0.3645855784416199,0.034517135471105576,0.00785443838685751,0.24214575722517973,-1.5027749819922662,1.8999997080276811,0.3673007682842829,51296,-0.11868685265744539,-0.002847004694807062,-0.018737666540361797,1.074419000360649,0.29999996984054944,-0.0001345201270082791,6.951633058665541e-08
22.192790846998832,hold,0,0.23275838792324066,-1.5222980976104736,1.9005184173583984,0.3616354465484619,0.03713025152683258,0.009123437106609344,0.24817183861924888,-1.5027776840899862,1.8999997094240515,0.3664729479509528,51181,-0.14052907781127288,-0.0009694067571595716,-0.01681435273666887,1.3275559977046214,0.29999996984054944,-0.0001345201270082791,6.951633058665541e-08
22.21288588299649,hold,0,0.2411327213048935,-1.521519660949707,1.9006173610687256,0.35745421051979065,0.039383769035339355,0.012230970896780491,0.25419636301384246,-1.502780385489547,1.8999997108200612,0.3647969456809511,50947,-0.18475077358968228,0.0011184521142989334,-0.017175855214559554,1.1156419968756381,0.29999996984054944,-0.0001345201270082791,6.951633058665541e-08
22.23217402299997,hold,0,0.24662907421588898,-1.5210492610931396,1.9007314443588257,0.3512735366821289,0.040828343480825424,0.0130619453266263,0.2601234948176443,-1.5027830432182243,1.8999997121935028,0.36421755192016797,50866,-0.20003820791113647,0.0024330657267605483,-0.013335681010323563,0.9471999983361457,0.29999996984054944,-0.0001345201270082791,6.951633058665541e-08
22.25280031299917,hold,0,0.2521841824054718,-1.5204846858978271,1.9009073972702026,0.34691283106803894,0.04251484200358391,0.014598753303289413,0.26617903320909836,-1.5027857585244757,1.899999713596699,0.3632174507171614,50726,-0.22642610244956884,0.003993156345157526,-0.010419929999160082,1.2996469995414373,0.29999996984054944,-0.0001345201270082791,6.951633058665541e-08
22.272025545997167,hold,0,0.26018205285072327,-1.5196771621704102,1.9010634422302246,0.3418826460838318,0.043833136558532715,0.015718499198555946,0.27211323751256444,-1.5027884194244652,1.8999997149717796,0.3624624944561824,50621,-0.2463457927128676,0.0056230527756855365,-0.00994343091974148,0.837984996906016,0.29999996984054944,-0.0001345201270082791,6.951633058665541e-08
22.29319311099971,hold,0,0.2655406594276428,-1.5191445350646973,1.9012858867645264,0.3359869420528412,0.044408850371837616,0.017054088413715363,0.27824798009635726,-1.5027911702459134,1.8999997163933289,0.3615056466041145,50487,-0.27159243788616294,0.006548682188863744,-0.005849087701696121,1.4691659998788964,0.29999996984054944,-0.0001345201270082791,6.951633058665541e-08
22.312833031999617,hold,0,0.2707477807998657,-1.5186141729354858,1.9015247821807861,0.33132877945899963,0.04502744972705841,0.017782412469387054,0.28416842430116057,-1.5027938249758683,1.899999717765221,0.3608386562966259,50394,-0.2891911267381033,0.007494453324057002,-0.00248727632951673,1.3498679982149042,0.29999996984054944,-0.0001345201270082791,6.951633058665541e-08
22.332222233999346,hold,0,0.2785545587539673,-1.5178016424179077,1.9017424583435059,0.3262071907520294,0.04515065252780914,0.01808638870716095,0.2901236493024462,-1.5027964953015485,1.8999997191451723,0.36041505261376233,50335,-0.3003680049139241,0.008476384867526051,-0.0017030594454063852,0.9821739986364264,0.29999996984054944,-0.0001345201270082791,6.951633058665541e-08
22.35275320599976,hold,0,0.283602237701416,-1.517175555229187,1.9019113779067993,0.32118549942970276,0.04459846019744873,0.016423318535089493,0.29615968949551535,-1.5027992018647987,1.8999997205438504,0.3610350601387643,50421,-0.28400896731492686,0.008852614023809085,0.0021767288199268098,1.3101980002829805,0.29999996984054944,-0.0001345201270082791,6.951633058665541e-08
22.372519470998668,hold,0,0.2911466062068939,-1.5164059400558472,1.9022042751312256,0.3167573809623718,0.04402220994234085,0.01606319472193718,0.3021431723932084,-1.5028018848613327,1.8999997219303497,0.36084923642664424,50395,-0.2889119676347178,0.009393917796696,0.002901892574848741,1.1641290002444293,0.29999996984054944,-0.0001345201270082791,6.951633058665541e-08
22.39246311399984,hold,0,0.2961450517177582,-1.5158357620239258,1.9023171663284302,0.31267249584198,0.04288097098469734,0.014710536226630211,0.30812366099271865,-1.5028045665152223,1.8999997233161554,0.361387649130056,50470,-0.2747058277030092,0.009382545029108593,0.006245241602591101,1.194912001665216,0.29999996984054944,-0.0001345201270082791,6.951633058665541e-08
22.41310420699665,hold,0,0.30353522300720215,-1.5151668787002563,1.902525544166565,0.3092575967311859,0.04190850630402565,0.013583099469542503,0.3142338683776045,-1.502807306335076,1.8999997247320195,0.36169016227269124,50513,-0.26672395058862364,0.009579766783295534,0.006712792488712038,1.096766001865035,0.29999996984054944,-0.0001345201270082791,6.951633058665541e-08
22.43190135599798,hold,0,0.3084064722061157,-1.5146596431732178,1.9026130437850952,0.3049665093421936,0.04022032022476196,0.01290372759103775,0.3201091217873771,-1.502809940801457,1.8999997260934398,0.3619272354238762,50546,-0.26046872232516627,0.009204355913788933,0.010189384452418793,0.7049749983707443,0.29999996984054944,-0.0001345201270082791,6.951633058665541e-08
22.45222864599782,hold,0,0.31327131390571594,-1.5142146348953247,1.902726650238037,0.302875280380249,0.03891091048717499,0.011827236972749233,0.3261283802823915,-1.5028126398397859,1.8999997274882292,0.3623299841301427,50602,-0.24984210738409907,0.00896583202643311,0.012606976076952936,0.9510999989288393,0.29999996984054944,-0.0001345201270082791,6.951633058665541e-08
22.472805021996464,hold,0,0.3205651342868805,-1.513556718826294,1.902794361114502,0.3007199466228485,0.03726163133978844,0.013432297855615616,0.3322393112677377,-1.5028153799841024,1.899999728904261,0.36143901598418826,50478,-0.27335050173645925,0.008806424546265852,0.012521597009830687,1.0316549996787217,0.29999996984054944,-0.0001345201270082791,6.951633058665541e-08
22.492345289996592,hold,0,0.32527512311935425,-1.513177514076233,1.9027992486953735,0.29832521080970764,0.03496777266263962,0.012400262989103794,0.3381848198707096,-1.502818045952945,1.899999730281961,0.36195698138179,50550,-0.25968386855435455,0.007948551263924925,0.015192529302679336,0.9093650005524978,0.29999996984054944,-0.0001345201270082791,6.951633058665541e-08
22.512950124997587,hold,0,0.3301548361778259,-1.5127509832382202,1.9027620553970337,0.2972745895385742,0.03295305743813515,0.012503384612500668,0.34416253886922893,-1.5028207263649442,1.8999997316671247,0.3619578357319556,50550,-0.25966132633362626,0.007309741004631587,0.016986654829434844,1.4884400006849319,0.29999996984054944,-0.0001345201270082791,6.951633058665541e-08
22.532158712998353,hold,0,0.33734604716300964,-1.5123018026351929,1.9026917219161987,0.29626452922821045,0.03083742782473564,0.00992089044302702,0.35013528386900905,-1.5028234045466,1.8999997330511358,0.36332767407777533,50741,-0.22351783435949102,0.006614857516244636,0.016137051152441684,0.8870050005498342,0.29999996984054944,-0.0001345201270082791,6.951633058665541e-08
22.552386007999303,hold,0,0.3421459496021271,-1.5119699239730835,1.9025883674621582,0.2957361340522766,0.028367089107632637,0.007839084602892399,0.3561422009645393,-1.5028260980510395,1.8999997344430655,0.36450274980322855,50906,-0.19251319780399712,0.00560523124553995,0.017699741803126612,1.0707699984777719,0.29999996984054944,-0.0001345201270082791,6.951633058665541e-08
22.57222240399642,hold,0,0.3493359386920929,-1.5115385055541992,1.902416467666626,0.29580870270729065,0.026356415823101997,0.00787285529077053,0.36211744916488037,-1.5028287773551314,1.8999997358276566,0.36468857348210926,50931,-0.18761019836123438,0.004975601430162615,0.01631836631242778,0.9883200000331271,0.29999996984054944,-0.0001345201270082791,6.951633058665541e-08
22.591921029998048,hold,0,0.3541387617588043,-1.5113592147827148,1.9023252725601196,0.2956174612045288,0.02396293357014656,0.004158493131399155,0.368121478760542,-1.5028314695648148,1.8999997372189172,0.3666641417568685,51207,-0.1354843863623092,0.0038417048276528035,0.017645369510638442,0.7281010002770927,0.29999996984054944,-0.0001345201270082791,6.951633058665541e-08
22.612580269997125,hold,0,0.3613733947277069,-1.511012077331543,1.9020060300827026,0.2956196665763855,0.021553920581936836,0.0019984887912869453,0.3741665297529095,-1.5028341801685114,1.8999997386196832,0.36813174156676526,51412,-0.09676143623310729,0.0028975282990929014,0.01628107216061747,1.1975909983448219,0.29999996984054944,-0.0001345201270082791,6.951633058665541e-08
22.632051269996737,hold,0,0.3662547469139099,-1.5107966661453247,1.9018073081970215,0.2965269982814789,0.019654368981719017,-0.0007777382852509618,0.3801375980524455,-1.502836857598334,1.899999740003306,0.36976971200314607,51641,-0.053543218914352764,0.0020931012690468386,0.016897089930539178,0.7710419995419215,0.29999996984054944,-0.0001345201270082791,6.951633058665541e-08
22.651933322998957,hold,0,0.3711094558238983,-1.510666012763977,1.901618242263794,0.2989230453968048,0.018055835738778114,-0.0023618482518941164,0.38613276924991036,-1.5028395458359074,1.8999997413925136,0.3707954867506983,51784,-0.026477922145165422,0.001368830266050201,0.016788237429233188,0.7000490004429594,0.29999996984054944,-0.0001345201270082791,6.951633058665541e-08
22.671944406996772,hold,0,0.37846243381500244,-1.5104254484176636,1.9012609720230103,0.30080366134643555,0.016260260716080666,-0.003759433049708605,0.39210837414930816,-1.5028422252999434,1.8999997427771875,0.3719248203493677,51942,0.0033197981363493057,0.0006605955049535886,0.01424432222860017,0.7715860010648612,0.29999996984054944,-0.0001345201270082791,6.951633058665541e-08
22.692393988996628,hold,0,0.38346993923187256,-1.510325312614441,1.9010635614395142,0.3039717674255371,0.015021208673715591,-0.004602883942425251,0.39815831424091186,-1.5028449380959146,1.8999997441790866,0.3725890828875786,52035,0.020846514184130527,0.0001046718250422808,0.013637404358191718,1.0077689985337202,0.29999996984054944,-0.0001345201270082791,6.951633058665541e-08
22.7124124639995,hold,0,0.38840460777282715,-1.5101896524429321,1.900829553604126,0.30667006969451904,0.013929693028330803,-0.0050974139012396336,0.404183817235699,-1.50284763993428,1.8999997455753228,0.37312660538152775,52110,0.035029165739517865,-0.0003322556069284832,0.013340810859995944,0.9558040001138579,0.29999996984054944,-0.0001345201270082791,6.951633058665541e-08
22.73195338399819,hold,0,0.3958882689476013,-1.5100748538970947,1.9005333185195923,0.3088620603084564,0.013010968454182148,-0.005029788240790367,0.4101202196384812,-1.5028503018198982,1.8999997469509127,0.37344999938934126,52155,0.04356198916467591,-0.0006981858440894475,0.010497882441315998,0.76038699990022,0.29999996984054944,-0.0001345201270082791,6.951633058665541e-08
22.752193017997342,hold,0,0.4010072350502014,-1.509908676147461,1.9003256559371948,0.31054049730300903,0.012006867676973343,-0.003900851821526885,0.41613463913358817,-1.5028529986884172,1.8999997483445807,0.37314515607138804,52113,0.035518629851925,-0.0010559308798102902,0.010566744473688994,0.9169360018859152,0.29999996984054944,-0.0001345201270082791,6.951633058665541e-08
22.77228280700001,hold,0,0.40863749384880066,-1.5097846984863281,1.9001262187957764,0.31259921193122864,0.011227520182728767,-0.0026752427220344543,0.422112860632609,-1.502855679325738,1.8999997497298609,0.37277186832722875,52060,0.02566934900339568,-0.0013391958806150284,0.007699955126615032,0.8331020035257097,0.29999996984054944,-0.0001345201270082791,6.951633058665541e-08
22.792617556999176,hold,0,0.4136933386325836,-1.5097099542617798,1.8999820947647095,0.3143557012081146,0.010768807493150234,-0.000674520677421242,0.4282060046198554,-1.502858411494356,1.8999997511417712,0.3719522897682183,51946,0.004044584913410532,-0.0015054866725074867,0.00788797549350595,1.0735989999375306,0.29999996984054944,-0.0001345201270082791,6.951633058665541e-08
22.812793198998406,hold,0,0.42150038480758667,-1.5095583200454712,1.899919867515564,0.3170941174030304,0.010416830889880657,0.0014627660857513547,0.4342242200155013,-1.5028611100649585,1.8999997525363188,0.370953717259804,51806,-0.02230297467535891,-0.0015328590929253446,0.004503823903529769,1.2249030005477834,0.29999996984054944,-0.0001345201270082791,6.951633058665541e-08
22.832454603998485,hold,0,0.42667731642723083,-1.5094467401504517,1.8998414278030396,0.3187870979309082,0.009984890930354595,0.0058953952975571156,0.4401831209164241,-1.502863782038914,1.899999753917122,0.36883558542379136,51511,-0.0781903582113106,-0.0016519755512210178,0.004459715101245099,0.9411549981450662,0.29999996984054944,-0.0001345201270082791,6.951633058665541e-08
22.85248037799829,hold,0,0.43188342452049255,-1.5094218254089355,1.899951457977295,0.3216424286365509,0.009945834055542946,0.00850093737244606,0.44615612061580434,-1.5028664603347772,1.8999997553011923,0.36739424942242205,51309,-0.11622033186221614,-0.0016496712951184597,0.0037577886161941354,1.0854600004677195,0.29999996984054944,-0.0001345201270082791,6.951633058665541e-08
22.872106456998154,hold,0,0.4397967755794525,-1.5092521905899048,1.900018334388733,0.32375600934028625,0.009984005242586136,0.0100067388266325,0.45218176220993034,-1.5028691622352905,1.8999997566974607,0.3665550809985646,51192,-0.13836197892969615,-0.0014445483381894024,0.0005532231664484577,0.6968689995119348,0.29999996984054944,-0.0001345201270082791,6.951633058665541e-08
22.892287758997554,hold,0,0.4450797736644745,-1.509198784828186,1.9001648426055908,0.3252733647823334,0.00994490459561348,0.012354334816336632,0.4581481274098816,-1.502871837556241,1.8999997580799934,0.36519794962673013,51003,-0.17417019454538085,-0.0014099043899741186,0.0004727915817028805,0.9440060021006502,0.29999996984054944,-0.0001345201270082791,6.951633058665541e-08
22.91235466499711,hold,0,0.4530302584171295,-1.5090394020080566,1.90035080909729,0.32722750306129456,0.010198124684393406,0.015658045187592506,0.46414425830787825,-1.5028745262241445,1.8999997594694238,0.3633144787444379,50740,-0.22386599618897485,-0.0010993862557883093,-0.0027521830498109523,0.7890029992267955,0.29999996984054944,-0.0001345201270082791,6.951633058665541e-08
22.93235654399905,hold,0,0.4583100974559784,-1.50897216796875,1.9005542993545532,0.3278210759162903,0.01025380752980709,0.017742693424224854,0.4702222444967863,-1.502877251595999,1.8999997608778214,0.3620167053303418,50558,-0.2581080387772623,-0.0009952633407917656,-0.002208083319420462,0.793633000284899,0.29999996984054944,-0.0001345201270082791,6.951633058665541e-08
22.95255152399841,hold,0,0.46366357803344727,-1.508803129196167,1.900669813156128,0.32956230640411377,0.010526708327233791,0.018883705139160156,0.47618934529597834,-1.5028799272467925,1.899999762260525,0.36130128116414895,50458,-0.2769846658535915,-0.000656061456766746,-0.0024969779854477903,1.0363140027038753,0.29999996984054944,-0.0001345201270082791,6.951633058665541e-08
22.972252808998746,hold,0,0.4715941846370697,-1.508684515953064,1.9010610580444336,0.33050185441970825,0.010769147425889969,0.019990768283605576,0.48214217779784047,-1.5028825964996748,1.899999763639922,0.36026136855367935,50313,-0.3044229933066145,-0.0003887071878043911,-0.005221731677646613,0.9367709972138982,0.29999996984054944,-0.0001345201270082791,6.951633058665541e-08
22.9924151669984,hold,0,0.47695088386535645,-1.5085060596466064,1.9012596607208252,0.33139991760253906,0.010791913606226444,0.020527534186840057,0.48814656499404996,-1.5028852888697064,1.8999997650312652,0.35974305272349594,50241,-0.3180988727309799,-0.0001751871353020271,-0.005008365330748887,1.073552997695515,0.29999996984054944,-0.0001345201270082791,6.951633058665541e-08
23.01200515799792,hold,0,0.48485082387924194,-1.5084228515625,1.9015798568725586,0.331946462392807,0.010878965258598328,0.02371445670723915,0.4941165139942124,-1.5028879657976346,1.8999997664146284,0.35775331172913155,49963,-0.3705986351152646,-3.146734090352617e-05,-0.007499714267016788,0.7974200016178656,0.29999996984054944,-0.0001345201270082791,6.951633058665541e-08
23.032075050999993,hold,0,0.49026286602020264,-1.5083661079406738,1.9018408060073853,0.33177778124809265,0.010662233456969261,0.024075692519545555,0.500139180188726,-1.5028906663639774,1.8999997678102074,0.3572427039755002,49892,-0.3840711352110784,-8.629039070708142e-05,-0.0067322712398816265,0.789361001807265,0.29999996984054944,-0.0001345201270082791,6.951633058665541e-08
23.05243427699679,hold,0,0.4955306053161621,-1.508233904838562,1.902003288269043,0.33210489153862,0.010486853308975697,0.023027505725622177,0.5061708250824714,-1.5028933709563732,1.899999769207867,0.35756014982237844,49936,-0.3756952553462174,-3.33904226296466e-05,-0.006054672651303106,1.0302850023435894,0.29999996984054944,-0.0001345201270082791,6.951633058665541e-08
23.072271833996638,hold,0,0.5034908056259155,-1.5081241130828857,1.9022961854934692,0.33111336827278137,0.010249839164316654,0.020486891269683838,0.5121323794830326,-1.502896044120159,1.899999770589285,0.35846615909378216,50062,-0.35178999752553786,-4.0048841066566226e-05,-0.007716426009947153,0.975439998001093,0.29999996984054944,-0.0001345201270082791,6.951633058665541e-08
23.09183979899899,hold,0,0.5088337659835815,-1.5080852508544922,1.9023998975753784,0.3312576413154602,0.010019073262810707,0.018155040219426155,0.5181379183799069,-1.5028987370066136,1.8999997719808954,0.35949827822320807,50207,-0.32455730281773043,-0.00012208110773407796,-0.007037291612157048,0.6063740001991391,0.29999996984054944,-0.0001345201270082791,6.951633058665541e-08
23.112522992996674,hold,0,0.5166995525360107,-1.5079699754714966,1.9025672674179077,0.3300846517086029,0.009372910484671593,0.01485534943640232,0.524250086864729,-1.5029014777058254,1.8999997733972138,0.3609399035456068,50408,-0.28651969536657695,-0.0003488595337206124,-0.00830264828657934,0.8428069995716214,0.29999996984054944,-0.0001345201270082791,6.951633058665541e-08
23.13190973899691,hold,0,0.5220022201538086,-1.5078601837158203,1.9025278091430664,0.32844024896621704,0.008745425380766392,0.010382221080362797,0.5301302227740811,-1.5029041143615216,1.8999997747597657,0.3632190350840271,50726,-0.22638429857448372,-0.0005683713614577271,-0.006709100633599974,0.6815829983679578,0.29999996984054944,-0.0001345201270082791,6.951633058665541e-08
23.152279516998533,hold,0,0.52718585729599,-1.5078344345092773,1.9025843143463135,0.3277488648891449,0.008197645656764507,0.008589870296418667,0.5361486076685995,-1.5029068130081276,1.8999997761543526,0.3640391919899715,50841,-0.20474427467093825,-0.0008367778036816676,-0.005396914511865303,0.9488089999649674,0.29999996984054944,-0.0001345201270082791,6.951633058665541e-08
23.172062305999134,hold,0,0.5349906086921692,-1.5077121257781982,1.902506709098816,0.32567986845970154,0.007554368581622839,0.006496375426650047,0.5421458659662927,-1.5029095021815577,1.899999777544044,0.3651822922910787,51000,-0.17458331685808304,-0.001049555812660653,-0.006226729926679386,0.7664889999432489,0.29999996984054944,-0.0001345201270082791,6.951633058665541e-08
23.192058061998978,hold,0,0.5401450991630554,-1.5076472759246826,1.9024254083633423,0.3249291479587555,0.007240762934088707,0.0032405934762209654,0.5481374089634745,-1.5029121887922443,1.899999778932411,0.36690670503763456,51241,-0.12908429979856173,-0.0011419341923614794,-0.00487567756780849,0.7928369996079709,0.29999996984054944,-0.0001345201270082791,6.951633058665541e-08
23.212601723997068,hold,0,0.5479207634925842,-1.5075777769088745,1.9022762775421143,0.3234817385673523,0.007011041510850191,0.0009632444707676768,0.5541528229581961,-1.5029148861066974,1.8999997803263096,0.3682317692926848,51426,-0.09412218225106095,-0.0011841778439292234,-0.005984120041276908,0.913586001843214,0.29999996984054944,-0.0001345201270082791,6.951633058665541e-08
23.232455229997868,hold,0,0.5529502034187317,-1.5074776411056519,1.9020299911499023,0.32063934206962585,0.006716815289109945,-0.0010323979659006,0.560144666256674,-1.5029175728520392,1.8999997817147463,0.36953096180755785,51608,-0.05984269637050588,-0.001227942921181448,-0.003382914624763478,1.151751999714179,0.29999996984054944,-0.0001345201270082791,6.951633058665541e-08
23.252167125996493,hold,0,0.5581153035163879,-1.507490634918213,1.9019819498062134,0.31940382719039917,0.006670516449958086,-0.0015579040627926588,0.5661695683509187,-1.5029202744209607,1.8999997831108433,0.36985027527212216,51652,-0.05141753899413892,-0.0012630455636501634,-0.0017819802472180957,0.7882140016590711,0.29999996984054944,-0.0001345201270082791,6.951633058665541e-08
23.27216847499949,hold,0,0.5656943321228027,-1.5074028968811035,1.9016958475112915,0.31765204668045044,0.006760620512068272,-0.0036758501082658768,0.5721502402488814,-1.5029229561570412,1.8999997844966914,0.37126573971962157,51850,-0.014070192094418843,-0.0011122749802665965,-0.002553570250236392,0.8417439967161044,0.29999996984054944,-0.0001345201270082791,6.951633058665541e-08
23.292293172999052,hold,0,0.5707520246505737,-1.5074578523635864,1.90159273147583,0.3160814046859741,0.006772362627089024,-0.0034066205844283104,0.5781546700454546,-1.5029256485461746,1.8999997858880446,0.3712573271763778,51849,-0.01429215893462299,-0.0011622805630491886,-0.0006874714990219299,0.9282039973186329,0.29999996984054944,-0.0001345201270082791,6.951633058665541e-08
23.312812586998916,hold,0,0.5782586932182312,-1.5073966979980469,1.901347041130066,0.3147003650665283,0.006767576094716787,-0.004578072112053633,0.5841876445391934,-1.5029283537347637,1.8999997872860122,0.37214913856031756,51973,0.009238484441095096,-0.0010934299577272325,-0.0015276099794763187,0.9119690002989955,0.29999996984054944,-0.0001345201270082791,6.951633058665541e-08
23.332040592998965,hold,0,0.5832654237747192,-1.5073000192642212,1.9011591672897339,0.3120955228805542,0.006507097277790308,-0.005129585973918438,0.590139408441277,-1.5029310225084855,1.8999997886651616,0.3726583058490914,52045,0.022672977548584328,-0.0011250935993679769,0.0008868266096684341,0.7727730007900391,0.29999996984054944,-0.0001345201270082791,6.951633058665541e-08
23.352269138998963,hold,0,0.5882887244224548,-1.507373332977295,1.9010738134384155,0.31111589074134827,0.0064111147075891495,-0.004224910866469145,0.5961426625374416,-1.5029337143704344,1.8999997900562424,0.3723126311656647,51996,0.013552273500387457,-0.001253575567762537,0.002466722641987884,0.9603250000509433,0.29999996984054944,-0.0001345201270082791,6.951633058665541e-08
23.372164527998393,hold,0,0.5957016348838806,-1.5072706937789917,1.9009424448013306,0.3096192479133606,0.0063559007830917835,-0.0028720467817038298,0.6021743893315403,-1.5029364189995544,1.899999791453921,0.3717988941262244,51924,-2.7935033148906996e-06,-0.001171672464956734,0.0017892643845158762,0.7769549993099645,0.29999996984054944,-0.0001345201270082791,6.951633058665541e-08
23.392448839997087,hold,0,0.6005629897117615,-1.5072931051254272,1.9009473323822021,0.3075079917907715,0.006266873795539141,0.000622889376245439,0.6081545500295036,-1.5029391005064126,1.8999997928396506,0.3700469917459498,51680,-0.04622713071372786,-0.0012466718065851953,0.0041481870508288665,1.0843700001714751,0.29999996984054944,-0.0001345201270082791,6.951633058665541e-08
23.41205504899699,hold,0,0.6079832911491394,-1.507185935974121,1.90090811252594,0.3063710033893585,0.006423432845622301,0.002986170118674636,0.6141868468235196,-1.5029418053911208,1.8999997942374611,0.368912175521707,51521,-0.07616951130060734,-0.0010464923681566653,0.003272371568779908,0.6544499992742203,0.29999996984054944,-0.0001345201270082791,6.951633058665541e-08
23.43264422899665,hold,0,0.612865149974823,-1.5072081089019775,1.9009143114089966,0.30466189980506897,0.006582907401025295,0.0046988981775939465,0.6202153993169918,-1.5029445085968829,1.8999997956344041,0.36805062693866847,51401,-0.09890166388737676,-0.0009834518235762291,0.005455020462910909,1.102979000279447,0.29999996984054944,-0.0001345201270082791,6.951633058665541e-08
23.452366265999444,hold,0,0.6177135705947876,-1.5070894956588745,1.9009604454040527,0.30386003851890564,0.006885516457259655,0.007697267923504114,0.6261538849204531,-1.5029471714166094,1.8999997970104767,0.36649650063494393,51184,-0.13990763496190262,-0.000690126057358362,0.0071054809606256875,1.0208729981968645,0.29999996984054944,-0.0001345201270082791,6.951633058665541e-08
23.472515730998566,hold,0,0.6250512003898621,-1.5071496963500977,1.901181697845459,0.30267608165740967,0.007152578793466091,0.01030950527638197,0.632218091210637,-1.5029498906095506,1.8999997984156813,0.36491081359363464,50963,-0.18174634317586857,-0.0006097573966728397,0.006389368968881648,0.7812479998392519,0.29999996984054944,-0.0001345201270082791,6.951633058665541e-08
23.49301919699792,hold,0,0.6298750042915344,-1.5070618391036987,1.9012624025344849,0.3002975285053253,0.007056084461510181,0.01219249702990055,0.6381325552162566,-1.5029525426579813,1.8999997997861877,0.3638741739872202,50818,-0.20909831168284576,-0.0005650465317716885,0.00891393735292012,1.6222579979512375,0.29999996984054944,-0.0001345201270082791,6.951633058665541e-08
23.51219228499758,hold,0,0.6371569037437439,-1.5071263313293457,1.9015072584152222,0.29987597465515137,0.007018623873591423,0.014527403749525547,0.6441190894145252,-1.50295522702272,1.899999801173394,0.3623956006273202,50611,-0.24811080138997,-0.0006562444107022885,0.0077531334527090046,0.9602469981473405,0.29999996984054944,-0.0001345201270082791,6.951633058665541e-08
23.532264143999782,hold,0,0.6420902013778687,-1.5070277452468872,1.9016356468200684,0.29910942912101746,0.006637939251959324,0.014538917690515518,0.650137860709284,-1.502957925842588,1.8999998025680704,0.36223278769103423,50588,-0.25240665722864897,-0.0007548956002374158,0.009378559295229794,0.9660910000093281,0.29999996984054944,-0.0001345201270082791,6.951633058665541e-08
23.55270722399655,hold,0,0.6468767523765564,-1.5070698261260986,1.901789665222168,0.29923662543296814,0.0063195014372467995,0.014682176522910595,0.6562376256965129,-1.5029606609800656,1.899999803981515,0.36197196397261167,50552,-0.259288549535313,-0.000974888356514316,0.010766285470092507,1.051545998052461,0.29999996984054944,-0.0001345201270082791,6.951633058665541e-08
23.571923427996808,hold,0,0.6541051268577576,-1.5070195198059082,1.9020435810089111,0.29911160469055176,0.0058800880797207355,0.014521290548145771,0.6621279229042037,-1.502963302192093,1.8999998053464213,0.36172791838254936,50518,-0.26572774716228764,-0.0011599433391506803,0.00936295143596988,0.7125279989850242,0.29999996984054944,-0.0001345201270082791,6.951633058665541e-08
23.592394186998717,hold,0,0.659052848815918,-1.5070536136627197,1.9022834300994873,0.29945483803749084,0.005331408232450485,0.014514639973640442,0.6681567132974552,-1.5029660055045293,1.8999998067434194,0.3614329182702704,50477,-0.27351139128574253,-0.0014992739821993407,0.01037713854459743,1.0203070014540572,0.29999996984054944,-0.0001345201270082791,6.951633058665541e-08
23.61253577699972,hold,0,0.6663712859153748,-1.5071624517440796,1.9025132656097412,0.30005085468292236,0.004946233704686165,0.01374809443950653,0.67421892368862,-1.5029687238025085,1.8999998081481615,0.3615206635149437,50489,-0.27119621332602506,-0.0018293990252589358,0.008654877907050995,0.9646480029914528,0.29999996984054944,-0.0001345201270082791,6.951633058665541e-08
23.632227845999296,hold,0,0.6712307929992676,-1.5071426630020142,1.9025744199752808,0.30037856101989746,0.004424247425049543,0.012008219957351685,0.6801028317967177,-1.5029713621496605,1.8999998095115873,0.3623148769007421,50600,-0.25024071501999856,-0.0020887967914725316,0.009586000179416354,0.7838650017220061,0.29999996984054944,-0.0001345201270082791,6.951633058665541e-08
23.652261333998467,hold,0,0.6761011481285095,-1.507229208946228,1.9027405977249146,0.29996010661125183,0.004040734376758337,0.011208636686205864,0.6861176487926286,-1.502974059196419,1.8999998109053475,0.36251003725461267,50627,-0.24509136531365172,-0.0023918316941990347,0.011074603631767488,1.018287002807483,0.29999996984054944,-0.0001345201270082791,6.951633058665541e-08
23.672213131998433,hold,0,0.6834877133369446,-1.50727117061615,1.9029347896575928,0.30082041025161743,0.00366578227840364,0.009998837485909462,0.6921211125880552,-1.502976751152397,1.899999812296477,0.3628621691952286,50676,-0.23580028508631656,-0.002639425787102835,0.009064920363721862,0.9858010016614571,0.29999996984054944,-0.0001345201270082791,6.951633058665541e-08
23.691985060999286,hold,0,0.6884106397628784,-1.507343053817749,1.9029738903045654,0.30138832330703735,0.0031419533770531416,0.008279913105070591,0.6981114564864426,-1.5029794372254073,1.8999998136845662,0.3636730896927133,50790,-0.2144039658914707,-0.0029977666612796576,0.009906465518591645,0.7950439976411872,0.29999996984054944,-0.0001345201270082791,6.951633058665541e-08
23.71213271999659,hold,0,0.6957988739013672,-1.507426381111145,1.9031152725219727,0.3027946949005127,0.002842918736860156,0.006552668288350105,0.7041165876823489,-1.5029821299290487,1.899999815076082,0.3643498252918343,50884,-0.19654814533418907,-0.003244818067025546,0.007597553063656282,0.882167001691414,0.29999996984054944,-0.0001345201270082791,6.951633058665541e-08
23.731970735996583,hold,0,0.7007730007171631,-1.507476806640625,1.9031175374984741,0.30405548214912415,0.002459360286593437,0.006663609761744738,0.7101155901797018,-1.5029848198845785,1.8999998164661775,0.36428996616212433,50876,-0.1981275418964561,-0.003508365822463905,0.008031966442102911,0.7647909988008905,0.29999996984054944,-0.0001345201270082791,6.951633058665541e-08
23.752233050996438,hold,0,0.7057855129241943,-1.5075312852859497,1.9031399488449097,0.30597275495529175,0.002361144172027707,0.005384350195527077,0.7161180957763541,-1.5029875114109,1.899999817857085,0.36489866440856106,50961,-0.18206690214878662,-0.0036131190295616627,0.00805294226792741,1.0136860000784509,0.29999996984054944,-0.0001345201270082791,6.951633058665541e-08
23.772247045999393,hold,0,0.7107811570167542,-1.5075335502624512,1.9031413793563843,0.30747538805007935,0.0023594542872160673,0.004007879178971052,0.7221280875719375,-1.5029902062940363,1.899999819249727,0.36558280680650873,51056,-0.16401565154330733,-0.0036068196831839923,0.008325675296932511,0.9726400021463633,0.29999996984054944,-0.0001345201270082791,6.951633058665541e-08
23.791856888998154,hold,0,0.7183213829994202,-1.507655382156372,1.9031814336776733,0.3085917532444,0.0025690088514238596,0.0024692662991583347,0.7281126204698803,-1.5029928897613911,1.8999998206364697,0.36629280671912784,51156,-0.14528214461404332,-0.003615462464247241,0.006001077446006198,0.6998380013101269,0.29999996984054944,-0.0001345201270082791,6.951633058665541e-08
23.81220808099897,hold,0,0.7258848547935486,-1.507683277130127,1.9032174348831177,0.3098984360694885,0.002724834019318223,0.00039916843525134027,0.7341319704651458,-1.5029955888407487,1.8999998220312802,0.3672753298228572,51293,-0.11935805216735673,-0.003548334237211733,0.0035917355510772797,0.9441099973628297,0.29999996984054944,-0.0001345201270082791,6.951633058665541e-08
23.83190222199846,hold,0,0.7310333847999573,-1.507724404335022,1.9030940532684326,0.3115079402923584,0.003008106490597129,0.002033510012552142,0.7401112632640527,-1.5029982699584408,1.8999998234168087,0.36660919524140656,51200,-0.1369341624958711,-0.003442191942713924,0.003626641740157366,0.7595230017614085,0.29999996984054944,-0.0001345201270082791,6.951633058665541e-08
23.852599376998114,hold,0,0.7361290454864502,-1.507751226425171,1.903167724609375,0.3134114444255829,0.0035259961150586605,0.0021613407880067825,0.7461894684530784,-1.5030009954284949,1.8999998248252572,0.3664497599702576,51177,-0.14114089788238715,-0.0031873372186778017,0.003661831484419009,1.0760349978227168,0.29999996984054944,-0.0001345201270082791,6.951633058665541e-08
23.872460796999803,hold,0,0.743819534778595,-1.5078346729278564,1.9030181169509888,0.3146153688430786,0.004093941301107407,0.0028148298151791096,0.7521284010564061,-1.5030036584486561,1.8999998262014333,0.36630452109381173,51157,-0.14497305821077333,-0.0029667003462871926,0.001093261937355372,1.1694860004354268,0.29999996984054944,-0.0001345201270082791,6.951633058665541e-08
23.892392592999386,hold,0,0.7489451766014099,-1.5078423023223877,1.90306556224823,0.3152189552783966,0.004467017948627472,0.0024954057298600674,0.7581584121493129,-1.5030063623084549,1.8999998275987142,0.3664019965013266,51171,-0.14240114772225532,-0.002767646598423277,0.0017508023030674558,1.028855000186013,0.29999996984054944,-0.0001345201270082791,6.951633058665541e-08
23.91297454099913,hold,0,0.754078209400177,-1.5078368186950684,1.903076410293579,0.3164241909980774,0.005064460448920727,0.0018329638987779617,0.7642265481394258,-1.5030090832634755,1.8999998290048297,0.36671651867173494,51215,-0.1341024097167569,-0.0024304902489229755,0.0021119633300266116,1.2925049995828886,0.29999996984054944,-0.0001345201270082791,6.951633058665541e-08
23.93245040599868,hold,0,0.761832594871521,-1.5078787803649902,1.9029626846313477,0.3169915974140167,0.0056692855432629585,0.0017703438643366098,0.7701549618438667,-1.5030117415669575,1.8999998303785683,0.3668859722574649,51238,-0.12963133885317113,-0.0021425049198568803,-0.00018910160489871153,1.0817140027938876,0.29999996984054944,-0.0001345201270082791,6.951633058665541e-08
23.952399704998243,hold,0,0.7670037746429443,-1.5078669786453247,1.9030556678771973,0.3177531659603119,0.006127891130745411,0.0017265951028093696,0.7761647166400703,-1.5030144363438234,1.8999998317711555,0.3667883787559773,51225,-0.13220636527764462,-0.0018771998962295218,0.00031009045898988674,1.0041370005637873,0.29999996984054944,-0.0001345201270082791,6.951633058665541e-08
23.972104222997586,hold,0,0.7747776508331299,-1.507804274559021,1.902957558631897,0.318448930978775,0.006792126689106226,0.0019124433165416121,0.7821114372421082,-1.503017102856127,1.8999998331491361,0.36681563315899973,51229,-0.13148725174143294,-0.001443615210126739,-0.0020617392812150026,0.8782990007603075,0.29999996984054944,-0.0001345201270082791,6.951633058665541e-08
23.99253287299871,hold,0,0.7799296975135803,-1.5077040195465088,1.9029940366744995,0.3186298906803131,0.0073090544901788235,0.0029568374156951904,0.7881331038358339,-1.5030198029742485,1.8999998345444835,0.36624415646351366,51149,-0.14656579251943036,-0.0010511350235930107,-0.0012140036650927222,1.1967860009463038,0.29999996984054944,-0.0001345201270082791,6.951633058665541e-08
24.012740119997034,hold,0,0.7877550721168518,-1.5076618194580078,1.9029369354248047,0.31931084394454956,0.008031629025936127,0.00350336660631001,0.7941957549273414,-1.5030225214698378,1.899999835949328,0.36604118718147305,51120,-0.1519211825468858,-0.0006078298264532337,-0.0035130045103339835,0.9634090019972064,0.29999996984054944,-0.0001345201270082791,6.951633058665541e-08
24.032442084997456,hold,0,0.7929636836051941,-1.5076836347579956,1.9030522108078003,0.3187485635280609,0.00846935249865055,0.0029846755787730217,0.8001385770291173,-1.5030251862340522,1.8999998373264053,0.36615214618712105,51136,-0.14899350429759828,-0.0003894700636644567,-0.002402723085425995,1.1285159998806193,0.29999996984054944,-0.0001345201270082791,6.951633058665541e-08
24.052137074999337,hold,0,0.7981781959533691,-1.5076297521591187,1.9029914140701294,0.31941908597946167,0.00909839104861021,0.004953336901962757,0.8061426159256346,-1.5030278784479059,1.899999838717668,0.36524040404539326,51009,-0.17305002518751422,1.596964965292691e-05,-0.0019112224609256767,0.8540180024283472,0.29999996984054944,-0.0001345201270082791,6.951633058665541e-08
24.072075574997143,hold,0,0.8059335350990295,-1.5075284242630005,1.9030768871307373,0.31945544481277466,0.009626811370253563,0.007363273296505213,0.8121423897228024,-1.503030568749287,1.8999998401079423,0.36392760629918247,50825,-0.2076884881482215,0.00042075742848691913,-0.003867683104652908,0.7961690025695134,0.29999996984054944,-0.0001345201270082791,6.951633058665541e-08
24.09253360099683,hold,0,0.811147153377533,-1.5075029134750366,1.9030171632766724,0.3190053701400757,0.009932748973369598,0.007479933090507984,0.8182212501113815,-1.5030332945131328,1.8999998415165427,0.36393952789010925,50827,-0.20737393429791062,0.0006199025832095907,-0.0026692415785694035,0.8935890000429936,0.29999996984054944,-0.0001345201270082791,6.951633058665541e-08
24.11181926899735,hold,0,0.8189634680747986,-1.5073719024658203,1.9031492471694946,0.31911033391952515,0.010325022041797638,0.007593099493533373,0.8241085479197162,-1.503035934380228,1.8999998428807539,0.3637177792548719,50796,-0.21322482177119007,0.0009829749396605377,-0.004850045541810344,0.6660760009253863,0.29999996984054944,-0.0001345201270082791,6.951633058665541e-08
24.132667168996704,hold,0,0.8241041898727417,-1.5072886943817139,1.9031180143356323,0.31874600052833557,0.010487612336874008,0.007980906404554844,0.8303114357961778,-1.5030387157580574,1.899999844318094,0.363557800002372,50774,-0.21744591022765292,0.0011674559433674156,-0.00348310592884582,0.8093249998637475,0.29999996984054944,-0.0001345201270082791,6.951633058665541e-08
24.15278290399874,hold,0,0.8293246626853943,-1.5071159601211548,1.903199553489685,0.31874194741249084,0.01082321722060442,0.007554531097412109,0.836171691306587,-1.5030413434993735,1.8999998456760392,0.36366524776866654,50789,-0.21461087681618807,0.0015445611372074588,-0.0027761392349392455,1.3032850001764018,0.29999996984054944,-0.0001345201270082791,6.951633058665541e-08
24.172467531996517,hold,0,0.8370254039764404,-1.5070278644561768,1.9032456874847412,0.3181213438510895,0.01110900565981865,0.006674059201031923,0.8422880141918043,-1.5030440860614203,1.8999998470933204,0.36404649661246297,50842,-0.20455154056826075,0.0017997697123483137,-0.00417318979802106,0.7058859991957434,0.29999996984054944,-0.0001345201270082791,6.951633058665541e-08
24.192744161999144,hold,0,0.8422291278839111,-1.5068423748016357,1.9032211303710938,0.31621354818344116,0.011148445308208466,0.006709731183946133,0.8481323256050392,-1.5030467066533957,1.8999998484475706,0.36405419354561364,50843,-0.2043484552608561,0.0020280730480102807,-0.0024211709600618914,1.3989690014568623,0.29999996984054944,-0.0001345201270082791,6.951633058665541e-08
24.212442801999714,hold,0,0.8499030470848083,-1.506728172302246,1.9032727479934692,0.3158828318119049,0.011423866264522076,0.006061508320271969,0.8541368742008898,-1.503049399095799,1.8999998498389514,0.36431268343182704,50879,-0.19752814164044885,0.002306193937610575,-0.004070804315404075,1.1139800008095335,0.29999996984054944,-0.0001345201270082791,6.951633058665541e-08
24.231909076999727,hold,0,0.855076253414154,-1.5065860748291016,1.903177261352539,0.31526198983192444,0.011450223624706268,0.00543655501678586,0.8601137184005628,-1.5030520791155377,1.8999998512239125,0.36473994933933046,50939,-0.18625463484616311,0.00247670989730579,-0.0028442713894005767,0.7268080007634126,0.29999996984054944,-0.0001345201270082791,6.951633058665541e-08
24.25256640599764,hold,0,0.8602001667022705,-1.506545066833496,1.903230905532837,0.31516972184181213,0.011588632129132748,0.006676829885691404,0.8662134809867259,-1.5030548142519389,1.8999998526373565,0.3640487118177757,50842,-0.20449309187926978,0.002605508205753216,-0.0017267606736659502,0.9809590010263491,0.29999996984054944,-0.0001345201270082791,6.951633058665541e-08
24.2727022379986,hold,0,0.8678374886512756,-1.5064908266067505,1.9031779766082764,0.31452375650405884,0.011592790484428406,0.005566248204559088,0.8722046387842004,-1.5030575006899016,1.8999998540256342,0.3646683430310508,50929,-0.18814398334958504,0.0026658135428361427,-0.003175211798089217,1.1872640025103465,0.29999996984054944,-0.0001345201270082791,6.951633058665541e-08
24.292123747000005,hold,0,0.8728956580162048,-1.5062859058380127,1.903269648551941,0.3125770390033722,0.01120867021381855,0.005015139002352953,0.8781441026877221,-1.5030601639482983,1.8999998554019335,0.364824454600965,50950,-0.18402494456556795,0.0026816818573867467,-0.0011403732641364073,0.8253460000560153,0.29999996984054944,-0.0001345201270082791,6.951633058665541e-08
24.313569537996955,hold,0,0.8805320262908936,-1.5061235427856445,1.9030810594558716,0.31208303570747375,0.010994348675012589,0.003913355525583029,0.8844543029530275,-1.5030629934450532,1.8999998568641403,0.3656088089026457,51060,-0.16332958040512757,0.002739425157771279,-0.0023186073404768415,1.1727640012395568,0.29999996984054944,-0.0001345201270082791,6.951633058665541e-08
24.332505091999337,hold,0,0.8855968713760376,-1.5059895515441895,1.9031472206115723,0.3110291659832001,0.010666167363524437,0.0045927842147648335,0.8901504221802924,-1.503065547587583,1.8999998581840514,0.36518243853667504,51000,-0.17457945813522535,0.002712446093731926,-0.001052676517978579,1.1429919977672398,0.29999996984054944,-0.0001345201270082791,6.951633058665541e-08
24.35274308999942,hold,0,0.890709638595581,-1.5060231685638428,1.9030612707138062,0.310228556394577,0.01019199751317501,0.005111890845000744,0.896167736075058,-1.5030682457539521,1.89999985957839,0.36502681190732267,50979,-0.17868570165375708,0.002419919030850321,0.00037674406304533115,1.2929520016768947,0.29999996984054944,-0.0001345201270082791,6.951633058665541e-08
24.372326791999512,hold,0,0.898240327835083,-1.5057536363601685,1.9030359983444214,0.3094826340675354,0.009792349301278591,0.00496048154309392,0.9022082690681836,-1.503070954331776,1.8999998609781092,0.36513124869840663,50993,-0.17593011349850762,0.0024985600498732595,-0.0008472470933957865,0.8186020022549201,0.29999996984054944,-0.0001345201270082791,6.951633058665541e-08
24.39191309599846,hold,0,0.9032905101776123,-1.5057568550109863,1.9029972553253174,0.3084309995174408,0.009383555501699448,0.004917039070278406,0.9081302525733337,-1.5030736097519537,1.8999998623503578,0.3651981615275473,51003,-0.1741646034947948,0.002273609286770569,0.0006837138536499587,0.6834749983681832,0.29999996984054944,-0.0001345201270082791,6.951633058665541e-08
24.413767886999267,hold,0,0.9108032584190369,-1.5055675506591797,1.9028222560882568,0.30811411142349243,0.009187947027385235,0.004894975107163191,0.9143010302529053,-1.5030763767315558,1.8999998637802575,0.3654251921108326,51034,-0.1681743506376634,0.002375383135968175,-0.0006122172248832491,1.3397599977906793,0.29999996984054944,-0.0001345201270082791,6.951633058665541e-08
24.432375953998417,hold,0,0.9157642722129822,-1.5054914951324463,1.9028747081756592,0.30733948945999146,0.008891723118722439,0.005528248846530914,0.9201555629638384,-1.503079001906766,1.8999998651368764,0.36504009869938125,50981,-0.17833512666540408,0.0023018083944085065,0.0007906320635757691,1.0350770025979728,0.29999996984054944,-0.0001345201270082791,6.951633058665541e-08
24.45208949699736,hold,0,0.9208124279975891,-1.5055508613586426,1.9028955698013306,0.30686402320861816,0.008327735587954521,0.005095325876027346,0.9261358751625035,-1.5030816834815572,1.899999866522641,0.3652279716625201,51007,-0.1733780563978886,0.0019297041749023868,0.0020714972349831218,0.8264320022135507,0.29999996984054944,-0.0001345201270082791,6.951633058665541e-08
24.4726583949996,hold,0,0.9282758831977844,-1.5053681135177612,1.9027622938156128,0.30650803446769714,0.0076745362021028996,0.0054114689119160175,0.9321323447602947,-1.5030843723013338,1.8999998679121497,0.365232925711236,51007,-0.17324734271145203,0.0017750734262439824,0.000659775447648725,1.3368209984037094,0.29999996984054944,-0.0001345201270082791,6.951633058665541e-08
24.49251850699875,hold,0,0.9333035349845886,-1.5052845478057861,1.9026553630828857,0.3050490915775299,0.006737830583006144,0.005078445188701153,0.9381416327554791,-1.5030870668688858,1.8999998693046287,0.365531299587095,51049,-0.16537468107928888,0.0013555050071570969,0.002531700433264117,1.1598140008572955,0.29999996984054944,-0.0001345201270082791,6.951633058665541e-08
24.512330766996456,hold,0,0.94071364402771,-1.5052762031555176,1.9026628732681274,0.3048267960548401,0.0057955109514296055,0.00550643727183342,0.9441205097541867,-1.5030897478001328,1.8999998706900607,0.36530409617773113,51017,-0.17136949399126422,0.000852506990129607,0.0010878091164665538,1.081287999113556,0.29999996984054944,-0.0001345201270082791,6.951633058665541e-08
24.5324199439965,hold,0,0.9457074999809265,-1.5053019523620605,1.902639627456665,0.3041978180408478,0.004507345613092184,0.004871420096606016,0.9501282254507409,-1.5030924416626654,1.8999998720821754,0.36564885728971436,51066,-0.1622728947304939,0.00012189019942571168,0.0025399273863890848,1.1430470003688242,0.29999996984054944,-0.0001345201270082791,6.951633058665541e-08
24.552393761998246,hold,0,0.9506759643554688,-1.505216360092163,1.9025912284851074,0.3041129410266876,0.0034352231305092573,0.004432511981576681,0.9561361256462804,-1.5030951356079274,1.8999998734743329,0.3659275957742884,51105,-0.1549183173010995,-0.00036767403716726424,0.0037206087650869524,1.0750050023489166,0.29999996984054944,-0.0001345201270082791,6.951633058665541e-08
24.572125067999878,hold,0,0.9580808281898499,-1.5053493976593018,1.9025866985321045,0.303587943315506,0.0025598614010959864,0.004504146985709667,0.9621166994454267,-1.5030978173000205,1.899999874860158,0.36589357587993926,51100,-0.15581593984329345,-0.0009886945477126678,0.002450862119790953,0.908289999642875,0.29999996984054944,-0.0001345201270082791,6.951633058665541e-08
24.592345271998056,hold,0,0.9630125164985657,-1.5052753686904907,1.902371883392334,0.3027709424495697,0.0016923187067732215,0.004812691360712051,0.9681408860395339,-1.5031005185481112,1.8999998762560895,0.36600758447625614,51116,-0.15280779746026063,-0.0013785962170514295,0.004090509413519072,1.0386339999968186,0.29999996984054944,-0.0001345201270082791,6.951633058665541e-08
24.61232401599773,hold,0,0.9679291844367981,-1.505311369895935,1.9024724960327148,0.30269327759742737,0.001177936210297048,0.00452143931761384,0.9741275120381867,-1.5031032029540135,1.8999998776433171,0.36602723510049584,51118,-0.15228931133256474,-0.001696006397557832,0.005302005958991662,1.0912549987551756,0.29999996984054944,-0.0001345201270082791,6.951633058665541e-08
24.633077361999312,hold,0,0.9754303693771362,-1.5053879022598267,1.902374505996704,0.30232295393943787,0.0009281781385652721,0.004356627818197012,0.9802011047274788,-1.5031059263558204,1.899999879050697,0.3662275994370027,51146,-0.14700265337723728,-0.0019120802944959858,0.003942087002109185,1.0724249987106305,0.29999996984054944,-0.0001345201270082791,6.951633058665541e-08
24.653004948999296,hold,0,0.9803385138511658,-1.5052483081817627,1.9022692441940308,0.30180123448371887,0.0006787751917727292,0.004583844915032387,0.9862283045216135,-1.5031086289550315,1.8999998804473264,0.3662458787088416,51149,-0.14652035069019576,-0.0018927812504644951,0.005448998422450835,1.320431001659017,0.29999996984054944,-0.0001345201270082791,6.951633058665541e-08
24.672452764996706,hold,0,0.9878132343292236,-1.5054665803909302,1.9023452997207642,0.302001029253006,0.0004709578352048993,0.00459500914439559,0.992251737215993,-1.5031113298650733,1.899999881843083,0.3661402933033313,51134,-0.1493062452946905,-0.0022423401955192915,0.003755916872993259,0.7810460010659881,0.29999996984054944,-0.0001345201270082791,6.951633058665541e-08
24.692645768998773,hold,0,0.9927582740783691,-1.505445957183838,1.902209997177124,0.30187150835990906,1.7819278582464904e-05,0.0053192442283034325,0.9981473411228274,-1.5031139734566268,1.8999998832092189,0.3659470404424579,51107,-0.1544052653705048,-0.0024657590160901788,0.0048677156847642955,1.1915549985133111,0.29999996984054944,-0.0001345201270082791,6.951633058665541e-08
24.712870843999553,hold,0,0.9976879358291626,-1.505553126335144,1.9022833108901978,0.3022094666957855,-0.0003572450368665159,0.004491448402404785,1.0041421682202822,-1.5031166615399056,1.899999884598347,0.3662692349858826,51152,-0.14590409008225436,-0.002782514909811032,0.005842166235212387,1.5685229991504457,0.29999996984054944,-0.0001345201270082791,6.951633058665541e-08
24.732592575997842,hold,0,1.0052846670150757,-1.505530595779419,1.9022095203399658,0.30198636651039124,-0.0007290889625437558,0.005706316325813532,1.010142218317911,-1.50311935196518,1.8999998859886853,0.36574903389819424,51080,-0.1596297124487016,-0.002962202090491053,0.0042262470857596934,1.2102580003556795,0.29999996984054944,-0.0001345201270082791,6.951633058665541e-08
24.753399765999347,hold,0,1.0127298831939697,-1.5055694580078125,1.9021873474121094,0.3022000193595886,-0.0010070271091535687,0.005722566042095423,1.0163929900891646,-1.5031221548141704,1.8999998874371213,0.36576482406358607,51082,-0.15921308539350854,-0.003153471960059168,0.0028029874097210694,1.0919889973592944,0.29999996984054944,-0.0001345201270082791,6.951633058665541e-08
24.77223208199939,hold,0,1.017687439918518,-1.505581259727478,1.9022002220153809,0.30244094133377075,-0.001009755302220583,0.0062836408615112305,1.0221309077122072,-1.5031247276991204,1.899999888766718,0.36546684659045575,51040,-0.16707528785077308,-0.0031676443318428733,0.0035275306215463154,0.9632129986130167,0.29999996984054944,-0.0001345201270082791,6.951633058665541e-08
24.792821239996556,hold,0,1.0227482318878174,-1.5055395364761353,1.9021581411361694,0.30257582664489746,-0.0008680770406499505,0.0073111336678266525,1.0281464357073486,-1.5031274250646913,1.899999890160643,0.36500483279901647,50976,-0.17926562535576807,-0.0030453540392422346,0.0045043670079518705,1.446904003387317,0.29999996984054944,-0.0001345201270082791,6.951633058665541e-08
24.81268129899763,hold,0,1.0277451276779175,-1.5056859254837036,1.9022443294525146,0.30338460206985474,-0.0005229950184002519,0.006390747148543596,1.0341532760036989,-1.5031301185346941,1.8999998915525547,0.365356178174842,51025,-0.1699952988168345,-0.0030108539207283755,0.00516302002745106,1.2872499974037055,0.29999996984054944,-0.0001345201270082791,6.951633058665541e-08
24.83231324799999,hold,0,1.035320520401001,-1.5055358409881592,1.9022531509399414,0.3038090765476227,-0.0001971971505554393,0.0066708773374557495,1.0401669040987962,-1.503132815048349,1.8999998929460393,0.36519950310262905,51003,-0.17412920573538315,-0.002666356282204901,0.003222168058607977,0.9336410003015772,0.29999996984054944,-0.0001345201270082791,6.951633058665541e-08
24.85292168399974,hold,0,1.040279746055603,-1.5055114030838013,1.9021856784820557,0.30384576320648193,0.0001003825746010989,0.00648130290210247,1.0462252033895607,-1.5031355315925887,1.8999998943498753,0.3653779125038901,51028,-0.16942183367044628,-0.002472447581492213,0.004403740362950437,1.268538999283919,0.29999996984054944,-0.0001345201270082791,6.951633058665541e-08
24.87284288199953,hold,0,1.0478371381759644,-1.505603313446045,1.9023293256759644,0.3043259084224701,0.0003700000233948231,0.007188299670815468,1.0521630532933968,-1.5031381941272672,1.8999998957258006,0.364839967357595,50953,-0.18361563700277195,-0.002426124146961437,0.002371393539323474,1.2223880003148224,0.29999996984054944,-0.0001345201270082791,6.951633058665541e-08
24.89232217799872,hold,0,1.0529345273971558,-1.5053954124450684,1.9022938013076782,0.30482757091522217,0.0005610071821138263,0.005828550085425377,1.0581807355880493,-1.503140892458827,1.8999998971202245,0.3655624071863279,51054,-0.16455390009689097,-0.0020863927308316325,0.0030992379218703903,0.916871998924762,0.29999996984054944,-0.0001345201270082791,6.951633058665541e-08
24.913045383997087,hold,0,1.0579921007156372,-1.5053839683532715,1.9023538827896118,0.30472683906555176,0.0006633107550442219,0.005102712195366621,1.0642372702788259,-1.5031436082118195,1.8999998985236517,0.3658493571283808,51094,-0.15698266152029738,-0.002013356036425739,0.004244092852160319,1.3423829987004865,0.29999996984054944,-0.0001345201270082791,6.951633058665541e-08
24.93210754499887,hold,0,1.0656237602233887,-1.5053752660751343,1.9024821519851685,0.3048054575920105,0.0009188323747366667,0.0035910250153392553,1.0701073456887629,-1.5031462403563831,1.899999899883872,0.36643992525601365,51176,-0.14140038902338858,-0.0018582634934604133,0.0022714155696674787,0.93917699996382,0.29999996984054944,-0.0001345201270082791,6.951633058665541e-08
24.952648562997638,hold,0,1.0707004070281982,-1.5052067041397095,1.9024276733398438,0.3048263490200043,0.0013461572816595435,0.001678086118772626,1.0761767395786799,-1.5031489618754466,1.8999999012902788,0.36746290960593075,51319,-0.11440871752161641,-0.0014340618337923825,0.0033343758585946404,1.1982879987044726,0.29999996984054944,-0.0001345201270082791,6.951633058665541e-08
24.972604880997096,hold,0,1.0783511400222778,-1.5050688982009888,1.9025026559829712,0.3055555522441864,0.00191217428073287,0.0020030164159834385,1.0821381643795331,-1.5031516349811198,1.899999902671667,0.36720219054054765,51283,-0.12128784853436336,-0.0009737596566714488,0.0010993761853643758,1.2334940001892392,0.29999996984054944,-0.0001345201270082791,6.951633058665541e-08
24.9921684669971,hold,0,1.0833977460861206,-1.504980206489563,1.9025242328643799,0.3066730201244354,0.0025717734824866056,0.002388110151514411,1.0881464638755844,-1.5031543291054283,1.8999999040639168,0.3669802374475176,51252,-0.12714413067235952,-0.0005152660684051661,0.0015392580428836844,0.8590849975007586,0.29999996984054944,-0.0001345201270082791,6.951633058665541e-08
25.01386366999941,hold,0,1.0911154747009277,-1.5047956705093384,1.9026201963424683,0.30751052498817444,0.0032895102631300688,0.002935420023277402,1.0944130942453347,-1.5031571390654217,1.8999999055160275,0.36658357311321926,51196,-0.137610208094479,8.018227305686074e-05,-0.000499376493649395,1.1160729991388507,0.29999996984054944,-0.0001345201270082791,6.951633058665541e-08
25.032634237999446,hold,0,1.0963397026062012,-1.5048141479492188,1.9027540683746338,0.3078809678554535,0.0040389299392700195,0.0035174319054931402,1.1001769888658068,-1.5031597235984695,1.8999999068516438,0.36612247091574096,51132,-0.14977649298836582,0.0004723017411405954,-0.00011276308477548014,1.199908001581207,0.29999996984054944,-0.0001345201270082791,6.951633058665541e-08
25.05278138599897,hold,0,1.1014351844787598,-1.5045533180236816,1.9026962518692017,0.3086053431034088,0.004944853018969297,0.004047030117362738,1.1063096158498118,-1.5031624734712818,1.899999908272703,0.36592756472375126,51105,-0.15491913657648482,0.001255814163979145,0.000624981370042299,0.8987740002339706,0.29999996984054944,-0.0001345201270082791,6.951633058665541e-08
25.072370545000012,hold,0,1.1091160774230957,-1.5042681694030762,1.9028105735778809,0.30913111567497253,0.005802766419947147,0.005474591162055731,1.1121330988644023,-1.5031650847237936,1.899999909622127,0.36506900123373803,50985,-0.17757252681430202,0.0020440657216681535,-0.0016967227715138922,1.079990001016995,0.29999996984054944,-0.0001345201270082791,6.951633058665541e-08
25.092355258999305,hold,0,1.1142226457595825,-1.5041630268096924,1.9028650522232056,0.31010156869888306,0.006750007625669241,0.006499990355223417,1.1181200059623735,-1.5031677692557408,1.89999991100942,0.36448565803527094,50903,-0.19296416793480553,0.0026854403404066984,-0.0012658270732766042,1.13692299782997,0.29999996984054944,-0.0001345201270082791,6.951633058665541e-08
25.11277969999719,hold,0,1.1219768524169922,-1.5037115812301636,1.9028681516647339,0.3107432723045349,0.007563470862805843,0.00730404956266284,1.1241735637539627,-1.5031704836738904,1.8999999124121572,0.3640799007042456,50846,-0.2036701661148932,0.003634285044052627,-0.003488186332037513,1.0836379988177214,0.29999996984054944,-0.0001345201270082791,6.951633058665541e-08
25.132421403999615,hold,0,1.1272094249725342,-1.5036170482635498,1.903083324432373,0.3103933036327362,0.008410114794969559,0.00715894578024745,1.1301270511552453,-1.5031731532204298,1.8999999137917059,0.3638801499057877,50819,-0.2089406357311958,0.004208468897510957,-0.0025052678449100085,1.1687769983836915,0.29999996984054944,-0.0001345201270082791,6.951633058665541e-08
25.152458031996503,hold,0,1.1322931051254272,-1.5034093856811523,1.9030508995056152,0.31113240122795105,0.00893713440746069,0.008364803157746792,1.1361335434509447,-1.503175846534389,1.899999915183537,0.36331507041410355,50740,-0.2238503848521507,0.0047367283385001575,-0.0019000350352629258,1.1529160001373384,0.29999996984054944,-0.0001345201270082791,6.951633058665541e-08
25.172752404996572,hold,0,1.1401896476745605,-1.5030245780944824,1.9030877351760864,0.3113475441932678,0.009414229542016983,0.008435115218162537,1.1421975640416109,-1.5031785656440624,1.8999999165886987,0.36323436146547466,50728,-0.22597990856267458,0.00542726928964786,-0.004036931695054591,1.2329780001891777,0.29999996984054944,-0.0001345201270082791,6.951633058665541e-08
25.192628987999342,hold,0,1.1452507972717285,-1.5027921199798584,1.9032288789749146,0.3121139109134674,0.009946271777153015,0.008660605177283287,1.1481453520439855,-1.503181232634989,1.899999917966927,0.36294235260715385,50688,-0.2336846277795832,0.00598395194058955,-0.003485316215130041,1.2531590000435244,0.29999996984054944,-0.0001345201270082791,6.951633058665541e-08
25.212627558998065,hold,0,1.152979850769043,-1.5025016069412231,1.9033195972442627,0.3126116991043091,0.01031181775033474,0.008685758337378502,1.1541916051353884,-1.5031839437777073,1.8999999193679713,0.36281776978483044,50670,-0.23697177348732446,0.006510861514947937,-0.005616193548709125,0.9481219967710786,0.29999996984054944,-0.0001345201270082791,6.951633058665541e-08
25.232574138997734,hold,0,1.1582918167114258,-1.5021932125091553,1.9032737016677856,0.3121958374977112,0.010608669370412827,0.009043114259839058,1.160157091635853,-1.5031866187046485,1.8999999207503007,0.36269266528641986,50653,-0.2402726837356255,0.007019852541925238,-0.004668056105280094,1.1785040005634073,0.29999996984054944,-0.0001345201270082791,6.951633058665541e-08
25.252412373996776,hold,0,1.1634269952774048,-1.5018879175186157,1.9033430814743042,0.3130188584327698,0.010559341870248318,0.009638465940952301,1.1661510007338318,-1.503189306376296,1.899999922139216,0.36230495937351503,50599,-0.25050239120013273,0.00734015634808282,-0.0041792967625864375,1.064018997567473,0.29999996984054944,-0.0001345201270082791,6.951633058665541e-08
25.271984798997437,hold,0,1.1711374521255493,-1.5016554594039917,1.9034847021102905,0.31308314204216003,0.010289453901350498,0.01009135041385889,1.172148867130899,-1.503191995822398,1.8999999235290483,0.3619019124515594,50542,-0.26113687462904167,0.007459161558053862,-0.006112380555027164,0.6922280008438975,0.29999996984054944,-0.0001345201270082791,6.951633058665541e-08
25.292338835999544,hold,0,1.1765172481536865,-1.501281499862671,1.9033634662628174,0.312589555978775,0.00969091709703207,0.008813965134322643,1.1782273600199908,-1.503194721421457,1.8999999249375636,0.3626868739401814,50652,-0.24042548970497712,0.007528358372579562,-0.005056373492741351,0.7652060012333095,0.29999996984054944,-0.0001345201270082791,6.951633058665541e-08
25.311546288998215,hold,0,1.184134602546692,-1.500823974609375,1.9032580852508545,0.3123716413974762,0.008875715546309948,0.008620122447609901,1.1841016024293702,-1.503197355434505,1.8999999262987497,0.362916306350308,50684,-0.23437186410796862,0.007581611546854258,-0.0068543457352006065,0.46838900016155094,0.29999996984054944,-0.0001345201270082791,6.951633058665541e-08
25.332609444998525,hold,0,1.1893454790115356,-1.5007833242416382,1.9034126996994019,0.3117443323135376,0.008190377615392208,0.006043653003871441,1.190197080116122,-1.5032000886495551,1.8999999277112005,0.36400396008463753,50836,-0.20567387639478873,0.007229999068247003,-0.0055170889904170295,1.110874000005424,0.29999996984054944,-0.0001345201270082791,6.951633058665541e-08
25.35227599099744,hold,0,1.1944390535354614,-1.500475525856018,1.9031504392623901,0.31061702966690063,0.007325935643166304,0.0040827360935509205,1.1961809485147474,-1.503202771818948,1.8999999290977894,0.36530595975854346,51018,-0.17132032299357824,0.007070869478494778,-0.00390537729264806,0.8162439989973791,0.29999996984054944,-0.0001345201270082791,6.951633058665541e-08
25.371840599997086,hold,0,1.2021987438201904,-1.5001531839370728,1.9032396078109741,0.3095993995666504,0.006477969698607922,0.005039936397224665,1.2021200095172497,-1.5032054348966837,1.8999999304739952,0.36471483215012646,50935,-0.1869173575164531,0.006973819397958105,-0.005350451379748655,0.6499379996967036,0.29999996984054944,-0.0001345201270082791,6.951633058665541e-08
25.39210568299677,hold,0,1.2072407007217407,-1.4999825954437256,1.9031264781951904,0.30833542346954346,0.005783732980489731,0.003488359972834587,1.2081399283118996,-1.5032081342310912,1.8999999318689376,0.36562552543645166,51062,-0.16288851091156786,0.006766214765518103,-0.0035757965046814277,0.8145579995471053,0.29999996984054944,-0.0001345201270082791,6.951633058665541e-08
25.412654526997358,hold,0,1.2148326635360718,-1.4997096061706543,1.902962327003479,0.30750465393066406,0.00491494033485651,0.0028917870949953794,1.2142133305017249,-1.503210857547478,1.8999999332762731,0.3661274438619493,51132,-0.1496452806873556,0.006583602483346293,-0.004776142049449872,0.8267909979622345,0.29999996984054944,-0.0001345201270082791,6.951633058665541e-08
25.43213503199877,hold,0,1.2200120687484741,-1.4995790719985962,1.9030308723449707,0.30623266100883484,0.003882219083607197,0.0013941996730864048,1.220170833702972,-1.5032135288947044,1.8999999346567524,0.36678426916557116,51224,-0.13231479774218613,0.006153907835866635,-0.003225422687297641,0.7539940015703905,0.29999996984054944,-0.0001345201270082791,6.951633058665541e-08
25.452719457996864,hold,0,1.2249746322631836,-1.4994213581085205,1.902777075767517,0.30535876750946045,0.0030504120513796806,0.0016404532361775637,1.226150582201243,-1.5032162102167321,1.8999999360423865,0.36697357955628845,51251,-0.12731980062563508,0.00587220082660877,-0.0016387551072611917,1.3418019989330787,0.29999996984054944,-0.0001345201270082791,6.951633058665541e-08
25.4724520009986,hold,0,1.2326455116271973,-1.4992094039916992,1.902679681777954,0.3042556643486023,0.0018437998369336128,0.0010763214668259025,1.2321400806996519,-1.5032188959106645,1.8999999374302798,0.3673748412117652,51307,-0.11673242185316113,0.005442612356000786,-0.002867133503949404,1.1244560009799898,0.29999996984054944,-0.0001345201270082791,6.951633058665541e-08
25.492389169998205,hold,0,1.2375378608703613,-1.4991044998168945,1.9026365280151367,0.3029548227787018,0.0008851352031342685,-0.0008293950813822448,1.238140258296056,-1.5032215863931095,1.8999999388206477,0.36837687122385704,51447,-0.09029363525443301,0.0050241327908295075,-0.0009501456181368884,1.0838339985639323,0.29999996984054944,-0.0001345201270082791,6.951633058665541e-08
25.513329439996596,hold,0,1.245192289352417,-1.4986599683761597,1.9023276567459106,0.3021523356437683,-0.00011979661212535575,-0.0005781284417025745,1.2443799258693509,-1.5032243842629722,1.8999999402665106,0.3686354954907947,51483,-0.08346977596847793,0.004960787608339488,-0.0020492304507335746,1.1886760003108066,0.29999996984054944,-0.0001345201270082791,6.951633058665541e-08
25.532040905996837,hold,0,1.2499715089797974,-1.4987002611160278,1.902174949645996,0.30056488513946533,-0.0003617270849645138,-0.0026049355510622263,1.250103804693295,-1.5032269508529181,1.8999999415928541,0.3698365172689326,51650,-0.05178054699386436,0.004773031181569548,-0.00016240898841357598,0.8939629988162778,0.29999996984054944,-0.0001345201270082791,6.951633058665541e-08
25.552444187997025,hold,0,1.2551010847091675,-1.498306155204773,1.9018759727478027,0.3000778555870056,-0.0009260916849598289,-0.0017522097332403064,1.2561748062833742,-1.5032296730928751,1.8999999429996335,0.3697824503667073,51643,-0.05320711433490111,0.004897747897944969,0.0011193380497476202,0.9875520008790772,0.29999996984054944,-0.0001345201270082791,6.951633058665541e-08
25.572152284999902,hold,0,1.2623648643493652,-1.4983643293380737,1.901780366897583,0.29907533526420593,-0.001448306953534484,-0.0014210937079042196,1.2621335010844512,-1.5032323449744152,1.899999944380389,0.3697338027728173,51636,-0.054490692010098485,0.004555858177476285,0.0002498597898583643,0.8793669985607266,0.29999996984054944,-0.0001345201270082791,6.951633058665541e-08
25.591941371996654,hold,0,1.2673733234405518,-1.4980374574661255,1.9016847610473633,0.29842254519462585,-0.002014253754168749,-0.0005258410819806159,1.2681322158817379,-1.5032350348009402,1.899999945770418,0.36940459671507125,51590,-0.063176867676221,0.00461037206449273,0.001675783682448806,0.6945889981579967,0.29999996984054944,-0.0001345201270082791,6.951633058665541e-08
25.612944693999452,hold,0,1.274793028831482,-1.4979692697525024,1.9015964269638062,0.2975339889526367,-0.002819420536980033,0.0007487534312531352,1.2742663110650752,-1.503237785332094,1.8999999471918174,0.3688751288525205,51516,-0.0771469959757134,0.004257352235470959,0.0007658664858114506,0.9398660004080739,0.29999996984054944,-0.0001345201270082791,6.951633058665541e-08
25.63228726399757,hold,0,1.2796176671981812,-1.4979703426361084,1.9014936685562134,0.2961990535259247,-0.0036678146570920944,0.0028933340217918158,1.2802153752666496,-1.5032404528952688,1.8999999485703412,0.3679303692568698,51384,-0.10207468979235479,0.0038088558913013863,0.0027159152988538438,0.7718449996900745,0.29999996984054944,-0.0001345201270082791,6.951633058665541e-08
25.652277584998956,hold,0,1.2846267223358154,-1.4976741075515747,1.9014992713928223,0.29471293091773987,-0.0040496825240552425,0.002765076234936714,1.286165926568309,-1.50324312112526,1.8999999499492097,0.3679886100825996,51392,-0.100537992543547,0.003925642130565444,0.004546595182435054,0.9071919994312339,0.29999996984054944,-0.0001345201270082791,6.951633058665541e-08
25.672812812998018,hold,0,1.2919795513153076,-1.49777352809906,1.901608943939209,0.29410403966903687,-0.004578177351504564,0.004043227527290583,1.2921323094684805,-1.5032457964541472,1.8999999513317467,0.36720859401372213,51283,-0.1211188914585204,0.0035407287614389366,0.003377621531917452,1.5187360004347283,0.29999996984054944,-0.0001345201270082791,6.951633058665541e-08
25.692095653997967,hold,0,1.296932578086853,-1.4973951578140259,1.901390552520752,0.2935659885406494,-0.004527376964688301,0.006967606954276562,1.2981219564662592,-1.5032484822146668,1.8999999527196743,0.36602077495771396,51118,-0.15245976364870906,0.003996437760871597,0.004815449133413807,0.8515170011378359,0.29999996984054944,-0.0001345201270082791,6.951633058665541e-08
25.712720207997336,hold,0,1.3017098903656006,-1.497339129447937,1.9014866352081299,0.2937750220298767,-0.004647599998861551,0.009324699640274048,1.3041514050603962,-1.5032511858222408,1.8999999541168249,0.3647231709247979,50936,-0.18669733707657343,0.004009171162227454,0.006091220287545607,1.3063999977021012,0.29999996984054944,-0.0001345201270082791,6.951633058665541e-08
25.732189826998365,hold,0,1.30898118019104,-1.497259259223938,1.9014947414398193,0.29365861415863037,-0.0046167862601578236,0.010683663189411163,1.3101202254603295,-1.503253862244104,1.8999999554999267,0.36402954405153415,50839,-0.2049988376903933,0.004124415443093686,0.004735592798889909,0.9635479982534889,0.29999996984054944,-0.0001345201270082791,6.951633058665541e-08
25.752369969999563,hold,0,1.3140232563018799,-1.4970972537994385,1.9017081260681152,0.29341039061546326,-0.004226328805088997,0.010985683649778366,1.3161491997544825,-1.5032565656390018,1.8999999568969674,0.3636131063857665,50781,-0.21598663889798253,0.004525133560210564,0.005963223103881088,1.034958000673214,0.29999996984054944,-0.0001345201270082791,6.951633058665541e-08
25.77192377099709,hold,0,1.3213860988616943,-1.496854305267334,1.901624321937561,0.2937347888946533,-0.004195662681013346,0.011584346182644367,1.3221106653549004,-1.5032592387629697,1.8999999582783649,0.3634142073147267,50753,-0.22123463549533895,0.0048148019030010555,0.004245479098506699,0.7553390023531392,0.29999996984054944,-0.0001345201270082791,6.951633058665541e-08
25.792079778999323,hold,0,1.326326847076416,-1.496708631515503,1.9017376899719238,0.2939779460430145,-0.003948170691728592,0.010564896278083324,1.3281222594504307,-1.5032619343645781,1.8999999596713784,0.3637828270858066,50805,-0.21150852016341481,0.0051091611002465715,0.005284962664047432,0.8415939992119092,0.29999996984054944,-0.0001345201270082791,6.951633058665541e-08
25.81290185799662,hold,0,1.3337478637695312,-1.4964371919631958,1.9017390012741089,0.2946315407752991,-0.004205432720482349,0.010895531624555588,1.3342396104349037,-1.5032646773876253,1.8999999610888978,0.3636115763477153,50781,-0.21602700929511265,0.005271647969856467,0.0034938025804558404,1.2077360006514937,0.29999996984054944,-0.0001345201270082791,6.951633058665541e-08
25.832303740997304,hold,0,1.3385701179504395,-1.4964686632156372,1.9018114805221558,0.29485800862312317,-0.004493129905313253,0.01110345870256424,1.340128971942898,-1.5032673181800842,1.8999999624535873,0.36341638418357564,50754,-0.22117719832254323,0.005084435268328842,0.004545583526713415,1.0364740010118112,0.29999996984054944,-0.0001345201270082791,6.951633058665541e-08
25.852478387998417,hold,0,1.3436874151229858,-1.4961665868759155,1.9018771648406982,0.29572564363479614,-0.004399648867547512,0.011953400447964668,1.3461740232353985,-1.5032700287839156,1.8999999638543534,0.3629091406021718,50683,-0.23456093397963862,0.0054790209531251095,0.005096362382212893,1.0430679976707324,0.29999996984054944,-0.0001345201270082791,6.951633058665541e-08
25.873321662998933,hold,0,1.3510726690292358,-1.4959238767623901,1.9019556045532227,0.29659706354141235,-0.004646771587431431,0.011339097283780575,1.3522726311228388,-1.5032727634025491,1.8999999652675297,0.3631136975869295,50712,-0.22916365205990807,0.005610158659716874,0.0031961561376709913,1.1919299977307674,0.29999996984054944,-0.0001345201270082791,6.951633058665541e-08
25.892285247999098,hold,0,1.35615873336792,-1.4956839084625244,1.9018237590789795,0.2972363233566284,-0.0048089646734297276,0.010817455127835274,1.3581412956326955,-1.5032753949144644,1.8999999666274232,0.36353850069426347,50771,-0.21795512680043672,0.005781318280902453,0.0037018287574162034,0.9881980004138313,0.29999996984054944,-0.0001345201270082791,6.951633058665541e-08
25.912254510996718,hold,0,1.3636348247528076,-1.4955579042434692,1.9018627405166626,0.2986258566379547,-0.004291928373277187,0.00981308426707983,1.3642381674197073,-1.5032781287546297,1.899999968040197,0.3639888932631011,50834,-0.20607141786013194,0.00619970807337571,0.0014180649185284722,0.6701009988319129,0.29999996984054944,-0.0001345201270082791,6.951633058665541e-08
25.932474540997646,hold,0,1.3687607049942017,-1.4953668117523193,1.9019752740859985,0.2997877895832062,-0.0036948085762560368,0.006857455242425203,1.3701443178256791,-1.5032807770752383,1.899999969408777,0.3653254310996732,51020,-0.17080656729094557,0.006716067207441246,0.0016310976394053878,1.1890540008607786,0.29999996984054944,-0.0001345201270082791,6.951633058665541e-08
25.952038379997248,hold,0,1.3737983703613281,-1.49540114402771,1.9019838571548462,0.30181145668029785,-0.0035220207646489143,0.005109881982207298,1.3761340092235295,-1.503283462855667,1.899999970796715,0.3661865954606919,51141,-0.14808455248834207,0.006760076168738223,0.0015619315851047588,0.7852509988879319,0.29999996984054944,-0.0001345201270082791,6.951633058665541e-08
25.972196343998803,hold,0,1.3813873529434204,-1.4952226877212524,1.9019842147827148,0.3030613660812378,-0.0035354739520698786,0.005794317461550236,1.382193073268731,-1.5032861797428232,1.8999999722007281,0.3658421094027718,51093,-0.15717389438596996,0.006957164966209616,-0.0008140802907210531,0.7527769994339906,0.2999608013411939,-0.00013450256383482,6.950725441791036e-08
25.992550539998774,hold,0,1.386562466621399,-1.4948859214782715,1.9018396139144897,0.3036212921142578,-0.003476568963378668,0.006054104305803776,1.3880869181516162,-1.5032888225456296,1.8999999735664566,0.365895619131114,51100,-0.1557620282027976,0.007357640802049044,-0.004412555240951743,1.1709470018104184,0.29249974209129675,-0.00013115702137211273,6.777836937296137e-08
26.012769839999237,hold,0,1.3941340446472168,-1.4949188232421875,1.9018888473510742,0.3045133948326111,-0.0029896055348217487,0.007776521146297455,1.3940160446931635,-1.5032914811687483,1.8999999749403604,0.36498989286225914,50974,-0.17965981893775584,0.007608088570105214,-0.01093341324807029,0.8454480012005661,0.2847968656154114,-0.00012770304795199565,6.599345016830136e-08
26.03236566099804,hold,0,1.3993946313858032,-1.4943653345108032,1.9016509056091309,0.3049986660480499,-0.0024711056612432003,0.007634274195879698,1.399525439528929,-1.5032939515839734,1.8999999762170035,0.36537835191983054,51028,-0.16941023958230872,0.008491172623244326,-0.014938156965763616,0.8475989998260047,0.27744766885475775,-0.00012440766468186596,6.429048602523325e-08
26.05252112099697,hold,0,1.4045401811599731,-1.494046926498413,1.9015398025512695,0.3064281642436981,-0.002383355749770999,0.007265363819897175,1.404962343114522,-1.503296389494088,1.899999977476849,0.36572988281029123,51077,-0.16013501819812248,0.008880831064567895,-0.019460785403892622,1.1452819999249186,0.2699991327276434,-0.0001210677375932808,6.256450285238713e-08
26.072049164999044,hold,0,1.4122722148895264,-1.4939020872116089,1.9014335870742798,0.3072569966316223,-0.0023393931332975626,0.00700667267665267,1.4103014996580203,-1.5032987835743832,1.8999999787140442,0.36605161179762663,51122,-0.1516461267117002,0.009057627721582516,-0.02662209188367637,0.6525719982164446,0.2624788842338006,-0.00011769565464586175,6.082190240922833e-08
26.092354105996492,hold,0,1.4174145460128784,-1.4935166835784912,1.901280164718628,0.30770328640937805,-0.002090778201818466,0.005331842694431543,1.4154675067884275,-1.5033011000144005,1.8999999799111174,0.3671262730798388,51272,-0.12329094776151095,0.009588544637289382,-0.030842167836340195,0.9462440029892605,0.25499148948607203,-0.00011433830333359025,5.908691487308779e-08
26.112825815998804,hold,0,1.425144910812378,-1.4934329986572266,1.9013078212738037,0.30805185437202454,-0.002230584854260087,0.004779082257300615,1.4205258850660631,-1.5033033681935897,1.8999999810832504,0.36745786657304497,51318,-0.11454177907533136,0.009597903371639134,-0.038026721892902904,0.9166930030914955,0.24744065224512626,-0.00011095250437764125,5.733722637103027e-08
26.13189652499932,hold,0,1.4302934408187866,-1.493114948272705,1.9012969732284546,0.3073873519897461,-0.002533760853111744,0.004273423459380865,1.4253344609556073,-1.5033055243612712,1.899999982197499,0.3677827140739949,51364,-0.10597060490778887,0.009772716813124619,-0.0420277893122063,0.6838670014985837,0.24004258961462524,-0.0001076352096285813,5.562293897361474e-08
26.152521937998245,hold,0,1.4354009628295898,-1.492940068244934,1.9011619091033936,0.306488960981369,-0.00242083752527833,0.004428209736943245,1.430104498842596,-1.503307663248494,1.8999999833028176,0.367938481219145,51385,-0.10186065384841747,0.010022551679938948,-0.04600792014140431,1.05692299985094,0.23247132462587344,-0.00010424025086094689,5.386851693084926e-08
26.173050683999463,hold,0,1.4430161714553833,-1.4925731420516968,1.901094913482666,0.3042636811733246,-0.0028994411695748568,0.0059724668972194195,1.434701300035594,-1.5033097244563023,1.8999999843679936,0.36736186857379544,51305,-0.11707470781542462,0.010180938802584815,-0.05226623088912108,0.9297069991589524,0.22493402638363164,-0.00010086052279835893,5.212196570080618e-08
26.19213196599958,hold,0,1.448063611984253,-1.492265224456787,1.9010380506515503,0.30057546496391296,-0.0034860435407608747,0.007796728517860174,1.4390851564590843,-1.5033116901795762,1.8999999853838256,0.36657553277286314,51195,-0.13782235427801837,0.010220661468374404,-0.05514874695770611,0.7833650015527382,0.21750269938111386,-9.752831228930433e-05,5.039997024567618e-08
26.212480972997582,hold,0,1.4554649591445923,-1.4920766353607178,1.9011235237121582,0.2965141534805298,-0.0036335336044430733,0.008730857633054256,1.4433379982617507,-1.5033135971558327,1.899999986369299,0.36611406104304606,51131,-0.14999838936554077,0.0103626971447612,-0.06052394934784466,1.1782580004364718,0.21004236050551778,-9.41830928427711e-05,4.867125212667083e-08
26.23248794999745,hold,0,1.4603172540664673,-1.4917783737182617,1.9009950160980225,0.29205572605133057,-0.003798759775236249,0.008547219447791576,1.4474780233360935,-1.5033154535450155,1.8999999873286302,0.3664213549252198,51173,-0.14189037136623206,0.010591621256302254,-0.06292982568341032,1.1650070009636693,0.20251610976197632,-9.080831848377546e-05,4.69272608354578e-08
26.252301680997334,hold,0,1.465073585510254,-1.491478681564331,1.9009358882904053,0.2870120704174042,-0.004412046167999506,0.009661465883255005,1.4514764720068147,-1.5033172464512725,1.8999999882551553,0.3659896276568985,51113,-0.1532815921662678,0.010598160303265007,-0.0652035921507117,0.8593610000389162,0.19497163514614516,-8.742537253190834e-05,4.5179046688051386e-08
26.272029688996554,hold,0,1.4720648527145386,-1.4913015365600586,1.9011082649230957,0.28083837032318115,-0.004925096873193979,0.00964430533349514,1.4552732526973333,-1.5033189489295127,1.8999999891349495,0.3658848196776403,51099,-0.15604697420474345,0.010517249737870207,-0.06941889791400468,0.7499320017814171,0.18752694014446208,-8.40871678057659e-05,4.345395358511244e-08
26.292523938998784,hold,0,1.4767335653305054,-1.490902066230774,1.9009140729904175,0.27382633090019226,-0.0050276583060622215,0.010028799064457417,1.4590092329467514,-1.5033206241448065,1.899999990000655,0.36597048902716367,51110,-0.1537865692041258,0.01089728300797012,-0.07076091188722855,0.8861850001267157,0.17990099603551069,-8.066769089502016e-05,4.168686123508658e-08
26.313026953997905,hold,0,1.483275294303894,-1.490614414215088,1.901086688041687,0.26640865206718445,-0.005504690110683441,0.00846445094794035,1.4625439944094614,-1.5033222091335021,1.899999990819734,0.3666230406664337,51202,-0.1365688478513558,0.010934075480635765,-0.07398306517949438,0.9424999989278149,0.17237545516706448,-7.729323484434977e-05,3.994303443692942e-08
26.332581339996977,hold,0,1.487565040588379,-1.4906185865402222,1.9011281728744507,0.2576330900192261,-0.005900674499571323,0.007665481884032488,1.4658544203096304,-1.5033236935300265,1.8999999915868295,0.3669757206274001,51251,-0.12726330798416718,0.010702590043699493,-0.07420799739148398,1.227778000611579,0.1650166002816906,-7.399352086657126e-05,3.8237832302333304e-08
26.352697910999268,hold,0,1.4917545318603516,-1.4903103113174438,1.9011338949203491,0.24835020303726196,-0.005923414137214422,0.007677358575165272,1.4690997180040701,-1.503325148723033,1.8999999923388335,0.36696509222009094,51249,-0.12754374089469955,0.011027257090232874,-0.07429378897622518,1.232432001415873,0.15746906154031845,-7.06092009593762e-05,3.648890813230861e-08
26.37238312899717,hold,0,1.4976494312286377,-1.4899195432662964,1.9010274410247803,0.23810474574565887,-0.006544946227222681,0.007772491313517094,1.4721931563814348,-1.5033265358222505,1.8999999930556486,0.3670932537493512,51267,-0.12416217020181719,0.01111179849597221,-0.07585504459563097,0.8269350000773557,0.14992140204989435,-6.722482690824968e-05,3.473995598217772e-08
26.392331035996904,hold,0,1.5015062093734741,-1.4896881580352783,1.901165246963501,0.2265501320362091,-0.0064111012034118176,0.007836800999939442,1.475084278028951,-1.5033278322025516,1.8999999937255827,0.36685639602446335,51234,-0.1304117143941088,0.01144379006396073,-0.07469676658779978,0.9471140001551248,0.142506441170059,-6.389995497627241e-05,3.302175290341169e-08
26.412482309999177,hold,0,1.5071454048156738,-1.4894328117370605,1.9011026620864868,0.21525706350803375,-0.007004548795521259,0.009977077133953571,1.4778780684565944,-1.503329084939488,1.8999999943729629,0.36589542067465297,51100,-0.15576726452103173,0.011429091816646803,-0.07596200549079102,0.6456240007537417,0.1349545966792937,-6.0513704369032476e-05,3.127183100029256e-08
26.431973264996486,hold,0,1.51053786277771,-1.4895031452178955,1.9012625217437744,0.20337198674678802,-0.007515063043683767,0.01061964686959982,1.4804773873605062,-1.503330250475302,1.89999999497528,0.3653299269003315,51021,-0.17068794458228354,0.011087472706660072,-0.07450325273096037,0.6979390018386766,0.12752746442598986,-5.718337478749038e-05,2.955080755717056e-08
26.45196566999948,hold,0,1.5138458013534546,-1.4892525672912598,1.9012624025344849,0.19179238379001617,-0.007507666479796171,0.010155336931347847,1.4829405911691846,-1.503331354977044,1.8999999955460563,0.36552563720713643,51048,-0.16552408424442255,0.01135880904561102,-0.07313078116223903,0.779601999965962,0.12006602980083696,-5.3837664006342586e-05,2.7821835529844916e-08
26.471934705998137,hold,0,1.5184825658798218,-1.4889438152313232,1.9013901948928833,0.17987003922462463,-0.007946852594614029,0.008461338467895985,1.48526679774334,-1.5033323980491613,1.8999999960850875,0.3662129296500251,51144,-0.14738971899670084,0.011434419293340652,-0.07310192490038947,0.7691640021221247,0.11256641042918512,-5.047483116697743e-05,2.6084015290093126e-08
26.4926194749969,hold,0,1.5215427875518799,-1.4886200428009033,1.9015231132507324,0.16772116720676422,-0.007862730883061886,0.006855493411421776,1.487472963761831,-1.5033333872950376,1.8999999965963028,0.3668072444929753,51227,-0.13170858857585088,0.011813715411359633,-0.07143389289183255,1.1099410003225785,0.10495986094400804,-4.706405081461729e-05,2.432141708411207e-08
26.512194847997307,hold,0,1.5255144834518433,-1.4884023666381836,1.9013677835464478,0.1551944613456726,-0.008449394255876541,0.00684130284935236,1.4894936179770266,-1.5033342933573342,1.8999999970645312,0.36699008255678406,51253,-0.12688436525635893,0.011723759133418712,-0.07077635338913835,0.7915250025689602,0.09747349332173942,-4.3707160065883217e-05,2.2586667554638896e-08
26.532610908998322,hold,0,1.528067708015442,-1.488199234008789,1.9014934301376343,0.14138947427272797,-0.009323940612375736,0.006217742804437876,1.491355445664543,-1.5033351282017413,1.8999999974959558,0.36707283893925896,51264,-0.12470081954461953,0.011462224605718739,-0.06804326556254248,1.3237339990155306,0.09002616994566132,-4.0367776775430824e-05,2.0860965401827562e-08
26.553078846998687,hold,0,1.530043363571167,-1.487714409828186,1.9013645648956299,0.12812860310077667,-0.00964304618537426,0.005333224311470985,1.4930847870730575,-1.503335903639239,1.8999999978966808,0.3676050964818401,51339,-0.11065708491187287,0.01179708619267764,-0.06508144970984975,1.6814520022307988,0.08250881982605955,-3.6996993460379137e-05,1.9119036573209273e-08
26.572269812997547,hold,0,1.5329046249389648,-1.4875187873840332,1.902390718460083,0.11483839899301529,-0.010681571438908577,0.006237026769667864,1.4946662339537216,-1.5033366127607612,1.8999999982631355,0.3658291625918463,51091,-0.15751549889587757,0.011497575441149398,-0.06364516902672612,0.8564239979023114,0.07497746533345886,-3.361993057791454e-05,1.7373862635521246e-08
26.592388822999055,hold,0,1.5351754426956177,-1.4874240159988403,1.9013856649398804,0.10183101892471313,-0.011725942604243755,0.006764656864106655,1.496081753316909,-1.5033372474803066,1.8999999985911413,0.36676829132148137,51222,-0.13273637674191718,0.010998326791166434,-0.061380133473531995,1.0939659987343475,0.0675276305831009,-3.0279421186058638e-05,1.5647578544235854e-08
26.61251828099921,hold,0,1.538021206855774,-1.4871574640274048,1.9012171030044556,0.08916158974170685,-0.01219257153570652,0.007259868551045656,1.4973617789940077,-1.50333782144442,1.8999999988877503,0.36670594329443523,51213,-0.13438144341859726,0.011034574130687255,-0.06029230270414332,1.116785999329295,0.05999968108961897,-2.6903885106793928e-05,1.39031936167751e-08
26.632140476998757,hold,0,1.539480209350586,-1.4871211051940918,1.901289939880371,0.07675101608037949,-0.013320937752723694,0.008933364413678646,1.4984839246465664,-1.5033383246150562,1.8999999991477752,0.3657258854492859,51076,-0.1602404894647531,0.010483136402508864,-0.05812188809765795,0.8512950007570907,0.05252002071634373,-2.3550001891650417e-05,1.2169998298586011e-08
26.652791082997283,hold,0,1.5409451723098755,-1.4869729280471802,1.9011708498001099,0.06523291021585464,-0.013670515269041061,0.00865550059825182,1.4994589935308316,-1.5033387618364007,1.899999999373719,0.3659770933923886,51111,-0.15361231154647648,0.010444421702651745,-0.05641732438358815,1.4833050008746795,0.0450227829700159,-2.0188236974196197e-05,1.0432729931734223e-08
26.67192257699935,hold,0,1.5430692434310913,-1.4868254661560059,1.901212453842163,0.053603608161211014,-0.014547576196491718,0.009218254126608372,1.500282670158986,-1.5033391311733866,1.8999999995645824,0.3656245237793057,51062,-0.16291493986000916,0.010133650765233336,-0.05562462033312565,0.6898979991092347,0.03754055909750569,-1.6833204284794884e-05,8.698940596617829e-09
26.692292875999556,hold,0,1.5440831184387207,-1.486841082572937,1.9011672735214233,0.04278991371393204,-0.01458989828824997,0.009010962210595608,1.5009620863352136,-1.5033394358239183,1.8999999997220174,0.36575454317120887,51080,-0.1594843490446216,0.010087443460276267,-0.05418110416892041,0.9118329980992712,0.029995524606342104,-1.3450007284566435e-05,6.950596714269375e-09
26.71224510999673,hold,0,1.5463662147521973,-1.4865270853042603,1.902129888534546,0.0318913534283638,-0.015489259734749794,0.009250308386981487,1.5014853142467464,-1.503339670439559,1.8999999998432604,0.3644319524311936,50896,-0.19438120234317857,0.009973452400412242,-0.05442912446131176,0.9288610017392784,0.022523556606604402,-1.0099573333320568e-05,5.219183881532254e-09
26.732068327997695,landing,0,1.5467240810394287,-1.4858945608139038,1.9017599821090698,0.021421248093247414,-0.016292305663228035,0.009921424090862274,1.5014853142467486,-1.503339670439559,1.8999999998373405,0.3647044848582644,50934,-0.18719037313286613,0.010218329370278719,-0.06140265971846626,0.7135339983506128,7.91827343006284e-10,-3.5505575146168017e-13,-2.1071249069937764e-06
26.75240715199834,landing,0,1.547505497932434,-1.4863728284835815,1.9014549255371094,0.012287676334381104,-0.016267508268356323,0.008595606312155724,1.5014853423412342,-1.5033396704521564,1.8999252378444134,0.3618238181671694,50531,-0.26319740983722006,0.009781504280203931,-0.05769829157006234,1.1407070014683995,2.813916994277645e-06,-1.2617616981510484e-09,-0.0074880902222246625
26.772263486996962,landing,0,1.5482386350631714,-1.486167073249817,1.9014232158660889,0.0025873645208775997,-0.01725088246166706,0.008707708679139614,1.5014854276845024,-1.5033396704904245,1.8996981316099302,0.3576561787800734,49949,-0.3731615097605978,0.009573052253741688,-0.05375800979005807,0.8793179986241739,5.654308979045041e-06,-2.535394794437441e-09,-0.015046632813095219
26.791768505998334,landing,0,1.5485568046569824,-1.486096978187561,1.9013713598251343,-0.005925013683736324,-0.017528556287288666,0.007209251169115305,1.5014855669857594,-1.5033396705528872,1.8993274382372085,0.3542212808361816,49470,-0.4637920623698797,0.009586189748825748,-0.04982508628032445,0.6726379979227204,8.439891547465928e-06,-3.7844513227637e-09,-0.022459322539270493
26.812192415996833,landing,0,1.549038290977478,-1.486040472984314,1.901175856590271,-0.014898540452122688,-0.018373489379882812,0.006099635269492865,1.5014857650102742,-1.5033396706416815,1.8988004769105393,0.3505183730014287,48952,-0.5614941160572915,0.009267506260466357,-0.04577406391555683,0.9289789995818865,1.127132851357902e-05,-5.054068984491359e-09,-0.029994035007304624
26.832095253997977,landing,0,1.5491682291030884,-1.4859836101531982,1.9011075496673584,-0.018376735970377922,-0.018030909821391106,0.004488143138587475,1.5014860188904002,-1.5033396707555216,1.8981248786986356,0.346784188060348,48431,-0.660021423209816,0.009630160606881353,-0.04440738613168804,0.8402150015172083,1.4092417329708353e-05,-6.319046530919676e-09,-0.03750121010274778
26.852707065998402,landing,0,1.5493097305297852,-1.4861997365951538,1.9007090330123901,-0.03139935061335564,-0.019173286855220795,0.0008395601180382073,1.5014863315313658,-1.5033396708957099,1.8972929125243432,0.3441794931599055,48067,-0.7287468823243941,0.00878455418736623,-0.03733251888161737,1.25135299822432,1.693253423921846e-05,-7.592556283331867e-09,-0.04505902069322577
26.872163932999683,landing,0,1.5490829944610596,-1.4860941171646118,1.9000316858291626,-0.03474130481481552,-0.018980305641889572,-0.0012539952294901013,1.5014866961947178,-1.503339671059225,1.8963225100261192,0.3411020866114201,47637,-0.8099449442897075,0.009100367292533692,-0.035440538873745986,0.8398630016017705,1.9735428924021853e-05,-8.849375572752288e-09,-0.05251777954285901
26.892619283997192,landing,0,1.5487202405929565,-1.486099123954773,1.8997161388397217,-0.042044200003147125,-0.01919480599462986,-0.00769144669175148,1.5014871196952315,-1.503339671249123,1.8951955364652255,0.3394942078878398,47413,-0.8523691850174213,0.009009752546965231,-0.03087405232495044,1.2658169980568346,2.2557619871898403e-05,-1.0114847315572247e-08,-0.060027887511580495
26.91252269999677,landing,0,1.5485496520996094,-1.486432433128357,1.8990517854690552,-0.05004936084151268,-0.020297633484005928,-0.0128206517547369,1.501487604825011,-1.5033396714666554,1.8939045617969432,0.3374279035100496,47124,-0.9068890894446024,0.00801451723327716,-0.026111848584629227,0.9299860030296259,2.54081644104968e-05,-1.1393032821751477e-08,-0.06761344697580841
26.932083646999672,landing,0,1.5481445789337158,-1.486474871635437,1.8984153270721436,-0.05709248408675194,-0.02147935889661312,-0.020378511399030685,1.5014881329742105,-1.5033396717034777,1.8924991085213652,0.33650509173623644,46995,-0.9312376850597257,0.00728262223680786,-0.02151231275642962,0.8034810016397387,2.8185598866038084e-05,-1.26384357324463e-08,-0.07500445382913869
26.951979497996945,landing,0,1.5476012229919434,-1.486547827720642,1.897643804550171,-0.06259553134441376,-0.02236860617995262,-0.029928427189588547,1.5014887257003553,-1.5033396719692564,1.8909218100937712,0.3364838583174248,46992,-0.9317979335771831,0.006667134258353595,-0.01759370131654525,0.6909859985171352,3.1007764589890556e-05,-1.3903896164802047e-08,-0.08251449467442744
26.972087850997923,landing,0,1.5469939708709717,-1.4862922430038452,1.89664626121521,-0.06859546154737473,-0.02388160489499569,-0.038226108998060226,1.5014893733018215,-1.5033396722596413,1.889198483422464,0.33594858837867136,46918,-0.9459211509585401,0.006080834211247464,-0.013323808140228932,0.8166430015990045,3.382308331131107e-05,-1.5166286398060467e-08,-0.09000631502065153
26.991979377999087,landing,0,1.54660964012146,-1.4863953590393066,1.8957990407943726,-0.07277517765760422,-0.02459040656685829,-0.047862377017736435,1.501490078605478,-1.5033396725758996,1.8873216059510458,0.3357050225498401,46884,-0.9523476899778363,0.005539854976991667,-0.01038269511196166,0.7098399983078707,3.664400640567396e-05,-1.6431189634771094e-08,-0.09751304911533261
27.01211347399658,landing,0,1.5459822416305542,-1.48642897605896,1.8945099115371704,-0.07723329216241837,-0.02593030221760273,-0.05841328203678131,1.5014908407054264,-1.5033396729176256,1.8852935883573556,0.33628134040653007,46964,-0.9371414140757253,0.0046932901698241315,-0.006964488865597085,0.780092002969468,3.946609772373075e-05,-1.769661670353321e-08,-0.10502289196000078
27.032209223998507,landing,0,1.5450276136398315,-1.4864979982376099,1.892785906791687,-0.08064278960227966,-0.027090132236480713,-0.0698976218700409,1.5014916560411957,-1.5033396732832225,1.8831239053796098,0.3377095056863031,47164,-0.8994589528679935,0.0039047172912492567,-0.0037824600490763416,0.9429180026927497,4.2277257202390796e-05,-1.8957141930389828e-08,-0.11250364418121982
27.05271240899674,landing,0,1.5445531606674194,-1.4863001108169556,1.89132821559906,-0.08212292939424515,-0.027397874742746353,-0.0817987397313118,1.5014925357371547,-1.5033396736776787,1.8807829540576444,0.3387692080231103,47312,-0.8714984690472232,0.003944459278734552,-0.0023338660479357287,1.2795830007235054,4.511429163690669e-05,-2.0229269499570912e-08,-0.12005325202410028
27.0723497709987,landing,0,1.5430216789245605,-1.4868414402008057,1.8880679607391357,-0.0841389074921608,-0.028428126126527786,-0.09503502398729324,1.5014934607567252,-1.5033396740924578,1.8783213924638327,0.3426450284023157,47853,-0.7692340790945735,0.00266653193372446,0.0006598011369320922,1.0429879985167645,4.791665801318456e-05,-2.1485851895201054e-08,-0.1275106049964769
27.092677862998244,landing,0,1.5423591136932373,-1.4870035648345947,1.8860363960266113,-0.08452563732862473,-0.028750361874699593,-0.10738857090473175,1.501494448228718,-1.5033396745352408,1.8756936392681776,0.3443127663496273,48086,-0.725230439323818,0.002278096786377976,0.0016537553516151604,1.2894120009150356,5.073770258038161e-05,-2.275080960038741e-08,-0.13501766234146834
27.112136460997135,landing,0,1.5410922765731812,-1.487192988395691,1.882605791091919,-0.08549724519252777,-0.029588770121335983,-0.12150458991527557,1.5014955006977844,-1.5033396750071684,1.8728929229209434,0.34836643937711775,48652,-0.6182733673583716,0.0015527593491253167,0.0036497710484921786,0.6811599996581208,5.358116774044409e-05,-2.4025820709915457e-08,-0.14258438293258732
27.13234586699764,landing,0,1.5405319929122925,-1.4872691631317139,1.8798962831497192,-0.08568660169839859,-0.030228331685066223,-0.13486094772815704,1.5014965876978197,-1.5033396754945798,1.8700003165104346,0.35109926038803,49034,-0.5461672720836415,0.0010895704873017812,0.004370378470866854,1.0551320010563359,5.636755087351627e-05,-2.5275236211806308e-08,-0.14999920303444525
27.152373774999432,landing,0,1.5395339727401733,-1.4869095087051392,1.8774561882019043,-0.08384323865175247,-0.029927916824817657,-0.1472400575876236,1.5014977428086969,-1.503339676012532,1.8669264609270162,0.35273783079911286,49262,-0.5029332242978146,0.0016626935488933195,0.004439551848215428,1.0681210005714092,5.918493350372172e-05,-2.6538551902730538e-08,-0.15749651563052017
27.17225349099681,landing,0,1.5384409427642822,-1.4874190092086792,1.873163104057312,-0.08270440995693207,-0.029821474105119705,-0.1601482778787613,1.5014989551940794,-1.5033396765561662,1.8637001926511279,0.3567651656621984,49825,-0.39667109070716755,0.0011323492653046228,0.004979452506405746,0.9681899973656982,6.200446853955135e-05,-2.7802832733344745e-08,-0.16499955597462085
27.19253684099749,landing,0,1.5375627279281616,-1.4877619743347168,1.8697417974472046,-0.079827681183815,-0.028782224282622337,-0.17403365671634674,1.5015002245668543,-1.5033396771253535,1.8603222757180693,0.35999850585518206,50276,-0.31135868455984195,0.0013184683337941784,0.004315308921289063,1.1732370003301185,6.4825250996215e-05,-2.906767290804516e-08,-0.17250591581953453
27.212745633998566,landing,0,1.5364937782287598,-1.4880576133728027,1.8662817478179932,-0.07776208221912384,-0.028561430051922798,-0.18451663851737976,1.5015015494029904,-1.5033396777194106,1.8567967657126945,0.3613982418484048,50472,-0.2744263364537005,0.0011083331497721712,0.004341633276576662,1.3730050013691653,6.764394995679467e-05,-3.03315788421257e-08,-0.180006731291005
27.232015765999677,landing,0,1.5363242626190186,-1.4877862930297852,1.862036943435669,-0.07529005408287048,-0.02814069576561451,-0.1941560059785843,1.5015029309697925,-1.503339678338906,1.8531202902224908,0.3631667363900903,50719,-0.2277642113432652,0.001633476954563804,0.0031488916856790006,0.7441140005539637,7.046334999165007e-05,-3.159579913823984e-08,-0.1875094123851786
27.252278017997014,landing,0,1.5356826782226562,-1.4882246255874634,1.8582992553710938,-0.07130728662014008,-0.02695605531334877,-0.2027122527360916,1.5015043708365248,-1.5033396789845428,1.8492886732904152,0.36356106517615416,50774,-0.21735975788511652,0.001801122813462822,0.00166352226349753,0.9592460010026116,7.328638772634847e-05,-3.286165058066731e-08,-0.19502177373100177
27.272001685996656,landing,0,1.5348484516143799,-1.4878661632537842,1.8524556159973145,-0.06855762749910355,-0.02640986442565918,-0.21070359647274017,1.5015058546918059,-1.5033396796499041,1.845339998811416,0.3661933458258897,51142,-0.14790644258866337,0.0024780404932076366,0.001064202941299719,0.8324429982167203,7.608615681354504e-05,-3.411706835065694e-08,-0.20247221507982532
27.29258431999915,landing,0,1.5344446897506714,-1.488494634628296,1.8490277528762817,-0.06435832381248474,-0.025114575400948524,-0.21750399470329285,1.5015074132710107,-1.5033396803487717,1.8411924771444241,0.3649154602015384,50963,-0.181623741384211,0.00250773570441757,-0.0007877491729517683,1.2191189998702612,7.892003563457291e-05,-3.538778094127205e-08,-0.2100134255468938
27.313374094999745,landing,0,1.5341216325759888,-1.488885760307312,1.84367036819458,-0.06122932210564613,-0.024409661069512367,-0.22267591953277588,1.5015090651999599,-1.5033396810894974,1.836796543277669,0.3648430851508104,50953,-0.18353337332954212,0.002465844784697797,-0.0021455794247491333,1.1914700007764623,8.181656562587389e-05,-3.668658634598071e-08,-0.21772135650233734
27.332179035998706,landing,0,1.5336285829544067,-1.4889565706253052,1.8399876356124878,-0.057714708149433136,-0.023425878956913948,-0.22633932530879974,1.5015106826977822,-1.5033396818147844,1.832492233786005,0.3622464451830392,50590,-0.2520463012390728,0.002948502527726711,-0.00355368526622879,0.8758250005485024,8.45566363726033e-05,-3.791523535214474e-08,-0.225012935112692
27.352433867999935,landing,0,1.5333397388458252,-1.4888873100280762,1.83577299118042,-0.052859555929899216,-0.021712375804781914,-0.22929736971855164,1.501512405459565,-1.5033396825872716,1.8279078072775765,0.3595033767331205,50207,-0.3244227774902253,0.004001384003551681,-0.005956991939248146,1.0645639995345846,8.738058487031176e-05,-3.918149518113249e-08,-0.23252772008209907
27.37247170699993,landing,0,1.5328528881072998,-1.4887536764144897,1.8300267457962036,-0.0491020530462265,-0.020344076678156853,-0.2323080152273178,1.501514170006665,-1.5033396833784953,1.8232121862221202,0.35859378336004794,50080,-0.34842260263725855,0.004923823819187697,-0.007521228487724629,1.2056569976266474,9.018140169473087e-05,-4.043738275698342e-08,-0.2399809495554009
27.39221650499894,landing,0,1.5326505899429321,-1.4889665842056274,1.825989007949829,-0.044402848929166794,-0.01836767978966236,-0.23361217975616455,1.5015160197787656,-1.5033396842079338,1.81828977365377,0.35435553837322475,49488,-0.46024964714446703,0.005858039392643811,-0.01003148564808587,0.8264190000772942,9.302700446446291e-05,-4.171335237168847e-08,-0.2475533585211586
27.413099206998595,landing,0,1.5323573350906372,-1.4892240762710571,1.8220726251602173,-0.041306257247924805,-0.017281632870435715,-0.23528830707073212,1.5015179160391536,-1.503339685058218,1.8132436515043606,0.350014292767332,48882,-0.5747943860862286,0.006257135427564717,-0.011586485743478425,1.468006998038618,9.585647672917687e-05,-4.298208906038857e-08,-0.2550828427392598
27.43234431199744,landing,0,1.5325709581375122,-1.4888641834259033,1.8161708116531372,-0.03858296200633049,-0.016689203679561615,-0.2361365258693695,1.5015198413854802,-1.5033396859215442,1.8081201290152773,0.3477010192246463,48559,-0.6358306273180414,0.00705379587234072,-0.013472110999693587,1.0330270015401766,9.864634945489904e-05,-4.4233069297258055e-08,-0.2625069489659946
27.452739568998368,landing,0,1.532165765762329,-1.4893853664398193,1.8118431568145752,-0.03527238965034485,-0.015815796330571175,-0.23772738873958588,1.5015218730011322,-1.5033396868325215,1.8027138141422872,0.3433400746289102,47950,-0.7508951285247978,0.00704512459595282,-0.015095746130356691,1.105494000512408,0.00010150709953305636,-4.551583097215534e-08,-0.27011966630344303
27.47350922899932,landing,0,1.5319223403930664,-1.489593267440796,1.8057633638381958,-0.033520638942718506,-0.015618137083947659,-0.24062804877758026,1.5015239847930533,-1.50333968777945,1.797094142890732,0.3415146880439023,47695,-0.7990583629577248,0.0069551033882941475,-0.01591312018142732,1.0812740001711063,0.00010439768708479425,-4.681197178418073e-08,-0.2778117838842636
27.492509679999785,landing,0,1.5321451425552368,-1.4897925853729248,1.802146077156067,-0.03208472952246666,-0.015427241101861,-0.24391400814056396,1.50152601762909,-1.5033396886909747,1.7916845804615698,0.33730921683786125,47108,-0.910020663908675,0.006918777636505651,-0.017223276717321268,1.1757499996747356,0.00010710653582242706,-4.802662082684281e-08,-0.2850202778757365
27.512431979997928,landing,0,1.5316890478134155,-1.4890317916870117,1.7953135967254639,-0.02983357012271881,-0.01497245766222477,-0.24788972735404968,1.501528217335986,-1.5033396896773243,1.7858309594298962,0.3367188172101584,47025,-0.9255984904971406,0.008105135697395068,-0.018044597033610943,0.8237420006480534,0.00010996260145090698,-4.930728199231076e-08,-0.2926205294645871
27.53230885699668,landing,0,1.5318174362182617,-1.4893121719360352,1.7911429405212402,-0.02883748896420002,-0.014872347004711628,-0.25318044424057007,1.501530413487379,-1.5033396906620795,1.7799867999167442,0.33357592714020307,46586,-1.0085243498627179,0.007905395743347192,-0.018961629622431975,0.9850069982348941,0.00011273569276352161,-5.055073743568313e-08,-0.29999997881776763
27.551934040999186,landing,0,1.531524896621704,-1.4894905090332031,1.7868038415908813,-0.027223248034715652,-0.01453305035829544,-0.26047009229660034,1.5015326661609434,-1.5033396916721795,1.7739922297405732,0.33514217509631183,46805,-0.9671985462714563,0.007858157807077808,-0.019484592236078235,0.6673999996564817,0.00011273569276352161,-5.055073743568313e-08,-0.29999997881776763
27.572146122998674,landing,0,1.5314205884933472,-1.4895180463790894,1.779811978340149,-0.026867715641856194,-0.015183723531663418,-0.26932427287101746,1.5015349224645977,-1.503339692683907,1.7679879995635601,0.34079024212398273,47594,-0.818173031029481,0.007313612261754522,-0.019245213582082865,0.8494279973092489,0.00011273569276352161,-5.055073743568313e-08,-0.29999997881776763
27.5927225359992,landing,0,1.5316821336746216,-1.4888336658477783,1.7746531963348389,-0.025812596082687378,-0.015464586205780506,-0.27774474024772644,1.5015371777602817,-1.5033396936951826,1.7619864516881412,0.343941482209349,48034,-0.7350268546345919,0.00787946008978413,-0.019984136416572484,1.3281669998832513,0.00011273569276352161,-5.055073743568313e-08,-0.29999997881776763
27.612629770999774,landing,0,1.5311263799667358,-1.4897059202194214,1.767492651939392,-0.025876181200146675,-0.016090571880340576,-0.2887785732746124,1.501539422400865,-1.5033396947016806,1.7560132580090864,0.35092164582287017,49009,-0.5508536722197857,0.006371281434628132,-0.018914180616164344,0.9594219991413411,0.00011273569276352161,-5.055073743568313e-08,-0.29999997881776763
27.632561685997644,landing,0,1.531051754951477,-1.4898627996444702,1.7623933553695679,-0.02631780132651329,-0.01702134683728218,-0.29799872636795044,1.5015416816769083,-1.5033396957147411,1.7500011180336081,0.3543739013084995,49491,-0.45976513697890553,0.0056066365743450116,-0.018393819166624414,1.2466409971239045,0.00011273569276352161,-5.055073743568313e-08,-0.29999997881776763
27.6525270739985,landing,0,1.530764102935791,-1.4893596172332764,1.7566993236541748,-0.02714117057621479,-0.017988933250308037,-0.30588582158088684,1.5015439337791283,-1.5033396967245847,1.7440080682570762,0.35792537672969876,49987,-0.36605866148552124,0.005572581826403057,-0.017427102240532788,1.2620900015463121,0.00011273569276352161,-5.055073743568313e-08,-0.29999997881776763
27.671924028996727,landing,0,1.530600666999817,-1.4900949001312256,1.7487480640411377,-0.027385778725147247,-0.018216464668512344,-0.31552672386169434,1.501546188171123,-1.5033396977354552,1.7380089251811577,0.36517039883180613,50999,-0.17489712844838756,0.004531786989620746,-0.01676580437181574,0.7101050032360945,0.00011273569276352161,-5.055073743568313e-08,-0.29999997881776763
27.69245149999915,landing,0,1.5302478075027466,-1.4906803369522095,1.742821455001831,-0.028050847351551056,-0.018774306401610374,-0.323566198348999,1.5015484776342902,-1.5033396987620515,1.7319164545105485,0.3689654865436314,51529,-0.07476288803083442,0.003547921768906447,-0.0158477155868173,0.893840999196982,0.00011273569276352161,-5.055073743568313e-08,-0.29999997881776763
27.712878512997122,landing,0,1.5300348997116089,-1.4904541969299316,1.7370071411132812,-0.030062861740589142,-0.019892407581210136,-0.333364874124527,1.5015507087284397,-1.5033396997624753,1.7259793091298474,0.37369187469010745,52189,0.04994392322183039,0.003146583169644474,-0.014339997536904958,1.5367669984698296,0.00011273569276352161,-5.055073743568313e-08,-0.29999997881776763
27.749779482997837,landing,1,1.5295274257659912,-1.4909875392913818,1.7285212278366089,-0.03209889680147171,-0.020728696137666702,-0.3395789861679077,1.5015529592665646,-1.5033397007716176,1.7199904215529331,0.37369187469010745,52189,0.04994392322183039,0.003146583169644474,-0.014339997536904958,18.518218999815872,0.00011273569276352161,-5.055073743568313e-08,-0.29999997881776763
27.769466348996502,landing,1,1.5294398069381714,-1.4909430742263794,1.7256436347961426,-0.0333641842007637,-0.02098838798701763,-0.343964546918869,1.5015552385152016,-1.5033397017936336,1.7139251326808016,0.3732124614771733,52122,0.037294498078450644,0.0029160181623848333,-0.0138476663044083,18.04208600151469,0.00011273569276352161,-5.055073743568313e-08,-0.29999997881776763
27.77267053599644,landing,1,1.5291961431503296,-1.4908947944641113,1.7196131944656372,-0.0366247296333313,-0.02210371196269989,-0.34689080715179443,1.501557522889592,-1.5033397028179483,1.7078462037105007,0.37273304826423914,52055,0.024645072935069123,0.002685453155125193,-0.013355335071911641,0.08012900070752949,0.00011273569276352161,-5.055073743568313e-08,-0.29999997881776763
27.808572995996656,landing,1,1.528401494026184,-1.4915601015090942,1.7080961465835571,-0.03903353959321976,-0.022465253248810768,-0.3474465608596802,1.5015597160797467,-1.5033397038013758,1.7020099243228166,0.3722846352044661,51992,0.012813593785383048,0.002361146588147991,-0.012556168343012717,17.363958999339957,0.00011273569276352161,-5.055073743568313e-08,-0.29999997881776763
27.81139323899697,landing,1,1.5277985334396362,-1.4917713403701782,1.6994792222976685,-0.03799569606781006,-0.02047744393348694,-0.3429034352302551,1.5015619542774847,-1.5033397048049846,1.696053875643226,0.371815555375919,51927,0.00043681730656786044,0.002099334394315829,-0.011961558611715302,0.05906200021854602,0.00011273569276352161,-5.055073743568313e-08,-0.29999997881776763
27.84195460999763,landing,1,1.5274324417114258,-1.4916236400604248,1.6934375762939453,-0.039964135736227036,-0.020030122250318527,-0.34230098128318787,1.5015642303738064,-1.5033397058255873,1.689996975370465,0.3713619534609384,51863,-0.01153157095149382,0.0020205924741502164,-0.011224096824718055,10.750531000667252,0.00011273569276352161,-5.055073743568313e-08,-0.29999997881776763
27.85150350799813,landing,1,1.5266263484954834,-1.4921629428863525,1.6850208044052124,-0.041513703763484955,-0.019009534269571304,-0.34209519624710083,1.5015665089715071,-1.5033397068473116,1.6839334186992645,0.37089596921510465,51798,-0.02382666978615866,0.0017953943350513643,-0.010600916682280675,0.08803200034890324,0.00011273569276352161,-5.055073743568313e-08,-0.29999997881776763
27.87959418399987,landing,1,1.526354432106018,-1.492368221282959,1.679232120513916,-0.044206440448760986,-0.018008863553404808,-0.3378036618232727,1.501568724476114,-1.5033397078407449,1.6780377585151063,0.37044825641983803,51736,-0.03563967229978893,0.001719347573366629,-0.009410342976795591,8.540332000848139,0.00011273569276352161,-5.055073743568313e-08,-0.29999997881776763
27.891100670000014,landing,1,1.525985836982727,-1.4919507503509521,1.6731836795806885,-0.04463097080588341,-0.01747876964509487,-0.3371177911758423,1.5015709788640503,-1.5033397088516134,1.672038626238527,0.36998488238122806,51671,-0.0478659002314501,0.0015154567738983663,-0.008706106611065682,0.06084000051487237,0.00011273569276352161,-5.055073743568313e-08,-0.29999997881776763
27.91853981999884,landing,1,1.5250675678253174,-1.4923158884048462,1.6651068925857544,-0.045900359749794006,-0.016739170998334885,-0.3336085081100464,1.501573232170626,-1.5033397098619972,1.666042371561872,0.3695460995821106,51610,-0.0594432827939162,0.0014944785075406294,-0.007599995158192287,7.52075500349747,0.00011273569276352161,-5.055073743568313e-08,-0.29999997881776763
27.931098323999322,landing,1,1.5244618654251099,-1.4925529956817627,1.659583330154419,-0.0467144176363945,-0.015739480033516884,-0.3318383991718292,1.5015754889163166,-1.503339710873923,1.6600369650863316,0.3690854579034443,51546,-0.07159741679566523,0.0013109113228624244,-0.006851106005001989,0.05658800000674091,0.00011273569276352161,-5.055073743568313e-08,-0.29999997881776763
27.958955265999975,landing,1,1.5240602493286133,-1.492336392402649,1.6540532112121582,-0.048060402274131775,-0.015121521428227425,-0.32886770367622375,1.5015777478091712,-1.5033397118868117,1.654025844810775,0.36863117765605835,51482,-0.08358370300637752,0.00140155149775462,-0.005574225229504015,7.854318999306997,0.00011273569276352161,-5.055073743568313e-08,-0.29999997881776763
27.971072678999917,landing,1,1.5232127904891968,-1.4925707578659058,1.6459673643112183,-0.04918568953871727,-0.014282514341175556,-0.327166885137558,1.5015799954605864,-1.5033397128946595,1.6480446390325705,0.36817111428932664,51418,-0.09572257811803198,0.0012429122548555426,-0.004777336837922111,0.05456500002765097,0.00011273569276352161,-5.055073743568313e-08,-0.29999997881776763
28.00751555199895,landing,1,1.5226632356643677,-1.4925791025161743,1.6405843496322632,-0.049685291945934296,-0.012985114939510822,-0.3248167932033539,1.501582257699098,-1.5033397139090483,1.6420246156583458,0.3677489381914365,51359,-0.10686178914415656,0.0014733787200259375,-0.0033973512247317235,16.39130900002783,0.00011273569276352161,-5.055073743568313e-08,-0.29999997881776763
28.0122697049992,landing,1,1.5220545530319214,-1.4922691583633423,1.6323180198669434,-0.050755489617586136,-0.012028690427541733,-0.32256776094436646,1.5015845635279927,-1.5033397149429832,1.6358885942917647,0.3672917892300003,51295,-0.11892376701846352,0.0013446706854398959,-0.0025556092007183962,0.09249900176655501,0.00011273569276352161,-5.055073743568313e-08,-0.29999997881776763
28.049681891996443,landing,1,1.5213239192962646,-1.492299199104309,1.6271960735321045,-0.05195103958249092,-0.011201642453670502,-0.3209642171859741,1.5015867906902596,-1.5033397159416437,1.629961912009495,0.3668756846330311,51237,-0.1299027801311059,0.0016897100329547584,-0.0009026663589282499,18.2057989986788,0.00011273569276352161,-5.055073743568313e-08,-0.29999997881776763
28.052172455998516,landing,1,1.5207678079605103,-1.492531657218933,1.6220991611480713,-0.05125297233462334,-0.00906787347048521,-0.31821224093437195,1.5015890513224004,-1.5033397169553122,1.6239461633346455,0.36642127196255936,51173,-0.14189256035463593,0.0015925851571754435,-6.844280396468838e-06,0.03674899926409125,0.00011273569276352161,-5.055073743568313e-08,-0.29999997881776763
28.08884447699893,landing,1,1.5201208591461182,-1.4919483661651611,1.6137890815734863,-0.05267397686839104,-0.008479995653033257,-0.3154735565185547,1.501591292580349,-1.5033397179602934,1.617981971155394,0.365979858685886,51112,-0.15353934865736285,0.002298794872745275,0.001372289002514378,17.53074199950788,0.00011273569276352161,-5.055073743568313e-08,-0.29999997881776763
28.091366040996945,landing,1,1.5195554494857788,-1.4919378757476807,1.6088030338287354,-0.05051342770457268,-0.005858507007360458,-0.3103981018066406,1.5015935294310083,-1.5033397189632982,1.61202950717543,0.36552621068563773,51048,-0.16550895288554912,0.0022489249729276753,0.0022965411518919825,0.09511499956715852,0.00011273569276352161,-5.055073743568313e-08,-0.29999997881776763
28.129845211999054,landing,1,1.518914818763733,-1.4920966625213623,1.6038436889648438,-0.050306983292102814,-0.004068729933351278,-0.3059852719306946,1.501595799906328,-1.5033397199813805,1.605987564902224,0.3650331473985624,50980,-0.1785185382965082,0.0034664063013490993,0.002851990755969234,18.560419001005357,0.00011273569276352161,-5.055073743568313e-08,-0.29999997881776763
28.132223101998534,landing,1,1.5186799764633179,-1.492043137550354,1.6012288331985474,-0.04947657138109207,-0.00311691383831203,-0.3048899471759796,1.5015980645714755,-1.5033397209968573,1.5999610840283973,0.3645774249095337,50916,-0.19054287837642114,0.003483239097754606,0.0037568322450678756,0.09069299994735047,0.00011273569276352161,-5.055073743568313e-08,-0.29999997881776763
28.168479442996613,landing,1,1.5176985263824463,-1.491593837738037,1.5908117294311523,-0.05010826140642166,-0.002854095073416829,-0.30248039960861206,1.5016003208838102,-1.503339722008589,1.5939568307520395,0.36416599358190477,50858,-0.20139858622942697,0.0040464972869149315,0.004951863779157736,17.097885000112,0.00011273569276352161,-5.055073743568313e-08,-0.29999997881776763
28.172336748997623,landing,1,1.5169938802719116,-1.491388201713562,1.5832550525665283,-0.04704936593770981,-0.0007039225311018527,-0.2989286184310913,1.5016026041291526,-1.5033397230323973,1.5878809062812667,0.3637123801957999,50795,-0.21336727715567783,0.004089350340118286,0.00587052384182739,0.05398199937189929,0.00011273569276352161,-5.055073743568313e-08,-0.29999997881776763
28.2178538809967,landing,1,1.5166527032852173,-1.490915298461914,1.5780565738677979,-0.04665530472993851,-0.00026009869179688394,-0.29767200350761414,1.5016048221319824,-1.5033397240269506,1.5819785980980339,0.3632800305938824,50735,-0.22477491836722052,0.0052779132560742195,0.005898959863088469,26.529329999902984,0.00011273569276352161,-5.055073743568313e-08,-0.29999997881776763
28.21888298599879,landing,1,1.5166527032852173,-1.490915298461914,1.5780565738677979,-0.0443454273045063,0.001391468453221023,-0.2969200015068054,1.5016078868739995,-1.5033397254011824,1.5738230395730262,0.36282734172013353,50672,-0.23671921582761257,0.005370579781571166,0.006778914532653401,0.11921800251002423,0.00011273569276352161,-5.055073743568313e-08,-0.29999997881776763
28.252157362996513,landing,1,1.5157475471496582,-1.4901916980743408,1.5653014183044434,-0.0442013293504715,0.0014988300390541553,-0.29671916365623474,1.5016093189615922,-1.5033397260433312,1.5700121236424507,0.36250346313049986,50626,-0.24526482505277514,0.006402391274428999,0.007016038786883488,20.971613997971872,0.00011273569276352161,-5.055073743568313e-08,-0.29999997881776763
28.25281334799729,landing,1,1.5157475471496582,-1.4901916980743408,1.5653014183044434,-0.04002595692873001,0.0038488812278956175,-0.29265183210372925,1.5016117265604916,-1.5033397271228996,1.5636052829947877,0.3620559266681156,50564,-0.25707317498375915,0.006532623598620381,0.007870280239835027,0.043296000512782484,0.00011273569276352161,-5.055073743568313e-08,-0.29999997881776763
28.28777430399714,landing,1,1.514737844467163,-1.4898937940597534,1.5528894662857056,-0.03938273712992668,0.004091873299330473,-0.29147660732269287,1.5016138253328126,-1.5033397280639902,1.5580202580891078,0.36163087204424504,50504,-0.2682883365634563,0.007868810859569449,0.007087867059026769,16.618174999166513,0.00011273569276352161,-5.055073743568313e-08,-0.29999997881776763
28.291055865996896,landing,1,1.514495611190796,-1.4892903566360474,1.547568917274475,-0.03555803373456001,0.006300228647887707,-0.29340025782585144,1.501616069626846,-1.5033397290703325,1.552047986611422,0.36118416824254646,50442,-0.28007471655550376,0.008043708181418521,0.007881491673690904,0.06261999806156382,0.00011273569276352161,-5.055073743568313e-08,-0.29999997881776763
28.329377167996427,landing,1,1.5141627788543701,-1.4889620542526245,1.540069580078125,-0.033494774252176285,0.007305777631700039,-0.2936386168003082,1.5016183653658963,-1.503339730099743,1.5459388152422122,0.36095354399998786,50410,-0.28615978891852833,0.010035176944892523,0.0062523733313238315,17.922114999237237,0.00011273569276352161,-5.055073743568313e-08,-0.29999997881776763
28.331788662999315,landing,1,1.513839840888977,-1.4890097379684448,1.5353440046310425,-0.031349413096904755,0.008223216980695724,-0.2936862111091614,1.5016205849342865,-1.5033397310949985,1.5400323409598125,0.36051429121756995,50348,-0.2977495720957801,0.010272714661280387,0.006962455085400688,0.051402999815763906,0.00011273569276352161,-5.055073743568313e-08,-0.29999997881776763
28.367429351998,landing,1,1.5137475728988647,-1.4882986545562744,1.529927134513855,-0.029621705412864685,0.008560961112380028,-0.29356849193573,1.501622845294171,-1.503339732108545,1.5340173167836617,0.3602230697038994,50308,-0.3054335170475113,0.011408503618329931,0.0059792300598345335,16.271594999125227,0.00011273569276352161,-5.055073743568313e-08,-0.29999997881776763
28.371136796999053,landing,1,1.5137475728988647,-1.4882986545562744,1.529927134513855,-0.02596164681017399,0.009848781861364841,-0.2953323423862457,1.5016250961622732,-1.5033397331178353,1.5280275511075012,0.3597885921236991,50247,-0.3168973054432964,0.011675017181190754,0.006634689014568066,0.06508299702545628,0.00011273569276352161,-5.055073743568313e-08,-0.29999997881776763
28.407546556998568,landing,1,1.5137475728988647,-1.4882986545562744,1.529927134513855,-0.024578167125582695,0.009515157900750637,-0.2958334982395172,1.5016273790191286,-1.5033397341414694,1.5219526604363636,0.359413118597505,50195,-0.3268042586410296,0.012438649785935002,0.004710073803974882,16.174348998902133,0.00011273569276352161,-5.055073743568313e-08,-0.29999997881776763
28.411047672998393,landing,1,1.5137475728988647,-1.4882986545562744,1.529927134513855,-0.02356817200779915,0.009025816805660725,-0.29533034563064575,1.5016295985689176,-1.5033397351367166,1.5160462356530275,0.35898042901894134,50134,-0.3382208702126306,0.012720227562186232,0.005287348693092453,0.05355200119083747,0.00011273569276352161,-5.055073743568313e-08,-0.29999997881776763
28.446705445996486,landing,1,1.5136892795562744,-1.488032341003418,1.5273302793502808,-0.02274797484278679,0.008331231772899628,-0.2943878471851349,1.501631861062776,-1.50333973615122,1.5100255327782606,0.3585619693363606,50076,-0.34926202278732177,0.012491658235187636,0.004887732131498344,15.604762000293704,0.00011273569276352161,-5.055073743568313e-08,-0.29999997881776763
28.451096625998616,landing,1,1.513337254524231,-1.4864490032196045,1.499350666999817,-0.020111363381147385,0.007882894016802311,-0.2865159511566162,1.5016341096690624,-1.503339737159496,1.5040417860000956,0.3581296863262536,50015,-0.3606679069590104,0.012758660379917441,0.005437095836309868,0.06638999911956489,0.00011273569276352161,-5.055073743568313e-08,-0.29999997881776763
28.487341651998577,landing,1,1.5133683681488037,-1.485695481300354,1.4913902282714844,-0.018816806375980377,0.006769618485122919,-0.28682941198349,1.5016364077480546,-1.5033397381899558,1.4979263878322384,0.3580653476918558,50006,-0.36236549625710524,0.013304489853313511,0.0038902234618990103,15.865990997554036,0.00011273569276352161,-5.055073743568313e-08,-0.29999997881776763
28.49110406499676,landing,1,1.5133763551712036,-1.4854272603988647,1.4863300323486328,-0.013037948869168758,0.00858900137245655,-0.29537373781204224,1.5016386215610622,-1.5033397391826304,1.4920352291488608,0.3576430091243354,49947,-0.37350899408086136,0.013579027871791051,0.004382932137542359,0.062491999415215105,0.00011273569276352161,-5.055073743568313e-08,-0.29999997881776763
28.5265952439986,landing,1,1.513597846031189,-1.4849125146865845,1.4782794713974,-0.01097340602427721,0.00775424437597394,-0.2983800768852234,1.5016408819529634,-1.5033397401961912,1.4860201197730714,0.35781843310026384,49972,-0.3688803931328817,0.014870401519804422,2.1400983169455115e-05,15.429409002535976,0.00011273569276352161,-5.055073743568313e-08,-0.29999997881776763
28.53112081799918,landing,1,1.513647437095642,-1.4847904443740845,1.4731230735778809,-0.007061544805765152,0.008213819935917854,-0.30678102374076843,1.5016431328047195,-1.5033397412054743,1.4800303975954927,0.35741142177744734,49915,-0.37961947816761743,0.0151710122467316,0.0003896419708636712,0.053593001211993396,0.00011273569276352161,-5.055073743568313e-08,-0.29999997881776763
28.568501110999932,landing,1,1.51384437084198,-1.4844053983688354,1.4675216674804688,-0.0046215965412557125,0.007876587100327015,-0.31358158588409424,1.5016453948009625,-1.5033397422197545,1.4740110189205435,0.35810449375133124,50012,-0.36133261869838584,0.015510278577327473,-0.0036835030897619772,17.309676000877516,0.00011273569276352161,-5.055073743568313e-08,-0.29999997881776763
28.572117313997296,landing,1,1.5140457153320312,-1.4839857816696167,1.4596000909805298,-0.003228053916245699,0.007064819801598787,-0.31735697388648987,1.501647690240812,-1.5033397432490307,1.4679026437524072,0.35810449375133124,50012,-0.36133261869838584,0.015510278577327473,-0.0036835030897619772,0.07115499829524197,0.00011273569276352161,-5.055073743568313e-08,-0.29999997881776763
28.606456191999314,landing,1,1.5141921043395996,-1.4834375381469727,1.4540356397628784,-0.001963257323950529,0.006229884456843138,-0.31921279430389404,1.501649918844517,-1.5033397442483376,1.4619721256714102,0.35852878628970436,50071,-0.3501375649154532,0.015016512974306923,-0.005527841381394216,15.115959002287127,0.00011273569276352161,-5.055073743568313e-08,-0.29999997881776763
28.611311737997312,landing,1,1.5143930912017822,-1.483222484588623,1.4459477663040161,-0.00034188429708592594,0.00578653160482645,-0.32284632325172424,1.501652155157878,-1.5033397452511017,1.4560210914912313,0.35852878628970436,50071,-0.3501375649154532,0.015016512974306923,-0.005527841381394216,0.0844509995658882,0.00011273569276352161,-5.055073743568313e-08,-0.29999997881776763
28.65345860499656,landing,1,1.514591097831726,-1.4831418991088867,1.4404575824737549,0.0008898962987586856,0.00479458412155509,-0.3262101113796234,1.501654419226203,-1.503339746266311,1.4499961988165948,0.3589997143864978,50137,-0.3377120214644389,0.014286914388063279,-0.00750409197545665,22.1732450008858,0.00011273569276352161,-5.055073743568313e-08,-0.29999997881776763
28.655369945998245,landing,1,1.514591097831726,-1.4831418991088867,1.4404575824737549,0.002414030022919178,0.003997574560344219,-0.33214548230171204,1.5016569968375166,-1.503339747422113,1.4431369396009872,0.3589997143864978,50137,-0.3377120214644389,0.014286914388063279,-0.00750409197545665,0.10122800085810013,0.00011273569276352161,-5.055073743568313e-08,-0.29999997881776763
28.69296464099898,landing,1,1.5151056051254272,-1.4826864004135132,1.4262804985046387,0.00268691242672503,0.00203914986923337,-0.3336832821369171,1.501658917277304,-1.5033397482832391,1.438026473861374,0.3594969728143854,50206,-0.3245917463222856,0.012826195179088052,-0.008890952621920004,21.829500001331326,0.00011273569276352161,-5.055073743568313e-08,-0.29999997881776763
28.693977509999968,landing,1,1.5151056051254272,-1.4826864004135132,1.4262804985046387,0.004662573337554932,0.0015829444164410233,-0.3342974781990051,1.5016614836596918,-1.5033397494340062,1.4311970958436093,0.3594969728143854,50206,-0.3245917463222856,0.012826195179088052,-0.008890952621920004,0.09198699990520254,0.00011273569276352161,-5.055073743568313e-08,-0.29999997881776763
28.7257060669981,landing,1,1.515677809715271,-1.4823426008224487,1.4118623733520508,0.004247559700161219,-0.00067810999462381,-0.3368071913719177,1.501663427930564,-1.5033397503058181,1.4260232134094244,0.3598545118975898,50256,-0.31515799742507156,0.011334576937355826,-0.010163053797662297,14.583432999643264,0.00011273569276352161,-5.055073743568313e-08,-0.29999997881776763
28.731101204997685,landing,1,1.5159116983413696,-1.4823683500289917,1.4062511920928955,0.004683738108724356,-0.0016965150134637952,-0.3391818106174469,1.5016656770690755,-1.503339751314333,1.420038050332013,0.3598545118975898,50256,-0.31515799742507156,0.011334576937355826,-0.010163053797662297,0.06436499825213104,0.00011273569276352161,-5.055073743568313e-08,-0.29999997881776763
28.768893048996688,landing,1,1.5160081386566162,-1.4820919036865234,1.4004255533218384,0.004385439679026604,-0.0030114557594060898,-0.3441118597984314,1.5016679526875103,-1.5033397523347214,1.413982421759765,0.36029789571780496,50318,-0.30345921588905256,0.010026186922465836,-0.010428472087403745,17.604519001906738,0.00011273569276352161,-5.055073743568313e-08,-0.29999997881776763
28.77245221499834,landing,1,1.516266942024231,-1.4821631908416748,1.3912756443023682,0.0035194281954318285,-0.004424021113663912,-0.3460392951965332,1.5016702499664174,-1.5033397533648223,1.4078691526912057,0.36029789571780496,50318,-0.30345921588905256,0.010026186922465836,-0.010428472087403745,0.05464400237542577,0.00011273569276352161,-5.055073743568313e-08,-0.29999997881776763
28.807416668998485,landing,1,1.516402006149292,-1.4820595979690552,1.385404109954834,0.001985524781048298,-0.006347991526126862,-0.34833088517189026,1.501672464099369,-1.5033397543576406,1.4019771426073422,0.3607022452288247,50375,-0.2927903633555502,0.007990351058054597,-0.009170080766043821,16.103072000987595,0.00011273569276352161,-5.055073743568313e-08,-0.29999997881776763
28.811065923997376,landing,1,1.5166573524475098,-1.4820690155029297,1.376305103302002,0.0019050707342103124,-0.006677140481770039,-0.3505411446094513,1.5016746942066301,-1.5033397553576218,1.3960426234262404,0.3607022452288247,50375,-0.2927903633555502,0.007990351058054597,-0.009170080766043821,0.05206700006965548,0.00011273569276352161,-5.055073743568313e-08,-0.29999997881776763
28.84728720399653,landing,1,1.5168534517288208,-1.4820605516433716,1.3706120252609253,0.00026006120606325567,-0.008523210883140564,-0.3502965271472931,1.5016769690465122,-1.503339756377661,1.3899890666540369,0.3610279452756374,50420,-0.28419669457421115,0.006644674601074107,-0.008351813328101167,16.018244001315907,0.00011273569276352161,-5.055073743568313e-08,-0.29999997881776763
28.85166618799849,landing,1,1.5169353485107422,-1.4819536209106445,1.3644007444381714,-3.2310788810718805e-05,-0.008899777196347713,-0.3543030619621277,1.5016792170338797,-1.5033397573856595,1.3840069668760728,0.3610279452756374,50420,-0.28419669457421115,0.006644674601074107,-0.008351813328101167,0.11997299952781759,0.00011273569276352161,-5.055073743568313e-08,-0.29999997881776763
28.886573040999792,landing,1,1.5170435905456543,-1.482161045074463,1.3552435636520386,-0.001718461629934609,-0.010448086075484753,-0.3547680377960205,1.5016814685791857,-1.5033397583952535,1.3780153990984974,0.36144667681878256,50479,-0.27314836889755867,0.005401772405580104,-0.007240182753690743,15.41229099893826,0.00011273569276352161,-5.055073743568313e-08,-0.29999997881776763
28.89106420799726,landing,1,1.5171606540679932,-1.4820407629013062,1.349019169807434,-0.0030847189482301474,-0.011266283690929413,-0.35619786381721497,1.5016837121956776,-1.5033397594012923,1.3720449306204436,0.36144667681878256,50479,-0.27314836889755867,0.005401772405580104,-0.007240182753690743,0.05437999789137393,0.00011273569276352161,-5.055073743568313e-08,-0.29999997881776763
28.925032516999636,landing,1,1.5172232389450073,-1.4820035696029663,1.3396406173706055,-0.004796875175088644,-0.012069639749825,-0.3579997420310974,1.501685975701564,-1.5033397604162493,1.3660215346458346,0.3618285685866035,50532,-0.2630720689550543,0.004485690325312999,-0.00545142066817505,13.89552000182448,0.00011273569276352161,-5.055073743568313e-08,-0.29999997881776763
28.931061250998027,landing,1,1.5171195268630981,-1.4824059009552002,1.3340269327163696,-0.006923475302755833,-0.013058312237262726,-0.35954293608665466,1.5016882195100445,-1.503339761422374,1.3600505552678994,0.3618285685866035,50532,-0.2630720689550543,0.004485690325312999,-0.00545142066817505,0.06112000119173899,0.00011273569276352161,-5.055073743568313e-08,-0.29999997881776763
28.96720832199935,landing,1,1.517153263092041,-1.4822598695755005,1.3275258541107178,-0.008830464445054531,-0.013727236539125443,-0.3621092736721039,1.5016904873144303,-1.5033397624392586,1.354015720593786,0.3621781279768353,50581,-0.25384886604656387,0.0033314150200391543,-0.0029469743381705564,16.040660000726348,0.00011273569276352161,-5.055073743568313e-08,-0.29999997881776763
28.971063369997864,landing,1,1.5170773267745972,-1.4823940992355347,1.3183238506317139,-0.01092379167675972,-0.014538650400936604,-0.3628292977809906,1.5016927321721423,-1.5033397634458538,1.3480419491156983,0.3621781279768353,50581,-0.25384886604656387,0.0033314150200391543,-0.0029469743381705564,0.04885099770035595,0.00011273569276352161,-5.055073743568313e-08,-0.29999997881776763
29.005005357998016,landing,1,1.5170141458511353,-1.4823905229568481,1.3120611906051636,-0.013418124988675117,-0.015830600634217262,-0.3611558675765991,1.5016950087975323,-1.5033397644666937,1.3419836409430557,0.36241896458830125,50614,-0.24749433803954624,0.001970418144897986,-6.62777520934868e-05,13.736180997511838,0.00011273569276352161,-5.055073743568313e-08,-0.29999997881776763
29.011057105999498,landing,1,1.5167540311813354,-1.482553482055664,1.3028985261917114,-0.014198494143784046,-0.015258021652698517,-0.3631255030632019,1.5016972405785802,-1.5033397654674254,1.3360446676625786,0.36241896458830125,50614,-0.24749433803954624,0.001970418144897986,-6.62777520934868e-05,0.05477699960465543,0.00011273569276352161,-5.055073743568313e-08,-0.29999997881776763
29.043903249999858,landing,1,1.5167272090911865,-1.4826637506484985,1.2966276407241821,-0.01559765636920929,-0.01544818002730608,-0.362915575504303,1.5016995146529868,-1.5033397664871215,1.329993147890244,0.36274899876919037,50661,-0.23878631215856672,0.0020447192213273713,0.0014296308258931504,12.67070899848477,0.00011273569276352161,-5.055073743568313e-08,-0.29999997881776763
29.05109216799974,landing,1,1.5166358947753906,-1.4825658798217773,1.2904036045074463,-0.016675883904099464,-0.015389975160360336,-0.3646440804004669,1.5017017510918227,-1.5033397674899416,1.324041779810209,0.36274899876919037,50661,-0.23878631215856672,0.0020447192213273713,0.0014296308258931504,0.05798900019726716,0.00011273569276352161,-5.055073743568313e-08,-0.29999997881776763
29.084977060996607,landing,1,1.5163809061050415,-1.4827340841293335,1.2810019254684448,-0.017801521345973015,-0.015500308014452457,-0.3652525842189789,1.501704016559761,-1.5033397685057786,1.31801316263607,0.3631015988311018,50710,-0.22948288044586285,0.00196991245100117,0.0029641934264915256,13.815049002005253,0.00011273569276352161,-5.055073743568313e-08,-0.29999997881776763
29.091063998999743,landing,1,1.5163196325302124,-1.4826345443725586,1.2747201919555664,-0.01862996257841587,-0.015252473764121532,-0.36878469586372375,1.5017062591290513,-1.5033397695113477,1.3120454808568616,0.3631015988311018,50710,-0.22948288044586285,0.00196991245100117,0.0029641934264915256,0.05351099753170274,0.00011273569276352161,-5.055073743568313e-08,-0.29999997881776763
29.124272047996783,landing,1,1.5160768032073975,-1.4826128482818604,1.2684890031814575,-0.019477030262351036,-0.015252165496349335,-0.367851197719574,1.5017085987459606,-1.503339770560433,1.3058195464960727,0.3634081188845242,50753,-0.22139528009171094,0.0021826181340541505,0.004154050177380432,12.463004000892397,0.00011273569276352161,-5.055073743568313e-08,-0.29999997881776763
29.131153168997116,landing,1,1.5158787965774536,-1.482724905014038,1.2590420246124268,-0.02022591419517994,-0.015256759710609913,-0.36727437376976013,1.501710774467494,-1.5033397715360275,1.300029752705721,0.3634081188845242,50753,-0.22139528009171094,0.0021826181340541505,0.004154050177380432,0.06507199941552244,0.00011273569276352161,-5.055073743568313e-08,-0.29999997881776763
29.17104040599952,landing,1,1.5157078504562378,-1.4827781915664673,1.2529021501541138,-0.020407013595104218,-0.014798462390899658,-0.3670724034309387,1.5017130435285446,-1.5033397725534756,1.293991573931875,0.3636568519870103,50787,-0.2148324013981462,0.0023697537599450024,0.004923549988618548,19.795031999819912,0.00011273569276352161,-5.055073743568313e-08,-0.29999997881776763
29.171449515997665,landing,1,1.5157078504562378,-1.4827781915664673,1.2529021501541138,-0.02063572034239769,-0.014821004122495651,-0.36739638447761536,1.5017153260629759,-1.5033397735769651,1.28791754126088,0.3636568519870103,50787,-0.2148324013981462,0.0023697537599450024,0.004923549988618548,0.03545499930623919,0.00011273569276352161,-5.055073743568313e-08,-0.29999997881776763
29.208252048996656,landing,1,1.5152946710586548,-1.4828473329544067,1.2371923923492432,-0.0212741456925869,-0.015553942881524563,-0.36894333362579346,1.5017175751025054,-1.5033397745854356,1.2819326415836656,0.36399543436385723,50835,-0.2058988294496782,0.0018719651419875742,0.005674887056054866,16.784686002210947,0.00011273569276352161,-5.055073743568313e-08,-0.29999997881776763
29.21166441099922,landing,1,1.5150071382522583,-1.482924461364746,1.2278112173080444,-0.019991226494312286,-0.014015771448612213,-0.3675945997238159,1.5017197932301336,-1.5033397755800448,1.276030001300285,0.36399543436385723,50835,-0.2058988294496782,0.0018719651419875742,0.005674887056054866,0.0532810008735396,0.00011273569276352161,-5.055073743568313e-08,-0.29999997881776763
29.246347117998084,landing,1,1.514859676361084,-1.482917070388794,1.2215800285339355,-0.02039962448179722,-0.014448430389165878,-0.3660601079463959,1.5017220511241502,-1.5033397765924856,1.270021539024262,0.36417498964679434,50860,-0.20116122303972794,0.0024991278530981102,0.0053858282782655335,15.194296996924095,0.00011273569276352161,-5.055073743568313e-08,-0.29999997881776763
29.251143606998085,landing,1,1.5147252082824707,-1.4829597473144531,1.2154020071029663,-0.019207069650292397,-0.012988821603357792,-0.36699169874191284,1.5017243016103043,-1.5033397776016046,1.2640327897465575,0.36417498964679434,50860,-0.20116122303972794,0.0024991278530981102,0.0053858282782655335,0.07571600144729018,0.00011273569276352161,-5.055073743568313e-08,-0.29999997881776763
29.287246276999213,landing,1,1.514422059059143,-1.4830306768417358,1.2060599327087402,-0.018772250041365623,-0.012735842727124691,-0.3656992018222809,1.5017265591694957,-1.5033397786138953,1.2580252184711442,0.36443629252416776,50896,-0.19426668801668256,0.0034742724723311807,0.004636956106980519,16.09633699990809,0.00011273569276352161,-5.055073743568313e-08,-0.29999997881776763
29.29124050599785,landing,1,1.5143457651138306,-1.4829708337783813,1.1997193098068237,-0.01814884878695011,-0.012442374601960182,-0.3672742247581482,1.5017288136204514,-1.5033397796247923,1.2520259184943041,0.36443629252416776,50896,-0.19426668801668256,0.0034742724723311807,0.004636956106980519,0.10546299745328724,0.00011273569276352161,-5.055073743568313e-08,-0.29999997881776763
29.32780180699774,landing,1,1.5141178369522095,-1.4831079244613647,1.1904851198196411,-0.01800062507390976,-0.01288820244371891,-0.3659561574459076,1.5017311206529123,-1.5033397806592665,1.2458866943285325,0.3647190796405136,50936,-0.18680528652998518,0.0033417839283792668,0.004331999597087647,16.179345999262296,0.00011273569276352161,-5.055073743568313e-08,-0.29999997881776763
29.331072700999357,landing,1,1.5139352083206177,-1.4831427335739136,1.1842563152313232,-0.017185028642416,-0.012697964906692505,-0.36660316586494446,1.5017333182183392,-1.5033397816446559,1.2400387719411996,0.3647190796405136,50936,-0.18680528652998518,0.0033417839283792668,0.004331999597087647,0.043959000322502106,0.00011273569276352161,-5.055073743568313e-08,-0.29999997881776763
29.36941653499889,landing,1,1.5138272047042847,-1.4830728769302368,1.1779677867889404,-0.016978971660137177,-0.01342388428747654,-0.36379364132881165,1.5017356062674627,-1.5033397826706183,1.233950064170776,0.3648679999968125,50957,-0.1828759895300145,0.0030341154937430525,0.003871241343118205,18.015785000898177,0.00011273569276352161,-5.055073743568313e-08,-0.29999997881776763
29.37171827399652,landing,1,1.5136172771453857,-1.4831621646881104,1.17179536819458,-0.015948254615068436,-0.013071060180664062,-0.3641623556613922,1.5017378300674997,-1.5033397836677713,1.2280323290892965,0.3648679999968125,50957,-0.1828759895300145,0.0030341154937430525,0.003871241343118205,0.07619000098202378,0.00011273569276352161,-5.055073743568313e-08,-0.29999997881776763
29.40844210299838,landing,1,1.513445496559143,-1.4830437898635864,1.1624338626861572,-0.016231682151556015,-0.014337227679789066,-0.3625119626522064,1.501740102538805,-1.5033397846867484,1.2219850753157477,0.36509902361988905,50989,-0.1767803794224534,0.0024952806765255416,0.003623516101982495,17.12180799950147,0.00011273569276352161,-5.055073743568313e-08,-0.29999997881776763
29.411830577999353,landing,1,1.5132217407226562,-1.4832699298858643,1.1531388759613037,-0.015154552645981312,-0.013631449081003666,-0.3623700439929962,1.5017423537062211,-1.503339785696173,1.2159945131383805,0.36509902361988905,50989,-0.1767803794224534,0.0024952806765255416,0.003623516101982495,0.039602000470040366,0.00011273569276352161,-5.055073743568313e-08,-0.29999997881776763
29.45076651299678,landing,1,1.5131354331970215,-1.4832582473754883,1.1468802690505981,-0.0156527329236269,-0.015011671930551529,-0.361343115568161,1.5017446154790217,-1.503339786710353,1.2099757290633768,0.3653342106478165,51022,-0.17057491694415639,0.001969584906453053,0.0034414800697385615,19.456504000118002,0.00011273569276352161,-5.055073743568313e-08,-0.29999997881776763
29.451522668998223,landing,1,1.5131354331970215,-1.4832582473754883,1.1468802690505981,-0.014830228872597218,-0.01454197894781828,-0.3609635829925537,1.5017468722490632,-1.5033397877222896,1.203970257787435,0.3653342106478165,51022,-0.17057491694415639,0.001969584906453053,0.0034414800697385615,0.07261399878188968,0.00011273569276352161,-5.055073743568313e-08,-0.29999997881776763
29.487378761998116,landing,1,1.512776494026184,-1.4833768606185913,1.1314213275909424,-0.015318826772272587,-0.015941012650728226,-0.36002248525619507,1.5017491128806522,-1.50333978872699,1.1980077324084468,0.36556271124500067,51054,-0.16454587744061655,0.00133917949074827,0.0034331114423497146,16.16123699932359,0.00011273569276352161,-5.055073743568313e-08,-0.29999997881776763
29.491144368999812,landing,1,1.5125946998596191,-1.4834377765655518,1.1251531839370728,-0.014586507342755795,-0.015563013032078743,-0.3577685058116913,1.5017513596724574,-1.5033397897344525,1.192028814131128,0.36556271124500067,51054,-0.16454587744061655,0.00133917949074827,0.0034331114423497146,0.05971300197415985,0.00011273569276352161,-5.055073743568313e-08,-0.29999997881776763
29.526399505997688,landing,1,1.512389063835144,-1.4835792779922485,1.115947961807251,-0.014799006283283234,-0.016540490090847015,-0.3575703799724579,1.5017537164540522,-1.5033397907912345,1.1857572029742185,0.36575400162521393,51080,-0.15949863785715301,0.0008641496816075527,0.0033298110575803734,14.348216998769203,0.00011273569276352161,-5.055073743568313e-08,-0.29999997881776763
29.53119252599936,landing,1,1.5122473239898682,-1.483476161956787,1.1095268726348877,-0.014279440976679325,-0.016239438205957413,-0.3582383692264557,1.5017558751834987,-1.5033397917592097,1.180012626679011,0.36575400162521393,51080,-0.15949863785715301,0.0008641496816075527,0.0033298110575803734,0.05926500307396054,0.00011273569276352161,-5.055073743568313e-08,-0.29999997881776763
29.566393162996974,landing,1,1.5120410919189453,-1.483615517616272,1.1034590005874634,-0.014180389232933521,-0.016383182257413864,-0.35789862275123596,1.5017581406464766,-1.5033397927750445,1.1739840227052767,0.3659848045438734,51112,-0.15340885108513547,0.0009338409110655494,0.0031455997744715253,15.093727000930812,0.00011273569276352161,-5.055073743568313e-08,-0.29999997881776763
29.571014499997545,landing,1,1.5117989778518677,-1.4837849140167236,1.0942926406860352,-0.014387354254722595,-0.016894474625587463,-0.3578750491142273,1.5017603699323459,-1.5033397937746573,1.1680516893235513,0.3659848045438734,51112,-0.15340885108513547,0.0009338409110655494,0.0031455997744715253,0.039009999454719946,0.00011273569276352161,-5.055073743568313e-08,-0.29999997881776763
29.609664221999992,landing,1,1.5115845203399658,-1.4837690591812134,1.0879844427108765,-0.015006300993263721,-0.01816580444574356,-0.35594359040260315,1.501762635877607,-1.5033397947907081,1.1620218019495652,0.3661925595954018,51142,-0.14792718745641764,-0.0002217261727536646,0.003888228230461674,18.519265999202617,0.00011273569276352161,-5.055073743568313e-08,-0.29999997881776763
29.612494497996522,landing,1,1.511470913887024,-1.483832836151123,1.081838607788086,-0.014548457227647305,-0.01722034253180027,-0.3567788302898407,1.5017649366654127,-1.5033397958223824,1.1558991953815054,0.3661925595954018,51142,-0.14792718745641764,-0.0002217261727536646,0.003888228230461674,0.08399999933317304,0.00011273569276352161,-5.055073743568313e-08,-0.29999997881776763
29.64868918099819,landing,1,1.5112022161483765,-1.4839215278625488,1.0725969076156616,-0.014940878376364708,-0.018233096227049828,-0.3550928235054016,1.5017671517177238,-1.503339796815613,1.150004738798176,0.36643533603100986,51175,-0.14152147675435778,-0.0003513224677679215,0.004059998269825619,17.50382099999115,0.00011273569276352161,-5.055073743568313e-08,-0.29999997881776763
29.65112654099721,landing,1,1.5109812021255493,-1.4839340448379517,1.066382884979248,-0.014234412461519241,-0.016894057393074036,-0.35621029138565063,1.501769394055229,-1.503339797821078,1.1440376738200406,0.36643533603100986,51175,-0.14152147675435778,-0.0003513224677679215,0.004059998269825619,0.04285199975129217,0.00011273569276352161,-5.055073743568313e-08,-0.29999997881776763
29.684786379999423,landing,1,1.51069974899292,-1.4841135740280151,1.0572807788848877,-0.01445312425494194,-0.017756031826138496,-0.354692280292511,1.5017716585784426,-1.5033397988364914,1.1380115706447853,0.3666917896623224,51211,-0.13475489017619147,-0.00016958193339869777,0.00403794631547018,13.627174997964175,0.00011273569276352161,-5.055073743568313e-08,-0.29999997881776763
29.691034399998898,landing,1,1.5104880332946777,-1.4841015338897705,1.051160216331482,-0.014011867344379425,-0.016788532957434654,-0.3551621437072754,1.5017738983501965,-1.503339799840806,1.1320513333658577,0.3666917896623224,51211,-0.13475489017619147,-0.00016958193339869777,0.00403794631547018,0.0484569973195903,0.00011273569276352161,-5.055073743568313e-08,-0.29999997881776763
29.72498571399774,landing,1,1.5103257894515991,-1.48418128490448,1.045076608657837,-0.01388777419924736,-0.01629749685525894,-0.355140745639801,1.5017761706730286,-1.5033398008597167,1.1260044746931506,0.36692161564774267,51243,-0.12869088000679163,0.000668920233004003,0.003901514571579682,13.759168999968097,0.00011273569276352161,-5.055073743568313e-08,-0.29999997881776763
29.731107197996607,landing,1,1.5099773406982422,-1.484238624572754,1.0360021591186523,-0.013995119370520115,-0.016180584207177162,-0.35406726598739624,1.501778413035336,-1.5033398018651931,1.1200373437140807,0.36692161564774267,51243,-0.12869088000679163,0.000668920233004003,0.003901514571579682,0.06166700040921569,0.00011273569276352161,-5.055073743568313e-08,-0.29999997881776763
29.767728689999785,landing,1,1.5098071098327637,-1.4842742681503296,1.0299651622772217,-0.013983210548758507,-0.015471586026251316,-0.3525944948196411,1.5017806821587292,-1.503339802882669,1.1139989990407733,0.36710340815271936,51269,-0.12389424399157534,0.0011183146293817657,0.004237340240387176,16.509916000359226,0.00011273569276352161,-5.055073743568313e-08,-0.29999997881776763
29.77107943699957,landing,1,1.5095051527023315,-1.4843419790267944,1.0209431648254395,-0.014088829047977924,-0.015317432582378387,-0.35274556279182434,1.5017829223179557,-1.5033398038871575,1.108037730661227,0.36710340815271936,51269,-0.12389424399157534,0.0011183146293817657,0.004237340240387176,0.04783799886354245,0.00011273569276352161,-5.055073743568313e-08,-0.29999997881776763
29.808099634999962,landing,1,1.5092530250549316,-1.4844591617584229,1.0150490999221802,-0.014288520440459251,-0.016000058501958847,-0.3508707582950592,1.5017852027030811,-1.5033398049096833,1.1019694174895052,0.3673089672444595,51297,-0.11847052125436797,0.0007034327025284795,0.004721493046743709,16.756418997829314,0.00011273569276352161,-5.055073743568313e-08,-0.29999997881776763
29.811313852998865,landing,1,1.5090322494506836,-1.4844005107879639,1.0059127807617188,-0.01371239684522152,-0.01430483441799879,-0.3505634069442749,1.5017874345719502,-1.5033398059104544,1.096030210508924,0.3673089672444595,51297,-0.11847052125436797,0.0007034327025284795,0.004721493046743709,0.04493800224736333,0.00011273569276352161,-5.055073743568313e-08,-0.29999997881776763
29.845298904998344,landing,1,1.5088112354278564,-1.4843891859054565,0.9999650120735168,-0.01335185393691063,-0.014181693084537983,-0.34810858964920044,1.5017897016091692,-1.5033398069269948,1.0899974173355869,0.36748312316069454,51322,-0.1138753783457922,0.0018263992927622212,0.004402302990467642,14.085524999245536,0.00011273569276352161,-5.055073743568313e-08,-0.29999997881776763
29.851115993998974,landing,1,1.5087034702301025,-1.4843651056289673,0.9939360618591309,-0.012664993293583393,-0.012757371179759502,-0.3507862687110901,1.5017919419403178,-1.5033398079315603,1.0840356914558633,0.36748312316069454,51322,-0.1138753783457922,0.0018263992927622212,0.004402302990467642,0.060185000620549545,0.00011273569276352161,-5.055073743568313e-08,-0.29999997881776763
29.88746588599679,landing,1,1.5084425210952759,-1.484362244606018,0.9880114793777466,-0.01204346027225256,-0.01197538897395134,-0.34970423579216003,1.5017942242484885,-1.5033398089549483,1.0779622608848702,0.367746448827774,51359,-0.10692747156269178,0.0031681509403471433,0.00381528222846559,16.120440002850955,0.00011273569276352161,-5.055073743568313e-08,-0.29999997881776763
29.891098573996715,landing,1,1.5082464218139648,-1.4843029975891113,0.9791520833969116,-0.011465117335319519,-0.01116231456398964,-0.34985193610191345,1.5017964508164126,-1.5033398099533426,1.072037160203225,0.367746448827774,51359,-0.10692747156269178,0.0031681509403471433,0.00381528222846559,0.05830499867442995,0.00011273569276352161,-5.055073743568313e-08,-0.29999997881776763
29.927415663998545,landing,1,1.50801420211792,-1.4842078685760498,0.9702602624893188,-0.011007921770215034,-0.011167539283633232,-0.3488350808620453,1.5017987478470758,-1.5033398109833322,1.0659245517344542,0.36803022755733333,51398,-0.09943990613896325,0.003738951782886638,0.0034215392028625466,15.917982000246411,0.00011273569276352161,-5.055073743568313e-08,-0.29999997881776763
29.931257112999447,landing,1,1.507883906364441,-1.4840940237045288,0.9643112421035767,-0.0100348349660635,-0.008774688467383385,-0.34804242849349976,1.5018009771469236,-1.5033398119829513,1.0599921811536703,0.36803022755733333,51398,-0.09943990613896325,0.003738951782886638,0.0034215392028625466,0.05775200042990036,0.00011273569276352161,-5.055073743568313e-08,-0.29999997881776763
29.968322698998236,landing,1,1.5077115297317505,-1.4839951992034912,0.9583688974380493,-0.00939270667731762,-0.008267154917120934,-0.3478492200374603,1.5018032331740367,-1.5033398129945548,1.0539886868782362,0.3682071007261409,51423,-0.09477306791185214,0.005591143881689946,0.0026172690708738677,17.06775899947388,0.00011273569276352161,-5.055073743568313e-08,-0.29999997881776763
29.971493521999946,landing,1,1.5075533390045166,-1.4838619232177734,0.949553370475769,-0.008534449152648449,-0.00643959129229188,-0.3484898805618286,1.5018054670576058,-1.5033398139962293,1.0480441185970242,0.3682071007261409,51423,-0.09477306791185214,0.005591143881689946,0.0026172690708738677,0.07016500239842571,0.00011273569276352161,-5.055073743568313e-08,-0.29999997881776763
30.005929918999755,landing,1,1.5074304342269897,-1.4836928844451904,0.943784236907959,-0.007963642477989197,-0.006476863753050566,-0.34828007221221924,1.5018077386665953,-1.5033398150148198,1.0419991595242841,0.36847813920201067,51461,-0.08762165693903334,0.006830593985290253,0.0019095423501430692,14.714386998093687,0.00011273569276352161,-5.055073743568313e-08,-0.29999997881776763
30.011641703997157,landing,1,1.5072702169418335,-1.4834699630737305,0.9349923133850098,-0.007195174694061279,-0.004456148948520422,-0.3496078848838806,1.5018100231171954,-1.5033398160391684,1.035920027753414,0.36847813920201067,51461,-0.08762165693903334,0.006830593985290253,0.0019095423501430692,0.14564500088454224,0.00011273569276352161,-5.055073743568313e-08,-0.29999997881776763
30.048278190999554,landing,1,1.5071896314620972,-1.4832838773727417,0.9291234612464905,-0.00675700418651104,-0.004665906075388193,-0.3486747741699219,1.5018122556312505,-1.503339817040229,1.0299791038732393,0.36874941039494397,51499,-0.08046410567430229,0.008135317389744367,0.0013145453542465196,17.00368100136984,0.00011273569276352161,-5.055073743568313e-08,-0.29999997881776763
30.05106555799648,landing,1,1.507082223892212,-1.483079433441162,0.9232111573219299,-0.0061504049226641655,-0.003159512998536229,-0.34738120436668396,1.5018144890524903,-1.503339818041696,1.0240357658927084,0.36874941039494397,51499,-0.08046410567430229,0.008135317389744367,0.0013145453542465196,0.03615899913711473,0.00011273569276352161,-5.055073743568313e-08,-0.29999997881776763
30.08522995599924,landing,1,1.5069963932037354,-1.4828627109527588,0.9145812392234802,-0.0056381262838840485,-0.00293069239705801,-0.34575021266937256,1.501816777948597,-1.503339819068038,1.0179448042221324,0.3689087108121304,51521,-0.07626092843983301,0.009403805959178183,0.0007479343305119544,13.82994800223969,0.00011273569276352161,-5.055073743568313e-08,-0.29999997881776763
30.091138930998568,landing,1,1.506995677947998,-1.4826480150222778,0.9088364243507385,-0.004928251262754202,-0.0013697074027732015,-0.344113826751709,1.5018190017843709,-1.503339820065207,1.0120269740409835,0.3689087108121304,51521,-0.07626092843983301,0.009403805959178183,0.0007479343305119544,0.058834000810747966,0.00011273569276352161,-5.055073743568313e-08,-0.29999997881776763
30.12794504899648,landing,1,1.5068857669830322,-1.482413649559021,0.9001885056495667,-0.004125488921999931,-0.0002804815012495965,-0.3414020836353302,1.5018213432625467,-1.503339821115127,1.0057960866808102,0.36901816054677833,51536,-0.07337307264437243,0.011233867706903744,-9.754678725942786e-05,16.018506001273636,0.00011273569276352161,-5.055073743568313e-08,-0.29999997881776763
30.131206178997672,landing,1,1.5068398714065552,-1.4821650981903076,0.8944535255432129,-0.0033294507302343845,0.00037734521902166307,-0.3390893340110779,1.5018235106435556,-1.5033398220869816,1.0000284877875936,0.36901816054677833,51536,-0.07337307264437243,0.011233867706903744,-9.754678725942786e-05,0.08276900189230219,0.00011273569276352161,-5.055073743568313e-08,-0.29999997881776763
30.165041567997832,landing,1,1.5068345069885254,-1.4820361137390137,0.8887348771095276,-0.002597858663648367,0.0004947904380969703,-0.3362135589122772,1.5018257753884072,-1.5033398231024944,0.994001794813433,0.36904804211439096,51540,-0.07258464078124227,0.01191137776685133,-0.0009856261377719831,13.826762999087805,0.00011273569276352161,-5.055073743568313e-08,-0.29999997881776763
30.171116355999402,landing,1,1.5068233013153076,-1.4816340208053589,0.8801742792129517,-0.0018106165807694197,0.0016704091103747487,-0.33576440811157227,1.5018280177415833,-1.5033398241079665,0.9880346881342409,0.36904804211439096,51540,-0.07258464078124227,0.01191137776685133,-0.0009856261377719831,0.05891100227017887,0.00011273569276352161,-5.055073743568313e-08,-0.29999997881776763
30.207407850997697,landing,1,1.506834626197815,-1.4814906120300293,0.8745138645172119,-0.0012169298715889454,0.0009402696159668267,-0.33441367745399475,1.501830286971286,-1.5033398251254901,0.9819960605608075,0.3692387103731304,51567,-0.06755381601239208,0.012468654473669571,-0.0018134274139858721,16.18687700101873,0.00011273569276352161,-5.055073743568313e-08,-0.29999997881776763
30.21126804300002,landing,1,1.5068860054016113,-1.4811371564865112,0.8660179376602173,-0.000563835899811238,0.0019216162618249655,-0.3335903584957123,1.5018325276142614,-1.5033398261301956,0.9760335048814597,0.3692387103731304,51567,-0.06755381601239208,0.012468654473669571,-0.0018134274139858721,0.05763100125477649,0.00011273569276352161,-5.055073743568313e-08,-0.29999997881776763
30.24664874699738,landing,1,1.5068429708480835,-1.4810181856155396,0.8605511784553528,-0.0003315436188131571,0.000602519023232162,-0.32987990975379944,1.5018347988763636,-1.5033398271486305,0.9699894689083058,0.3693344734446324,51580,-0.06502708589360573,0.012523963106944423,-0.0023500797628407807,15.39383600174915,0.00011273569276352161,-5.055073743568313e-08,-0.29999997881776763
30.251157956998213,landing,1,1.5068715810775757,-1.4808317422866821,0.8548798561096191,-0.00019673201313707978,0.0008693025447428226,-0.32912886142730713,1.501837041439791,-1.503339828154197,0.9640218027305683,0.3693344734446324,51580,-0.06502708589360573,0.012523963106944423,-0.0023500797628407807,0.05969099947833456,0.00011273569276352161,-5.055073743568313e-08,-0.29999997881776763
30.28640243499831,landing,1,1.5068585872650146,-1.4806201457977295,0.8466408252716064,-0.0005750492564402521,-0.0010918971383944154,-0.3267604410648346,1.5018393247470259,-1.503339829178033,0.957945713558684,0.3694760573178758,51600,-0.061291363644439656,0.011725626172568702,-0.0022152067426795315,14.998694998212159,0.00011273569276352161,-5.055073743568313e-08,-0.29999997881776763
30.291059498998948,landing,1,1.5068707466125488,-1.4803786277770996,0.8410093784332275,-0.0011170890647917986,-0.0017108365427702665,-0.32621708512306213,1.5018415430130936,-1.5033398301727046,0.9520427048754053,0.3694760573178758,51600,-0.061291363644439656,0.011725626172568702,-0.0022152067426795315,0.049858001148095354,0.00011273569276352161,-5.055073743568313e-08,-0.29999997881776763
30.325253992999933,landing,1,1.5068182945251465,-1.4802416563034058,0.8328182697296143,-0.0018121703760698438,-0.0028386234771460295,-0.32510146498680115,1.5018438271296572,-1.5033398311969035,0.9459644620053036,0.3696644845254743,51626,-0.056319669512552295,0.01087956223691673,-0.0014548212646032911,13.88722699994105,0.00011273569276352161,-5.055073743568313e-08,-0.29999997881776763
30.33112811799947,landing,1,1.5068504810333252,-1.4801589250564575,0.8273923397064209,-0.0025215698406100273,-0.004318080842494965,-0.32323265075683594,1.5018460570705205,-1.50333983219681,0.9400303856243989,0.3696644845254743,51626,-0.056319669512552295,0.01087956223691673,-0.0014548212646032911,0.06206800026120618,0.00011273569276352161,-5.055073743568313e-08,-0.29999997881776763
30.365427051998267,landing,1,1.5068578720092773,-1.4799679517745972,0.8218535780906677,-0.0032533053308725357,-0.006092624738812447,-0.3214062750339508,1.5018483271705432,-1.503339833214724,0.9339894420505195,0.36973526480218355,51636,-0.054452116037374765,0.009083086722989424,-0.0006120527733876358,14.184286999807227,0.00011273569276352161,-5.055073743568313e-08,-0.29999997881776763
30.37108346199966,landing,1,1.5067881345748901,-1.479865312576294,0.8136860132217407,-0.003696108004078269,-0.00664451252669096,-0.3199874460697174,1.5018505645865718,-1.5033398342179825,0.9280354735714293,0.36973526480218355,51636,-0.054452116037374765,0.009083086722989424,-0.0006120527733876358,0.043282001570332795,0.00011273569276352161,-5.055073743568313e-08,-0.29999997881776763
30.414472840999224,landing,1,1.5067740678787231,-1.4798400402069092,0.8082966804504395,-0.00414540758356452,-0.007454761769622564,-0.31760475039482117,1.5018528541509757,-1.5033398352446241,0.9219427335012326,0.36984801613510954,51652,-0.05147714683088367,0.0083304205881656,-3.198776296560623e-05,22.993419002887094,0.00011273569276352161,-5.055073743568313e-08,-0.29999997881776763
30.415467577997333,landing,1,1.5067740678787231,-1.4798400402069092,0.8082966804504395,-0.0045431312173604965,-0.008577111177146435,-0.31600895524024963,1.5018555442288823,-1.5033398364508563,0.9147841904060802,0.36984801613510954,51652,-0.05147714683088367,0.0083304205881656,-3.198776296560623e-05,0.07963600000948645,0.00011273569276352161,-5.055073743568313e-08,-0.29999997881776763
30.446588494000025,landing,1,1.506715178489685,-1.4797191619873047,0.7948291897773743,-0.004926167894154787,-0.010383018292486668,-0.3133905827999115,1.5018573798514068,-1.5033398372739504,0.9098994311519724,0.369945580781712,51666,-0.04890288174902402,0.006645279818362205,0.00046840588824251104,15.04014400052256,0.00011273569276352161,-5.055073743568313e-08,-0.29999997881776763
30.451160324999364,landing,1,1.5066295862197876,-1.4799208641052246,0.7896798849105835,-0.00479211937636137,-0.010079066269099712,-0.31029489636421204,1.5018595877073482,-1.503339838263954,0.904024124765859,0.369945580781712,51666,-0.04890288174902402,0.006645279818362205,0.00046840588824251104,0.06120100078987889,0.00011273569276352161,-5.055073743568313e-08,-0.29999997881776763
30.487199190996762,landing,1,1.506735920906067,-1.4797797203063965,0.781485915184021,-0.004834876861423254,-0.011913860216736794,-0.3083908259868622,1.5018618628925395,-1.5033398392841482,0.8979696490937521,0.3700149399725988,51675,-0.047072823941984865,0.00569298251413206,0.000406415754754833,15.894635998847662,0.00011273569276352161,-5.055073743568313e-08,-0.29999997881776763
30.491083810997225,landing,1,1.5067716836929321,-1.4798884391784668,0.7762590646743774,-0.004196349997073412,-0.011708901263773441,-0.31011271476745605,1.5018640913941061,-1.5033398402834093,0.8920394028123171,0.3700149399725988,51675,-0.047072823941984865,0.00569298251413206,0.000406415754754833,0.05760299973189831,0.00011273569276352161,-5.055073743568313e-08,-0.29999997881776763
30.533214024999324,landing,1,1.5066832304000854,-1.4801210165023804,0.7711976766586304,-0.00374755566008389,-0.013363311067223549,-0.30803045630455017,1.5018663581587306,-1.5033398412998276,0.8860073350380786,0.37018412028206304,51699,-0.04260896353395793,0.004641311118887158,-0.000213724414092978,21.98929199948907,0.00011273569276352161,-5.055073743568313e-08,-0.29999997881776763
30.53392566599723,landing,1,1.5066832304000854,-1.4801210165023804,0.7711976766586304,-0.002746670274063945,-0.013640081509947777,-0.3071397840976715,1.5018689014785525,-1.5033398424402533,0.8792393286157849,0.37018412028206304,51699,-0.04260896353395793,0.004641311118887158,-0.000213724414092978,0.05535600212169811,0.00011273569276352161,-5.055073743568313e-08,-0.29999997881776763
30.56686529899889,landing,1,1.5070593357086182,-1.479955792427063,0.7576591968536377,-0.002010324504226446,-0.015163094736635685,-0.306147962808609,1.501870882551315,-1.5033398433285674,0.8739675129890108,0.37036015607732825,51724,-0.03796421959556184,0.003645593923570198,-0.0014485166004373552,15.547282000625273,0.00011273569276352161,-5.055073743568313e-08,-0.29999997881776763
30.571423585999582,landing,1,1.507263422012329,-1.479971170425415,0.7496973276138306,-0.0002921090926975012,-0.014209789223968983,-0.30400657653808594,1.501873111007111,-1.5033398443278079,0.8680373885070978,0.37036015607732825,51724,-0.03796421959556184,0.003645593923570198,-0.0014485166004373552,0.05111900100018829,0.00011273569276352161,-5.055073743568313e-08,-0.29999997881776763
30.60656549199848,landing,1,1.5074111223220825,-1.4799184799194336,0.744337260723114,0.0010191001929342747,-0.014709879644215107,-0.301641047000885,1.501875397432502,-1.5033398453530422,0.8619530016369215,0.37044552075447706,51735,-0.03571185344387828,0.003930701693869505,-0.003447228894098891,15.213315000437433,0.00011273569276352161,-5.055073743568313e-08,-0.29999997881776763
30.611231592996774,landing,1,1.5077602863311768,-1.4799221754074097,0.7364200949668884,0.0028352076187729836,-0.014160702005028725,-0.30305689573287964,1.501877616950725,-1.5033398463482752,0.8560466608537824,0.37044552075447706,51735,-0.03571185344387828,0.003930701693869505,-0.003447228894098891,0.04624400025932118,0.00011273569276352161,-5.055073743568313e-08,-0.29999997881776763
30.647531277998496,landing,1,1.5080403089523315,-1.4800527095794678,0.731228768825531,0.003865276463329792,-0.01498738769441843,-0.30187010765075684,1.5018798943197196,-1.5033398473694486,0.8499863738820153,0.3706838413141368,51769,-0.029423712028053828,0.0036942194807050364,-0.005484070112991413,16.240525001194328,0.00011273569276352161,-5.055073743568313e-08,-0.29999997881776763
30.651068271999975,landing,1,1.508205533027649,-1.480119228363037,0.7261182069778442,0.0058794450014829636,-0.01363050565123558,-0.30426064133644104,1.5018821280363266,-1.503339848371048,0.8440422499016667,0.3706838413141368,51769,-0.029423712028053828,0.0036942194807050364,-0.005484070112991413,0.04993499896954745,0.00011273569276352161,-5.055073743568313e-08,-0.29999997881776763
30.690413934997196,landing,1,1.508739709854126,-1.4799213409423828,0.7181049585342407,0.006879524327814579,-0.014080549590289593,-0.3023388385772705,1.5018843937284967,-1.5033398493869854,0.8380130360266496,0.37093049105018167,51803,-0.02291580342528654,0.004296984376303681,-0.007658747213586915,19.206437002139864,0.00011273569276352161,-5.055073743568313e-08,-0.29999997881776763
30.692512137997255,landing,1,1.5089136362075806,-1.4800676107406616,0.7156705260276794,0.008636307902634144,-0.012922865338623524,-0.30147382616996765,1.5018867246842607,-1.503339850432187,0.8318101497653716,0.37093049105018167,51803,-0.02291580342528654,0.004296984376303681,-0.007658747213586915,0.09442000009585172,0.00011273569276352161,-5.055073743568313e-08,-0.29999997881776763
30.732964823997463,landing,1,1.5096498727798462,-1.4798755645751953,0.7052416205406189,0.009640917181968689,-0.013011245988309383,-0.2996537387371063,1.5018889560564161,-1.5033398514327354,0.8258722645846337,0.3710681565124464,51822,-0.019283469328591707,0.004959256672786965,-0.009796026882064967,21.270557001116686,0.00011273569276352161,-5.055073743568313e-08,-0.29999997881776763
30.733738549999543,landing,1,1.5096498727798462,-1.4798755645751953,0.7052416205406189,0.0111841456964612,-0.011701660230755806,-0.2976914644241333,1.5018914379489263,-1.5033398525456172,0.8192677218507354,0.3710681565124464,51822,-0.019283469328591707,0.004959256672786965,-0.009796026882064967,0.10238799950457178,0.00011273569276352161,-5.055073743568313e-08,-0.29999997881776763
30.772375048996764,landing,1,1.5104831457138062,-1.4796875715255737,0.6950700283050537,0.011712027713656425,-0.011859678663313389,-0.2949710488319397,1.5018934144379688,-1.5033398534318758,0.8140081039222067,0.37109224653847267,51826,-0.01864784858911328,0.005746015920727155,-0.011487370750802129,21.156736998818815,0.00011273569276352161,-5.055073743568313e-08,-0.29999997881776763
30.77313357299863,landing,1,1.5104831457138062,-1.4796875715255737,0.6950700283050537,0.012812171131372452,-0.010663283057510853,-0.2924064099788666,1.5018958766679082,-1.5033398545359409,0.8074558850852864,0.37109224653847267,51826,-0.01864784858911328,0.005746015920727155,-0.011487370750802129,0.08231600077124313,0.00011273569276352161,-5.055073743568313e-08,-0.29999997881776763
30.807919368999137,landing,1,1.5115175247192383,-1.4796552658081055,0.6826931238174438,0.012381743639707565,-0.011282667517662048,-0.2902531325817108,1.5018979288780208,-1.5033398554561528,0.8019947664708531,0.37115385961233527,51834,-0.017022173817013098,0.006111203344442404,-0.012447825213698888,16.67904200076009,0.00011273569276352161,-5.055073743568313e-08,-0.29999997881776763
30.811301960999117,landing,1,1.5122395753860474,-1.4793034791946411,0.6750385165214539,0.013243098743259907,-0.009480518288910389,-0.2892652451992035,1.5019001643053922,-1.5033398564585196,0.7960460899899942,0.37115385961233527,51834,-0.017022173817013098,0.006111203344442404,-0.012447825213698888,0.08249899838119745,0.00011273569276352161,-5.055073743568313e-08,-0.29999997881776763
30.850479011998686,landing,1,1.5126676559448242,-1.4792006015777588,0.6701382398605347,0.0122107844799757,-0.010042060166597366,-0.2865529954433441,1.501902429663977,-1.5033398574743073,0.790017763816304,0.37125233913114963,51848,-0.014423769626660032,0.007088000352703429,-0.01296718996941619,19.29125000242493,0.00011273569276352161,-5.055073743568313e-08,-0.29999997881776763
30.852030258000013,landing,1,1.51288640499115,-1.4791922569274902,0.6678289771080017,0.012374375946819782,-0.008638139814138412,-0.28594353795051575,1.5019047136265442,-1.5033398584984372,0.7839399307448407,0.37125233913114963,51848,-0.014423769626660032,0.007088000352703429,-0.01296718996941619,0.06311500328592956,0.00011273569276352161,-5.055073743568313e-08,-0.29999997881776763
30.892781621998438,landing,1,1.5139018297195435,-1.4787507057189941,0.6578762531280518,0.011176323518157005,-0.008701416663825512,-0.2825341522693634,1.5019069609730091,-1.5033398595061485,0.7779595364668646,0.37133514639613807,51860,-0.012238881368389798,0.008129746399069854,-0.013017756082438055,21.431322002172237,0.00011273569276352161,-5.055073743568313e-08,-0.29999997881776763
30.893465064997145,landing,1,1.5139018297195435,-1.4787507057189941,0.6578762531280518,0.010903862304985523,-0.007360253017395735,-0.2807496190071106,1.501909420365617,-1.5033398606089412,0.7714148680292345,0.37133514639613807,51860,-0.012238881368389798,0.008129746399069854,-0.013017756082438055,0.047286997869377956,0.00011273569276352161,-5.055073743568313e-08,-0.29999997881776763
30.9325778229977,landing,1,1.5150399208068848,-1.4781486988067627,0.6456426382064819,0.009254946373403072,-0.0074559226632118225,-0.27767136693000793,1.501911518661404,-1.5033398615498181,0.7658311112235603,0.37138950112842045,51867,-0.010804719566744225,0.009195875524194687,-0.012491001098837806,20.80016200125101,0.00011273569276352161,-5.055073743568313e-08,-0.29999997881776763
30.933064319997357,landing,1,1.5150399208068848,-1.4781486988067627,0.6456426382064819,0.00893452949821949,-0.005660135764628649,-0.2768007814884186,1.5019139210109915,-1.503339862627033,0.7594382394749315,0.37138950112842045,51867,-0.010804719566744225,0.009195875524194687,-0.012491001098837806,0.04485099998419173,0.00011273569276352161,-5.055073743568313e-08,-0.29999997881776763
30.966401441997732,landing,1,1.5156900882720947,-1.4781160354614258,0.636788547039032,0.007332788780331612,-0.00554041238501668,-0.27589473128318787,1.501915974752731,-1.5033398635479316,0.7539730450610522,0.37148654821446175,51881,-0.00824411043636708,0.01036027809029487,-0.011701481608965182,15.056658998219064,0.00011273569276352161,-5.055073743568313e-08,-0.29999997881776763
30.971103500000027,landing,1,1.516405701637268,-1.4773705005645752,0.6292301416397095,0.006964338943362236,-0.0038368538953363895,-0.27598291635513306,1.5019182057674016,-1.5033398645483196,0.7480361111804188,0.37148654821446175,51881,-0.00824411043636708,0.01036027809029487,-0.011701481608965182,0.05639600203721784,0.00011273569276352161,-5.055073743568313e-08,-0.29999997881776763
31.0092527529996,landing,1,1.516842007637024,-1.4768444299697876,0.6240190267562866,0.005032939370721579,-0.0035539628006517887,-0.2724437415599823,1.501920476808091,-1.5033398655666552,0.7419926644069952,0.37159706437465495,51896,-0.00532811676372269,0.01221132177785517,-0.010944565219929456,17.99268299873802,0.00011273569276352161,-5.055073743568313e-08,-0.29999997881776763
31.011830998999358,landing,1,1.5171160697937012,-1.4768593311309814,0.6199067831039429,0.00449231406673789,-0.0014578248374164104,-0.2732027471065521,1.5019227310649157,-1.503339866577465,0.7359938810303852,0.37159706437465495,51896,-0.00532811676372269,0.01221132177785517,-0.010944565219929456,0.06998500248300843,0.00011273569276352161,-5.055073743568313e-08,-0.29999997881776763
31.052018836999196,landing,1,1.517641305923462,-1.4765007495880127,0.6131623983383179,0.0017202552407979965,-0.0016915223095566034,-0.26988035440444946,1.501924995897814,-1.5033398675930172,0.729966953755854,0.3717033431403825,51911,-0.0025239276943942457,0.013518330912493737,-0.009408332274424268,20.669593999627978,0.00011273569276352161,-5.055073743568313e-08,-0.29999997881776763
31.052595909997763,landing,1,1.517641305923462,-1.4765007495880127,0.6131623983383179,0.000982868019491434,0.0003195181197952479,-0.2663997709751129,1.5019273925318146,-1.503339868667669,0.7235892917061468,0.3717033431403825,51911,-0.0025239276943942457,0.013518330912493737,-0.009408332274424268,0.05769299968960695,0.00011273569276352161,-5.055073743568313e-08,-0.29999997881776763
31.093356287998176,landing,1,1.5184080600738525,-1.4754939079284668,0.6014659404754639,-0.001399471890181303,0.0001609517785254866,-0.26415714621543884,1.5019295183918169,-1.5033398696209057,0.7179321840055224,0.37171977628391445,51913,-0.002090335516770736,0.01515743793751023,-0.00796394410098507,21.885114998440258,0.00011273569276352161,-5.055073743568313e-08,-0.29999997881776763
31.093963768998947,landing,1,1.5184080600738525,-1.4754939079284668,0.6014659404754639,-0.002150294603779912,0.0013312818482518196,-0.2611517012119293,1.501932038793261,-1.5033398707510548,0.7112251654796471,0.37171977628391445,51913,-0.002090335516770736,0.01515743793751023,-0.00796394410098507,0.04719700154964812,0.00011273569276352161,-5.055073743568313e-08,-0.29999997881776763
31.130145778999577,landing,1,1.5189067125320435,-1.4751287698745728,0.5908930897712708,-0.004494184162467718,0.000769074191339314,-0.25811269879341125,1.5019340855921735,-1.5033398716688404,0.7057784465634815,0.3717057379777659,51911,-0.002460739372931897,0.01573188886169807,-0.006393824132312888,18.14180599831161,0.00011273569276352161,-5.055073743568313e-08,-0.29999997881776763
31.132111400998838,landing,1,1.519115686416626,-1.4747753143310547,0.5884718298912048,-0.004876935854554176,0.001884076977148652,-0.2565596103668213,1.5019362486867454,-1.503339872638773,0.7000222542707935,0.3717057379777659,51911,-0.002460739372931897,0.01573188886169807,-0.006393824132312888,0.055927997891558334,0.00011273569276352161,-5.055073743568313e-08,-0.29999997881776763
31.171540711999114,landing,1,1.5195778608322144,-1.4742110967636108,0.5815243721008301,-0.007006998639553785,0.0009623834048397839,-0.254097044467926,1.5019385216551027,-1.503339873657973,0.6939736777970014,0.37173765027290767,51916,-0.0016187263085054582,0.01633597495285551,-0.005254744859041253,20.20916899709846,0.00011273569276352161,-5.055073743568313e-08,-0.29999997881776763
31.17208895099975,landing,1,1.5195778608322144,-1.4742110967636108,0.5815243721008301,-0.006993006449192762,0.0018236064352095127,-0.2517734467983246,1.5019408517296118,-1.5033398747027795,0.6877731366349047,0.37173765027290767,51916,-0.0016187263085054582,0.01633597495285551,-0.005254744859041253,0.043781998101621866,0.00011273569276352161,-5.055073743568313e-08,-0.29999997881776763
31.206668278999132,landing,1,1.519920825958252,-1.4741253852844238,0.5718502402305603,-0.009130186401307583,0.00017345503147225827,-0.2499445676803589,1.5019430230591884,-1.503339875676405,0.6819950302431836,0.3717704380874334,51921,-0.0007536124687774759,0.015926620899439747,-0.0041784280397528205,15.432115000294289,0.00011273569276352161,-5.055073743568313e-08,-0.29999997881776763
31.211585502998787,landing,1,1.5200361013412476,-1.4739810228347778,0.5675856471061707,-0.007898271083831787,0.0007249931804835796,-0.24864380061626434,1.5019452860056803,-1.503339876691111,0.6759731228682797,0.3717704380874334,51921,-0.0007536124687774759,0.015926620899439747,-0.0041784280397528205,0.11554899901966564,0.00011273569276352161,-5.055073743568313e-08,-0.29999997881776763
31.25162837499738,landing,1,1.5206657648086548,-1.4726711511611938,0.5599133372306824,-0.009451189078390598,-0.0012606390519067645,-0.24555936455726624,1.501947527070287,-1.5033398776960054,0.6700094451894174,0.3718353301204441,51930,0.0009585783758332411,0.015838090143860534,-0.0043779699135322175,20.4201419983292,0.00011273569276352161,-5.055073743568313e-08,-0.29999997881776763
31.25222492699686,landing,1,1.5206657648086548,-1.4726711511611938,0.5599133372306824,-0.008248834870755672,-0.0012937008868902922,-0.2447167932987213,1.5019498867924799,-1.5033398787541061,0.6637300088323235,0.3718353301204441,51930,0.0009585783758332411,0.015838090143860534,-0.0043779699135322175,0.06980900070630014,0.00011273569276352161,-5.055073743568313e-08,-0.29999997881776763
31.287996602997737,landing,1,1.5209729671478271,-1.4725812673568726,0.5502349138259888,-0.008540344424545765,-0.0027430166956037283,-0.24424514174461365,1.501952033711509,-1.5033398797167856,0.658016861136766,0.3719621945054802,51947,0.00430592362744342,0.015019117012892682,-0.005087826169385579,16.83014900117996,0.00011273569276352161,-5.055073743568313e-08,-0.29999997881776763
31.291103499999736,landing,1,1.5210984945297241,-1.472777009010315,0.5467178821563721,-0.006349141709506512,-0.0023197452537715435,-0.24377381801605225,1.5019542804689303,-1.5033398807242326,0.6520380343586094,0.3719621945054802,51947,0.00430592362744342,0.015019117012892682,-0.005087826169385579,0.058851001085713506,0.00011273569276352161,-5.055073743568313e-08,-0.29999997881776763
31.328305411996553,landing,1,1.521336555480957,-1.4726160764694214,0.542697012424469,-0.006005739327520132,-0.0038696005940437317,-0.2427186667919159,1.5019565493231108,-1.503339881741588,0.646000406084769,0.3720444167409353,51959,0.006475375750270018,0.01432755191264193,-0.006786936575981384,17.058781999367056,0.00011273569276352161,-5.055073743568313e-08,-0.29999997881776763
31.33197174799716,landing,1,1.521811842918396,-1.4720709323883057,0.535916805267334,-0.003567715408280492,-0.0042614201083779335,-0.2408261001110077,1.5019588202193856,-1.503339882759859,0.6399573436117558,0.3720444167409353,51959,0.006475375750270018,0.01432755191264193,-0.006786936575981384,0.05047800004831515,0.00011273569276352161,-5.055073743568313e-08,-0.29999997881776763
31.367555984998035,landing,1,1.5222440958023071,-1.4714430570602417,0.5311278104782104,-0.003441207343712449,-0.0064645977690815926,-0.23834337294101715,1.5019610620507078,-1.503339883765097,0.6339916256326503,0.3721031989897751,51967,0.00802635856926237,0.01340083519741985,-0.00879518586001301,16.315804001351353,0.00011273569276352161,-5.055073743568313e-08,-0.29999997881776763
31.371275760997378,landing,1,1.5227224826812744,-1.4714906215667725,0.5252572894096375,-7.739630382275209e-05,-0.006422912236303091,-0.2364683747291565,1.5019632997533108,-1.503339884768484,0.6280368945532202,0.3721031989897751,51967,0.00802635856926237,0.01340083519741985,-0.00879518586001301,0.05530300040845759,0.00011273569276352161,-5.055073743568313e-08,-0.29999997881776763
31.407298495996656,landing,1,1.5229157209396362,-1.4717286825180054,0.5217801332473755,-9.482281166128814e-05,-0.009168988093733788,-0.2329200953245163,1.5019655808335644,-1.5033398857913214,0.6219667315818194,0.3720882059715657,51965,0.007630764421257652,0.011659045214221467,-0.011152478742197403,15.937955999106634,0.00011273569276352161,-5.055073743568313e-08,-0.29999997881776763
31.411167302998365,landing,1,1.5232043266296387,-1.472123146057129,0.5164613723754883,0.0029441462829709053,-0.009491167962551117,-0.23329366743564606,1.5019678153814846,-1.5033398867932937,0.6160203954012842,0.3720882059715657,51965,0.007630764421257652,0.011659045214221467,-0.011152478742197403,0.06346399823087268,0.00011273569276352161,-5.055073743568313e-08,-0.29999997881776763
31.4486560439982,landing,1,1.5236564874649048,-1.471814751625061,0.5120957493782043,0.0023935202043503523,-0.013051680289208889,-0.22914686799049377,1.501970078271496,-1.5033398878079747,0.6099986383265532,0.37213369053780654,51971,0.008830884902545577,0.009300768551598506,-0.013035095690026323,17.43438500125194,0.00011273569276352161,-5.055073743568313e-08,-0.29999997881776763
31.451764265999373,landing,1,1.523963212966919,-1.4719750881195068,0.5083093047142029,0.003845065366476774,-0.015211574733257294,-0.22689147293567657,1.501972315023286,-1.5033398888109353,0.6040464374466534,0.37213369053780654,51971,0.008830884902545577,0.009300768551598506,-0.013035095690026323,0.06127100277808495,0.00011273569276352161,-5.055073743568313e-08,-0.29999997881776763
31.49193222499889,landing,1,1.5242135524749756,-1.4722517728805542,0.5046334862709045,0.0033946263138204813,-0.018626000732183456,-0.2250426560640335,1.5019745917106804,-1.503339889831803,0.5979879642749484,0.3721291777910215,51971,0.008711815066529738,0.005756429322733946,-0.013940332644143887,20.65534299981664,0.00011273569276352161,-5.055073743568313e-08,-0.29999997881776763
31.492907106996427,landing,1,1.5242135524749756,-1.4722517728805542,0.5046334862709045,0.0046728323213756084,-0.020658321678638458,-0.2226385921239853,1.5019769867061805,-1.50333989090572,0.5916146624243888,0.3721291777910215,51971,0.008711815066529738,0.005756429322733946,-0.013940332644143887,0.09958100054063834,0.00011273569276352161,-5.055073743568313e-08,-0.29999997881776763
31.52708050399815,landing,1,1.5252448320388794,-1.472693920135498,0.49302151799201965,0.003754573641344905,-0.02423703670501709,-0.22127306461334229,1.5019791005018852,-1.503339891853547,0.5859896589222247,0.3722086924472094,51982,0.010809827103148706,0.0021765713353549864,-0.014704411914739552,15.828296000108821,0.00011273569276352161,-5.055073743568313e-08,-0.29999997881776763
31.531173518997093,landing,1,1.5254998207092285,-1.4730327129364014,0.4893733263015747,0.005670713726431131,-0.025518527254462242,-0.2175086885690689,1.5019813384512666,-1.5033398928570445,0.5800342711425557,0.3722086924472094,51982,0.010809827103148706,0.0021765713353549864,-0.014704411914739552,0.08918700041249394,0.00011273569276352161,-5.055073743568313e-08,-0.29999997881776763
31.5720764209982,landing,1,1.525780439376831,-1.473509669303894,0.48601603507995605,0.005449996795505285,-0.028379539027810097,-0.21614082157611847,1.5019836068060282,-1.503339893874176,0.5739979718684822,0.37216214780773615,51975,0.009581736351876202,-0.000729483564980629,-0.016008668071750002,20.803727999009425,0.00011273569276352161,-5.055073743568313e-08,-0.29999997881776763
31.572699238997302,landing,1,1.525780439376831,-1.473509669303894,0.48601603507995605,0.00668922858312726,-0.030136942863464355,-0.2149421125650406,1.5019860267781209,-1.5033398949592924,0.5675582050229244,0.37216214780773615,51975,0.009581736351876202,-0.000729483564980629,-0.016008668071750002,0.06104299973230809,0.00011273569276352161,-5.055073743568313e-08,-0.29999997881776763
31.608172598997044,landing,1,1.526450276374817,-1.4749912023544312,0.47737088799476624,0.005876967217773199,-0.03330693393945694,-0.2131330370903015,1.5019881124098566,-1.5033398958944908,0.5620081484150903,0.37221465339195076,51983,0.010967107967037037,-0.004450958480995892,-0.016624954746533308,16.990366002573865,0.00011273569276352161,-5.055073743568313e-08,-0.29999997881776763
31.611958603996754,landing,1,1.5269067287445068,-1.4756450653076172,0.47179701924324036,0.007157393731176853,-0.034949105232954025,-0.21069715917110443,1.501990359006291,-1.5033398969018656,0.5560297500372844,0.37221465339195076,51983,0.010967107967037037,-0.004450958480995892,-0.016624954746533308,0.05145799877936952,0.00011273569276352161,-5.055073743568313e-08,-0.29999997881776763
31.652303155999107,landing,1,1.5272071361541748,-1.4761064052581787,0.4682486951351166,0.0059468490071594715,-0.03793993592262268,-0.20806699991226196,1.5019926157510797,-1.503339897913791,0.5500243459617187,0.37220750126887014,51982,0.010778397595517575,-0.007818355857615445,-0.01707615126380293,21.159821000765078,0.00011273569276352161,-5.055073743568313e-08,-0.29999997881776763
31.653382815999066,landing,1,1.5272071361541748,-1.4761064052581787,0.4682486951351166,0.006288744974881411,-0.03968258202075958,-0.206130713224411,1.5019951105608458,-1.503339899032465,0.5433854292297862,0.37220750126887014,51982,0.010778397595517575,-0.007818355857615445,-0.01707615126380293,0.10461199781275354,0.00011273569276352161,-5.055073743568313e-08,-0.29999997881776763
31.693538861996785,landing,1,1.5278778076171875,-1.4769785404205322,0.4609576463699341,0.005166272632777691,-0.04172182083129883,-0.20421431958675385,1.5019971488389685,-1.5033398999464298,0.5379613849131522,0.3722082574780411,51982,0.010798350344090935,-0.010547998665006456,-0.016978310129333752,22.106345000793226,0.00011273569276352161,-5.055073743568313e-08,-0.29999997881776763
31.69430446899787,landing,1,1.5278778076171875,-1.4769785404205322,0.4609576463699341,0.005284780170768499,-0.04206882044672966,-0.20277374982833862,1.5019997138634549,-1.503339901096588,0.5311356203947075,0.3722082574780411,51982,0.010798350344090935,-0.010547998665006456,-0.016978310129333752,0.07326100239879452,0.00011273569276352161,-5.055073743568313e-08,-0.29999997881776763
31.728467263998027,landing,1,1.5286227464675903,-1.4788354635238647,0.45047467947006226,0.0036950521171092987,-0.043595559895038605,-0.20134450495243073,1.5020016672447243,-1.5033399019724851,0.5259374943615969,0.3722977018597409,51994,0.013158360415326698,-0.012655800930967269,-0.0165027426793104,16.998224997223588,0.00011273569276352161,-5.055073743568313e-08,-0.29999997881776763
31.731394475998968,landing,1,1.5287964344024658,-1.4794199466705322,0.44696393609046936,0.0042501213029026985,-0.04299876466393471,-0.2003062516450882,1.50200388626939,-1.5033399029674968,0.5200324669789365,0.3722977018597409,51994,0.013158360415326698,-0.012655800930967269,-0.0165027426793104,0.06074599878047593,0.00011273569276352161,-5.055073743568313e-08,-0.29999997881776763
31.766721511998185,landing,1,1.528974175453186,-1.480006217956543,0.44354477524757385,0.0029517931398004293,-0.0438978485763073,-0.2009049952030182,1.5020061545603431,-1.5033399039845996,0.5139963375049652,0.37240518561077085,52009,0.01599434329210503,-0.01348032887766291,-0.01624963789154434,15.509387998463353,0.00011273569276352161,-5.055073743568313e-08,-0.29999997881776763
31.771101717997226,landing,1,1.5291790962219238,-1.4809666872024536,0.4383382499217987,0.002463103039190173,-0.043933674693107605,-0.20142348110675812,1.5020083930610022,-1.5033399049883442,0.5080394827253618,0.37240518561077085,52009,0.01599434329210503,-0.01348032887766291,-0.01624963789154434,0.05961399801890366,0.00011273569276352161,-5.055073743568313e-08,-0.29999997881776763
31.808939814996847,landing,1,1.5293118953704834,-1.4816093444824219,0.4350215494632721,0.0002462529519107193,-0.044761985540390015,-0.20012874901294708,1.5020106660179724,-1.5033399060075392,0.5019909365530209,0.37252954931084575,52027,0.019275707410177034,-0.0148482669744762,-0.014824201408053985,17.68576099857455,0.00011273569276352161,-5.055073743568313e-08,-0.29999997881776763
31.81285830699926,landing,1,1.5295343399047852,-1.482179880142212,0.4294028580188751,-0.003135568927973509,-0.04501296207308769,-0.19807542860507965,1.5020130117419999,-1.503339907059363,0.495748750593352,0.37252954931084575,52027,0.019275707410177034,-0.0148482669744762,-0.014824201408053985,0.05170800068299286,0.00011273569276352161,-5.055073743568313e-08,-0.29999997881776763
31.846719952998683,landing,1,1.5294402837753296,-1.4832675457000732,0.42650946974754333,-0.003135568927973509,-0.04501296207308769,-0.19807542860507965,1.5020151785800733,-1.5033399080309742,0.48998259650112463,0.3726114602638067,52038,0.021436946274581814,-0.015891111932219412,-0.01288505460996017,15.445988999999827,0.00011273569276352161,-5.055073743568313e-08,-0.29999997881776763
31.851105036999797,landing,1,1.5295953750610352,-1.4836504459381104,0.42291098833084106,-0.004454018082469702,-0.04433569312095642,-0.19762058556079865,1.5020174135339546,-1.5033399090331285,0.48403518002103985,0.3726114602638067,52038,0.021436946274581814,-0.015891111932219412,-0.01288505460996017,0.058448000345379114,0.00011273569276352161,-5.055073743568313e-08,-0.29999997881776763
31.88998386199819,landing,1,1.5295264720916748,-1.4845200777053833,0.4178690016269684,-0.006739947944879532,-0.04460246488451958,-0.19634872674942017,1.5020196756726956,-1.5033399100474727,0.478015422145762,0.3727064075676868,52051,0.02394215218170892,-0.016328119705132413,-0.01078721778128131,18.789009998727124,0.00011273569276352161,-5.055073743568313e-08,-0.29999997881776763
31.893075459996908,landing,1,1.529374361038208,-1.4850994348526,0.4165147542953491,-0.007944256067276001,-0.043773822486400604,-0.1964707374572754,1.5020220645899378,-1.5033399111186643,0.4716582950948993,0.3727064075676868,52051,0.02394215218170892,-0.016328119705132413,-0.01078721778128131,0.062110000726534054,0.00011273569276352161,-5.055073743568313e-08,-0.29999997881776763
31.927388099997188,landing,1,1.5291956663131714,-1.4863852262496948,0.4101966321468353,-0.010165337473154068,-0.04361893609166145,-0.1954420506954193,1.5020241715543106,-1.503339912063428,0.46605147039074346,0.3728114828269731,52066,0.026714586463668866,-0.016738940056152642,-0.008575783404720438,16.36444099858636,0.00011273569276352161,-5.055073743568313e-08,-0.29999997881776763
31.931059167996864,landing,1,1.5290614366531372,-1.4868073463439941,0.4066547155380249,-0.011673467233777046,-0.042386893182992935,-0.19432371854782104,1.5020264293449486,-1.5033399130758225,0.4600432832146566,0.3728114828269731,52066,0.026714586463668866,-0.016738940056152642,-0.008575783404720438,0.05148499985807575,0.00011273569276352161,-5.055073743568313e-08,-0.29999997881776763
31.96706352599722,landing,1,1.5289965867996216,-1.4871578216552734,0.4030810296535492,-0.014201953075826168,-0.04155249521136284,-0.1944797784090042,1.502028712691528,-1.5033399140996762,0.45396708934320484,0.3729049267221563,52079,0.02918012459515218,-0.015944270105761275,-0.006067897817756053,15.709635001257993,0.00011273569276352161,-5.055073743568313e-08,-0.29999997881776763
31.97106853799778,landing,1,1.5287197828292847,-1.4877815246582031,0.39791110157966614,-0.016101883724331856,-0.039328500628471375,-0.1922764927148819,1.5020309389326312,-1.5033399150979236,0.4480428583614411,0.3729049267221563,52079,0.02918012459515218,-0.015944270105761275,-0.006067897817756053,0.05098000110592693,0.00011273569276352161,-5.055073743568313e-08,-0.29999997881776763
32.008930350999435,landing,1,1.5284610986709595,-1.4882078170776367,0.39451754093170166,-0.019097566604614258,-0.03748943284153938,-0.19088751077651978,1.5020332138340666,-1.5033399161179906,0.44198913778961724,0.3729367623204546,52083,0.030020113996162223,-0.01409864131799722,-0.0028777547376739885,17.675805000180844,0.00011273569276352161,-5.055073743568313e-08,-0.29999997881776763
32.0124845729988,landing,1,1.527977705001831,-1.4889154434204102,0.3897479176521301,-0.02102627232670784,-0.033886995166540146,-0.19018882513046265,1.502035511793221,-1.5033399171483965,0.43587405852150285,0.3729367623204546,52083,0.030020113996162223,-0.01409864131799722,-0.0028777547376739885,0.05965799937257543,0.00011273569276352161,-5.055073743568313e-08,-0.29999997881776763
32.04720807099875,landing,1,1.527606725692749,-1.4894154071807861,0.3865886330604553,-0.024345504119992256,-0.032059308141469955,-0.18933208286762238,1.502037735434752,-1.5033399181454783,0.42995674523853444,0.3730248208785115,52096,0.03234355879977535,-0.011523870666705174,0.0006948024094298334,15.842707001866074,0.00011273569276352161,-5.055073743568313e-08,-0.29999997881776763
32.05113189599797,landing,1,1.5272347927093506,-1.4898442029953003,0.3833266794681549,-0.02675016038119793,-0.029373524710536003,-0.18976753950119019,1.5020399617763027,-1.503339919143771,0.42403224695702413,0.3730248208785115,52096,0.03234355879977535,-0.011523870666705174,0.0006948024094298334,0.06569900142494589,0.00011273569276352161,-5.055073743568313e-08,-0.29999997881776763
32.088545038997836,landing,1,1.5266541242599487,-1.4903409481048584,0.3783941864967346,-0.02963970974087715,-0.02755175530910492,-0.18938308954238892,1.502042232180937,-1.5033399201618214,0.4179904927844076,0.37317077596760506,52116,0.03619461655949863,-0.009344048123503213,0.004349922814682547,17.294613000558456,0.00011273569276352161,-5.055073743568313e-08,-0.29999997881776763
32.09208185499665,landing,1,1.5261644124984741,-1.4906688928604126,0.3750300109386444,-0.03161926567554474,-0.025035299360752106,-0.18975503742694855,1.5020444759182816,-1.5033399211679144,0.41201970270541177,0.37317077596760506,52116,0.03619461655949863,-0.009344048123503213,0.004349922814682547,0.053327999921748415,0.00011273569276352161,-5.055073743568313e-08,-0.29999997881776763
32.13231120399723,landing,1,1.5254992246627808,-1.4910500049591064,0.37020033597946167,-0.033942196518182755,-0.02321617864072323,-0.18945421278476715,1.5020467874482204,-1.5033399222044055,0.4058685103396338,0.37331743561092623,52137,0.04006426414053266,-0.007152562436290385,0.007524522003742664,20.36407100240467,0.00011273569276352161,-5.055073743568313e-08,-0.29999997881776763
32.1329074139976,landing,1,1.5254992246627808,-1.4910500049591064,0.37020033597946167,-0.035293642431497574,-0.020712563768029213,-0.18981653451919556,1.5020491649541305,-1.5033399232704803,0.39954174988608515,0.37331743561092623,52137,0.04006426414053266,-0.007152562436290385,0.007524522003742664,0.05045299985795282,0.00011273569276352161,-5.055073743568313e-08,-0.29999997881776763
32.1739681149993,landing,1,1.5244779586791992,-1.4914590120315552,0.3636261820793152,-0.037201281636953354,-0.01896083541214466,-0.1900450587272644,1.5020512484955213,-1.5033399242047412,0.3939972558776941,0.3734528078717421,52155,0.04363609160269277,-0.0048504015092704755,0.010011306670671854,22.69147500192048,0.00011273569276352161,-5.055073743568313e-08,-0.29999997881776763
32.17482006299906,landing,1,1.5244779586791992,-1.4914590120315552,0.3636261820793152,-0.038079675287008286,-0.016451269388198853,-0.18824072182178497,1.502053874711814,-1.5033399253823378,0.38700865437195864,0.3734528078717421,52155,0.04363609160269277,-0.0048504015092704755,0.010011306670671854,0.0959919998422265,0.00011273569276352161,-5.055073743568313e-08,-0.29999997881776763
32.20686629699776,landing,1,1.5231516361236572,-1.491889238357544,0.3554736077785492,-0.03976389765739441,-0.014927330426871777,-0.1890978217124939,1.5020557526314184,-1.5033399262243978,0.38201133872377935,0.37356548270116896,52171,0.046609042247201415,-0.002687703917519459,0.0122406941732148,15.679328000260284,0.00011273569276352161,-5.055073743568313e-08,-0.29999997881776763
32.21169226599886,landing,1,1.5222691297531128,-1.4920849800109863,0.3505677282810211,-0.03979843854904175,-0.012448868714272976,-0.18839131295681,1.5020579971444972,-1.5033399272308385,0.3760384843458875,0.37356548270116896,52171,0.046609042247201415,-0.002687703917519459,0.0122406941732148,0.06338699677144177,0.00011273569276352161,-5.055073743568313e-08,-0.29999997881776763
32.25069960499968,landing,1,1.5217357873916626,-1.4921292066574097,0.34726202487945557,-0.041053202003240585,-0.011141795665025711,-0.18761365115642548,1.5020602585876586,-1.5033399282448707,0.37002057747082184,0.37388897288038975,52216,0.05514440317650937,-0.0005735078770490537,0.013759154264481231,19.54735400067875,0.00011273569276352161,-5.055073743568313e-08,-0.29999997881776763
32.25112107899986,landing,1,1.5217357873916626,-1.4921292066574097,0.34726202487945557,-0.04141469672322273,-0.009312964044511318,-0.19031596183776855,1.5020625147242384,-1.5033399292565235,0.3640167918948054,0.37388897288038975,52216,0.05514440317650937,-0.0005735078770490537,0.013759154264481231,0.03277700307080522,0.00011273569276352161,-5.055073743568313e-08,-0.29999997881776763
32.29183662499781,landing,1,1.5203156471252441,-1.4922503232955933,0.3390212059020996,-0.0421341173350811,-0.00801728293299675,-0.1924184262752533,1.5020647785692338,-1.5033399302716326,0.3579924935199812,0.37454402733861053,52308,0.0724281619686149,0.0012108479580511084,0.015138629898575772,20.569778000208316,0.00011273569276352161,-5.055073743568313e-08,-0.29999997881776763
32.29228658699867,landing,1,1.5203156471252441,-1.4922503232955933,0.3390212059020996,-0.04162362962961197,-0.006258558016270399,-0.1914285123348236,1.502067156046847,-1.5033399313376947,0.35166580836713157,0.37454402733861053,52308,0.0724281619686149,0.0012108479580511084,0.015138629898575772,0.035386001400183886,0.00011273569276352161,-5.055073743568313e-08,-0.29999997881776763
32.34027865199823,landing,1,1.5192039012908936,-1.4923250675201416,0.33261293172836304,-0.04175286740064621,-0.005312582943588495,-0.19268803298473358,1.502069291037426,-1.5033399322950254,0.3459844033677437,0.3748354578955904,52349,0.08011762257494404,0.0027690742146097313,0.015508090126203104,28.971561998332618,0.00011273569276352161,-5.055073743568313e-08,-0.29999997881776763
32.34092324999801,landing,1,1.5192039012908936,-1.4923250675201416,0.33261293172836304,-0.03977237269282341,-0.0036102377343922853,-0.1930353194475174,1.502072617600536,-1.503339933786658,0.3371321149930846,0.3748354578955904,52349,0.08011762257494404,0.0027690742146097313,0.015508090126203104,0.06943700282135978,0.00011273569276352161,-5.055073743568313e-08,-0.29999997881776763
32.37227175799853,landing,1,1.5178719758987427,-1.4923088550567627,0.32437053322792053,-0.03977237269282341,-0.0036102377343922853,-0.1930353194475174,1.5020737900893941,-1.5033399343124023,0.3340120150138657,0.37522316149993196,52403,0.09034726912749136,0.003781872645373393,0.015039311039120358,21.10124499813537,0.00011273569276352161,-5.055073743568313e-08,-0.29999997881776763
32.37301354199735,landing,1,1.5178719758987427,-1.4923088550567627,0.32437053322792053,-0.036802757531404495,-0.002497744280844927,-0.1899072527885437,1.5020762303654107,-1.5033399354066233,0.3275182175719009,0.37522316149993196,52403,0.09034726912749136,0.003781872645373393,0.015039311039120358,0.06564200157299638,0.00011273569276352161,-5.055073743568313e-08,-0.29999997881776763
32.41260289999991,landing,1,1.5166873931884766,-1.4921700954437256,0.31613078713417053,-0.035076793283224106,-0.002204709220677614,-0.18773595988750458,1.5020783232414296,-1.50333993634507,0.3219488832647974,0.3752208189925968,52402,0.09028546154608819,0.004685390353519219,0.012913306246488532,21.171303000301123,0.00011273569276352161,-5.055073743568313e-08,-0.29999997881776763
32.413206117998925,landing,1,1.5166873931884766,-1.4921700954437256,0.31613078713417053,-0.03203326091170311,-0.001403419068083167,-0.18554489314556122,1.5020807560810614,-1.5033399374359564,0.31547487472211655,0.3752208189925968,52402,0.09028546154608819,0.004685390353519219,0.012913306246488532,0.03394800296518952,0.00011273569276352161,-5.055073743568313e-08,-0.29999997881776763
32.44432228099686,landing,1,1.5156883001327515,-1.4920132160186768,0.30797478556632996,-0.029624681919813156,-0.0010155362542718649,-0.1863686591386795,1.502082809670495,-1.503339938356787,0.3100100856081518,0.3754926274610366,52440,0.09745718894555644,0.005468162288275146,0.010228273757838614,13.174509000236867,0.00011273569276352161,-5.055073743568313e-08,-0.29999997881776763
32.451124893999804,landing,1,1.5153616666793823,-1.4920276403427124,0.30470147728919983,-0.026470158249139786,-0.00019838355365209281,-0.18627431988716125,1.5020850573267577,-1.503339939364637,0.3040288669307667,0.3754926274610366,52440,0.09745718894555644,0.005468162288275146,0.010228273757838614,0.056813998526195064,0.00011273569276352161,-5.055073743568313e-08,-0.29999997881776763
32.48796079599924,landing,1,1.5149030685424805,-1.4919356107711792,0.2998921871185303,-0.02364230528473854,0.00037608607090078294,-0.18843640387058258,1.5020873312904581,-1.5033399403842833,0.29797764175720554,0.3760038569015978,52512,0.11094609239044217,0.0063228893349913965,0.00711489546756685,16.658426000503823,0.00011273569276352161,-5.055073743568313e-08,-0.29999997881776763
32.49105465699904,landing,1,1.5146420001983643,-1.491880178451538,0.2966524064540863,-0.018436281010508537,0.0007055111927911639,-0.19095267355442047,1.5020895614567924,-1.503339941384291,0.29204296537723184,0.3760038569015978,52512,0.11094609239044217,0.0063228893349913965,0.00711489546756685,0.05517899990081787,0.00011273569276352161,-5.055073743568313e-08,-0.29999997881776763
32.53596675399967,landing,1,1.5144299268722534,-1.4918279647827148,0.2917463183403015,-0.018436281010508537,0.0007055111927911639,-0.19095267355442047,1.5020918600079218,-1.5033399424149623,0.2859263108091079,0.3765548538734112,52589,0.1254842710662576,0.00656790970347997,0.004296866054738071,24.472213997796644,0.00011273569276352161,-5.055073743568313e-08,-0.29999997881776763
32.536641163998866,landing,1,1.5144299268722534,-1.4918279647827148,0.2917463183403015,-0.01249825581908226,0.0008824928081594408,-0.19130414724349976,1.5020946912053248,-1.5033399436844725,0.2783922358406987,0.3765548538734112,52589,0.1254842710662576,0.00656790970347997,0.004296866054738071,0.09379499897477217,0.00011273569276352161,-5.055073743568313e-08,-0.29999997881776763
32.568234119997214,landing,1,1.5140762329101562,-1.4916120767593384,0.28510311245918274,-0.01249825581908226,0.0008824928081594408,-0.19130414724349976,1.5020963763454287,-1.5033399444400901,0.2739079240570761,0.37689223268385075,52636,0.13438608664513652,0.006780315825420955,0.000995468552753544,16.63963499959209,0.00011273569276352161,-5.055073743568313e-08,-0.29999997881776763
32.571256164999795,landing,1,1.5139884948730469,-1.4915543794631958,0.2802363634109497,-0.009189937263727188,0.001069630146957934,-0.19208279252052307,1.5020985841627013,-1.5033399454300764,0.2680327205719135,0.37689223268385075,52636,0.13438608664513652,0.006780315825420955,0.000995468552753544,0.08377800259040669,0.00011273569276352161,-5.055073743568313e-08,-0.29999997881776763
32.61537354799657,landing,1,1.5140302181243896,-1.4915274381637573,0.27702653408050537,-0.006525792647153139,0.0006974627613089979,-0.19117476046085358,1.502100854897313,-1.503339946448275,0.261990088298959,0.377262874156734,52688,0.14416554503255696,0.006713271441888026,-0.0024834977990124104,24.06592300030752,0.00011273569276352161,-5.055073743568313e-08,-0.29999997881776763
32.61613876199772,landing,1,1.5140302181243896,-1.4915274381637573,0.27702653408050537,-0.003353321459144354,0.0006297017680481076,-0.19034560024738312,1.5021036506235574,-1.5033399477018798,0.2545504053242773,0.377262874156734,52688,0.14416554503255696,0.006713271441888026,-0.0024834977990124104,0.0835940008983016,0.00011273569276352161,-5.055073743568313e-08,-0.29999997881776763
32.65238534299715,landing,1,1.514028787612915,-1.4912781715393066,0.26883751153945923,-0.0006680351216346025,2.049981958407443e-05,-0.18872033059597015,1.5021053530271036,-1.5033399484652386,0.25002015394351185,0.3774750531224352,52717,0.14976393462889526,0.00644423610224568,-0.005919064351145075,21.207756999501726,0.00011273569276352161,-5.055073743568313e-08,-0.29999997881776763
32.65323544199782,landing,1,1.514028787612915,-1.4912781715393066,0.26883751153945923,0.0021705671679228544,-0.00040175780304707587,-0.18758076429367065,1.502107806039322,-1.5033399495651703,0.2434924643046592,0.3774750531224352,52717,0.14976393462889526,0.00644423610224568,-0.005919064351145075,0.08596299812779762,0.00011273569276352161,-5.055073743568313e-08,-0.29999997881776763
32.68689314499716,landing,1,1.5143046379089355,-1.4911949634552002,0.2607714831829071,0.004300001077353954,-0.0013016737066209316,-0.1870545744895935,1.5021098645001776,-1.503339950488185,0.2380147118918685,0.3777426581591566,52755,0.15682475353975,0.005713054677701306,-0.00897435500656425,15.73100400128169,0.00011273569276352161,-5.055073743568313e-08,-0.29999997881776763
32.69106084099985,landing,1,1.514388084411621,-1.4911855459213257,0.2575642168521881,0.00629110261797905,-0.001919260248541832,-0.18701410293579102,1.502112108328049,-1.5033399514943186,0.232043680912845,0.3777426581591566,52755,0.15682475353975,0.005713054677701306,-0.00897435500656425,0.05342199801816605,0.00011273569276352161,-5.055073743568313e-08,-0.29999997881776763
32.7360436889976,landing,1,1.5145546197891235,-1.4911551475524902,0.2543739378452301,0.008621234446763992,-0.003674483625218272,-0.186561718583107,1.502114429144703,-1.5033399525349738,0.2258677757493166,0.37801834080607466,52793,0.1640987020072462,0.004343468712429211,-0.011636040363836255,24.29992100223899,0.00011273569276352161,-5.055073743568313e-08,-0.29999997881776763
32.73785378499815,landing,1,1.5145808458328247,-1.4912137985229492,0.25291937589645386,0.008926253765821457,-0.0048281969502568245,-0.1847110390663147,1.5021173328527595,-1.5033399538369978,0.21814074330696465,0.37801834080607466,52793,0.1640987020072462,0.004343468712429211,-0.011636040363836255,0.15301999883376993,0.00011185893489691521,-5.015759879766137e-08,-0.29766684602758764
32.7713080029971,landing,1,1.5148862600326538,-1.491092562675476,0.24646270275115967,0.009037209674715996,-0.00510815205052495,-0.18383347988128662,1.5021188735610034,-1.5033399545278523,0.21404077789919906,0.3782080221594948,52820,0.16910348705790845,0.0035316044129546312,-0.012061456655770424,19.96672499808483,0.00010990081568487304,-4.927957722588336e-08,-0.2924561118959622
32.77189905099658,landing,1,1.5148862600326538,-1.491092562675476,0.24646270275115967,0.009037209674715996,-0.00510815205052495,-0.18383347988128662,1.502121104459272,-1.503339955528188,0.2081041537751238,0.3782080221594948,52820,0.16910348705790845,0.0035316044129546312,-0.012061456655770424,0.0463760006823577,0.00010700203097946616,-4.79797608063136e-08,-0.28474218094027537
32.8151099759998,landing,1,1.5151429176330566,-1.491031527519226,0.23861220479011536,0.008580981753766537,-0.0060141803696751595,-0.18251976370811462,1.5021231413033045,-1.5033399564415098,0.2026839257031241,0.37850648119236197,52861,0.17697839557683182,0.0030292187433071495,-0.011925649473288703,23.93789400230162,0.0001042850520260043,-4.676146617106592e-08,-0.27751205170164417
32.81558196599872,landing,1,1.5151429176330566,-1.491031527519226,0.23861220479011536,0.00797770544886589,-0.005859639961272478,-0.18080879747867584,1.5021256443915671,-1.5033399575638957,0.1960229791357082,0.37850648119236197,52861,0.17697839557683182,0.0030292187433071495,-0.011925649473288703,0.052359002438606694,0.00010084593994184705,-4.521936670179854e-08,-0.26836026022276177
32.8471173709986,landing,1,1.5153878927230835,-1.4908446073532104,0.2308398187160492,0.007087565027177334,-0.006465731654316187,-0.17910169064998627,1.5021272002405806,-1.5033399582615392,0.19188272275670837,0.3786431556080312,52880,0.18058458068683692,0.0028599067290874134,-0.011181302514889555,15.933655999106122,9.86478804223026e-05,-4.423375578375885e-08,-0.26251102301013607
32.851026866999746,landing,1,1.5154314041137695,-1.4908658266067505,0.2278853952884674,0.005932678002864122,-0.006188623141497374,-0.1784476786851883,1.5021291316405596,-1.5033399591275798,0.18674309094561758,0.3786431556080312,52880,0.18058458068683692,0.0028599067290874134,-0.011181302514889555,0.04406600055517629,9.584915244924075e-05,-4.297880484983485e-08,-0.25506335216114895
32.88837491199956,landing,1,1.5154818296432495,-1.4907865524291992,0.22331978380680084,0.004597850609570742,-0.006189100909978151,-0.17790669202804565,1.502131038460913,-1.503339959982599,0.18166886776390956,0.37894463962341396,52922,0.18853930404786112,0.0030498052869525074,-0.009772166086824402,17.140322997875046,9.300345822306841e-05,-4.1702794226019135e-08,-0.2474906998214475
32.891049880996434,landing,1,1.5154147148132324,-1.49069344997406,0.22035250067710876,0.003042931202799082,-0.005377788096666336,-0.1806424856185913,1.5021328559058997,-1.5033399607975422,0.17683248059897938,0.37894463962341396,52922,0.18853930404786112,0.0030498052869525074,-0.009772166086824402,0.0412419976782985,9.020762685251911e-05,-4.04491421300184e-08,-0.24005073709640148
32.92947470099898,landing,1,1.515353798866272,-1.4906634092330933,0.21727828681468964,0.0013386211358010769,-0.005049074534326792,-0.18055324256420135,1.5021346488329737,-1.5033399616014915,0.17206133783999555,0.37947682851258946,52997,0.20258122724510308,0.0037727873964655454,-0.007793564857800335,18.202012000983814,8.736188386803445e-05,-3.91731096429526e-08,-0.23247795500637602
32.93178261599678,landing,1,1.5153076648712158,-1.4905728101730347,0.21433617174625397,-0.0005463549168780446,-0.003940073307603598,-0.18166165053844452,1.5021363687745959,-1.5033399623727142,0.1674844160364839,0.37947682851258946,52997,0.20258122724510308,0.0037727873964655454,-0.007793564857800335,0.033198000892298296,8.454201161096469e-05,-3.790867760217639e-08,-0.22497401728574432
32.978914050996536,landing,1,1.515181303024292,-1.4903570413589478,0.20975486934185028,-0.0024745806585997343,-0.0038144660647958517,-0.18149521946907043,1.5021380366410713,-1.5033399631205864,0.1630460709563768,0.3799833201076923,53068,0.21594512157499324,0.004646766359927721,-0.005470974836451047,27.484825001010904,8.171463467971361e-05,-3.6640880461982396e-08,-0.21745010894143307
32.97946933399726,landing,1,1.515181303024292,-1.4903570413589478,0.20975486934185028,-0.006558441556990147,-0.002387441461905837,-0.17783290147781372,1.5021402653699134,-1.5033399641199494,0.15711521987410904,0.3799833201076923,53068,0.21594512157499324,0.004646766359927721,-0.005470974836451047,0.04825200085178949,7.777620648908884e-05,-3.487488741671691e-08,-0.20696959168199558
33.00714637099736,landing,1,1.5147886276245117,-1.4899810552597046,0.20235343277454376,-0.006558441556990147,-0.002387441461905837,-0.17783290147781372,1.502141181039834,-1.503339964530536,0.1546785385535947,0.38013845982568933,53089,0.22003851782821293,0.005673982353530735,-0.0028847958161545167,15.90810899870121,7.609905773921977e-05,-3.412285313177173e-08,-0.20250654562177064
33.01227574099903,landing,1,1.5144851207733154,-1.4896998405456543,0.19800978899002075,-0.008587590418756008,-0.0006899553700350225,-0.17355208098888397,1.5021426782333998,-1.5033399652018784,0.15069436968024164,0.38013845982568933,53089,0.22003851782821293,0.005673982353530735,-0.0028847958161545167,0.07444500079145655,7.32741339368462e-05,-3.285615597571535e-08,-0.1949891652775386
33.05794095999954,landing,1,1.5142322778701782,-1.489492654800415,0.1951383352279663,-0.012177126482129097,0.001108326599933207,-0.17231009900569916,1.5021441164118545,-1.5033399658467583,0.14686724540919283,0.38014713031789815,53090,0.22026729070971207,0.007961777492213528,0.0006772630614118579,26.64745599759044,7.04539820956518e-05,-3.1591598569286695e-08,-0.18748448355800632
33.058578254996974,landing,1,1.5142322778701782,-1.489492654800415,0.1951383352279663,-0.013735465705394745,0.001886364771053195,-0.1677381992340088,1.502145984460124,-1.503339966684392,0.1418961982853142,0.38014713031789815,53090,0.22026729070971207,0.007961777492213528,0.0006772630614118579,0.08781499855103903,6.661286890458453e-05,-2.986924161540093e-08,-0.17726293040381577
33.08766517899858,landing,1,1.5135550498962402,-1.4889130592346191,0.18806366622447968,-0.013735465705394745,0.001886364771053195,-0.1677381992340088,1.502146818473253,-1.503339967058364,0.1396768131476236,0.3802601853416312,53106,0.22325027286625776,0.008726411487075722,0.0019541388684240985,16.478325000207406,6.482450681683301e-05,-2.906733921766174e-08,-0.1725039354902053
33.09104543399735,landing,1,1.5133018493652344,-1.4886606931686401,0.18530848622322083,-0.015186120755970478,0.003780248574912548,-0.16414989531040192,1.5021480785816463,-1.5033399676233972,0.13632354957945458,0.3802601853416312,53106,0.22325027286625776,0.008726411487075722,0.0019541388684240985,0.04002599962404929,6.20247426619631e-05,-2.781192365932969e-08,-0.16505350726675358
33.132367824997345,landing,1,1.5128328800201416,-1.4883153438568115,0.1812431663274765,-0.01635630428791046,0.0046415491960942745,-0.1615910530090332,1.5021493477901406,-1.5033399681925108,0.13294606981229884,0.3802441808620535,53104,0.2228279910832054,0.01064249082828018,0.003860096930162466,20.272955000109505,5.907077073454939e-05,-2.6487361263564767e-08,-0.15719271807099022
33.13271903799978,landing,1,1.5128328800201416,-1.4883153438568115,0.1812431663274765,-0.017443304881453514,0.006123494356870651,-0.15861593186855316,1.5021505390523189,-1.5033399687266733,0.1297760123132019,0.3802441808620535,53104,0.2228279910832054,0.01064249082828018,0.003860096930162466,0.03870499858749099,5.6157025721056576e-05,-2.518083663484251e-08,-0.14943897636860132
33.16860877599902,landing,1,1.5121831893920898,-1.487727165222168,0.176021009683609,-0.018162939697504044,0.006346247624605894,-0.1544996201992035,1.5021515559944865,-1.5033399691826708,0.12706983628963564,0.38001894391808533,53072,0.21688506380172257,0.011957528625405616,0.005263436941826037,17.36395599800744,5.3544349266813856e-05,-2.4009311289095485e-08,-0.14248640561024684
33.17303954199815,landing,1,1.5116404294967651,-1.4873254299163818,0.17213542759418488,-0.01962418481707573,0.006642343942075968,-0.147404745221138,1.5021526349879453,-1.5033399696664917,0.12419853611086085,0.38001894391808533,53072,0.21688506380172257,0.011957528625405616,0.005263436941826037,0.07663199721719138,5.062503976040048e-05,-2.2700291539141482e-08,-0.13471785628378272
33.211424797998916,landing,1,1.5112990140914917,-1.4870636463165283,0.16979721188545227,-0.0205632783472538,0.007519542705267668,-0.14365899562835693,1.5021535854367638,-1.5033399700926735,0.1216693049645794,0.3795243102716855,53003,0.20383404410779526,0.013010699513350231,0.007135353266610088,20.159154999419115,4.790637625359296e-05,-2.1481241549384646e-08,-0.12748324429478536
33.21183289199689,landing,1,1.5112990140914917,-1.4870636463165283,0.16979721188545227,-0.0205632783472538,0.007519542705267668,-0.14365899562835693,1.502154539183023,-1.5033399705203339,0.11913129902763409,0.3795243102716855,53003,0.20383404410779526,0.013010699513350231,0.007135353266610088,0.035247001505922526,4.50135287734581e-05,-2.01840873844076e-08,-0.11978511283801656
33.25890653699753,landing,1,1.5103427171707153,-1.4863659143447876,0.16362111270427704,-0.021842308342456818,0.007185322232544422,-0.13764865696430206,1.5021553846797044,-1.503339970899455,0.11688135510774367,0.37952977999185444,53004,0.20397836390117163,0.013189758362585294,0.008391467390046783,27.699719998054206,4.228384605724692e-05,-1.8960096375993247e-08,-0.1125211777259989
33.260124595999514,landing,1,1.5103427171707153,-1.4863659143447876,0.16362111270427704,-0.02210959419608116,0.006733305752277374,-0.1345069855451584,1.5021565199406204,-1.5033399714085065,0.11386032208402996,0.37952977999185444,53004,0.20397836390117163,0.013189758362585294,0.008391467390046783,0.05441399844130501,3.83139996969313e-05,-1.7180015408723474e-08,-0.10195705384641565
33.28569592399799,landing,1,1.5094056129455566,-1.4856610298156738,0.15798580646514893,-0.02210959419608116,0.006733305752277374,-0.1345069855451584,1.5021569618687314,-1.5033399716066673,0.11268431100334508,0.3798237646685202,53045,0.21173521552823615,0.013289949362477207,0.009041167808343022,14.593457999581005,3.665255643839933e-05,-1.6435023473449614e-08,-0.09753580153360959
33.291055003999645,landing,1,1.5090558528900146,-1.4853708744049072,0.15582990646362305,-0.022036129608750343,0.006603277288377285,-0.12196855247020721,1.5021576656804791,-1.5033399719222567,0.11081140363669695,0.3798237646685202,53045,0.21173521552823615,0.013289949362477207,0.009041167808343022,0.036392000765772536,3.383855982506027e-05,-1.5173226074074135e-08,-0.0900474994377879
33.33250620999752,landing,1,1.5085004568099976,-1.4850109815597534,0.15262462198734283,-0.022036129608750343,0.006603277288377285,-0.12196855247020721,1.5021583269894723,-1.503339972218788,0.10905159998376401,0.379084830832265,52942,0.1922382805346956,0.013584978089802018,0.009498290323013815,20.94745700014755,3.0962320848839744e-05,-1.3883519170030981e-08,-0.08239356472741197
33.332956997997826,landing,1,1.5085004568099976,-1.4850109815597534,0.15262462198734283,-0.02180180884897709,0.006874519865959883,-0.11584968119859695,1.5021589580857722,-1.503339972501772,0.10737219506823448,0.379084830832265,52942,0.1922382805346956,0.013584978089802018,0.009498290323013815,0.04249099947628565,2.794275605484019e-05,-1.2529544902168099e-08,-0.07435822692060995
33.367986934998044,landing,1,1.5078299045562744,-1.4845571517944336,0.14880555868148804,-0.020319214090704918,0.005584927275776863,-0.10601416975259781,1.5021594446692235,-1.5033399727199561,0.10607735204667779,0.3777973729832003,52762,0.1582684164432795,0.013281691668389951,0.008889924283119825,16.81836199713871,2.537044165544946e-05,-1.1376117920720543e-08,-0.06751306327799508
33.371335668998654,landing,1,1.507399082183838,-1.4842818975448608,0.14618262648582458,-0.020319214090704918,0.005584927275776863,-0.10601416975259781,1.502159922120475,-1.5033399729340455,0.10480681064237385,0.3777973729832003,52762,0.1582684164432795,0.013281691668389951,0.008889924283119825,0.044300999434199184,2.256312956434138e-05,-1.011731786424418e-08,-0.06004254930657787
33.414011250999465,landing,1,1.507014513015747,-1.4840718507766724,0.14446936547756195,-0.017747661098837852,0.003158188657835126,-0.0969337671995163,1.5021603480032306,-1.5033399731250114,0.10367349771803536,0.3772973999314677,52692,0.14507651534215427,0.012137331202597386,0.007827503882109186,22.751054999389453,1.972471411783934e-05,-8.844571048641697e-09,-0.05248926646462271
33.414483685999585,landing,1,1.507014513015747,-1.4840718507766724,0.14446936547756195,-0.0162225142121315,0.00159370806068182,-0.08913955092430115,1.5021607661880796,-1.503339973312526,0.10256066962630328,0.3772973999314677,52692,0.14507651534215427,0.012137331202597386,0.007827503882109186,0.03996299710706808,1.6468255839238177e-05,-7.384373631332797e-09,-0.043823533450939534
33.4484110279991,landing,1,1.5063468217849731,-1.483604907989502,0.14044564962387085,-0.0162225142121315,0.00159370806068182,-0.08913955092430115,1.5021610227916908,-1.503339973427587,0.10187782397202727,0.3768883663471995,52635,0.13428407248547458,0.01147797566185051,0.007295145393211169,17.269716001464985,1.4102570181984824e-05,-6.323599074635602e-09,-0.03752822777029581
33.45107393099897,landing,1,1.5061516761779785,-1.483454942703247,0.13886651396751404,-0.015223320573568344,0.0008885717252269387,-0.08294329047203064,1.5021612756446738,-1.5033399735409665,0.10120495908162486,0.3768883663471995,52635,0.13428407248547458,0.01147797566185051,0.007295145393211169,0.06435099930968136,1.1296840054288916e-05,-5.065508371294179e-09,-0.030061923548058367
33.493436218999705,landing,1,1.5058530569076538,-1.4833253622055054,0.13678301870822906,-0.015059063211083412,-0.0010304019087925553,-0.0772005245089531,1.5021614746277456,-1.5033399736301905,0.10067544694653918,0.3760419113417479,52517,0.11195016732843932,0.010113523812296752,0.006891968023415982,22.24631300123292,8.457976060842982e-06,-3.792560427031974e-09,-0.022507447081702905
33.49411588199655,landing,1,1.5058530569076538,-1.4833253622055054,0.13678301870822906,-0.01524844579398632,-0.002296729711815715,-0.07050613313913345,1.5021616302715448,-1.5033399736999813,0.10026126457644069,0.3760419113417479,52517,0.11195016732843932,0.010113523812296752,0.006891968023415982,0.04809899837709963,5.2603070504600806e-06,-2.3587241451264913e-09,-0.01399815768217471
33.54015805399831,landing,1,1.5052464008331299,-1.4834481477737427,0.13411776721477509,-0.01456349715590477,-0.005848573055118322,-0.06393095850944519,1.5021617017941633,-1.503339973732052,0.10007093635353748,0.37499680643950895,52371,0.08437484009258256,0.007242365434175935,0.006940325567278302,28.341836001345655,2.7409761724852466e-06,-1.2290549994970125e-09,-0.007293988031017384
33.540843003997,landing,1,1.5052464008331299,-1.4834481477737427,0.13411776721477509,-0.014024932868778706,-0.007931827567517757,-0.05917133763432503,1.5021617284510285,-1.503339973744005,0.10000000000000009,0.37499680643950895,52371,0.08437484009258256,0.007242365434175935,0.006940325567278302,0.0802690010459628,0.0,-0.0,-0.0
33.57314776899875,landing,1,1.5048433542251587,-1.4835941791534424,0.13211864233016968,-0.013479936867952347,-0.009536545723676682,-0.052050404250621796,1.5021617284510285,-1.503339973744005,0.10000000000000009,0.37411614686677214,52248,0.06113843975651889,0.004993960096842661,0.00653675329055673,21.850288998393808,0.0,-0.0,-0.0
33.57437089099767,landing,1,1.5048433542251587,-1.4835941791534424,0.13211864233016968,-0.01315993256866932,-0.011976895853877068,-0.047062817960977554,1.5021617284510285,-1.503339973744005,0.10000000000000009,0.37411614686677214,52248,0.06113843975651889,0.004993960096842661,0.00653675329055673,0.034983000659849495,0.0,-0.0,-0.0
33.60667438699966,landing,1,1.5044939517974854,-1.4838634729385376,0.12979713082313538,-0.01244426891207695,-0.013778535649180412,-0.041057050228118896,1.5021617284510285,-1.503339973744005,0.10000000000000009,0.37338208894794855,52146,0.041770156937955605,0.0023449955372226903,0.0061243142133034,15.494217001105426,0.0,-0.0,-0.0
33.611168685998564,landing,1,1.504326343536377,-1.4840106964111328,0.12863226234912872,-0.01244426891207695,-0.013778535649180412,-0.041057050228118896,1.5021617284510285,-1.503339973744005,0.10000000000000009,0.37338208894794855,52146,0.041770156937955605,0.0023449955372226903,0.0061243142133034,0.05367300036596134,0.0,-0.0,-0.0
33.64825211599964,landing,1,1.5041433572769165,-1.4843031167984009,0.1280297189950943,-0.010886896401643753,-0.018128415569663048,-0.026063311845064163,1.5021617284510285,-1.503339973744005,0.10000000000000009,0.37236375771443475,52003,0.014901258956060204,-0.00047142652026421875,0.005405655440060828,16.76861799933249,0.0,-0.0,-0.0
33.65102320099686,landing,1,1.5040146112442017,-1.4845876693725586,0.12752747535705566,-0.010886896401643753,-0.018128415569663048,-0.026063311845064163,1.5021617284510285,-1.503339973744005,0.10000000000000009,0.37236375771443475,52003,0.014901258956060204,-0.00047142652026421875,0.005405655440060828,0.03790600021602586,0.0,-0.0,-0.0
33.69836561699776,landing,1,1.5037996768951416,-1.4850667715072632,0.1268630474805832,-0.008761436678469181,-0.022802453488111496,-0.02054358832538128,1.5021617284510285,-1.503339973744005,0.10000000000000009,0.3720381364351127,51958,0.00630966847262826,-0.003662488285381608,0.004332582270253228,26.691099999879953,0.0,-0.0,-0.0
33.698967960997834,landing,1,1.5037996768951416,-1.4850667715072632,0.1268630474805832,-0.008528120815753937,-0.025656329467892647,-0.014106071554124355,1.5021617284510285,-1.503339973744005,0.10000000000000009,0.3720381364351127,51958,0.00630966847262826,-0.003662488285381608,0.004332582270253228,0.04795800123247318,0.0,-0.0,-0.0
33.72930448399711,landing,1,1.5035362243652344,-1.4858121871948242,0.12610085308551788,-0.008689864538609982,-0.027717873454093933,-0.009581203572452068,1.5021617284510285,-1.503339973744005,0.10000000000000009,0.3716567844649072,51905,-0.0037523887887296326,-0.006999672919464252,0.004431885245651325,17.987487000937108,0.0,-0.0,-0.0
33.73220643699824,landing,1,1.5034433603286743,-1.4862456321716309,0.12583118677139282,-0.008689864538609982,-0.027717873454093933,-0.009581203572452068,1.5021617284510285,-1.503339973744005,0.10000000000000009,0.3716567844649072,51905,-0.0037523887887296326,-0.006999672919464252,0.004431885245651325,0.05930699990130961,0.0,-0.0,-0.0
33.76745797299736,landing,1,1.5032376050949097,-1.4871459007263184,0.1255505532026291,-0.010857305489480495,-0.03288043662905693,-0.006845034658908844,1.5021617284510285,-1.503339973744005,0.10000000000000009,0.37158831985230834,51895,-0.005558842947010589,-0.010791861230984072,0.005879021459151443,15.96308900116128,0.0,-0.0,-0.0
33.771419976998004,landing,1,1.5031110048294067,-1.4880024194717407,0.1252005696296692,-0.01130356639623642,-0.03591349348425865,-0.00601699436083436,1.5021617284510285,-1.503339973744005,0.10000000000000009,0.37158831985230834,51895,-0.005558842947010589,-0.010791861230984072,0.005879021459151443,0.046449997171293944,0.0,-0.0,-0.0
33.808040676998644,landing,1,1.502972960472107,-1.4886161088943481,0.12504376471042633,-0.010641095228493214,-0.03826107829809189,-0.001034243032336235,1.5021617284510285,-1.503339973744005,0.10000000000000009,0.3713991889625249,51869,-0.010549103891165146,-0.014801101060090902,0.005904350184310013,16.89318699936848,0.0,-0.0,-0.0
33.81277600499743,landing,1,1.5027961730957031,-1.489583134651184,0.12495315819978714,-0.009863641113042831,-0.03994065895676613,0.003683944931253791,1.5021617284510285,-1.503339973744005,0.10000000000000009,0.3713991889625249,51869,-0.010549103891165146,-0.014801101060090902,0.005904350184310013,0.05246799992164597,0.0,-0.0,-0.0
33.84542930799944,landing,1,1.502652645111084,-1.4902476072311401,0.12496743351221085,-0.00884073693305254,-0.040442049503326416,0.006925060413777828,1.5021617284510285,-1.503339973744005,0.10000000000000009,0.3711317775586073,51831,-0.01760481375706391,-0.017006447885296413,0.005012028287361794,14.256385999033228,0.0,-0.0,-0.0
33.851106384998275,landing,1,1.5024936199188232,-1.4910235404968262,0.12509112060070038,-0.007899378426373005,-0.04079464077949524,0.01031989324837923,1.5021617284510285,-1.503339973744005,0.10000000000000009,0.3711317775586073,51831,-0.01760481375706391,-0.017006447885296413,0.005012028287361794,0.04858100146520883,0.0,-0.0,-0.0
33.88518619399838,landing,1,1.5022857189178467,-1.4920964241027832,0.12523984909057617,-0.0070046912878751755,-0.040725357830524445,0.014252623543143272,1.5021617284510285,-1.503339973744005,0.10000000000000009,0.37088406393714546,51797,-0.024140793215160272,-0.018193577539338576,0.004117291182765245,14.06692799719167,0.0,-0.0,-0.0
33.89109269999972,landing,1,1.5021589994430542,-1.4927374124526978,0.12538455426692963,-0.00704694539308548,-0.040457285940647125,0.015774283558130264,1.5021617284510285,-1.503339973744005,0.10000000000000009,0.37088406393714546,51797,-0.024140793215160272,-0.018193577539338576,0.004117291182765245,0.05702699854737148,0.0,-0.0,-0.0
33.92568814399783,landing,1,1.5020403861999512,-1.4933558702468872,0.12553325295448303,-0.0076224952936172485,-0.039625611156225204,0.01830160617828369,1.5021617284510285,-1.503339973744005,0.10000000000000009,0.37074805693870017,51778,-0.027729368372028773,-0.018240805606475115,0.004615314663300755,14.442503001191653,0.0,-0.0,-0.0
33.93103949799843,landing,1,1.501793384552002,-1.4944734573364258,0.12618611752986908,-0.0076224952936172485,-0.039625611156225204,0.01830160617828369,1.5021617284510285,-1.503339973744005,0.10000000000000009,0.37074805693870017,51778,-0.027729368372028773,-0.018240805606475115,0.004615314663300755,0.04364900087239221,0.0,-0.0,-0.0
33.9651997889996,landing,1,1.5016769170761108,-1.495107650756836,0.12655051052570343,-0.010660245083272457,-0.036448247730731964,0.025973789393901825,1.5021617284510285,-1.503339973744005,0.10000000000000009,0.3704728578268033,51739,-0.03499055865954581,-0.01730561085091822,0.006623250983967042,13.903975999710383,0.0,-0.0,-0.0
33.97114756299925,landing,1,1.5015010833740234,-1.49595308303833,0.12679262459278107,-0.012422054074704647,-0.03431778773665428,0.024984529241919518,1.5021617284510285,-1.503339973744005,0.10000000000000009,0.3704728578268033,51739,-0.03499055865954581,-0.01730561085091822,0.006623250983967042,0.06189600026118569,0.0,-0.0,-0.0
34.00597540099989,landing,1,1.5014402866363525,-1.4963862895965576,0.1268804371356964,-0.013184814713895321,-0.031935300678014755,0.02401529811322689,1.5021617284510285,-1.503339973744005,0.10000000000000009,0.3705279455497397,51747,-0.03353705673510099,-0.015310947267162301,0.008263726155542703,14.774712999496842,0.0,-0.0,-0.0
34.01171116799742,landing,1,1.501340389251709,-1.4970300197601318,0.1270611435174942,-0.012723501771688461,-0.029414862394332886,0.02717571146786213,1.5021617284510285,-1.503339973744005,0.10000000000000009,0.3705279455497397,51747,-0.03353705673510099,-0.015310947267162301,0.008263726155542703,0.06151799971121363,0.0,-0.0,-0.0
34.04522120799811,landing,1,1.501322627067566,-1.4974955320358276,0.1272902935743332,-0.010585373267531395,-0.02693023905158043,0.029637057334184647,1.5021617284510285,-1.503339973744005,0.10000000000000009,0.37033780984397074,51720,-0.038553829974388165,-0.012932156803742354,0.006795077933640106,13.974510999105405,0.0,-0.0,-0.0
34.05108818699955,landing,1,1.5012965202331543,-1.4978865385055542,0.12759892642498016,-0.008011619560420513,-0.024879375472664833,0.0360630638897419,1.5021617284510285,-1.503339973744005,0.10000000000000009,0.37033780984397074,51720,-0.038553829974388165,-0.012932156803742354,0.006795077933640106,0.056540000514360145,0.0,-0.0,-0.0
34.08451677299672,landing,1,1.5012885332107544,-1.4984230995178223,0.1282019019126892,-0.008011619560420513,-0.024879375472664833,0.0360630638897419,1.5021617284510285,-1.503339973744005,0.10000000000000009,0.37010914506006964,51688,-0.044587201581277824,-0.012210636131830647,0.00527891969801017,13.394707999395905,0.0,-0.0,-0.0
34.09116392899887,landing,1,1.5013960599899292,-1.4987245798110962,0.12861408293247223,-0.004016651306301355,-0.020964251831173897,0.03889042139053345,1.5021617284510285,-1.503339973744005,0.10000000000000009,0.37010914506006964,51688,-0.044587201581277824,-0.012210636131830647,0.00527891969801017,0.07669999831705354,0.0,-0.0,-0.0
34.130677329998434,landing,1,1.5015355348587036,-1.4992882013320923,0.12931014597415924,-0.0022230588365346193,-0.01876516081392765,0.03707875683903694,1.5021617284510285,-1.503339973744005,0.10000000000000009,0.37005648051601764,51681,-0.04597676738739942,-0.009036119161260832,0.0016942668384689454,18.662731999938842,0.0,-0.0,-0.0
34.131195528996614,landing,1,1.5015355348587036,-1.4992882013320923,0.12931014597415924,-0.0022230588365346193,-0.01876516081392765,0.03707875683903694,1.5021617284510285,-1.503339973744005,0.10000000000000009,0.37005648051601764,51681,-0.04597676738739942,-0.009036119161260832,0.0016942668384689454,0.03811799979303032,0.0,-0.0,-0.0
34.167827861998376,landing,1,1.5019475221633911,-1.4998178482055664,0.13026824593544006,0.0023330000694841146,-0.014345486648380756,0.040180135518312454,1.5021617284510285,-1.503339973744005,0.10000000000000009,0.36993557021538304,51664,-0.04916701278672875,-0.006680647622242653,-0.0012589649955514314,16.44742400094401,0.0,-0.0,-0.0
34.171670036997966,landing,1,1.5022794008255005,-1.500042200088501,0.1310063749551773,0.0023330000694841146,-0.014345486648380756,0.040180135518312454,1.5021617284510285,-1.503339973744005,0.10000000000000009,0.36993557021538304,51664,-0.04916701278672875,-0.006680647622242653,-0.0012589649955514314,0.0390170025639236,0.0,-0.0,-0.0
34.20577987499928,landing,1,1.5024625062942505,-1.5001529455184937,0.13150203227996826,0.006280653644353151,-0.010620007291436195,0.040075577795505524,1.5021617284510285,-1.503339973744005,0.10000000000000009,0.36991733130160187,51662,-0.04964825061736633,-0.004632866867183662,-0.003904112182179684,14.399282001249958,0.0,-0.0,-0.0
34.21122575699701,landing,1,1.502794861793518,-1.5002822875976562,0.13238520920276642,0.007711011450737715,-0.008510005660355091,0.04452577605843544,1.5021617284510285,-1.503339973744005,0.10000000000000009,0.36991733130160187,51662,-0.04964825061736633,-0.004632866867183662,-0.003904112182179684,0.05851800233358517,0.0,-0.0,-0.0
34.247318307996466,landing,1,1.5030856132507324,-1.50029718875885,0.132976695895195,0.009455778636038303,-0.005949367303401232,0.04658571258187294,1.5021617284510285,-1.503339973744005,0.10000000000000009,0.36967651986805683,51628,-0.05600211429929303,-0.0019212136742403582,-0.006149779394998604,15.892847000941401,0.0,-0.0,-0.0
34.25151864799773,landing,1,1.5036497116088867,-1.500274896621704,0.13385066390037537,0.010269159451127052,-0.0034540207125246525,0.04883280396461487,1.5021617284510285,-1.503339973744005,0.10000000000000009,0.36967651986805683,51628,-0.05600211429929303,-0.0019212136742403582,-0.006149779394998604,0.060935002693440765,0.0,-0.0,-0.0
34.28537804499865,landing,1,1.5040953159332275,-1.5002384185791016,0.13441532850265503,0.012054926715791225,-0.0006251942249946296,0.04938439652323723,1.5021617284510285,-1.503339973744005,0.10000000000000009,0.3695575766997509,51611,-0.059140456470952785,0.001296701454717135,-0.008255953542427712,14.225848000933183,0.0,-0.0,-0.0
34.29111737199855,landing,1,1.5045464038848877,-1.5001780986785889,0.1350010633468628,0.013771544210612774,0.001984477275982499,0.05335121229290962,1.5021617284510285,-1.503339973744005,0.10000000000000009,0.3695575766997509,51611,-0.059140456470952785,0.001296701454717135,-0.008255953542427712,0.055049000366125256,0.0,-0.0,-0.0
34.32949407199703,landing,1,1.5050630569458008,-1.5000433921813965,0.13599374890327454,0.016795944422483444,0.004524732008576393,0.05358504131436348,1.5021617284510285,-1.503339973744005,0.10000000000000009,0.36939094792402577,51588,-0.06353699408903069,0.004490734928337381,-0.011624498088540451,17.352620998281054,0.0,-0.0,-0.0
34.332081715998356,landing,1,1.5054185390472412,-1.4999349117279053,0.13669782876968384,0.016795944422483444,0.004524732008576393,0.05358504131436348,1.5021617284510285,-1.503339973744005,0.10000000000000009,0.36939094792402577,51588,-0.06353699408903069,0.004490734928337381,-0.011624498088540451,0.03913900218321942,0.0,-0.0,-0.0
34.36419847899742,landing,1,1.5058531761169434,-1.4998172521591187,0.13744701445102692,0.018799979239702225,0.007543762680143118,0.056861717253923416,1.5021617284510285,-1.503339973744005,0.10000000000000009,0.36925655163259236,51569,-0.06708307038014993,0.0064333967924300834,-0.013273330677636499,13.020924001466483,0.0,-0.0,-0.0
34.371082208999724,landing,1,1.5064975023269653,-1.49957275390625,0.13847261667251587,0.01742589846253395,0.007959119975566864,0.058313798159360886,1.5021617284510285,-1.503339973744005,0.10000000000000009,0.36925655163259236,51569,-0.06708307038014993,0.0064333967924300834,-0.013273330677636499,0.049834998208098114,0.0,-0.0,-0.0
34.407588002999546,landing,1,1.5069867372512817,-1.4993492364883423,0.13919025659561157,0.01604497618973255,0.007867157459259033,0.059182699769735336,1.5021617284510285,-1.503339973744005,0.10000000000000009,0.36915215964432185,51555,-0.06983747640311933,0.006889615550153811,-0.012252064638631781,16.44655899872305,0.0,-0.0,-0.0
34.41126356999666,landing,1,1.5072964429855347,-1.499320387840271,0.14001743495464325,0.01408443320542574,0.007321797776967287,0.06115280091762543,1.5021617284510285,-1.503339973744005,0.10000000000000009,0.36915215964432185,51555,-0.06983747640311933,0.006889615550153811,-0.012252064638631781,0.073279003117932,0.0,-0.0,-0.0
34.44431393999912,landing,1,1.5078508853912354,-1.4990241527557373,0.14119265973567963,0.012915482744574547,0.007142630405724049,0.05722758546471596,1.5021617284510285,-1.503339973744005,0.10000000000000009,0.3691749843303951,51558,-0.06923524194208319,0.006637424199479528,-0.010850219466599212,13.1691429996863,0.0,-0.0,-0.0
34.45114212399858,landing,1,1.5081557035446167,-1.4990006685256958,0.14201372861862183,0.012915482744574547,0.007142630405724049,0.05722758546471596,1.5021617284510285,-1.503339973744005,0.10000000000000009,0.3691749843303951,51558,-0.06923524194208319,0.006637424199479528,-0.010850219466599212,0.05474299905472435,0.0,-0.0,-0.0
34.48446236599921,landing,1,1.5086113214492798,-1.4987503290176392,0.14305409789085388,0.009082232601940632,0.008569009602069855,0.05699392780661583,1.5021617284510285,-1.503339973744005,0.10000000000000009,0.3691535651054355,51555,-0.06980039299642549,0.007637369761117988,-0.008969040085028345,13.231810000434052,0.0,-0.0,-0.0
34.491183878999436,landing,1,1.5088517665863037,-1.4985498189926147,0.1437586396932602,0.009082232601940632,0.008569009602069855,0.05699392780661583,1.5021617284510285,-1.503339973744005,0.10000000000000009,0.3691535651054355,51555,-0.06980039299642549,0.007637369761117988,-0.008969040085028345,0.055149997933767736,0.0,-0.0,-0.0
34.52940966099777,landing,1,1.5091361999511719,-1.4985100030899048,0.14501507580280304,0.005298458505421877,0.0095954779535532,0.058890823274850845,1.5021617284510285,-1.503339973744005,0.10000000000000009,0.3690589324485991,51542,-0.07229729687073672,0.008388279795782024,-0.006989838198785847,17.69695500115631,0.0,-0.0,-0.0
34.531633688999136,landing,1,1.5093134641647339,-1.4984904527664185,0.14586743712425232,0.005298458505421877,0.0095954779535532,0.058890823274850845,1.5021617284510285,-1.503339973744005,0.10000000000000009,0.3690589324485991,51542,-0.07229729687073672,0.008388279795782024,-0.006989838198785847,0.03527600347297266,0.0,-0.0,-0.0
34.56961398499698,landing,1,1.509520411491394,-1.4984296560287476,0.1466279774904251,0.0014976816019043326,0.006613876670598984,0.056792087852954865,1.5021617284510285,-1.503339973744005,0.10000000000000009,0.3690951560415009,51547,-0.07134152924799864,0.006656874150115922,-0.00491961330418556,18.312550000700867,0.0,-0.0,-0.0
34.57217420399684,landing,1,1.5096771717071533,-1.4983817338943481,0.14726056158542633,0.0014976816019043326,0.006613876670598984,0.056792087852954865,1.5021617284510285,-1.503339973744005,0.10000000000000009,0.3690951560415009,51547,-0.07134152924799864,0.006656874150115922,-0.00491961330418556,0.05206800051382743,0.0,-0.0,-0.0
34.605571006999526,landing,1,1.5097211599349976,-1.4984599351882935,0.14840272068977356,-0.0034222269896417856,-0.00043886195635423064,0.054878585040569305,1.5021617284510285,-1.503339973744005,0.10000000000000009,0.36912407245144535,51551,-0.07057856328640355,0.002421825591149135,-0.002082189086425344,14.343317001475953,0.0,-0.0,-0.0
34.61111208499642,landing,1,1.509644865989685,-1.4986553192138672,0.14963671565055847,-0.0034222269896417856,-0.00043886195635423064,0.054878585040569305,1.5021617284510285,-1.503339973744005,0.10000000000000009,0.36912407245144535,51551,-0.07057856328640355,0.002421825591149135,-0.002082189086425344,0.06876800034660846,0.0,-0.0,-0.0
34.64712204499665,landing,1,1.5096213817596436,-1.4987894296646118,0.15044033527374268,-0.008711377158761024,-0.007842532359063625,0.05570574849843979,1.5021617284510285,-1.503339973744005,0.10000000000000009,0.36906749558659196,51543,-0.07207135655430363,-0.0021958320069722765,0.0011410118123937876,15.907080000033602,0.0,-0.0,-0.0
34.65103402399836,landing,1,1.509555697441101,-1.4990005493164062,0.1512324959039688,-0.011484392918646336,-0.01050560548901558,0.05788540840148926,1.5021617284510285,-1.503339973744005,0.10000000000000009,0.36906749558659196,51543,-0.07207135655430363,-0.0021958320069722765,0.0011410118123937876,0.05041899930802174,0.0,-0.0,-0.0
34.68469971599916,landing,1,1.5094506740570068,-1.4994451999664307,0.1524243950843811,-0.013262607157230377,-0.012898396700620651,0.05600616708397865,1.5021617284510285,-1.503339973744005,0.10000000000000009,0.36902220502483224,51537,-0.0732663581838473,-0.005591606740932919,0.00396787613359284,13.564742999733426,0.0,-0.0,-0.0
34.69114556399654,landing,1,1.5093836784362793,-1.499792218208313,0.15320894122123718,-0.013262607157230377,-0.012898396700620651,0.05600616708397865,1.5021617284510285,-1.503339973744005,0.10000000000000009,0.36902220502483224,51537,-0.0732663581838473,-0.005591606740932919,0.00396787613359284,0.06550500256707892,0.0,-0.0,-0.0
34.72891623199757,landing,1,1.5092270374298096,-1.5002299547195435,0.15419580042362213,-0.014857337810099125,-0.01490175724029541,0.05702504143118858,1.5021617284510285,-1.503339973744005,0.10000000000000009,0.36895790840394244,51528,-0.07496283894611189,-0.007231665673896811,0.005056902225893854,16.97788200181094,0.0,-0.0,-0.0
34.73121799799992,landing,1,1.5090886354446411,-1.500637412071228,0.15494681894779205,-0.014559506438672543,-0.017256230115890503,0.056375157088041306,1.5021617284510285,-1.503339973744005,0.10000000000000009,0.36895790840394244,51528,-0.07496283894611189,-0.007231665673896811,0.005056902225893854,0.04479299968807027,0.0,-0.0,-0.0
34.7666194049998,landing,1,1.5088870525360107,-1.5010366439819336,0.15577064454555511,-0.012470267713069916,-0.02125466987490654,0.05538131669163704,1.5021617284510285,-1.503339973744005,0.10000000000000009,0.36897919861300726,51531,-0.07440109200508616,-0.011472159820908307,0.0038199758343228475,15.353908001998207,0.0,-0.0,-0.0
34.771093303999805,landing,1,1.5086264610290527,-1.5015931129455566,0.15692800283432007,-0.012529238127171993,-0.022473899647593498,0.054405469447374344,1.5021617284510285,-1.503339973744005,0.10000000000000009,0.36897919861300726,51531,-0.07440109200508616,-0.011472159820908307,0.0038199758343228475,0.05241099643171765,0.0,-0.0,-0.0
34.80612059699706,landing,1,1.508421540260315,-1.5021013021469116,0.15783093869686127,-0.012448855675756931,-0.02358725294470787,0.05348510295152664,1.5021617284510285,-1.503339973744005,0.10000000000000009,0.3690051442501862,51534,-0.07371651054917727,-0.013461169091854387,0.004051700151169078,14.916358999471413,0.0,-0.0,-0.0
34.811020792996715,landing,1,1.5081709623336792,-1.5027120113372803,0.15898297727108002,-0.012991099618375301,-0.023992788046598434,0.053877852857112885,1.5021617284510285,-1.503339973744005,0.10000000000000009,0.3690051442501862,51534,-0.07371651054917727,-0.013461169091854387,0.004051700151169078,0.044043001253157854,0.0,-0.0,-0.0
34.84677772899886,landing,1,1.5080184936523438,-1.5031039714813232,0.15972445905208588,-0.012991099618375301,-0.023992788046598434,0.053877852857112885,1.5021617284510285,-1.503339973744005,0.10000000000000009,0.36896395904481755,51529,-0.07480319142961811,-0.014260768874237297,0.004596590163304504,15.53662599690142,0.0,-0.0,-0.0
34.851049056997,landing,1,1.5078825950622559,-1.5034795999526978,0.16043442487716675,-0.012017651461064816,-0.023525454103946686,0.051043443381786346,1.5021617284510285,-1.503339973744005,0.10000000000000009,0.36896395904481755,51529,-0.07480319142961811,-0.014260768874237297,0.004596590163304504,0.05283000064082444,0.0,-0.0,-0.0
34.88597623599708,landing,1,1.5076191425323486,-1.5042129755020142,0.1615966409444809,-0.010370335541665554,-0.022634945809841156,0.05036543309688568,1.5021617284510285,-1.503339973744005,0.10000000000000009,0.3690429310745629,51540,-0.07271949671338263,-0.014051810363065586,0.0032502181528144334,14.85071899878676,0.0,-0.0,-0.0
34.89103553699897,landing,1,1.507550597190857,-1.5046242475509644,0.16237591207027435,-0.008817736990749836,-0.021271614357829094,0.051381006836891174,1.5021617284510285,-1.503339973744005,0.10000000000000009,0.3690429310745629,51540,-0.07271949671338263,-0.014051810363065586,0.0032502181528144334,0.05363099990063347,0.0,-0.0,-0.0
34.92377778399896,landing,1,1.5073747634887695,-1.5052796602249146,0.16348080337047577,-0.006774847395718098,-0.0199620071798563,0.05179250240325928,1.5021617284510285,-1.503339973744005,0.10000000000000009,0.3689681440601564,51529,-0.07469276886131127,-0.013036716426337127,0.001231086764363791,12.666899998293957,0.0,-0.0,-0.0
34.93113628199717,landing,1,1.507306456565857,-1.50564444065094,0.16420453786849976,-0.0051343911327421665,-0.018366923555731773,0.05087025836110115,1.5021617284510285,-1.503339973744005,0.10000000000000009,0.3689681440601564,51529,-0.07469276886131127,-0.013036716426337127,0.001231086764363791,0.060894999478477985,0.0,-0.0,-0.0
34.969203402997664,landing,1,1.5072401762008667,-1.505976915359497,0.16488045454025269,-0.0033179696183651686,-0.016917269676923752,0.04930343106389046,1.5021617284510285,-1.503339973744005,0.10000000000000009,0.36902115704696536,51537,-0.07329400931489971,-0.011594385820004103,-0.000769681248897254,17.81071999721462,0.0,-0.0,-0.0
34.971970923998015,landing,1,1.507224678993225,-1.506276249885559,0.16550877690315247,-0.0033179696183651686,-0.016917269676923752,0.04930343106389046,1.5021617284510285,-1.503339973744005,0.10000000000000009,0.36902115704696536,51537,-0.07329400931489971,-0.011594385820004103,-0.000769681248897254,0.04036899917991832,0.0,-0.0,-0.0
35.00683315199785,landing,1,1.5071607828140259,-1.5067507028579712,0.1666164994239807,-0.001305241254158318,-0.013792995363473892,0.04898728430271149,1.5021617284510285,-1.503339973744005,0.10000000000000009,0.3690037136195257,51534,-0.07375425806000813,-0.010140558082072768,-0.0019385904889455455,15.31491299829213,0.0,-0.0,-0.0
35.011070995999034,landing,1,1.5071070194244385,-1.5071650743484497,0.16769520938396454,-0.0016387002542614937,-0.012205509468913078,0.05009660869836807,1.5021617284510285,-1.503339973744005,0.10000000000000009,0.3690037136195257,51534,-0.07375425806000813,-0.010140558082072768,-0.0019385904889455455,0.06494699846371077,0.0,-0.0,-0.0
35.04685219199746,landing,1,1.5071107149124146,-1.5074187517166138,0.1684032678604126,-0.002350111957639456,-0.010908244177699089,0.05249682068824768,1.5021617284510285,-1.503339973744005,0.10000000000000009,0.3688561040026013,51513,-0.07764897090761735,-0.008777389975237792,-0.0012938564768080374,15.631951002433198,0.0,-0.0,-0.0
35.05113962299947,landing,1,1.5070459842681885,-1.507749319076538,0.16920414566993713,-0.0032348039094358683,-0.009233012795448303,0.052304793149232864,1.5021617284510285,-1.503339973744005,0.10000000000000009,0.3688561040026013,51513,-0.07764897090761735,-0.008777389975237792,-0.0012938564768080374,0.05315100133884698,0.0,-0.0,-0.0
35.08465479199731,landing,1,1.5070194005966187,-1.5080773830413818,0.1703488826751709,-0.003663811832666397,-0.0077874246053397655,0.05268217623233795,1.5021617284510285,-1.503339973744005,0.10000000000000009,0.3688164420285657,51508,-0.07869546098771352,-0.007264068208782951,-0.00045678187577848425,13.445314001728548,0.0,-0.0,-0.0
35.09116529599851,landing,1,1.506981611251831,-1.5082911252975464,0.17101450264453888,-0.00371467019431293,-0.005790257826447487,0.05457283556461334,1.5021617284510285,-1.503339973744005,0.10000000000000009,0.3688164420285657,51508,-0.07869546098771352,-0.007264068208782951,-0.00045678187577848425,0.059180001699132845,0.0,-0.0,-0.0
35.12602912199873,landing,1,1.5069435834884644,-1.508484125137329,0.1721174716949463,-0.0031596447806805372,-0.0041929385624825954,0.053980499505996704,1.5021617284510285,-1.503339973744005,0.10000000000000009,0.3687434796014386,51498,-0.08062059099106733,-0.005333360216517422,-0.0007124031127684231,14.261869997426402,0.0,-0.0,-0.0
35.13110624299952,landing,1,1.5068738460540771,-1.5086246728897095,0.17288100719451904,-0.0024112265091389418,-0.0020406830590218306,0.054464202374219894,1.5021617284510285,-1.503339973744005,0.10000000000000009,0.3687434796014386,51498,-0.08062059099106733,-0.005333360216517422,-0.0007124031127684231,0.05041899930802174,0.0,-0.0,-0.0
35.16788082899802,landing,1,1.5067722797393799,-1.5087077617645264,0.1735726147890091,-0.0016786684282124043,-0.0004109378205612302,0.05239977687597275,1.5021617284510285,-1.503339973744005,0.10000000000000009,0.36876441571022234,51501,-0.08006818706537544,-0.0031865377851903955,-0.0015067969448845208,16.498731998581206,0.0,-0.0,-0.0
35.172629014999984,landing,1,1.5066813230514526,-1.508736252784729,0.174639031291008,-0.001369511359371245,0.0017305847723037004,0.05220158398151398,1.5021617284510285,-1.503339973744005,0.10000000000000009,0.36876441571022234,51501,-0.08006818706537544,-0.0031865377851903955,-0.0015067969448845208,0.050575003115227446,0.0,-0.0,-0.0
35.20647831599854,landing,1,1.5066211223602295,-1.5087560415267944,0.17533811926841736,-0.0015559840248897672,0.003368046833202243,0.0523642897605896,1.5021617284510285,-1.503339973744005,0.10000000000000009,0.368738540179195,51497,-0.0807509187547506,-0.0009453574499555342,-0.001502047319406181,15.227383002638817,0.0,-0.0,-0.0
35.211088211999595,landing,1,1.5064098834991455,-1.5088534355163574,0.17632000148296356,-0.0021547526121139526,0.005356783512979746,0.05066990479826927,1.5021617284510285,-1.503339973744005,0.10000000000000009,0.368738540179195,51497,-0.0807509187547506,-0.0009453574499555342,-0.001502047319406181,0.06743300036760047,0.0,-0.0,-0.0
35.24724635799794,landing,1,1.5062493085861206,-1.5088653564453125,0.17700545489788055,-0.0030687812250107527,0.0066933659836649895,0.049024954438209534,1.5021617284510285,-1.503339973744005,0.10000000000000009,0.36881598757706396,51508,-0.07870745179250882,0.0009950965034524896,-0.00039878212593296423,15.9697689996392,0.0,-0.0,-0.0
35.25113663799857,landing,1,1.5061242580413818,-1.508762001991272,0.17768807709217072,-0.003746936796233058,0.008233534172177315,0.04608790576457977,1.5021617284510285,-1.503339973744005,0.10000000000000009,0.36881598757706396,51508,-0.07870745179250882,0.0009950965034524896,-0.00039878212593296423,0.05816300108563155,0.0,-0.0,-0.0
35.291397735996725,landing,1,1.5059417486190796,-1.5086817741394043,0.17861460149288177,-0.004383803810924292,0.009211655706167221,0.043915897607803345,1.5021617284510285,-1.503339973744005,0.10000000000000009,0.3689546247401905,51527,-0.07504947915064797,0.0026052188920378484,0.000560239914488938,20.17151100153569,0.0,-0.0,-0.0
35.291888753999956,landing,1,1.5059417486190796,-1.5086817741394043,0.17861460149288177,-0.004383803810924292,0.009211655706167221,0.043915897607803345,1.5021617284510285,-1.503339973744005,0.10000000000000009,0.3689546247401905,51527,-0.07504947915064797,0.0026052188920378484,0.000560239914488938,0.04198999886284582,0.0,-0.0,-0.0
35.3341489609993,landing,1,1.5055104494094849,-1.5085026025772095,0.18001554906368256,-0.004778266418725252,0.010845404118299484,0.04292616993188858,1.5021617284510285,-1.503339973744005,0.10000000000000009,0.368966494304219,51529,-0.07473629804171544,0.003686786489451748,0.0010335045483519166,22.43906800140394,0.0,-0.0,-0.0
35.33500089499648,landing,1,1.5055104494094849,-1.5085026025772095,0.18001554906368256,-0.004778266418725252,0.010845404118299484,0.04292616993188858,1.5021617284510285,-1.503339973744005,0.10000000000000009,0.368966494304219,51529,-0.07473629804171544,0.003686786489451748,0.0010335045483519166,0.0996509988908656,0.0,-0.0,-0.0
35.37467716499668,landing,1,1.505120873451233,-1.5083684921264648,0.1812523454427719,-0.005463785491883755,0.011350402608513832,0.041317135095596313,1.5021617284510285,-1.503339973744005,0.10000000000000009,0.3689944536254583,51533,-0.07399858508025758,0.004067315961386549,0.001657378406927039,23.338713002885925,0.0,-0.0,-0.0
35.375754496999434,landing,1,1.505120873451233,-1.5083684921264648,0.1812523454427719,-0.005941432435065508,0.01148539874702692,0.04104481637477875,1.5021617284510285,-1.503339973744005,0.10000000000000009,0.3689944536254583,51533,-0.07399858508025758,0.004067315961386549,0.001657378406927039,0.08698300007381476,0.0,-0.0,-0.0
35.40859135499704,landing,1,1.5045455694198608,-1.5082472562789917,0.18275602161884308,-0.007107504177838564,0.010353037156164646,0.03845072537660599,1.5021617284510285,-1.503339973744005,0.10000000000000009,0.36906524890804454,51543,-0.07213063567165001,0.003539082656467707,0.0029517126520977547,17.129034000390675,0.0,-0.0,-0.0
35.41282915099873,landing,1,1.5041946172714233,-1.5081816911697388,0.18364261090755463,-0.008013995364308357,0.009533549658954144,0.038929447531700134,1.5021617284510285,-1.503339973744005,0.10000000000000009,0.36906524890804454,51543,-0.07213063567165001,0.003539082656467707,0.0029517126520977547,0.040222999814432114,0.0,-0.0,-0.0
35.446496131997264,landing,1,1.5040212869644165,-1.5081430673599243,0.18414399027824402,-0.009369832463562489,0.007934513501822948,0.03595511242747307,1.5021617284510285,-1.503339973744005,0.10000000000000009,0.3691239278194956,51551,-0.0705823794328353,0.0021486614513985198,0.0045937716720003,15.23409800211084,0.0,-0.0,-0.0
35.451254073999735,landing,1,1.5037236213684082,-1.5082916021347046,0.1848050355911255,-0.010113242082297802,0.006889611016958952,0.03490740805864334,1.5021617284510285,-1.503339973744005,0.10000000000000009,0.3691239278194956,51551,-0.0705823794328353,0.0021486614513985198,0.0045937716720003,0.0636670010862872,0.0,-0.0,-0.0
35.49534250399665,landing,1,1.503328800201416,-1.5082852840423584,0.18563233315944672,-0.01109298225492239,0.005155510734766722,0.03507724404335022,1.5021617284510285,-1.503339973744005,0.10000000000000009,0.3691292541498649,51552,-0.07044184301148171,0.00040821625351661816,0.006004750600529113,23.721942001429852,0.0,-0.0,-0.0
35.49661331599782,landing,1,1.503328800201416,-1.5082852840423584,0.18563233315944672,-0.011251543648540974,0.0041996450163424015,0.03603791072964668,1.5021617284510285,-1.503339973744005,0.10000000000000009,0.3691292541498649,51552,-0.07044184301148171,0.00040821625351661816,0.006004750600529113,0.06755299909855239,0.0,-0.0,-0.0
35.529856018998544,landing,1,1.502707839012146,-1.5084251165390015,0.18703477084636688,-0.011418712325394154,0.0025870471727102995,0.03554341569542885,1.5021617284510285,-1.503339973744005,0.10000000000000009,0.36909029801805093,51546,-0.07146970928625684,-0.0012103708149316214,0.006545223068040404,17.502904000139097,0.0,-0.0,-0.0
35.53244131399697,landing,1,1.502600073814392,-1.5084396600723267,0.18731065094470978,-0.011418712325394154,0.0025870471727102995,0.03554341569542885,1.5021617284510285,-1.503339973744005,0.10000000000000009,0.36909029801805093,51546,-0.07146970928625684,-0.0012103708149316214,0.006545223068040404,0.04165599966654554,0.0,-0.0,-0.0
35.570098214997415,landing,1,1.5022608041763306,-1.5085389614105225,0.18797388672828674,-0.00959007628262043,0.0006126860389485955,0.03334387019276619,1.5021617284510285,-1.503339973744005,0.10000000000000009,0.3691431416639063,51554,-0.07007541783888449,-0.0024596252993088316,0.0057003700362336105,18.693360998440767,0.0,-0.0,-0.0
35.57288143999904,landing,1,1.5020544528961182,-1.5085976123809814,0.18843179941177368,-0.00959007628262043,0.0006126860389485955,0.03334387019276619,1.5021617284510285,-1.503339973744005,0.10000000000000009,0.3691431416639063,51554,-0.07007541783888449,-0.0024596252993088316,0.0057003700362336105,0.10157400174648501,0.0,-0.0,-0.0
35.61125422299665,landing,1,1.501624345779419,-1.5088963508605957,0.18931064009666443,-0.007218718994408846,-0.00072938745142892,0.030894706025719643,1.5021617284510285,-1.503339973744005,0.10000000000000009,0.3692006386941371,51562,-0.06855834580113296,-0.003457816739938571,0.004622612647623651,19.973734000814147,0.0,-0.0,-0.0
35.61203097999896,landing,1,1.501624345779419,-1.5088963508605957,0.18931064009666443,-0.007218718994408846,-0.00072938745142892,0.030894706025719643,1.5021617284510285,-1.503339973744005,0.10000000000000009,0.3692006386941371,51562,-0.06855834580113296,-0.003457816739938571,0.004622612647623651,0.06779099931009114,0.0,-0.0,-0.0
35.652510920997884,landing,1,1.501094937324524,-1.5092192888259888,0.19048815965652466,-0.006103156600147486,-0.0007972248713485897,0.030361546203494072,1.5021617284510285,-1.503339973744005,0.10000000000000009,0.36920074837840006,51562,-0.06855545175725553,-0.0036791989967670455,0.004239515100627047,21.2620380007138,0.0,-0.0,-0.0
35.65299472199695,landing,1,1.501094937324524,-1.5092192888259888,0.19048815965652466,-0.005764544475823641,-0.00014904775889590383,0.029913876205682755,1.5021617284510285,-1.503339973744005,0.10000000000000009,0.36920074837840006,51562,-0.06855545175725553,-0.0036791989967670455,0.004239515100627047,0.03880299846059643,0.0,-0.0,-0.0
35.68920899599834,landing,1,1.5006465911865234,-1.5094342231750488,0.19153468310832977,-0.006111257243901491,4.5467590098269284e-05,0.028707625344395638,1.5021617284510285,-1.503339973744005,0.10000000000000009,0.36923059421209253,51566,-0.06776796274162322,-0.003295197769366657,0.004486129914871935,17.92663900050684,0.0,-0.0,-0.0
35.691843779997726,landing,1,1.5004693269729614,-1.5094720125198364,0.191891148686409,-0.006111257243901491,4.5467590098269284e-05,0.028707625344395638,1.5021617284510285,-1.503339973744005,0.10000000000000009,0.36923059421209253,51566,-0.06776796274162322,-0.003295197769366657,0.004486129914871935,0.10058599946205504,0.0,-0.0,-0.0
35.73059727399959,landing,1,1.5001527070999146,-1.5097508430480957,0.19257992506027222,-0.006475095637142658,0.0016657703090459108,0.02687322162091732,1.5021617284510285,-1.503339973744005,0.10000000000000009,0.36927665184244485,51572,-0.06655272183522953,-0.0024963219101611684,0.004971231583834912,18.56389400199987,0.0,-0.0,-0.0
35.73213491799834,landing,1,1.5001527070999146,-1.5097508430480957,0.19257992506027222,-0.006475095637142658,0.0016657703090459108,0.02687322162091732,1.5021617284510285,-1.503339973744005,0.10000000000000009,0.36927665184244485,51572,-0.06655272183522953,-0.0024963219101611684,0.004971231583834912,0.040176000766223297,0.0,-0.0,-0.0
35.768636071999936,landing,1,1.4998446702957153,-1.5098283290863037,0.1932864785194397,-0.006275642663240433,0.0036731967702507973,0.02416478842496872,1.5021617284510285,-1.503339973744005,0.10000000000000009,0.36935278006905065,51583,-0.06454406150262315,-0.0013388938983660134,0.005023133316780269,17.365712999890093,0.0,-0.0,-0.0
35.77193495499887,landing,1,1.4996353387832642,-1.5098583698272705,0.19374704360961914,-0.006275642663240433,0.0036731967702507973,0.02416478842496872,1.5021617284510285,-1.503339973744005,0.10000000000000009,0.36935278006905065,51583,-0.06454406150262315,-0.0013388938983660134,0.005023133316780269,0.04947900015395135,0.0,-0.0,-0.0
35.809007759999076,landing,1,1.499489188194275,-1.5098559856414795,0.19403831660747528,-0.004354437813162804,0.006343015469610691,0.019938448444008827,1.5021617284510285,-1.503339973744005,0.10000000000000009,0.3694777619144054,51600,-0.06124638748270783,0.0002443967014987745,0.004068004543855405,17.819121003412874,0.0,-0.0,-0.0
35.812379687999055,landing,1,1.4993025064468384,-1.5097626447677612,0.19440308213233948,-0.004354437813162804,0.006343015469610691,0.019938448444008827,1.5021617284510285,-1.503339973744005,0.10000000000000009,0.3694777619144054,51600,-0.06124638748270783,0.0002443967014987745,0.004068004543855405,0.05517700265045278,0.0,-0.0,-0.0
35.856828787997074,landing,1,1.4991828203201294,-1.5096946954727173,0.19461138546466827,-0.0013630968751385808,0.009145716205239296,0.016253098845481873,1.5021617284510285,-1.503339973744005,0.10000000000000009,0.3695901937204801,51616,-0.058279849063850975,0.002008851821372364,0.002444793615947177,25.47445300297113,0.0,-0.0,-0.0
35.85738293799659,landing,1,1.4991828203201294,-1.5096946954727173,0.19461138546466827,0.0002131628425559029,0.010925467126071453,0.016678085550665855,1.5021617284510285,-1.503339973744005,0.10000000000000009,0.3695901937204801,51616,-0.058279849063850975,0.002008851821372364,0.002444793615947177,0.05294400034472346,0.0,-0.0,-0.0
35.882152778998716,landing,1,1.4989732503890991,-1.5094059705734253,0.1950310319662094,0.0013791732490062714,0.01208106055855751,0.014440895989537239,1.5021617284510285,-1.503339973744005,0.10000000000000009,0.3696449548671818,51624,-0.05683496392660281,0.003922691130503922,0.0009157784950124472,10.997613000654383,0.0,-0.0,-0.0
35.8911567239993,landing,1,1.4989254474639893,-1.5092672109603882,0.19517792761325836,0.00290231266990304,0.013746458105742931,0.012522160075604916,1.5021617284510285,-1.503339973744005,0.10000000000000009,0.3696449548671818,51624,-0.05683496392660281,0.003922691130503922,0.0009157784950124472,0.064591000409564,0.0,-0.0,-0.0
35.927327418998175,landing,1,1.4988571405410767,-1.5091118812561035,0.19526812434196472,0.004156204406172037,0.015138449147343636,0.010527299717068672,1.5021617284510285,-1.503339973744005,0.10000000000000009,0.36976789402533977,51641,-0.0535911866664982,0.005912909439607198,-0.0006836522160723546,16.010826999263372,0.0,-0.0,-0.0
35.93112068699702,landing,1,1.4987914562225342,-1.5088802576065063,0.1953633427619934,0.0056777093559503555,0.016807306557893753,0.008343487046658993,1.5021617284510285,-1.503339973744005,0.10000000000000009,0.36976789402533977,51641,-0.0535911866664982,0.005912909439607198,-0.0006836522160723546,0.07712699880357832,0.0,-0.0,-0.0
35.9770822879982,landing,1,1.4987599849700928,-1.508707046508789,0.195395827293396,0.006358782295137644,0.01757517084479332,0.00811055302619934,1.5021617284510285,-1.503339973744005,0.10000000000000009,0.369847295937522,51652,-0.05149614940575198,0.007591997643495297,-0.001951561555734939,25.797687001613667,0.0,-0.0,-0.0
35.97766088999924,landing,1,1.4987599849700928,-1.508707046508789,0.195395827293396,0.007332975510507822,0.018726851791143417,0.010109355673193932,1.5021617284510285,-1.503339973744005,0.10000000000000009,0.369847295937522,51652,-0.05149614940575198,0.007591997643495297,-0.001951561555734939,0.06737299918313511,0.0,-0.0,-0.0
36.01164278299984,landing,1,1.4987001419067383,-1.5082311630249023,0.19538986682891846,0.007252045441418886,0.01887691020965576,0.008054140023887157,1.5021617284510285,-1.503339973744005,0.10000000000000009,0.3698512502771194,51652,-0.0513918132686193,0.008633312364296914,-0.0024577105128568374,20.50564399905852,0.0,-0.0,-0.0
36.012306723998336,landing,1,1.4987001419067383,-1.5082311630249023,0.19538986682891846,0.007252045441418886,0.01887691020965576,0.008054140023887157,1.5021617284510285,-1.503339973744005,0.10000000000000009,0.3698512502771194,51652,-0.0513918132686193,0.008633312364296914,-0.0024577105128568374,0.05860899909748696,0.0,-0.0,-0.0
36.055431545999454,landing,1,1.4987462759017944,-1.5076043605804443,0.1951066553592682,0.007426085416227579,0.019668584689497948,0.0029948002193123102,1.5021617284510285,-1.503339973744005,0.10000000000000009,0.3700235751385361,51677,-0.04684498315208252,0.009443749677416676,-0.002586635525354694,23.947949001012603,0.0,-0.0,-0.0
36.05636135399982,landing,1,1.4987462759017944,-1.5076043605804443,0.1951066553592682,0.007426085416227579,0.019668584689497948,0.0029948002193123102,1.5021617284510285,-1.503339973744005,0.10000000000000009,0.3700235751385361,51677,-0.04684498315208252,0.009443749677416676,-0.002586635525354694,0.10604400085867383,0.0,-0.0,-0.0
36.08942095399834,landing,1,1.4987951517105103,-1.506956934928894,0.19466851651668549,0.007186249364167452,0.0200171060860157,-0.0027764381375163794,1.5021617284510285,-1.503339973744005,0.10000000000000009,0.37022231181722015,51704,-0.04160127131345348,0.010000431481730191,-0.002469599661871474,18.201802999101346,0.0,-0.0,-0.0
36.092707948999305,landing,1,1.498799204826355,-1.5067074298858643,0.1943928450345993,0.007186249364167452,0.0200171060860157,-0.0027764381375163794,1.5021617284510285,-1.503339973744005,0.10000000000000009,0.37022231181722015,51704,-0.04160127131345348,0.010000431481730191,-0.002469599661871474,0.08655300189275295,0.0,-0.0,-0.0
36.13184116299817,landing,1,1.498749852180481,-1.5064853429794312,0.19410009682178497,0.00706093106418848,0.01930057816207409,-0.009084494784474373,1.5021617284510285,-1.503339973744005,0.10000000000000009,0.3704411756000563,51735,-0.03582650131777676,0.009828473043916552,-0.002369714558783985,20.557230000122217,0.0,-0.0,-0.0
36.132401981998555,landing,1,1.498749852180481,-1.5064853429794312,0.19410009682178497,0.00706093106418848,0.01930057816207409,-0.009084494784474373,1.5021617284510285,-1.503339973744005,0.10000000000000009,0.3704411756000563,51735,-0.03582650131777676,0.009828473043916552,-0.002369714558783985,0.05179000072530471,0.0,-0.0,-0.0
36.1672040859994,landing,1,1.4986239671707153,-1.5060187578201294,0.19330032169818878,0.006145805586129427,0.016477039083838463,-0.012589583173394203,1.5021617284510285,-1.503339973744005,0.10000000000000009,0.37056811511347065,51753,-0.032477173787055946,0.008397449968921895,-0.0017571672001375548,15.891541999735637,0.0,-0.0,-0.0
36.17107866799779,landing,1,1.4985016584396362,-1.5057671070098877,0.19274182617664337,0.005799824837595224,0.015119755640625954,-0.013147282414138317,1.5021617284510285,-1.503339973744005,0.10000000000000009,0.37056811511347065,51753,-0.032477173787055946,0.008397449968921895,-0.0017571672001375548,0.04920299761579372,0.0,-0.0,-0.0
36.20694131899654,landing,1,1.4984471797943115,-1.5056358575820923,0.19236785173416138,0.004536414053291082,0.013122813776135445,-0.015135391615331173,1.5021617284510285,-1.503339973744005,0.10000000000000009,0.3706697784051555,51767,-0.029794765035475734,0.006601457244941397,-0.0007018062275716204,15.609666999807814,0.0,-0.0,-0.0
36.211710798997956,landing,1,1.4982719421386719,-1.5055041313171387,0.19171497225761414,0.00393708748742938,0.011653128080070019,-0.015878980979323387,1.5021617284510285,-1.503339973744005,0.10000000000000009,0.3706697784051555,51767,-0.029794765035475734,0.006601457244941397,-0.0007018062275716204,0.10424100037198514,0.0,-0.0,-0.0
36.25169283299692,landing,1,1.4981988668441772,-1.5054099559783936,0.1912779062986374,0.002498945686966181,0.009685189463198185,-0.018311018124222755,1.5021617284510285,-1.503339973744005,0.10000000000000009,0.37079335107272743,51784,-0.02653427248740492,0.004670674814331222,0.0006481301980558995,20.468490998609923,0.0,-0.0,-0.0
36.2531891969993,landing,1,1.4981988668441772,-1.5054099559783936,0.1912779062986374,0.002498945686966181,0.009685189463198185,-0.018311018124222755,1.5021617284510285,-1.503339973744005,0.10000000000000009,0.37079335107272743,51784,-0.02653427248740492,0.004670674814331222,0.0006481301980558995,0.06902499808347784,0.0,-0.0,-0.0
36.287973896996846,landing,1,1.4978200197219849,-1.5053240060806274,0.19018606841564178,0.0004958545905537903,0.006808025296777487,-0.02075047418475151,1.5021617284510285,-1.503339973744005,0.10000000000000009,0.370894241604986,51798,-0.0238722531665978,0.0029978420279858165,0.0020481860549620068,16.81659900350496,0.0,-0.0,-0.0
36.29113882599995,landing,1,1.4976551532745361,-1.5052846670150757,0.1897214651107788,0.0004958545905537903,0.006808025296777487,-0.02075047418475151,1.5021617284510285,-1.503339973744005,0.10000000000000009,0.370894241604986,51798,-0.0238722531665978,0.0029978420279858165,0.0020481860549620068,0.07081500007188879,0.0,-0.0,-0.0
36.33863058899806,landing,1,1.4973969459533691,-1.5053178071975708,0.18893027305603027,-0.001383241848088801,0.004434192553162575,-0.024192744866013527,1.5021617284510285,-1.503339973744005,0.10000000000000009,0.3710291203515933,51817,-0.02031344718751349,0.0015822479492596316,0.003398771335209421,26.465807000931818,0.0,-0.0,-0.0
36.339364365998335,landing,1,1.4973969459533691,-1.5053178071975708,0.18893027305603027,-0.001383241848088801,0.004434192553162575,-0.024192744866013527,1.5021617284510285,-1.503339973744005,0.10000000000000009,0.3710291203515933,51817,-0.02031344718751349,0.0015822479492596316,0.003398771335209421,0.0649840003461577,0.0,-0.0,-0.0
36.37429846099985,landing,1,1.4972028732299805,-1.5053297281265259,0.1883503943681717,-0.0020775827579200268,0.0029778569005429745,-0.025713235139846802,1.5021617284510285,-1.503339973744005,0.10000000000000009,0.3710924950903578,51826,-0.018641290491880014,0.0007033664768955363,0.003925367913595313,22.942278999835253,0.0,-0.0,-0.0
36.37527700999999,landing,1,1.4972028732299805,-1.5053297281265259,0.1883503943681717,-0.003267940366640687,0.0015918270219117403,-0.02799230068922043,1.5021617284510285,-1.503339973744005,0.10000000000000009,0.3710924950903578,51826,-0.018641290491880014,0.0007033664768955363,0.003925367913595313,0.11862400060635991,0.0,-0.0,-0.0
36.409093373997166,landing,1,1.4972028732299805,-1.5053297281265259,0.1883503943681717,-0.004060670267790556,0.0005778417107649148,-0.028879309073090553,1.5021617284510285,-1.503339973744005,0.10000000000000009,0.371196042634077,51840,-0.01590916532778408,-0.0007266219600108053,0.005107105332775088,17.731256997649325,0.0,-0.0,-0.0
36.41104441599964,landing,1,1.4972028732299805,-1.5053297281265259,0.1883503943681717,-0.004950766451656818,-0.00026144724688492715,-0.029191460460424423,1.5021617284510285,-1.503339973744005,0.10000000000000009,0.371196042634077,51840,-0.01590916532778408,-0.0007266219600108053,0.005107105332775088,0.05026399958296679,0.0,-0.0,-0.0
36.45464801099661,landing,1,1.4956324100494385,-1.5056365728378296,0.1846473515033722,-0.006155231036245823,-0.0010925335809588432,-0.028954971581697464,1.5021617284510285,-1.503339973744005,0.10000000000000009,0.37126429547829964,51850,-0.014108298725604485,-0.0018871780358832037,0.00718300956628087,23.37406200240366,0.0,-0.0,-0.0
36.45568735099732,landing,1,1.4956324100494385,-1.5056365728378296,0.1846473515033722,-0.00761572876945138,-0.001667069154791534,-0.030068188905715942,1.5021617284510285,-1.503339973744005,0.10000000000000009,0.37126429547829964,51850,-0.014108298725604485,-0.0018871780358832037,0.00718300956628087,0.08202699973480776,0.0,-0.0,-0.0
36.49276803199973,landing,1,1.4950532913208008,-1.505911946296692,0.18293848633766174,-0.010293826460838318,-0.0028275614604353905,-0.03221726790070534,1.5021617284510285,-1.503339973744005,0.10000000000000009,0.37140038276402204,51869,-0.010517605170923261,-0.0030710090705046117,0.00997134939715904,21.476884998264723,0.0,-0.0,-0.0
36.494051072997536,landing,1,1.4950532913208008,-1.505911946296692,0.18293848633766174,-0.010293826460838318,-0.0028275614604353905,-0.03221726790070534,1.5021617284510285,-1.503339973744005,0.10000000000000009,0.37140038276402204,51869,-0.010517605170923261,-0.0030710090705046117,0.00997134939715904,0.12149300164310262,0.0,-0.0,-0.0
36.53375823299939,landing,1,1.4945145845413208,-1.5061758756637573,0.1811923384666443,-0.010954098775982857,-0.003791330847889185,-0.031930506229400635,1.5021617284510285,-1.503339973744005,0.10000000000000009,0.3714204349180362,51872,-0.009988524590074377,-0.003791461424053366,0.010668655195966194,22.529433997988235,0.0,-0.0,-0.0
36.53474847099642,landing,1,1.4945145845413208,-1.5061758756637573,0.1811923384666443,-0.010954098775982857,-0.003791330847889185,-0.031930506229400635,1.5021617284510285,-1.503339973744005,0.10000000000000009,0.3714204349180362,51872,-0.009988524590074377,-0.003791461424053366,0.010668655195966194,0.08415699994657189,0.0,-0.0,-0.0
36.567406880996714,landing,1,1.494195580482483,-1.5063433647155762,0.17965444922447205,-0.009001046419143677,-0.004540762398391962,-0.035928547382354736,1.5021617284510285,-1.503339973744005,0.10000000000000009,0.3715803177183576,51894,-0.005769981045975925,-0.004329713567096864,0.009684502667370073,15.95486799851642,0.0,-0.0,-0.0
36.571220375997655,landing,1,1.4939565658569336,-1.5063644647598267,0.17859457433223724,-0.006716347765177488,-0.004101189784705639,-0.0397624671459198,1.5021617284510285,-1.503339973744005,0.10000000000000009,0.3715803177183576,51894,-0.005769981045975925,-0.004329713567096864,0.009684502667370073,0.05791700095869601,0.0,-0.0,-0.0
36.607765549997566,landing,1,1.493882179260254,-1.5064128637313843,0.17775468528270721,-0.00428766431286931,-0.0032152615021914244,-0.04418976977467537,1.5021617284510285,-1.503339973744005,0.10000000000000009,0.3718821583070434,51936,0.002194150581619425,-0.0035823043747906153,0.007047441389204537,16.566111000429373,0.0,-0.0,-0.0
36.61125734399684,landing,1,1.4939115047454834,-1.5064631700515747,0.17642363905906677,-0.00428766431286931,-0.0032152615021914244,-0.04418976977467537,1.5021617284510285,-1.503339973744005,0.10000000000000009,0.3718821583070434,51936,0.002194150581619425,-0.0035823043747906153,0.007047441389204537,0.059997000789735466,0.0,-0.0,-0.0
36.64546512099696,landing,1,1.4939786195755005,-1.5064185857772827,0.1754850447177887,0.0024204719811677933,0.0008400683873333037,-0.049043696373701096,1.5021617284510285,-1.503339973744005,0.10000000000000009,0.37205407155737896,51960,0.006730120247464555,-0.0011787015787507796,0.003010280643019466,14.193261999025708,0.0,-0.0,-0.0
36.65116267199846,landing,1,1.4940327405929565,-1.5062848329544067,0.17461858689785004,0.00602338369935751,0.0032787935342639685,-0.04847060516476631,1.5021617284510285,-1.503339973744005,0.10000000000000009,0.37205407155737896,51960,0.006730120247464555,-0.0011787015787507796,0.003010280643019466,0.06327099981717765,0.0,-0.0,-0.0
36.688153821000014,landing,1,1.494198203086853,-1.5062323808670044,0.1731971800327301,0.009063685312867165,0.005192425101995468,-0.04759971424937248,1.5021617284510285,-1.503339973744005,0.10000000000000009,0.37207783686248214,51963,0.007357173152561458,0.001509560609786686,-0.001062399428890533,17.002726999635343,0.0,-0.0,-0.0
36.69111353899643,landing,1,1.49437415599823,-1.5061712265014648,0.1723327785730362,0.009063685312867165,0.005192425101995468,-0.04759971424937248,1.5021617284510285,-1.503339973744005,0.10000000000000009,0.37207783686248214,51963,0.007357173152561458,0.001509560609786686,-0.001062399428890533,0.06345600195345469,0.0,-0.0,-0.0
36.727430678998644,landing,1,1.4945704936981201,-1.5060904026031494,0.17145977914333344,0.013132169842720032,0.005787426605820656,-0.04199717938899994,1.5021617284510285,-1.503339973744005,0.10000000000000009,0.37195611869906886,51946,0.004145612112633756,0.0019537913372074697,-0.0036934275092589323,16.061018999607768,0.0,-0.0,-0.0
36.731056598997384,landing,1,1.4948259592056274,-1.5057573318481445,0.1701849400997162,0.013737128116190434,0.004847207572311163,-0.041007816791534424,1.5021617284510285,-1.503339973744005,0.10000000000000009,0.37195611869906886,51946,0.004145612112633756,0.0019537913372074697,-0.0036934275092589323,0.04863000140176155,0.0,-0.0,-0.0
36.768656900996575,landing,1,1.4949592351913452,-1.5056211948394775,0.16937313973903656,0.013375343754887581,0.0038299818988889456,-0.041872985661029816,1.5021617284510285,-1.503339973744005,0.10000000000000009,0.3719616756573503,51947,0.004292233703171888,0.001045216460100158,-0.004060713959161621,17.34178400147357,0.0,-0.0,-0.0
36.77190712199808,landing,1,1.4951982498168945,-1.5055545568466187,0.16825278103351593,0.013025597669184208,0.003261034144088626,-0.041130587458610535,1.5021617284510285,-1.503339973744005,0.10000000000000009,0.3719616756573503,51947,0.004292233703171888,0.001045216460100158,-0.004060713959161621,0.036097000702284276,0.0,-0.0,-0.0
36.810723777998646,landing,1,1.4954053163528442,-1.5054404735565186,0.16736502945423126,0.012396972626447678,0.003363855415955186,-0.040083929896354675,1.5021617284510285,-1.503339973744005,0.10000000000000009,0.3719424122846759,51945,0.003783965294877234,0.0008653100096048644,-0.003722990720770902,19.46288199906121,0.0,-0.0,-0.0
36.811462895999284,landing,1,1.4954053163528442,-1.5054404735565186,0.16736502945423126,0.012396972626447678,0.003363855415955186,-0.040083929896354675,1.5021617284510285,-1.503339973744005,0.10000000000000009,0.3719424122846759,51945,0.003783965294877234,0.0008653100096048644,-0.003722990720770902,0.07066200123517774,0.0,-0.0,-0.0
36.854519829998026,landing,1,1.4957680702209473,-1.5051286220550537,0.16556046903133392,0.011926610954105854,0.004827757366001606,-0.03474220260977745,1.5021617284510285,-1.503339973744005,0.10000000000000009,0.3718004032811138,51925,3.702588690579489e-05,0.0018987104963121572,-0.0036403670645610057,22.880722000991227,0.0,-0.0,-0.0
36.85525805299767,landing,1,1.4957680702209473,-1.5051286220550537,0.16556046903133392,0.011926610954105854,0.004827757366001606,-0.03474220260977745,1.5021617284510285,-1.503339973744005,0.10000000000000009,0.3718004032811138,51925,3.702588690579489e-05,0.0018987104963121572,-0.0036403670645610057,0.07649599865544587,0.0,-0.0,-0.0
36.88678035399789,landing,1,1.4961826801300049,-1.5048267841339111,0.16364434361457825,0.012503025121986866,0.006084212101995945,-0.031794484704732895,1.5021617284510285,-1.503339973744005,0.10000000000000009,0.3717421445899314,51917,-0.0015001427458756211,0.0028118903283332643,-0.004204916198333761,15.501574998779688,0.0,-0.0,-0.0
36.89117862999774,landing,1,1.4962831735610962,-1.504740834236145,0.16294823586940765,0.012951035983860493,0.005911846645176411,-0.02830137126147747,1.5021617284510285,-1.503339973744005,0.10000000000000009,0.3717421445899314,51917,-0.0015001427458756211,0.0028118903283332643,-0.004204916198333761,0.08246500146924518,0.0,-0.0,-0.0
36.927826485996775,landing,1,1.4964596033096313,-1.5045104026794434,0.16187840700149536,0.012880523689091206,0.005270742811262608,-0.026597829535603523,1.5021617284510285,-1.503339973744005,0.10000000000000009,0.37159562599732554,51896,-0.005366068672151059,0.0025057723353428757,-0.004584342806120736,15.758420999191003,0.0,-0.0,-0.0
36.931090176,landing,1,1.4965260028839111,-1.5044424533843994,0.16126753389835358,0.012880523689091206,0.005270742811262608,-0.026597829535603523,1.5021617284510285,-1.503339973744005,0.10000000000000009,0.37159562599732554,51896,-0.005366068672151059,0.0025057723353428757,-0.004584342806120736,0.060549999034265056,0.0,-0.0,-0.0
36.97163717299918,landing,1,1.496634840965271,-1.504308819770813,0.1608046442270279,0.012010117061436176,0.0030874917283654213,-0.021950887516140938,1.5021617284510285,-1.503339973744005,0.10000000000000009,0.37146027301127005,51877,-0.008937387565435273,0.0013200900848034155,-0.004167475525587555,20.180548999633174,0.0,-0.0,-0.0
36.972189622996666,landing,1,1.496634840965271,-1.504308819770813,0.1608046442270279,0.011473476886749268,0.0017929697642102838,-0.01936258189380169,1.5021617284510285,-1.503339973744005,0.10000000000000009,0.37146027301127005,51877,-0.008937387565435273,0.0013200900848034155,-0.004167475525587555,0.043814998207380995,0.0,-0.0,-0.0
37.00582940899767,landing,1,1.4967522621154785,-1.5041009187698364,0.15952952206134796,0.010206880047917366,0.0008594575920142233,-0.019315829500555992,1.5021617284510285,-1.503339973744005,0.10000000000000009,0.3713928604887814,51868,-0.010716082090201695,0.00010413411251316865,-0.003160196232568309,14.569969000149285,0.0,-0.0,-0.0
37.011126830999274,landing,1,1.4966777563095093,-1.504199743270874,0.15892483294010162,0.009324450977146626,-0.00015998231538105756,-0.01608150266110897,1.5021617284510285,-1.503339973744005,0.10000000000000009,0.3713928604887814,51868,-0.010716082090201695,0.00010413411251316865,-0.003160196232568309,0.06179999763844535,0.0,-0.0,-0.0
37.046848302998114,landing,1,1.4965707063674927,-1.504244327545166,0.15855494141578674,0.0073981694877147675,-0.0010407709050923586,-0.016195125877857208,1.5021617284510285,-1.503339973744005,0.10000000000000009,0.37130734591044623,51856,-0.0129724034183063,-0.001103035675511213,-0.0013944977887300862,15.666294002585346,0.0,-0.0,-0.0
37.05106941299891,landing,1,1.4964394569396973,-1.5041954517364502,0.15808814764022827,0.005559077952057123,-0.0021803441923111677,-0.014195646159350872,1.5021617284510285,-1.503339973744005,0.10000000000000009,0.37130734591044623,51856,-0.0129724034183063,-0.001103035675511213,-0.0013944977887300862,0.04894400262855925,0.0,-0.0,-0.0
37.08694085099705,landing,1,1.4962308406829834,-1.5042544603347778,0.15761235356330872,0.0024596976581960917,-0.003122912021353841,-0.011404118500649929,1.5021617284510285,-1.503339973744005,0.10000000000000009,0.37116724068523815,51836,-0.016669111207438192,-0.002353183577020932,0.0017277463516958472,15.787519001605688,0.0,-0.0,-0.0
37.091211697999825,landing,1,1.4960675239562988,-1.5042818784713745,0.15728238224983215,-0.00019076911848969758,-0.004123907070606947,-0.008242947049438953,1.5021617284510285,-1.503339973744005,0.10000000000000009,0.37116724068523815,51836,-0.016669111207438192,-0.002353183577020932,0.0017277463516958472,0.13032000060775317,0.0,-0.0,-0.0
37.132703183997364,landing,1,1.4958165884017944,-1.5043638944625854,0.1569763869047165,-0.003242228413000703,-0.005043908953666687,-0.005362856667488813,1.5021617284510285,-1.503339973744005,0.10000000000000009,0.37097463044536655,51809,-0.021751175583997195,-0.0035600969099907056,0.00535497333430054,21.224358002655208,0.0,-0.0,-0.0
37.13329334699665,landing,1,1.4958165884017944,-1.5043638944625854,0.1569763869047165,-0.005154730752110481,-0.006226399447768927,-0.0033493591472506523,1.5021617284510285,-1.503339973744005,0.10000000000000009,0.37097463044536655,51809,-0.021751175583997195,-0.0035600969099907056,0.00535497333430054,0.048941001296043396,0.0,-0.0,-0.0
37.169950118997804,landing,1,1.4950588941574097,-1.504547357559204,0.15648123621940613,-0.007402539718896151,-0.007287779822945595,-0.001226163818500936,1.5021617284510285,-1.503339973744005,0.10000000000000009,0.37084946703441296,51792,-0.025053640252957976,-0.004999264272021011,0.008253105696353917,18.508869001379935,0.0,-0.0,-0.0
37.17262728199785,landing,1,1.4947057962417603,-1.5046242475509644,0.15638040006160736,-0.008695317432284355,-0.008701560087502003,0.002966183703392744,1.5021617284510285,-1.503339973744005,0.10000000000000009,0.37084946703441296,51792,-0.025053640252957976,-0.004999264272021011,0.008253105696353917,0.05243900159257464,0.0,-0.0,-0.0
37.21567469399815,landing,1,1.4940638542175293,-1.5048046112060547,0.15633991360664368,-0.011102264747023582,-0.00978388637304306,0.0045273639261722565,1.5021617284510285,-1.503339973744005,0.10000000000000009,0.3706581586992421,51765,-0.030101353582002943,-0.0066315970312973435,0.011007127677329793,24.409739002294373,0.0,-0.0,-0.0
37.21641274799913,landing,1,1.4940638542175293,-1.5048046112060547,0.15633991360664368,-0.01272551715373993,-0.010804221034049988,0.006290628109127283,1.5021617284510285,-1.503339973744005,0.10000000000000009,0.3706581586992421,51765,-0.030101353582002943,-0.0066315970312973435,0.011007127677329793,0.0911999995878432,0.0,-0.0,-0.0
37.24662123899907,landing,1,1.4930787086486816,-1.505211591720581,0.1563400775194168,-0.015043366700410843,-0.011311168782413006,0.007784861605614424,1.5021617284510285,-1.503339973744005,0.10000000000000009,0.37055276257078856,51750,-0.032882254068905326,-0.007768489632161888,0.013901317402146337,15.44878599816002,0.0,-0.0,-0.0
37.25116184299986,landing,1,1.492630124092102,-1.505414605140686,0.15641500055789948,-0.015568423084914684,-0.011972688138484955,0.009239098988473415,1.5021617284510285,-1.503339973744005,0.10000000000000009,0.37055276257078856,51750,-0.032882254068905326,-0.007768489632161888,0.013901317402146337,0.07371500032604672,0.0,-0.0,-0.0
37.28814820699699,landing,1,1.4920023679733276,-1.5057145357131958,0.15652063488960266,-0.016315866261720657,-0.012503706850111485,0.010357231833040714,1.5021617284510285,-1.503339973744005,0.10000000000000009,0.3704637951614027,51738,-0.035229679118662816,-0.008756504284524522,0.015257732685436376,16.86695000171312,0.0,-0.0,-0.0
37.29121254299753,landing,1,1.4915611743927002,-1.5058854818344116,0.15661416947841644,-0.015592907555401325,-0.0132562555372715,0.015220447443425655,1.5021617284510285,-1.503339973744005,0.10000000000000009,0.3704637951614027,51738,-0.035229679118662816,-0.008756504284524522,0.015257732685436376,0.09856199903879315,0.0,-0.0,-0.0
37.32738548999987,landing,1,1.4909358024597168,-1.506101369857788,0.15685248374938965,-0.01565886102616787,-0.013936580158770084,0.01701255887746811,1.5021617284510285,-1.503339973744005,0.10000000000000009,0.37023574459364655,51706,-0.04124684449481464,-0.00983077615970878,0.015460535319644595,15.751980001368793,0.0,-0.0,-0.0
37.33109901199714,landing,1,1.490566372871399,-1.5062010288238525,0.15704749524593353,-0.01479081530123949,-0.014671498909592628,0.02035636454820633,1.5021617284510285,-1.503339973744005,0.10000000000000009,0.37023574459364655,51706,-0.04124684449481464,-0.00983077615970878,0.015460535319644595,0.058255998737877235,0.0,-0.0,-0.0
37.36440752999988,landing,1,1.4901235103607178,-1.506386637687683,0.15729571878910065,-0.014864563941955566,-0.014964500442147255,0.023163877427577972,1.5021617284510285,-1.503339973744005,0.10000000000000009,0.3700240132238881,51677,-0.046833424171818905,-0.010610027417158253,0.015440419256206902,13.259584000479663,0.0,-0.0,-0.0
37.37111016599738,landing,1,1.4896172285079956,-1.5065724849700928,0.15765199065208435,-0.014544634148478508,-0.015102396719157696,0.026338670402765274,1.5021617284510285,-1.503339973744005,0.10000000000000009,0.3700240132238881,51677,-0.046833424171818905,-0.010610027417158253,0.015440419256206902,0.059473000874277204,0.0,-0.0,-0.0
37.408319672998914,landing,1,1.4893347024917603,-1.5066927671432495,0.15786917507648468,-0.015152878127992153,-0.01458424236625433,0.027629263699054718,1.5021617284510285,-1.503339973744005,0.10000000000000009,0.36986558412225007,51654,-0.05101361155013073,-0.010557698557321747,0.016046222776161412,17.15149899973767,0.0,-0.0,-0.0
37.41146908799783,landing,1,1.488800048828125,-1.5071024894714355,0.1586069017648697,-0.014318738132715225,-0.014290931634604931,0.030556654557585716,1.5021617284510285,-1.503339973744005,0.10000000000000009,0.36986558412225007,51654,-0.05101361155013073,-0.010557698557321747,0.016046222776161412,0.04637099846149795,0.0,-0.0,-0.0
37.44674248899901,landing,1,1.4884936809539795,-1.5073360204696655,0.15911410748958588,-0.013506953604519367,-0.013661797158420086,0.031340934336185455,1.5021617284510285,-1.503339973744005,0.10000000000000009,0.36972061100933057,51634,-0.05483875964827156,-0.010355966035990373,0.015529455788659802,15.429930997925112,0.0,-0.0,-0.0
37.45112019299995,landing,1,1.4882382154464722,-1.5074959993362427,0.15960270166397095,-0.011106099002063274,-0.013505341485142708,0.033736005425453186,1.5021617284510285,-1.503339973744005,0.10000000000000009,0.36972061100933057,51634,-0.05483875964827156,-0.010355966035990373,0.015529455788659802,0.051971997891087085,0.0,-0.0,-0.0
37.48504274499646,landing,1,1.4879034757614136,-1.5077145099639893,0.16027149558067322,-0.009201462380588055,-0.01323392242193222,0.03430314362049103,1.5021617284510285,-1.503339973744005,0.10000000000000009,0.36960549919181224,51618,-0.057876010770126385,-0.010311348808947778,0.01328749280363184,13.926841998909367,0.0,-0.0,-0.0
37.49115454999992,landing,1,1.4877451658248901,-1.5078271627426147,0.16068264842033386,-0.006564746145159006,-0.01314694993197918,0.03598698973655701,1.5021617284510285,-1.503339973744005,0.10000000000000009,0.36960549919181224,51618,-0.057876010770126385,-0.010311348808947778,0.01328749280363184,0.07734400060144253,0.0,-0.0,-0.0
37.52538312899924,landing,1,1.4875937700271606,-1.5080199241638184,0.16139759123325348,-0.0044871107675135136,-0.01244732178747654,0.036559708416461945,1.5021617284510285,-1.503339973744005,0.10000000000000009,0.3695101793293359,51605,-0.06039104671937068,-0.010011158641348473,0.010639061697552559,14.075467999646207,0.0,-0.0,-0.0
37.53111662199808,landing,1,1.487488865852356,-1.5081431865692139,0.16195394098758698,-0.0021719050128012896,-0.011370294727385044,0.04012081399559975,1.5021617284510285,-1.503339973744005,0.10000000000000009,0.3695101793293359,51605,-0.06039104671937068,-0.010011158641348473,0.010639061697552559,0.06313300036708824,0.0,-0.0,-0.0
37.568535962996975,landing,1,1.4874643087387085,-1.5081971883773804,0.16254405677318573,-3.873599780490622e-05,-0.009621367789804935,0.04186635836958885,1.5021617284510285,-1.503339973744005,0.10000000000000009,0.3693118516637483,51577,-0.06562396665571946,-0.008426424887010226,0.008048848229367389,17.18798999718274,0.0,-0.0,-0.0
37.57229957599702,landing,1,1.487472414970398,-1.508201241493225,0.16348204016685486,0.0025178645737469196,-0.007705705240368843,0.04433537274599075,1.5021617284510285,-1.503339973744005,0.10000000000000009,0.3693118516637483,51577,-0.06562396665571946,-0.008426424887010226,0.008048848229367389,0.06012300218571909,0.0,-0.0,-0.0
37.60659864299669,landing,1,1.4874930381774902,-1.5081626176834106,0.16403046250343323,0.00477598374709487,-0.005167550407350063,0.043404895812273026,1.5021617284510285,-1.503339973744005,0.10000000000000009,0.36923633513575965,51567,-0.0676164871831233,-0.00574560301330327,0.005149492562289416,15.300582999770995,0.0,-0.0,-0.0
37.611105296997266,landing,1,1.4876161813735962,-1.508068323135376,0.16493551433086395,0.007558658719062805,-0.003267209744080901,0.04461616650223732,1.5021617284510285,-1.503339973744005,0.10000000000000009,0.36923633513575965,51567,-0.0676164871831233,-0.00574560301330327,0.005149492562289416,0.05748400144511834,0.0,-0.0,-0.0
37.64594920499803,landing,1,1.4878005981445312,-1.5079771280288696,0.1655886024236679,0.009783653542399406,-0.001256982097402215,0.046202849596738815,1.5021617284510285,-1.503339973744005,0.10000000000000009,0.3691140214451742,51550,-0.07084376134105241,-0.003299941994310441,0.001982703291696078,14.776823998545296,0.0,-0.0,-0.0
37.651082601998496,landing,1,1.4878848791122437,-1.508012056350708,0.16637621819972992,0.01207276526838541,-0.00017999901319853961,0.047566648572683334,1.5021617284510285,-1.503339973744005,0.10000000000000009,0.3691140214451742,51550,-0.07084376134105241,-0.003299941994310441,0.001982703291696078,0.05243600026005879,0.0,-0.0,-0.0
37.684054808996734,landing,1,1.4881939888000488,-1.507812738418579,0.16748888790607452,0.013330943882465363,0.0009918591240420938,0.04832718148827553,1.5021617284510285,-1.503339973744005,0.10000000000000009,0.3690133543281152,51535,-0.07349988580171107,-0.0018553074694817322,-0.0003643876741649136,12.866979002865264,0.0,-0.0,-0.0
37.69113268399815,landing,1,1.4884107112884521,-1.5076743364334106,0.16822150349617004,0.014653491787612438,0.0016803499311208725,0.049477752298116684,1.5021617284510285,-1.503339973744005,0.10000000000000009,0.3690133543281152,51535,-0.07349988580171107,-0.0018553074694817322,-0.0003643876741649136,0.06734600174240768,0.0,-0.0,-0.0
37.72685894299866,landing,1,1.4887441396713257,-1.5074573755264282,0.16920073330402374,0.015547000803053379,0.0028246063739061356,0.049540210515260696,1.5021617284510285,-1.503339973744005,0.10000000000000009,0.3689419104186784,51525,-0.0753849493752412,-0.0005625947590541385,-0.001997404088312321,15.379612999822712,0.0,-0.0,-0.0
37.73107776699908,landing,1,1.4890081882476807,-1.5072790384292603,0.1700047105550766,0.016497274860739708,0.003912527579814196,0.05164993926882744,1.5021617284510285,-1.503339973744005,0.10000000000000009,0.3689419104186784,51525,-0.0753849493752412,-0.0005625947590541385,-0.001997404088312321,0.054124997404869646,0.0,-0.0,-0.0
37.76858194599845,landing,1,1.4892528057098389,-1.5072110891342163,0.17094065248966217,0.017335733398795128,0.005155113060027361,0.05484997108578682,1.5021617284510285,-1.503339973744005,0.10000000000000009,0.3687338866601353,51496,-0.08087370289880624,0.0009719628080614188,-0.0033531578000355767,17.31053099865676,0.0,-0.0,-0.0
37.771658208999725,landing,1,1.4896996021270752,-1.506983995437622,0.17223045229911804,0.018256276845932007,0.00589301623404026,0.05726179480552673,1.5021617284510285,-1.503339973744005,0.10000000000000009,0.3687338866601353,51496,-0.08087370289880624,0.0009719628080614188,-0.0033531578000355767,0.04103099854546599,0.0,-0.0,-0.0
37.80701425999723,landing,1,1.4900000095367432,-1.5067297220230103,0.1730388104915619,0.018589157611131668,0.00681265676394105,0.05966128036379814,1.5021617284510285,-1.503339973744005,0.10000000000000009,0.3685374526967651,51469,-0.08605665707744059,0.0022304318421341174,-0.004514756768970425,15.797724001458846,0.0,-0.0,-0.0
37.81104802599657,landing,1,1.490386962890625,-1.5064151287078857,0.17441615462303162,0.018615029752254486,0.007044808007776737,0.060361552983522415,1.5021617284510285,-1.503339973744005,0.10000000000000009,0.3685374526967651,51469,-0.08605665707744059,0.0022304318421341174,-0.004514756768970425,0.05553199662244879,0.0,-0.0,-0.0
37.8452076829999,landing,1,1.490668535232544,-1.5062403678894043,0.17531844973564148,0.017787422984838486,0.007781615946441889,0.0603347010910511,1.5021617284510285,-1.503339973744005,0.10000000000000009,0.36847624237440657,51460,-0.08767170516077805,0.0030828532328917176,-0.004406494192998489,14.015298998856451,0.0,-0.0,-0.0
37.85129685499851,landing,1,1.4910749197006226,-1.5059348344802856,0.1768220067024231,0.016709866002202034,0.008145950734615326,0.06191805750131607,1.5021617284510285,-1.503339973744005,0.10000000000000009,0.36847624237440657,51460,-0.08767170516077805,0.0030828532328917176,-0.004406494192998489,0.05176299964659847,0.0,-0.0,-0.0
37.883913970999856,landing,1,1.4913887977600098,-1.5056718587875366,0.17771416902542114,0.015236503444612026,0.00907145906239748,0.06361351907253265,1.5021617284510285,-1.503339973744005,0.10000000000000009,0.3683238609201347,51439,-0.09169232400700089,0.004168593110806743,-0.003272641723838637,12.681724998401478,0.0,-0.0,-0.0
37.89127216199995,landing,1,1.4917283058166504,-1.505449891090393,0.17855298519134521,0.013922521844506264,0.009636794216930866,0.06410229206085205,1.5021617284510285,-1.503339973744005,0.10000000000000009,0.3683238609201347,51439,-0.09169232400700089,0.004168593110806743,-0.003272641723838637,0.07457899846485816,0.0,-0.0,-0.0
37.92841965899788,landing,1,1.4921658039093018,-1.5050312280654907,0.1800488978624344,0.0127324303612113,0.010707380250096321,0.06404910236597061,1.5021617284510285,-1.503339973744005,0.10000000000000009,0.3682696163721521,51432,-0.09312357857118592,0.005501362031266767,-0.002190569422262605,16.844257999764523,0.0,-0.0,-0.0
37.93106073599847,landing,1,1.4923529624938965,-1.504887580871582,0.1810462474822998,0.0117163872346282,0.011247008107602596,0.06582480669021606,1.5021617284510285,-1.503339973744005,0.10000000000000009,0.3682696163721521,51432,-0.09312357857118592,0.005501362031266767,-0.002190569422262605,0.050605001888470724,0.0,-0.0,-0.0
37.96682025399787,landing,1,1.4926213026046753,-1.50462806224823,0.18198414146900177,0.010807047598063946,0.011794853955507278,0.06650695949792862,1.5021617284510285,-1.503339973744005,0.10000000000000009,0.368156215591032,51416,-0.09611568361393275,0.006383414441847344,-0.0012848224667988389,15.672919998905854,0.0,-0.0,-0.0
37.971082178999495,landing,1,1.4929718971252441,-1.5041357278823853,0.18340693414211273,0.009852033108472824,0.011907123029232025,0.06747661530971527,1.5021617284510285,-1.503339973744005,0.10000000000000009,0.368156215591032,51416,-0.09611568361393275,0.006383414441847344,-0.0012848224667988389,0.05805999899166636,0.0,-0.0,-0.0
38.00767534999977,landing,1,1.4933143854141235,-1.5038355588912964,0.18431054055690765,0.009114331565797329,0.012247739359736443,0.0663970485329628,1.5021617284510285,-1.503339973744005,0.10000000000000009,0.36811625689312805,51410,-0.09717000281984234,0.007086259674733331,-0.0006408878222918936,16.31320300293737,0.0,-0.0,-0.0
38.01174897099918,landing,1,1.4936301708221436,-1.5035840272903442,0.18585073947906494,0.008222479373216629,0.01192385982722044,0.06581120938062668,1.5021617284510285,-1.503339973744005,0.10000000000000009,0.36811625689312805,51410,-0.09717000281984234,0.007086259674733331,-0.0006408878222918936,0.049991998821496964,0.0,-0.0,-0.0
38.04619579299833,landing,1,1.493849515914917,-1.5032899379730225,0.18685945868492126,0.007593483664095402,0.011724692769348621,0.06609184294939041,1.5021617284510285,-1.503339973744005,0.10000000000000009,0.36808132525947335,51405,-0.0980916818080928,0.007077441937063778,-2.0023290881060607e-05,14.892964998580283,0.0,-0.0,-0.0
38.05118572799984,landing,1,1.494086503982544,-1.5030447244644165,0.1877714842557907,0.00668445834890008,0.011059144511818886,0.06711819022893906,1.5021617284510285,-1.503339973744005,0.10000000000000009,0.36808132525947335,51405,-0.0980916818080928,0.007077441937063778,-2.0023290881060607e-05,0.06575700172106735,0.0,-0.0,-0.0
38.085727446999954,landing,1,1.4943636655807495,-1.5028221607208252,0.18953128159046173,0.0063765705563127995,0.010662388056516647,0.06780283898115158,1.5021617284510285,-1.503339973744005,0.10000000000000009,0.36798006461726807,51391,-0.1007634665628494,0.006698916404963609,0.0004319232775094099,14.483318998827599,0.0,-0.0,-0.0
38.09110078099911,landing,1,1.4946398735046387,-1.5025807619094849,0.19050928950309753,0.0060671307146549225,0.009890242479741573,0.06733739376068115,1.5021617284510285,-1.503339973744005,0.10000000000000009,0.36798006461726807,51391,-0.1007634665628494,0.006698916404963609,0.0004319232775094099,0.06131000191089697,0.0,-0.0,-0.0
38.127337521997106,landing,1,1.4948810338974,-1.5024181604385376,0.19144652783870697,0.006270778831094503,0.009257307276129723,0.06649231910705566,1.5021617284510285,-1.503339973744005,0.10000000000000009,0.3679864612314863,51392,-0.10059469046210445,0.006076084227089853,0.00021615512353293385,16.08537799984333,0.0,-0.0,-0.0
38.13149928099665,landing,1,1.4952417612075806,-1.501888394355774,0.19275309145450592,0.0062103369273245335,0.008335974998772144,0.06694372743368149,1.5021617284510285,-1.503339973744005,0.10000000000000009,0.3679864612314863,51392,-0.10059469046210445,0.006076084227089853,0.00021615512353293385,0.0511819998791907,0.0,-0.0,-0.0
38.16847532299653,landing,1,1.4954739809036255,-1.5016907453536987,0.19370755553245544,0.006680087652057409,0.007675946224480867,0.06657698005437851,1.5021617284510285,-1.503339973744005,0.10000000000000009,0.3679448331651161,51386,-0.10169305632939185,0.005518168105971827,-0.00035180663117855953,17.006111997034168,0.0,-0.0,-0.0
38.171703498999705,landing,1,1.4956716299057007,-1.5015337467193604,0.19457881152629852,0.006464840844273567,0.006457326002418995,0.06853961944580078,1.5021617284510285,-1.503339973744005,0.10000000000000009,0.3679448331651161,51386,-0.10169305632939185,0.005518168105971827,-0.00035180663117855953,0.0631910006632097,0.0,-0.0,-0.0
38.20878838799763,landing,1,1.495973825454712,-1.5012764930725098,0.19627457857131958,0.006635865196585655,0.005489033181220293,0.06760452687740326,1.5021617284510285,-1.503339973744005,0.10000000000000009,0.3678669887280734,51375,-0.103746999259279,0.004435659493612428,-0.0006016549172214253,17.51981899724342,0.0,-0.0,-0.0
38.21230690899756,landing,1,1.4963043928146362,-1.5010924339294434,0.19775034487247467,0.006073941010981798,0.0040614730678498745,0.06824273616075516,1.5021617284510285,-1.503339973744005,0.10000000000000009,0.3678669887280734,51375,-0.103746999259279,0.004435659493612428,-0.0006016549172214253,0.05924500146647915,0.0,-0.0,-0.0
38.25001101199814,landing,1,1.4964649677276611,-1.5009772777557373,0.19883963465690613,0.00608832435682416,0.0030963514000177383,0.06867032498121262,1.5021617284510285,-1.503339973744005,0.10000000000000009,0.3677866035146604,51364,-0.10586798114352547,0.0031617491855115655,-0.0005426682105034325,18.768526999338064,0.0,-0.0,-0.0
38.25297771999976,landing,1,1.4966821670532227,-1.500863790512085,0.1999431848526001,0.005649416707456112,0.0018190901027992368,0.06919147074222565,1.5021617284510285,-1.503339973744005,0.10000000000000009,0.3677866035146604,51364,-0.10586798114352547,0.0031617491855115655,-0.0005426682105034325,0.08175900075002573,0.0,-0.0,-0.0
38.28676002099746,landing,1,1.4970470666885376,-1.5007596015930176,0.20136182010173798,0.006033383309841156,0.0009963649790734053,0.0688125267624855,1.5021617284510285,-1.503339973744005,0.10000000000000009,0.36773634792575,51357,-0.10719398612796915,0.0020165702580706023,-0.0008254133428373945,15.66055600051186,0.0,-0.0,-0.0
38.29113738399974,landing,1,1.4972329139709473,-1.500584602355957,0.20229661464691162,0.0062837908044457436,-8.557594992453232e-05,0.06957307457923889,1.5021617284510285,-1.503339973744005,0.10000000000000009,0.36773634792575,51357,-0.10719398612796915,0.0020165702580706023,-0.0008254133428373945,0.06140500045148656,0.0,-0.0,-0.0
38.32816678799645,landing,1,1.4974194765090942,-1.5005018711090088,0.20329715311527252,0.0070983534678816795,-0.0007171244942583144,0.06904540956020355,1.5021617284510285,-1.503339973744005,0.10000000000000009,0.36769412241618904,51351,-0.10830811566783716,0.0011235942212015234,-0.0016707617976939467,16.87632000175654,0.0,-0.0,-0.0
38.3317912479979,landing,1,1.49763023853302,-1.5005176067352295,0.20477797091007233,0.007274405099451542,-0.0017487567383795977,0.06975968182086945,1.5021617284510285,-1.503339973744005,0.10000000000000009,0.36769412241618904,51351,-0.10830811566783716,0.0011235942212015234,-0.0016707617976939467,0.04697099939221516,0.0,-0.0,-0.0
38.367637960996944,landing,1,1.4978190660476685,-1.5004119873046875,0.20565135776996613,0.00793583132326603,-0.002393950242549181,0.06859689205884933,1.5021617284510285,-1.503339973744005,0.10000000000000009,0.36766704586905863,51347,-0.10902253643644855,0.0001648946376293066,-0.002394677381988569,16.124970999953803,0.0,-0.0,-0.0
38.37172637599724,landing,1,1.4980212450027466,-1.500554084777832,0.2073596715927124,0.007693607825785875,-0.00352994492277503,0.06837256997823715,1.5021617284510285,-1.503339973744005,0.10000000000000009,0.36766704586905863,51347,-0.10902253643644855,0.0001648946376293066,-0.002394677381988569,0.05494899960467592,0.0,-0.0,-0.0
38.40689886999826,landing,1,1.4982645511627197,-1.500603199005127,0.20831869542598724,0.007633747532963753,-0.004200694151222706,0.0665351003408432,1.5021617284510285,-1.503339973744005,0.10000000000000009,0.3676859806677132,51350,-0.10852293752735775,-0.0010236068356072913,-0.002459422622148938,15.665372000512434,0.0,-0.0,-0.0
38.41126889599764,landing,1,1.4985008239746094,-1.5005669593811035,0.20908553898334503,0.007431132718920708,-0.005029100924730301,0.06526410579681396,1.5021617284510285,-1.503339973744005,0.10000000000000009,0.3676859806677132,51350,-0.10852293752735775,-0.0010236068356072913,-0.002459422622148938,0.07508300041081384,0.0,-0.0,-0.0
38.447844894999434,landing,1,1.4988669157028198,-1.5003352165222168,0.21015581488609314,0.008347771130502224,-0.00490811700001359,0.06262989342212677,1.5021617284510285,-1.503339973744005,0.10000000000000009,0.36778078215393195,51363,-0.10602157905192833,-0.0013133808150671883,-0.0032130816173032493,16.592926000157604,0.0,-0.0,-0.0
38.451474700999825,landing,1,1.499058485031128,-1.5002175569534302,0.21087564527988434,0.00921914167702198,-0.00471817422658205,0.0603744201362133,1.5021617284510285,-1.503339973744005,0.10000000000000009,0.36778078215393195,51363,-0.10602157905192833,-0.0013133808150671883,-0.0032130816173032493,0.10928799747489393,0.0,-0.0,-0.0
38.487465781996434,landing,1,1.4993849992752075,-1.5002038478851318,0.21206431090831757,0.010894867591559887,-0.003509627655148506,0.05697225034236908,1.5021617284510285,-1.503339973744005,0.10000000000000009,0.3679325141186134,51385,-0.10201809713421284,-0.0004037666146303267,-0.005024332679724445,16.20427899979404,0.0,-0.0,-0.0
38.49111801199979,landing,1,1.499671220779419,-1.5001922845840454,0.21276630461215973,0.012886734679341316,-0.0020114958751946688,0.053962886333465576,1.5021617284510285,-1.503339973744005,0.10000000000000009,0.3679325141186134,51385,-0.10201809713421284,-0.0004037666146303267,-0.005024332679724445,0.060113998188171536,0.0,-0.0,-0.0
38.526946683999995,landing,1,1.5001699924468994,-1.5000402927398682,0.21378827095031738,0.015593287535011768,0.0003646195400506258,0.04932587966322899,1.5021617284510285,-1.503339973744005,0.10000000000000009,0.3681591746101084,51416,-0.09603760923197058,0.0020088619047488043,-0.008266837474141607,15.54489899717737,0.0,-0.0,-0.0
38.53109041899734,landing,1,1.5005536079406738,-1.4998780488967896,0.21438860893249512,0.018258389085531235,0.002608888316899538,0.0458059199154377,1.5021617284510285,-1.503339973744005,0.10000000000000009,0.3681591746101084,51416,-0.09603760923197058,0.0020088619047488043,-0.008266837474141607,0.053291998483473435,0.0,-0.0,-0.0
38.565311780999764,landing,1,1.5009181499481201,-1.499718427658081,0.21483829617500305,0.02153576910495758,0.005553131923079491,0.040632639080286026,1.5021617284510285,-1.503339973744005,0.10000000000000009,0.36842838400199224,51454,-0.08893445905033737,0.005296492461045607,-0.012239478396689499,14.073408998228842,0.0,-0.0,-0.0
38.57110015499711,landing,1,1.5015794038772583,-1.49931001663208,0.21544304490089417,0.02487000823020935,0.008423804305493832,0.0368395559489727,1.5021617284510285,-1.503339973744005,0.10000000000000009,0.36842838400199224,51454,-0.08893445905033737,0.005296492461045607,-0.012239478396689499,0.061196002206997946,0.0,-0.0,-0.0
38.609170923999045,landing,1,1.502117395401001,-1.4990065097808838,0.2157934457063675,0.028741197660565376,0.012037033215165138,0.03147009760141373,1.5021617284510285,-1.503339973744005,0.10000000000000009,0.368715013816817,51494,-0.0813716671024558,0.009566777003047538,-0.01720330563376796,17.83380499909981,0.0,-0.0,-0.0
38.61267784399752,landing,1,1.502995491027832,-1.4984830617904663,0.21616800129413605,0.03256045654416084,0.015321615152060986,0.02872900292277336,1.5021617284510285,-1.503339973744005,0.10000000000000009,0.368715013816817,51494,-0.0813716671024558,0.009566777003047538,-0.01720330563376796,0.052150000556139275,0.0,-0.0,-0.0
38.64734354399843,landing,1,1.5036211013793945,-1.4980919361114502,0.21641576290130615,0.036638278514146805,0.019150972366333008,0.022063739597797394,1.5021617284510285,-1.503339973744005,0.10000000000000009,0.36901559909773046,51536,-0.07344065705196812,0.014323686444483242,-0.022743827807563642,15.9961450008268,0.0,-0.0,-0.0
38.651071362997754,landing,1,1.5042781829833984,-1.4976494312286377,0.21654486656188965,0.04039177671074867,0.02246071770787239,0.015856720507144928,1.5021617284510285,-1.503339973744005,0.10000000000000009,0.36901559909773046,51536,-0.07344065705196812,0.014323686444483242,-0.022743827807563642,0.04492500011110678,0.0,-0.0,-0.0
38.68390740099858,landing,1,1.5053517818450928,-1.497004747390747,0.21655873954296112,0.04421665519475937,0.026233211159706116,0.009896835312247276,1.5021617284510285,-1.503339973744005,0.10000000000000009,0.3694154700135284,51592,-0.06288997325782653,0.019145484481037936,-0.028204856711450472,12.680392999754986,0.0,-0.0,-0.0
38.69119011499788,landing,1,1.5062241554260254,-1.4964654445648193,0.21647638082504272,0.04764652997255325,0.029418744146823883,0.006756393238902092,1.5021617284510285,-1.503339973744005,0.10000000000000009,0.3694154700135284,51592,-0.06288997325782653,0.019145484481037936,-0.028204856711450472,0.07707899931119755,0.0,-0.0,-0.0
38.72564408799735,landing,1,1.5074310302734375,-1.4956835508346558,0.21628201007843018,0.050661034882068634,0.03252822160720825,0.0018041738076135516,1.5021617284510285,-1.503339973744005,0.10000000000000009,0.3696893663625079,51630,-0.05566315666206201,0.02362229365592827,-0.03317669733974515,14.51590800206759,0.0,-0.0,-0.0
38.73110937999809,landing,1,1.5083026885986328,-1.4950653314590454,0.2160973697900772,0.053237803280353546,0.03520306199789047,-0.003189253620803356,1.5021617284510285,-1.503339973744005,0.10000000000000009,0.3696893663625079,51630,-0.05566315666206201,0.02362229365592827,-0.03317669733974515,0.06259300062083639,0.0,-0.0,-0.0
38.76765422999961,landing,1,1.5092345476150513,-1.4943006038665771,0.21573548018932343,0.055279601365327835,0.037519797682762146,-0.006546884309500456,1.5021617284510285,-1.503339973744005,0.10000000000000009,0.3699755867887559,51670,-0.04811116652359182,0.02734894408637619,-0.03690839661606013,16.19973600099911,0.0,-0.0,-0.0
38.77156926299722,landing,1,1.5106005668640137,-1.4933398962020874,0.21513405442237854,0.056783001869916916,0.03914738446474075,-0.01132439449429512,1.5021617284510285,-1.503339973744005,0.10000000000000009,0.3699755867887559,51670,-0.04811116652359182,0.02734894408637619,-0.03690839661606013,0.04580399763653986,0.0,-0.0,-0.0
38.807865216997016,landing,1,1.5115656852722168,-1.492729663848877,0.21468015015125275,0.057635363191366196,0.04040675237774849,-0.016996875405311584,1.5021617284510285,-1.503339973744005,0.10000000000000009,0.3703398272353441,51721,-0.038500600650552386,0.02990716168044589,-0.03954811359990494,16.546228998777224,0.0,-0.0,-0.0
38.811652848999074,landing,1,1.5129847526550293,-1.4915474653244019,0.21380123496055603,0.058005064725875854,0.040893204510211945,-0.02021857537329197,1.5021617284510285,-1.503339973744005,0.10000000000000009,0.3703398272353441,51721,-0.038500600650552386,0.02990716168044589,-0.03954811359990494,0.04288199852453545,0.0,-0.0,-0.0
38.84622459799721,landing,1,1.5138720273971558,-1.4908077716827393,0.21319442987442017,0.057680048048496246,0.04110955074429512,-0.024940364062786102,1.5021617284510285,-1.503339973744005,0.10000000000000009,0.37062970069422935,51761,-0.030852224426666908,0.03134962375006889,-0.040804669305995044,14.97247299994342,0.0,-0.0,-0.0
38.85107705199698,landing,1,1.514750599861145,-1.4902093410491943,0.21253858506679535,0.05671106278896332,0.04068496450781822,-0.029144957661628723,1.5021617284510285,-1.503339973744005,0.10000000000000009,0.37062970069422935,51761,-0.030852224426666908,0.03134962375006889,-0.040804669305995044,0.0536680017830804,0.0,-0.0,-0.0
38.88400848499805,landing,1,1.5160969495773315,-1.4891542196273804,0.21141275763511658,0.054943058639764786,0.039997413754463196,-0.034593742340803146,1.5021617284510285,-1.503339973744005,0.10000000000000009,0.3709804715407648,51810,-0.02159705697190617,0.03156336762361736,-0.04034945633041429,12.834304001444252,0.0,-0.0,-0.0
38.89116825399833,landing,1,1.5169326066970825,-1.4884183406829834,0.21064291894435883,0.05249103903770447,0.03870931267738342,-0.03847286105155945,1.5021617284510285,-1.503339973744005,0.10000000000000009,0.3709804715407648,51810,-0.02159705697190617,0.03156336762361736,-0.04034945633041429,0.06074699922464788,0.0,-0.0,-0.0
38.926785388997814,landing,1,1.5180357694625854,-1.4875937700271606,0.20945407450199127,0.049152545630931854,0.037115443497896194,-0.04321366921067238,1.5021617284510285,-1.503339973744005,0.10000000000000009,0.371300780757917,51855,-0.013145626440186575,0.030670077792627495,-0.03792531614274042,15.641663998394506,0.0,-0.0,-0.0
38.93109764199835,landing,1,1.518714427947998,-1.4870716333389282,0.20866352319717407,0.04523858428001404,0.03508232161402702,-0.04578881338238716,1.5021617284510285,-1.503339973744005,0.10000000000000009,0.371300780757917,51855,-0.013145626440186575,0.030670077792627495,-0.03792531614274042,0.05393899846239947,0.0,-0.0,-0.0
38.9674325379965,landing,1,1.5193803310394287,-1.4864143133163452,0.2076053023338318,0.040542494505643845,0.03258123621344566,-0.04864664748311043,1.5021617284510285,-1.503339973744005,0.10000000000000009,0.3715076730289093,51884,-0.007686727469412347,0.028599603746699568,-0.033516785262569265,16.020008002669783,0.0,-0.0,-0.0
38.97105860800002,landing,1,1.5201927423477173,-1.4856619834899902,0.20617397129535675,0.03535378351807594,0.02961832657456398,-0.051627080887556076,1.5021617284510285,-1.503339973744005,0.10000000000000009,0.3715076730289093,51884,-0.007686727469412347,0.028599603746699568,-0.033516785262569265,0.04547299977275543,0.0,-0.0,-0.0
39.00848554299955,landing,1,1.520582914352417,-1.4852346181869507,0.20529262721538544,0.029377004131674767,0.026358025148510933,-0.055022936314344406,1.5021617284510285,-1.503339973744005,0.10000000000000009,0.3717579315091701,51919,-0.0010836013411594791,0.02551616966630308,-0.02750213885860045,17.166933001135476,0.0,-0.0,-0.0
39.01208589399903,landing,1,1.521142840385437,-1.4845807552337646,0.2036411166191101,0.02322886884212494,0.022728482261300087,-0.05758054926991463,1.5021617284510285,-1.503339973744005,0.10000000000000009,0.3717579315091701,51919,-0.0010836013411594791,0.02551616966630308,-0.02750213885860045,0.0536479965376202,0.0,-0.0,-0.0
39.04787996399682,landing,1,1.5214557647705078,-1.4841690063476562,0.2024579495191574,0.016574801877141,0.019047046080231667,-0.05909305065870285,1.5021617284510285,-1.503339973744005,0.10000000000000009,0.3719449348899821,51945,0.0038505248016367233,0.021730643155175453,-0.02034552736260876,16.50664900080301,0.0,-0.0,-0.0
39.05117793599857,landing,1,1.5216432809829712,-1.4838218688964844,0.20131871104240417,0.010086046531796455,0.015186894685029984,-0.06032434478402138,1.5021617284510285,-1.503339973744005,0.10000000000000009,0.3719449348899821,51945,0.0038505248016367233,0.021730643155175453,-0.02034552736260876,0.07786100104567595,0.0,-0.0,-0.0
39.086480555997696,landing,1,1.5217599868774414,-1.4834030866622925,0.1997390240430832,0.003681389382109046,0.011681531555950642,-0.06198132783174515,1.5021617284510285,-1.503339973744005,0.10000000000000009,0.3720662084289043,51962,0.007050354324650954,0.01775702197319808,-0.012835203544675208,15.3058809992217,0.0,-0.0,-0.0
39.091094473998965,landing,1,1.521671175956726,-1.4831634759902954,0.19864380359649658,-0.0022609105799347162,0.00819428451359272,-0.06362922489643097,1.5021617284510285,-1.503339973744005,0.10000000000000009,0.3720662084289043,51962,0.007050354324650954,0.01775702197319808,-0.012835203544675208,0.06334800127660856,0.0,-0.0,-0.0
39.126354136999,landing,1,1.5215473175048828,-1.482959270477295,0.19688096642494202,-0.007735126651823521,0.005220026709139347,-0.06615952402353287,1.5021617284510285,-1.503339973744005,0.10000000000000009,0.37224218625976463,51986,0.011693568859223902,0.014145099908368612,-0.005922637552934594,14.941538000130095,0.0,-0.0,-0.0
39.131133556998975,landing,1,1.5213302373886108,-1.4828877449035645,0.19572050869464874,-0.012715381570160389,0.002409853972494602,-0.06839300692081451,1.5021617284510285,-1.503339973744005,0.10000000000000009,0.37224218625976463,51986,0.011693568859223902,0.014145099908368612,-0.005922637552934594,0.06878699787193909,0.0,-0.0,-0.0
39.167313341997215,landing,1,1.5211220979690552,-1.4827204942703247,0.19454091787338257,-0.01716487854719162,-3.9144986658357084e-05,-0.06974417716264725,1.5021617284510285,-1.503339973744005,0.10000000000000009,0.3724052022171671,52009,0.01599478145559452,0.01113856398013322,-7.712487388950467e-05,15.726535999419866,0.0,-0.0,-0.0
39.17160812699876,landing,1,1.5206377506256104,-1.4826253652572632,0.19263510406017303,-0.02122136577963829,-0.0025291929487138987,-0.07010545581579208,1.5021617284510285,-1.503339973744005,0.10000000000000009,0.3724052022171671,52009,0.01599478145559452,0.01113856398013322,-7.712487388950467e-05,0.0563689973205328,0.0,-0.0,-0.0
39.20963306599879,landing,1,1.5202810764312744,-1.482507586479187,0.19127024710178375,-0.024760300293564796,-0.004312932025641203,-0.07208103686571121,1.5021617284510285,-1.503339973744005,0.10000000000000009,0.37254444950420246,52029,0.019668852353625255,0.008705035909981172,0.004894037015043081,18.404509999527363,0.0,-0.0,-0.0
39.21198702299807,landing,1,1.519842267036438,-1.4824090003967285,0.18993523716926575,-0.028088640421628952,-0.006341694854199886,-0.07337311655282974,1.5021617284510285,-1.503339973744005,0.10000000000000009,0.37254444950420246,52029,0.019668852353625255,0.008705035909981172,0.004894037015043081,0.057108998589683324,0.0,-0.0,-0.0
39.25477179099835,landing,1,1.519248366355896,-1.4823119640350342,0.18780674040317535,-0.030747000128030777,-0.0075172982178628445,-0.07558754086494446,1.5021617284510285,-1.503339973744005,0.10000000000000009,0.3731275164490293,52110,0.035053204459874365,0.0068910782849487436,0.00900060315236072,23.520722999819554,0.0,-0.0,-0.0
39.255132545997185,landing,1,1.519248366355896,-1.4823119640350342,0.18780674040317535,-0.03318348154425621,-0.009212471544742584,-0.07711511105298996,1.5021617284510285,-1.503339973744005,0.10000000000000009,0.3731275164490293,52110,0.035053204459874365,0.0068910782849487436,0.00900060315236072,0.03167700197082013,0.0,-0.0,-0.0
39.295774035999784,landing,1,1.5180250406265259,-1.4821593761444092,0.184367835521698,-0.034631092101335526,-0.010156438685953617,-0.07735481858253479,1.5021617284510285,-1.503339973744005,0.10000000000000009,0.37341106031223925,52150,0.04253457288230145,0.005400998353773636,0.011961749810747185,24.527745001250878,0.0,-0.0,-0.0
39.296428371999355,landing,1,1.5180250406265259,-1.4821593761444092,0.184367835521698,-0.035949815064668655,-0.01127247978001833,-0.07934389263391495,1.5021617284510285,-1.503339973744005,0.10000000000000009,0.37341106031223925,52150,0.04253457288230145,0.005400998353773636,0.011961749810747185,0.061781000113114715,0.0,-0.0,-0.0
39.325869867996516,landing,1,1.5166914463043213,-1.4820473194122314,0.18052472174167633,-0.03629783168435097,-0.011717099696397781,-0.08038077503442764,1.5021617284510285,-1.503339973744005,0.10000000000000009,0.37380709420854713,52205,0.052984016056651484,0.004527801906379437,0.013660724322997258,14.759705001779366,0.0,-0.0,-0.0
39.331078719998914,landing,1,1.516172170639038,-1.482017159461975,0.17900536954402924,-0.036584705114364624,-0.012312183156609535,-0.08198437839746475,1.5021617284510285,-1.503339973744005,0.10000000000000009,0.37380709420854713,52205,0.052984016056651484,0.004527801906379437,0.013660724322997258,0.05240000245976262,0.0,-0.0,-0.0
39.368680150997534,landing,1,1.5156890153884888,-1.4818934202194214,0.17737020552158356,-0.03629099577665329,-0.012287095189094543,-0.08381916582584381,1.5021617284510285,-1.503339973744005,0.10000000000000009,0.37420490590769573,52261,0.06348036695766979,0.004264454670895175,0.014192111421381028,17.040288999851327,0.0,-0.0,-0.0
39.37163048099683,landing,1,1.5148519277572632,-1.4818693399429321,0.17511488497257233,-0.035803914070129395,-0.012713375501334667,-0.0852716937661171,1.5021617284510285,-1.503339973744005,0.10000000000000009,0.37420490590769573,52261,0.06348036695766979,0.004264454670895175,0.014192111421381028,0.03982899943366647,0.0,-0.0,-0.0
39.40466960699996,landing,1,1.5143206119537354,-1.4818246364593506,0.17346781492233276,-0.03454883396625519,-0.011741588823497295,-0.08659093827009201,1.5021617284510285,-1.503339973744005,0.10000000000000009,0.374594116939988,52315,0.07374978733477455,0.004617320130345307,0.01388263951143566,13.476819000061369,0.0,-0.0,-0.0
39.41109038899958,landing,1,1.5136263370513916,-1.4816827774047852,0.17117644846439362,-0.033422455191612244,-0.011837193742394447,-0.0872199758887291,1.5021617284510285,-1.503339973744005,0.10000000000000009,0.374594116939988,52315,0.07374978733477455,0.004617320130345307,0.01388263951143566,0.05538600089494139,0.0,-0.0,-0.0
39.44750756199937,landing,1,1.5131216049194336,-1.4816153049468994,0.1693989336490631,-0.03194823116064072,-0.010585129261016846,-0.08900599926710129,1.5021617284510285,-1.503339973744005,0.10000000000000009,0.37497137382301055,52368,0.08370379480238732,0.005404232552784413,0.012981210273765897,16.241991997958394,0.0,-0.0,-0.0
39.451066460998845,landing,1,1.5126153230667114,-1.4815751314163208,0.1678866595029831,-0.03102606162428856,-0.010651366785168648,-0.08866588771343231,1.5021617284510285,-1.503339973744005,0.10000000000000009,0.37497137382301055,52368,0.08370379480238732,0.005404232552784413,0.012981210273765897,0.04060400169692002,0.0,-0.0,-0.0
39.48686098399776,landing,1,1.511987328529358,-1.4814114570617676,0.16536332666873932,-0.02979365922510624,-0.009489000774919987,-0.09103334695100784,1.5021617284510285,-1.503339973744005,0.10000000000000009,0.3753262211819674,52417,0.09306652195164489,0.0061556760618222016,0.012305343177868213,15.6990979994589,0.0,-0.0,-0.0
39.491334636997635,landing,1,1.5115199089050293,-1.4814114570617676,0.16384702920913696,-0.028746549040079117,-0.009790658950805664,-0.09144802391529083,1.5021617284510285,-1.503339973744005,0.10000000000000009,0.3753262211819674,52417,0.09306652195164489,0.0061556760618222016,0.012305343177868213,0.06813000072725117,0.0,-0.0,-0.0
39.5289703999988,landing,1,1.510876178741455,-1.4811407327651978,0.16135889291763306,-0.027187436819076538,-0.00919979065656662,-0.09126028418540955,1.5021617284510285,-1.503339973744005,0.10000000000000009,0.37554726287326373,52448,0.09889875655049352,0.006469334207467727,0.011358035450761556,16.739853999752086,0.0,-0.0,-0.0
39.53132383999764,landing,1,1.5105416774749756,-1.4811394214630127,0.15993666648864746,-0.025535596534609795,-0.008988545276224613,-0.08990965038537979,1.5021617284510285,-1.503339973744005,0.10000000000000009,0.37554726287326373,52448,0.09889875655049352,0.006469334207467727,0.011358035450761556,0.038591999327763915,0.0,-0.0,-0.0
39.56868177999786,landing,1,1.5101710557937622,-1.4808175563812256,0.15821518003940582,-0.023366449400782585,-0.007977884262800217,-0.08969448506832123,1.5021617284510285,-1.503339973744005,0.10000000000000009,0.3755913885218771,52454,0.10006302168541126,0.0073589326816815275,0.009490853592437537,17.546273000334622,0.0,-0.0,-0.0
39.57207415099765,landing,1,1.5097439289093018,-1.4806498289108276,0.15590110421180725,-0.020985111594200134,-0.007545605301856995,-0.08865763247013092,1.5021617284510285,-1.503339973744005,0.10000000000000009,0.3755913885218771,52454,0.10006302168541126,0.0073589326816815275,0.009490853592437537,0.05458500163513236,0.0,-0.0,-0.0
39.60773254099695,landing,1,1.5095123052597046,-1.480404257774353,0.1542859822511673,-0.01772073656320572,-0.005258243530988693,-0.08509378135204315,1.5021617284510285,-1.503339973744005,0.10000000000000009,0.3754655768233539,52437,0.0967434518035315,0.0091816595602969,0.0065225892700027325,16.55957799812313,0.0,-0.0,-0.0
39.611063440999715,landing,1,1.509206771850586,-1.4801381826400757,0.15211036801338196,-0.014353311620652676,-0.004294324200600386,-0.08252530544996262,1.5021617284510285,-1.503339973744005,0.10000000000000009,0.3754655768233539,52437,0.0967434518035315,0.0091816595602969,0.0065225892700027325,0.046263998228823766,0.0,-0.0,-0.0
39.64804488899972,landing,1,1.509032130241394,-1.4799531698226929,0.15054316818714142,-0.010663486085832119,-0.0017435700865462422,-0.08089334517717361,1.5021617284510285,-1.503339973744005,0.10000000000000009,0.3753439056787269,52420,0.09353313136482377,0.011497986226538677,0.002623924864651749,16.867176000232575,0.0,-0.0,-0.0
39.65105889199913,landing,1,1.5088422298431396,-1.4797558784484863,0.14924223721027374,-0.007767209317535162,-0.0007556703058071434,-0.07753391563892365,1.5021617284510285,-1.503339973744005,0.10000000000000009,0.3753439056787269,52420,0.09353313136482377,0.011497986226538677,0.002623924864651749,0.046075001591816545,0.0,-0.0,-0.0
39.6922169449972,landing,1,1.508617877960205,-1.4792065620422363,0.1471615582704544,-0.00544102443382144,0.001552894595079124,-0.0732979103922844,1.5021617284510285,-1.503339973744005,0.10000000000000009,0.3749394401015017,52363,0.08286121639846122,0.013855303372290212,-0.00024134778279871562,21.038254999439232,0.0,-0.0,-0.0
39.69339838399901,landing,1,1.508617877960205,-1.4792065620422363,0.1471615582704544,-0.0038596228696405888,0.0022935662418603897,-0.06813564896583557,1.5021617284510285,-1.503339973744005,0.10000000000000009,0.3749394401015017,52363,0.08286121639846122,0.013855303372290212,-0.00024134778279871562,0.08852399696479551,0.0,-0.0,-0.0
39.724459873999876,landing,1,1.5083627700805664,-1.4786479473114014,0.14391842484474182,-0.0025548723060637712,0.0036788356956094503,-0.06620853394269943,1.5021617284510285,-1.503339973744005,0.10000000000000009,0.3745654191841226,52311,0.07299259061009344,0.015433401344178086,-0.0018166879158379807,13.072297002509004,0.0,-0.0,-0.0
39.7311178739983,landing,1,1.5082502365112305,-1.4784194231033325,0.142772376537323,-0.0013332318048924208,0.0039173271507024765,-0.06506496667861938,1.5021617284510285,-1.503339973744005,0.10000000000000009,0.3745654191841226,52311,0.07299259061009344,0.015433401344178086,-0.0018166879158379807,0.05415200212155469,0.0,-0.0,-0.0
39.7677782819992,landing,1,1.5082463026046753,-1.4780644178390503,0.1416121870279312,-9.143393253907561e-05,0.004098312929272652,-0.06248822435736656,1.5021617284510285,-1.503339973744005,0.10000000000000009,0.37440212802876166,52288,0.0686841168538681,0.016007387562844203,-0.0032119839029437465,16.56924399867421,0.0,-0.0,-0.0
39.77213221799684,landing,1,1.50819730758667,-1.477678894996643,0.13978302478790283,0.001189695205539465,0.0031178647186607122,-0.06047031283378601,1.5021617284510285,-1.503339973744005,0.10000000000000009,0.37440212802876166,52288,0.0686841168538681,0.016007387562844203,-0.0032119839029437465,0.04601100226864219,0.0,-0.0,-0.0
39.811533114996564,landing,1,1.5081350803375244,-1.477472186088562,0.13862602412700653,0.002318978775292635,0.003404611488804221,-0.05962313339114189,1.5021617284510285,-1.503339973744005,0.10000000000000009,0.3743366408687221,52279,0.06695622344913055,0.015921703327306344,-0.004579439566855743,20.203546002449002,0.0,-0.0,-0.0
39.81222223899749,landing,1,1.5081350803375244,-1.477472186088562,0.13862602412700653,0.0034070902038365602,0.0021560192108154297,-0.059078115969896317,1.5021617284510285,-1.503339973744005,0.10000000000000009,0.3743366408687221,52279,0.06695622344913055,0.015921703327306344,-0.004579439566855743,0.05482599954120815,0.0,-0.0,-0.0
39.84538352499658,landing,1,1.5079526901245117,-1.4769060611724854,0.13588471710681915,0.003589673899114132,0.0019530673744156957,-0.05760188400745392,1.5021617284510285,-1.503339973744005,0.10000000000000009,0.37431951541198366,52277,0.06650436443228536,0.015370696241597412,-0.005238354595958439,14.055756000743713,0.0,-0.0,-0.0
39.85116725599801,landing,1,1.5078728199005127,-1.476714849472046,0.134658083319664,0.0034373626112937927,0.00017232568643521518,-0.05704116076231003,1.5021617284510285,-1.503339973744005,0.10000000000000009,0.37431951541198366,52277,0.06650436443228536,0.015370696241597412,-0.005238354595958439,0.06085099812480621,0.0,-0.0,-0.0
39.889864946999296,landing,1,1.5078281164169312,-1.4765583276748657,0.132967010140419,0.0027832193300127983,-0.0009337975061498582,-0.057242415845394135,1.5021617284510285,-1.503339973744005,0.10000000000000009,0.374439596182233,52293,0.06967272248635759,0.013852559675187778,-0.0046983045218404,18.651119000423932,0.0,-0.0,-0.0
39.892241272998945,landing,1,1.5077743530273438,-1.4764363765716553,0.13202452659606934,0.0024688446428626776,-0.002746239071711898,-0.05351502448320389,1.5021617284510285,-1.503339973744005,0.10000000000000009,0.374439596182233,52293,0.06967272248635759,0.013852559675187778,-0.0046983045218404,0.049755002692108974,0.0,-0.0,-0.0
39.93007758799649,landing,1,1.507689118385315,-1.4761816263198853,0.13061028718948364,0.0019978461787104607,-0.004116126801818609,-0.05173768103122711,1.5021617284510285,-1.503339973744005,0.10000000000000009,0.3741616786999548,52254,0.06233980738666922,0.012181897328251494,-0.0041622844751138,17.782660001103068,0.0,-0.0,-0.0
39.93228837799688,landing,1,1.5075466632843018,-1.4760208129882812,0.12939836084842682,0.0012287512654438615,-0.005516341421753168,-0.05322437733411789,1.5021617284510285,-1.503339973744005,0.10000000000000009,0.3741616786999548,52254,0.06233980738666922,0.012181897328251494,-0.0041622844751138,0.043452000682009384,0.0,-0.0,-0.0
39.96690989799754,landing,1,1.5074131488800049,-1.4760459661483765,0.1283951997756958,-0.0001829323300626129,-0.006325737107545137,-0.05190849304199219,1.5021617284510285,-1.503339973744005,0.10000000000000009,0.37428895876817037,52272,0.0656981205321987,0.010943444065430671,-0.002728030704863122,15.694269000960048,0.0,-0.0,-0.0
39.971259496996936,landing,1,1.5071930885314941,-1.4758425951004028,0.12684763967990875,-0.0014886988792568445,-0.007753962650895119,-0.048260919749736786,1.5021617284510285,-1.503339973744005,0.10000000000000009,0.37428895876817037,52272,0.0656981205321987,0.010943444065430671,-0.002728030704863122,0.05283599966787733,0.0,-0.0,-0.0
40.00894783699914,landing,1,1.5069876909255981,-1.475691318511963,0.1259423792362213,-0.0036399569362401962,-0.0077955592423677444,-0.0457291379570961,1.5021617284510285,-1.503339973744005,0.10000000000000009,0.37395398148180437,52225,0.05685966970459866,0.010267666937415912,-0.0004597376462922685,17.780783000489464,0.0,-0.0,-0.0
40.0123659139972,landing,1,1.5067546367645264,-1.4757007360458374,0.12460038810968399,-0.005558566190302372,-0.009002645500004292,-0.04441320151090622,1.5021617284510285,-1.503339973744005,0.10000000000000009,0.37395398148180437,52225,0.05685966970459866,0.010267666937415912,-0.0004597376462922685,0.045045999286230654,0.0,-0.0,-0.0
40.04420992899759,landing,1,1.5065854787826538,-1.4756730794906616,0.12369435280561447,-0.008055325597524643,-0.008955424651503563,-0.04420671984553337,1.5021617284510285,-1.503339973744005,0.10000000000000009,0.37394999353076963,52225,0.05675444672215235,0.009594433964561104,0.002369977906734803,12.997845002246322,0.0,-0.0,-0.0
40.05127334899953,landing,1,1.50626802444458,-1.4755969047546387,0.12274787575006485,-0.00981718860566616,-0.00998216774314642,-0.04042777791619301,1.5021617284510285,-1.503339973744005,0.10000000000000009,0.37394999353076963,52225,0.05675444672215235,0.009594433964561104,0.002369977906734803,0.07763699977658689,0.0,-0.0,-0.0
40.08753837699987,landing,1,1.5058432817459106,-1.4754539728164673,0.12160324305295944,-0.012286883778870106,-0.009720039553940296,-0.03688037768006325,1.5021617284510285,-1.503339973744005,0.10000000000000009,0.3734975297865267,52162,0.04481608935426529,0.009266380273124245,0.005278348195713262,16.360188001272036,0.0,-0.0,-0.0
40.09110927399888,landing,1,1.505521297454834,-1.4753756523132324,0.12096992880105972,-0.014705716632306576,-0.010814309120178223,-0.033929210156202316,1.5021617284510285,-1.503339973744005,0.10000000000000009,0.3734975297865267,52162,0.04481608935426529,0.009266380273124245,0.005278348195713262,0.055357999372063205,0.0,-0.0,-0.0
40.12765626199689,landing,1,1.5050939321517944,-1.4754256010055542,0.11982552707195282,-0.017607109621167183,-0.011332565918564796,-0.033239543437957764,1.5021617284510285,-1.503339973744005,0.10000000000000009,0.3733109099274407,52136,0.039892082518223404,0.008334780589189196,0.008838992424912796,16.29949400012265,0.0,-0.0,-0.0
40.13106165899808,landing,1,1.5047765970230103,-1.4754682779312134,0.11911645531654358,-0.02004014328122139,-0.012793160043656826,-0.031817469745874405,1.5021617284510285,-1.503339973744005,0.10000000000000009,0.3733109099274407,52136,0.039892082518223404,0.008334780589189196,0.008838992424912796,0.04352999894763343,0.0,-0.0,-0.0
40.17106317099751,landing,1,1.504296898841858,-1.475486159324646,0.11847735196352005,-0.022156547755002975,-0.014178106561303139,-0.028177598491311073,1.5021617284510285,-1.503339973744005,0.10000000000000009,0.37299612413710626,52092,0.03158638884185194,0.006624336109877855,0.011980641384755294,19.733473000087542,0.0,-0.0,-0.0
40.1724301869981,landing,1,1.504296898841858,-1.475486159324646,0.11847735196352005,-0.024224041029810905,-0.016248757019639015,-0.022074487060308456,1.5021617284510285,-1.503339973744005,0.10000000000000009,0.37299612413710626,52092,0.03158638884185194,0.006624336109877855,0.011980641384755294,0.04010399788967334,0.0,-0.0,-0.0
40.20688758399774,landing,1,1.5032460689544678,-1.475499153137207,0.11717944592237473,-0.0267366711050272,-0.01615608111023903,-0.02519296295940876,1.5021617284510285,-1.503339973744005,0.10000000000000009,0.3728375695559578,52070,0.0274028906585162,0.005441420379500861,0.015270998065379437,15.62647399987327,0.0,-0.0,-0.0
40.21109316199727,landing,1,1.5026845932006836,-1.4755321741104126,0.1164364442229271,-0.028750361874699593,-0.01679171249270439,-0.02289777249097824,1.5021617284510285,-1.503339973744005,0.10000000000000009,0.3728375695559578,52070,0.0274028906585162,0.005441420379500861,0.015270998065379437,0.05383700045058504,0.0,-0.0,-0.0
40.2488724299983,landing,1,1.502221703529358,-1.475608468055725,0.11603258550167084,-0.029816532507538795,-0.015598395839333534,-0.018263280391693115,1.5021617284510285,-1.503339973744005,0.10000000000000009,0.3723877901445092,52007,0.01553536001343403,0.005714046735674466,0.017680769197030245,17.55768500152044,0.0,-0.0,-0.0
40.25199450499713,landing,1,1.5017507076263428,-1.4756544828414917,0.11561351269483566,-0.030328238382935524,-0.015645237639546394,-0.01391980517655611,1.5021617284510285,-1.503339973744005,0.10000000000000009,0.3723877901445092,52007,0.01553536001343403,0.005714046735674466,0.017680769197030245,0.10767599815153517,0.0,-0.0,-0.0
40.28818702799981,landing,1,1.5011786222457886,-1.4757490158081055,0.11492311954498291,-0.03066442906856537,-0.014711271971464157,-0.016974428668618202,1.5021617284510285,-1.503339973744005,0.10000000000000009,0.3723467541971876,52001,0.014452617340040774,0.006165766489065871,0.01875824725014792,16.971539000223856,0.0,-0.0,-0.0
40.291118748999,landing,1,1.500832200050354,-1.4758188724517822,0.1145177036523819,-0.030583418905735016,-0.014669084921479225,-0.015957225114107132,1.5021617284510285,-1.503339973744005,0.10000000000000009,0.3723467541971876,52001,0.014452617340040774,0.006165766489065871,0.01875824725014792,0.05865999992238358,0.0,-0.0,-0.0
40.32845705299769,landing,1,1.500252366065979,-1.4759089946746826,0.11413177102804184,-0.02930605225265026,-0.01479713898152113,-0.011660165153443813,1.5021617284510285,-1.503339973744005,0.10000000000000009,0.37201825045835796,51955,0.005784972516039488,0.006036844640259883,0.018476177149232213,17.08438200148521,0.0,-0.0,-0.0
40.331056129998615,landing,1,1.4998464584350586,-1.475996732711792,0.11392274498939514,-0.027688898146152496,-0.016149768605828285,-0.008346705697476864,1.5021617284510285,-1.503339973744005,0.10000000000000009,0.37201825045835796,51955,0.005784972516039488,0.006036844640259883,0.018476177149232213,0.04304499816498719,0.0,-0.0,-0.0
40.368592446997354,landing,1,1.4994114637374878,-1.4760898351669312,0.11376221477985382,-0.026180889457464218,-0.017763279378414154,-0.005907147657126188,1.5021617284510285,-1.503339973744005,0.10000000000000009,0.3717523510870551,51918,-0.0012308420302087342,0.004185009643257954,0.01708952186532771,17.039408998243744,0.0,-0.0,-0.0
40.37185326299732,landing,1,1.4987541437149048,-1.4763059616088867,0.1136009693145752,-0.025521300733089447,-0.0204340647906065,-0.0028019032906740904,1.5021617284510285,-1.503339973744005,0.10000000000000009,0.3717523510870551,51918,-0.0012308420302087342,0.004185009643257954,0.01708952186532771,0.03615500099840574,0.0,-0.0,-0.0
40.40609166699869,landing,1,1.4983999729156494,-1.4764498472213745,0.11354193091392517,-0.025391938164830208,-0.022022239863872528,-0.0007708662305958569,1.5021617284510285,-1.503339973744005,0.10000000000000009,0.37158605105769915,51895,-0.005618705601607488,0.0014595958213146232,0.017165015942853787,14.850363000732614,0.0,-0.0,-0.0
40.41112013799648,landing,1,1.4978508949279785,-1.4767749309539795,0.1135178804397583,-0.025742294266819954,-0.024836068972945213,0.00045749329729005694,1.5021617284510285,-1.503339973744005,0.10000000000000009,0.37158605105769915,51895,-0.005618705601607488,0.0014595958213146232,0.017165015942853787,0.07504300083382986,0.0,-0.0,-0.0
40.44543013999646,landing,1,1.4974772930145264,-1.477073311805725,0.11352579295635223,-0.025858137756586075,-0.026392800733447075,0.002361648716032505,1.5021617284510285,-1.503339973744005,0.10000000000000009,0.37148254618556964,51880,-0.008349704866237317,-0.0014799160055132597,0.017945030963883134,14.237298000807641,0.0,-0.0,-0.0
40.451033907997044,landing,1,1.4970462322235107,-1.4774589538574219,0.1135786771774292,-0.026050010696053505,-0.029355591163039207,0.0032317775767296553,1.5021617284510285,-1.503339973744005,0.10000000000000009,0.37148254618556964,51880,-0.008349704866237317,-0.0014799160055132597,0.017945030963883134,0.058432000514585525,0.0,-0.0,-0.0
40.487391002996446,landing,1,1.4965170621871948,-1.4780182838439941,0.11365380138158798,-0.026075826957821846,-0.032123859971761703,0.006849519442766905,1.5021617284510285,-1.503339973744005,0.10000000000000009,0.3713315959664912,51859,-0.012332560250893465,-0.005402931421858542,0.018602992846946265,16.17994399930467,0.0,-0.0,-0.0
40.49107936099972,landing,1,1.4961687326431274,-1.4783886671066284,0.1136871874332428,-0.026459164917469025,-0.0356583334505558,0.006740661803632975,1.5021617284510285,-1.503339973744005,0.10000000000000009,0.3713315959664912,51859,-0.012332560250893465,-0.005402931421858542,0.018602992846946265,0.05099600093672052,0.0,-0.0,-0.0
40.52567530899978,landing,1,1.4955695867538452,-1.4790574312210083,0.11366964876651764,-0.026067638769745827,-0.038700442761182785,0.0038678846322000027,1.5021617284510285,-1.503339973744005,0.10000000000000009,0.37143010683076305,51873,-0.009733329003614344,-0.009883298897638984,0.019107716353460105,14.520705000904854,0.0,-0.0,-0.0
40.531115615998715,landing,1,1.4951374530792236,-1.4796937704086304,0.11387430876493454,-0.02515310049057007,-0.0421634167432785,0.0061397491954267025,1.5021617284510285,-1.503339973744005,0.10000000000000009,0.37143010683076305,51873,-0.009733329003614344,-0.009883298897638984,0.019107716353460105,0.05907100057811476,0.0,-0.0,-0.0
40.56712308099668,landing,1,1.494755506515503,-1.4802615642547607,0.11399750411510468,-0.024141887202858925,-0.044668275862932205,0.008152460679411888,1.5021617284510285,-1.503339973744005,0.10000000000000009,0.371282372815367,51852,-0.013631324132797218,-0.014100701947898465,0.018415829048132753,15.517304000240983,0.0,-0.0,-0.0
40.571593125998334,landing,1,1.4941976070404053,-1.4813264608383179,0.11428119242191315,-0.02428068034350872,-0.04762966185808182,0.006356840021908283,1.5021617284510285,-1.503339973744005,0.10000000000000009,0.371282372815367,51852,-0.013631324132797218,-0.014100701947898465,0.018415829048132753,0.052466002671280876,0.0,-0.0,-0.0
40.60526448199744,landing,1,1.4938716888427734,-1.4819929599761963,0.11431746929883957,-0.024704473093152046,-0.049355700612068176,0.005307747516781092,1.5021617284510285,-1.503339973744005,0.10000000000000009,0.3713709911940709,51865,-0.01129310833586139,-0.017828400238249643,0.01921754236176356,14.07150399973034,0.0,-0.0,-0.0
40.61111497099773,landing,1,1.4935269355773926,-1.4830257892608643,0.11444289237260818,-0.024947356432676315,-0.05176793411374092,0.00903303176164627,1.5021617284510285,-1.503339973744005,0.10000000000000009,0.3713709911940709,51865,-0.01129310833586139,-0.017828400238249643,0.01921754236176356,0.05917799717281014,0.0,-0.0,-0.0
40.647145333998196,landing,1,1.493287205696106,-1.483747124671936,0.11444849520921707,-0.02373921312391758,-0.052684664726257324,0.00942015741020441,1.5021617284510285,-1.503339973744005,0.10000000000000009,0.3712324279355643,51845,-0.014949130987750081,-0.020777093003052232,0.018974871876055528,15.922087000944884,0.0,-0.0,-0.0
40.651071577998664,landing,1,1.4930031299591064,-1.4845374822616577,0.11450190842151642,-0.021368319168686867,-0.054439444094896317,0.0075669256038963795,1.5021617284510285,-1.503339973744005,0.10000000000000009,0.3712324279355643,51845,-0.014949130987750081,-0.020777093003052232,0.018974871876055528,0.04795399945578538,0.0,-0.0,-0.0
40.687585563999164,landing,1,1.4926259517669678,-1.485707402229309,0.11466818302869797,-0.017285902053117752,-0.05526897311210632,0.008455580100417137,1.5021617284510285,-1.503339973744005,0.10000000000000009,0.37126051811558514,51849,-0.014207965287992508,-0.023380194167260192,0.015497432361902454,16.341118000127608,0.0,-0.0,-0.0
40.69109770299838,landing,1,1.492447018623352,-1.4864606857299805,0.11482639610767365,-0.01327453926205635,-0.05661787465214729,0.013764781877398491,1.5021617284510285,-1.503339973744005,0.10000000000000009,0.37126051811558514,51849,-0.014207965287992508,-0.023380194167260192,0.015497432361902454,0.05328800034476444,0.0,-0.0,-0.0
40.72647211599906,landing,1,1.4922453165054321,-1.4876341819763184,0.11497672647237778,-0.009238596074283123,-0.05656980723142624,0.015613994561135769,1.5021617284510285,-1.503339973744005,0.10000000000000009,0.3710179058219202,51815,-0.02060934506807044,-0.02522252858747128,0.010918551119510686,15.011628998763626,0.0,-0.0,-0.0
40.73114842599898,landing,1,1.4921518564224243,-1.4883493185043335,0.11512945592403412,-0.00628915848210454,-0.055863890796899796,0.01607757806777954,1.5021617284510285,-1.503339973744005,0.10000000000000009,0.3710179058219202,51815,-0.02060934506807044,-0.02522252858747128,0.010918551119510686,0.06457600102294236,0.0,-0.0,-0.0
40.76586096799656,landing,1,1.492039442062378,-1.4892045259475708,0.1154845580458641,-0.003826641943305731,-0.05384254828095436,0.02099454216659069,1.5021617284510285,-1.503339973744005,0.10000000000000009,0.3708306895324415,51789,-0.025549088853786373,-0.024476981886778163,0.007797057748959463,14.613405001000501,0.0,-0.0,-0.0
40.771069221998914,landing,1,1.4920883178710938,-1.4902993440628052,0.11588476598262787,-0.0017568132607266307,-0.05200600624084473,0.023136397823691368,1.5021617284510285,-1.503339973744005,0.10000000000000009,0.3708306895324415,51789,-0.025549088853786373,-0.024476981886778163,0.007797057748959463,0.046732999180676416,0.0,-0.0,-0.0
40.81044503599696,landing,1,1.4921847581863403,-1.491066813468933,0.1160905659198761,0.0009606574312783778,-0.049376629292964935,0.021677058190107346,1.5021617284510285,-1.503339973744005,0.10000000000000009,0.37079740328924665,51785,-0.02642735384573669,-0.02282355244436724,0.004861655319800685,19.19060799991712,0.0,-0.0,-0.0
40.81219000799683,landing,1,1.4922499656677246,-1.4914069175720215,0.1162395030260086,0.004324365872889757,-0.04825974628329277,0.021676763892173767,1.5021617284510285,-1.503339973744005,0.10000000000000009,0.37079740328924665,51785,-0.02642735384573669,-0.02282355244436724,0.004861655319800685,0.05237799996393733,0.0,-0.0,-0.0
40.85592313699817,landing,1,1.4923241138458252,-1.4927729368209839,0.11676368862390518,0.007495473138988018,-0.04680536314845085,0.025790268555283546,1.5021617284510285,-1.503339973744005,0.10000000000000009,0.3706492665073697,51764,-0.030335976058848857,-0.02221896525036015,0.0008872257657959694,24.410393001744524,0.0,-0.0,-0.0
40.856800044999545,landing,1,1.4923241138458252,-1.4927729368209839,0.11676368862390518,0.009274744428694248,-0.046831224113702774,0.025134770199656487,1.5021617284510285,-1.503339973744005,0.10000000000000009,0.3706492665073697,51764,-0.030335976058848857,-0.02221896525036015,0.0008872257657959694,0.09375200170325115,0.0,-0.0,-0.0
40.8866317389984,landing,1,1.4925785064697266,-1.494270920753479,0.11757925897836685,0.009771580807864666,-0.04618358612060547,0.025870542973279953,1.5021617284510285,-1.503339973744005,0.10000000000000009,0.3706322435821078,51762,-0.030785129759690832,-0.022659019403086674,-0.0006231357819143584,15.533516001596581,0.0,-0.0,-0.0
40.89115322399812,landing,1,1.4926490783691406,-1.4950453042984009,0.11812879145145416,0.009230295196175575,-0.044965580105781555,0.026542028412222862,1.5021617284510285,-1.503339973744005,0.10000000000000009,0.3706322435821078,51762,-0.030785129759690832,-0.022659019403086674,-0.0006231357819143584,0.06760900214430876,0.0,-0.0,-0.0
40.92672534599842,landing,1,1.492760181427002,-1.4958868026733398,0.11867272853851318,0.00799903180450201,-0.04243180528283119,0.022303273901343346,1.5021617284510285,-1.503339973744005,0.10000000000000009,0.37073117993791604,51775,-0.028174671822796427,-0.021296442217819293,0.00032328844651787543,15.570949999528239,0.0,-0.0,-0.0
40.9311518589966,landing,1,1.4928683042526245,-1.496435523033142,0.11898494511842728,0.007096660323441029,-0.039250485599040985,0.019861090928316116,1.5021617284510285,-1.503339973744005,0.10000000000000009,0.37073117993791604,51775,-0.028174671822796427,-0.021296442217819293,0.00032328844651787543,0.06985599975450896,0.0,-0.0,-0.0
40.96804338199945,landing,1,1.492948055267334,-1.496901273727417,0.11922947317361832,0.0061456128023564816,-0.03526446968317032,0.02355768159031868,1.5021617284510285,-1.503339973744005,0.10000000000000009,0.3706798129337661,51768,-0.029530001747597012,-0.017586979889027746,0.0013284548845244098,16.742073003115365,0.0,-0.0,-0.0
40.97323485999732,landing,1,1.4930156469345093,-1.4977138042449951,0.11972630769014359,0.0052151246927678585,-0.03180013597011566,0.02209988608956337,1.5021617284510285,-1.503339973744005,0.10000000000000009,0.3706798129337661,51768,-0.029530001747597012,-0.017586979889027746,0.0013284548845244098,0.10913499863818288,0.0,-0.0,-0.0
41.00884899099765,landing,1,1.4930698871612549,-1.4980888366699219,0.11997120082378387,0.003855240996927023,-0.027643930166959763,0.02301308885216713,1.5021617284510285,-1.503339973744005,0.10000000000000009,0.3706847940928656,51769,-0.029398572747611595,-0.013676419777244594,0.0026287779744804717,17.54637699923478,0.0,-0.0,-0.0
41.012069953998434,landing,1,1.4931256771087646,-1.4984136819839478,0.12018599361181259,0.0021663063671439886,-0.02469211257994175,0.02497994340956211,1.5021617284510285,-1.503339973744005,0.10000000000000009,0.3706847940928656,51769,-0.029398572747611595,-0.013676419777244594,0.0026287779744804717,0.1454820012440905,0.0,-0.0,-0.0
41.05224090899719,landing,1,1.4931087493896484,-1.4988077878952026,0.12062720954418182,0.00010748187196440995,-0.02138129249215126,0.02492748200893402,1.5021617284510285,-1.503339973744005,0.10000000000000009,0.37060981173315,51758,-0.03137699912533165,-0.010328815545395477,0.0048426791365596055,20.98967300116783,0.0,-0.0,-0.0
41.053038370999275,landing,1,1.4931087493896484,-1.4988077878952026,0.12062720954418182,-0.0013425311772152781,-0.019179824739694595,0.027389267459511757,1.5021617284510285,-1.503339973744005,0.10000000000000009,0.37060981173315,51758,-0.03137699912533165,-0.010328815545395477,0.0048426791365596055,0.08425000123679638,0.0,-0.0,-0.0
41.096702187998744,landing,1,1.492944359779358,-1.4993215799331665,0.12158362567424774,-0.002627407433465123,-0.016800347715616226,0.03118976391851902,1.5021617284510285,-1.503339973744005,0.10000000000000009,0.3703854809982536,51727,-0.03729601587721554,-0.00787207568009212,0.0065708012293699035,25.428208002267638,0.0,-0.0,-0.0
41.09719738599961,landing,1,1.492944359779358,-1.4993215799331665,0.12158362567424774,-0.0036581477615982294,-0.015097078867256641,0.030717745423316956,1.5021617284510285,-1.503339973744005,0.10000000000000009,0.3703854809982536,51727,-0.03729601587721554,-0.00787207568009212,0.0065708012293699035,0.06625099922530353,0.0,-0.0,-0.0
41.128338084999996,landing,1,1.4927135705947876,-1.4996284246444702,0.12257962673902512,-0.004331679083406925,-0.013673008419573307,0.03175816312432289,1.5021617284510285,-1.503339973744005,0.10000000000000009,0.37034910750721767,51722,-0.03825573859584175,-0.0061672978504116556,0.007718730998554284,17.24727900000289,0.0,-0.0,-0.0
41.13101560099676,landing,1,1.4926421642303467,-1.4996592998504639,0.12299943715333939,-0.004871730227023363,-0.011264612898230553,0.032096993178129196,1.5021617284510285,-1.503339973744005,0.10000000000000009,0.37034910750721767,51722,-0.03825573859584175,-0.0061672978504116556,0.007718730998554284,0.036288001865614206,0.0,-0.0,-0.0
41.16866283499985,landing,1,1.4925074577331543,-1.4996850490570068,0.12337184697389603,-0.005101282615214586,-0.00931097287684679,0.030989274382591248,1.5021617284510285,-1.503339973744005,0.10000000000000009,0.37036063099278976,51724,-0.03795168884459876,-0.0035962034688162892,0.00829437748338778,17.516072002763394,0.0,-0.0,-0.0
41.17335433699918,landing,1,1.492315649986267,-1.4997246265411377,0.12386851757764816,-0.005382913630455732,-0.008236875757575035,0.031076490879058838,1.5021617284510285,-1.503339973744005,0.10000000000000009,0.37036063099278976,51724,-0.03795168884459876,-0.0035962034688162892,0.00829437748338778,0.07740099681541324,0.0,-0.0,-0.0
41.21052567199877,landing,1,1.4921741485595703,-1.4997349977493286,0.1242130920290947,-0.0063844467513263226,-0.007074850145727396,0.03324273228645325,1.5021617284510285,-1.503339973744005,0.10000000000000009,0.37027115222404955,51711,-0.04031260622560673,-0.002279795305660451,0.009241928766981627,18.883538999943994,0.0,-0.0,-0.0
41.212230432996876,landing,1,1.492105484008789,-1.499712347984314,0.12439184635877609,-0.007775818929076195,-0.006965073756873608,0.030935006216168404,1.5021617284510285,-1.503339973744005,0.10000000000000009,0.37027115222404955,51711,-0.04031260622560673,-0.002279795305660451,0.009241928766981627,0.04261900176061317,0.0,-0.0,-0.0
41.245425765999244,landing,1,1.491867184638977,-1.4997315406799316,0.12517568469047546,-0.009208320640027523,-0.006097797304391861,0.029407471418380737,1.5021617284510285,-1.503339973744005,0.10000000000000009,0.37038127279722344,51727,-0.03740705020518753,-0.0016893871555507397,0.011090662406313895,14.248039999074535,0.0,-0.0,-0.0
41.25106427699939,landing,1,1.4917080402374268,-1.4998197555541992,0.12580513954162598,-0.0100281722843647,-0.005591502413153648,0.03264246881008148,1.5021617284510285,-1.503339973744005,0.10000000000000009,0.37038127279722344,51727,-0.03740705020518753,-0.0016893871555507397,0.011090662406313895,0.051285001973155886,0.0,-0.0,-0.0
41.28465523399791,landing,1,1.4915142059326172,-1.4996728897094727,0.12649375200271606,-0.010339345782995224,-0.00440450944006443,0.03232007101178169,1.5021617284510285,-1.503339973744005,0.10000000000000009,0.3702615573948712,51710,-0.040565767945352604,-0.0006478330097704156,0.011967509591768904,13.537645001633791,0.0,-0.0,-0.0
41.291186844999174,landing,1,1.4913591146469116,-1.4995193481445312,0.12684983015060425,-0.010419955477118492,-0.003169496078044176,0.033483996987342834,1.5021617284510285,-1.503339973744005,0.10000000000000009,0.3702615573948712,51710,-0.040565767945352604,-0.0006478330097704156,0.011967509591768904,0.07143599941628054,0.0,-0.0,-0.0
41.32446769799935,landing,1,1.4912950992584229,-1.4993512630462646,0.12741369009017944,-0.009864830411970615,-0.0017299895407631993,0.034346114844083786,1.5021617284510285,-1.503339973744005,0.10000000000000009,0.3701782276003334,51698,-0.04276444326297124,0.0011203805601676376,0.011812730483009182,13.167848999728449,0.0,-0.0,-0.0
41.33105344299838,landing,1,1.4912105798721313,-1.4992914199829102,0.1277921497821808,-0.009102936834096909,-0.0013517312472686172,0.034470491111278534,1.5021617284510285,-1.503339973744005,0.10000000000000009,0.3701782276003334,51698,-0.04276444326297124,0.0011203805601676376,0.011812730483009182,0.06186199971125461,0.0,-0.0,-0.0
41.36738543199681,landing,1,1.491169810295105,-1.4992599487304688,0.12828317284584045,-0.007743265945464373,-0.0015892389928922057,0.03595234826207161,1.5021617284510285,-1.503339973744005,0.10000000000000009,0.37010969589305015,51689,-0.0445726677295486,0.0012659552938075757,0.010620002668791883,16.184312000405043,0.0,-0.0,-0.0
41.37117725499775,landing,1,1.4911248683929443,-1.4992324113845825,0.12913167476654053,-0.0059446790255606174,-0.002843577181920409,0.03564389422535896,1.5021617284510285,-1.503339973744005,0.10000000000000009,0.37010969589305015,51689,-0.0445726677295486,0.0012659552938075757,0.010620002668791883,0.06982400009292178,0.0,-0.0,-0.0
41.419108294998296,landing,1,1.4911566972732544,-1.4991421699523926,0.12961025536060333,-0.0034116206225007772,-0.0031317893881350756,0.030583592131733894,1.5021617284510285,-1.503339973744005,0.10000000000000009,0.3702642063826723,51710,-0.04049587380811914,0.00041176740088284667,0.00803975089798171,27.924137997615617,0.0,-0.0,-0.0
41.41994344199702,landing,1,1.4911566972732544,-1.4991421699523926,0.12961025536060333,-0.00038142138510011137,-0.0030657111201435328,0.029306473210453987,1.5021617284510285,-1.503339973744005,0.10000000000000009,0.3702642063826723,51710,-0.04049587380811914,0.00041176740088284667,0.00803975089798171,0.09288500223192386,0.0,-0.0,-0.0
41.449945675998606,landing,1,1.491580605506897,-1.4989120960235596,0.130693718791008,0.0034505680669099092,-0.002296679886057973,0.029095469042658806,1.5021617284510285,-1.503339973744005,0.10000000000000009,0.37029443100838516,51714,-0.03969839028007627,0.0010273590413908624,0.003717907498905413,18.709068001044216,0.0,-0.0,-0.0
41.45210565999878,landing,1,1.4916908740997314,-1.4988502264022827,0.1308700293302536,0.0034505680669099092,-0.002296679886057973,0.029095469042658806,1.5021617284510285,-1.503339973744005,0.10000000000000009,0.37029443100838516,51714,-0.03969839028007627,0.0010273590413908624,0.003717907498905413,0.11617400014074519,0.0,-0.0,-0.0
41.49215588699735,landing,1,1.4922645092010498,-1.4985637664794922,0.13151152431964874,0.014439954422414303,0.002369106048718095,0.024696653708815575,1.5021617284510285,-1.503339973744005,0.10000000000000009,0.3704257736253779,51733,-0.03623288587393603,0.003992689737808536,-0.0032104278341308088,20.53698199961218,0.0,-0.0,-0.0
41.492577662997064,landing,1,1.4922645092010498,-1.4985637664794922,0.13151152431964874,0.014439954422414303,0.002369106048718095,0.024696653708815575,1.5021617284510285,-1.503339973744005,0.10000000000000009,0.3704257736253779,51733,-0.03623288587393603,0.003992689737808536,-0.0032104278341308088,0.04019699917989783,0.0,-0.0,-0.0
41.53414203899956,landing,1,1.4933147430419922,-1.498138189315796,0.13235224783420563,0.0235229954123497,0.006144216284155846,0.026863913983106613,1.5021617284510285,-1.503339973744005,0.10000000000000009,0.37033916002759204,51721,-0.03851820507672876,0.00648465894748684,-0.009215966557953552,22.769450002670055,0.0,-0.0,-0.0
41.534964991999004,landing,1,1.4933147430419922,-1.498138189315796,0.13235224783420563,0.0235229954123497,0.006144216284155846,0.026863913983106613,1.5021617284510285,-1.503339973744005,0.10000000000000009,0.37033916002759204,51721,-0.03851820507672876,0.00648465894748684,-0.009215966557953552,0.11366499893483706,0.0,-0.0,-0.0
41.57196244699662,landing,1,1.4944324493408203,-1.4978128671646118,0.13310746848583221,0.028803082183003426,0.0060708848759531975,0.026159070432186127,1.5021617284510285,-1.503339973744005,0.10000000000000009,0.3703492131163492,51722,-0.03825295207522039,0.0066313402561789725,-0.012993211215471957,20.41530399947078,0.0,-0.0,-0.0
41.57282002299689,landing,1,1.4944324493408203,-1.4978128671646118,0.13310746848583221,0.028803082183003426,0.0060708848759531975,0.026159070432186127,1.5021617284510285,-1.503339973744005,0.10000000000000009,0.3703492131163492,51722,-0.03825295207522039,0.0066313402561789725,-0.012993211215471957,0.09720200250740163,0.0,-0.0,-0.0
41.606023770997126,landing,1,1.4959906339645386,-1.4974316358566284,0.1337670087814331,0.032277680933475494,0.0038170202169567347,0.021135196089744568,1.5021617284510285,-1.503339973744005,0.10000000000000009,0.37050405294275984,51744,-0.034167468528766065,0.0054944762876865455,-0.01591159467697326,14.770826997846598,0.0,-0.0,-0.0
41.611906724996516,landing,1,1.4970381259918213,-1.4971636533737183,0.13409557938575745,0.03326892852783203,0.0017839493229985237,0.020878257229924202,1.5021617284510285,-1.503339973744005,0.10000000000000009,0.37050405294275984,51744,-0.034167468528766065,0.0054944762876865455,-0.01591159467697326,0.11981200077570975,0.0,-0.0,-0.0
41.651548611996986,landing,1,1.4976632595062256,-1.4970439672470093,0.13434788584709167,0.03413649648427963,0.00039655910222791135,0.021745501086115837,1.5021617284510285,-1.503339973744005,0.10000000000000009,0.3704736018827377,51739,-0.0349709265768432,0.0036638706456191467,-0.01793694385992697,20.121633999224287,0.0,-0.0,-0.0
41.65227858099752,landing,1,1.4976632595062256,-1.4970439672470093,0.13434788584709167,0.034487608820199966,-0.0002235034917248413,0.017316250130534172,1.5021617284510285,-1.503339973744005,0.10000000000000009,0.3704736018827377,51739,-0.0349709265768432,0.0036638706456191467,-0.01793694385992697,0.043871001253137365,0.0,-0.0,-0.0
41.69236018399897,landing,1,1.4995301961898804,-1.4966620206832886,0.13460250198841095,0.034945376217365265,0.0007267002947628498,0.01024057436734438,1.5021617284510285,-1.503339973744005,0.10000000000000009,0.37085030846615924,51792,-0.025031438887619828,0.004053048970361852,-0.019416035225198316,21.100688001752133,0.0,-0.0,-0.0
41.692930156998045,landing,1,1.4995301961898804,-1.4966620206832886,0.13460250198841095,0.034945376217365265,0.0007267002947628498,0.01024057436734438,1.5021617284510285,-1.503339973744005,0.10000000000000009,0.37085030846615924,51792,-0.025031438887619828,0.004053048970361852,-0.019416035225198316,0.061482998717110604,0.0,-0.0,-0.0
41.732271361997846,landing,1,1.5012521743774414,-1.4963523149490356,0.1347401887178421,0.037387728691101074,0.0049576652236282825,0.008108142763376236,1.5021617284510285,-1.503339973744005,0.10000000000000009,0.3709185371595438,51802,-0.023231209510718998,0.006736021138620041,-0.021803181526647886,21.09847699830425,0.0,-0.0,-0.0
41.7331316949967,landing,1,1.5012521743774414,-1.4963523149490356,0.1347401887178421,0.037387728691101074,0.0049576652236282825,0.008108142763376236,1.5021617284510285,-1.503339973744005,0.10000000000000009,0.3709185371595438,51802,-0.023231209510718998,0.006736021138620041,-0.021803181526647886,0.0867000017024111,0.0,-0.0,-0.0
41.77391115499995,landing,1,1.502740740776062,-1.4959611892700195,0.1348147988319397,0.03903163596987724,0.008047176524996758,0.01045564841479063,1.5021617284510285,-1.503339973744005,0.10000000000000009,0.3708394437068547,51790,-0.025318107998558048,0.008797630968136669,-0.023604295415732078,22.628276001341874,0.0,-0.0,-0.0
41.77458877599929,landing,1,1.502740740776062,-1.4959611892700195,0.1348147988319397,0.03872625157237053,0.0081163439899683,0.010297385975718498,1.5021617284510285,-1.503339973744005,0.10000000000000009,0.3708394437068547,51790,-0.025318107998558048,0.008797630968136669,-0.023604295415732078,0.05822700040880591,0.0,-0.0,-0.0
41.811261226997885,landing,1,1.5046659708023071,-1.4955825805664062,0.13476291298866272,0.038233090192079544,0.0074971988797187805,0.006856012158095837,1.5021617284510285,-1.503339973744005,0.10000000000000009,0.3709596235768066,51807,-0.022147135176608046,0.008683636487368213,-0.02416584938951382,20.000098000309663,0.0,-0.0,-0.0
41.81173973499972,landing,1,1.5046659708023071,-1.4955825805664062,0.13476291298866272,0.03779608756303787,0.006044342182576656,0.007170828524976969,1.5021617284510285,-1.503339973744005,0.10000000000000009,0.3709596235768066,51807,-0.022147135176608046,0.008683636487368213,-0.02416584938951382,0.041228999180020764,0.0,-0.0,-0.0
41.849688332997175,landing,1,1.506453275680542,-1.4952200651168823,0.13474056124687195,0.036421038210392,0.004031642805784941,0.006280201952904463,1.5021617284510285,-1.503339973744005,0.10000000000000009,0.37097909545033864,51810,-0.021633365426422912,0.006820123191421578,-0.02405785075140297,18.389108001429122,0.0,-0.0,-0.0
41.85263487799966,landing,1,1.507177472114563,-1.495165228843689,0.13469500839710236,0.03358835726976395,0.0017070920439437032,0.00486387824639678,1.5021617284510285,-1.503339973744005,0.10000000000000009,0.37097909545033864,51810,-0.021633365426422912,0.006820123191421578,-0.02405785075140297,0.06505799683509395,0.0,-0.0,-0.0
41.889922005997505,landing,1,1.5080325603485107,-1.4952045679092407,0.13462528586387634,0.030597979202866554,3.754813860723516e-06,0.002853642450645566,1.5021617284510285,-1.503339973744005,0.10000000000000009,0.37109465717851786,51826,-0.018584243310876047,0.00442911663721518,-0.021446820823947867,18.435893001878867,0.0,-0.0,-0.0
41.89233559499917,landing,1,1.5083199739456177,-1.495229959487915,0.13458672165870667,0.02740459330379963,-0.0017754859291017056,0.00202637049369514,1.5021617284510285,-1.503339973744005,0.10000000000000009,0.37109465717851786,51826,-0.018584243310876047,0.00442911663721518,-0.021446820823947867,0.09386199963046238,0.0,-0.0,-0.0
41.92796891599937,landing,1,1.5094130039215088,-1.495510220527649,0.13455893099308014,0.02412419393658638,-0.003577160881832242,0.003333830973133445,1.5021617284510285,-1.503339973744005,0.10000000000000009,0.3710799157824669,51824,-0.018973198351798004,0.002129236831447628,-0.018337139582562414,16.530765999050345,0.0,-0.0,-0.0
41.93112558199937,landing,1,1.509793758392334,-1.4956097602844238,0.13450869917869568,0.020361874252557755,-0.005643812473863363,0.005503530148416758,1.5021617284510285,-1.503339973744005,0.10000000000000009,0.3710799157824669,51824,-0.018973198351798004,0.002129236831447628,-0.018337139582562414,0.060153000958962366,0.0,-0.0,-0.0
41.96712140099771,landing,1,1.5101832151412964,-1.4958395957946777,0.1345529854297638,0.01646735891699791,-0.007584050297737122,0.003887159749865532,1.5021617284510285,-1.503339973744005,0.10000000000000009,0.3710616871452886,51822,-0.01945416503196462,-0.00044003015778886905,-0.014197588828811813,15.733185999124544,0.0,-0.0,-0.0
41.97117758999957,landing,1,1.5107226371765137,-1.4961891174316406,0.1344045102596283,0.012064957991242409,-0.009484193287789822,0.0049347225576639175,1.5021617284510285,-1.503339973744005,0.10000000000000009,0.3710616871452886,51822,-0.01945416503196462,-0.00044003015778886905,-0.014197588828811813,0.10083599772769958,0.0,-0.0,-0.0
42.00852511099947,landing,1,1.5109540224075317,-1.4964271783828735,0.13426484167575836,0.008796065114438534,-0.011361589655280113,0.0036342742387205362,1.5021617284510285,-1.503339973744005,0.10000000000000009,0.371075140517039,51823,-0.019099194801082575,-0.0030109552721704117,-0.01003548214669861,17.251122000743635,0.0,-0.0,-0.0
42.012729696998576,landing,1,1.511320948600769,-1.4968101978302002,0.1341719925403595,0.005200506653636694,-0.013155915774405003,0.003051555249840021,1.5021617284510285,-1.503339973744005,0.10000000000000009,0.371075140517039,51823,-0.019099194801082575,-0.0030109552721704117,-0.01003548214669861,0.06184000085340813,0.0,-0.0,-0.0
42.052533256999595,landing,1,1.5115604400634766,-1.4970910549163818,0.13388265669345856,0.00259035243652761,-0.014803570695221424,0.0012858996633440256,1.5021617284510285,-1.503339973744005,0.10000000000000009,0.3711596795387753,51835,-0.01686861375263149,-0.005424829367964077,-0.006655672036569618,21.271474000968738,0.0,-0.0,-0.0
42.05371984099838,landing,1,1.5115604400634766,-1.4970910549163818,0.13388265669345856,6.681721424683928e-05,-0.01638975739479065,0.0011698594316840172,1.5021617284510285,-1.503339973744005,0.10000000000000009,0.3711596795387753,51835,-0.01686861375263149,-0.005424829367964077,-0.006655672036569618,0.09044000034919009,0.0,-0.0,-0.0
42.09050929099976,landing,1,1.5117971897125244,-1.4977926015853882,0.13320253789424896,-0.002347575267776847,-0.01775011047720909,-1.1139319440189865e-06,1.5021617284510285,-1.503339973744005,0.10000000000000009,0.37121429966351727,51843,-0.015427449511419056,-0.0075641770098848924,-0.003837572387197561,18.461427000147523,0.0,-0.0,-0.0
42.09199750999687,landing,1,1.5118046998977661,-1.4979645013809204,0.1331031173467636,-0.002347575267776847,-0.01775011047720909,-1.1139319440189865e-06,1.5021617284510285,-1.503339973744005,0.10000000000000009,0.37121429966351727,51843,-0.015427449511419056,-0.0075641770098848924,-0.003837572387197561,0.03959100286010653,0.0,-0.0,-0.0
42.1251485899993,landing,1,1.5118008852005005,-1.498663067817688,0.1326345056295395,-0.00888914242386818,-0.02047937922179699,-0.0024221199564635754,1.5021617284510285,-1.503339973744005,0.10000000000000009,0.3713045181719889,51855,-0.013047013931693385,-0.009661031512968495,5.5958941812010286e-05,13.690420000784798,0.0,-0.0,-0.0
42.13114876099644,landing,1,1.5117501020431519,-1.4990835189819336,0.13238386809825897,-0.012606232427060604,-0.021828286349773407,-0.0038315514102578163,1.5021617284510285,-1.503339973744005,0.10000000000000009,0.3713045181719889,51855,-0.013047013931693385,-0.009661031512968495,5.5958941812010286e-05,0.06311900142463855,0.0,-0.0,-0.0
42.16676141199787,landing,1,1.5117065906524658,-1.4995572566986084,0.13215039670467377,-0.016223380342125893,-0.023372117429971695,-0.0050025759264826775,1.5021617284510285,-1.503339973744005,0.10000000000000009,0.37139854171937414,51869,-0.010566181546858289,-0.011868082606962493,0.004477997781558141,15.316045999497874,0.0,-0.0,-0.0
42.17122469499736,landing,1,1.5115026235580444,-1.5003161430358887,0.13175010681152344,-0.020070143043994904,-0.025065748021006584,-0.004645790439099073,1.5021617284510285,-1.503339973744005,0.10000000000000009,0.37139854171937414,51869,-0.010566181546858289,-0.011868082606962493,0.004477997781558141,0.07848799941712059,0.0,-0.0,-0.0
42.209258110997325,landing,1,1.5112842321395874,-1.5007790327072144,0.13151715695858002,-0.02238968200981617,-0.026924537494778633,-0.006971943657845259,1.5021617284510285,-1.503339973744005,0.10000000000000009,0.37147494456567254,51879,-0.00855027531207142,-0.014639424968610572,0.008382236392454685,18.06117599699064,0.0,-0.0,-0.0
42.21352194299834,landing,1,1.5110504627227783,-1.5012906789779663,0.13128924369812012,-0.025091394782066345,-0.02855554223060608,-0.006117716897279024,1.5021617284510285,-1.503339973744005,0.10000000000000009,0.37147494456567254,51879,-0.00855027531207142,-0.014639424968610572,0.008382236392454685,0.10629099779180251,0.0,-0.0,-0.0
42.246628658998816,landing,1,1.5107139348983765,-1.502079725265503,0.13085883855819702,-0.02652042731642723,-0.030130576342344284,-0.007143684662878513,1.5021617284510285,-1.503339973744005,0.10000000000000009,0.3714922286290546,51882,-0.008094231423362075,-0.017255446929296807,0.011158646295066892,15.203217997623142,0.0,-0.0,-0.0
42.251090265999665,landing,1,1.5103784799575806,-1.5026801824569702,0.1305682361125946,-0.02815966308116913,-0.0317605584859848,-0.008858667686581612,1.5021617284510285,-1.503339973744005,0.10000000000000009,0.3714922286290546,51882,-0.008094231423362075,-0.017255446929296807,0.011158646295066892,0.06370899791363627,0.0,-0.0,-0.0
42.28684375699959,landing,1,1.509835958480835,-1.5035383701324463,0.1300944834947586,-0.029313884675502777,-0.033250827342271805,-0.009555209428071976,1.5021617284510285,-1.503339973744005,0.10000000000000009,0.37158559047627604,51895,-0.005630858145751816,-0.019899764777446302,0.013296787857879314,15.513826001551934,0.0,-0.0,-0.0
42.29112205199999,landing,1,1.5094794034957886,-1.5041216611862183,0.12975549697875977,-0.03107956051826477,-0.034532397985458374,-0.00784075167030096,1.5021617284510285,-1.503339973744005,0.10000000000000009,0.37158559047627604,51895,-0.005630858145751816,-0.019899764777446302,0.013296787857879314,0.06953200136194937,0.0,-0.0,-0.0
42.32901886899708,landing,1,1.5087361335754395,-1.5051891803741455,0.12943266332149506,-0.03250354155898094,-0.03535354509949684,-0.006579527631402016,1.5021617284510285,-1.503339973744005,0.10000000000000009,0.37149865321307796,51883,-0.007924717333036568,-0.02205335866778279,0.015793560077038922,17.594655000721104,0.0,-0.0,-0.0
42.33191746999728,landing,1,1.5082988739013672,-1.5057551860809326,0.12926922738552094,-0.03437618166208267,-0.03562895208597183,-0.006094557233154774,1.5021617284510285,-1.503339973744005,0.10000000000000009,0.37149865321307796,51883,-0.007924717333036568,-0.02205335866778279,0.015793560077038922,0.061749000451527536,0.0,-0.0,-0.0
42.36921094099671,landing,1,1.507875919342041,-1.5064090490341187,0.12894096970558167,-0.03527030721306801,-0.03495553880929947,-0.005934818182140589,1.5021617284510285,-1.503339973744005,0.10000000000000009,0.37148595148221414,51881,-0.008259855350551959,-0.022492573421367765,0.01791539897792125,17.7822740006377,0.0,-0.0,-0.0
42.37254324999958,landing,1,1.5072453022003174,-1.5075188875198364,0.1286320984363556,-0.03583834692835808,-0.0335274375975132,-0.006674371659755707,1.5021617284510285,-1.503339973744005,0.10000000000000009,0.37148595148221414,51881,-0.008259855350551959,-0.022492573421367765,0.01791539897792125,0.07967499914229847,0.0,-0.0,-0.0
42.41068923199782,landing,1,1.506829857826233,-1.5082184076309204,0.1283927857875824,-0.034277353435754776,-0.0321606770157814,-0.007917258888483047,1.5021617284510285,-1.503339973744005,0.10000000000000009,0.3715612895224505,51891,-0.006272044262521703,-0.021800874504902003,0.017895744256766634,19.299305000458844,0.0,-0.0,-0.0
42.411228453998774,landing,1,1.506829857826233,-1.5082184076309204,0.1283927857875824,-0.03244941309094429,-0.03048853948712349,-0.007822394371032715,1.5021617284510285,-1.503339973744005,0.10000000000000009,0.3715612895224505,51891,-0.006272044262521703,-0.021800874504902003,0.017895744256766634,0.05307799801812507,0.0,-0.0,-0.0
42.44829414499691,landing,1,1.5059224367141724,-1.509637713432312,0.1277262419462204,-0.02868071012198925,-0.02878206968307495,-0.006193339359015226,1.5021617284510285,-1.503339973744005,0.10000000000000009,0.37151590986325783,51885,-0.007469396747815438,-0.020565765587039573,0.015069159879752434,17.12998599759885,0.0,-0.0,-0.0
42.45104109999738,landing,1,1.5055961608886719,-1.5100947618484497,0.12748079001903534,-0.025333359837532043,-0.02646525949239731,-0.005254874471575022,1.5021617284510285,-1.503339973744005,0.10000000000000009,0.37151590986325783,51885,-0.007469396747815438,-0.020565765587039573,0.015069159879752434,0.05409699951997027,0.0,-0.0,-0.0
42.48776168999757,landing,1,1.5051813125610352,-1.5108332633972168,0.12701866030693054,-0.02214117720723152,-0.023122698068618774,-0.0058732363395392895,1.5021617284510285,-1.503339973744005,0.10000000000000009,0.37151776531647546,51885,-0.007420440198538714,-0.017849564529427514,0.01157696568474616,16.643904000375187,0.0,-0.0,-0.0
42.491141578997485,landing,1,1.5049948692321777,-1.5112656354904175,0.1267125904560089,-0.019236013293266296,-0.018710292875766754,-0.01044415682554245,1.5021617284510285,-1.503339973744005,0.10000000000000009,0.37151776531647546,51885,-0.007420440198538714,-0.017849564529427514,0.01157696568474616,0.061765000282321125,0.0,-0.0,-0.0
42.52559327199924,landing,1,1.5048096179962158,-1.5117863416671753,0.12627698481082916,-0.015481368638575077,-0.014003243297338486,-0.012991613708436489,1.5021617284510285,-1.503339973744005,0.10000000000000009,0.37176667905537797,51920,-0.000852795372614068,-0.012934065226865632,0.007807860374164907,14.289982998889172,0.0,-0.0,-0.0
42.53123008199691,landing,1,1.5047544240951538,-1.5120104551315308,0.12591031193733215,-0.01140541024506092,-0.009685815311968327,-0.014149588532745838,1.5021617284510285,-1.503339973744005,0.10000000000000009,0.37176667905537797,51920,-0.000852795372614068,-0.012934065226865632,0.007807860374164907,0.12016599794151261,0.0,-0.0,-0.0
42.56763709999723,landing,1,1.504750370979309,-1.5121922492980957,0.12550394237041473,-0.005803008563816547,-0.006373629905283451,-0.017104431986808777,1.5021617284510285,-1.503339973744005,0.10000000000000009,0.3719165625819517,51941,0.0031019150910722715,-0.008607754888172453,0.0020858127338490387,16.201498998270836,0.0,-0.0,-0.0
42.571060487996874,landing,1,1.504874587059021,-1.5123735666275024,0.12480713427066803,0.0001858185714809224,-0.0033914842642843723,-0.020037559792399406,1.5021617284510285,-1.503339973744005,0.10000000000000009,0.3719165625819517,51941,0.0031019150910722715,-0.008607754888172453,0.0020858127338490387,0.06290500095929019,0.0,-0.0,-0.0
42.60813661999782,landing,1,1.5050255060195923,-1.5124293565750122,0.12420553714036942,0.006945447530597448,-0.001004788908176124,-0.023698875680565834,1.5021617284510285,-1.503339973744005,0.10000000000000009,0.37234997326074193,52001,0.014537553053875385,-0.0055269386013608365,-0.005635697952302149,17.01159100048244,0.0,-0.0,-0.0
42.61157897399971,landing,1,1.505237340927124,-1.5124660730361938,0.12369032204151154,0.012659643776714802,0.0019457866437733173,-0.023084087297320366,1.5021617284510285,-1.503339973744005,0.10000000000000009,0.37234997326074193,52001,0.014537553053875385,-0.0055269386013608365,-0.005635697952302149,0.04497500049183145,0.0,-0.0,-0.0
42.6452480859989,landing,1,1.5056099891662598,-1.512420892715454,0.12299922108650208,0.01812499761581421,0.0044294907711446285,-0.022148819640278816,1.5021617284510285,-1.503339973744005,0.10000000000000009,0.3723135647778312,51996,0.013576907066784827,-0.002292909197168547,-0.012604809295708293,14.161072998831514,0.0,-0.0,-0.0
42.65112739699907,landing,1,1.5059750080108643,-1.5124104022979736,0.12261057645082474,0.022018244490027428,0.007227452006191015,-0.022144125774502754,1.5021617284510285,-1.503339973744005,0.10000000000000009,0.3723135647778312,51996,0.013576907066784827,-0.002292909197168547,-0.012604809295708293,0.08970099952421151,0.0,-0.0,-0.0
42.68859498599704,landing,1,1.5065641403198242,-1.51229989528656,0.12188075482845306,0.025976337492465973,0.00950457900762558,-0.019631490111351013,1.5021617284510285,-1.503339973744005,0.10000000000000009,0.37220850482948153,51982,0.010804876767322114,0.0007921336782347585,-0.017802869275375572,17.34164600202348,0.0,-0.0,-0.0
42.691094298999815,landing,1,1.5069271326065063,-1.5121657848358154,0.12137994170188904,0.030115390196442604,0.011729703284800053,-0.022301219403743744,1.5021617284510285,-1.503339973744005,0.10000000000000009,0.37220850482948153,51982,0.010804876767322114,0.0007921336782347585,-0.017802869275375572,0.04347999856690876,0.0,-0.0,-0.0
42.726766095998755,landing,1,1.5075498819351196,-1.5118837356567383,0.1207403838634491,0.03350003436207771,0.013628900051116943,-0.01959136687219143,1.5021617284510285,-1.503339973744005,0.10000000000000009,0.3722278730772796,51984,0.011315912329276756,0.003470506484459462,-0.02281415889487982,15.056059000926325,0.0,-0.0,-0.0
42.73108051899908,landing,1,1.5079431533813477,-1.5117676258087158,0.12040814012289047,0.03532181680202484,0.0155058354139328,-0.014527884311974049,1.5021617284510285,-1.503339973744005,0.10000000000000009,0.3722278730772796,51984,0.011315912329276756,0.003470506484459462,-0.02281415889487982,0.05494399738381617,0.0,-0.0,-0.0
42.76719362899894,landing,1,1.5083876848220825,-1.5115009546279907,0.11990096420049667,0.035862527787685394,0.01664353720843792,-0.017162121832370758,1.5021617284510285,-1.503339973744005,0.10000000000000009,0.3721226755240093,51970,0.008540251293119638,0.005477481226350327,-0.024699222561295184,15.986050999345025,0.0,-0.0,-0.0
42.77108880599917,landing,1,1.5089526176452637,-1.5111992359161377,0.11928881704807281,0.03634582459926605,0.017778845503926277,-0.01831517554819584,1.5021617284510285,-1.503339973744005,0.10000000000000009,0.3721226755240093,51970,0.008540251293119638,0.005477481226350327,-0.024699222561295184,0.05431099998531863,0.0,-0.0,-0.0
42.80976154999735,landing,1,1.5093395709991455,-1.5109401941299438,0.11897065490484238,0.03582686930894852,0.01841495931148529,-0.017570989206433296,1.5021617284510285,-1.503339973744005,0.10000000000000009,0.3721544869372643,51974,0.009379602566339074,0.006836314171650471,-0.025197333171503706,18.362909999268595,0.0,-0.0,-0.0
42.81292236099762,landing,1,1.50942862033844,-1.5108709335327148,0.11883965134620667,0.034972283989191055,0.019541263580322266,-0.014988281764090061,1.5021617284510285,-1.503339973744005,0.10000000000000009,0.3721544869372643,51974,0.009379602566339074,0.006836314171650471,-0.025197333171503706,0.062076000176602975,0.0,-0.0,-0.0
42.845639369999844,landing,1,1.5100241899490356,-1.5103611946105957,0.11815916746854782,0.0321107879281044,0.020025277510285378,-0.017513345927000046,1.5021617284510285,-1.503339973744005,0.10000000000000009,0.3721791857941758,51978,0.01003128744527082,0.00810799755378136,-0.02336987809755247,14.4920610000554,0.0,-0.0,-0.0
42.851091645999986,landing,1,1.5103051662445068,-1.5100818872451782,0.11780599504709244,0.02875758334994316,0.02040269784629345,-0.018173886463046074,1.5021617284510285,-1.503339973744005,0.10000000000000009,0.3721791857941758,51978,0.01003128744527082,0.00810799755378136,-0.02336987809755247,0.04961800004821271,0.0,-0.0,-0.0
42.887600869999005,landing,1,1.5105568170547485,-1.509716510772705,0.11719712615013123,0.024504955857992172,0.019731370732188225,-0.01807657815515995,1.5021617284510285,-1.503339973744005,0.10000000000000009,0.3722648327971255,51990,0.012291102826528899,0.008284926021853723,-0.019141071679395303,16.37689399649389,0.0,-0.0,-0.0
42.891043304996856,landing,1,1.5106388330459595,-1.5094668865203857,0.11686284840106964,0.02033366449177265,0.018457749858498573,-0.015475308522582054,1.5021617284510285,-1.503339973744005,0.10000000000000009,0.3722648327971255,51990,0.012291102826528899,0.008284926021853723,-0.019141071679395303,0.04598400118993595,0.0,-0.0,-0.0
42.92726368899821,landing,1,1.5106289386749268,-1.50925874710083,0.11638764292001724,0.014886428602039814,0.016231508925557137,-0.01435842551290989,1.5021617284510285,-1.503339973744005,0.10000000000000009,0.37209320507604515,51966,0.007762666914118199,0.006465729323768447,-0.013475708656105145,15.649035001843004,0.0,-0.0,-0.0
42.931094698997185,landing,1,1.5105810165405273,-1.5091893672943115,0.11608145385980606,0.008332225494086742,0.013641313649713993,-0.015321748331189156,1.5021617284510285,-1.503339973744005,0.10000000000000009,0.37209320507604515,51966,0.007762666914118199,0.006465729323768447,-0.013475708656105145,0.04607499795383774,0.0,-0.0,-0.0
42.96907034399919,landing,1,1.5104206800460815,-1.5091209411621094,0.11583880335092545,0.0001614839566173032,0.010219904594123363,-0.012146605178713799,1.5021617284510285,-1.503339973744005,0.10000000000000009,0.37195771572652336,51947,0.00418775004019345,0.002975204766375111,-0.004617884472364751,17.749294001987437,0.0,-0.0,-0.0
42.97238997199747,landing,1,1.5098614692687988,-1.509075403213501,0.11559873819351196,-0.008020811714231968,0.006717142648994923,-0.0065709068439900875,1.5021617284510285,-1.503339973744005,0.10000000000000009,0.37195771572652336,51947,0.00418775004019345,0.002975204766375111,-0.004617884472364751,0.03514499985612929,0.0,-0.0,-0.0
43.00627857299696,landing,1,1.509325385093689,-1.5091359615325928,0.11547357589006424,-0.01796935312449932,0.002640330698341131,-0.004905007313936949,1.5021617284510285,-1.503339973744005,0.10000000000000009,0.3716890081863419,51909,-0.0029021586717199455,-0.0015410740187713084,0.00675437446957217,15.002018000814132,0.0,-0.0,-0.0
43.01243676199738,landing,1,1.5084693431854248,-1.5093134641647339,0.11518562585115433,-0.027294401079416275,-0.0011320566991344094,-0.005803658626973629,1.5021617284510285,-1.503339973744005,0.10000000000000009,0.3716890081863419,51909,-0.0029021586717199455,-0.0015410740187713084,0.00675437446957217,0.05134199818712659,0.0,-0.0,-0.0
43.04659313599768,landing,1,1.5077919960021973,-1.509458065032959,0.11506769061088562,-0.0370335653424263,-0.005468755029141903,-0.004864265210926533,1.5021617284510285,-1.503339973744005,0.10000000000000009,0.37169480642109687,51910,-0.0027491709473128623,-0.006542467079173603,0.01893806174457843,15.334843999880832,0.0,-0.0,-0.0
43.051128610997694,landing,1,1.5068416595458984,-1.5096540451049805,0.11487265676259995,-0.04562956839799881,-0.009390261955559254,-0.003759856568649411,1.5021617284510285,-1.503339973744005,0.10000000000000009,0.37169480642109687,51910,-0.0027491709473128623,-0.006542467079173603,0.01893806174457843,0.05375500040827319,0.0,-0.0,-0.0
43.083077036997565,landing,1,1.505494475364685,-1.5100754499435425,0.11473802477121353,-0.05322546511888504,-0.012909590266644955,-0.0012981954496353865,1.5021617284510285,-1.503339973744005,0.10000000000000009,0.37158245828480446,51894,-0.005713501720199687,-0.011312945456537153,0.02984016679455785,11.84439300050144,0.0,-0.0,-0.0
43.09116864799944,landing,1,1.5043648481369019,-1.5104118585586548,0.11465147137641907,-0.05942710116505623,-0.015792161226272583,0.0005308325635269284,1.5021617284510285,-1.503339973744005,0.10000000000000009,0.37158245828480446,51894,-0.005713501720199687,-0.011312945456537153,0.02984016679455785,0.07265599924721755,0.0,-0.0,-0.0
43.126822286998504,landing,1,1.503325343132019,-1.5107522010803223,0.11460965871810913,-0.06432362645864487,-0.018662763759493828,1.349854028376285e-05,1.5021617284510285,-1.503339973744005,0.10000000000000009,0.3715412588294974,51889,-0.006800558588460959,-0.015116044201987878,0.03765513243738138,15.317746001528576,0.0,-0.0,-0.0
43.131038094998075,landing,1,1.501580834388733,-1.5114173889160156,0.11443008482456207,-0.0674930065870285,-0.0214096587151289,0.0010211847256869078,1.5021617284510285,-1.503339973744005,0.10000000000000009,0.3715412588294974,51889,-0.006800558588460959,-0.015116044201987878,0.03765513243738138,0.050235998060088605,0.0,-0.0,-0.0
43.167473623998376,landing,1,1.500535488128662,-1.5118277072906494,0.11439250409603119,-0.07016880810260773,-0.02405722811818123,0.002215638989582658,1.5021617284510285,-1.503339973744005,0.10000000000000009,0.3714721200549312,51879,-0.008624800661447551,-0.018914321780044225,0.0426681916723257,16.33132800270687,0.0,-0.0,-0.0
43.172721930997795,landing,1,1.498701810836792,-1.5126190185546875,0.11438161134719849,-0.0721452608704567,-0.02563864178955555,0.004526709206402302,1.5021617284510285,-1.503339973744005,0.10000000000000009,0.3714721200549312,51879,-0.008624800661447551,-0.018914321780044225,0.0426681916723257,0.11086599988630041,0.0,-0.0,-0.0
43.21143381699949,landing,1,1.497600793838501,-1.5130972862243652,0.11430621892213821,-0.07370282709598541,-0.026695337146520615,0.003956228028982878,1.5021617284510285,-1.503339973744005,0.10000000000000009,0.3714159690064057,51871,-0.01010635867003451,-0.021184687811547705,0.04637907026335704,20.18358200075454,0.0,-0.0,-0.0
43.213267093997274,landing,1,1.497600793838501,-1.5130972862243652,0.11430621892213821,-0.074395090341568,-0.02697170153260231,0.007995008490979671,1.5021617284510285,-1.503339973744005,0.10000000000000009,0.3714159690064057,51871,-0.01010635867003451,-0.021184687811547705,0.04637907026335704,0.08767699910094962,0.0,-0.0,-0.0
43.246688727998844,landing,1,1.494511365890503,-1.5143120288848877,0.11458101868629456,-0.07333191484212875,-0.02637370303273201,0.009486357681453228,1.5021617284510285,-1.503339973744005,0.10000000000000009,0.3712279006389692,51845,-0.015068584723769263,-0.021672732053551268,0.0478670072897844,15.56203799918876,0.0,-0.0,-0.0
43.2511331689966,landing,1,1.4932971000671387,-1.5148333311080933,0.11467693001031876,-0.07199236005544662,-0.024870285764336586,0.010451964102685452,1.5021617284510285,-1.503339973744005,0.10000000000000009,0.3712279006389692,51845,-0.015068584723769263,-0.021672732053551268,0.0478670072897844,0.07193599958554842,0.0,-0.0,-0.0
43.288146548999066,landing,1,1.491658329963684,-1.5155233144760132,0.11480814963579178,-0.06977878510951996,-0.022499671205878258,0.013943478465080261,1.5021617284510285,-1.503339973744005,0.10000000000000009,0.37107622357359926,51824,-0.01907061811083821,-0.02003745188358206,0.04732727841269977,16.978676998405717,0.0,-0.0,-0.0
43.29225382199729,landing,1,1.490539312362671,-1.516038179397583,0.11501327157020569,-0.06653773784637451,-0.01956271380186081,0.019788989797234535,1.5021617284510285,-1.503339973744005,0.10000000000000009,0.37107622357359926,51824,-0.01907061811083821,-0.02003745188358206,0.04732727841269977,0.05037600203650072,0.0,-0.0,-0.0
43.32697391399779,landing,1,1.489161729812622,-1.5166305303573608,0.11529327183961868,-0.061960652470588684,-0.016895124688744545,0.022955432534217834,1.5021617284510285,-1.503339973744005,0.10000000000000009,0.3707690884917271,51781,-0.02717444612857456,-0.01731375727553016,0.04407000194651347,15.580707000481198,0.0,-0.0,-0.0
43.33118187799846,landing,1,1.4882382154464722,-1.5169811248779297,0.11549998819828033,-0.05690431594848633,-0.014682510867714882,0.021925175562500954,1.5021617284510285,-1.503339973744005,0.10000000000000009,0.3707690884917271,51781,-0.02717444612857456,-0.01731375727553016,0.04407000194651347,0.08065799920586869,0.0,-0.0,-0.0
43.36129466899729,landing,1,1.4874467849731445,-1.5172476768493652,0.11573412269353867,-0.05149264261126518,-0.013058346696197987,0.021197790279984474,1.5021617284510285,-1.503339973744005,0.10000000000000009,0.3708195601798941,51788,-0.025842739316779273,-0.015356390475984635,0.038762039786682384,10.12026100215735,0.0,-0.0,-0.0
43.37109310699816,landing,1,1.4865223169326782,-1.5177034139633179,0.11609936505556107,-0.045820143073797226,-0.010870538651943207,0.022472551092505455,1.5021617284510285,-1.503339973744005,0.10000000000000009,0.3708195601798941,51788,-0.025842739316779273,-0.015356390475984635,0.038762039786682384,0.0487020006403327,0.0,-0.0,-0.0
43.40891799899691,landing,1,1.4860512018203735,-1.517871618270874,0.11637742817401886,-0.03910422697663307,-0.008356730453670025,0.025341331958770752,1.5021617284510285,-1.503339973744005,0.10000000000000009,0.3706709435637545,51767,-0.02976402206452633,-0.012893948305024322,0.032142639921991636,17.762396000762237,0.0,-0.0,-0.0
43.41181899000003,landing,1,1.4855895042419434,-1.5179860591888428,0.11666081100702286,-0.03070755861699581,-0.004455200396478176,0.02552119828760624,1.5021617284510285,-1.503339973744005,0.10000000000000009,0.3706709435637545,51767,-0.02976402206452633,-0.012893948305024322,0.032142639921991636,0.07320700024138205,0.0,-0.0,-0.0
43.44684095699995,landing,1,1.4852044582366943,-1.5180907249450684,0.1170562207698822,-0.020537016913294792,0.0006244187825359404,0.02121133543550968,1.5021617284510285,-1.503339973744005,0.10000000000000009,0.3707958276189472,51784,-0.026468928259969715,-0.007662192707885293,0.02152593082084778,15.425318997586146,0.0,-0.0,-0.0
43.45128618999661,landing,1,1.485024094581604,-1.5181019306182861,0.11733751744031906,-0.009947177954018116,0.006866419222205877,0.019298413768410683,1.5021617284510285,-1.503339973744005,0.10000000000000009,0.3707958276189472,51784,-0.026468928259969715,-0.007662192707885293,0.02152593082084778,0.05665400021825917,0.0,-0.0,-0.0
43.492215630998544,landing,1,1.4850131273269653,-1.5181695222854614,0.11767955124378204,0.00014087004819884896,0.01311233825981617,0.01962529867887497,1.5021617284510285,-1.503339973744005,0.10000000000000009,0.37083739989866843,51790,-0.02537203433592694,-0.0002571448867454715,0.009291166752314547,20.989679000194883,0.0,-0.0,-0.0
43.49297340899648,landing,1,1.4850131273269653,-1.5181695222854614,0.11767955124378204,0.008723866194486618,0.018729424104094505,0.0240772794932127,1.5021617284510285,-1.503339973744005,0.10000000000000009,0.37083739989866843,51790,-0.02537203433592694,-0.0002571448867454715,0.009291166752314547,0.05746999886468984,0.0,-0.0,-0.0
43.52682086399727,landing,1,1.485488772392273,-1.5179693698883057,0.11833499372005463,0.015666477382183075,0.02207014709711075,0.02539532445371151,1.5021617284510285,-1.503339973744005,0.10000000000000009,0.37063467952677,51762,-0.030720856813458042,0.005212692481161161,-0.000248488267854917,15.562728000077186,0.0,-0.0,-0.0
43.531112922999455,landing,1,1.48612642288208,-1.517678141593933,0.11883164942264557,0.021332887932658195,0.0245309267193079,0.028727443888783455,1.5021617284510285,-1.503339973744005,0.10000000000000009,0.37063467952677,51762,-0.030720856813458042,0.005212692481161161,-0.000248488267854917,0.05834799958392978,0.0,-0.0,-0.0
43.569432757998584,landing,1,1.486638069152832,-1.5174405574798584,0.11914125829935074,0.026351019740104675,0.024897880852222443,0.02789337746798992,1.5021617284510285,-1.503339973744005,0.10000000000000009,0.37053771265327046,51748,-0.03327934951793132,0.0072068175947361274,-0.007266859185689966,17.962931000511162,0.0,-0.0,-0.0
43.57260109099661,landing,1,1.4872355461120605,-1.5172193050384521,0.11947882920503616,0.0312647819519043,0.0259885061532259,0.026041220873594284,1.5021617284510285,-1.503339973744005,0.10000000000000009,0.37053771265327046,51748,-0.03327934951793132,0.0072068175947361274,-0.007266859185689966,0.06547000157297589,0.0,-0.0,-0.0
43.60823801699735,landing,1,1.488392949104309,-1.5168390274047852,0.12000718712806702,0.036801546812057495,0.02654418721795082,0.027050191536545753,1.5021617284510285,-1.503339973744005,0.10000000000000009,0.37055039970792564,51750,-0.0329445987354724,0.008520888384004884,-0.014460199560550268,16.904702999454457,0.0,-0.0,-0.0
43.61170259699793,landing,1,1.4895020723342896,-1.5162684917449951,0.12061775475740433,0.04271280765533447,0.02903609909117222,0.028421051800251007,1.5021617284510285,-1.503339973744005,0.10000000000000009,0.37055039970792564,51750,-0.0329445987354724,0.008520888384004884,-0.014460199560550268,0.04715500108432025,0.0,-0.0,-0.0
43.64439680599753,landing,1,1.4903697967529297,-1.5158594846725464,0.12107251584529877,0.049012091010808945,0.03160218149423599,0.028889955952763557,1.5021617284510285,-1.503339973744005,0.10000000000000009,0.37047068138503236,51739,-0.03504798456379099,0.012063342641282135,-0.022830838503572967,13.280539998959284,0.0,-0.0,-0.0
43.65108363299805,landing,1,1.4913262128829956,-1.5155048370361328,0.12141713500022888,0.054393570870161057,0.035039257258176804,0.029317179694771767,1.5021617284510285,-1.503339973744005,0.10000000000000009,0.37047068138503236,51739,-0.03504798456379099,0.012063342641282135,-0.022830838503572967,0.060424998082453385,0.0,-0.0,-0.0
43.689254194996465,landing,1,1.492773175239563,-1.5149576663970947,0.12204991281032562,0.058399319648742676,0.03765174746513367,0.029230456799268723,1.5021617284510285,-1.503339973744005,0.10000000000000009,0.37044218646935034,51735,-0.03579982930474124,0.016170123678556685,-0.02975535436146848,17.929231999005424,0.0,-0.0,-0.0
43.69228691499666,landing,1,1.4938699007034302,-1.5145500898361206,0.12249110639095306,0.06137184053659439,0.03979310765862465,0.029696036130189896,1.5021617284510285,-1.503339973744005,0.10000000000000009,0.37044218646935034,51735,-0.03579982930474124,0.016170123678556685,-0.02975535436146848,0.060753998695872724,0.0,-0.0,-0.0
43.72666108299745,landing,1,1.4954280853271484,-1.5137916803359985,0.12284862250089645,0.0630967766046524,0.03979167714715004,0.028486663475632668,1.5021617284510285,-1.503339973744005,0.10000000000000009,0.37045276418665185,51736,-0.03552073386143029,0.01809145946388625,-0.034017991908482266,15.166752000368433,0.0,-0.0,-0.0
43.7311082649976,landing,1,1.4965405464172363,-1.5133165121078491,0.12318310886621475,0.06405937671661377,0.038706958293914795,0.029422037303447723,1.5021617284510285,-1.503339973744005,0.10000000000000009,0.37045276418665185,51736,-0.03552073386143029,0.01809145946388625,-0.034017991908482266,0.06263099930947646,0.0,-0.0,-0.0
43.767056793996744,landing,1,1.4973430633544922,-1.5128810405731201,0.12355390936136246,0.0642157793045044,0.03628094494342804,0.02930944412946701,1.5021617284510285,-1.503339973744005,0.10000000000000009,0.3704130821820611,51731,-0.036567752452215885,0.016510745327653408,-0.035755199203643916,15.769495999848004,0.0,-0.0,-0.0
43.771124461996806,landing,1,1.498968243598938,-1.5122138261795044,0.12408067286014557,0.06277886778116226,0.03416525945067406,0.027994925156235695,1.5021617284510285,-1.503339973744005,0.10000000000000009,0.3704130821820611,51731,-0.036567752452215885,0.016510745327653408,-0.035755199203643916,0.059976999182254076,0.0,-0.0,-0.0
43.81005648499922,landing,1,1.4998345375061035,-1.5118110179901123,0.12436850368976593,0.05945390835404396,0.031258177012205124,0.02465597353875637,1.5021617284510285,-1.503339973744005,0.10000000000000009,0.37055291878976404,51750,-0.03287813219620084,0.01408583903743686,-0.034258836191921715,18.87187600004836,0.0,-0.0,-0.0
43.812983203999465,landing,1,1.5006741285324097,-1.511487603187561,0.1246553435921669,0.054552555084228516,0.029688159003853798,0.022864487022161484,1.5021617284510285,-1.503339973744005,0.10000000000000009,0.37055291878976404,51750,-0.03287813219620084,0.01408583903743686,-0.034258836191921715,0.10020799891208299,0.0,-0.0,-0.0
43.85139186899687,landing,1,1.5018649101257324,-1.5110293626785278,0.125041201710701,0.04844089224934578,0.027679752558469772,0.01927712745964527,1.5021617284510285,-1.503339973744005,0.10000000000000009,0.3707192881245206,51774,-0.02848843998626549,0.012365461257739713,-0.02879180665992565,20.162809003522852,0.0,-0.0,-0.0
43.85209385499911,landing,1,1.5018649101257324,-1.5110293626785278,0.125041201710701,0.04844089224934578,0.027679752558469772,0.01927712745964527,1.5021617284510285,-1.503339973744005,0.10000000000000009,0.3707192881245206,51774,-0.02848843998626549,0.012365461257739713,-0.02879180665992565,0.08768100087763742,0.0,-0.0,-0.0
43.89205801999924,landing,1,1.5032954216003418,-1.5102025270462036,0.12549404799938202,0.03601466119289398,0.02513299696147442,0.01611766219139099,1.5021617284510285,-1.503339973744005,0.10000000000000009,0.3708159949707968,51787,-0.02593680815839683,0.011285570272465113,-0.02215127937927566,20.875367998087313,0.0,-0.0,-0.0
43.892590726998606,landing,1,1.5032954216003418,-1.5102025270462036,0.12549404799938202,0.03601466119289398,0.02513299696147442,0.01611766219139099,1.5021617284510285,-1.503339973744005,0.10000000000000009,0.3708159949707968,51787,-0.02593680815839683,0.011285570272465113,-0.02215127937927566,0.0516379986947868,0.0,-0.0,-0.0
43.925468571997044,landing,1,1.504113793373108,-1.509609580039978,0.12606191635131836,0.023183699697256088,0.022809872403740883,0.010297892615199089,1.5021617284510285,-1.503339973744005,0.10000000000000009,0.37099881951739067,51813,-0.021112941493651505,0.010217270130045085,-0.014933243419568826,14.241134998883354,0.0,-0.0,-0.0
43.93111768399831,landing,1,1.5043110847473145,-1.509355068206787,0.12621615827083588,0.01641249656677246,0.02119443751871586,0.006925547961145639,1.5021617284510285,-1.503339973744005,0.10000000000000009,0.37099881951739067,51813,-0.021112941493651505,0.010217270130045085,-0.014933243419568826,0.06020799992256798,0.0,-0.0,-0.0
43.97689366299892,landing,1,1.5044095516204834,-1.5090250968933105,0.12608420848846436,0.009435830637812614,0.018606549128890038,0.005961614660918713,1.5021617284510285,-1.503339973744005,0.10000000000000009,0.3711421000751094,51833,-0.017332451844080055,0.008027382109291513,-0.006892362436969073,25.60246600114624,0.0,-0.0,-0.0
43.97751307499857,landing,1,1.5044095516204834,-1.5090250968933105,0.12608420848846436,0.002861607354134321,0.01602356508374214,0.005132032558321953,1.5021617284510285,-1.503339973744005,0.10000000000000009,0.3711421000751094,51833,-0.017332451844080055,0.008027382109291513,-0.006892362436969073,0.06874400060041808,0.0,-0.0,-0.0
44.006526724999276,landing,1,1.5042518377304077,-1.5085129737854004,0.12603525817394257,-0.003714436199516058,0.013560467399656773,0.003180512459948659,1.5021617284510285,-1.503339973744005,0.10000000000000009,0.3712351079318458,51846,-0.014878418684808992,0.005295563673811381,0.0010376515994441249,15.06626699847402,0.0,-0.0,-0.0
44.01111260499965,landing,1,1.5040327310562134,-1.508379340171814,0.1260290890932083,-0.0110546899959445,0.010276388376951218,0.0003142485220450908,1.5021617284510285,-1.503339973744005,0.10000000000000009,0.3712351079318458,51846,-0.014878418684808992,0.005295563673811381,0.0010376515994441249,0.06597800165764056,0.0,-0.0,-0.0
44.046924573998695,landing,1,1.503414511680603,-1.508158564567566,0.12595631182193756,-0.018250172957777977,0.008000174537301064,-0.002520045731216669,1.5021617284510285,-1.503339973744005,0.10000000000000009,0.37142537386415314,51872,-0.009858209389101091,0.0021724256118911675,0.01014658659780602,15.807586998562329,0.0,-0.0,-0.0
44.051132247997884,landing,1,1.5028939247131348,-1.5080889463424683,0.1258939504623413,-0.024943236261606216,0.006385874468833208,-0.00444397795945406,1.5021617284510285,-1.503339973744005,0.10000000000000009,0.37142537386415314,51872,-0.009858209389101091,0.0021724256118911675,0.01014658659780602,0.06509000013465993,0.0,-0.0,-0.0
44.08507476399973,landing,1,1.502131700515747,-1.5079716444015503,0.1257624328136444,-0.031148258596658707,0.005121614318341017,-0.00346750533208251,1.5021617284510285,-1.503339973744005,0.10000000000000009,0.37146018034427225,51877,-0.008939832604955456,0.0005508444671896253,0.01853186543146405,13.883054001780692,0.0,-0.0,-0.0
44.091180998999334,landing,1,1.5015137195587158,-1.5078951120376587,0.1257108747959137,-0.03657986596226692,0.004469808656722307,-0.005337823182344437,1.5021617284510285,-1.503339973744005,0.10000000000000009,0.37146018034427225,51877,-0.008939832604955456,0.0005508444671896253,0.01853186543146405,0.07058900155243464,0.0,-0.0,-0.0
44.126835924998886,landing,1,1.5003660917282104,-1.5077457427978516,0.1254870444536209,-0.04115646705031395,0.003896101377904415,-0.005391639191657305,1.5021617284510285,-1.503339973744005,0.10000000000000009,0.3715287822579779,51887,-0.007129755726177578,-6.37008907451173e-05,0.025455234114765194,15.385635000711773,0.0,-0.0,-0.0
44.13118179599769,landing,1,1.4997199773788452,-1.5076326131820679,0.12529630959033966,-0.044965438544750214,0.0033016768284142017,-0.005071965977549553,1.5021617284510285,-1.503339973744005,0.10000000000000009,0.3715287822579779,51887,-0.007129755726177578,-6.37008907451173e-05,0.025455234114765194,0.08737299867789261,0.0,-0.0,-0.0
44.1669760069999,landing,1,1.4988656044006348,-1.5075472593307495,0.12514877319335938,-0.048007845878601074,0.0024488987401127815,-0.004040260333567858,1.5021617284510285,-1.503339973744005,0.10000000000000009,0.3714899646410645,51881,-0.008153967254235894,-0.0008183164932406798,0.03037157039719632,15.686023998568999,0.0,-0.0,-0.0
44.171150331996614,landing,1,1.4980273246765137,-1.5074973106384277,0.12493070214986801,-0.05028076097369194,0.0014543288853019476,-0.004588392097502947,1.5021617284510285,-1.503339973744005,0.10000000000000009,0.3714899646410645,51881,-0.008153967254235894,-0.0008183164932406798,0.03037157039719632,0.0655370022286661,0.0,-0.0,-0.0
44.20856317599828,landing,1,1.4968421459197998,-1.5074799060821533,0.12469182163476944,-0.05201299488544464,0.0003301104879938066,-0.006242613773792982,1.5021617284510285,-1.503339973744005,0.10000000000000009,0.3715709822946334,51893,-0.006016298294634126,-0.0020408194106373875,0.033850975421680196,17.411856999387965,0.0,-0.0,-0.0
44.21197397499782,landing,1,1.4955668449401855,-1.507352590560913,0.12445633113384247,-0.05343295633792877,-0.0005603525787591934,-0.006788230501115322,1.5021617284510285,-1.503339973744005,0.10000000000000009,0.3715709822946334,51893,-0.006016298294634126,-0.0020408194106373875,0.033850975421680196,0.05758800034527667,0.0,-0.0,-0.0
44.24687768699732,landing,1,1.4947470426559448,-1.507346272468567,0.12427453696727753,-0.05422840267419815,-0.0007797903381288052,-0.00854308158159256,1.5021617284510285,-1.503339973744005,0.10000000000000009,0.37165455218644833,51904,-0.0038112879565090907,-0.0026337160437554714,0.03630373356150922,15.668869000364793,0.0,-0.0,-0.0
44.251076659998944,landing,1,1.4938719272613525,-1.507315754890442,0.12413845211267471,-0.05436928942799568,0.00016784926992841065,-0.010151008144021034,1.5021617284510285,-1.503339973744005,0.10000000000000009,0.37165455218644833,51904,-0.0038112879565090907,-0.0026337160437554714,0.03630373356150922,0.05362200317904353,0.0,-0.0,-0.0
44.28829307699925,landing,1,1.4926780462265015,-1.507060170173645,0.1237298771739006,-0.0530572272837162,0.00258235028013587,-0.009059502743184566,1.5021617284510285,-1.503339973744005,0.10000000000000009,0.37168125481054964,51908,-0.0031067332308811757,-0.0004910654938149048,0.036735128554129866,16.6225389984902,0.0,-0.0,-0.0
44.291058814997086,landing,1,1.4920920133590698,-1.5068641901016235,0.12345318496227264,-0.050718218088150024,0.006033122539520264,-0.009062094613909721,1.5021617284510285,-1.503339973744005,0.10000000000000009,0.37168125481054964,51908,-0.0031067332308811757,-0.0004910654938149048,0.036735128554129866,0.04841200279770419,0.0,-0.0,-0.0
44.329099453996605,landing,1,1.4914706945419312,-1.5065457820892334,0.12312107533216476,-0.046622611582279205,0.01018429547548294,-0.00914759375154972,1.5021617284510285,-1.503339973744005,0.10000000000000009,0.3716948952603174,51910,-0.0027468269045556326,0.004301394949158103,0.033582765870443856,17.454487999202684,0.0,-0.0,-0.0
44.33263915799762,landing,1,1.4909191131591797,-1.506251335144043,0.12282945215702057,-0.04132077842950821,0.014234346337616444,-0.008973609656095505,1.5021617284510285,-1.503339973744005,0.10000000000000009,0.3716948952603174,51910,-0.0027468269045556326,0.004301394949158103,0.033582765870443856,0.08533399886800908,0.0,-0.0,-0.0
44.36817255299684,landing,1,1.490270733833313,-1.5057873725891113,0.12251143902540207,-0.034151893109083176,0.01812879554927349,-0.006743909791111946,1.5021617284510285,-1.503339973744005,0.10000000000000009,0.37162599086808007,51900,-0.004564884747228604,0.009444058710928472,0.026824522229151528,16.937839001911925,0.0,-0.0,-0.0
44.37224139499813,landing,1,1.489876627922058,-1.5052001476287842,0.1222156435251236,-0.02721635065972805,0.021001679822802544,-0.007382262032479048,1.5021617284510285,-1.503339973744005,0.10000000000000009,0.37162599086808007,51900,-0.004564884747228604,0.009444058710928472,0.026824522229151528,0.08517999958712608,0.0,-0.0,-0.0
44.40954154599967,landing,1,1.4897704124450684,-1.504684567451477,0.12181667983531952,-0.018785931169986725,0.023575661703944206,-0.011104523204267025,1.5021617284510285,-1.503339973744005,0.10000000000000009,0.3717827058432357,51922,-0.0004299249805903571,0.013285713678575372,0.017947776309047248,18.201989001681795,0.0,-0.0,-0.0
44.4121875369965,landing,1,1.4898138046264648,-1.504151701927185,0.12148243933916092,-0.009178780019283295,0.025767900049686432,-0.00980733335018158,1.5021617284510285,-1.503339973744005,0.10000000000000009,0.3717827058432357,51922,-0.0004299249805903571,0.013285713678575372,0.017947776309047248,0.06388000110746361,0.0,-0.0,-0.0
44.45253460499953,landing,1,1.4900736808776855,-1.503258466720581,0.1209656372666359,0.0011694311397150159,0.02792299911379814,-0.010421574115753174,1.5021617284510285,-1.503339973744005,0.10000000000000009,0.37177506572993996,51921,-0.0006315110833803317,0.016647680228653032,0.005919259095628937,21.229276000667596,0.0,-0.0,-0.0
44.453533276999224,landing,1,1.4900736808776855,-1.503258466720581,0.1209656372666359,0.0011694311397150159,0.02792299911379814,-0.010421574115753174,1.5021617284510285,-1.503339973744005,0.10000000000000009,0.37177506572993996,51921,-0.0006315110833803317,0.016647680228653032,0.005919259095628937,0.11992500003543682,0.0,-0.0,-0.0
44.492673068998556,landing,1,1.4911502599716187,-1.5017132759094238,0.12023510038852692,0.02128223329782486,0.03338488191366196,-0.008610171265900135,1.5021617284510285,-1.503339973744005,0.10000000000000009,0.3717279144856684,51915,-0.0018756072383023792,0.020736739488864564,-0.006637414371412504,21.427659998153104,0.0,-0.0,-0.0
44.49326872899837,landing,1,1.4911502599716187,-1.5017132759094238,0.12023510038852692,0.030810115858912468,0.03727950528264046,-0.012762067839503288,1.5021617284510285,-1.503339973744005,0.10000000000000009,0.3717279144856684,51915,-0.0018756072383023792,0.020736739488864564,-0.006637414371412504,0.05846200292580761,0.0,-0.0,-0.0
44.5343065119996,landing,1,1.4929633140563965,-1.499822974205017,0.11925523728132248,0.04005204141139984,0.041576411575078964,-0.016269532963633537,1.5021617284510285,-1.503339973744005,0.10000000000000009,0.3720581275502658,51961,0.006837138529439457,0.026605169396995396,-0.018782422591384258,22.89409299919498,0.0,-0.0,-0.0
44.53481110099892,landing,1,1.4929633140563965,-1.499822974205017,0.11925523728132248,0.048692844808101654,0.04582831263542175,-0.014401460066437721,1.5021617284510285,-1.503339973744005,0.10000000000000009,0.3720581275502658,51961,0.006837138529439457,0.026605169396995396,-0.018782422591384258,0.04778400034410879,0.0,-0.0,-0.0
44.56862889399781,landing,1,1.494865894317627,-1.4980679750442505,0.11849162727594376,0.05633913353085518,0.04905765503644943,-0.014107082970440388,1.5021617284510285,-1.503339973744005,0.10000000000000009,0.3719702192517764,51948,0.004517658358215826,0.0320214148283222,-0.02952416235324003,17.30421899992507,0.0,-0.0,-0.0
44.572172152998974,landing,1,1.496416449546814,-1.4966998100280762,0.11783849447965622,0.06392166763544083,0.051569532603025436,-0.013520029373466969,1.5021617284510285,-1.503339973744005,0.10000000000000009,0.3719702192517764,51948,0.004517658358215826,0.0320214148283222,-0.02952416235324003,0.046590997953899205,0.0,-0.0,-0.0
44.60755685699769,landing,1,1.4975310564041138,-1.4957748651504517,0.11743292957544327,0.07075085490942001,0.05342404544353485,-0.01757565513253212,1.5021617284510285,-1.503339973744005,0.10000000000000009,0.3722274346367694,51984,0.011304343978082443,0.035840438166714166,-0.03951798908398224,16.346714000974316,0.0,-0.0,-0.0
44.61106794799707,landing,1,1.499184250831604,-1.4940972328186035,0.11665131896734238,0.07590051740407944,0.05486886948347092,-0.02092931419610977,1.5021617284510285,-1.503339973744005,0.10000000000000009,0.3722274346367694,51984,0.011304343978082443,0.035840438166714166,-0.03951798908398224,0.04476100002648309,0.0,-0.0,-0.0
44.647037030998035,landing,1,1.5003015995025635,-1.4931159019470215,0.11624371260404587,0.07856503129005432,0.056331224739551544,-0.020912732928991318,1.5021617284510285,-1.503339973744005,0.10000000000000009,0.37253932379171384,52028,0.01953360928004777,0.03897570843533699,-0.04564876182123026,15.791951002029236,0.0,-0.0,-0.0
44.65107438099949,landing,1,1.501495599746704,-1.49208664894104,0.11559778451919556,0.07911289483308792,0.05742925405502319,-0.023753974586725235,1.5021617284510285,-1.503339973744005,0.10000000000000009,0.37253932379171384,52028,0.01953360928004777,0.03897570843533699,-0.04564876182123026,0.044129999878350645,0.0,-0.0,-0.0
44.691353995996906,landing,1,1.5032411813735962,-1.4905295372009277,0.11475260555744171,0.07790959626436234,0.0579642690718174,-0.024977348744869232,1.5021617284510285,-1.503339973744005,0.10000000000000009,0.3729447096627279,52085,0.030229806404429738,0.041304966937686,-0.04682170470652001,19.977980002295226,0.0,-0.0,-0.0
44.69258781699682,landing,1,1.5032411813735962,-1.4905295372009277,0.11475260555744171,0.0766650140285492,0.05808605998754501,-0.028361957520246506,1.5021617284510285,-1.503339973744005,0.10000000000000009,0.3729447096627279,52085,0.030229806404429738,0.041304966937686,-0.04682170470652001,0.040679002268007025,0.0,-0.0,-0.0
44.73464741299904,landing,1,1.5060546398162842,-1.4877671003341675,0.11322297900915146,0.07491877675056458,0.05731437727808952,-0.029314963147044182,1.5021617284510285,-1.503339973744005,0.10000000000000009,0.3734197719261625,52151,0.04276443076945746,0.04236145069169061,-0.046514872525261985,23.28344499983359,0.0,-0.0,-0.0
44.735276475999854,landing,1,1.5060546398162842,-1.4877671003341675,0.11322297900915146,0.07445570826530457,0.05615594983100891,-0.03006751649081707,1.5021617284510285,-1.503339973744005,0.10000000000000009,0.3734197719261625,52151,0.04276443076945746,0.04236145069169061,-0.046514872525261985,0.06431099973269738,0.0,-0.0,-0.0
44.782152720999875,landing,1,1.5080808401107788,-1.4856562614440918,0.11173944175243378,0.0733904242515564,0.05439506471157074,-0.0362839438021183,1.5021617284510285,-1.503339973744005,0.10000000000000009,0.37455634025069257,52310,0.07275304091536938,0.041658466180945146,-0.0465669860399874,30.799091997323558,0.0,-0.0,-0.0
44.78251057399757,landing,1,1.5080808401107788,-1.4856562614440918,0.11173944175243378,0.07168213278055191,0.05281925946474075,-0.038955412805080414,1.5021617284510285,-1.503339973744005,0.10000000000000009,0.37455634025069257,52310,0.07275304091536938,0.041658466180945146,-0.0465669860399874,0.035100998502457514,0.0,-0.0,-0.0
44.8194459419974,landing,1,1.510243535041809,-1.483081579208374,0.10997943580150604,0.06843317300081253,0.05051269754767418,-0.03961260989308357,1.5021617284510285,-1.503339973744005,0.10000000000000009,0.3754416092783868,52433,0.09611106275426806,0.04064660418579166,-0.04470063870485051,28.39808199860272,0.0,-0.0,-0.0
44.81980803799888,landing,1,1.510243535041809,-1.483081579208374,0.10997943580150604,0.06043820455670357,0.04801098257303238,-0.04114535450935364,1.5021617284510285,-1.503339973744005,0.10000000000000009,0.3754416092783868,52433,0.09611106275426806,0.04064660418579166,-0.04470063870485051,0.037416000850498676,0.0,-0.0,-0.0
44.85712401899946,landing,1,1.5119895935058594,-1.4808024168014526,0.10802369564771652,0.052686069160699844,0.04403125122189522,-0.040953364223241806,1.5021617284510285,-1.503339973744005,0.10000000000000009,0.37622329585487946,52542,0.1167360383873195,0.037977364132112924,-0.03630903650940735,26.063885998155456,0.0,-0.0,-0.0
44.858404611997685,landing,1,1.5119895935058594,-1.4808024168014526,0.10802369564771652,0.042301494628190994,0.039807774126529694,-0.0422847680747509,1.5021617284510285,-1.503339973744005,0.10000000000000009,0.37622329585487946,52542,0.1167360383873195,0.037977364132112924,-0.03630903650940735,0.03540599936968647,0.0,-0.0,-0.0
44.895501281996985,landing,1,1.5129276514053345,-1.47865629196167,0.10580596327781677,0.03261248394846916,0.03295372799038887,-0.03984327241778374,1.5021617284510285,-1.503339973744005,0.10000000000000009,0.3767661743407498,52618,0.13106000899075987,0.032571772383474265,-0.02498070750607873,24.490861997037427,0.0,-0.0,-0.0
44.895867174996965,landing,1,1.5129276514053345,-1.47865629196167,0.10580596327781677,0.020903151482343674,0.027273666113615036,-0.041571348905563354,1.5021617284510285,-1.503339973744005,0.10000000000000009,0.3767661743407498,52618,0.13106000899075987,0.032571772383474265,-0.02498070750607873,0.03614999877754599,0.0,-0.0,-0.0
44.936143090999394,landing,1,1.5130751132965088,-1.477212905883789,0.10408353805541992,0.010409459471702576,0.020302558317780495,-0.04573303833603859,1.5021617284510285,-1.503339973744005,0.10000000000000009,0.3784327472944106,52851,0.17503291014275923,0.025805377608383435,-0.011969560304972727,25.11744000003091,0.0,-0.0,-0.0
44.93647838599645,landing,1,1.5130751132965088,-1.477212905883789,0.10408353805541992,-0.001479161437600851,0.015350590460002422,-0.04629366472363472,1.5021617284510285,-1.503339973744005,0.10000000000000009,0.3784327472944106,52851,0.17503291014275923,0.025805377608383435,-0.011969560304972727,0.03214399839635007,0.0,-0.0,-0.0
44.97662826299711,landing,1,1.5126367807388306,-1.4757322072982788,0.10201480984687805,-0.011311397887766361,0.009234240278601646,-0.04529516026377678,1.5021617284510285,-1.503339973744005,0.10000000000000009,0.37915073901719193,52951,0.19397728277551174,0.0200698803844502,0.0009705408467002575,25.40958999816212,0.0,-0.0,-0.0
44.97708141399926,landing,1,1.5126367807388306,-1.4757322072982788,0.10201480984687805,-0.021411597728729248,0.005515421275049448,-0.043247636407613754,1.5021617284510285,-1.503339973744005,0.10000000000000009,0.37915073901719193,52951,0.19397728277551174,0.0200698803844502,0.0009705408467002575,0.03955099964514375,0.0,-0.0,-0.0
44.99867005199849,landing,1,1.5113306045532227,-1.4747613668441772,0.09998802840709686,-0.02947225049138069,-0.0009913189569488168,-0.03987470269203186,1.5021617284510285,-1.503339973744005,0.10000000000000009,0.37897778457031983,52927,0.18941384090553548,0.014621721912580083,0.012279793692966945,7.629273997736163,0.0,-0.0,-0.0
