t,state,mode,x,y,z,vx,vy,vz,carrot_x,carrot_y,carrot_z,force,cmd,az,roll,pitch,solve_ms,ref_vx,ref_vy,ref_vz,target_x,target_y,target_z,target_vx,target_vy,target_vz
4.352094998997927,rising,0,-5.136939979476679e-19,3.7462670669228506e-20,0.014999255537986755,-3.5419679442076695e-18,-8.527054029283681e-20,6.866511625958083e-07,-5.136939979476679e-19,3.7462670669228506e-20,0.015244685451877972,0.3778663964045922,32522,0.16008961489689,-4.513264005700854e-20,0.0,0.5242650004220195,0.0,0.0,0.012134988600519135,3.5,3.5,0.1,0.0,0.0,0.0
4.371735125998384,rising,0,-5.310943625181802e-19,3.7043765081281485e-20,0.01499925833195448,-3.541438962205942e-18,-8.52578030038732e-20,6.995499575168651e-07,-5.136939979476679e-19,3.7462670669228506e-20,0.015543895639205788,0.3808380250920247,32777,0.23849670427505565,-4.477378695747187e-20,0.0,0.37225999767542817,0.0,0.0,0.018077169599564513,3.5,3.5,0.1,0.0,0.0,0.0
4.391737280999223,rising,0,-5.317065278702577e-19,3.7029027695446117e-20,0.01499925833195448,-3.5448486006908854e-18,-8.533987483027494e-20,6.987951337578124e-07,-5.136939979476679e-19,3.7462670669228506e-20,0.015966185278614334,0.3838436405966777,33036,0.3178005434479587,-4.446595738703172e-20,0.0,0.33165199783979915,0.0,0.0,0.02408646600015345,3.5,3.5,0.1,0.0,0.0,0.0
4.411666732998128,rising,0,-5.322871569614817e-19,3.701504640438941e-20,0.01499925833195448,-3.5476862437822486e-18,-8.5408194778993e-20,6.98059807291429e-07,-5.136939979476679e-19,3.7462670669228506e-20,0.016506045694989414,0.3887193114052923,33456,0.44644621122143135,-4.4403990631012525e-20,0.0,0.3399380002520047,0.0,0.0,0.030067824899742843,3.5,3.5,0.1,0.0,0.0,0.0
4.431725069996901,rising,0,-5.328291153590688e-19,3.7001998922696093e-20,0.01499925833195448,-3.54999200973974e-18,-8.546369989056501e-20,6.97341874911217e-07,-5.136939979476679e-19,3.7462670669228506e-20,0.017167911969601598,0.3925509332115222,33786,0.5475444119135133,-4.4012145214838723e-20,0.0,0.3838839984382503,0.0,0.0,0.03607206480046443,3.5,3.5,0.1,0.0,0.0,0.0
4.451700544999767,rising,0,-5.276775379016651e-19,4.4519012432794535e-20,0.014999466016888618,-3.52825328965154e-18,-4.857091788929433e-20,1.989028532989323e-05,-5.136939979476679e-19,3.7462670669228506e-20,0.01794989387431975,0.3965234322923241,34127,0.6523596910903446,-1.738017557396661e-20,0.0,0.3462230015429668,0.0,0.0,0.04207591950034839,3.5,3.5,0.1,0.0,0.0,0.0
4.4719402359987726,rising,0,-4.960581453965193e-19,7.873162585181684e-20,0.015020803548395634,-3.47772372116282e-18,1.0859022871382423e-19,0.001896244240924716,-5.136939979476679e-19,3.7462670669228506e-20,0.018853812347468798,0.3996998017500481,34401,0.7361689116107666,9.563584382187046e-20,0.0,0.4850110017287079,0.0,0.0,0.048090893999687974,3.5,3.5,0.1,0.0,0.0,0.0
4.491776224997011,rising,0,-5.247836465286483e-19,9.873137964788294e-20,0.01512988656759262,-3.5031777229723016e-18,1.8757085531706514e-19,0.0073781199753284454,-5.136939979476679e-19,3.7462670669228506e-20,0.019876167959833234,0.40110669205561433,34522,0.7732900278526191,1.5462632731711036e-19,0.0,0.3438729982008226,0.0,0.0,0.05409387629952107,3.5,3.5,0.1,0.0,0.0,0.0
4.5116708089990425,rising,0,-5.572883290843789e-19,1.220119062367448e-19,0.015375875867903233,-3.643760790388445e-18,2.73996417626013e-19,0.01478855311870575,-5.136939979476679e-19,3.7462670669228506e-20,0.021013478676974052,0.40150986350774465,34557,0.7839277970381158,2.2071432312521453e-19,0.0,0.3285940001660492,0.0,0.0,0.060071073599465306,3.5,3.5,0.1,0.0,0.0,0.0
4.53171399099665,rising,0,-6.270102455431314e-19,1.4271325136392366e-19,0.01580299623310566,-3.922445796973379e-18,3.413126343695198e-19,0.02399800531566143,-5.136939979476679e-19,3.7462670669228506e-20,0.02227723588301418,0.40096271005050266,34510,0.769491030356269,2.7524444639223797e-19,0.0,0.34114799927920103,0.0,0.0,0.06608167830054298,3.5,3.5,0.1,0.0,0.0,0.0
4.551689259998966,rising,0,-7.442913766097147e-19,1.6135578272054923e-19,0.016475046053528786,-4.350176342231181e-18,3.9187247249878096e-19,0.034993648529052734,-5.136939979476679e-19,3.7462670669228506e-20,0.023654792628812527,0.3993454670970611,34370,0.7268197123235094,3.203535531534921e-19,0.0,0.35571000262279995,0.0,0.0,0.07206470880046253,3.5,3.5,0.1,0.0,0.0,0.0
4.57194217599681,rising,0,-9.053341877906863e-19,1.7730936962561513e-19,0.01734423078596592,-4.9310114014276475e-18,4.2775817826013967e-19,0.04596918448805809,-5.136939979476679e-19,3.7462670669228506e-20,0.025159225248311608,0.39766560397044487,34226,0.6824961469774351,3.5580224646509375e-19,0.0,0.5478630009747576,0.0,0.0,0.07807676879965583,3.5,3.5,0.1,0.0,0.0,0.0
4.591979191998689,rising,0,-1.1177966654982737e-18,1.9109313253698372e-19,0.01844109036028385,-5.663129109263631e-18,4.508792980976746e-19,0.05696403980255127,-5.136939979476679e-19,3.7462670669228506e-20,0.026785379581977464,0.3958463788515698,34069,0.6344954842102837,3.8304769846964507e-19,0.0,0.5225860004429705,0.0,0.0,0.08409324839958572,3.5,3.5,0.1,0.0,0.0,0.0
4.611959703997854,rising,0,-1.3832432667647562e-18,2.0287669517901666e-19,0.019758062437176704,-6.537296062151508e-18,4.63119865103446e-19,0.06755444407463074,-5.136939979476679e-19,3.7462670669228506e-20,0.028528497325860595,0.39409471498460624,33918,0.5882774402270758,4.0292238588078244e-19,0.0,0.4970250010956079,0.0,0.0,0.09009741990048496,3.5,3.5,0.1,0.0,0.0,0.0
4.6319569399965985,rising,0,-1.701786694948594e-18,2.1282791059257686e-19,0.021279873326420784,-7.539077131221617e-18,4.6618643042933325e-19,0.0774490013718605,-5.136939979476679e-19,3.7462670669228506e-20,0.030390022225123988,0.392580527946899,33788,0.5483252756437729,4.1617800788455175e-19,0.0,0.4931090006721206,0.0,0.0,0.09609609779945458,3.5,3.5,0.1,0.0,0.0,0.0
4.651993861996743,rising,0,-2.0721569176167888e-18,2.2111202102971886e-19,0.02298782393336296,-8.649598536437333e-18,4.616217376165359e-19,0.08650334924459457,-5.136939979476679e-19,3.7462670669228506e-20,0.032371109964097575,0.3914029330618735,33687,0.5172541704979814,4.2356373359444386e-19,0.0,0.5325189995346591,0.0,0.0,0.1020936464999977,3.5,3.5,0.1,0.0,0.0,0.0
4.67183647499769,rising,0,-2.491791846219534e-18,2.2789076614959093e-19,0.02486109361052513,-9.846364273859666e-18,4.508161738771792e-19,0.09463909268379211,-5.136939979476679e-19,3.7462670669228506e-20,0.03446588135674657,0.3906116876744438,33619,0.4963769834945584,4.258307629192413e-19,0.0,0.4632659984054044,0.0,0.0,0.10807393530012632,3.5,3.5,0.1,0.0,0.0,0.0
4.6916561989964976,rising,0,-2.9678148499994063e-18,2.33731333358463e-19,0.026976319029927254,-1.1104591185155914e-17,4.348788333163317e-19,0.10222931206226349,-5.136939979476679e-19,3.7462670669228506e-20,0.03668668041543842,0.3899573616955364,33562,0.47911244579251644,4.243623739258012e-19,0.0,0.3063650001422502,0.0,0.0,0.11407214789978752,3.5,3.5,0.1,0.0,0.0,0.0
4.711701215997891,rising,0,-3.485450415264678e-18,2.3819968547929203e-19,0.029199564829468727,-1.239814284451124e-17,4.143308138705078e-19,0.10883403569459915,-5.136939979476679e-19,3.7462670669228506e-20,0.039030886913411666,0.3898194843245423,33550,0.475474520436471,4.1855519095163576e-19,0.0,0.333945998136187,0.0,0.0,0.12007905239988759,3.5,3.5,0.1,0.0,0.0,0.0
4.731774533996941,rising,0,-4.039484822614426e-18,2.4154679427980543e-19,0.031538523733615875,-1.369422650372159e-17,3.9080217833431977e-19,0.11474258452653885,-5.136939979476679e-19,3.7462670669228506e-20,0.04149161592603083,0.3900263619363631,33568,0.4809330326217154,4.097007297603304e-19,0.0,0.4008249998150859,0.0,0.0,0.12607702499990409,3.5,3.5,0.1,0.0,0.0,0.0
4.751814315997763,rising,0,-4.611316020843253e-18,2.4374365673977556e-19,0.03391604125499725,-1.4964994300284754e-17,3.6626443414960533e-19,0.12011487782001495,-5.136939979476679e-19,3.7462670669228506e-20,0.0440729900093514,0.3906050039409577,33618,0.4962006316875378,3.987795335097263e-19,0.0,0.418396000895882,0.0,0.0,0.13207664700021268,3.5,3.5,0.1,0.0,0.0,0.0
4.771848915999726,rising,0,-5.204473176034616e-18,2.4515019982323956e-19,0.03638838604092598,-1.6184734979220747e-17,3.4041059391153074e-19,0.12518680095672607,-5.136939979476679e-19,3.7462670669228506e-20,0.04677654870380162,0.39137064857056064,33684,0.5164023369541049,3.862250043430589e-19,0.0,0.4275290011719335,0.0,0.0,0.13808104829950024,3.5,3.5,0.1,0.0,0.0,0.0
4.79178383499675,rising,0,-5.815820860076632e-18,2.4609944127493244e-19,0.03902558982372284,-1.733300394450971e-17,3.1515361618420145e-19,0.1305546760559082,-5.136939979476679e-19,3.7462670669228506e-20,0.04960002387381975,0.3919320550392294,33732,0.5312151725390333,3.7375210727395034e-19,0.0,0.38830499761388637,0.0,0.0,0.14408490899986645,3.5,3.5,0.1,0.0,0.0,0.0
4.811725415998808,rising,0,-6.433453876003133e-18,2.46441092717311e-19,0.04175291210412979,-1.837986056669967e-17,2.8942356869467425e-19,0.13604451715946198,-5.136939979476679e-19,3.7462670669228506e-20,0.052539920906362926,0.3924618397863602,33778,0.5451936619092379,3.6048366545695626e-19,0.0,0.3448210009082686,0.0,0.0,0.15008130869973682,3.5,3.5,0.1,0.0,0.0,0.0
4.831702835999749,rising,0,-6.793105802486595e-18,2.447824404927773e-19,0.04307015240192413,-1.9061693965098554e-17,2.687223140403749e-19,0.13843190670013428,-5.136939979476679e-19,3.7462670669228506e-20,0.05560017560564353,0.39645812499124294,34122,0.6506365433045627,3.447334336772978e-19,0.0,0.3277930009062402,0.0,0.0,0.1560786726000515,3.5,3.5,0.1,0.0,0.0,0.0
4.85185877999902,rising,0,-7.627769090860777e-18,2.4507316862869555e-19,0.047211769968271255,-1.998323272448673e-17,2.3482295327309157e-19,0.1462678760290146,-5.136939979476679e-19,3.7462670669228506e-20,0.05878735942868414,0.39436386583726596,33942,0.5953790458381505,3.2966709453054503e-19,0.0,0.4276690015103668,0.0,0.0,0.1620890568003233,3.5,3.5,0.1,0.0,0.0,0.0
4.871850750998419,rising,0,-8.197903328062952e-18,2.4399953989239e-19,0.05012587457895279,-2.0521449370572934e-17,2.0947219394381408e-19,0.15213900804519653,-5.136939979476679e-19,3.7462670669228506e-20,0.06209434894823211,0.3949360221897219,33991,0.6104755195177276,3.152641933943794e-19,0.0,0.3862869998556562,0.0,0.0,0.16809835230051248,3.5,3.5,0.1,0.0,0.0,0.0
4.891847249997227,rising,0,-8.713045770961988e-18,2.4407566635813903e-19,0.05322224646806717,-2.0804583368082485e-17,1.9168958145742273e-19,0.15952204167842865,-5.136939979476679e-19,3.7462670669228506e-20,0.06550800192091177,0.3946462289326452,33966,0.6028292594365485,3.0656092899774573e-19,0.0,0.4390359972603619,0.0,0.0,0.17408402519977242,3.5,3.5,0.1,0.0,0.0,0.0
4.911674397997558,rising,0,-9.244134601709822e-18,2.4139854800439944e-19,0.056407686322927475,-2.0992824860081177e-17,1.6342311386647239e-19,0.16653762757778168,-5.136939979476679e-19,3.7462670669228506e-20,0.0690433980354837,0.3945832823194936,33960,0.6011683989312271,2.8956871420327315e-19,0.0,0.32457300039823167,0.0,0.0,0.18007355580011788,3.5,3.5,0.1,0.0,0.0,0.0
4.931842166999559,rising,0,-9.705033021579468e-18,2.399743239353421e-19,0.059784602373838425,-2.0902645629700646e-17,1.4287780860703342e-19,0.17375367879867554,-5.136939979476679e-19,3.7462670669228506e-20,0.07270777770358583,0.39434985405562334,33940,0.5950093418370255,2.7787565254784084e-19,0.0,0.45430199679685757,0.0,0.0,0.18607824509963392,3.5,3.5,0.1,0.0,0.0,0.0
4.951758539998991,rising,0,-1.012345323545268e-17,2.3955750245479782e-19,0.06334558874368668,-2.0697398958669088e-17,1.2875616826483106e-19,0.1811380386352539,-5.136939979476679e-19,3.7462670669228506e-20,0.076489421165645,0.3939467006850504,33906,0.5843720497374765,2.7056748078316587e-19,0.0,0.3719380001712125,0.0,0.0,0.19207836779969512,3.5,3.5,0.1,0.0,0.0,0.0
4.97189719099697,rising,0,-1.048870476109282e-17,2.380179125396835e-19,0.06702898442745209,-2.020659795965565e-17,1.111484527792064e-19,0.1883404552936554,-5.136939979476679e-19,3.7462670669228506e-20,0.08043511118390634,0.3937201738008335,33886,0.5783950870932308,2.6021472640070847e-19,0.0,0.3115880026598461,0.0,0.0,0.19814518259991018,3.5,3.5,0.1,0.0,0.0,0.0
4.991732608999882,rising,0,-1.0791164179253447e-17,2.3651479611970394e-19,0.07086321711540222,-1.9482846356535028e-17,9.520318291670578e-20,0.19548287987709045,-5.136939979476679e-19,3.7462670669228506e-20,0.08441718975874647,0.39331732134052894,33852,0.5677657345785985,2.5084449987421615e-19,0.0,0.33271999927819706,0.0,0.0,0.20408517960022435,3.5,3.5,0.1,0.0,0.0,0.0
5.0117856379984005,rising,0,-1.1025695525511219e-17,2.350711074568575e-19,0.07484487444162369,-1.8527907698373185e-17,8.087309306014006e-20,0.20251208543777466,-5.136939979476679e-19,3.7462670669228506e-20,0.08855447007337162,0.3930077986410234,33825,0.5595989087341255,2.422801625217939e-19,0.0,0.40929299939307384,0.0,0.0,0.21007886309962487,3.5,3.5,0.1,0.0,0.0,0.0
5.0317338009990635,rising,0,-1.1188000769403311e-17,2.337047343318906e-19,0.0789700523018837,-1.734699818611288e-17,6.809425765779536e-20,0.2094184011220932,-5.136939979476679e-19,3.7462670669228506e-20,0.09281740021143413,0.392741617644324,33802,0.5525756634386276,2.3454524007192435e-19,0.0,0.3652039995358791,0.0,0.0,0.21608074140021927,3.5,3.5,0.1,0.0,0.0,0.0
5.051654667997354,rising,0,-1.1274697569404994e-17,2.3242898918278654e-19,0.0832347646355629,-1.594876682023897e-17,5.678953565520259e-20,0.21617455780506134,-5.136939979476679e-19,3.7462670669228506e-20,0.09719150510597879,0.3925091641940097,33782,0.546442327018724,2.2762381795575737e-19,0.0,0.31819799914956093,0.0,0.0,0.22207059629945433,3.5,3.5,0.1,0.0,0.0,0.0
5.071738052996807,rising,0,-1.1283369730947e-17,2.3125322949022484e-19,0.08763481676578522,-1.4345225917606948e-17,4.687174350826836e-20,0.22278234362602234,-5.136939979476679e-19,3.7462670669228506e-20,0.10169762014018255,0.3923550058673175,33769,0.5423748249951821,2.2145906368131303e-19,0.0,0.35248499989393167,0.0,0.0,0.22807678260032843,3.5,3.5,0.1,0.0,0.0,0.0
5.091981589997886,rising,0,-1.1212613528529827e-17,2.3018316797031093e-19,0.09216638654470444,-1.2551555896818387e-17,3.824628212795472e-20,0.22924602031707764,-5.136939979476679e-19,3.7462670669228506e-20,0.10633124766268749,0.3922726529623676,33762,0.5402019251284305,2.1601672894121719e-19,0.0,0.5201380008656997,0.0,0.0,0.23409227940028357,3.5,3.5,0.1,0.0,0.0,0.0
5.111952741997811,rising,0,-1.1062054249335987e-17,2.2922138956245904e-19,0.0968259647488594,-1.0585862087120848e-17,3.0813757362610324e-20,0.23557814955711365,-5.136939979476679e-19,3.7462670669228506e-20,0.11107548122286869,0.39222814895356034,33758,0.5390276768749409,2.1127050480924461e-19,0.0,0.49066200153902173,0.0,0.0,0.24009526319969154,3.5,3.5,0.1,0.0,0.0,0.0
5.131902643999638,rising,0,-1.0832369354287163e-17,2.283679201160633e-19,0.10161054134368896,-8.468971241977191e-18,2.4472198199105278e-20,0.24179679155349731,-5.136939979476679e-19,3.7462670669228506e-20,0.11592714426238522,0.39221075961447716,33756,0.5385688552632484,2.071757019068675e-19,0.0,0.48579599751974456,0.0,0.0,0.246082777200354,3.5,3.5,0.1,0.0,0.0,0.0
5.151968249996571,rising,0,-1.0525282687779914e-17,2.276205365832275e-19,0.10651807487010956,-6.2241440938027145e-18,1.9118919534796497e-20,0.2479495257139206,-5.136939979476679e-19,3.7462670669228506e-20,0.1209113546803188,0.3922461521782122,33759,0.5395026959950435,2.0366530003910216e-19,0.0,0.5405609990702942,0.0,0.0,0.25208581769984445,3.5,3.5,0.1,0.0,0.0,0.0
5.171936156999436,rising,0,-1.014355786024078e-17,2.2697515475967715e-19,0.11154691129922867,-3.876788322292596e-18,1.4652296092200734e-20,0.25403523445129395,-5.136939979476679e-19,3.7462670669228506e-20,0.12601183738801805,0.3923066035841206,33765,0.5410977198976408,2.0069877013359198e-19,0.0,0.515282001288142,0.0,0.0,0.25808438370040676,3.5,3.5,0.1,0.0,0.0,0.0
5.191694039996946,rising,0,-9.690964333721167e-18,2.264260619293068e-19,0.11669646203517914,-1.4541367811636134e-18,1.0973271377377628e-20,0.26011765003204346,-5.136939979476679e-19,3.7462670669228506e-20,0.1312237137419672,0.3923522571179492,33768,0.5423022986266268,1.9824025316139463e-19,0.0,0.3489779992378317,0.0,0.0,0.26407323780040315,3.5,3.5,0.1,0.0,0.0,0.0
5.211654164999345,rising,0,-9.172241853131e-18,2.2596661479782187e-19,0.12196667492389679,1.0150800653684295e-18,7.986583910564336e-21,0.2661951184272766,-5.136939979476679e-19,3.7462670669228506e-20,0.1365642073166239,0.3924154319101891,33774,0.5439691796883661,1.9621780432725875e-19,0.0,0.31159699938143604,0.0,0.0,0.2700721590004832,3.5,3.5,0.1,0.0,0.0,0.0
5.231988913998066,rising,0,-8.593051642582596e-18,2.25589291191527e-19,0.12735751271247864,3.501024985428132e-18,5.601685687461143e-21,0.27226778864860535,-5.136939979476679e-19,3.7462670669228506e-20,0.14205001365159983,0.3925257367330318,33783,0.5468795971776199,1.9456300109654657e-19,0.0,0.5171899974811822,0.0,0.0,0.2760986324996338,3.5,3.5,0.1,0.0,0.0,0.0
5.251963190999959,rising,0,-7.959906095038582e-18,2.2508411648180436e-19,0.13286907970905304,5.9731468902714614e-18,1.9177786683194143e-21,0.2783406376838684,-5.136939979476679e-19,3.7462670669228506e-20,0.14761513595711515,0.3925620423078318,33787,0.5478375279111276,1.9215340743398541e-19,0.0,0.5472480006574187,0.0,0.0,0.28208071229964843,3.5,3.5,0.1,0.0,0.0,0.0
5.272016378999979,rising,0,-7.280100116321064e-18,2.2232929484927307e-19,0.1385023444890976,8.400601455627233e-18,-2.1215982330744678e-20,0.2844904065132141,-5.136939979476679e-19,3.7462670669228506e-20,0.15333312605997423,0.39261642177838746,33791,0.5492723424376624,1.7753575586609836e-19,0.0,0.5402579990914091,0.0,0.0,0.28809776519992736,3.5,3.5,0.1,0.0,0.0,0.0
5.2919350259981,rising,0,-6.56161930806363e-18,2.1634345404532137e-19,0.14425848424434662,1.0752658921739103e-17,-6.829464216118634e-20,0.29065167903900146,-5.136939979476679e-19,3.7462670669228506e-20,0.1591422745733998,0.3926103982037256,33791,0.5491134090692764,1.474575945595791e-19,0.0,0.510445999680087,0.0,0.0,0.29408470110029156,3.5,3.5,0.1,0.0,0.0,0.0
5.311888831998658,rising,0,-5.813049391434273e-18,2.0609625014413497e-19,0.1501377820968628,1.2999092868253464e-17,-1.4168193808582903e-19,0.29683610796928406,-5.136939979476679e-19,3.7462670669228506e-20,0.16508133223833282,0.39256547650410106,33787,0.5479281399498941,9.964463640854094e-20,0.0,0.48351200166507624,0.0,0.0,0.3,3.5,3.5,0.1,0.0,0.0,0.0
5.331892183996388,rising,0,-5.046144602937372e-18,1.8966395830894815e-19,0.15580357611179352,1.5142465900708006e-17,-2.5238461806305177e-19,0.30127671360969543,-5.136939979476679e-19,3.7462670669228506e-20,0.17108182333831792,0.39077882328743985,33633,0.5007868941276996,2.6622710401134186e-20,0.0,0.48486200103070587,0.0,0.0,0.3,3.5,3.5,0.1,0.0,0.0,0.0
5.3520130529977905,rising,0,-4.269932378188024e-18,1.6572532553226939e-19,0.16179516911506653,1.7082674275732786e-17,-3.960475632430658e-19,0.3069530427455902,-5.136939979476679e-19,3.7462670669228506e-20,0.17709604243827926,0.3879842422136761,33393,0.42705124574343145,-7.19216083214763e-20,0.0,0.5247339977358934,0.0,0.0,0.3,3.5,3.5,0.1,0.0,0.0,0.0
5.371910002999357,rising,0,-3.493285056436474e-18,1.3198691601761298e-19,0.16793881356716156,1.882497472612058e-17,-5.807461889794054e-19,0.31281378865242004,-5.136939979476679e-19,3.7462670669228506e-20,0.183083538437495,0.3848738284190324,33125,0.34498228018554933,-2.0354602956071856e-19,0.0,0.4901939973933622,0.0,0.0,0.3,3.5,3.5,0.1,0.0,0.0,0.0
5.39193983199948,rising,0,-2.7208985420201836e-18,8.27796732862409e-20,0.17438346147537231,2.035433903450252e-17,-8.375581620241765e-19,0.31911566853523254,-5.136939979476679e-19,3.7462670669228506e-20,0.1890973975379893,0.3811991164040432,32809,0.2480241795262046,-3.9188136837046953e-19,0.0,0.48272800268023275,0.0,0.0,0.3,3.5,3.5,0.1,0.0,0.0,0.0
5.411898071997712,rising,0,-1.943718929544455e-18,1.2772137178087576e-20,0.1812485307455063,2.1656632338571306e-17,-1.1830230621229536e-18,0.3244949281215668,-5.136939979476679e-19,3.7462670669228506e-20,0.19508109733833406,0.3774216073402324,32483,0.14835375567895426,-6.530649571391741e-19,0.0,0.48492200221517123,0.0,0.0,0.3,3.5,3.5,0.1,0.0,0.0,0.0
5.431897781996668,rising,0,-1.2166077323659487e-18,-8.023133661411816e-20,0.18779055774211884,2.270410603749823e-17,-1.628640043958719e-18,0.3278296887874603,-5.136939979476679e-19,3.7462670669228506e-20,0.20108271853823678,0.37509201192219443,32283,0.08688685810539276,-9.93904428395062e-19,0.0,0.48361399967689067,0.0,0.0,0.3,3.5,3.5,0.1,0.0,0.0,0.0
5.451896218997717,rising,0,-5.347817268937885e-19,-2.0113369638139672e-19,0.19418145716190338,2.3453731850179512e-17,-2.1855056837500833e-18,0.3284915089607239,-5.136939979476679e-19,3.7462670669228506e-20,0.20708312023780306,0.37428588134836577,32214,0.06561692212046744,-1.4228153133957157e-18,0.0,0.4812339975615032,0.0,0.0,0.3,3.5,3.5,0.1,0.0,0.0,0.0
5.472057950999442,rising,0,9.198389937022597e-20,-3.5431250147882663e-19,0.20042036473751068,2.3886678182789767e-17,-2.8616704134111424e-18,0.3265983462333679,-5.136939979476679e-19,3.7462670669228506e-20,0.21308228203779433,0.37494544240982397,32270,0.08301958864970693,-1.9444006222766366e-18,0.0,0.6172510002215859,0.0,0.0,0.3,3.5,3.5,0.1,0.0,0.0,0.0
5.492107328998827,rising,0,6.72865829980621e-19,-5.458123354585479e-19,0.20684663951396942,2.4061706291683537e-17,-3.6564977174605366e-18,0.3244999647140503,-5.136939979476679e-19,3.7462670669228506e-20,0.2190974671379081,0.3754930219016755,32317,0.0974675963502758,-2.5689147059457346e-18,0.0,0.6278170003497507,0.0,0.0,0.3,3.5,3.5,0.1,0.0,0.0,0.0
5.5120579919966985,rising,0,1.1917484734168926e-18,-7.807657506238756e-19,0.2132343202829361,2.3941796535726625e-17,-4.586982021583168e-18,0.32161208987236023,-5.136939979476679e-19,3.7462670669228506e-20,0.2250935536383622,0.37645932572023527,32401,0.12296373932019122,-3.3063008080688685e-18,0.0,0.5799979990115389,0.0,0.0,0.3,3.5,3.5,0.1,0.0,0.0,0.0
5.531937151998136,rising,0,1.6318748371416841e-18,-1.063421327546641e-18,0.21940171718597412,2.348069462942629e-17,-5.668157953797647e-18,0.3176490366458893,-5.136939979476679e-19,3.7462670669228506e-20,0.23109881413838593,0.3782498789266553,32555,0.17020788724684088,-4.161231180066238e-18,0.0,0.47355999777209945,0.0,0.0,0.3,3.5,3.5,0.1,0.0,0.0,0.0
5.551944841998193,rising,0,2.0312753769977336e-18,-1.3432227177657922e-18,0.2256295084953308,2.296059654747745e-17,-6.573597296923704e-18,0.31451526284217834,-5.136939979476679e-19,3.7462670669228506e-20,0.23708336773815972,0.3795241725507749,32664,0.20383041031068316,-4.919300929399885e-18,0.0,0.5235460012045223,0.0,0.0,0.3,3.5,3.5,0.1,0.0,0.0,0.0
5.571953542999836,rising,0,2.333527379619763e-18,-1.7291462106966683e-18,0.23173657059669495,2.200024481938706e-17,-7.918409752429247e-18,0.3115750849246979,-5.136939979476679e-19,3.7462670669228506e-20,0.24308609413783416,0.3808751914059442,32781,0.23947734580327662,-6.013322880332035e-18,0.0,0.5202050015213899,0.0,0.0,0.3,3.5,3.5,0.1,0.0,0.0,0.0
5.591889733997959,rising,0,2.5516265762140165e-18,-2.1776685610364496e-18,0.23783627152442932,2.0763934058420404e-17,-9.42091137041853e-18,0.30960148572921753,-5.136939979476679e-19,3.7462670669228506e-20,0.2491113475374732,0.38178020666957824,32859,0.26335637650602095,-7.256098452384018e-18,0.0,0.351669001247501,0.0,0.0,0.3,3.5,3.5,0.1,0.0,0.0,0.0
5.611957827997685,rising,0,2.6816711558310814e-18,-2.693211566147115e-18,0.2439424693584442,1.926199244170582e-17,-1.1083533648302152e-17,0.30850446224212646,-5.136939979476679e-19,3.7462670669228506e-20,0.2550876142377092,0.38217744964077943,32893,0.27383772139259577,-8.658219964305007e-18,0.0,0.5201000021770597,0.0,0.0,0.3,3.5,3.5,0.1,0.0,0.0,0.0
5.631954360997042,rising,0,2.7206024113608896e-18,-3.279693580590328e-18,0.25006845593452454,1.750741663102774e-17,-1.290628816660869e-17,0.30828917026519775,-5.136939979476679e-19,3.7462670669228506e-20,0.26109658303794275,0.38214985153653874,32890,0.27310953922265746,-1.0226669245354635e-17,0.0,0.49279399900115095,0.0,0.0,0.3,3.5,3.5,0.1,0.0,0.0,0.0
5.652006096999685,rising,0,2.6663310913712855e-18,-3.9404051288428244e-18,0.25622591376304626,1.5516330030886048e-17,-1.4886425376982017e-17,0.30873334407806396,-5.136939979476679e-19,3.7462670669228506e-20,0.2670889519384218,0.38173226650822767,32854,0.2620914645970345,-1.1967634376285451e-17,0.0,0.5489649993251078,0.0,0.0,0.3,3.5,3.5,0.1,0.0,0.0,0.0
5.67210175999935,rising,0,2.5221233185109346e-18,-4.677884621409377e-18,0.2624202370643616,1.3344947008529236e-17,-1.7018182312094477e-17,0.3095449209213257,-5.136939979476679e-19,3.7462670669228506e-20,0.27308755663761985,0.3810924971535235,32799,0.24521100668927254,-1.3880555032599725e-17,0.0,0.5983519986330066,0.0,0.0,0.3,3.5,3.5,0.1,0.0,0.0,0.0
5.692005282999162,rising,0,2.30170388029847e-18,-5.493791589393919e-18,0.26865145564079285,1.1125345973905482e-17,-1.929195623221494e-17,0.31048187613487244,-5.136939979476679e-19,3.7462670669228506e-20,0.2790992854381329,0.38036010515664964,32736,0.22588667959497677,-1.596090880237815e-17,0.0,0.5118240005685948,0.0,0.0,0.3,3.5,3.5,0.1,0.0,0.0,0.0
5.712095868999313,rising,0,2.0240745629703064e-18,-6.388818796559465e-18,0.2749159634113312,9.003722001296797e-18,-2.1695355971767364e-17,0.31138738989830017,-5.136939979476679e-19,3.7462670669228506e-20,0.28509368083832665,0.37957988552943206,32669,0.20530040974754726,-1.8203240067917643e-17,0.0,0.6296870014921296,0.0,0.0,0.3,3.5,3.5,0.1,0.0,0.0,0.0
5.732087140997464,rising,0,1.714845808869275e-18,-7.362652741453857e-18,0.28120729327201843,7.140499325882328e-18,-2.4213032367305213e-17,0.3121321499347687,-5.136939979476679e-19,3.7462670669228506e-20,0.29109922993775394,0.3788601714962886,32607,0.186310593569619,-2.0595072338942636e-17,0.0,0.5790559989691246,0.0,0.0,0.3,3.5,3.5,0.1,0.0,0.0,0.0
5.751972596997803,rising,0,1.4082090252176785e-18,-8.413940570185263e-18,0.2875172793865204,5.717110502448535e-18,-2.682661208306246e-17,0.3126128911972046,-5.136939979476679e-19,3.7462670669228506e-20,0.29708424103773723,0.3782231490585735,32552,0.1695026136826776,-2.312360767637694e-17,0.0,0.5357100017135963,0.0,0.0,0.3,3.5,3.5,0.1,0.0,0.0,0.0
5.771916115998465,rising,0,1.1485725405737685e-18,-9.540265261003806e-18,0.29383614659309387,4.940706371797075e-18,-2.951493253024755e-17,0.312749981880188,-5.136939979476679e-19,3.7462670669228506e-20,0.303083866637462,0.37776479942856533,32513,0.15740895589881987,-2.5767561438872023e-17,0.0,0.492792998556979,0.0,0.0,0.3,3.5,3.5,0.1,0.0,0.0,0.0
5.7918886539991945,rising,0,9.918377377217614e-19,-1.0738146865072473e-17,0.3001539707183838,5.046926288616235e-18,-3.2254342960786364e-17,0.31252363324165344,-5.136939979476679e-19,3.7462670669228506e-20,0.30912503683794057,0.37754112740793794,32494,0.15150731947065665,-2.8503152703748844e-17,0.0,0.3411309990042355,0.0,0.0,0.3,3.5,3.5,0.1,0.0,0.0,0.0
5.812041154997132,rising,0,1.0062945800825038e-18,-1.200307063060795e-17,0.30646100640296936,6.300675257666427e-18,-3.50190651180693e-17,0.31193268299102783,-5.136939979476679e-19,3.7462670669228506e-20,0.3151010980374849,0.3774315245185837,32484,0.14861542265392202,-3.1317008718869606e-17,0.0,0.5543779989238828,0.0,0.0,0.3,3.5,3.5,0.1,0.0,0.0,0.0
5.831911869998294,rising,0,1.2731735479771984e-18,-1.3329491138783682e-17,0.3127487301826477,8.995261597991605e-18,-3.7781256102677825e-17,0.3110350966453552,-5.136939979476679e-19,3.7462670669228506e-20,0.3210858688376902,0.37750996360573374,32491,0.15068505556025613,-3.41793170730521e-17,0.0,0.489285997900879,0.0,0.0,0.3,3.5,3.5,0.1,0.0,0.0,0.0
5.85210465399723,rising,0,1.8868281353500486e-18,-1.4707256401941806e-17,0.31901100277900696,1.3449799595795845e-17,-4.048030011932405e-17,0.30991771817207336,-5.136939979476679e-19,3.7462670669228506e-20,0.3270942355378793,0.37775935370492086,32512,0.1572652692591241,-3.70446092615891e-17,0.0,0.6080840030335821,0.0,0.0,0.3,3.5,3.5,0.1,0.0,0.0,0.0
5.872711861997232,rising,0,2.9546546132488408e-18,-1.6116201411109504e-17,0.32524362206459045,2.0005872657852307e-17,-4.298302770683184e-17,0.30864977836608887,-5.136939979476679e-19,3.7462670669228506e-20,0.3331023637379985,0.37812056849275616,32544,0.16679600244739134,-3.982346486492797e-17,0.0,1.1282079976808745,0.0,0.0,0.3,3.5,3.5,0.1,0.0,0.0,0.0
5.8925146459987445,rising,0,4.596744407172519e-18,-1.7531672875310245e-17,0.33144471049308777,2.90235442329992e-17,-4.514560539156803e-17,0.3073398470878601,-5.136939979476679e-19,3.7462670669228506e-20,0.33918392653831686,0.3786338663126921,32588,0.18033948054596394,-4.240712922241621e-17,0.0,0.6671660012216307,0.0,0.0,0.3,3.5,3.5,0.1,0.0,0.0,0.0
5.911921608996636,rising,0,6.945292145945326e-18,-1.891428872558038e-17,0.3376144766807556,4.087683727009217e-17,-4.673640274968306e-17,0.30607107281684875,-5.136939979476679e-19,3.7462670669228506e-20,0.34508594503822676,0.37894104030685777,32614,0.18844433527329052,-4.467180724138131e-17,0.0,0.49432599917054176,0.0,0.0,0.3,3.5,3.5,0.1,0.0,0.0,0.0
5.932091364997177,rising,0,1.0143804360063322e-17,-2.0209673417173122e-17,0.3437557518482208,5.59490275603189e-17,-4.745680758004529e-17,0.30495479702949524,-5.136939979476679e-19,3.7462670669228506e-20,0.351094406537959,0.37934049977055806,32649,0.1989841628115574,-4.6370519261152815e-17,0.0,0.5275340008665808,0.0,0.0,0.3,3.5,3.5,0.1,0.0,0.0,0.0
5.952094082997064,rising,0,1.4344473183249524e-17,-2.1340379683696358e-17,0.34987324476242065,7.461357722407972e-17,-4.689584015839143e-17,0.3040550649166107,-5.136939979476679e-19,3.7462670669228506e-20,0.3570948274384136,0.3796512473924948,32675,0.20718330850909616,-4.72283578588842e-17,0.0,0.5993529994157143,0.0,0.0,0.3,3.5,3.5,0.1,0.0,0.0,0.0
5.9719215979966975,rising,0,1.9699011811652285e-17,-2.2199056025252954e-17,0.35597169399261475,9.716447286852088e-17,-4.450655542881161e-17,0.3033312261104584,-5.136939979476679e-19,3.7462670669228506e-20,0.36308332753833383,0.37988284201627437,32695,0.2132939845982662,-4.68458076960707e-17,0.0,0.49925699931918643,0.0,0.0,0.3,3.5,3.5,0.1,0.0,0.0,0.0
5.991915355996753,rising,0,2.5241978874872176e-17,-2.2286345086573225e-17,0.3592964708805084,1.2390833380310353e-16,-3.959828735832611e-17,0.3028820753097534,-5.136939979476679e-19,3.7462670669228506e-20,0.3690833638382173,0.3834612785745718,33003,0.3077118357406796,-4.393971833921568e-17,0.0,0.4976460004399996,0.0,0.0,0.3,3.5,3.5,0.1,0.0,0.0,0.0
6.011899619999895,rising,0,3.307059486308634e-17,-2.2208834954454556e-17,0.3653135597705841,1.5504629726557608e-16,-3.134655856062372e-17,0.30210527777671814,-5.136939979476679e-19,3.7462670669228506e-20,0.37508123203770083,0.3838354191501163,33035,0.3175836187365775,-3.9516495887114026e-17,0.0,0.4937579979014117,0.0,0.0,0.3,3.5,3.5,0.1,0.0,0.0,0.0
6.031895445998089,rising,0,4.2812231453951893e-17,-2.1376180060607653e-17,0.371835857629776,1.9079749332637116e-16,-1.8633419548588e-17,0.30105993151664734,-5.136939979476679e-19,3.7462670669228506e-20,0.38108287093782567,0.383716515594626,33025,0.31444632175793963,-3.2034432980242843e-17,0.0,0.48289199912687764,0.0,0.0,0.3,3.5,3.5,0.1,0.0,0.0,0.0
6.052110625998466,rising,0,5.390531903832903e-17,-1.9406459535688206e-17,0.377749502658844,2.3097259688688765e-16,-3.136791150435374e-19,0.30120664834976196,-5.136939979476679e-19,3.7462670669228506e-20,0.38709666193753944,0.3837776868006546,33030,0.3160603377481408,-2.042928751515501e-17,0.0,0.6189910018292721,0.0,0.0,0.3,3.5,3.5,0.1,0.0,0.0,0.0
6.071931426999072,rising,0,6.676196561483658e-17,-1.6011437332168438e-17,0.38371384143829346,2.753153275410219e-16,2.5053502463579518e-17,0.3022734820842743,-5.136939979476679e-19,3.7462670669228506e-20,0.3930843625381385,0.38328284273093527,32988,0.3030037659877358,-3.675769826744326e-18,0.0,0.5005519997212104,0.0,0.0,0.3,3.5,3.5,0.1,0.0,0.0,0.0
6.091961215999618,rising,0,8.144223773083568e-17,-1.0754535794548986e-17,0.3897347152233124,3.2341896389030407e-16,5.923967776850795e-17,0.30367663502693176,-5.136939979476679e-19,3.7462670669228506e-20,0.39908706223795887,0.382567901000123,32926,0.28413986807712277,1.9685750288840576e-17,-2.220446049250313e-16,0.5252010014373809,0.0,0.0,0.3,3.5,3.5,0.1,0.0,0.0,0.0
6.111922304997279,rising,0,9.831370467204285e-17,-3.006046724321301e-18,0.3960830569267273,3.7464476368316557e-16,1.0440676338622275e-16,0.3051273822784424,-5.136939979476679e-19,3.7462670669228506e-20,0.40508198263778467,0.3814097496705923,32827,0.2535817855037532,5.1555968184429667e-17,-2.220446049250313e-16,0.50788999942597,0.0,0.0,0.3,3.5,3.5,0.1,0.0,0.0,0.0
6.131928832997801,rising,0,1.1660627452306102e-16,7.710951200439722e-18,0.40215253829956055,4.2789650746718176e-16,1.629867017504931e-16,0.3064057528972626,-5.136939979476679e-19,3.7462670669228506e-20,0.4110887317376182,0.3807010852133706,32766,0.23488351486465753,9.368698211621009e-17,-4.440892098500626e-16,0.4955080003128387,0.0,0.0,0.3,3.5,3.5,0.1,0.0,0.0,0.0
6.152085030997114,rising,0,1.3649876387998946e-16,2.2236906155722156e-17,0.4082758128643036,4.816109694684152e-16,2.379198287713694e-16,0.30762970447540283,-5.136939979476679e-19,3.7462670669228506e-20,0.4170940846383019,0.3799505256160003,32701,0.21507983155673394,1.4860814590729255e-16,-4.440892098500626e-16,0.5619590010610409,0.0,0.0,0.3,3.5,3.5,0.1,0.0,0.0,0.0
6.171984251999675,rising,0,1.553960292285635e-16,3.8003701513005585e-17,0.41468682885169983,5.210280711853677e-16,3.0724126987245737e-16,0.30827245116233826,-5.136939979476679e-19,3.7462670669228506e-20,0.42308430013836185,0.3791115491346489,32629,0.19294324893532533,2.0214300958741746e-16,-4.440892098500626e-16,0.5133960003149696,0.0,0.0,0.3,3.5,3.5,0.1,0.0,0.0,0.0
6.191948390998732,rising,0,1.7757549430818875e-16,6.210395276687287e-17,0.42081916332244873,5.701537586646306e-16,4.195077313855916e-16,0.30853942036628723,-5.136939979476679e-19,3.7462670669228506e-20,0.42908842543838543,0.3788260723313837,32604,0.18541087945603252,2.870133558824542e-16,-4.440892098500626e-16,0.5138999986229464,0.0,0.0,0.3,3.5,3.5,0.1,0.0,0.0,0.0
6.211887112996919,rising,0,2.0016091316267542e-16,9.296996571371758e-17,0.4269815683364868,6.122497608959524e-16,5.579271027688108e-16,0.30857184529304504,-5.136939979476679e-19,3.7462670669228506e-20,0.4350813964378176,0.3786061671778488,32585,0.17960863266091565,3.9291072007578476e-16,-4.440892098500626e-16,0.4798219997610431,0.0,0.0,0.3,3.5,3.5,0.1,0.0,0.0,0.0
6.231886463996489,rising,0,2.2234948384648365e-16,1.3189876617146777e-16,0.43316227197647095,6.43042743720876e-16,7.263637336159463e-16,0.3082962930202484,-5.136939979476679e-19,3.7462670669228506e-20,0.4410825262377329,0.3785273962684223,32579,0.17753024454940025,5.231253274547404e-16,-4.440892098500626e-16,0.4752160020871088,0.0,0.0,0.3,3.5,3.5,0.1,0.0,0.0,0.0
6.252150117998099,rising,0,2.430638333902652e-16,1.803763410971831e-16,0.43935051560401917,6.571484892706203e-16,9.29276987696496e-16,0.3077984154224396,-5.136939979476679e-19,3.7462670669228506e-20,0.4470955957378464,0.37856511248816715,32582,0.17852539546615098,6.814968955121791e-16,-4.440892098500626e-16,0.6563930000993423,0.0,0.0,0.3,3.5,3.5,0.1,0.0,0.0,0.0
6.272336699999869,rising,0,2.6088847709492945e-16,2.400536900539602e-16,0.4455385208129883,6.47827738719034e-16,1.1714247549543056e-15,0.307158499956131,-5.136939979476679e-19,3.7462670669228506e-20,0.4530817198377918,0.37864026203406653,32588,0.18050823308882613,8.723093528666031e-16,-4.440892098500626e-16,0.8472379995509982,0.0,0.0,0.3,3.5,3.5,0.1,0.0,0.0,0.0
6.291914381999959,rising,0,2.7392764934540295e-16,3.2695776166481413e-16,0.4520486891269684,5.904489857181988e-16,1.5360239461110516e-15,0.3065139353275299,-5.136939979476679e-19,3.7462670669228506e-20,0.45908168893838586,0.37833182833144596,32562,0.17237014067139533,1.1576422495338471e-15,-4.440892098500626e-16,0.5008230000385083,0.0,0.0,0.3,3.5,3.5,0.1,0.0,0.0,0.0
6.311911326996778,rising,0,2.8098494257346857e-16,4.0344163395854564e-16,0.4583725333213806,5.222420811570199e-16,1.7931918309851665e-15,0.3049236536026001,-5.136939979476679e-19,3.7462670669228506e-20,0.4650837418379524,0.3787314412838704,32596,0.18291401804407137,1.3730046624843817e-15,-4.440892098500626e-16,0.49179900088347495,0.0,0.0,0.3,3.5,3.5,0.1,0.0,0.0,0.0
6.3319524849976005,rising,0,2.767874443335703e-16,5.079114483597796e-16,0.4644175171852112,3.832743882893516e-16,2.1800976348078545e-15,0.30366820096969604,-5.136939979476679e-19,3.7462670669228506e-20,0.4710823156376136,0.3793078198185631,32646,0.19812189494889232,1.6850934461170697e-15,-4.440892098500626e-16,0.5171259981580079,0.0,0.0,0.3,3.5,3.5,0.1,0.0,0.0,0.0
6.352174385996477,rising,0,2.589957025649509e-16,6.308852268893759e-16,0.47046470642089844,1.7459152958390986e-16,2.6206875397945728e-15,0.3025057911872864,-5.136939979476679e-19,3.7462670669228506e-20,0.4770947086384695,0.37985215941844624,32693,0.21248441737325052,2.0441547965271095e-15,-4.440892098500626e-16,0.6851399994047824,0.0,0.0,0.3,3.5,3.5,0.1,0.0,0.0,0.0
6.372575407996919,rising,0,2.231336245974043e-16,7.740955225013838e-16,0.4765121340751648,-1.222044608552525e-16,3.115955962625398e-15,0.30156219005584717,-5.136939979476679e-19,3.7462670669228506e-20,0.48309001753841585,0.38026538942472915,32728,0.22338758376593937,2.4530615785689584e-15,0.0,0.974255999608431,0.0,0.0,0.3,3.5,3.5,0.1,0.0,0.0,0.0
6.392057316999853,rising,0,1.6265651771974154e-16,9.4606825120551e-16,0.4830951690673828,-5.311546677071481e-16,3.666230069776207e-15,0.30049651861190796,-5.136939979476679e-19,3.7462670669228506e-20,0.48909958063850356,0.38008738969310696,32713,0.218691020926304,2.9247440444334692e-15,0.0,0.5603760000667535,0.0,0.0,0.3,3.5,3.5,0.1,0.0,0.0,0.0
6.411936508997314,rising,0,7.114542067388169e-17,1.1393352293849316e-15,0.4894939959049225,-1.070561236265566e-15,4.263732192967074e-15,0.3005152642726898,-5.136939979476679e-19,3.7462670669228506e-20,0.49509442153794225,0.37957863486572285,32669,0.20526741070508692,3.4471527770312824e-15,4.440892098500626e-16,0.4789890008396469,0.0,0.0,0.3,3.5,3.5,0.1,0.0,0.0,0.0
6.4319100649991015,rising,0,-5.864784658383851e-17,1.3532485297745585e-15,0.4956941604614258,-1.7725513321264737e-15,4.904762492284392e-15,0.3012838363647461,-5.136939979476679e-19,3.7462670669228506e-20,0.5010817720380146,0.3789337188607326,32614,0.18825115727526587,4.017158805173243e-15,8.881784197001252e-16,0.49547899834578857,0.0,0.0,0.3,3.5,3.5,0.1,0.0,0.0,0.0
6.452089443999284,rising,0,-2.365841901624474e-16,1.5894374202484341e-15,0.501725435256958,-2.683271204377167e-15,5.5809518586928154e-15,0.30105486512184143,-5.136939979476679e-19,3.7462670669228506e-20,0.5070955378374492,0.3790316883396434,32622,0.19083610394837258,4.622173841042489e-15,1.7763568394002505e-15,0.5794660028186627,0.0,0.0,0.3,3.5,3.5,0.1,0.0,0.0,0.0
6.472180345997913,rising,0,-4.730032089001802e-16,1.8455880185528966e-15,0.5075956583023071,-3.8431680526775786e-15,6.270280823695521e-15,0.29984405636787415,-5.136939979476679e-19,3.7462670669228506e-20,0.5131265245385294,0.37984357815252706,32692,0.2122579987474147,5.244991627295571e-15,2.6645352591003757e-15,0.5510209994099569,0.0,0.0,0.3,3.5,3.5,0.1,0.0,0.0,0.0
6.491924712998298,rising,0,-7.799036803602657e-16,2.1191127449132026e-15,0.5134907364845276,-5.277797072804607e-15,6.939820134435051e-15,0.2986939251422882,-5.136939979476679e-19,3.7462670669228506e-20,0.5190852982384967,0.3805038577242576,32749,0.22967962333133407,5.875352100645738e-15,3.552713678800501e-15,0.498583001899533,0.0,0.0,0.3,3.5,3.5,0.1,0.0,0.0,0.0
6.51193971199973,rising,0,-1.1714945292933356e-15,2.404514990776382e-15,0.5194041728973389,-7.033213140166363e-15,7.552543863204551e-15,0.2977265417575836,-5.136939979476679e-19,3.7462670669228506e-20,0.5250938206379941,0.3811120965477083,32801,0.24572814110048036,6.487067207465845e-15,4.884981308350689e-15,0.4901270003756508,0.0,0.0,0.3,3.5,3.5,0.1,0.0,0.0,0.0
6.531920326997351,rising,0,-1.665232045951117e-15,2.695480972553601e-15,0.5254994034767151,-9.139311012086766e-15,8.062773640740966e-15,0.2980850636959076,-5.136939979476679e-19,3.7462670669228506e-20,0.5310830437381809,0.38080590986982094,32775,0.237649336934588,7.0658885861860614e-15,6.661338147750939e-15,0.49846300316858105,0.0,0.0,0.3,3.5,3.5,0.1,0.0,0.0,0.0
6.552033923999261,rising,0,-2.168130541570809e-15,2.950170227265813e-15,0.5314798951148987,-1.1012767473395513e-14,8.338282118263741e-15,0.29808780550956726,-5.136939979476679e-19,3.7462670669228506e-20,0.5370900973379321,0.38084335161717364,32778,0.2386372458357151,7.477377555361247e-15,7.993605777301127e-15,0.5765349997091107,0.0,0.0,0.3,3.5,3.5,0.1,0.0,0.0,0.0
6.572519355999248,rising,0,-2.8982934826529867e-15,3.216085844902697e-15,0.5374316573143005,-1.3932753469827683e-14,8.4984035325468e-15,0.2981926500797272,-5.136939979476679e-19,3.7462670669228506e-20,0.5430838756379671,0.3808491016762088,32778,0.23878896243294712,7.840638316487095e-15,1.0436096431476471e-14,0.9738129992911126,0.0,0.0,0.3,3.5,3.5,0.1,0.0,0.0,0.0
6.5919544139978825,rising,0,-3.7868437498169566e-15,3.4413347754671912e-15,0.5434107780456543,-1.7380689173052827e-14,8.334915162298406e-15,0.2984564006328583,-5.136939979476679e-19,3.7462670669228506e-20,0.5490988552384806,0.3807677380632857,32771,0.23664216525819626,7.993066778867814e-15,1.3322676295501878e-14,0.4895669990219176,0.0,0.0,0.3,3.5,3.5,0.1,0.0,0.0,0.0
6.611930067996582,rising,0,-4.857116889001338e-15,3.599716807593063e-15,0.5494142770767212,-2.1413575665256424e-14,7.728640318872826e-15,0.2988123297691345,-5.136939979476679e-19,3.7462670669228506e-20,0.5550924064380524,0.38058301683513995,32756,0.23176825422532765,7.844805652578075e-15,1.6431300764452317e-14,0.48949900156003423,0.0,0.0,0.3,3.5,3.5,0.1,0.0,0.0,0.0
6.631981674996496,rising,0,-6.133355406673022e-15,3.657476831299281e-15,0.5554385185241699,-2.6082607617770523e-14,6.531066174529122e-15,0.2991628646850586,-5.136939979476679e-19,3.7462670669228506e-20,0.5610989458375115,0.3803912822445043,32739,0.22670929405024332,7.279843444407112e-15,2.020605904817785e-14,0.5119409979670309,0.0,0.0,0.3,3.5,3.5,0.1,0.0,0.0,0.0
6.652049482996517,rising,0,-7.639964439624773e-15,3.57172490978515e-15,0.5614799857139587,-3.142899826567673e-14,4.5587550390451675e-15,0.2995537519454956,-5.136939979476679e-19,3.7462670669228506e-20,0.5670922420384158,0.3801412371345046,32717,0.22011179774418288,6.1567274424024615e-15,2.4646951146678475e-14,0.5795560027763713,0.0,0.0,0.3,3.5,3.5,0.1,0.0,0.0,0.0
6.672216041999491,rising,0,-9.400528349723467e-15,3.28874306056875e-15,0.5675360560417175,-3.7479158096270435e-14,1.5883632765921973e-15,0.2999437749385834,-5.136939979476679e-19,3.7462670669228506e-20,0.5730861553383875,0.3798740794525235,32695,0.21306278238848186,4.2992006636288075e-15,2.9753977059954195e-14,0.6842790025984868,0.0,0.0,0.3,3.5,3.5,0.1,0.0,0.0,0.0
6.691749453999364,rising,0,-1.1436477917567585e-14,2.7422575200327726e-15,0.5736030340194702,-4.4238643645685624e-14,-2.647217246977288e-15,0.30026108026504517,-5.136939979476679e-19,3.7462670669228506e-20,0.5790873718375223,0.37963870927883836,32674,0.2068524875682929,1.494696298560548e-15,3.552713678800501e-14,0.34804299866664223,0.0,0.0,0.3,3.5,3.5,0.1,0.0,0.0,0.0
6.711708878996433,rising,0,-1.3248420305147883e-14,1.936414302695791e-15,0.5766714811325073,-5.168370749821308e-14,-8.46064365079115e-15,0.3005695939064026,-5.136939979476679e-19,3.7462670669228506e-20,0.5850782566380076,0.38314590634297535,32976,0.29939066868008624,-2.394852663065662e-15,4.085620730620576e-14,0.3442069973971229,0.0,0.0,0.3,3.5,3.5,0.1,0.0,0.0,0.0
6.731670826997288,rising,0,-1.5854876209120926e-14,6.678310570431547e-16,0.5829848051071167,-5.97661907486037e-14,-1.6246180019763995e-14,0.3003731667995453,-5.136939979476679e-19,3.7462670669228506e-20,0.5910784531381068,0.3828608042012973,32952,0.2918681847307987,-7.789041169740353e-15,4.796163466380676e-14,0.30236800012062304,0.0,0.0,0.3,3.5,3.5,0.1,0.0,0.0,0.0
6.752163717999792,rising,0,-1.8708291345129538e-14,-1.122845191967785e-15,0.5890047550201416,-6.834138967628037e-14,-2.6374152970083664e-14,0.3001508414745331,-5.136939979476679e-19,3.7462670669228506e-20,0.5971016629380755,0.3829841386304011,32962,0.2951223913034582,-1.4945745994447168e-14,5.5289106626332796e-14,0.6500880008388776,0.0,0.0,0.3,3.5,3.5,0.1,0.0,0.0,0.0
6.772274870996625,rising,0,-2.1941875196656614e-14,-3.6170077146618386e-15,0.5954782962799072,-7.71939342959424e-14,-3.919360699162176e-14,0.3015879690647125,-5.136939979476679e-19,3.7462670669228506e-20,0.603094075338231,0.38167177953985704,32849,0.26049550237089747,-2.432859846345462e-14,6.350475700855895e-14,0.7632769993506372,0.0,0.0,0.3,3.5,3.5,0.1,0.0,0.0,0.0
6.7919230819970835,rising,0,-2.5348255463489462e-14,-6.897702268165778e-15,0.6014624834060669,-8.61186461227105e-14,-5.5572310398181377e-14,0.30238077044487,-5.136939979476679e-19,3.7462670669228506e-20,0.6090872221382596,0.38129420318084667,32817,0.25053306545769516,-3.638544162548065e-14,7.194245199571014e-14,0.4960079968441278,0.0,0.0,0.3,3.5,3.5,0.1,0.0,0.0,0.0
6.811729342996841,rising,0,-2.8960408832330586e-14,-1.1163546961303304e-14,0.6074891686439514,-9.463462050671514e-14,-7.585363679405224e-14,0.30338943004608154,-5.136939979476679e-19,3.7462670669228506e-20,0.6150896911382006,0.38076720360530564,32771,0.23662806346452747,-5.156999064644871e-14,8.01581023779363e-14,0.32333499984815717,0.0,0.0,0.3,3.5,3.5,0.1,0.0,0.0,0.0
6.831740612997237,rising,0,-3.269720309936018e-14,-1.6614105721062845e-14,0.613555371761322,-1.0220603118178684e-13,-1.0069098739474633e-13,0.30432355403900146,-5.136939979476679e-19,3.7462670669228506e-20,0.6210873898377031,0.38022204310458696,32724,0.22224388138751827,-7.044266695783149e-14,8.837375276016246e-14,0.3351049999764655,0.0,0.0,0.3,3.5,3.5,0.1,0.0,0.0,0.0
6.852133990996663,rising,0,-3.644004518163317e-14,-2.3474928598221645e-14,0.6196529865264893,-1.0813337123502867e-13,-1.307963747075938e-13,0.30502575635910034,-5.136939979476679e-19,3.7462670669228506e-20,0.6270972655380319,0.37976871239250104,32685,0.21028264887865333,-9.360766225821833e-14,9.547918011776346e-14,0.6271339989325497,0.0,0.0,0.3,3.5,3.5,0.1,0.0,0.0,0.0
6.872567120997701,rising,0,-4.002355359026405e-14,-3.199742174778836e-14,0.6257740259170532,-1.1152117776339412e-13,-1.6693212838512356e-13,0.30553409457206726,-5.136939979476679e-19,3.7462670669228506e-20,0.6330867910382949,0.3793574636882626,32650,0.19943175958476367,-1.2174641013300648e-13,1.0103029524088925e-13,1.0341800007154234,0.0,0.0,0.3,3.5,3.5,0.1,0.0,0.0,0.0
6.892228898999747,rising,0,-4.322422682365851e-14,-4.245713345783428e-14,0.631911039352417,-1.1122991362601947e-13,-2.098767530210252e-13,0.3058120608329773,-5.136939979476679e-19,3.7462670669228506e-20,0.6391095409380796,0.37908284963991945,32626,0.19218600633032779,-1.5552858439364863e-13,1.0436096431476471e-13,0.6646270012424793,0.0,0.0,0.3,3.5,3.5,0.1,0.0,0.0,0.0
6.911934791998647,rising,0,-4.574602009048759e-14,-5.514943089333056e-14,0.6380566954612732,-1.0581519791245594e-13,-2.603773858848857e-13,0.3058643639087677,-5.136939979476679e-19,3.7462670669228506e-20,0.6450949063382723,0.37886337292707184,32608,0.18639506403883388,-1.9567809880013943e-13,1.0436096431476471e-13,0.47916599942254834,0.0,0.0,0.3,3.5,3.5,0.1,0.0,0.0,0.0
6.931948834997456,rising,0,-4.7203943363697057e-14,-7.038391814902581e-14,0.6442042589187622,-9.346923192030121e-14,-3.1912311877248245e-13,0.30569395422935486,-5.136939979476679e-19,3.7462670669228506e-20,0.651089511437749,0.37876426507178185,32599,0.18378008104965105,-2.428376023850712e-13,9.9253938401489e-14,0.5017740004404914,0.0,0.0,0.3,3.5,3.5,0.1,0.0,0.0,0.0
6.952164934999018,rising,0,-4.7105528299621474e-14,-8.847694847819235e-14,0.6503477692604065,-7.195433078576244e-14,-3.866970491647054e-13,0.30533236265182495,-5.136939979476679e-19,3.7462670669228506e-20,0.6571107721374574,0.378799011811004,32602,0.18469688155683173,-2.9759899232665187e-13,8.79296635503124e-14,0.5558180018851999,0.0,0.0,0.3,3.5,3.5,0.1,0.0,0.0,0.0
6.9720150099965394,rising,0,-4.4830872141746886e-14,-1.0974175127659302e-13,0.656482458114624,-3.854257408023032e-14,-4.635420736490148e-13,0.30481696128845215,-5.136939979476679e-19,3.7462670669228506e-20,0.6630877843381313,0.3788662220019844,32608,0.18647023751937652,-3.6056296996778185e-13,6.772360450213455e-14,0.564055000722874,0.0,0.0,0.3,3.5,3.5,0.1,0.0,0.0,0.0
6.991857027998776,rising,0,-3.9612190345364104e-14,-1.3447435439489785e-13,0.6626047492027283,1.0024400302628255e-14,-5.498604501406879e-13,0.3041808307170868,-5.136939979476679e-19,3.7462670669228506e-20,0.6690800413380202,0.37902821996953323,32622,0.19074459022514922,-4.32057134912879e-13,3.6415315207705135e-14,0.4603259985742625,0.0,0.0,0.3,3.5,3.5,0.1,0.0,0.0,0.0
7.01165243899959,rising,0,-3.291086885437097e-14,-1.5853182482039596e-13,0.6686618328094482,5.891642696712746e-14,-6.209121758415925e-13,0.30320999026298523,-5.136939979476679e-19,3.7462670669228506e-20,0.6750686338375089,0.37943443311357294,32657,0.201462615133849,-4.944073697850028e-13,3.552713678800501e-15,0.3214880016457755,0.0,0.0,0.3,3.5,3.5,0.1,0.0,0.0,0.0
7.031644476999645,rising,0,-1.961181800183391e-14,-1.9109683995800764e-13,0.6750067472457886,1.4391419100260455e-13,-7.233713411256004e-13,0.30220285058021545,-5.136939979476679e-19,3.7462670669228506e-20,0.6810693256382365,0.3795137872388344,32663,0.2035563915259715,-5.826218351699599e-13,-5.5067062021407764e-14,0.31056400257511996,0.0,0.0,0.3,3.5,3.5,0.1,0.0,0.0,0.0
7.051860166997358,rising,0,-2.443764168211541e-16,-2.2704424061312234e-13,0.6810235977172852,2.5608386396668015e-13,-8.336337804955296e-13,0.30123090744018555,-5.136939979476679e-19,3.7462670669228506e-20,0.6870882187384268,0.3800083767157377,32706,0.21660624579782706,-6.777336582821628e-13,-1.3455903058456897e-13,0.3783150023082271,0.0,0.0,0.3,3.5,3.5,0.1,0.0,0.0,0.0
7.072110373999749,rising,0,2.6793634178750095e-14,-2.669785508120637e-13,0.6870339512825012,4.008855693151542e-13,-9.497381180112452e-13,0.3004857003688812,-5.136939979476679e-19,3.7462670669228506e-20,0.6930849208383734,0.38036996688935876,32737,0.2261468836242404,-7.801327253538334e-13,-2.389199948993337e-13,0.579804000153672,0.0,0.0,0.3,3.5,3.5,0.1,0.0,0.0,0.0
7.0916558309982065,rising,0,6.331878923092338e-14,-3.106772651639833e-13,0.6930404901504517,5.84679440279734e-13,-1.068750990484979e-12,0.2999088168144226,-5.136939979476679e-19,3.7462670669228506e-20,0.6990622657383938,0.3806279379822635,32759,0.23295350876684573,-8.880617669305413e-13,-3.737010700888277e-13,0.3402279980946332,0.0,0.0,0.3,3.5,3.5,0.1,0.0,0.0,0.0
7.111927987996751,rising,0,1.1144988469428962e-13,-3.576579950172881e-13,0.6990453004837036,8.147013337393705e-13,-1.186442654191322e-12,0.2995416820049286,-5.136939979476679e-19,3.7462670669228506e-20,0.7050817390376324,0.38083587053304774,32777,0.23843985575323678,-9.987287786149918e-13,-5.448974604860268e-13,0.513605002197437,0.0,0.0,0.3,3.5,3.5,0.1,0.0,0.0,0.0
7.13190627899894,rising,0,1.736365906742851e-13,-4.07101598525611e-13,0.7050519585609436,1.0991043145058832e-12,-1.297014904332039e-12,0.299405962228775,-5.136939979476679e-19,3.7462670669228506e-20,0.7110815191383153,0.38090116251100553,32783,0.24016259923497252,-1.1085385838104928e-12,-7.593925488436071e-13,0.49737099834601395,0.0,0.0,0.3,3.5,3.5,0.1,0.0,0.0,0.0
7.152033344998927,rising,0,2.5267835783784887e-13,-4.57759101891303e-13,0.7110634446144104,1.4469082399229394e-12,-1.3927666528759652e-12,0.29946020245552063,-5.136939979476679e-19,3.7462670669228506e-20,0.7170982447383721,0.38088662663099426,32782,0.2397790667808497,-1.2120587966036391e-12,-1.0249578963339445e-12,0.5646070021612104,0.0,0.0,0.3,3.5,3.5,0.1,0.0,0.0,0.0
7.172454591996939,rising,0,3.517277886045528e-13,-5.078358523633031e-13,0.717082142829895,1.8678240377989486e-12,-1.463655910881323e-12,0.2996640205383301,-5.136939979476679e-19,3.7462670669228506e-20,0.7231738342376047,0.3808619233856822,32780,0.23912726611298574,-1.3019561884754564e-12,-1.3500311979441904e-12,0.6450510009017307,0.0,0.0,0.3,3.5,3.5,0.1,0.0,0.0,0.0
7.191911995996634,rising,0,4.742762714678161e-13,-5.548467501420573e-13,0.7231091260910034,2.3719641702169003e-12,-1.4967210413760479e-12,0.29995736479759216,-5.136939979476679e-19,3.7462670669228506e-20,0.7290853078375221,0.3805768403613089,32755,0.23160528657806978,-1.3697179334985533e-12,-1.744826505500896e-12,0.4883430010522716,0.0,0.0,0.3,3.5,3.5,0.1,0.0,0.0,0.0
7.211878972997511,rising,0,6.241165353623734e-13,-5.954403094719785e-13,0.7291449904441833,2.9694391476958737e-12,-1.4753732090200256e-12,0.3003118932247162,-5.136939979476679e-19,3.7462670669228506e-20,0.7350807241382427,0.3803549518158667,32736,0.22575070754265525,-1.4019819593042036e-12,-2.2177815139912127e-12,0.4779980008606799,0.0,0.0,0.3,3.5,3.5,0.1,0.0,0.0,0.0
7.2319156379999185,rising,0,8.052869894352443e-13,-6.251915760265014e-13,0.7351891398429871,3.669925040944433e-12,-1.3786015514924421e-12,0.30065879225730896,-5.136939979476679e-19,3.7462670669228506e-20,0.7410830350378091,0.3801350980707186,32717,0.21994981716935413,-1.3831844477468916e-12,-2.7782220968219917e-12,0.5039359966758639,0.0,0.0,0.3,3.5,3.5,0.1,0.0,0.0,0.0
7.2523334469988185,rising,0,1.0219932539135002e-12,-6.383709207948007e-13,0.7412393093109131,4.482186757165385e-12,-1.1801859402943427e-12,0.3009195923805237,-5.136939979476679e-19,3.7462670669228506e-20,0.7471001935380628,0.37996929518374795,32703,0.21557507081129046,-1.293224419947485e-12,-3.4350300381902343e-12,0.8063229979597963,0.0,0.0,0.3,3.5,3.5,0.1,0.0,0.0,0.0
7.272507430996484,rising,0,1.2835774110264708e-12,-6.284432609721113e-13,0.7475445866584778,5.415245075274244e-12,-8.462770414996434e-13,0.30081287026405334,-5.136939979476679e-19,3.7462670669228506e-20,0.7531896214382868,0.3797584894675871,32685,0.21001291471205974,-1.1076321908262252e-12,-4.203748460440693e-12,0.642221999441972,0.0,0.0,0.3,3.5,3.5,0.1,0.0,0.0,0.0
7.291889649997756,rising,0,1.5844140235921067e-12,-5.843125462645649e-13,0.7535403966903687,6.472246783656432e-12,-3.3952181344165666e-13,0.30058199167251587,-5.136939979476679e-19,3.7462670669228506e-20,0.7590832129375485,0.37975169841381656,32684,0.20983373123526405,-7.942805718555053e-13,-5.077493980820691e-12,0.4748920000565704,0.0,0.0,0.3,3.5,3.5,0.1,0.0,0.0,0.0
7.311885003997304,rising,0,1.932876601828948e-12,-4.960902565478986e-13,0.7595416307449341,7.654084831221208e-12,3.8476332037996885e-13,0.3003125786781311,-5.136939979476679e-19,3.7462670669228506e-20,0.7650833335377684,0.37989055479586975,32696,0.213497488017671,-3.1978540133358096e-13,-6.064926338922305e-12,0.47040299978107214,0.0,0.0,0.3,3.5,3.5,0.1,0.0,0.0,0.0
7.3319072049998795,rising,0,2.332129715038045e-12,-3.5031217293299277e-13,0.7655451893806458,8.957227320971484e-12,1.3791846354208048e-12,0.29999086260795593,-5.136939979476679e-19,3.7462670669228506e-20,0.7710887596382235,0.38005929073214434,32710,0.21794962353942715,3.570812403097963e-13,-7.168043936189861e-12,0.4732249981316272,0.0,0.0,0.3,3.5,3.5,0.1,0.0,0.0,0.0
7.352091240998561,rising,0,2.7842530798266596e-12,-1.308352162504231e-13,0.771548330783844,1.0370899451717097e-11,2.704534513009449e-12,0.2996225655078888,-5.136939979476679e-19,3.7462670669228506e-20,0.7771170931384404,0.38028049816580567,32729,0.22378623128774677,1.2847695410970833e-12,-8.383072014339632e-12,0.544261001778068,0.0,0.0,0.3,3.5,3.5,0.1,0.0,0.0,0.0
7.3717121519985085,rising,0,3.289702061107236e-12,1.815465095963975e-13,0.7775495648384094,1.1874595057248527e-11,4.430969480218039e-12,0.29928988218307495,-5.136939979476679e-19,3.7462670669228506e-20,0.7830731686382932,0.3803959152386218,32739,0.2268315366390965,2.5205646183020574e-12,-9.702461056804168e-12,0.3545660001691431,0.0,0.0,0.3,3.5,3.5,0.1,0.0,0.0,0.0
7.391725637997297,rising,0,3.846662138123902e-12,6.0952469200376e-13,0.7835495471954346,1.3435363932501332e-11,6.6393344815007804e-12,0.2990650534629822,-5.136939979476679e-19,3.7462670669228506e-20,0.7890826705384825,0.38052576215096634,32751,0.23025757654264645,4.1302768812090554e-12,-1.1104894781510666e-11,0.34342800063313916,0.0,0.0,0.3,3.5,3.5,0.1,0.0,0.0,0.0
7.411630066999351,rising,0,4.446670896079974e-12,1.1777493043318987e-12,0.7893939018249512,1.5004900100201723e-11,9.440493525803006e-12,0.298134446144104,-5.136939979476679e-19,3.7462670669228506e-20,0.7950693709379266,0.38117467349192785,32806,0.24737924780812115,6.189284272996835e-12,-1.2539302929326368e-11,0.29346500014071353,0.0,0.0,0.3,3.5,3.5,0.1,0.0,0.0,0.0
7.431645522996405,rising,0,5.079716595274286e-12,1.914603892094746e-12,0.7950984239578247,1.6509125663755064e-11,1.2945132812913762e-11,0.2966260015964508,-5.136939979476679e-19,3.7462670669228506e-20,0.8010693772375816,0.38230422192751107,32904,0.2771826366097887,8.775388583262107e-12,-1.3951506616649567e-11,0.30902400249033235,0.0,0.0,0.3,3.5,3.5,0.1,0.0,0.0,0.0
7.4518771749972075,rising,0,5.7568125613749466e-12,2.874191553162153e-12,0.8012844920158386,1.7857087336592414e-11,1.7197488225151325e-11,0.2963516116142273,-5.136939979476679e-19,3.7462670669228506e-20,0.8071099564374891,0.3822653813104114,32900,0.2761578182166584,1.2005204958864706e-11,-1.5366596883836792e-11,0.31973199656931683,0.0,0.0,0.3,3.5,3.5,0.1,0.0,0.0,0.0
7.471988174998842,rising,0,6.343460912799914e-12,3.844013215376085e-12,0.8069941997528076,1.8688252334531086e-11,2.1036714037414583e-11,0.29537588357925415,-5.136939979476679e-19,3.7462670669228506e-20,0.8131437865376938,0.3831645478687275,32978,0.2998825295178751,1.4993422827355383e-11,-1.637667779164076e-11,0.3563090031093452,0.0,0.0,0.3,3.5,3.5,0.1,0.0,0.0,0.0
7.491651594998984,rising,0,6.99343317631107e-12,5.274588925352486e-12,0.8129096031188965,1.9460297956408468e-11,2.696812391456138e-11,0.2960304915904999,-5.136939979476679e-19,3.7462670669228506e-20,0.8190747280375945,0.3828628316552881,32952,0.29192167955905113,1.959829922802214e-11,-1.7472245872340864e-11,0.29829599952790886,0.0,0.0,0.3,3.5,3.5,0.1,0.0,0.0,0.0
7.5119387339982495,rising,0,7.642470857549544e-12,7.390260278739014e-12,0.8191565871238708,1.9593956665509005e-11,3.6028735550530655e-11,0.2970530092716217,-5.136939979476679e-19,3.7462670669228506e-20,0.8250836584382342,0.3820599328806232,32883,0.27073701531987204,2.659753177989433e-11,-1.8258283773775474e-11,0.5133229969942477,0.0,0.0,0.3,3.5,3.5,0.1,0.0,0.0,0.0
7.531906923999486,rising,0,8.115272343012236e-12,9.27044292026169e-12,0.8255266547203064,1.9064047215855418e-11,4.24114424135702e-11,0.29889029264450073,-5.136939979476679e-19,3.7462670669228506e-20,0.8310813340383902,0.38068135587815244,32764,0.23436295193014267,3.202275458884186e-11,-1.8542944957289365e-11,0.49295200005872175,0.0,0.0,0.3,3.5,3.5,0.1,0.0,0.0,0.0
7.552063247996557,rising,0,8.385340165284472e-12,1.2330923608583344e-11,0.8315777778625488,1.667809813865606e-11,5.4923177117416344e-11,0.3004073202610016,-5.136939979476679e-19,3.7462670669228506e-20,0.8370860182378237,0.37987030163176605,32694,0.21296310374052752,4.190115621979043e-11,-1.7610579661209158e-11,0.5683769995812327,0.0,0.0,0.3,3.5,3.5,0.1,0.0,0.0,0.0
7.572293518998777,rising,0,8.376969257151146e-12,1.551670077148959e-11,0.837687075138092,1.3012517278976343e-11,6.666545093736431e-11,0.3018248379230499,-5.136939979476679e-19,3.7462670669228506e-20,0.843161829138262,0.3791251595858609,32630,0.19330236374303134,5.1539102555019007e-11,-1.5702550371088364e-11,0.5747420000261627,0.0,0.0,0.3,3.5,3.5,0.1,0.0,0.0,0.0
7.592042501997639,rising,0,8.170184147282544e-12,1.8659726541692123e-11,0.8438426852226257,8.955170806290713e-12,7.652171951644249e-11,0.3029273748397827,-5.136939979476679e-19,3.7462670669228506e-20,0.8490895228384033,0.37829424248461985,32559,0.1713784296733447,6.018657422708715e-11,-1.3373302465424786e-11,0.5858730000909418,0.0,0.0,0.3,3.5,3.5,0.1,0.0,0.0,0.0
7.611999739998282,rising,0,7.359173166687771e-12,2.294365565591594e-11,0.8499898314476013,1.3011428956835602e-12,9.116975924206017e-11,0.30345186591148376,-5.136939979476679e-19,3.7462670669228506e-20,0.8550851989377406,0.37784775465921155,32520,0.15959774826415618,7.254618760541861e-11,-8.479439372877096e-12,0.5574249989876989,0.0,0.0,0.3,3.5,3.5,0.1,0.0,0.0,0.0
7.631892269997479,rising,0,5.889180202528488e-12,2.7889628106958497e-11,0.8561382293701172,-9.463491622285769e-12,1.0749303530621646e-10,0.30352187156677246,-5.136939979476679e-19,3.7462670669228506e-20,0.8610832138379919,0.3776297180382044,32501,0.1538448031188473,8.647216235703675e-11,-1.2259082637910979e-12,0.4803519987035543,0.0,0.0,0.3,3.5,3.5,0.1,0.0,0.0,0.0
7.65204468599768,rising,0,3.5670173412216677e-12,3.3534126864243063e-11,0.8622764945030212,-2.4064821316227558e-11,1.25407087492313e-10,0.30313408374786377,-5.136939979476679e-19,3.7462670669228506e-20,0.8671045816383411,0.37768231836910054,32506,0.15523267464645052,1.0192446497205194e-10,8.965717057662914e-12,0.5316610004229005,0.0,0.0,0.3,3.5,3.5,0.1,0.0,0.0,0.0
7.672312484999566,rising,0,1.6191597216642928e-13,3.989596847331356e-11,0.8683950304985046,-4.334610795297955e-11,1.4471948639460663e-10,0.3023703694343567,-5.136939979476679e-19,3.7462670669228506e-20,0.873156221537647,0.37798531659667134,32532,0.16322735083565476,1.187937273795601e-10,2.276401289691421e-11,0.6136119991424493,0.0,0.0,0.3,3.5,3.5,0.1,0.0,0.0,0.0
7.691880439997476,rising,0,-4.599918970032979e-12,4.696892874633818e-11,0.8744866847991943,-6.828525245250461e-11,1.6509912881268463e-10,0.30134570598602295,-5.136939979476679e-19,3.7462670669228506e-20,0.8790809785376041,0.3782936209886609,32558,0.17136203136308303,1.3695022694458816e-10,4.09656752964338e-11,0.4753519970108755,0.0,0.0,0.3,3.5,3.5,0.1,0.0,0.0,0.0
7.711885147997236,rising,0,-1.1041002313805226e-11,5.4712998021066994e-11,0.880547821521759,-1.0001025008143927e-10,1.8604283391621124e-10,0.30017298460006714,-5.136939979476679e-19,3.7462670669228506e-20,0.8850821536379954,0.37880956398603816,32603,0.18497530306169097,1.5599861142593012e-10,6.446110312197106e-11,0.471972998639103,0.0,0.0,0.3,3.5,3.5,0.1,0.0,0.0,0.0
7.731912518996978,rising,0,-1.952137410055066e-11,6.299646915230994e-11,0.8864033818244934,-1.4023729399958995e-10,2.068539783905976e-10,0.29807350039482117,-5.136939979476679e-19,3.7462670669228506e-20,0.8910839005380694,0.3800467198540493,32709,0.21761793810156327,1.7516105217175222e-10,9.434630854343595e-11,0.49511600082041696,0.0,0.0,0.3,3.5,3.5,0.1,0.0,0.0,0.0
7.7519687119965965,rising,0,-3.042206764281019e-11,7.165425197630526e-11,0.8920918107032776,-1.9022151909187102e-10,2.2638538266228636e-10,0.29545164108276367,-5.136939979476679e-19,3.7462670669228506e-20,0.8970840889378451,0.38175234118955204,32856,0.26262113956601496,1.9368257723737543e-10,1.315334507978605e-10,0.5459329986479133,0.0,0.0,0.3,3.5,3.5,0.1,0.0,0.0,0.0
7.77216184399731,rising,0,-4.4460109205335385e-11,8.074068497121445e-11,0.8980435132980347,-2.511993668630197e-10,2.432614387704035e-10,0.2931647300720215,-5.136939979476679e-19,3.7462670669228506e-20,0.9031438912381418,0.38303602170478773,32967,0.2964913378571943,2.113340707939209e-10,1.7759149706364497e-10,0.5324390003806911,0.0,0.0,0.3,3.5,3.5,0.1,0.0,0.0,0.0
7.7918850749993,rising,0,-6.174213917908844e-11,8.94887428048996e-11,0.9037185311317444,-3.246989066507666e-10,2.557719591678165e-10,0.2917959988117218,-5.136939979476679e-19,3.7462670669228506e-20,0.9090829225384368,0.3840557685595759,33054,0.32339758732390145,2.2639912236352764e-10,2.3339485899498413e-10,0.47631100096623413,0.0,0.0,0.3,3.5,3.5,0.1,0.0,0.0,0.0
7.8119517659979465,rising,0,-8.306361848342547e-11,9.770546177678696e-11,0.9094398021697998,-4.1241282611181873e-10,2.6167787381403684e-10,0.2915227711200714,-5.136939979476679e-19,3.7462670669228506e-20,0.9150854329382128,0.3845495772383202,33097,0.3364268400612165,2.3772684946129066e-10,3.00892422089305e-10,0.5298200012475718,0.0,0.0,0.3,3.5,3.5,0.1,0.0,0.0,0.0
7.831896800998948,rising,0,-1.090866286190817e-10,1.0481122220129535e-10,0.9152185916900635,-5.161283067600664e-10,2.5806637382608244e-10,0.29223817586898804,-5.136939979476679e-19,3.7462670669228506e-20,0.9210813013378356,0.3844690861727086,33090,0.3343030652429686,2.432907273817359e-10,3.819820015849018e-10,0.49579899859963916,0.0,0.0,0.3,3.5,3.5,0.1,0.0,0.0,0.0
7.852137951998884,rising,0,-1.405250638075728e-10,1.1003588318292401e-10,0.9210643768310547,-6.376106864713904e-10,2.412386679306877e-10,0.2937472462654114,-5.136939979476679e-19,3.7462670669228506e-20,0.9271065298384201,0.38394489732699594,33045,0.32047222498669825,2.403003334245248e-10,4.785378759919467e-10,0.5939729999226984,0.0,0.0,0.3,3.5,3.5,0.1,0.0,0.0,0.0
7.872769516998233,rising,0,-1.7813155117618606e-10,1.1238119462797513e-10,0.9269822239875793,-7.785237454704941e-10,2.066140314394005e-10,0.29577916860580444,-5.136939979476679e-19,3.7462670669228506e-20,0.9331169788380066,0.3830508232154771,32968,0.29688187903633434,2.2523195068439456e-10,5.92499382889855e-10,1.2346000003162771,0.0,0.0,0.3,3.5,3.5,0.1,0.0,0.0,0.0
7.891881426996406,rising,0,-2.2267587773683317e-10,1.1058148147169433e-10,0.9329721331596375,-9.403074985314674e-10,1.4864690034421812e-10,0.29804161190986633,-5.136939979476679e-19,3.7462670669228506e-20,0.9390798277374415,0.38189188391724493,32868,0.26630300573205545,1.936725438725576e-10,7.256815148792839e-10,0.4726529987237882,0.0,0.0,0.3,3.5,3.5,0.1,0.0,0.0,0.0
7.911932872997568,rising,0,-2.7491200982332487e-10,1.03061156830897e-10,0.9390288591384888,-1.1239936759110947e-09,6.07377828587552e-11,0.30028432607650757,-5.136939979476679e-19,3.7462670669228506e-20,0.9450853555383218,0.3807125856078605,32767,0.23518695535251766,1.4018979489188398e-10,8.793077377333702e-10,0.5095800006529316,0.0,0.0,0.3,3.5,3.5,0.1,0.0,0.0,0.0
7.931923550997453,rising,0,-3.3553307354772244e-10,8.788594851871778e-11,0.9451435208320618,-1.329961585305739e-09,-6.489606074744358e-11,0.3023049235343933,-5.136939979476679e-19,3.7462670669228506e-20,0.9510953056378639,0.37957734917118474,32669,0.2052334873663515,5.842068103229362e-11,1.0543452777511675e-09,0.4838860004383605,0.0,0.0,0.3,3.5,3.5,0.1,0.0,0.0,0.0
7.951895510999748,rising,0,-4.051113056124933e-10,6.270702707089626e-11,0.9513038992881775,-1.5576350209656198e-09,-2.3739779586584575e-10,0.30391761660575867,-5.136939979476679e-19,3.7462670669228506e-20,0.9571029637376341,0.37858590125451963,32584,0.17907391172874831,-5.915896045145803e-11,1.2508958313617313e-09,0.40134300070349127,0.0,0.0,0.3,3.5,3.5,0.1,0.0,0.0,0.0
7.972008156997617,rising,0,-4.840248202242492e-10,2.4697218228841855e-11,0.9574953317642212,-1.8051433681165463e-09,-4.674871600940378e-10,0.30500149726867676,-5.136939979476679e-19,3.7462670669228506e-20,0.963151572737479,0.37787108781878526,32522,0.16021339891253916,-2.2128854902589595e-10,1.4677985493705137e-09,0.3610220010159537,0.0,0.0,0.3,3.5,3.5,0.1,0.0,0.0,0.0
7.991697872999794,rising,0,-5.723699847415276e-10,-2.9516788319083886e-11,0.9637024402618408,-2.06895700571863e-09,-7.676707602932709e-10,0.3055117726325989,-5.136939979476679e-19,3.7462670669228506e-20,0.9690820312378492,0.3772755172312384,32471,0.14449913538887493,-4.382496606582946e-10,1.7036341226628338e-09,0.31119599952944554,0.0,0.0,0.3,3.5,3.5,0.1,0.0,0.0,0.0
8.01173937099884,rising,0,-6.584192635550323e-10,-8.947758506350212e-11,0.9702357053756714,-2.2739405913796418e-09,-1.046259190395915e-09,0.3055478632450104,-5.136939979476679e-19,3.7462670669228506e-20,0.9750855031379615,0.37660008020564717,32413,0.12667757798541146,-6.506713221775211e-10,1.906945490404155e-09,0.33664199872873724,0.0,0.0,0.3,3.5,3.5,0.1,0.0,0.0,0.0
8.03170738299741,rising,0,-7.779984434463927e-10,-2.0467844086269338e-10,0.9763311743736267,-2.620889283377892e-09,-1.640302005334604e-09,0.3044702708721161,-5.136939979476679e-19,3.7462670669228506e-20,0.9810803662385297,0.37701786821222527,32449,0.1377010082381318,-1.0873006612944684e-09,2.2157498058561487e-09,0.3314540008432232,0.0,0.0,0.3,3.5,3.5,0.1,0.0,0.0,0.0
8.052283557997725,rising,0,-8.906251847129454e-10,-3.3449881753355726e-10,0.9824487566947937,-2.8889588499225738e-09,-2.246709041031636e-09,0.30325907468795776,-5.136939979476679e-19,3.7462670669228506e-20,0.9870986137379077,0.3775039476341114,32491,0.15052632279977196,-1.5447291051905344e-09,2.474257243534339e-09,0.7777589999022894,0.0,0.0,0.3,3.5,3.5,0.1,0.0,0.0,0.0
8.072135737998906,rising,0,-9.937025646777897e-10,-4.693639921171666e-10,0.9885748028755188,-3.074916543610584e-09,-2.7894899723435174e-09,0.301942378282547,-5.136939979476679e-19,3.7462670669228506e-20,0.9931070851376717,0.37801985964287743,32535,0.16413877685692313,-1.9724984608876874e-09,2.678336441519491e-09,0.586092999583343,0.0,0.0,0.3,3.5,3.5,0.1,0.0,0.0,0.0
8.091993843998353,rising,0,-1.112860914531666e-09,-6.715418776614968e-10,0.9946379661560059,-3.2866118715446646e-09,-3.652183888647187e-09,0.3003726005554199,-5.136939979476679e-19,3.7462670669228506e-20,0.9990884350376291,0.3787069322496606,32594,0.18226734167969916,-2.6380650675557217e-09,2.9111344446164367e-09,0.5488579990924336,0.0,0.0,0.3,3.5,3.5,0.1,0.0,0.0,0.0
8.111902877997636,rising,0,-1.239281677278825e-09,-9.70041380554676e-10,1.0006402730941772,-3.4548943705914326e-09,-4.98369479018379e-09,0.29879868030548096,-5.136939979476679e-19,3.7462670669228506e-20,1.0050827314375055,0.37948832166010465,32661,0.2028844765199107,-3.649006915985926e-09,3.127083259002461e-09,0.49161100105266087,0.0,0.0,0.3,3.5,3.5,0.1,0.0,0.0,0.0
8.131922049997229,rising,0,-1.342023159267569e-09,-1.2893084377907371e-09,1.006649374961853,-3.4715634811277596e-09,-6.274822439422678e-09,0.29765254259109497,-5.136939979476679e-19,3.7462670669228506e-20,1.011091822637536,0.3800658196304168,32711,0.21812188998461046,-4.6588979370406576e-09,3.239233770102601e-09,0.48637699728715234,0.0,0.0,0.3,3.5,3.5,0.1,0.0,0.0,0.0
8.152016741998523,rising,0,-1.4277083959512993e-09,-1.684131167856151e-09,1.0128873586654663,-3.333736398047904e-09,-7.796680634442055e-09,0.29655593633651733,-5.136939979476679e-19,3.7462670669228506e-20,1.0171121011375361,0.3803462159956612,32735,0.22552021096731245,-5.870936794258337e-09,3.254483793568852e-09,0.5010979984945152,0.0,0.0,0.3,3.5,3.5,0.1,0.0,0.0,0.0
8.17173968699717,rising,0,-1.4777872259230662e-09,-2.1502546410090417e-09,1.018807291984558,-2.9875568685611142e-09,-9.567775016705582e-09,0.29587429761886597,-5.136939979476679e-19,3.7462670669228506e-20,1.0230860068379115,0.3807587795459447,32771,0.23640579276898954,-7.284551292730025e-09,3.1217304297115334e-09,0.3423879970796406,0.0,0.0,0.3,3.5,3.5,0.1,0.0,0.0,0.0
8.191705870998703,rising,0,-1.4808611004113459e-09,-2.7040147898560463e-09,1.0247299671173096,-2.3673598636975157e-09,-1.160676621481116e-08,0.2955634295940399,-5.136939979476679e-19,3.7462670669228506e-20,1.0290793543375911,0.3810069034042382,32792,0.24295259641789357,-8.931489504559414e-09,2.7973676708370476e-09,0.3366029995959252,0.0,0.0,0.3,3.5,3.5,0.1,0.0,0.0,0.0
8.21193469499849,rising,0,-1.4182071073065572e-09,-3.35538463680507e-09,1.0306593179702759,-1.3938109555411415e-09,-1.3929478015484165e-08,0.29550406336784363,-5.136939979476679e-19,3.7462670669228506e-20,1.0350838684378687,0.38113496512694306,32803,0.24633153369242855,-1.083093873704013e-08,2.2198043403420797e-09,0.5083239993837196,0.0,0.0,0.3,3.5,3.5,0.1,0.0,0.0,0.0
8.231873816999723,rising,0,-1.3129357601115998e-09,-3.850324059584409e-09,1.033939003944397,-3.771575551869688e-10,-1.5862067215266507e-08,0.29565611481666565,-5.136939979476679e-19,3.7462670669228506e-20,1.041081033138107,0.3844629298393723,33089,0.3341406290071838,-1.2257470619783654e-08,1.562194373860848e-09,0.4758020004373975,0.0,0.0,0.3,3.5,3.5,0.1,0.0,0.0,0.0
8.252345614997466,rising,0,-1.0838340225305387e-09,-4.681570686670966e-09,1.0398277044296265,1.4596788222576151e-09,-1.870082755317526e-08,0.2956570088863373,-5.136939979476679e-19,3.7462670669228506e-20,1.0470903547378838,0.38462052184802886,33103,0.3382987294994404,-1.4593068925053742e-08,3.6814951087649206e-10,0.8734359980735462,0.0,0.0,0.3,3.5,3.5,0.1,0.0,0.0,0.0
8.272143595997477,rising,0,-7.154467573933232e-10,-5.631304755837618e-09,1.04573655128479,3.954841787390251e-09,-2.1816561002196977e-08,0.29589590430259705,-5.136939979476679e-19,3.7462670669228506e-20,1.0531393417375512,0.3846836521109815,33108,0.3399644356459479,-1.7198116079236852e-08,-1.3122201103499265e-09,0.511435999214882,0.0,0.0,0.3,3.5,3.5,0.1,0.0,0.0,0.0
8.291911329997674,rising,0,-1.686853712268288e-10,-6.7037921880341855e-09,1.0516750812530518,7.260741785586333e-09,-2.5178920282087347e-08,0.29712364077568054,-5.136939979476679e-19,3.7462670669228506e-20,1.0590819022381766,0.38408222886087945,33057,0.3240957483081637,-2.0092835210143127e-08,-3.6051504004319668e-09,0.5000189994461834,0.0,0.0,0.3,3.5,3.5,0.1,0.0,0.0,0.0
8.31193266199989,rising,0,6.034649446817753e-10,-7.899448206671877e-09,1.057661771774292,1.1556480217222997e-08,-2.8734554291531822e-08,0.2991534471511841,-5.136939979476679e-19,3.7462670669228506e-20,1.0650943723383532,0.3831069827473624,32973,0.29836366088027333,-2.3248571657759545e-08,-6.663104734627723e-09,0.4782229989359621,0.0,0.0,0.3,3.5,3.5,0.1,0.0,0.0,0.0
8.331863641997188,rising,0,1.6725972828979252e-09,-9.242684839705362e-09,1.063941478729248,1.7069941904424013e-08,-3.240524293346425e-08,0.30118614435195923,-5.136939979476679e-19,3.7462670669228506e-20,1.0710786712385014,0.38172851127097424,32854,0.2619923818198995,-2.666324946151305e-08,-1.0696154628675458e-08,0.4669440022553317,0.0,0.0,0.3,3.5,3.5,0.1,0.0,0.0,0.0
8.352019577996543,rising,0,3.0759483848896707e-09,-1.0661874938477922e-08,1.0699830055236816,2.4006840959600595e-08,-3.606013976309441e-08,0.3031783699989319,-5.136939979476679e-19,3.7462670669228506e-20,1.0771038976381533,0.38071914384612526,32767,0.23535999593997836,-3.01449982579904e-08,-1.5843037326490617e-08,0.5284290018607862,0.0,0.0,0.3,3.5,3.5,0.1,0.0,0.0,0.0
8.371975565998582,rising,0,4.8995096868509336e-09,-1.2163152263156007e-08,1.0760791301727295,3.261924419462048e-08,-3.952888860681014e-08,0.30499470233917236,-5.136939979476679e-19,3.7462670669228506e-20,1.0831016938383982,0.3796950896786671,32679,0.2083400970624556,-3.363498494923243e-08,-2.234333007500311e-08,0.4866939998464659,0.0,0.0,0.3,3.5,3.5,0.1,0.0,0.0,0.0
8.391943080998317,rising,0,7.227522136332709e-09,-1.3710712565284666e-08,1.0822190046310425,4.3176967778890685e-08,-4.257813657204679e-08,0.30638980865478516,-5.136939979476679e-19,3.7462670669228506e-20,1.0890967906379956,0.3788234422334733,32604,0.18534148373280424,-3.69562988446473e-08,-3.0426845487596665e-08,0.48195999988820404,0.0,0.0,0.3,3.5,3.5,0.1,0.0,0.0,0.0
8.411948258999473,rising,0,1.01540464925165e-08,-1.5251853113795732e-08,1.0883889198303223,5.596400143303981e-08,-4.489674410024236e-08,0.30727627873420715,-5.136939979476679e-19,3.7462670669228506e-20,1.0950975406383803,0.3781754593159517,32548,0.1682443091280117,-3.987590864002338e-08,-4.0336882056735135e-08,0.4872089994023554,0.0,0.0,0.3,3.5,3.5,0.1,0.0,0.0,0.0
8.431909522998467,rising,0,1.3782886831847918e-08,-1.671280891457627e-08,1.0945751667022705,7.127565027076344e-08,-4.608093107094646e-08,0.3076394498348236,-5.136939979476679e-19,3.7462670669228506e-20,1.1010892396381677,0.3777572029983786,32512,0.15720852238465888,-4.209399490948439e-08,-5.233066269205722e-08,0.49592399955145083,0.0,0.0,0.3,3.5,3.5,0.1,0.0,0.0,0.0
8.452057508999133,rising,0,1.822714068566711e-08,-1.7994205236959715e-08,1.1007649898529053,8.941407259044354e-08,-4.562046029832345e-08,0.30752137303352356,-5.136939979476679e-19,3.7462670669228506e-20,1.1071219036377442,0.37762614937399097,32501,0.1537506431132165,-4.322204429306867e-08,-6.66629438317301e-08,0.5120970017742366,0.0,0.0,0.3,3.5,3.5,0.1,0.0,0.0,0.0
8.471939495997503,rising,0,2.268934906624054e-08,-1.8976239246626392e-08,1.106894612312317,1.0510190406876063e-07,-4.379550588851089e-08,0.3066639006137848,-5.136939979476679e-19,3.7462670669228506e-20,1.1130852619375218,0.3778532460339433,32521,0.15974263941802747,-4.326970073164083e-08,-7.965028947509722e-08,0.5074079999758396,0.0,0.0,0.3,3.5,3.5,0.1,0.0,0.0,0.0
8.49190062499838,rising,0,3.03074756402566e-08,-1.952948203154392e-08,1.1136258840560913,1.3546829791266646e-07,-3.703431517010358e-08,0.305402010679245,-5.136939979476679e-19,3.7462670669228506e-20,1.1190803098383184,0.37756936562327403,32496,0.15225239111540922,-4.030691372837175e-08,-1.0386607973700279e-07,0.4842180023842957,0.0,0.0,0.3,3.5,3.5,0.1,0.0,0.0,0.0
8.511875222997332,rising,0,3.7969559940620456e-08,-1.9316210853048688e-08,1.1196480989456177,1.639147200194202e-07,-2.7188745477246812e-08,0.30368342995643616,-5.136939979476679e-19,3.7462670669228506e-20,1.1250806590374849,0.37840675643182137,32568,0.17434713540425584,-3.478857925480981e-08,-1.267703793050856e-07,0.4727179984911345,0.0,0.0,0.3,3.5,3.5,0.1,0.0,0.0,0.0
8.531858773996646,rising,0,4.694701161156445e-08,-1.8155366987571142e-08,1.1256591081619263,1.9614954283042607e-07,-1.2273128291440116e-08,0.30205029249191284,-5.136939979476679e-19,3.7462670669228506e-20,1.1310881482375406,0.37922435418384376,32639,0.19591963545761715,-2.5622754303962754e-08,-1.5296673994136256e-07,0.45133700041333213,0.0,0.0,0.3,3.5,3.5,0.1,0.0,0.0,0.0
8.552102480996837,rising,0,5.571924788227989e-08,-1.6454665185960948e-08,1.1316189765930176,2.2292120149813854e-07,3.1129299138399347e-09,0.3002540171146393,-5.136939979476679e-19,3.7462670669228506e-20,1.13710287523827,0.3801965489831747,32722,0.2215712132763752,-1.5674208794291798e-08,-1.7588781275890142e-07,0.5901829972572159,0.0,0.0,0.3,3.5,3.5,0.1,0.0,0.0,0.0
8.572415073998854,rising,0,6.78200251513772e-08,-1.2664680859586497e-08,1.1381880044937134,2.614818868096336e-07,2.9665590872696157e-08,0.30040839314460754,-5.136939979476679e-19,3.7462670669228506e-20,1.1432121061377982,0.3795496388183777,32667,0.20450234349281438,2.2849338847735292e-09,-2.0925955213080272e-07,0.5351400031941012,0.0,0.0,0.3,3.5,3.5,0.1,0.0,0.0,0.0
8.591896142999758,rising,0,8.159122444340028e-08,-6.707092659041791e-09,1.1445268392562866,3.040843807866622e-07,6.612278724560383e-08,0.29974454641342163,-5.136939979476679e-19,3.7462670669228506e-20,1.149083042838174,0.37930124580980906,32645,0.1979484382535368,2.77924749837897e-08,-2.4638296580725694e-07,0.4839270004595164,0.0,0.0,0.3,3.5,3.5,0.1,0.0,0.0,0.0
8.61193152299893,rising,0,9.681959767249282e-08,1.8940666812738982e-09,1.150652527809143,3.497738134683459e-07,1.1390496723606702e-07,0.30003830790519714,-5.136939979476679e-19,3.7462670669228506e-20,1.1550882463379821,0.3790081944661444,32620,0.19021621282702839,6.210583428905676e-08,-2.867552821861352e-07,0.5007539984944742,0.0,0.0,0.3,3.5,3.5,0.1,0.0,0.0,0.0
8.63186579199828,rising,0,1.135446794364725e-07,1.3825927958066586e-08,1.1564279794692993,3.9819170183363894e-07,1.7709338351323822e-07,0.2984361946582794,-5.136939979476679e-19,3.7462670669228506e-20,1.161077899938391,0.38008165343539463,32712,0.21853966848006756,1.0773750197027597e-07,-3.29024595346894e-07,0.4784859993378632,0.0,0.0,0.3,3.5,3.5,0.1,0.0,0.0,0.0
8.651777962997585,rising,0,1.3436117285436922e-07,3.3219144768281694e-08,1.162388801574707,4.5950159233143495e-07,2.7898360599465377e-07,0.2978413999080658,-5.136939979476679e-19,3.7462670669228506e-20,1.1670796885384334,0.3804349498157698,32743,0.22786147271160395,1.8159314526619818e-07,-3.828375592096478e-07,0.3695960003824439,0.0,0.0,0.3,3.5,3.5,0.1,0.0,0.0,0.0
8.67174307699679,rising,0,1.5137680975385592e-07,5.0857405398119226e-08,1.1681828498840332,4.955811618856387e-07,3.5611031989901676e-07,0.2963378429412842,-5.136939979476679e-19,3.7462670669228506e-20,1.1730809626380505,0.3814506586497886,32830,0.25466117809468436,2.4004422082571676e-07,-4.185782684906769e-07,0.3523089981172234,0.0,0.0,0.3,3.5,3.5,0.1,0.0,0.0,0.0
8.691759470999386,rising,0,1.7180605027533602e-07,7.783943800632187e-08,1.1739978790283203,5.403756517807778e-07,4.790413754562906e-07,0.295318603515625,-5.136939979476679e-19,3.7462670669228506e-20,1.1790881314376747,0.38220554318421646,32895,0.2745789758368442,3.3213555522035666e-07,-4.6257191610443726e-07,0.35546700019040145,0.0,0.0,0.3,3.5,3.5,0.1,0.0,0.0,0.0
8.711696244998166,rising,0,1.9259846339991782e-07,1.1197050042710543e-07,1.1798348426818848,5.782504786111531e-07,6.286581424319593e-07,0.294803261756897,-5.136939979476679e-19,3.7462670669228506e-20,1.1850869251378753,0.3826707537043562,32935,0.286853659745546,4.456045490975424e-07,-5.035385621798838e-07,0.3004319987667259,0.0,0.0,0.3,3.5,3.5,0.1,0.0,0.0,0.0
8.7316733689986,rising,0,2.1295633700901817e-07,1.5455836432920478e-07,1.185699462890625,6.047041551937582e-07,8.088385357041261e-07,0.29489633440971375,-5.136939979476679e-19,3.7462670669228506e-20,1.1910754750380874,0.3827845055044694,32945,0.2898550265031492,5.841173027049984e-07,-5.384840893185583e-07,0.3471269992587622,0.0,0.0,0.3,3.5,3.5,0.1,0.0,0.0,0.0
8.751800914997148,rising,0,2.3177825880793534e-07,2.0705473957605136e-07,1.1915984153747559,6.139582069408789e-07,1.0236775551675237e-06,0.2955343425273895,-5.136939979476679e-19,3.7462670669228506e-20,1.1970745513383008,0.38259613235174617,32929,0.28488475862126883,7.515951745158058e-07,-5.63264828556953e-07,0.3955180000048131,0.0,0.0,0.3,3.5,3.5,0.1,0.0,0.0,0.0
8.771855958999367,rising,0,2.4759390271356096e-07,2.710469573230512e-07,1.1975370645523071,5.987742497381987e-07,1.2773955404554727e-06,0.29658958315849304,-5.136939979476679e-19,3.7462670669228506e-20,1.203109783938271,0.3821948140336711,32894,0.2742958847934318,9.521267104067912e-07,-5.724630551817711e-07,0.3530549984134268,0.0,0.0,0.3,3.5,3.5,0.1,0.0,0.0,0.0
8.79169397199803,rising,0,2.584897060842195e-07,3.482344652638858e-07,1.2035168409347534,5.50242077679286e-07,1.5741500192234525e-06,0.29784470796585083,-5.136939979476679e-19,3.7462670669228506e-20,1.2090822145382842,0.38156363477564853,32840,0.25764207851315213,1.1901652792919413e-06,-5.593937117964742e-07,0.3160269989166409,0.0,0.0,0.3,3.5,3.5,0.1,0.0,0.0,0.0
8.811677323999902,rising,0,2.624612989166053e-07,4.422667814196757e-07,1.2098180055618286,4.5727369979431387e-07,1.9179938135494012e-06,0.2991064190864563,-5.136939979476679e-19,3.7462670669228506e-20,1.2150718861379572,0.38054866681180277,32753,0.23086192115574455,1.472887764852442e-06,-5.162000988878646e-07,0.3246140004193876,0.0,0.0,0.3,3.5,3.5,0.1,0.0,0.0,0.0
8.83168266699795,rising,0,2.553534557137027e-07,5.513463747774949e-07,1.2158117294311523,3.0623209568148013e-07,2.3122993297874928e-06,0.30004361271858215,-5.136939979476679e-19,3.7462670669228506e-20,1.221072462437587,0.38009389626681417,32713,0.2188626983328259,1.7969202414907194e-06,-4.298616815834322e-07,0.35563900019042194,0.0,0.0,0.3,3.5,3.5,0.1,0.0,0.0,0.0
8.85213255799681,rising,0,2.339448172961056e-07,6.788221185161092e-07,1.2218424081802368,8.179405597275036e-08,2.7580686037254054e-06,0.3008599281311035,-5.136939979476679e-19,3.7462670669228506e-20,1.2270895300378468,0.37967397174663964,32677,0.20778289568969832,2.1680247512502135e-06,-2.895556352466855e-07,0.6487500031653326,0.0,0.0,0.3,3.5,3.5,0.1,0.0,0.0,0.0
8.87192039799993,rising,0,1.935065085945098e-07,8.262255164481758e-07,1.227900743484497,-2.3526898473846813e-07,3.2554705740039935e-06,0.3013903498649597,-5.136939979476679e-19,3.7462670669228506e-20,1.2330937873375658,0.379346356418251,32649,0.1991386917744311,2.5875675481614487e-06,-8.000289430931673e-08,0.4440949996933341,0.0,0.0,0.3,3.5,3.5,0.1,0.0,0.0,0.0
8.891788032997283,rising,0,1.2826720308112272e-07,9.947792705133907e-07,1.2339764833450317,-6.678718023067631e-07,3.8023574688850204e-06,0.3016440272331238,-5.136939979476679e-19,3.7462670669228506e-20,1.2390726682377133,0.37910354021908527,32628,0.19273193190198512,3.055585292911645e-06,2.1700530461465917e-07,0.41999099994427525,0.0,0.0,0.3,3.5,3.5,0.1,0.0,0.0,0.0
8.911672672998975,rising,0,3.1268506006654206e-08,1.1852316674776375e-06,1.2400611639022827,-1.2428886293491814e-06,4.393562903715065e-06,0.3016764521598816,-5.136939979476679e-19,3.7462670669228506e-20,1.2450691813377488,0.37898212645233176,32618,0.18952840243619207,3.5695753264167298e-06,6.229062190499235e-07,0.3348030004417524,0.0,0.0,0.3,3.5,3.5,0.1,0.0,0.0,0.0
8.931603435998113,rising,0,-7.618125863473324e-08,1.3670534144694102e-06,1.2461775541305542,-1.7836880488175666e-06,4.8599631554679945e-06,0.30168455839157104,-5.136939979476679e-19,3.7462670669228506e-20,1.251061141037644,0.37882741876367826,32604,0.18544640537409585,4.009250444022594e-06,1.022128003569378e-06,0.32344999999622814,0.0,0.0,0.3,3.5,3.5,0.1,0.0,0.0,0.0
8.952020715998515,rising,0,-2.925443993717636e-07,1.631088025533245e-06,1.2522311210632324,-2.947567509181681e-06,5.667177447321592e-06,0.301204651594162,-5.136939979476679e-19,3.7462670669228506e-20,1.2570994786383378,0.3790532038566003,32624,0.19140379568866095,4.711398509542538e-06,1.8639369208095502e-06,0.5267999986244831,0.0,0.0,0.3,3.5,3.5,0.1,0.0,0.0,0.0
8.97198006599865,rising,0,-5.403180693974718e-07,1.8833176227417425e-06,1.2583063840866089,-4.150486347498372e-06,6.3140137172013056e-06,0.3007688820362091,-5.136939979476679e-19,3.7462670669228506e-20,1.2630928246384427,0.37917347879897717,32634,0.1945772770178653,5.317169858346003e-06,2.7592238269757985e-06,0.523793998581823,0.0,0.0,0.3,3.5,3.5,0.1,0.0,0.0,0.0
8.991911931996583,rising,0,-8.001903779586428e-07,2.1167436443647603e-06,1.2644004821777344,-5.23559265275253e-06,6.781166575819952e-06,0.3004179894924164,-5.136939979476679e-19,3.7462670669228506e-20,1.2690826567384645,0.3792232747586142,32638,0.19589115458084905,5.809060043423787e-06,3.605249922156162e-06,0.49408899940317497,0.0,0.0,0.3,3.5,3.5,0.1,0.0,0.0,0.0
9.01192469599846,rising,0,-1.2721724260700285e-06,2.4256098640762502e-06,1.2704217433929443,-7.468169769708766e-06,7.475684014934814e-06,0.29974105954170227,-5.136939979476679e-19,3.7462670669228506e-20,1.2750834703376313,0.3795408419452888,32666,0.20427023602345074,6.495692890475507e-06,5.276119729558104e-06,0.5090140002721455,0.0,0.0,0.3,3.5,3.5,0.1,0.0,0.0,0.0
9.03191780799898,rising,0,-1.6934762925302493e-06,2.6716384127212223e-06,1.2764910459518433,-9.081347343453672e-06,7.807077054167166e-06,0.29939839243888855,-5.136939979476679e-19,3.7462670669228506e-20,1.2810826516375526,0.37962911553267015,32673,0.20659935442401256,6.928000694333859e-06,6.568674223661475e-06,0.5138800006534439,0.0,0.0,0.3,3.5,3.5,0.1,0.0,0.0,0.0
9.051933845999883,rising,0,-2.3121631329559023e-06,2.938549641839927e-06,1.2825169563293457,-1.1613186870818026e-05,8.08999266155297e-06,0.29894742369651794,-5.136939979476679e-19,3.7462670669228506e-20,1.2870921352383446,0.37983864161873004,32691,0.21212774719604255,7.354223828490232e-06,8.54968997776595e-06,0.4837060005229432,0.0,0.0,0.3,3.5,3.5,0.1,0.0,0.0,0.0
9.071932612998353,rising,0,-3.071578703384148e-06,3.1778176889929455e-06,1.2885315418243408,-1.4622950402554125e-05,8.11630980024347e-06,0.2985759377479553,-5.136939979476679e-19,3.7462670669228506e-20,1.2930883174376502,0.3800059372585773,32706,0.21654188017354237,7.616694246219653e-06,1.0929359661959737e-05,0.4981239981134422,0.0,0.0,0.3,3.5,3.5,0.1,0.0,0.0,0.0
9.091900158997305,rising,0,-3.990217464888701e-06,3.365306156410952e-06,1.2943629026412964,-1.8195361917605624e-05,7.767602255626116e-06,0.29732003808021545,-5.136939979476679e-19,3.7462670669228506e-20,1.2990832825376855,0.38084311283949485,32778,0.23863094563310838,7.613746490969385e-06,1.374623616179349e-05,0.4881790009676479,0.0,0.0,0.3,3.5,3.5,0.1,0.0,0.0,0.0
9.111884123998607,rising,0,-5.095077540318016e-06,3.4784170566126704e-06,1.3003792762756348,-2.2308806364890188e-05,6.957633559068199e-06,0.29729577898979187,-5.136939979476679e-19,3.7462670669228506e-20,1.3050811240384064,0.38083677908406127,32777,0.23846382807549382,7.307312969041018e-06,1.7067133865289463e-05,0.4794179985765368,0.0,0.0,0.3,3.5,3.5,0.1,0.0,0.0,0.0
9.13186044699978,rising,0,-6.408751232811483e-06,3.4787874483299674e-06,1.3063889741897583,-2.7057205443270504e-05,5.513133146450855e-06,0.2973606586456299,-5.136939979476679e-19,3.7462670669228506e-20,1.3110782608382576,0.38079332717599385,32774,0.23731733973598423,6.549856395026104e-06,2.094296568055931e-05,0.48697300007916056,0.0,0.0,0.3,3.5,3.5,0.1,0.0,0.0,0.0
9.151967356996465,rising,0,-7.954567990964279e-06,3.321471012895927e-06,1.3123964071273804,-3.2474967156304047e-05,3.2461675800732337e-06,0.2976765036582947,-5.136939979476679e-19,3.7462670669228506e-20,1.3170909523374574,0.38064667245330674,32761,0.23344782198698333,5.195952217508567e-06,2.542205496336436e-05,0.5099609988974407,0.0,0.0,0.3,3.5,3.5,0.1,0.0,0.0,0.0
9.17191094199734,rising,0,-9.754360689839814e-06,2.9801965411024867e-06,1.3184053897857666,-3.857792398775928e-05,-1.1112483662145678e-06,0.2980586886405945,-5.136939979476679e-19,3.7462670669228506e-20,1.323085007838381,0.3804416006838524,32743,0.2280369573575829,2.5492189652971626e-06,3.053643201567091e-05,0.4883359979430679,0.0,0.0,0.3,3.5,3.5,0.1,0.0,0.0,0.0
9.19189632099733,rising,0,-1.1804699170170352e-05,2.3825434709578985e-06,1.3240820169448853,-4.539441943052225e-05,-6.908720934006851e-06,0.2966170012950897,-5.136939979476679e-19,3.7462670669228506e-20,1.3290829483383275,0.38156908703523806,32840,0.25778593760522384,-1.1235889207637613e-06,3.616845291243287e-05,0.4819349996978417,0.0,0.0,0.3,3.5,3.5,0.1,0.0,0.0,0.0
9.21190500299781,rising,0,-1.4118597391643561e-05,1.4670331438537687e-06,1.3298039436340332,-5.268514360068366e-05,-1.3832202967023477e-05,0.29556185007095337,-5.136939979476679e-19,3.7462670669228506e-20,1.335083410937659,0.38245011210117935,32916,0.28103198156145837,-5.699115437178922e-06,4.231785315145231e-05,0.4895410020253621,0.0,0.0,0.3,3.5,3.5,0.1,0.0,0.0,0.0
9.231863474997226,rising,0,-1.6714380763005465e-05,1.8178921834532957e-07,1.335889458656311,-6.0213969845790416e-05,-2.2960666683502495e-05,0.2965058982372284,-5.136939979476679e-19,3.7462670669228506e-20,1.3410724846380615,0.3818627195290395,32866,0.26553349680842864,-1.1835189516476965e-05,4.904523359861024e-05,0.4970299996784888,0.0,0.0,0.3,3.5,3.5,0.1,0.0,0.0,0.0
9.251922881998325,rising,0,-1.9616949430201203e-05,-1.5857701782806544e-06,1.3421144485473633,-6.76014315104112e-05,-3.45287007803563e-05,0.2968960702419281,-5.136939979476679e-19,3.7462670669228506e-20,1.3470870097375154,0.3814095252853997,32827,0.25357586505012186,-1.9768903867999677e-05,5.6021322669908e-05,0.4893490004178602,0.0,0.0,0.3,3.5,3.5,0.1,0.0,0.0,0.0
9.271900361000007,rising,0,-2.2705929950461723e-05,-3.865454345941544e-06,1.348006010055542,-7.294819079106674e-05,-4.755651025334373e-05,0.2973898947238922,-5.136939979476679e-19,3.7462670669228506e-20,1.3530825727379123,0.381297691694481,32817,0.2506251106723205,-2.899960858080519e-05,6.208275232011395e-05,0.48043900096672587,0.0,0.0,0.3,3.5,3.5,0.1,0.0,0.0,0.0
9.291922002998035,rising,0,-2.5952851501642726e-05,-6.70407325742417e-06,1.353766679763794,-7.83204595791176e-05,-6.379536353051662e-05,0.2970814108848572,-5.136939979476679e-19,3.7462670669228506e-20,1.3590900031380442,0.38176570810777594,32857,0.26297382870121133,-4.044549240880802e-05,6.822308023868295e-05,0.488323003082769,0.0,0.0,0.3,3.5,3.5,0.1,0.0,0.0,0.0
9.311927084996569,rising,0,-2.9358889150898904e-05,-1.0193617526965681e-05,1.3595819473266602,-8.150604844558984e-05,-8.16692117950879e-05,0.29694676399230957,-5.136939979476679e-19,3.7462670669228506e-20,1.3650928741375536,0.38207304715044416,32884,0.2710830382702927,-5.342247925293066e-05,7.340158010049613e-05,0.48913700084085576,0.0,0.0,0.3,3.5,3.5,0.1,0.0,0.0,0.0
9.331726066997362,rising,0,-3.2834741432452574e-05,-1.4375838873093016e-05,1.365444540977478,-8.111555507639423e-05,-0.00010105070396093652,0.2969808578491211,-5.136939979476679e-19,3.7462670669228506e-20,1.371089662937811,0.38222938971529946,32897,0.2752081719076358,-6.79185775256316e-05,7.680468432558207e-05,0.33975599944824353,0.0,0.0,0.3,3.5,3.5,0.1,0.0,0.0,0.0
9.352301816998079,rising,0,-3.6285051464801654e-05,-1.9282684661448002e-05,1.3713510036468506,-7.856484444346279e-05,-0.00012186337698949501,0.29734161496162415,-5.136939979476679e-19,3.7462670669228506e-20,1.3770886747377515,0.3821704357766485,32892,0.27365265901447167,-8.395664969564342e-05,7.909295611718825e-05,0.7580780002172105,0.0,0.0,0.3,3.5,3.5,0.1,0.0,0.0,0.0
9.371775797997543,rising,0,-3.9623580960324034e-05,-2.4928234779508784e-05,1.37730073928833,-7.341703167185187e-05,-0.0001439095794921741,0.2980218827724457,-5.136939979476679e-19,3.7462670669228506e-20,1.3830940996376737,0.3819057074490997,32869,0.2666677427203066,-0.00010147324128629378,7.994863170535105e-05,0.34179099748143926,0.0,0.0,0.3,3.5,3.5,0.1,0.0,0.0,0.0
9.391698206000001,rising,0,-4.278526466805488e-05,-3.133040081593208e-05,1.3832929134368896,-6.569083052454516e-05,-0.0001663684961386025,0.2989550828933716,-5.136939979476679e-19,3.7462670669228506e-20,1.3890860194384003,0.3814445833230643,32830,0.25450087923652376,-0.00012008522813246667,7.930974334535712e-05,0.3059819973714184,0.0,0.0,0.3,3.5,3.5,0.1,0.0,0.0,0.0
9.411721216998558,rising,0,-4.566969073493965e-05,-3.8482496165670455e-05,1.3893258571624756,-5.633773980662227e-05,-0.00018649759294930845,0.30001091957092285,-5.136939979476679e-19,3.7462670669228506e-20,1.3950845095379918,0.3808793574442418,32781,0.23958726765809324,-0.00013834437690772735,7.754535316162325e-05,0.3390730016690213,0.0,0.0,0.3,3.5,3.5,0.1,0.0,0.0,0.0
9.431915749999462,rising,0,-4.8276448069373146e-05,-4.6514356654370204e-05,1.395678997039795,-4.2632360418792814e-05,-0.00020599050913006067,0.30099374055862427,-5.136939979476679e-19,3.7462670669228506e-20,1.4010804616376844,0.37994686462926014,32701,0.21498323560052945,-0.00015740054850449527,7.32656429829337e-05,0.5155070030014031,0.0,0.0,0.3,3.5,3.5,0.1,0.0,0.0,0.0
9.451949109999987,rising,0,-5.0380687753204256e-05,-5.498820246430114e-05,1.4017177820205688,-2.7407295419834554e-05,-0.00022255330986808985,0.30161574482917786,-5.136939979476679e-19,3.7462670669228506e-20,1.4070867619378986,0.3796006265882849,32671,0.2058476672370677,-0.00017519977258451428,6.752816620769764e-05,0.5176400009077042,0.0,0.0,0.3,3.5,3.5,0.1,0.0,0.0,0.0
9.472344678997615,rising,0,-5.168668576516211e-05,-6.28725319984369e-05,1.4078221321105957,-8.782535587670282e-06,-0.00023115973453968763,0.3023088872432709,-5.136939979476679e-19,3.7462670669228506e-20,1.4131087330377339,0.37915636893571864,32633,0.19412582943848555,-0.00018826259058828446,5.916076657142e-05,0.7525400033046026,0.0,0.0,0.3,3.5,3.5,0.1,0.0,0.0,0.0
9.491932221997558,rising,0,-5.2756699005840346e-05,-7.228700269479305e-05,1.4139111042022705,1.241956306330394e-05,-0.00024368887534365058,0.30253127217292786,-5.136939979476679e-19,3.7462670669228506e-20,1.4190842533382237,0.3789085359127466,32611,0.18758669954476304,-0.0002049375229747696,4.9137892743411626e-05,0.5000220007786993,0.0,0.0,0.3,3.5,3.5,0.1,0.0,0.0,0.0
9.511900035999133,rising,0,-5.312988650985062e-05,-8.208979852497578e-05,1.420013666152954,3.504164851619862e-05,-0.0002526812313590199,0.3025294840335846,-5.136939979476679e-19,3.7462670669228506e-20,1.425081919637523,0.3787833797003924,32601,0.18428442481246243,-0.00022010513365149054,3.76036163871607e-05,0.4939009995723609,0.0,0.0,0.3,3.5,3.5,0.1,0.0,0.0,0.0
9.532107256996824,rising,0,-5.2764757128898054e-05,-9.216036414727569e-05,1.426121473312378,6.046113412594423e-05,-0.0002579286228865385,0.30233025550842285,-5.136939979476679e-19,3.7462670669228506e-20,1.4310801472383898,0.37875097918069905,32598,0.18342952983374694,-0.0002335304089683257,2.379842303423807e-05,0.712911001755856,0.0,0.0,0.3,3.5,3.5,0.1,0.0,0.0,0.0
9.551914808998845,rising,0,-5.162017623661086e-05,-0.00010361277963966131,1.4322013854980469,8.836903725750744e-05,-0.00026513769989833236,0.30182018876075745,-5.136939979476679e-19,3.7462670669228506e-20,1.4370809434374676,0.3789119984830318,32612,0.18767806023830502,-0.00024932610525782537,7.849482346999892e-06,0.5017189978389069,0.0,0.0,0.3,3.5,3.5,0.1,0.0,0.0,0.0
9.571702154997183,rising,0,-4.951812297804281e-05,-0.00011260485189268366,1.4383271932601929,0.00011726424418156967,-0.00025630355230532587,0.30149564146995544,-5.136939979476679e-19,3.7462670669228506e-20,1.4430735097383147,0.37891246708482224,32612,0.18769042440164085,-0.0002541554069209757,-9.621218518329755e-06,0.34119900010409765,0.0,0.0,0.3,3.5,3.5,0.1,0.0,0.0,0.0
9.591947562999849,rising,0,-4.639383405447006e-05,-0.00012296067143324763,1.444717288017273,0.00014927721349522471,-0.0002473517379257828,0.30093908309936523,-5.136939979476679e-19,3.7462670669228506e-20,1.4490888595384603,0.3787266874078126,32596,0.1827885859581162,-0.00026049027068384437,-2.9831299072968775e-05,0.5125339994265232,0.0,0.0,0.3,3.5,3.5,0.1,0.0,0.0,0.0
9.611923078999098,rising,0,-4.2316445615142584e-05,-0.00013397734437603503,1.450687050819397,0.00018230163550470024,-0.00024071166990324855,0.29985007643699646,-5.136939979476679e-19,3.7462670669228506e-20,1.4550863500382547,0.3793102507882149,32646,0.19818603662836054,-0.00026820596826541987,-5.1498077952905064e-05,0.49937699805013835,0.0,0.0,0.3,3.5,3.5,0.1,0.0,0.0,0.0
9.631875279999804,rising,0,-3.765843575820327e-05,-0.00014217702846508473,1.4567331075668335,0.00021316678612492979,-0.00021794097847305238,0.29928141832351685,-5.136939979476679e-19,3.7462670669228506e-20,1.4610840334375097,0.3795384642363522,32666,0.2042074996398977,-0.0002646872925536898,-7.264081389313226e-05,0.47974599874578416,0.0,0.0,0.3,3.5,3.5,0.1,0.0,0.0,0.0
9.652575400999922,rising,0,-3.190991628798656e-05,-0.00015103336772881448,1.4627323150634766,0.0002425476850476116,-0.0001957071799552068,0.29855895042419434,-5.136939979476679e-19,3.7462670669228506e-20,1.467086740038212,0.37990842692038435,32697,0.21396904803124706,-0.00026204942456701174,-9.40899648813609e-05,1.0781470009533223,0.0,0.0,0.3,3.5,3.5,0.1,0.0,0.0,0.0
9.672082750999834,rising,0,-2.5303888833150268e-05,-0.00015920636360533535,1.4687256813049316,0.0002690043766051531,-0.00016827422950882465,0.29801854491233826,-5.136939979476679e-19,3.7462670669228506e-20,1.4731173178377501,0.38022953600253045,32725,0.22244158318022222,-0.0002559964017331458,-0.00011487618858607718,0.5263850034680218,0.0,0.0,0.3,3.5,3.5,0.1,0.0,0.0,0.0
9.69193759299742,rising,0,-1.792116745491512e-05,-0.00016656906518619508,1.4747153520584106,0.00029340063338167965,-0.00013562737149186432,0.2976478040218353,-5.136939979476679e-19,3.7462670669228506e-20,1.4790844684379407,0.38039112544590553,32739,0.22670515688404969,-0.00024646500906597596,-0.0001354176173047339,0.5160549990250729,0.0,0.0,0.3,3.5,3.5,0.1,0.0,0.0,0.0
9.712026108998543,rising,0,-1.2695789337158203e-05,-0.00017196813132613897,1.4779934883117676,0.0003106297517661005,-0.00012381866690702736,0.2974405288696289,-5.136939979476679e-19,3.7462670669228506e-20,1.4851158883382594,0.3839434905749144,33045,0.3204351075175289,-0.00024365822097965258,-0.0001485834145615872,0.4968190005456563,0.0,0.0,0.3,3.5,3.5,0.1,0.0,0.0,0.0
9.731921113998396,rising,0,-4.252243797964184e-06,-0.00017768096586223692,1.4839246273040771,0.0003312276676297188,-8.540745329810306e-05,0.2970888912677765,-5.136939979476679e-19,3.7462670669228506e-20,1.4910839152380502,0.3841725784488645,33064,0.3264796424502485,-0.00022946426675797733,-0.0001680094830585066,0.5206480018387083,0.0,0.0,0.3,3.5,3.5,0.1,0.0,0.0,0.0
9.752155849997507,rising,0,4.9974496505456045e-06,-0.00018231422291137278,1.4900996685028076,0.00034807255724444985,-4.0155624446924776e-05,0.2966150641441345,-5.136939979476679e-19,3.7462670669228506e-20,1.4970892723384166,0.38420437615892244,33067,0.3273186321615409,-0.00021071289418593347,-0.0001863942634898752,0.5639310002152342,0.0,0.0,0.3,3.5,3.5,0.1,0.0,0.0,0.0
9.771738188999734,rising,0,1.4328659744933248e-05,-0.00018567191727925092,1.4960048198699951,0.0003596139431465417,6.035574187990278e-06,0.2972179055213928,-5.136939979476679e-19,3.7462670669228506e-20,1.503087016038262,0.38402577768012425,33052,0.3226062712433819,-0.00019025195248594407,-0.00020221104303352888,0.32331799957319163,0.0,0.0,0.3,3.5,3.5,0.1,0.0,0.0,0.0
9.791691585996887,rising,0,2.3880391381680965e-05,-0.00018770797760225832,1.5019571781158447,0.0003657050838228315,5.537914694286883e-05,0.2988017201423645,-5.136939979476679e-19,3.7462670669228506e-20,1.5090809293382335,0.3832929374018601,32989,0.3032701161440645,-0.00016699332858393387,-0.00021574405862834212,0.31973200020729564,0.0,0.0,0.3,3.5,3.5,0.1,0.0,0.0,0.0
9.811780833999364,rising,0,3.3850734325824305e-05,-0.00018831533088814467,1.5082015991210938,0.0003659018548205495,0.00011070570326410234,0.3004346787929535,-5.136939979476679e-19,3.7462670669228506e-20,1.5150764560377865,0.3821722143265416,32892,0.2736995864522829,-0.00013916499224594646,-0.00022691515025896614,0.4074689968547318,0.0,0.0,0.3,3.5,3.5,0.1,0.0,0.0,0.0
9.831763159996626,rising,0,4.360725142760202e-05,-0.0001873798610176891,1.5145156383514404,0.00036075993557460606,0.00016657367814332247,0.3037569224834442,-5.136939979476679e-19,3.7462670669228506e-20,1.521072998837917,0.3801207786033619,32716,0.219571994811659,-0.00010953679030974037,-0.00023570110753934337,0.4153139998379629,0.0,0.0,0.3,3.5,3.5,0.1,0.0,0.0,0.0
9.85189248199822,rising,0,5.343696830095723e-05,-0.00018477589765097946,1.521145224571228,0.0003486822824925184,0.00022680962865706533,0.3066963851451874,-5.136939979476679e-19,3.7462670669228506e-20,1.5270831103382079,0.3778826409819819,32523,0.16051823171456014,-7.554841395139412e-05,-0.0002411098971493164,0.44801200056099333,0.0,0.0,0.3,3.5,3.5,0.1,0.0,0.0,0.0
9.871753066996462,rising,0,6.271502934396267e-05,-0.00018068283679895103,1.5277012586593628,0.0003284391132183373,0.0002874862984754145,0.3085339367389679,-5.136939979476679e-19,3.7462670669228506e-20,1.5330782992383318,0.3762681849179617,32384,0.11792044638421295,-3.9269531814118384e-05,-0.0002412477028359561,0.3720480017364025,0.0,0.0,0.3,3.5,3.5,0.1,0.0,0.0,0.0
9.891940826997597,rising,0,7.080659997882321e-05,-0.0001756786514306441,1.5336201190948486,0.0003015095426235348,0.00034142271033488214,0.3077106177806854,-5.136939979476679e-19,3.7462670669228506e-20,1.5390851872376514,0.3767953431081818,32430,0.1318296334612601,-5.273203601351307e-06,-0.00023520606332949612,0.5145889990672003,0.0,0.0,0.3,3.5,3.5,0.1,0.0,0.0,0.0
9.911897159996442,rising,0,7.819275924703106e-05,-0.00016913583385758102,1.5397435426712036,0.00026793128927238286,0.00039304824895225465,0.3072128891944885,-5.136939979476679e-19,3.7462670669228506e-20,1.5450815536380105,0.3768907232279356,32438,0.1343462593122844,2.9067620536932173e-05,-0.0002251670233310854,0.4864699985773768,0.0,0.0,0.3,3.5,3.5,0.1,0.0,0.0,0.0
9.931884764999268,rising,0,8.460257231490687e-05,-0.00016135010810103267,1.5458592176437378,0.00022900081239640713,0.00044115306809544563,0.3058624565601349,-5.136939979476679e-19,3.7462670669228506e-20,1.55107931143757,0.37742376260541866,32484,0.14841062283426432,6.276915570477078e-05,-0.00021101265973944017,0.4960430014762096,0.0,0.0,0.3,3.5,3.5,0.1,0.0,0.0,0.0
9.951857270996697,rising,0,8.990331116365269e-05,-0.00015244680980686098,1.5519425868988037,0.00018449517665430903,0.0004852342535741627,0.3040369749069214,-5.136939979476679e-19,3.7462670669228506e-20,1.5570803623384561,0.3782387428558337,32554,0.16991405952067673,9.535809907680387e-05,-0.00019263061128205194,0.3840570025204215,0.0,0.0,0.3,3.5,3.5,0.1,0.0,0.0,0.0
9.971990008998546,rising,0,9.394882363267243e-05,-0.00014251751417759806,1.5580060482025146,0.00013426531222648919,0.0005225611384958029,0.3022405207157135,-5.136939979476679e-19,3.7462670669228506e-20,1.5630975838383163,0.3790842614473473,32627,0.1922232571859439,0.00012531573496953887,-0.00016996905110899796,0.5109369994897861,0.0,0.0,0.3,3.5,3.5,0.1,0.0,0.0,0.0
9.991896223997173,rising,0,9.66298466664739e-05,-0.00013179678353480995,1.5640404224395752,7.838966848794371e-05,0.0005541059654206038,0.3006021976470947,-5.136939979476679e-19,3.7462670669228506e-20,1.5690827941383758,0.3798470103089416,32692,0.212348556964157,0.00015296284797356385,-0.00014303093370449105,0.4861209999944549,0.0,0.0,0.3,3.5,3.5,0.1,0.0,0.0,0.0
10.011906769999769,rising,0,9.779851825442165e-05,-0.00012045209587085992,1.5700414180755615,1.8345090211369097e-05,0.0005777852493338287,0.29922449588775635,-5.136939979476679e-19,3.7462670669228506e-20,1.5750815065384811,0.3805380472732938,32752,0.2305817222504949,0.00017705512702119542,-0.00011244191150061589,0.49892900278791785,0.0,0.0,0.3,3.5,3.5,0.1,0.0,0.0,0.0
10.031918553999276,rising,0,9.745693387230858e-05,-0.0001087003038264811,1.5760208368301392,-4.397947122924961e-05,0.0005947169847786427,0.2982749938964844,-5.136939979476679e-19,3.7462670669228506e-20,1.5810793474378442,0.3810408847585617,32795,0.24384920207286598,0.00019804508957893795,-7.922215316535919e-05,0.5275419971439987,0.0,0.0,0.3,3.5,3.5,0.1,0.0,0.0,0.0
10.051962962999824,rising,0,9.54960923991166e-05,-9.69292304944247e-05,1.5818393230438232,-0.00010954232857329771,0.0006028899224475026,0.2969662845134735,-5.136939979476679e-19,3.7462670669228506e-20,1.5870868255384265,0.38193672725124195,32872,0.26748620715677873,0.0002141880765968413,-4.265096830868842e-05,0.5250310023257043,0.0,0.0,0.3,3.5,3.5,0.1,0.0,0.0,0.0
10.071915201999218,rising,0,9.157962631434202e-05,-8.509457984473556e-05,1.5877037048339844,-0.0001786495849955827,0.0006033243844285607,0.2963847219944,-5.136939979476679e-19,3.7462670669228506e-20,1.593084338238259,0.3823993034860316,32912,0.279691384855715,0.000226535573938747,-2.358617074760261e-06,0.49610099813435227,0.0,0.0,0.3,3.5,3.5,0.1,0.0,0.0,0.0
10.091891638996458,rising,0,8.616253762738779e-05,-7.340661250054836e-05,1.593577265739441,-0.00024773977929726243,0.0005962328868918121,0.29622480273246765,-5.136939979476679e-19,3.7462670669228506e-20,1.5990824722379329,0.3826404857324864,32933,0.2860550325194282,0.00023490439884462969,3.941804742257915e-05,0.48103999870363623,0.0,0.0,0.3,3.5,3.5,0.1,0.0,0.0,0.0
10.11191325499749,rising,0,7.948000711621717e-05,-6.199533527251333e-05,1.599442720413208,-0.000314137723762542,0.0005807667039334774,0.29640060663223267,-5.136939979476679e-19,3.7462670669228506e-20,1.6050825382379115,0.3827264890652559,32940,0.2883242497428995,0.00023869580615827222,8.109065566852536e-05,0.5024499987484887,0.0,0.0,0.3,3.5,3.5,0.1,0.0,0.0,0.0
10.131862522997835,rising,0,7.079465285642073e-05,-5.1147104386473075e-05,1.605377435684204,-0.00037968423566780984,0.0005561065045185387,0.29720398783683777,-5.136939979476679e-19,3.7462670669228506e-20,1.6110756544374452,0.382403499416984,32912,0.27980209543493295,0.00023734735912032606,0.00012452549777064448,0.5026289982197341,0.0,0.0,0.3,3.5,3.5,0.1,0.0,0.0,0.0
10.15204894499766,rising,0,6.055495032342151e-05,-4.104728941456415e-05,1.6113520860671997,-0.00044207152677699924,0.0005242144106887281,0.29829704761505127,-5.136939979476679e-19,3.7462670669228506e-20,1.6170855292384656,0.3819067353889478,32869,0.26669486514374086,0.00023153288543335202,0.00016808377433541466,0.5386039993027225,0.0,0.0,0.3,3.5,3.5,0.1,0.0,0.0,0.0
10.171943077999458,rising,0,4.885366797680035e-05,-3.18833626806736e-05,1.6173666715621948,-0.0004991598543711007,0.00048413677723146975,0.29953160881996155,-5.136939979476679e-19,3.7462670669228506e-20,1.6230807355375871,0.3812709469478761,32815,0.2499194445349886,0.0002205098856668552,0.00021058647379157414,0.5197540012886748,0.0,0.0,0.3,3.5,3.5,0.1,0.0,0.0,0.0
10.191888036999444,rising,0,3.586629463825375e-05,-2.3827313270885497e-05,1.6234188079833984,-0.0005505565204657614,0.0004372130206320435,0.30081090331077576,-5.136939979476679e-19,3.7462670669228506e-20,1.629082222637953,0.38057365376633695,32755,0.23152120755506367,0.0002047216906842483,0.0002516327294355136,0.48014499770943075,0.0,0.0,0.3,3.5,3.5,0.1,0.0,0.0,0.0
10.211894285999733,rising,0,2.174781184294261e-05,-1.7048731024260633e-05,1.6295042037963867,-0.0005953377112746239,0.000381491583539173,0.30197128653526306,-5.136939979476679e-19,3.7462670669228506e-20,1.6350822517379127,0.37989233417280766,32696,0.21354443727724615,0.00018289083871337588,0.00029052552300279366,0.48461000187671743,0.0,0.0,0.3,3.5,3.5,0.1,0.0,0.0,0.0
10.231924432999222,rising,0,6.700640369672328e-06,-1.1737653039745055e-05,1.6356159448623657,-0.0006320349057205021,0.00031984614906832576,0.30292367935180664,-5.136939979476679e-19,3.7462670669228506e-20,1.6410785752377703,0.3792773308639402,32643,0.1973174370432762,0.00015628187389407308,0.0003262170373032891,0.51582000014605,0.0,0.0,0.3,3.5,3.5,0.1,0.0,0.0,0.0
10.252138997999282,rising,0,-9.044710168382153e-06,-8.010570127225947e-06,1.6417464017868042,-0.000660306541249156,0.00025263207498937845,0.30359411239624023,-5.136939979476679e-19,3.7462670669228506e-20,1.6470882445380992,0.3787964740967652,32602,0.18462992339749817,0.00012492774706668392,0.0003581849475815524,0.5734980004490353,0.0,0.0,0.3,3.5,3.5,0.1,0.0,0.0,0.0
10.271949597998173,rising,0,-2.526343996578362e-05,-5.978529770800378e-06,1.6478865146636963,-0.0006795193185098469,0.0001802456972654909,0.3039289116859436,-5.136939979476679e-19,3.7462670669228506e-20,1.653070215795386,0.37689353913949547,32438,0.13442055777032813,8.93030169528495e-05,0.000387401820879818,0.5162769994058181,0.0,0.0,0.29691391096203024,3.5,3.5,0.1,0.0,0.0,0.0
10.291940403996705,rising,0,-4.1721639718161896e-05,-5.756203790951986e-06,1.6540273427963257,-0.0006869847420603037,0.00010556547931628302,0.3039180636405945,-5.136939979476679e-19,3.7462670669228506e-20,1.658946640014202,0.3735743359830137,32152,0.04684263807423861,5.0353073386082744e-05,0.0004124630463784307,0.5153749989403877,0.0,0.0,0.29091582286200734,3.5,3.5,0.1,0.0,0.0,0.0
10.311693894997006,rising,0,-5.810877337353304e-05,-7.383514912362443e-06,1.6601603031158447,-0.0006847460172139108,2.9239701689220965e-05,0.3035615086555481,-5.136939979476679e-19,3.7462670669228506e-20,1.664691311508754,0.3702789693649488,31869,-0.040106349209795056,7.81717268137729e-06,0.00043262710292180095,0.34644100014702417,0.0,0.0,0.28493018986191615,3.5,3.5,0.1,0.0,0.0,0.0
10.331964711996989,rising,0,-7.420461770379916e-05,-1.0878461580432486e-05,1.6662745475769043,-0.000671949761454016,-4.850997356697917e-05,0.3025643825531006,-5.136939979476679e-19,3.7462670669228506e-20,1.6703308142960565,0.36718768040306293,31603,-0.12167070176615091,-3.827301813754866e-05,0.0004468336319236599,0.5796619989268947,0.0,0.0,0.2789292229623244,3.5,3.5,0.1,0.0,0.0,0.0
10.351797995997913,rising,0,-8.972516661742702e-05,-1.622827403480187e-05,1.6723496913909912,-0.0006482814205810428,-0.00012716400669887662,0.3004065454006195,-5.136939979476679e-19,3.7462670669228506e-20,1.6758800831108571,0.3645959227275212,31380,-0.1900548093002321,-8.75602613613696e-05,0.0004540543273579001,0.3316129987069871,0.0,0.0,0.27289549306187855,3.5,3.5,0.1,0.0,0.0,0.0
10.371642042999156,rising,0,-0.00010443400969961658,-2.3395163225359283e-05,1.6783558130264282,-0.0006144806975498796,-0.00020567071624100208,0.2967616319656372,-5.136939979476679e-19,3.7462670669228506e-20,1.6812488283107587,0.36264094388720686,31211,-0.2416373644536467,-0.0001392347299944237,0.0004540848236376238,0.301760999718681,0.0,0.0,0.26692827316255735,3.5,3.5,0.1,0.0,0.0,0.0
10.391646841999318,rising,0,-0.00011807303235400468,-3.233917595935054e-05,1.6842598915100098,-0.0005694373394362628,-0.00028015044517815113,0.29156169295310974,-5.136939979476679e-19,3.7462670669228506e-20,1.686528292670824,0.3614618989746855,31110,-0.2727467289001204,-0.00019079678075204274,0.0004457362909369156,0.2934200019808486,0.0,0.0,0.26092723966175996,3.5,3.5,0.1,0.0,0.0,0.0
10.411934513998858,rising,0,-0.0001303801836911589,-4.293648453312926e-05,1.6900289058685303,-0.0005149589269421995,-0.0003472600947134197,0.28481316566467285,-5.136939979476679e-19,3.7462670669228506e-20,1.6916969290330863,0.36108142133121296,31077,-0.2827857168545407,-0.0002399088307110567,0.00042966448693615433,0.509525001689326,0.0,0.0,0.25491536356239536,3.5,3.5,0.1,0.0,0.0,0.0
10.4319924909978,rising,0,-0.0001411389821441844,-5.500402767211199e-05,1.6956332921981812,-0.00045095791574567556,-0.00040688738226890564,0.27670472860336304,-5.136939979476679e-19,3.7462670669228506e-20,1.696741389649714,0.36143313348138284,31107,-0.2735057128922751,-0.00028602551306172096,0.00040573806451527084,0.5472279990499374,0.0,0.0,0.24890794726197799,3.5,3.5,0.1,0.0,0.0,0.0
10.452162414996565,rising,0,-0.00015047941997181624,-6.876898987684399e-05,1.7012723684310913,-0.0003734447236638516,-0.00046031229430809617,0.26686111092567444,-5.136939979476679e-19,3.7462670669228506e-20,1.7016561342511936,0.3619722875499413,31154,-0.2592800118748997,-0.0002543356631998112,0.00020633884922061085,0.6330390024231747,0.0,0.0,0.2429121640619998,3.5,3.5,0.1,0.0,0.0,0.0
10.471905000998959,rising,0,-0.0001574281632201746,-8.317532774526626e-05,1.7064250707626343,-0.00028997752815485,-0.0005042952834628522,0.25681573152542114,-5.136939979476679e-19,3.7462670669228506e-20,1.706449498499482,0.36399808995849336,31328,-0.20582876098962188,-0.00027708678162260394,0.00015932914890570693,0.48703799984650686,0.0,0.0,0.23691834226228836,3.5,3.5,0.1,0.0,0.0,0.0
10.491995875996508,rising,0,-0.00016225967556238174,-9.84214639174752e-05,1.711377501487732,-0.0001998082734644413,-0.0005402869428507984,0.24659524857997894,-5.136939979476679e-19,3.7462670669228506e-20,1.7111407981489655,0.3660996930621959,31509,-0.15037749176264192,-0.00029515837579386045,0.00010915511684261858,0.5225230015639681,0.0,0.0,0.23090153986195236,3.5,3.5,0.1,0.0,0.0,0.0
10.51202498999919,rising,0,-0.0001648730831220746,-0.00011430118320276961,1.7161309719085693,-0.00010554642358329147,-0.0005678365705534816,0.2365276962518692,-5.136939979476679e-19,3.7462670669228506e-20,1.71569807709865,0.36813353777611585,31684,-0.09671404284654805,-0.00030849489232850035,5.734137904367387e-05,0.549529999261722,0.0,0.0,0.22490254276199284,3.5,3.5,0.1,0.0,0.0,0.0
10.53166373699787,rising,0,-0.00016525034152437001,-0.00013060608762316406,1.7206977605819702,-9.843941370490938e-06,-0.0005853924667462707,0.22727611660957336,-5.136939979476679e-19,3.7462670669228506e-20,1.7201203256921063,0.36976957833004154,31825,-0.053546745909194726,-0.00031662554782328387,5.324365198067227e-06,0.3251409980293829,0.0,0.0,0.21892419826217538,3.5,3.5,0.1,0.0,0.0,0.0
10.552203186998668,rising,0,-0.0001633959327591583,-0.00014708071830682456,1.725101113319397,8.434960909653455e-05,-0.0005942024290561676,0.2191334217786789,-5.136939979476679e-19,3.7462670669228506e-20,1.7244485133665193,0.3708334377810418,31916,-0.02547657569810724,-0.0003204686413379199,-4.549191120983842e-05,0.6478469986177515,0.0,0.0,0.21291052576161765,3.5,3.5,0.1,0.0,0.0,0.0
10.571959311997489,rising,0,-0.00015974695270415395,-0.0001624219585210085,1.729406476020813,0.0001732187083689496,-0.000588898838032037,0.21227046847343445,-5.136939979476679e-19,3.7462670669228506e-20,1.7286423784876768,0.37126730135845787,31954,-0.014028987903488499,-0.0003172371217819743,-9.331212740071315e-05,0.5145680006535258,0.0,0.0,0.20691682606156991,3.5,3.5,0.1,0.0,0.0,0.0
10.591896821999399,rising,0,-0.00015388835163321346,-0.0001782236504368484,1.7333111763000488,0.0002587473136372864,-0.0005768124829046428,0.20488117635250092,-5.136939979476679e-19,3.7462670669228506e-20,1.7327207622242164,0.37196132294603634,32013,0.0042829273360496245,-0.00031014649220293853,-0.00013912592439591087,0.48298299952875823,0.0,0.0,0.20091675556177524,3.5,3.5,0.1,0.0,0.0,0.0
10.611931646999437,rising,0,-0.0001460783532820642,-0.00019376477575860918,1.7372652292251587,0.00033868092577904463,-0.0005562184378504753,0.1991315484046936,-5.136939979476679e-19,3.7462670669228506e-20,1.7366871409044196,0.37182936995298754,32002,0.0008013180207786519,-0.00029917940879592853,-0.00018217007854715028,0.47913600064930506,0.0,0.0,0.19490437516215042,3.5,3.5,0.1,0.0,0.0,0.0
10.632036569997581,rising,0,-0.00013588085130322725,-0.0002097656106343493,1.7412458658218384,0.0004143827536609024,-0.0005319341435097158,0.1944791078567505,-5.136939979476679e-19,3.7462670669228506e-20,1.7405182147482814,0.37116043331488524,31945,-0.01684872520091929,-0.00028663301166209935,-0.00022329037252344364,0.6259790025069378,0.0,0.0,0.18891551326196368,3.5,3.5,0.1,0.0,0.0,0.0
10.652078707997134,rising,0,-0.00012537436850834638,-0.00022277464449871331,1.745057225227356,0.0004768979852087796,-0.000490947044454515,0.18970565497875214,-5.136939979476679e-19,3.7462670669228506e-20,1.7442588578589777,0.3705280462726461,31890,-0.03353439913862566,-0.00026499859938000647,-0.0002574153267329571,0.512119000632083,0.0,0.0,0.18287888146151107,3.5,3.5,0.1,0.0,0.0,0.0
10.671897383999749,rising,0,-0.00011304139479761943,-0.00023568143660668284,1.7487952709197998,0.0005339510389603674,-0.00044720969162881374,0.18513059616088867,-5.136939979476679e-19,3.7462670669228506e-20,1.747834893837555,0.36983288250228163,31830,-0.05187645112713568,-0.00024184421439553443,-0.00028875260780902856,0.475816003017826,0.0,0.0,0.1769154139623426,3.5,3.5,0.1,0.0,0.0,0.0
10.691887478998979,rising,0,-9.985853102989495e-05,-0.00024723418755456805,1.7523611783981323,0.0005809628055430949,-0.0003975712461397052,0.17996135354042053,-5.136939979476679e-19,3.7462670669228506e-20,1.7513124517953254,0.36810623022990807,31682,-0.09743455857762484,-0.0004846642637654603,-0.00020713898049029567,0.47550300223520026,0.0,0.0,0.1709167309621991,3.5,3.5,0.1,0.0,0.0,0.0
10.71190757399745,rising,0,-8.58471030369401e-05,-0.0002574857498984784,1.755865454673767,0.0006161396158859134,-0.0003425642498768866,0.1747940182685852,-5.136939979476679e-19,3.7462670669228506e-20,1.7546741419134027,0.3675074214438773,31630,-0.1132342626945313,-0.0004666767286031212,-0.00024187017089305485,0.47038499906193465,0.0,0.0,0.16491062686181993,3.5,3.5,0.1,0.0,0.0,0.0
10.73206573799689,rising,0,-7.130375888664275e-05,-0.0002663327322807163,1.7592979669570923,0.0006419614655897021,-0.00028235517675057054,0.16947080194950104,-5.136939979476679e-19,3.7462670669228506e-20,1.7579132988510342,0.3669250583326895,31580,-0.12860004399236225,-0.0004442436839898748,-0.000272183075340271,0.6213699998625088,0.0,0.0,0.1589088439621266,3.5,3.5,0.1,0.0,0.0,0.0
10.752204379998147,rising,0,-5.644021803163923e-05,-0.00027365845744498074,1.7626451253890991,0.0006579461041837931,-0.00021699725766666234,0.16371817886829376,-5.136939979476679e-19,3.7462670669228506e-20,1.7610295296352576,0.36651300205890974,31545,-0.13947224118971846,-0.0004170734594570578,-0.00029743320051123234,0.6931300013093278,0.0,0.0,0.15291266206186283,3.5,3.5,0.1,0.0,0.0,0.0
10.771879358999286,rising,0,-4.149045707890764e-05,-0.00027932244120165706,1.765891671180725,0.0006644760724157095,-0.000146187114296481,0.15758110582828522,-5.136939979476679e-19,3.7462670669228506e-20,1.7640246714925587,0.3662685908628999,31524,-0.1459210854116133,-0.0003848716855414967,-0.00031752390597250546,0.4748409992316738,0.0,0.0,0.14691901546248134,3.5,3.5,0.1,0.0,0.0,0.0
10.791894614998455,rising,0,-2.666398540895898e-05,-0.00028321504942141473,1.769025206565857,0.0006621044012717903,-6.734613270964473e-05,0.15114271640777588,-5.136939979476679e-19,3.7462670669228506e-20,1.7669047460494713,0.36616703221839225,31515,-0.1486007330239527,-0.0003461678542752962,-0.00033251297255465495,0.4806139986612834,0.0,0.0,0.14091540856243245,3.5,3.5,0.1,0.0,0.0,0.0
10.811923917997774,rising,0,-1.2164229701738805e-05,-0.0002851650060620159,1.7720365524291992,0.000650791625957936,1.7924579879036173e-05,0.1444775015115738,-5.136939979476679e-19,3.7462670669228506e-20,1.7696672243126923,0.3661815452580646,31516,-0.14821780321729427,-0.00030171125777109405,-0.0003421598859312258,0.47841699779382907,0.0,0.0,0.1349061355624146,3.5,3.5,0.1,0.0,0.0,0.0
10.832060907996492,rising,0,1.8048863239528146e-06,-0.000285053945844993,1.7749178409576416,0.0006304614362306893,0.00010784456389956176,0.13762682676315308,-5.136939979476679e-19,3.7462670669228506e-20,1.7723019703537137,0.3663000132697293,31526,-0.14509199816017926,-0.00025239603803163936,-0.0003462032206249521,0.5920789990341291,0.0,0.0,0.1289139937623988,3.5,3.5,0.1,0.0,0.0,0.0
10.852181120997557,rising,0,1.5040068319649436e-05,-0.0002828022697940469,1.7776637077331543,0.0006009970093145967,0.00019954107119701803,0.1306581199169159,-5.136939979476679e-19,3.7462670669228506e-20,1.7748219614084646,0.366497087422376,31543,-0.13989215244390607,-0.0001997633842647023,-0.00034438317797635953,0.6701029997202568,0.0,0.0,0.12290981716250843,3.5,3.5,0.1,0.0,0.0,0.0
10.871899406000011,rising,0,2.7330501325195655e-05,-0.00027840453549288213,1.7802702188491821,0.0005631589447148144,0.00029261811869218946,0.12362207472324371,-5.136939979476679e-19,3.7462670669228506e-20,1.7772172828489727,0.36675175406397403,31565,-0.13317271599013303,-0.0001440707319184489,-0.00033691452172068814,0.481581999338232,0.0,0.0,0.11691719416157884,3.5,3.5,0.1,0.0,0.0,0.0
10.891898288999073,rising,0,3.8505713746417314e-05,-0.00027189013781026006,1.7827351093292236,0.0005165169131942093,0.00038660489371977746,0.11658994108438492,-5.136939979476679e-19,3.7462670669228506e-20,1.7794952569326368,0.3670314315561415,31589,-0.12579336263479135,-8.564682847290165e-05,-0.0003234209934106502,0.48307700126315467,0.0,0.0,0.11091819436151144,3.5,3.5,0.1,0.0,0.0,0.0
10.912041500996565,rising,0,4.8380748921772465e-05,-0.0002632835239637643,1.7850584983825684,0.00046261510578915477,0.00047891834401525557,0.10963857918977737,-5.136939979476679e-19,3.7462670669228506e-20,1.7816571899631304,0.3672967847862413,31612,-0.11879195814666943,-2.5945615699125283e-05,-0.00030459107482117,0.5580629986070562,0.0,0.0,0.10490798836181074,3.5,3.5,0.1,0.0,0.0,0.0
10.931748795999738,rising,0,5.6799948652042076e-05,-0.0002526424068491906,1.7872416973114014,0.0004004169604741037,0.000565956870559603,0.10279155522584915,-5.136939979476679e-19,3.7462670669228506e-20,1.7836932555832585,0.3675360049066267,31633,-0.11248008161934919,3.3015573133344e-05,-0.0002797096652400466,0.38096799835329875,0.0,0.0,0.09891433996162977,3.5,3.5,0.1,0.0,0.0,0.0
10.951795097997092,rising,0,6.392566137947142e-05,-0.0002394913899479434,1.789376974105835,0.0003284498816356063,0.0006496206624433398,0.09569457173347473,-5.136939979476679e-19,3.7462670669228506e-20,1.7856174221444823,0.36780735443642115,31656,-0.10532046341896795,9.278655578069369e-05,-0.0002481196765495852,0.3349469989188947,0.0,0.0,0.09289535356147116,3.5,3.5,0.1,0.0,0.0,0.0
10.97165641799802,rising,0,6.888704956509173e-05,-0.0002252961421618238,1.7912602424621582,0.00025237209047190845,0.0007214866927824914,0.08900254964828491,-5.136939979476679e-19,3.7462670669228506e-20,1.787404900047803,0.36804777067472605,31677,-0.09897702705208467,0.00014720611676501314,-0.0002120084530381483,0.3187399997841567,0.0,0.0,0.08693135206194728,3.5,3.5,0.1,0.0,0.0,0.0
10.99165178399926,rising,0,7.200780237326398e-05,-0.0002096263924613595,1.7930129766464233,0.00017089472385123372,0.000785627868026495,0.08244483917951584,-5.136939979476679e-19,3.7462670669228506e-20,1.7890835082319323,0.36823007430835947,31692,-0.0941669047926279,0.00019899248673209473,-0.00017103998402334675,0.31800800206838176,0.0,0.0,0.08093142196230492,3.5,3.5,0.1,0.0,0.0,0.0
11.011912720998225,rising,0,7.317175186472014e-05,-0.00019268553296569735,1.794637680053711,8.609176438767463e-05,0.0008409260190092027,0.07605072110891342,-5.136939979476679e-19,3.7462670669228506e-20,1.7906453654874754,0.3683381207642496,31702,-0.09131607482191129,0.0002473569449755953,-0.00012620755530345917,0.49573000069358386,0.0,0.0,0.07491849376165209,3.5,3.5,0.1,0.0,0.0,0.0
11.032172944997,rising,0,7.233140786411241e-05,-0.0001746958150761202,1.796136498451233,-2.4989476514747366e-06,0.0008844072581268847,0.06977590173482895,-5.136939979476679e-19,3.7462670669228506e-20,1.792095759758142,0.3683847811396068,31706,-0.09008493035338283,0.0002904656568256542,-7.71822700049718e-05,0.550974000361748,0.0,0.0,0.06886613206152123,3.5,3.5,0.1,0.0,0.0,0.0
11.052284413999587,rising,0,6.993822898948565e-05,-0.00015603622887283564,1.7975099086761475,-8.985249587567523e-05,0.000916733406484127,0.06358962506055832,-5.136939979476679e-19,3.7462670669228506e-20,1.7934155396700928,0.36840092691358894,31707,-0.08965892048578183,0.00032826245302178085,-2.7157348668094272e-05,0.6163159996503964,0.0,0.0,0.0628544047616744,3.5,3.5,0.1,0.0,0.0,0.0
11.071885884997755,rising,0,6.500736344605684e-05,-0.00013679536641575396,1.7987600564956665,-0.0001811991969589144,0.0009370961342938244,0.05747922137379646,-5.136939979476679e-19,3.7462670669228506e-20,1.7946003680488958,0.36840265047531173,31707,-0.08961344392317372,0.0003602066462934486,2.7787243119581362e-05,0.476239001727663,0.0,0.0,0.05691905806197628,3.5,3.5,0.1,0.0,0.0,0.0
11.091890940999292,rising,0,5.8039306168211624e-05,-0.00011735688167391345,1.7998870611190796,-0.0002731414861045778,0.0009447599877603352,0.05136485770344734,-5.136939979476679e-19,3.7462670669228506e-20,1.7956787571025938,0.36839483596236494,31707,-0.08981963159987139,0.00038548110628309833,8.526877069181538e-05,0.48110900024767034,0.0,0.0,0.050919011561927796,3.5,3.5,0.1,0.0,0.0,0.0
11.111891444998037,rising,0,4.9069956730818376e-05,-9.802104614209384e-05,1.8008908033370972,-0.00036249845288693905,0.0009395024972036481,0.045309893786907196,-5.136939979476679e-19,3.7462670669228506e-20,1.7966373330431311,0.36836095814807324,31704,-0.09071350532788358,0.000403658648574131,0.00014353233397046417,0.47898000048007816,0.0,0.0,0.04491770446184109,3.5,3.5,0.1,0.0,0.0,0.0
11.132059085997753,rising,0,3.7495974538614973e-05,-7.913583249319345e-05,1.8017747402191162,-0.00044978869846090674,0.0009206600952893496,0.039291515946388245,-5.136939979476679e-19,3.7462670669228506e-20,1.797477995086112,0.3683028646104562,31699,-0.09224631634680414,0.00041400083525171635,0.000203526384388919,0.5489989998750389,0.0,0.0,0.038899909361498605,3.5,3.5,0.1,0.0,0.0,0.0
11.152370987998438,rising,0,2.5512019419693388e-05,-6.0846901760669425e-05,1.8025296926498413,-0.0005239970632828772,0.0008895900100469589,0.03322533890604973,-5.136939979476679e-19,3.7462670669228506e-20,1.7981960520320033,0.36828523721391815,31697,-0.09271141915783332,0.00041701169447946526,0.00025685147372289663,0.8104089974949602,0.0,0.0,0.032899373562395515,3.5,3.5,0.1,0.0,0.0,0.0
11.171864846997778,rising,0,1.1257428923272528e-05,-4.357795842224732e-05,1.8031635284423828,-0.0005949055193923414,0.0008449976448900998,0.02712695673108101,-5.136939979476679e-19,3.7462670669228506e-20,1.7987920732189862,0.3682937535988722,31698,-0.09248671243081397,0.00041154202515943745,0.0003108337652593107,0.47007299872348085,0.0,0.0,0.026921293962368687,3.5,3.5,0.1,0.0,0.0,0.0
11.191913528997247,rising,0,-4.384512976685073e-06,-2.7583584596868604e-05,1.8036714792251587,-0.000657650176435709,0.0007899213815107942,0.020948702469468117,-5.136939979476679e-19,3.7462670669228506e-20,1.799271547484881,0.36833537024973956,31701,-0.0913886477641288,0.00039895939367126795,0.0003618545872914325,0.4724770005850587,0.0,0.0,0.0209062552617981,3.5,3.5,0.1,0.0,0.0,0.0
11.211882261999563,nav_to_wp,0,-2.262689667986706e-05,-1.1647978681139648e-05,1.8040820360183716,-0.0007134423940442502,0.0007181012770161033,0.01412450335919857,-5.136939979463084e-19,9.262219353191572e-12,1.799271547484883,0.3607763410016136,31051,-0.2908353297727295,0.0003838655152145075,0.0004205908888958998,0.4777450012625195,3.4599482062959777e-25,2.357399302000332e-06,4.906438430519719e-10,3.5,3.5,0.1,0.0,0.0,0.0
11.231930063997424,nav_to_wp,0,-4.022286520921625e-05,7.577536962344311e-07,1.804319143295288,-0.0007532318704761565,0.000640348473098129,0.007891143672168255,-5.136851820790974e-19,6.0065992828309645e-05,1.7992715599863736,0.3635938618317187,31293,-0.21649441077259546,-0.0030152189751005854,0.00045857629494294727,0.5054479988757521,8.811024269886194e-22,0.0060032986695988865,1.249462289965662e-06,3.5,3.5,0.1,0.0,0.0,0.0
11.252442293996864,nav_to_wp,0,-5.842856626259163e-05,1.1292377166682854e-05,1.8044313192367554,-0.0007813714328221977,0.00055484235053882,0.0014244915219023824,-5.136584485794293e-19,0.0002422118797026917,1.7992715978962677,0.36668864310571647,31560,-0.13483791277793067,-0.0065244742228759214,0.0004899135100946417,0.747420999687165,1.7693338552499496e-21,0.012055170039198504,2.5090339814975107e-06,3.5,3.5,0.1,0.0,0.0,0.0
11.271911336996709,nav_to_wp,0,-7.695923704886809e-05,1.982487810892053e-05,1.8043967485427856,-0.0007967196288518608,0.0004647360183298588,-0.006590539123862982,-5.136147237148123e-19,0.0005401266436883919,1.7992716599010559,0.37074576233981255,31909,-0.027789911878297602,-0.010022119339070643,0.0005128248202317387,0.4941439983667806,2.6421645907782724e-21,0.018002110409446603,3.746766458631769e-06,3.5,3.5,0.1,0.0,0.0,0.0
11.291889104999427,nav_to_wp,0,-9.55226132646203e-05,2.673909330042079e-05,1.8041915893554688,-0.0007992395549081266,0.00038581935223191977,-0.01491320226341486,-5.135530864007412e-19,0.0009600859971377223,1.799271747306898,0.37517535722290785,32290,0.08908594255693458,-0.013584440416956134,0.0005279050493953719,0.4831389996979851,3.52263085929372e-21,0.024001074680230244,4.995326633249291e-06,3.5,3.5,0.1,0.0,0.0,0.0
11.311885657996754,nav_to_wp,0,-0.00011385401012375951,3.313855631859042e-05,1.803826928138733,-0.000790293503087014,0.0003912732645403594,-0.0221733208745718,-5.134738185301434e-19,0.0015001692922527081,1.7992718597140507,0.3792786934924023,32643,0.19735339030085086,-0.017162094077347725,0.0005368092590978257,0.4760940028063487,4.403339826038604e-21,0.030001692549861497,6.244230970220965e-06,3.5,3.5,0.1,0.0,0.0,0.0
11.331982540999888,nav_to_wp,0,-0.0001317123678745702,4.162713958066888e-05,1.8033384084701538,-0.0007736161351203918,0.0005799985374324024,-0.027511440217494965,-5.133767953472579e-19,0.0021612265392826854,1.7992719972994262,0.3825815549971834,32928,0.2845001318518037,-0.020739248289050397,0.0005421280289770181,0.527983000210952,5.285209579865436e-21,0.03601021932012824,7.4947813810668545e-06,3.5,3.5,0.1,0.0,0.0,0.0
11.352320724996389,nav_to_wp,0,-0.00014895031927153468,5.686547956429422e-05,1.802774429321289,-0.0007522584637627006,0.0010403242195025086,-0.030597195029258728,-5.13261182986034e-19,0.0029489391968190396,1.7992721612455025,0.384858340255378,33123,0.34457362151393056,-0.02432700290611081,0.0005457380259643596,0.6283680013439152,6.173692248303067e-21,0.04206380248823157,8.754709348005962e-06,3.5,3.5,0.1,0.0,0.0,0.0
11.371891869999672,nav_to_wp,0,-0.00016551301814615726,8.537241228623316e-05,1.8021831512451172,-0.0007294591050595045,0.0018431782955303788,-0.03153436258435249,-5.131303407763616e-19,0.0038404188241515937,1.7992723467885243,0.38609932213655807,33230,0.3773172067693409,-0.02780448058574861,0.0005493328446266599,0.474338998174062,7.045330362675822e-21,0.048002617059733396,9.990750608416201e-06,3.5,3.5,0.1,0.0,0.0,0.0
11.391913077997742,nav_to_wp,0,-0.00018148092203773558,0.00013509362179320306,1.8016074895858765,-0.0007099056383594871,0.00305114290677011,-0.030632613226771355,-5.129806654519444e-19,0.004860215897025454,1.799272559038165,0.38640621870155284,33257,0.38541474146577315,-0.03126769182221353,0.0005553055233837867,0.49730600221664645,7.925740491669889e-21,0.054001198829795566,1.1239231173430124e-05,3.5,3.5,0.1,0.0,0.0,0.0
11.411971555997297,nav_to_wp,0,-0.0001969987788470462,0.00021514238324016333,1.8010793924331665,-0.0007029839907772839,0.004716347903013229,-0.028401808813214302,-5.128130849081493e-19,0.006002008298000521,1.7992727966786068,0.3859929282450394,33221,0.37450998008019454,-0.03465390951664745,0.0005683946659469363,0.515899999300018,8.807656389886264e-21,0.060010040000004775,1.2489847020112825e-05,3.5,3.5,0.1,0.0,0.0,0.0
11.432058388996666,nav_to_wp,0,-0.00021243786613922566,0.0003355726948939264,1.8006186485290527,-0.0007171278120949864,0.006880561821162701,-0.02535136230289936,-5.126279896378109e-19,0.007263135445237859,1.7992730591561046,0.38508828502993436,33143,0.35064076596132665,-0.0379166653866488,0.0005931126215594773,0.5908929997531231,9.688892538885742e-21,0.06601424977045335,1.3739498936851481e-05,3.5,3.5,0.1,0.0,0.0,0.0
11.452315696998994,nav_to_wp,0,-0.00022837331925984472,0.000507122022099793,1.8002334833145142,-0.0007621856057085097,0.009576939977705479,-0.021951572969555855,-5.124243070254003e-19,0.008650905491773216,1.7992733479916991,0.38391635691309695,33042,0.3197191797650891,-0.04103924059823324,0.0006349989023370917,0.6766409969714005,1.0574086318306692e-20,0.07204542443932489,1.499476303875475e-05,3.5,3.5,0.1,0.0,0.0,0.0
11.471935055997164,nav_to_wp,0,-0.0002373618190176785,0.0006210289429873228,1.8001163005828857,-0.0008042750996537507,0.011170969344675541,-0.01999054290354252,-5.122055699316613e-19,0.010141247662686707,1.799273658175557,0.383144373468514,32976,0.29935022344363915,-0.04484109692933,0.0006676328409189747,0.5060769981355406,1.1448741827113512e-20,0.0780047977102887,1.6235083166688034e-05,3.5,3.5,0.1,0.0,0.0,0.0
11.491924110996479,nav_to_wp,0,-0.00026467585121281445,0.0010402447078377008,1.7996917963027954,-0.0009904687758535147,0.01660950295627117,-0.01542230136692524,-5.119679811835006e-19,0.011760033597279361,1.7992739950923244,0.3814203955136079,32828,0.2538626784593099,-0.04659550203397836,0.0007969267805432168,0.5054930006735958,1.2328673428158243e-20,0.08400011908052263,1.7482885147000478e-05,3.5,3.5,0.1,0.0,0.0,0.0
11.51192362599977,nav_to_wp,0,-0.00028749124612659216,0.0014251292450353503,1.7995131015777588,-0.0012029168428853154,0.020979272201657295,-0.012762732803821564,-5.117125513895377e-19,0.013500377620067457,1.7992743573088903,0.3803576250550069,32736,0.2258212415569094,-0.0490116825052603,0.0009348568173699334,0.5135989995324053,1.3209458832560926e-20,0.0900012577500919,1.87318978776935e-05,3.5,3.5,0.1,0.0,0.0,0.0
11.53208609399735,nav_to_wp,0,-0.00031478528399020433,0.0018935920670628548,1.7993818521499634,-0.0014941830886527896,0.025883721187710762,-0.010605014860630035,-5.114387736953744e-19,0.015365733130156583,1.7992747455440083,0.3794841703503434,32661,0.20277494328082568,-0.05118576546612137,0.0011192846848455673,0.5543910010601394,1.409252164804803e-20,0.09601791332043737,1.9984140129928606e-05,3.5,3.5,0.1,0.0,0.0,0.0
11.552157122998324,nav_to_wp,0,-0.00035210151690989733,0.002515276661142707,1.7992582321166992,-0.0019050042610615492,0.031744908541440964,-0.00916694663465023,-5.111460982106042e-19,0.017359846747968644,1.7992751605774597,0.3789521021293135,32615,0.18873620393966917,-0.05280306753455396,0.00137706486115996,0.5176679987926036,1.4979075542449178e-20,0.10205835498960424,2.1241332966024082e-05,3.5,3.5,0.1,0.0,0.0,0.0
11.572096517997124,nav_to_wp,0,-0.00039552716771140695,0.0032065894920378923,1.7991629838943481,-0.0023945029824972153,0.03781609609723091,-0.008427116088569164,-5.108398945978028e-19,0.01944613284258274,1.7992755947947034,0.378731705612466,32596,0.18292099241334903,-0.05424977634781405,0.0016822245263179436,0.5975179992674384,1.5853629031647898e-20,0.10801703316070359,2.2481508423316072e-05,3.5,3.5,0.1,0.0,0.0,0.0
11.592088849996799,nav_to_wp,0,-0.0004519052163232118,0.004048009403049946,1.7990562915802002,-0.0030047104228287935,0.044536758214235306,-0.008335858583450317,-5.105142802134667e-19,0.021664672186490177,1.799276056537722,0.37884321604648713,32606,0.18586322022393276,-0.055306511546473945,0.002063399033384705,0.6096559991419781,1.673355165024106e-20,0.11401229332994896,2.372929766591022e-05,3.5,3.5,0.1,0.0,0.0,0.0
11.611986269999761,nav_to_wp,0,-0.0005222522304393351,0.005030416883528233,1.7989345788955688,-0.0037350032944232225,0.05177462846040726,-0.008701757527887821,-5.101705827643811e-19,0.024006418589223828,1.7992765439237384,0.37919628052026305,32636,0.19517890554783612,-0.056039240914963775,0.00252086482011471,0.5207440008234698,1.7614720431975066e-20,0.12001604410062315,2.497885405135171e-05,3.5,3.5,0.1,0.0,0.0,0.0
11.632081488998665,nav_to_wp,0,-0.0005653065163642168,0.005594116635620594,1.7988723516464233,-0.004157255869358778,0.05566009134054184,-0.00896279327571392,-5.09809444442515e-19,0.02646699654337772,1.799277056042081,0.3794741804990866,32660,0.20251135881494875,-0.05911763703342912,0.0027869488987941615,0.5985230018268339,1.849542851819109e-20,0.12601665597086367,2.6227757139674455e-05,3.5,3.5,0.1,0.0,0.0,0.0
11.652270304999547,nav_to_wp,0,-0.0007119884248822927,0.007422343362122774,1.7986310720443726,-0.005556291434913874,0.06753680109977722,-0.01004375796765089,-5.094304790954845e-19,0.029049037057586338,1.79927759344034,0.38026735410653734,32728,0.22343942233607628,-0.05669463086412836,0.003671250707917517,0.7428819990309421,1.9376616232977478e-20,0.132020535739898,2.747734037345305e-05,3.5,3.5,0.1,0.0,0.0,0.0
11.671912421999878,nav_to_wp,0,-0.0008365976973436773,0.00886154267936945,1.798439860343933,-0.006648866925388575,0.07607293874025345,-0.010777612216770649,-5.090347822342125e-19,0.03174507598345576,1.7992781545650076,0.38087519598139347,32781,0.23947746652753032,-0.056587403604677504,0.004369982028402886,0.47281600200221874,2.0255839773007313e-20,0.1380110328109148,2.8724138275794526e-05,3.5,3.5,0.1,0.0,0.0,0.0
11.691960149997612,nav_to_wp,0,-0.0009849151829257607,0.01046557817608118,1.7982372045516968,-0.007869112305343151,0.08497575670480728,-0.011326759122312069,-5.086212581355179e-19,0.03456257891557807,1.7992787409698925,0.3814006521852058,32826,0.25334174631149686,-0.05625665351784119,0.005159396695334051,0.5325359998096246,2.1135627084733778e-20,0.144005371081062,2.9971735644183886e-05,3.5,3.5,0.1,0.0,0.0,0.0
11.712000861996785,nav_to_wp,0,-0.0011595302494242787,0.012238549068570137,1.79802405834198,-0.009219755418598652,0.09420780092477798,-0.011582702398300171,-5.081889336091708e-19,0.037508176583177975,1.7992793540350438,0.3817891762084563,32859,0.2635930398009574,-0.0557401021035136,0.006044637671082542,0.5319890005921479,2.2017856835183688e-20,0.15001635065043836,3.122279655436705e-05,3.5,3.5,0.1,0.0,0.0,0.0
11.732019080998725,nav_to_wp,0,-0.0013629926834255457,0.014210675843060017,1.7977995872497559,-0.010689127258956432,0.1037985309958458,-0.011606371961534023,-5.077400224222965e-19,0.040566785716897966,1.7992799906211914,0.38207077124990413,32884,0.27102298812411796,-0.05495429836155812,0.007022375902159261,0.5323599980329163,2.2897990273882196e-20,0.15601304722028733,3.247088475399903e-05,3.5,3.5,0.1,0.0,0.0,0.0
11.752042246997007,nav_to_wp,0,-0.0015974828274920583,0.016374874860048294,1.7975751161575317,-0.012269552797079086,0.11361958086490631,-0.011382203549146652,-5.072729503522301e-19,0.043749132117213235,1.7992806529606882,0.38222587884493786,32897,0.27511553680574785,-0.053999151335173357,0.008091910085719967,0.5578519994742237,2.377917530303154e-20,0.16201690869101626,3.372046417936432e-05,3.5,3.5,0.1,0.0,0.0,0.0
11.77189907799766,nav_to_wp,0,-0.001865062746219337,0.01873413845896721,1.7973562479019165,-0.01395407970994711,0.12361086905002594,-0.010944707319140434,-5.067899233458164e-19,0.04704018579742469,1.799281337925354,0.38226498038338447,32900,0.27614723966713584,-0.05287062983271358,0.009252460168057475,0.48675200014258735,2.4657360329833657e-20,0.1680003299614367,3.4965789400351254e-05,3.5,3.5,0.1,0.0,0.0,0.0
11.791885804999765,nav_to_wp,0,-0.0021679610945284367,0.02131054177880287,1.7971447706222534,-0.015736978501081467,0.13381266593933105,-0.01035604439675808,-5.062878308761005e-19,0.050461140005623545,1.7992820499261248,0.3822171930525328,32896,0.274886360225139,-0.05156208934806358,0.010503593324318938,0.47540399827994406,2.5538218385315695e-20,0.17400196363149023,3.621490515514363e-05,3.5,3.5,0.1,0.0,0.0,0.0
11.811928248996992,nav_to_wp,0,-0.0025073501747101545,0.02406671643257141,1.7969492673873901,-0.0176081545650959,0.14399127662181854,-0.009653840214014053,-5.057670501912314e-19,0.054009424401244115,1.799282788428037,0.38209393464860525,32886,0.27163415959380544,-0.05022686880842081,0.011841791558590664,0.47350900058518164,2.6420853440299834e-20,0.18001570470066117,3.7466540814318475e-05,3.5,3.5,0.1,0.0,0.0,0.0
11.831964377997792,nav_to_wp,0,-0.0028848762158304453,0.027020230889320374,1.7967681884765625,-0.01955050602555275,0.15417398512363434,-0.008921329863369465,-5.052305481201172e-19,0.057664824807715606,1.7992835492239283,0.3819374852394072,32872,0.26750620684451576,-0.04878710660895568,0.013259238155870268,0.5311530003382359,2.730030858280624e-20,0.18600777977078098,3.871366714449293e-05,3.5,3.5,0.1,0.0,0.0,0.0
11.852253799999744,nav_to_wp,0,-0.0033016116358339787,0.030169565230607986,1.796602725982666,-0.02154632657766342,0.16431282460689545,-0.008181135170161724,-5.046719597745398e-19,0.06147070772114597,1.7992843413396369,0.38175987273760326,32857,0.26281986115048106,-0.04734967344505282,0.01474778901291085,0.6518410009448417,2.8186825975706093e-20,0.1920479727408098,3.997080821901338e-05,3.5,3.5,0.1,0.0,0.0,0.0
11.871907819997432,nav_to_wp,0,-0.0037581974174827337,0.03351229056715965,1.7964521646499634,-0.023574862629175186,0.17435602843761444,-0.00747284758836031,-5.041035258679415e-19,0.06534367232856332,1.799285147417011,0.38157955645064345,32841,0.25806217547871846,-0.04578568670958111,0.016296802705384028,0.48316399988834746,2.906121963265838e-20,0.1980055619117169,4.121075702346851e-05,3.5,3.5,0.1,0.0,0.0,0.0
11.89196726299997,nav_to_wp,0,-0.004254843574017286,0.037045057862997055,1.7963157892227173,-0.02561415359377861,0.18425869941711426,-0.006818008609116077,-5.035117790739522e-19,0.06937547684104993,1.7992859865536217,0.3814118001359814,32827,0.2536358874929121,-0.04429125023360856,0.017894392321409658,0.4852960009884555,2.994436157160051e-20,0.20402275658139718,4.246311147806542e-05,3.5,3.5,0.1,0.0,0.0,0.0
11.911921524999343,nav_to_wp,0,-0.004791221581399441,0.0407637357711792,1.7961921691894531,-0.027642449364066124,0.19398021697998047,-0.006224929355084896,-5.029054562183369e-19,0.07350659381561457,1.7992868463600646,0.3812610106050931,32814,0.24965727190219056,-0.04278189269388633,0.01952848973414989,0.48226399667328224,3.0823022044100497e-20,0.21000941725104985,4.3709110912914694e-05,3.5,3.5,0.1,0.0,0.0,0.0
11.93211078299646,nav_to_wp,0,-0.005366531200706959,0.04466346651315689,1.796079158782959,-0.029628727585077286,0.20348063111305237,-0.005738259293138981,-5.022800447721537e-19,0.07776776889335855,1.7992877332354082,0.3811534142636951,32805,0.24681831830329948,-0.04133708717503573,0.02118034701941518,0.6440209981519729,3.1703841440409115e-20,0.21601078752089334,4.4958171846408365e-05,3.5,3.5,0.1,0.0,0.0,0.0
11.952022473997204,nav_to_wp,0,-0.005979377310723066,0.04873879253864288,1.7959753274917603,-0.03154340758919716,0.21273131668567657,-0.005329677369445562,-5.016359938076056e-19,0.08215594236808087,1.7992886465428382,0.3810766422596206,32798,0.24479267175779817,-0.03997340428987821,0.022833171923157813,0.5265629988571163,3.258603790360043e-20,0.22202154029103602,4.6209185553028045e-05,3.5,3.5,0.1,0.0,0.0,0.0
11.971943394997652,nav_to_wp,0,-0.006627744995057583,0.052983831614255905,1.7958790063858032,-0.03335840255022049,0.22170816361904144,-0.0049944729544222355,-5.00976255764152e-19,0.08665099810420572,1.7992895820955972,0.38102988251310466,32794,0.2435589053589613,-0.038674686602649444,0.024469757796338643,0.4821959992113989,3.346561822601065e-20,0.228014468261258,4.745648939669524e-05,3.5,3.5,0.1,0.0,0.0,0.0
11.991919313997641,nav_to_wp,0,-0.0073090544901788235,0.057392362505197525,1.7957886457443237,-0.03504827246069908,0.2303943932056427,-0.004715214017778635,-5.002982037112635e-19,0.09127083441646856,1.7992905436188489,0.38100674580164146,32792,0.24294843803803268,-0.0374888034492756,0.026074084049565016,0.47191499834298156,3.4346151245245166e-20,0.234013887331042,4.870514422830581e-05,3.5,3.5,0.1,0.0,0.0,0.0
12.012026467997202,nav_to_wp,0,-0.008020219393074512,0.06195801869034767,1.7957035303115845,-0.03658709675073624,0.23877722024917603,-0.004487365484237671,-4.996012150833431e-19,0.09601969309005141,1.7992915319954332,0.381005748944409,32792,0.242922135736384,-0.036436502720237185,0.027629101119024613,0.5238480007392354,3.522834365755521e-20,0.24002461250093143,4.995615219050438e-05,3.5,3.5,0.1,0.0,0.0,0.0
12.032223161997535,nav_to_wp,0,-0.00875765085220337,0.06667429953813553,1.7956225872039795,-0.037948835641145706,0.2468489110469818,-0.004284484311938286,-4.988866155973968e-19,0.10088854149163833,1.7992925453453943,0.38101450913747553,32793,0.24315327539513198,-0.035514274698093956,0.02911803851526007,0.6770830004825257,3.6110457386594577e-20,0.2460348015706357,5.120704857455203e-05,3.5,3.5,0.1,0.0,0.0,0.0
12.052355439998792,nav_to_wp,0,-0.009517266415059566,0.07153474539518356,1.7955464124679565,-0.039107754826545715,0.254604309797287,-0.004068312700837851,-4.981506786216257e-19,0.1059027706348433,1.799293588953346,0.3810134105447862,32793,0.2431242887806384,-0.0347760265913566,0.030524551642908015,0.6128749992058147,3.699693347841408e-20,0.25207471314009955,5.246413108137266e-05,3.5,3.5,0.1,0.0,0.0,0.0
12.07191347099797,nav_to_wp,0,-0.010294534265995026,0.07653294503688812,1.7954750061035156,-0.04004325345158577,0.2620440423488617,-0.00384141830727458,-4.974111518234078e-19,0.11094145865553962,1.7992946376519063,0.3810006690631898,32791,0.24278810193112754,-0.034026197083445536,0.031833310810289284,0.4967220011167228,3.7866834661272286e-20,0.25800169331150097,5.369770925649203e-05,3.5,3.5,0.1,0.0,0.0,0.0
12.091898744998616,nav_to_wp,0,-0.011065732687711716,0.08153475075960159,1.7954094409942627,-0.04065334051847458,0.2685793340206146,-0.003626675810664892,-4.966452234527458e-19,0.11616003101189817,1.7992957237896658,0.38099438632808613,32791,0.24262233055636173,-0.033973656156519,0.03296435875676251,0.48672200136934407,3.8747209169293926e-20,0.2640000323818158,5.4946139308579855e-05,3.5,3.5,0.1,0.0,0.0,0.0
12.112023142999533,nav_to_wp,0,-0.011865222826600075,0.08680223673582077,1.7953475713729858,-0.041109196841716766,0.27551519870758057,-0.00340944342315197,-4.958583166302781e-19,0.12152153784211318,1.799296839676276,0.3809779856946193,32790,0.2421895961640974,-0.03359587607804604,0.03404510088569834,0.5264280007395428,3.9631334450572194e-20,0.27002392695102817,5.619988820850967e-05,3.5,3.5,0.1,0.0,0.0,0.0
12.131969297999603,nav_to_wp,0,-0.012648808769881725,0.09206360578536987,1.7952913045883179,-0.04122230410575867,0.2816025912761688,-0.0031927917152643204,-4.950594709240778e-19,0.12696438900033546,1.7992979724930234,0.38095938788819994,32788,0.2416988888707099,-0.03373331476629526,0.03492941878670619,0.5443810005090199,4.050914072358037e-20,0.2760047676223291,5.7444676331234006e-05,3.5,3.5,0.1,0.0,0.0,0.0
12.15200658699905,nav_to_wp,0,-0.013020975515246391,0.09460005909204483,1.795267939567566,-0.04108964651823044,0.2839134931564331,-0.0031178295612335205,-4.942390444341794e-19,0.13255427855738003,1.7992991359127681,0.3810326675025188,32794,0.2436323879292548,-0.03888106712350028,0.035243958357777716,0.5165980001038406,4.1391288180222843e-20,0.2820151864915081,5.8695620543283174e-05,3.5,3.5,0.1,0.0,0.0,0.0
12.171901546997105,nav_to_wp,0,-0.013834670186042786,0.10029221326112747,1.795215368270874,-0.04077190160751343,0.28992822766304016,-0.0029555107466876507,-4.934042761289192e-19,0.1382418845642319,1.7993003196701685,0.38103245441424816,32794,0.2436267655474431,-0.03886256327723646,0.03593183246246734,0.48513299771002494,4.2269965208491464e-20,0.2880019599621483,5.994164345532188e-05,3.5,3.5,0.1,0.0,0.0,0.0
12.191893370996695,nav_to_wp,0,-0.014611278660595417,0.10592915862798691,1.7951726913452148,-0.04023199528455734,0.29593217372894287,-0.002754866611212492,-4.925503211736247e-19,0.14406021679211795,1.7993015306355242,0.38100191720868454,32792,0.24282103452993375,-0.039054146080584634,0.03646698127861914,0.48188700020546094,4.3150327828172134e-20,0.2940002180325029,6.119005664894549e-05,3.5,3.5,0.1,0.0,0.0,0.0
12.211892038998485,nav_to_wp,0,-0.015378110110759735,0.11171095818281174,1.795129656791687,-0.03944876417517662,0.3019402325153351,-0.0024983445182442665,-4.91678385368141e-19,0.1500010596506789,1.7993027670989306,0.3809418151426316,32786,0.24123522803777142,-0.0392237709356624,0.03686698997252824,0.48505599988857284,4.403091315613894e-20,0.29999999350233,6.2438785657844e-05,3.5,3.5,0.1,0.0,0.0,0.0
12.231734020999284,nav_to_wp,0,-0.01608075015246868,0.11729644238948822,1.7951005697250366,-0.03820154443383217,0.30648908019065857,-0.0022337641566991806,-4.907991815540721e-19,0.15599142232093713,1.79930401386886,0.3808243645466496,32776,0.23813626772162344,-0.0372695476162264,0.036961431511916,0.39426299917977303,4.403091315613894e-20,0.29999999350233,6.2438785657844e-05,3.5,3.5,0.1,0.0,0.0,0.0
12.25204661999669,nav_to_wp,0,-0.016784578561782837,0.1231653243303299,1.7950704097747803,-0.03684274107217789,0.31195104122161865,-0.0019761547446250916,-4.8991433720380665e-19,0.1620202161910275,1.799305268637448,0.380702626500471,32766,0.23492418207047372,-0.03457653297456513,0.03699893858654879,0.5556119976972695,4.403091315613894e-20,0.29999999350233,6.2438785657844e-05,3.5,3.5,0.1,0.0,0.0,0.0
12.271968873999867,nav_to_wp,0,-0.01746949926018715,0.129281684756279,1.795050024986267,-0.03529982268810272,0.31813549995422363,-0.0017347484827041626,-4.890364097578856e-19,0.16800188246121922,1.799306513597402,0.380569637313421,32754,0.23141523254408902,-0.0311926920037387,0.036920854701783856,0.5504800028575119,4.403091315613894e-20,0.29999999350233,6.2438785657844e-05,3.5,3.5,0.1,0.0,0.0,0.0
12.291910537998774,nav_to_wp,0,-0.01808733120560646,0.13522037863731384,1.7950342893600464,-0.03338737040758133,0.3230217397212982,-0.0015841899439692497,-4.881555378327525e-19,0.17400361063068062,1.799307762732825,0.380486461784371,32747,0.2292206275559625,-0.02869416561495943,0.03657294000742217,0.49809200208983384,4.403091315613894e-20,0.29999999350233,6.2438785657844e-05,3.5,3.5,0.1,0.0,0.0,0.0
12.31188108099741,nav_to_wp,0,-0.018668444827198982,0.14128954708576202,1.7950221300125122,-0.03128758817911148,0.32809922099113464,-0.0014717550948262215,-4.8727534799039e-19,0.18000069150095913,1.7993090109010088,0.38041600476530163,32741,0.227361603306111,-0.025950923931922457,0.03608648081363541,0.47865399756119587,4.403091315613894e-20,0.29999999350233,6.2438785657844e-05,3.5,3.5,0.1,0.0,0.0,0.0
12.33193540999855,nav_to_wp,0,-0.019208859652280807,0.14748789370059967,1.7950122356414795,-0.02901550754904747,0.3332861065864563,-0.0014096582308411598,-4.863952392970032e-19,0.18599721947123055,1.799310258954118,0.38036732045575616,32737,0.22607705688010782,-0.023011396817191956,0.03546433178699737,0.5296260023897048,4.403091315613894e-20,0.29999999350233,6.2438785657844e-05,3.5,3.5,0.1,0.0,0.0,0.0
12.352193017999525,nav_to_wp,0,-0.019705001264810562,0.15381279587745667,1.7950036525726318,-0.026587508618831635,0.33848482370376587,-0.0014159651473164558,-4.85504360378122e-19,0.19206712923957864,1.7993115222801286,0.3803524588828762,32736,0.22568493094660091,-0.020007385913575534,0.03471031346558684,0.5319720003171824,4.403091315613894e-20,0.29999999350233,6.2438785657844e-05,3.5,3.5,0.1,0.0,0.0,0.0
12.371891587998107,nav_to_wp,0,-0.020153725519776344,0.1602598875761032,1.7949951887130737,-0.0240197591483593,0.3436163663864136,-0.001457798294723034,-4.846333866462398e-19,0.19800141711089245,1.79931275737925,0.38035571449199534,32736,0.22577083092335926,-0.016766634055012143,0.03383121658999433,0.485239001136506,4.403091315613894e-20,0.29999999350233,6.2438785657844e-05,3.5,3.5,0.1,0.0,0.0,0.0
12.391948275999312,nav_to_wp,0,-0.02055228315293789,0.1668236404657364,1.7949857711791992,-0.021332640200853348,0.3486226797103882,-0.0015475014224648476,-4.837525587078241e-19,0.2040028455814834,1.7993140064522968,0.38038701900008104,32739,0.2265968073899991,-0.013539047479750349,0.032834152340737166,0.5191290001675952,4.403091315613894e-20,0.29999999350233,6.2438785657844e-05,3.5,3.5,0.1,0.0,0.0,0.0
12.411984897997172,nav_to_wp,0,-0.020898418501019478,0.1734977513551712,1.7949752807617188,-0.01854766346514225,0.3534530699253082,-0.0016228938475251198,-4.828708609827779e-19,0.21001020025175635,1.7993152567587594,0.38041550524204204,32741,0.22734842327287552,-0.010295071619515064,0.03173089799655848,0.5248320012469776,4.403091315613894e-20,0.29999999350233,6.2438785657844e-05,3.5,3.5,0.1,0.0,0.0,0.0
12.431972186997882,nav_to_wp,0,-0.021190406754612923,0.18027512729167938,1.7949639558792114,-0.015687759965658188,0.3580540418624878,-0.0016854917630553246,-4.81989971489356e-19,0.21601204812090424,1.7993165059190952,0.38044200885844726,32743,0.22804772713580945,-0.007058191121168061,0.03053164205963066,0.514414998178836,4.403091315613894e-20,0.29999999350233,6.2438785657844e-05,3.5,3.5,0.1,0.0,0.0,0.0
12.452141258996562,nav_to_wp,0,-0.02142699621617794,0.18714793026447296,1.7949520349502563,-0.012777000665664673,0.36237213015556335,-0.0017348658293485641,-4.811031792995299e-19,0.22205411339087372,1.7993177634498503,0.3804663869842451,32745,0.22869094945237656,-0.0039127934990443635,0.02924774813418929,0.5105189993628301,4.403091315613894e-20,0.29999999350233,6.2438785657844e-05,3.5,3.5,0.1,0.0,0.0,0.0
12.471891181998217,nav_to_wp,0,-0.02160748280584812,0.1941075623035431,1.7949403524398804,-0.009837795980274677,0.3663565218448639,-0.00177101232111454,-4.802304590374556e-19,0.22800030106186775,1.7993190010256686,0.38048744102290705,32747,0.22924646498435308,-0.0007514073287168377,0.027890350395478603,0.48715299999457784,4.403091315613894e-20,0.29999999350233,6.2438785657844e-05,3.5,3.5,0.1,0.0,0.0,0.0
12.491880301997298,nav_to_wp,0,-0.02173159271478653,0.20114468038082123,1.7949286699295044,-0.006889197044074535,0.36996451020240784,-0.0017940392717719078,-4.793497134809484e-19,0.2340011682319949,1.7993202499818923,0.380505663992679,32749,0.2297272821287315,0.002235464395583462,0.026469126387595576,0.47503299720119685,4.403091315613894e-20,0.29999999350233,6.2438785657844e-05,3.5,3.5,0.1,0.0,0.0,0.0
12.5119784219969,nav_to_wp,0,-0.02179950289428234,0.20824941992759705,1.7949169874191284,-0.003948498982936144,0.37315958738327026,-0.0018026442267000675,-4.784672455231744e-19,0.24001377080190736,1.7993215013805965,0.3805200220819816,32750,0.23010612353513338,0.005063566483259974,0.024993405143025615,0.5168269999558106,4.403091315613894e-20,0.29999999350233,6.2438785657844e-05,3.5,3.5,0.1,0.0,0.0,0.0
12.531994966997445,nav_to_wp,0,-0.021811701357364655,0.2154114544391632,1.7949061393737793,-0.0010302443988621235,0.3759130537509918,-0.0017778021283447742,-4.775883870436496e-19,0.2460017805715881,1.7993227476608185,0.3805196421189572,32750,0.2300960981255198,0.007745521084524906,0.02347198022654795,0.5690830003004521,4.403091315613894e-20,0.29999999350233,6.2438785657844e-05,3.5,3.5,0.1,0.0,0.0,0.0
12.552301727999293,nav_to_wp,0,-0.021767061203718185,0.2229326069355011,1.7948954105377197,0.0019813841208815575,0.3780847191810608,-0.0016845124773681164,-4.766984136204724e-19,0.2520655208402404,1.7993240097027756,0.38048760936824594,32747,0.22925090681387594,0.010420305569695698,0.0218435722325776,0.6185089987411629,4.403091315613894e-20,0.29999999350233,6.2438785657844e-05,3.5,3.5,0.1,0.0,0.0,0.0
12.571927995999431,nav_to_wp,0,-0.021671516820788383,0.23053500056266785,1.794880747795105,0.004892120603471994,0.37994614243507385,-0.0015977630391716957,-4.75827109480588e-19,0.2580020599117088,1.7993252452704378,0.3804677510091095,32746,0.2287269395543401,0.013151107875893195,0.020213819204610406,0.5078729991510045,4.403091315613894e-20,0.29999999350233,6.2438785657844e-05,3.5,3.5,0.1,0.0,0.0,0.0
12.592000251999707,nav_to_wp,0,-0.021511422470211983,0.23762032389640808,1.794883131980896,0.007663080934435129,0.3803905248641968,-0.0014680197928100824,-4.749450029285716e-19,0.264012200081522,1.7993264961566444,0.3804011067404796,32740,0.22696851557993547,0.014517581759132784,0.018591849770757563,0.5297210009302944,4.403091315613894e-20,0.29999999350233,6.2438785657844e-05,3.5,3.5,0.1,0.0,0.0,0.0
12.611918212998717,nav_to_wp,0,-0.02131566032767296,0.2448642998933792,1.7948744297027588,0.010285924188792706,0.38105350732803345,-0.001400826033204794,-4.740659166329885e-19,0.27000176205194343,1.7993277427599248,0.38038341014260046,32738,0.22650158687600097,0.01618597701419531,0.01700755343760285,0.5073620013718028,4.403091315613894e-20,0.29999999350233,6.2438785657844e-05,3.5,3.5,0.1,0.0,0.0,0.0
12.632046802998957,nav_to_wp,0,-0.021064886823296547,0.25205761194229126,1.7948737144470215,0.012848222628235817,0.38098612427711487,-0.001325908349826932,-4.731840768642368e-19,0.276010084522056,1.799328993267815,0.38035067570132775,32736,0.2256378813015214,0.017398037595393212,0.015397742127900793,0.5539150006370619,4.403091315613894e-20,0.29999999350233,6.2438785657844e-05,3.5,3.5,0.1,0.0,0.0,0.0
12.651945151999826,nav_to_wp,0,-0.02076803334057331,0.25925514101982117,1.794873833656311,0.015310805290937424,0.3804858922958374,-0.0012901717564091086,-4.723037986958755e-19,0.28200776719223264,1.7993302415612509,0.38033655586527854,32734,0.22526532626064544,0.018397362138375853,0.01379099237647341,0.5083710020699073,4.403091315613894e-20,0.29999999350233,6.2438785657844e-05,3.5,3.5,0.1,0.0,0.0,0.0
12.671922292996896,nav_to_wp,0,-0.020427120849490166,0.2664458751678467,1.7948743104934692,0.017669159919023514,0.37955600023269653,-0.0012487235944718122,-4.714238339836139e-19,0.28800331416225866,1.799331489410185,0.38031884269655875,32733,0.22479796033136346,0.019166060073050512,0.012192746531529464,0.5016069990233518,4.403091315613894e-20,0.29999999350233,6.2438785657844e-05,3.5,3.5,0.1,0.0,0.0,0.0
12.691897652999614,nav_to_wp,0,-0.020044228062033653,0.2736193537712097,1.7948752641677856,0.01991976611316204,0.37821245193481445,-0.001205941429361701,-4.705433697846697e-19,0.29400226433223675,1.7993327379674249,0.3802993118330797,32731,0.2242826341181967,0.019695626068513994,0.010606944359706327,0.481656999909319,4.403091315613894e-20,0.29999999350233,6.2438785657844e-05,3.5,3.5,0.1,0.0,0.0,0.0
12.711984627996571,nav_to_wp,0,-0.01961897872388363,0.2807103097438812,1.7948813438415527,0.02207188308238983,0.3762129247188568,-0.0012010873761028051,-4.696628250971864e-19,0.3000017629024061,1.799333986638803,0.3802901282197412,32730,0.22404032242060978,0.019792265279613214,0.009028005872493639,0.5628130020340905,4.403091315613894e-20,0.29999999350233,6.2438785657844e-05,3.5,3.5,0.1,0.0,0.0,0.0
12.732207775999996,nav_to_wp,0,-0.019161108881235123,0.2878762483596802,1.7948741912841797,0.024095946922898293,0.3743714690208435,-0.0012793581699952483,-4.687728828039159e-19,0.306065291070714,1.7993352486366156,0.3803408221689414,32735,0.2253778936396138,0.019980490743502034,0.007480871209742279,0.5644919983751606,4.403091315613894e-20,0.29999999350233,6.2438785657844e-05,3.5,3.5,0.1,0.0,0.0,0.0
12.752005771999393,nav_to_wp,0,-0.01866510882973671,0.2949424684047699,1.794871211051941,0.02602258510887623,0.37192657589912415,-0.0013363768812268972,-4.678989919359899e-19,0.3120194545414981,1.7993364878724316,0.38037426445988015,32738,0.22626027598628262,0.0198624171477199,0.005945564791162594,0.5176990016479976,4.403091315613894e-20,0.29999999350233,6.2438785657844e-05,3.5,3.5,0.1,0.0,0.0,0.0
12.77192058899891,nav_to_wp,0,-0.01813557744026184,0.3019571602344513,1.794866681098938,0.02784346044063568,0.3691706955432892,-0.0013957044575363398,-4.670207755591888e-19,0.31800308941183786,1.799337733242109,0.38040989125421776,32741,0.2272002969450586,0.019495579611131637,0.004430863765586546,0.499996000144165,4.403091315613894e-20,0.29999999350233,6.2438785657844e-05,3.5,3.5,0.1,0.0,0.0,0.0
12.791897033999703,nav_to_wp,0,-0.017574533820152283,0.30891385674476624,1.7948601245880127,0.02956000715494156,0.3661401569843292,-0.0014575449749827385,-4.661403829103826e-19,0.32400155208248005,1.799338981697886,0.38044866806591643,32744,0.22822343181837468,0.018907712956848063,0.002938145929243241,0.48890199832385406,4.403091315613894e-20,0.29999999350233,6.2438785657844e-05,3.5,3.5,0.1,0.0,0.0,0.0
12.811730348999845,nav_to_wp,0,-0.016983959823846817,0.3158070743083954,1.7948518991470337,0.031174227595329285,0.3628690242767334,-0.001513010822236538,-4.652604599393856e-19,0.3299968146527914,1.7993402294876282,0.38048602779927404,32747,0.22920917676184693,0.018130219933554577,0.0014684865421215054,0.3430110009503551,4.403091315613894e-20,0.29999999350233,6.2438785657844e-05,3.5,3.5,0.1,0.0,0.0,0.0
12.832057409999834,nav_to_wp,0,-0.01636577770113945,0.32263219356536865,1.7948429584503174,0.03268472105264664,0.3593900203704834,-0.001489314716309309,-4.643670323791402e-19,0.336084089320886,1.7993414964277832,0.38048397408723805,32747,0.22915498910918153,0.01707710001595616,2.4618303438250777e-05,0.33466900276835077,4.403091315613894e-20,0.29999999350233,6.2438785657844e-05,3.5,3.5,0.1,0.0,0.0,0.0
12.851923344998795,nav_to_wp,0,-0.01572195626795292,0.329385370016098,1.794834017753601,0.03409377858042717,0.3557397425174713,-0.0014604453463107347,-4.634983544631095e-19,0.3420027348924796,1.799342728271284,0.3804805723301969,32747,0.22906523298672354,0.016035697208096396,-0.0013929052330656777,0.4996940006094519,4.403091315613894e-20,0.29999999350233,6.2438785657844e-05,3.5,3.5,0.1,0.0,0.0,0.0
12.871909664998384,nav_to_wp,0,-0.015054385177791119,0.3360636532306671,1.7948253154754639,0.035403087735176086,0.3519573509693146,-0.0014347170945256948,-4.626176162598271e-19,0.3480035519621827,1.7993439772170803,0.38047829455269105,32747,0.2290051333163845,0.01475967938626991,-0.002782983570667641,0.493175997689832,4.403091315613894e-20,0.29999999350233,6.2438785657844e-05,3.5,3.5,0.1,0.0,0.0,0.0
12.891884300999664,nav_to_wp,0,-0.014364916831254959,0.3426651656627655,1.7948163747787476,0.036613307893276215,0.34808123111724854,-0.0014107730239629745,-4.617372984636626e-19,0.3540015046322267,1.799345225566711,0.38047787666633454,32746,0.22899410729114678,0.013356641689673755,-0.004143997471457439,0.4796479988726787,4.403091315613894e-20,0.29999999350233,6.2438785657844e-05,3.5,3.5,0.1,0.0,0.0,0.0
12.911880755997117,nav_to_wp,0,-0.013655372895300388,0.3491886854171753,1.7948073148727417,0.037725117057561874,0.3441501259803772,-0.0013880906626582146,-4.608569841018329e-19,0.35999943390279154,1.799346473911472,0.3804791367628983,32747,0.22902735522158935,0.011842699130309687,-0.005474372851755893,0.48361199878854677,4.403091315613894e-20,0.29999999350233,6.2438785657844e-05,3.5,3.5,0.1,0.0,0.0,0.0
12.931994550999661,nav_to_wp,0,-0.012927599251270294,0.355633944272995,1.7947981357574463,0.03873993083834648,0.34020450711250305,-0.0013657496310770512,-4.599666271694933e-19,0.3660657871707657,1.7993477364972705,0.38048157699973534,32747,0.22909174141781818,0.010166907311733494,-0.006772906560456482,0.3408369993849192,4.403091315613894e-20,0.29999999350233,6.2438785657844e-05,3.5,3.5,0.1,0.0,0.0,0.0
12.951681533999363,nav_to_wp,0,-0.012183405458927155,0.36200159788131714,1.79478919506073,0.03965678811073303,0.33628037571907043,-0.0013431175611913204,-4.590972306688705e-19,0.37198932874286306,1.7993489693597726,0.3804854110120224,32747,0.22919290269188153,0.00857097081402555,-0.008037176387849065,0.3380630005267449,4.403091315613894e-20,0.29999999350233,6.2438785657844e-05,3.5,3.5,0.1,0.0,0.0,0.0
12.971672972998931,nav_to_wp,0,-0.011424623429775238,0.3682929575443268,1.7947802543640137,0.040473222732543945,0.33241552114486694,-0.001319795846939087,-4.582166781439275e-19,0.3779888807127393,1.7993502180422645,0.38049003603148757,32748,0.22931493486774457,0.006846088298933371,-0.00926396293784948,0.33535799957462586,4.403091315613894e-20,0.29999999350233,6.2438785657844e-05,3.5,3.5,0.1,0.0,0.0,0.0
12.991664050998224,nav_to_wp,0,-0.010670755058526993,0.3743642568588257,1.7947728633880615,0.04110917076468468,0.32798144221305847,-0.0012754236813634634,-4.573361248704469e-19,0.38398843778269803,1.7993514667258181,0.3804825350600714,32747,0.2291170200546535,0.004590796279569045,-0.010391024323469278,0.3313209999760147,4.403091315613894e-20,0.29999999350233,6.2438785657844e-05,3.5,3.5,0.1,0.0,0.0,0.0
13.01175636699918,nav_to_wp,0,-0.009905586950480938,0.3803747892379761,1.794765591621399,0.04164553061127663,0.32373982667922974,-0.001230344409123063,-4.564533389653475e-19,0.39000320665325544,1.7993527185753928,0.38047680448413407,32746,0.22896581752332423,0.002356673387261381,-0.011477617481224556,0.36548800198943354,4.403091315613894e-20,0.29999999350233,6.2438785657844e-05,3.5,3.5,0.1,0.0,0.0,0.0
13.032348001997889,nav_to_wp,0,-0.009128919802606106,0.38634008169174194,1.7947582006454468,0.04209694638848305,0.3198294937610626,-0.0012141026090830564,-4.555607879726218e-19,0.3960845089207934,1.7993539842725161,0.38048786240379984,32747,0.22925758321371426,0.00017907144146833107,-0.012531138602424496,0.5530309972527903,4.403091315613894e-20,0.29999999350233,6.2438785657844e-05,3.5,3.5,0.1,0.0,0.0,0.0
13.051925153999036,nav_to_wp,0,-0.008325865492224693,0.39239501953125,1.7947500944137573,0.04252934828400612,0.31683290004730225,-0.0011789367999881506,-4.546923175301423e-19,0.4020017408931789,1.7993552158218056,0.3804921759751819,32748,0.22937139776205484,-0.0012514092030082762,-0.013602600514053487,0.5062330019427463,4.403091315613894e-20,0.29999999350233,6.2438785657844e-05,3.5,3.5,0.1,0.0,0.0,0.0
13.071912102997885,nav_to_wp,0,-0.0075367409735918045,0.3982504606246948,1.794743299484253,0.04276404157280922,0.31340354681015015,-0.0011565135791897774,-4.538116761068647e-19,0.40800189856250285,1.7993564646303615,0.38050239409462666,32749,0.2296410051352673,-0.003206276364050851,-0.01455525001237623,0.49598300029174425,4.403091315613894e-20,0.29999999350233,6.2438785657844e-05,3.5,3.5,0.1,0.0,0.0,0.0
13.091894048997347,nav_to_wp,0,-0.006762838456779718,0.4039234220981598,1.794737696647644,0.04280572384595871,0.30965742468833923,-0.0011448489967733622,-4.529310471881542e-19,0.4140019710332753,1.799357713421185,0.3805183441861343,32750,0.23006185187689354,-0.005519294269346883,-0.015390166217629009,0.48247300219372846,4.403091315613894e-20,0.29999999350233,6.2438785657844e-05,3.5,3.5,0.1,0.0,0.0,0.0
13.112043893997907,nav_to_wp,0,-0.005946268793195486,0.40985456109046936,1.7947309017181396,0.042752914130687714,0.3062290847301483,-0.0011301590129733086,-4.520475500518477e-19,0.42002158580282095,1.7993589662793332,0.38053534350487844,32751,0.23051038271446878,-0.0074142616973561235,-0.016220164727364317,0.552995999896666,4.403091315613894e-20,0.29999999350233,6.2438785657844e-05,3.5,3.5,0.1,0.0,0.0,0.0
13.131917284998053,nav_to_wp,0,-0.0051371147856116295,0.41570737957954407,1.794723391532898,0.04273700714111328,0.30446580052375793,-0.0010841982439160347,-4.511699731800741e-19,0.42600086347294996,1.7993602107421496,0.3805364804221517,32752,0.230540380531707,-0.008474194460727991,-0.017062412893211976,0.5083350006316323,4.403091315613894e-20,0.29999999350233,6.2438785657844e-05,3.5,3.5,0.1,0.0,0.0,0.0
13.151994144998753,nav_to_wp,0,-0.004350747913122177,0.42139285802841187,1.7947180271148682,0.042509306222200394,0.3023655414581299,-0.0010490382555872202,-4.502869430356195e-19,0.43201729644265296,1.799361462938072,0.3805415819157779,32752,0.23067498458516766,-0.009926179665853652,-0.017769195889351774,0.5197589998715557,4.403091315613894e-20,0.29999999350233,6.2438785657844e-05,3.5,3.5,0.1,0.0,0.0,0.0
13.171922398996685,nav_to_wp,0,-0.003588286228477955,0.4269264340400696,1.7947145700454712,0.04207595810294151,0.30001822113990784,-0.0010244825389236212,-4.494084949240302e-19,0.4380025102135868,1.7993627086363648,0.3805507800215812,32753,0.23091767866968738,-0.011634793212683976,-0.018342541669260415,0.5061829979240429,4.403091315613894e-20,0.29999999350233,6.2438785657844e-05,3.5,3.5,0.1,0.0,0.0,0.0
13.191686295998807,nav_to_wp,0,-0.002831167308613658,0.43246471881866455,1.7947112321853638,0.04153698682785034,0.29819202423095703,-0.0009950788225978613,-4.48528145293632e-19,0.444000679782833,1.7993639570311388,0.3805568770780196,32753,0.23107855087122786,-0.013078215225513473,-0.018854883499702657,0.31352600126410834,4.403091315613894e-20,0.29999999350233,6.2438785657844e-05,3.5,3.5,0.1,0.0,0.0,0.0
13.21163698899909,nav_to_wp,0,-0.002082193735986948,0.4380117952823639,1.794708490371704,0.040885236114263535,0.2968483865261078,-0.0009610074921511114,-4.476497982770714e-19,0.4499852047534264,1.7993652025860722,0.38055877314528985,32753,0.2311285790313935,-0.014244522498230376,-0.019299583100312656,0.313350999931572,4.403091315613894e-20,0.29999999350233,6.2438785657844e-05,3.5,3.5,0.1,0.0,0.0,0.0
13.232240116998582,nav_to_wp,0,-0.0012710167793557048,0.44411250948905945,1.7947040796279907,0.04023980349302292,0.2970934212207794,-0.0008975021773949265,-4.467666669055969e-19,0.4560023274227783,1.7993664549255415,0.3805414231811258,32752,0.23067079633577237,-0.014028603099254687,-0.01981399890117652,0.4728479980258271,4.403091315613894e-20,0.29999999350233,6.2438785657844e-05,3.5,3.5,0.1,0.0,0.0,0.0
13.251971027999389,nav_to_wp,0,-0.0005409922450780869,0.4497421681880951,1.7947036027908325,0.03936119005084038,0.29677268862724304,-0.0008512283675372601,-4.458845660775788e-19,0.4620124285927319,1.799367705803631,0.38053053226131933,32751,0.23038343697412422,-0.01459774248083526,-0.02012021909185413,0.5130500030645635,4.403091315613894e-20,0.29999999350233,6.2438785657844e-05,3.5,3.5,0.1,0.0,0.0,0.0
13.271902355998463,nav_to_wp,0,0.0001692270307103172,0.4553176164627075,1.7947007417678833,0.038346949964761734,0.2964780926704407,-0.000833396683447063,-4.450054425758469e-19,0.4680022440633319,1.7993689524596723,0.3805364071913149,32752,0.23053844831965264,-0.015188160739248852,-0.020333439409402132,0.49181500071426854,4.403091315613894e-20,0.29999999350233,6.2438785657844e-05,3.5,3.5,0.1,0.0,0.0,0.0
13.291890104999766,nav_to_wp,0,0.0009498205035924911,0.46168845891952515,1.794699788093567,0.03719285503029823,0.2975586950778961,-0.000774744083173573,-4.4412498617031195e-19,0.47400114113373626,1.7993702010058605,0.3805108091859772,32749,0.22986303920784046,-0.014229972652021673,-0.0205488235238791,0.4808409976249095,4.403091315613894e-20,0.29999999350233,6.2438785657844e-05,3.5,3.5,0.1,0.0,0.0,0.0
13.31199430199922,nav_to_wp,0,0.0016180109232664108,0.4673968553543091,1.7947022914886475,0.035919737070798874,0.2983083128929138,-0.0007251903880387545,-4.432430888972752e-19,0.4800098554032439,1.7993714515952954,0.38048897970786094,32747,0.22928706353194883,-0.014152463826814345,-0.020583263116931594,0.5400059999374207,4.403091315613894e-20,0.29999999350233,6.2438785657844e-05,3.5,3.5,0.1,0.0,0.0,0.0
13.332015361997037,nav_to_wp,0,0.002258910797536373,0.47312670946121216,1.7947063446044922,0.03451221063733101,0.29925668239593506,-0.0006766971200704575,-4.423550075704312e-19,0.4860607040726308,1.799372710954133,0.3804645355894667,32745,0.22864209998592777,-0.013992248501899614,-0.02051848063371353,0.44175000221002847,4.403091315613894e-20,0.29999999350233,6.2438785657844e-05,3.5,3.5,0.1,0.0,0.0,0.0
13.351857318997645,nav_to_wp,0,0.0028698870446532965,0.4788801968097687,1.7947112321853638,0.032975971698760986,0.3003690540790558,-0.0006301417015492916,-4.414809615815768e-19,0.4920159244435381,1.7993739504099209,0.3804381259876509,32743,0.2279452767190211,-0.013620381734883242,-0.020354647271116022,0.41171200064127333,4.403091315613894e-20,0.29999999350233,6.2438785657844e-05,3.5,3.5,0.1,0.0,0.0,0.0
13.371778511998855,nav_to_wp,0,0.003458490129560232,0.4848508834838867,1.794721007347107,0.03114561177790165,0.3012060523033142,-0.0005772339645773172,-4.406023318425294e-19,0.49800237571404554,1.7993751963657736,0.38040087823519503,32740,0.22696248641675432,-0.013198014351406707,-0.02001316778285145,0.3780779989028815,4.403091315613894e-20,0.29999999350233,6.2438785657844e-05,3.5,3.5,0.1,0.0,0.0,0.0
13.391755668999394,nav_to_wp,0,0.00399547116830945,0.49060341715812683,1.7947276830673218,0.029342012479901314,0.30227747559547424,-0.0005423370748758316,-4.397221365404715e-19,0.5039994937833843,1.7993764445416998,0.38037688846687173,32738,0.22632951099925336,-0.012892515542988751,-0.019630715671055343,0.3728480005520396,4.403091315613894e-20,0.29999999350233,6.2438785657844e-05,3.5,3.5,0.1,0.0,0.0,0.0
13.411646452997957,nav_to_wp,0,0.004544265102595091,0.4967959225177765,1.7947297096252441,0.027456700801849365,0.3040442168712616,-0.0005197389982640743,-4.388431247451263e-19,0.5099885481542734,1.7993776910393338,0.3803608491967513,32736,0.22590631125992644,-0.011749720324575389,-0.019217267266376403,0.313197000650689,4.403091315613894e-20,0.29999999350233,6.2438785657844e-05,3.5,3.5,0.1,0.0,0.0,0.0
13.431959889996506,nav_to_wp,0,0.004999943543225527,0.5025529861450195,1.7947371006011963,0.025436589494347572,0.3049910068511963,-0.0005009390879422426,-4.37953161537173e-19,0.5160522188225719,1.799378953066805,0.38034345844969986,32735,0.22544745249867582,-0.01157467797041658,-0.018635013614026974,0.3385780000826344,4.403091315613894e-20,0.29999999350233,6.2438785657844e-05,3.5,3.5,0.1,0.0,0.0,0.0
13.451711208999768,nav_to_wp,0,0.005417054984718561,0.5083452463150024,1.794743299484253,0.023348812013864517,0.3060026466846466,-0.0005637321155518293,-4.370802319961191e-19,0.5219998323938715,1.7993801909393952,0.38036709828709925,32737,0.2260711949102685,-0.011205179102751123,-0.017974616039031277,0.3300360003777314,4.403091315613894e-20,0.29999999350233,6.2438785657844e-05,3.5,3.5,0.1,0.0,0.0,0.0
13.471939426999597,nav_to_wp,0,0.005794246681034565,0.5141704678535461,1.7947475910186768,0.021207457408308983,0.30703842639923096,-0.0006412414368242025,-4.3619908038654e-19,0.5280034661638756,1.7993814404714292,0.38040029434201283,32740,0.22694708026418908,-0.010847013388050263,-0.01724371752822318,0.5193479992158245,4.403091315613894e-20,0.29999999350233,6.2438785657844e-05,3.5,3.5,0.1,0.0,0.0,0.0
13.491903879999882,nav_to_wp,0,0.006130508612841368,0.5200263857841492,1.7947500944137573,0.019027691334486008,0.3080582320690155,-0.0007176084909588099,-4.353196779931104e-19,0.5339951818337113,1.7993826875229577,0.38043486028474155,32743,0.22785911041534312,-0.010452462451802914,-0.016449659558896323,0.5040520009060856,4.403091315613894e-20,0.29999999350233,6.2438785657844e-05,3.5,3.5,0.1,0.0,0.0,0.0
13.51214883099965,nav_to_wp,0,0.006425191648304462,0.5259100794792175,1.7947510480880737,0.016826050356030464,0.30903688073158264,-0.0007929559797048569,-4.344331537313806e-19,0.5400354216037898,1.7993839446737727,0.380471003622886,32746,0.22881276049830923,-0.01010140691499083,-0.015600472652745667,0.5909259998588823,4.403091315613894e-20,0.29999999350233,6.2438785657844e-05,3.5,3.5,0.1,0.0,0.0,0.0
13.531903640996461,nav_to_wp,0,0.006678018253296614,0.5318183898925781,1.794750690460205,0.01461936254054308,0.30995655059814453,-0.0008489976171404123,-4.3355782093922215e-19,0.545999409473601,1.7993851859543337,0.38049889862032327,32748,0.2295487762618258,-0.00967559145628553,-0.014705118679606555,0.5039280003984459,4.403091315613894e-20,0.29999999350233,6.2438785657844e-05,3.5,3.5,0.1,0.0,0.0,0.0
13.551921722999396,nav_to_wp,0,0.006889119744300842,0.537747859954834,1.7947500944137573,0.012422778643667698,0.3108008801937103,-0.0008257157169282436,-4.326762504194402e-19,0.5520058974441909,1.7993864360804106,0.3804878389160797,32747,0.22925696348494995,-0.009312846768721069,-0.013772764231422707,0.49564900109544396,4.403091315613894e-20,0.29999999350233,6.2438785657844e-05,3.5,3.5,0.1,0.0,0.0,0.0
13.571957134998229,nav_to_wp,0,0.007058990187942982,0.5436952710151672,1.7947497367858887,0.010255668312311172,0.31155383586883545,-0.0007988505531102419,-4.3179390213766403e-19,0.5580176846142858,1.7993876873094063,0.3804750562240483,32746,0.22891968928887252,-0.008984882171659714,-0.01281256953544796,0.4915060017083306,4.403091315613894e-20,0.29999999350233,6.2438785657844e-05,3.5,3.5,0.1,0.0,0.0,0.0
13.591737109996757,nav_to_wp,0,0.007196581922471523,0.5499695539474487,1.7947492599487305,0.008047083392739296,0.31229743361473083,-0.0007717239204794168,-4.3091479105271866e-19,0.5640074154844181,1.7993889339478397,0.3804612617378174,32745,0.22855571867592062,-0.008294963729847648,-0.011796611096693388,0.3395610001462046,4.403091315613894e-20,0.29999999350233,6.2438785657844e-05,3.5,3.5,0.1,0.0,0.0,0.0
13.612047639999219,nav_to_wp,0,0.007283343467861414,0.5558858513832092,1.7947500944137573,0.005995166953653097,0.31257393956184387,-0.0007503202650696039,-4.3003446867738763e-19,0.5700053993541314,1.7993901823039642,0.3804512846947545,32744,0.22829247215710957,-0.00823561009461456,-0.01080940196063862,0.599279002926778,4.403091315613894e-20,0.29999999350233,6.2438785657844e-05,3.5,3.5,0.1,0.0,0.0,0.0
13.631897003997437,nav_to_wp,0,0.007293058093637228,0.5589756369590759,1.7947579622268677,0.004796705674380064,0.3119036555290222,-0.0007248985348269343,-4.2915488439219707e-19,0.5759983543243402,1.7993914296134272,0.380445329826422,32744,0.22813535162063125,-0.011640790731566542,-0.010189720186907003,0.49445300101069734,4.403091315613894e-20,0.29999999350233,6.2438785657844e-05,3.5,3.5,0.1,0.0,0.0,0.0
13.651961504998326,nav_to_wp,0,0.007324461359530687,0.5648617148399353,1.7947592735290527,0.0028924238868057728,0.3118431568145752,-0.0007079207571223378,-4.2827159327657706e-19,0.5820165653936179,1.7993926821794244,0.3804385884573712,32743,0.22795747908631014,-0.01181163858437919,-0.009221774953023676,0.49240299995290115,4.403091315613894e-20,0.29999999350233,6.2438785657844e-05,3.5,3.5,0.1,0.0,0.0,0.0
13.671949884999776,nav_to_wp,0,0.007322750054299831,0.5707606673240662,1.7947605848312378,0.001104552997276187,0.3117367923259735,-0.0006864777533337474,-4.2739240051421045e-19,0.5880068527642648,1.799393928933682,0.3804299723519491,32742,0.22773014121237622,-0.0119637760890218,-0.00828022723142774,0.5171020020497963,4.403091315613894e-20,0.29999999350233,6.2438785657844e-05,3.5,3.5,0.1,0.0,0.0,0.0
13.691988726997806,nav_to_wp,0,0.007290294859558344,0.5766692757606506,1.7947627305984497,-0.0005539217381738126,0.3115839660167694,-0.0005948204779997468,-4.265122822221461e-19,0.594003446134116,1.7993951770004026,0.38038575283499065,32739,0.2265633993401206,-0.012137974532979866,-0.007375037067867796,0.5656300018017646,4.403091315613894e-20,0.29999999350233,6.2438785657844e-05,3.5,3.5,0.1,0.0,0.0,0.0
13.71202538599755,nav_to_wp,0,0.007229721639305353,0.5825845003128052,1.7947661876678467,-0.002076183445751667,0.31142961978912354,-0.000560594373382628,-4.2563063548495867e-19,0.6000104534039776,1.799396427234561,0.3803690572136265,32737,0.22612288162602745,-0.012316127262261941,-0.006511227503252837,0.5676879991369788,4.403091315613894e-20,0.29999999350233,6.2438785657844e-05,3.5,3.5,0.1,0.0,0.0,0.0
13.732695706999948,nav_to_wp,0,0.007143781054764986,0.5885046124458313,1.7947700023651123,-0.0034584375098347664,0.3113120198249817,-0.0005338982446119189,-4.247490960950835e-19,0.6060167292742231,1.7993976773164937,0.3803559538651656,32736,0.22577714683814065,-0.012468954928956142,-0.005694236154868859,1.1310160007269587,4.403091315613894e-20,0.29999999350233,6.2438785657844e-05,3.5,3.5,0.1,0.0,0.0,0.0
13.752031617998,nav_to_wp,0,0.007035277783870697,0.5944288969039917,1.7947744131088257,-0.004692717455327511,0.31123417615890503,-0.0005074121290817857,-4.2386944017165407e-19,0.6120101723440343,1.7993989247275446,0.3803423817602545,32735,0.22541904380618583,-0.012583026122105382,-0.004931281166600021,0.5605060032394249,4.403091315613894e-20,0.29999999350233,6.2438785657844e-05,3.5,3.5,0.1,0.0,0.0,0.0
13.771902028998738,nav_to_wp,0,0.006913256831467152,0.600394606590271,1.7947748899459839,-0.0057416558265686035,0.31136274337768555,-0.0005700152833014727,-4.2299007018479407e-19,0.6180016672151184,1.7994001717331183,0.3803778873465342,32738,0.2263558666631713,-0.012541324265184551,-0.004250973810681735,0.49389200285077095,4.403091315613894e-20,0.29999999350233,6.2438785657844e-05,3.5,3.5,0.1,0.0,0.0,0.0
13.791903313998773,nav_to_wp,0,0.006762659177184105,0.6062874794006348,1.7947806119918823,-0.006684566382318735,0.31116819381713867,-0.0006274163024500012,-4.2210926611132146e-19,0.6240029330844311,1.799401420772323,0.3804056792225592,32740,0.22708916154509673,-0.012756656050231945,-0.0035965639282167228,0.4900659987470135,4.403091315613894e-20,0.29999999350233,6.2438785657844e-05,3.5,3.5,0.1,0.0,0.0,0.0
13.81192403499881,nav_to_wp,0,0.006604872643947601,0.6122207641601562,1.7947813272476196,-0.0074352845549583435,0.31117698550224304,-0.0006966177606955171,-4.2122806813710036e-19,0.6300068827550439,1.7994026703701054,0.38044519760022144,32744,0.22813186280267495,-0.012824988470725166,-0.003035638056716028,0.4837380001845304,4.403091315613894e-20,0.29999999350233,6.2438785657844e-05,3.5,3.5,0.1,0.0,0.0,0.0
13.83209951799654,nav_to_wp,0,0.006437025032937527,0.6181562542915344,1.7947806119918823,-0.00802006945014,0.31121426820755005,-0.0007659223629161716,-4.2034758769074076e-19,0.6360059436250768,1.7994039189503852,0.38048664100885626,32747,0.22922535643420083,-0.012870811777068853,-0.0025514619222390955,0.5535980017157272,4.403091315613894e-20,0.29999999350233,6.2438785657844e-05,3.5,3.5,0.1,0.0,0.0,0.0
13.852067961997818,nav_to_wp,0,0.006265394389629364,0.6241298317909241,1.7947752475738525,-0.00842733308672905,0.3114442229270935,-0.0008481298573315144,-4.194660243921925e-19,0.6420123823945509,1.7994051690662218,0.38053986359867,32752,0.2306296464029014,-0.012782676932853343,-0.0021566512557642525,0.5868619991815649,4.403091315613894e-20,0.29999999350233,6.2438785657844e-05,3.5,3.5,0.1,0.0,0.0,0.0
13.872053991999564,nav_to_wp,0,0.006083870306611061,0.6300333142280579,1.794775128364563,-0.00870328675955534,0.31136852502822876,-0.0009010846260935068,-4.185868978964703e-19,0.648002218264389,1.7994064157265088,0.38057306093644305,32755,0.23150556560535662,-0.012912106773987391,-0.0018206521287256194,0.5729519980377518,4.403091315613894e-20,0.29999999350233,6.2438785657844e-05,3.5,3.5,0.1,0.0,0.0,0.0
13.891881451996596,nav_to_wp,0,0.005904641002416611,0.6359749436378479,1.7947713136672974,-0.008810779079794884,0.31148892641067505,-0.0008884350536391139,-4.1770633784210054e-19,0.6540018215352223,1.7994076644196781,0.380577531589487,32755,0.2316235247885743,-0.012909609044103454,-0.0015757652079007034,0.4715770010079723,4.403091315613894e-20,0.29999999350233,6.2438785657844e-05,3.5,3.5,0.1,0.0,0.0,0.0
13.911906066998199,nav_to_wp,0,0.005732150748372078,0.6418113112449646,1.7947652339935303,-0.008751647546887398,0.3111332654953003,-0.0008916136575862765,-4.1682392113632817e-19,0.6600140749050154,1.7994089157457034,0.3805946939354903,32757,0.23207635713694508,-0.013280807295483567,-0.0014254822317631977,0.3806550012086518,4.403091315613894e-20,0.29999999350233,6.2438785657844e-05,3.5,3.5,0.1,0.0,0.0,0.0
13.931797600998834,nav_to_wp,0,0.005565791390836239,0.6474944949150085,1.7947630882263184,-0.00855280365794897,0.3101738691329956,-0.0008964169537648559,-4.159467808309868e-19,0.665990378075697,1.7994101595894394,0.38061017216107207,32758,0.23248475359029008,-0.014092530870314117,-0.0013550767170975586,0.43685099808499217,4.403091315613894e-20,0.29999999350233,6.2438785657844e-05,3.5,3.5,0.1,0.0,0.0,0.0
13.951736884999264,nav_to_wp,0,0.005405668169260025,0.6532105803489685,1.7947609424591064,-0.00823364220559597,0.30948692560195923,-0.0008936525555327535,-4.1506495057297195e-19,0.6719986357454049,1.7994114100838425,0.38062135255615503,32759,0.23277975082203106,-0.014760193683834806,-0.0013544667968716784,0.3439520005485974,4.403091315613894e-20,0.29999999350233,6.2438785657844e-05,3.5,3.5,0.1,0.0,0.0,0.0
13.971640656996897,nav_to_wp,0,0.005253901239484549,0.6589580774307251,1.7947587966918945,-0.007806764915585518,0.30904242396354675,-0.0008833174360916018,-4.1418589567143826e-19,0.6779879838157737,1.7994126566426043,0.38062789829112237,32759,0.2329524615071854,-0.015247718879668703,-0.0014192540705952883,0.30967699785833247,4.403091315613894e-20,0.29999999350233,6.2438785657844e-05,3.5,3.5,0.1,0.0,0.0,0.0
13.99166693799998,nav_to_wp,0,0.005106339231133461,0.6649884581565857,1.7947567701339722,-0.007254013791680336,0.3086443245410919,-0.0008733421564102173,-4.1330386194654294e-19,0.6839976277856612,1.799413907425537,0.3806328348106391,32760,0.23308271268176917,-0.015434932245519175,-0.0015546035926221613,0.30414099819608964,4.403091315613894e-20,0.29999999350233,6.2438785657844e-05,3.5,3.5,0.1,0.0,0.0,0.0
14.01198272399779,nav_to_wp,0,0.00497534591704607,0.6708759069442749,1.7947560548782349,-0.006654314696788788,0.30900511145591736,-0.0008378683123737574,-4.1242182747327024e-19,0.6900072768545394,1.799415158209531,0.3806219682502971,32759,0.2327959960500543,-0.01537421421614824,-0.00173210117153344,0.5327039980329573,4.403091315613894e-20,0.29999999350233,6.2438785657844e-05,3.5,3.5,0.1,0.0,0.0,0.0
14.03226043599716,nav_to_wp,0,0.0048500169068574905,0.6771907210350037,1.7947558164596558,-0.0059622302651405334,0.31004902720451355,-0.0007512213196605444,-4.1154128802539016e-19,0.6960067397252235,1.799416406873479,0.38058032964071936,32755,0.23169735199787134,-0.014495769097009245,-0.001964266495709577,0.6648950002272613,4.403091315613894e-20,0.29999999350233,6.2438785657844e-05,3.5,3.5,0.1,0.0,0.0,0.0
14.051816035997035,nav_to_wp,0,0.004746558610349894,0.6831948757171631,1.7947595119476318,-0.005243968218564987,0.311008483171463,-0.0006005074828863144,-4.10659909788795e-19,0.7020119175945535,1.7994176567268854,0.380504068440908,32749,0.2296851831374127,-0.013995398168462864,-0.0022334334306415293,0.3631069994298741,4.403091315613894e-20,0.29999999350233,6.2438785657844e-05,3.5,3.5,0.1,0.0,0.0,0.0
14.071943512997677,nav_to_wp,0,0.004658706020563841,0.6892123222351074,1.7947663068771362,-0.004487805999815464,0.31203362345695496,-0.00045275851152837276,-4.0978048991501746e-19,0.7080037523649007,1.7994189038032022,0.3804252440064782,32742,0.22760538275668019,-0.013432379362269896,-0.002539059279936806,0.5168440002307761,4.403091315613894e-20,0.29999999350233,6.2438785657844e-05,3.5,3.5,0.1,0.0,0.0,0.0
14.091953715997079,nav_to_wp,0,0.0045905448496341705,0.694966733455658,1.794776201248169,-0.003692474914714694,0.31184980273246765,-0.0003586425445973873,-4.0889857177118815e-19,0.714012608835357,1.7994201544222332,0.38037427416774,32738,0.22626053213034147,-0.013798453441142871,-0.002885906211813838,0.5025579994253349,4.403091315613894e-20,0.29999999350233,6.2438785657844e-05,3.5,3.5,0.1,0.0,0.0,0.0
14.112181089996739,nav_to_wp,0,0.004537214059382677,0.7007647752761841,1.7947865724563599,-0.0028968562837690115,0.3119490444660187,-0.0003416668623685837,-4.080161184317631e-19,0.7200251118046879,1.7994214058002076,0.3803603610478289,32736,0.22589343134113093,-0.013972342863475238,-0.0032482789119123723,0.6577170024684165,4.403091315613894e-20,0.29999999350233,6.2438785657844e-05,3.5,3.5,0.1,0.0,0.0,0.0
14.131932992997463,nav_to_wp,0,0.004494321066886187,0.7071497440338135,1.7947964668273926,-0.0020849129650741816,0.3134302794933319,-0.0002940935082733631,-4.0713854970564225e-19,0.7260043339752685,1.799422650251473,0.3803247599177503,32733,0.22495408753958301,-0.012767884777012628,-0.003630446955687594,0.5038880008214619,4.403091315613894e-20,0.29999999350233,6.2438785657844e-05,3.5,3.5,0.1,0.0,0.0,0.0
14.151932651999232,nav_to_wp,0,0.004469371400773525,0.7132276296615601,1.7948068380355835,-0.001331476611085236,0.3147333264350891,-0.00030375667847692966,-4.0625801400045033e-19,0.7320037713455407,1.7994238989101135,0.38031972651173346,32733,0.22482127999296608,-0.012000261428665022,-0.004000469053274891,0.5029909989389125,4.403091315613894e-20,0.29999999350233,6.2438785657844e-05,3.5,3.5,0.1,0.0,0.0,0.0
14.171894719998818,nav_to_wp,0,0.004459768999367952,0.7190447449684143,1.794816017150879,-0.0006065902998670936,0.31476160883903503,-0.00040465942583978176,-4.0537802401443153e-19,0.7379994905156518,1.7994251467948876,0.38036625509835825,32737,0.22604894718623214,-0.012171778207903007,-0.004371036630429259,0.4906450012640562,4.403091315613894e-20,0.29999999350233,6.2438785657844e-05,3.5,3.5,0.1,0.0,0.0,0.0
14.191868325997348,nav_to_wp,0,0.004462102428078651,0.7250431180000305,1.7948229312896729,6.460701115429401e-05,0.3156326711177826,-0.0004788802471011877,-4.044973216522137e-19,0.7440000633860329,1.7994263956898588,0.3803994293154272,32740,0.22692425634372348,-0.011715039474738486,-0.004726003582388172,0.4694480012403801,4.403091315613894e-20,0.29999999350233,6.2438785657844e-05,3.5,3.5,0.1,0.0,0.0,0.0
14.21202147099757,nav_to_wp,0,0.004476039670407772,0.7310790419578552,1.7948278188705444,0.0006753397756256163,0.316643625497818,-0.0005499192047864199,-4.036155815695165e-19,0.750007706655703,1.7994276460563874,0.3804331832851642,32743,0.22781486240538662,-0.011152764709551902,-0.005061314650600668,0.5655800014210399,4.403091315613894e-20,0.29999999350233,6.2438785657844e-05,3.5,3.5,0.1,0.0,0.0,0.0
14.232521834997897,nav_to_wp,0,0.0044998908415436745,0.7371368408203125,1.79483163356781,0.001216259435750544,0.3176291584968567,-0.0006211660802364349,-4.0273511028165016e-19,0.7560067051253058,1.7994288946236798,0.38046841122639385,32746,0.22874435953545635,-0.01057182548279467,-0.005370269868572697,0.9781530025065877,4.403091315613894e-20,0.29999999350233,6.2438785657844e-05,3.5,3.5,0.1,0.0,0.0,0.0
14.251937408997037,nav_to_wp,0,0.004532234743237495,0.7432222962379456,1.7948342561721802,0.001681351801380515,0.3186424970626831,-0.0006907056085765362,-4.0185439026304265e-19,0.7620073982956397,1.799430143543689,0.3805042136953838,32749,0.22968901570933298,-0.009949069715135643,-0.005648230972349566,0.5015039969293866,4.403091315613894e-20,0.29999999350233,6.2438785657844e-05,3.5,3.5,0.1,0.0,0.0,0.0
14.271925209999608,nav_to_wp,0,0.004572056233882904,0.7494770288467407,1.7948356866836548,0.002067380817607045,0.3203359544277191,-0.0006894820835441351,-4.0097295368536372e-19,0.768012973665805,1.799431393479827,0.38050440055616225,32749,0.22969394607288152,-0.00879697325577165,-0.005892997905041497,0.4806280012417119,4.403091315613894e-20,0.29999999350233,6.2438785657844e-05,3.5,3.5,0.1,0.0,0.0,0.0
14.291906301998097,nav_to_wp,0,0.004617066588252783,0.7557432651519775,1.7948380708694458,0.002367547480389476,0.32190966606140137,-0.0006401913706213236,-4.0009392828467035e-19,0.7740021207353026,1.7994326399967544,0.3804798908875863,32747,0.22904725297061468,-0.0076789623719201025,-0.006098483966729296,0.4903350018139463,4.403091315613894e-20,0.29999999350233,6.2438785657844e-05,3.5,3.5,0.1,0.0,0.0,0.0
14.31190784499995,nav_to_wp,0,0.004663658328354359,0.7617361545562744,1.7948415279388428,0.002573093632236123,0.32206991314888,-0.0006387087050825357,-3.9921365465142517e-19,0.7799997725059432,1.7994338882837595,0.38048111965500037,32747,0.22907967427441456,-0.007599713912539441,-0.0062554945764476955,0.5030299980717245,4.403091315613894e-20,0.29999999350233,6.2438785657844e-05,3.5,3.5,0.1,0.0,0.0,0.0
14.332270355997025,nav_to_wp,0,0.004711781162768602,0.7677655816078186,1.7948447465896606,0.002692485461011529,0.3223397433757782,-0.0006327866576611996,-3.9832963297477103e-19,0.7860229611759513,1.799435141885741,0.3804801400929072,32747,0.22905382830889565,-0.007451336580060818,-0.006368863138739744,0.7431220001308247,4.403091315613894e-20,0.29999999350233,6.2438785657844e-05,3.5,3.5,0.1,0.0,0.0,0.0
14.351907051997841,nav_to_wp,0,0.004759775474667549,0.7738286852836609,1.794848084449768,0.0027255089953541756,0.3226756453514099,-0.0006222098600119352,-3.9745163957055884e-19,0.7920050768460192,1.7994363869392282,0.38047626042883065,32746,0.22895146250212584,-0.007189690328570657,-0.006436745612929062,0.47877299948595464,4.403091315613894e-20,0.29999999350233,6.2438785657844e-05,3.5,3.5,0.1,0.0,0.0,0.0
14.371906670996395,nav_to_wp,0,0.004805983509868383,0.7799220681190491,1.7948516607284546,0.0026750534307211637,0.3230355381965637,-0.0006071736570447683,-3.9657134889747037e-19,0.7980028447158386,1.799437635250397,0.3804696962216469,32746,0.22877826442339888,-0.00690009563841421,-0.006458914338606014,0.4908839982817881,4.403091315613894e-20,0.29999999350233,6.2438785657844e-05,3.5,3.5,0.1,0.0,0.0,0.0
14.391705181998987,nav_to_wp,0,0.004848836921155453,0.7860422730445862,1.7948553562164307,0.0025452005211263895,0.3233979344367981,-0.0005881099496036768,-3.9569062689755285e-19,0.8040035513856203,1.7994388841732158,0.3804608222058085,32745,0.2285441215252888,-0.006584102699171219,-0.006435857868387629,0.31984599991119467,4.403091315613894e-20,0.29999999350233,6.2438785657844e-05,3.5,3.5,0.1,0.0,0.0,0.0
14.411809658999118,nav_to_wp,0,0.00488687539473176,0.7921857237815857,1.7948592901229858,0.002341035520657897,0.32375508546829224,-0.0005658729933202267,-3.9480758160646417e-19,0.8100200875553211,1.7994401363906172,0.3804499839427657,32744,0.22825815152415885,-0.006263086129139299,-0.006368704806725134,0.3515659991535358,4.403091315613894e-20,0.29999999350233,6.2438785657844e-05,3.5,3.5,0.1,0.0,0.0,0.0
14.43196903399803,nav_to_wp,0,0.004921768791973591,0.7983894944190979,1.7948598861694336,0.0020866282284259796,0.32428595423698425,-0.0005558757111430168,-3.9392943845307817e-19,0.8160032235256272,1.799441381656459,0.380448976935753,32744,0.22823158141828515,-0.005752031766042035,-0.006271665713808217,0.5342839976947289,4.403091315613894e-20,0.29999999350233,6.2438785657844e-05,3.5,3.5,0.1,0.0,0.0,0.0
14.451914098997804,nav_to_wp,0,0.004944734741002321,0.8047962188720703,1.7948678731918335,0.001720495754852891,0.324238657951355,-0.0005257027223706245,-3.930488730710042e-19,0.8220028630962123,1.799442630357183,0.3804287953941811,32742,0.22769908691770624,-0.005349154519491977,-0.006103658537555345,0.4925949979224242,4.403091315613894e-20,0.29999999350233,6.2438785657844e-05,3.5,3.5,0.1,0.0,0.0,0.0
14.471889179996651,nav_to_wp,0,0.0049640643410384655,0.8109855651855469,1.7948689460754395,0.001353166764602065,0.3245154023170471,-0.0005200747400522232,-3.9216862158537443e-19,0.8280003639664055,1.7994438786127813,0.3804296963465127,32742,0.22772285874703613,-0.005001920641520387,-0.005930852239928619,0.48461800179211423,4.403091315613894e-20,0.29999999350233,6.2438785657844e-05,3.5,3.5,0.1,0.0,0.0,0.0
14.491704356998525,nav_to_wp,0,0.004970823414623737,0.8171411156654358,1.7948732376098633,0.0009237813064828515,0.32455554604530334,-0.0005588345229625702,-3.9128727760482787e-19,0.8340053084357533,1.7994451284176103,0.38044902585485135,32744,0.2282328721596656,-0.004822206163932119,-0.005711928001044031,0.31666100039728917,4.403091315613894e-20,0.29999999350233,6.2438785657844e-05,3.5,3.5,0.1,0.0,0.0,0.0
14.51221055899805,nav_to_wp,0,0.004963611718267202,0.8232700228691101,1.7948791980743408,0.00043875863775610924,0.32438915967941284,-0.0006236463086679578,-3.9040527870831687e-19,0.8400147151061089,1.7994463791511541,0.3804794837497509,32747,0.22903651054751606,-0.004783641952624856,-0.0054489315787120685,0.6949070011614822,4.403091315613894e-20,0.29999999350233,6.2438785657844e-05,3.5,3.5,0.1,0.0,0.0,0.0
14.53194869899744,nav_to_wp,0,0.004954653326421976,0.8294904828071594,1.7948766946792603,-2.108798253175337e-05,0.324563205242157,-0.0007089662831276655,-3.8952405915913654e-19,0.8460188117754368,1.7994476287795313,0.3805303349189854,32751,0.23037823005238423,-0.004464079907331522,-0.005197095882356617,0.48303000221494585,4.403091315613894e-20,0.29999999350233,6.2438785657844e-05,3.5,3.5,0.1,0.0,0.0,0.0
14.551937527998234,nav_to_wp,0,0.004931113217025995,0.8356778025627136,1.7948766946792603,-0.0005168542847968638,0.3245026767253876,-0.0007672604406252503,-3.8864551470788694e-19,0.8520046819465088,1.7994488746144401,0.3805647624585131,32754,0.23128660840403903,-0.004283738057872705,-0.004911337381478642,0.5139250024512876,4.403091315613894e-20,0.29999999350233,6.2438785657844e-05,3.5,3.5,0.1,0.0,0.0,0.0
14.571934368999791,nav_to_wp,0,0.004897224251180887,0.8418694734573364,1.7948765754699707,-0.0010161399841308594,0.3243900239467621,-0.000742407632060349,-3.8776360325684586e-19,0.858013492816357,1.7994501252239805,0.3805578684424345,32753,0.23110470824365237,-0.004150808934823462,-0.004613405941710003,0.490162998175947,4.403091315613894e-20,0.29999999350233,6.2438785657844e-05,3.5,3.5,0.1,0.0,0.0,0.0
14.591695049999544,nav_to_wp,0,0.004846967291086912,0.8483224511146545,1.7948802709579468,-0.0015555634163320065,0.32398203015327454,-0.0007007287349551916,-3.8688480413092486e-19,0.8640010981865034,1.7994513714200353,0.3805375502658074,32752,0.2305686085964993,-0.0038762762962952367,-0.00427731559003397,0.3145519985991996,4.403091315613894e-20,0.29999999350233,6.2438785657844e-05,3.5,3.5,0.1,0.0,0.0,0.0
14.611884403999284,nav_to_wp,0,0.004797638393938541,0.8545060157775879,1.7948778867721558,-0.002004403853788972,0.32372957468032837,-0.0006884339964017272,-3.86002812015303e-19,0.8700104586559844,1.7994526221439633,0.38053999471119837,32752,0.23063310583636643,-0.0038258161393934214,-0.003989537591948089,0.4358380028861575,4.403091315613894e-20,0.29999999350233,6.2438785657844e-05,3.5,3.5,0.1,0.0,0.0,0.0
14.6319936209984,nav_to_wp,0,0.004734482150524855,0.8606429696083069,1.7948799133300781,-0.0024505748879164457,0.3232385814189911,-0.0006608885014429688,-3.851234586281019e-19,0.8760018404270392,1.7994538691259976,0.3805295370492529,32751,0.2303571780805509,-0.003930955754574048,-0.003688757190328351,0.45813099859515205,4.403091315613894e-20,0.29999999350233,6.2438785657844e-05,3.5,3.5,0.1,0.0,0.0,0.0
14.65169397599675,nav_to_wp,0,0.004660469479858875,0.8670574426651001,1.7948819398880005,-0.0028738947585225105,0.32257041335105896,-0.0006375815719366074,-3.842439118133628e-19,0.88199454009627,1.7994551163823251,0.38052094212298576,32750,0.23013039902336985,-0.0038388609279047005,-0.0033885422983404023,0.3366640012245625,4.403091315613894e-20,0.29999999350233,6.2438785657844e-05,3.5,3.5,0.1,0.0,0.0,0.0
14.671669725998072,nav_to_wp,0,0.00458176713436842,0.8731367588043213,1.7948851585388184,-0.0032347089145332575,0.32180365920066833,-0.0006125126965343952,-3.83364117588756e-19,0.8879889254666001,1.7994563639894965,0.3805106551406972,32749,0.22985897468857885,-0.0041526977440886955,-0.003116251736945852,0.33635699946898967,4.403091315613894e-20,0.29999999350233,6.2438785657844e-05,3.5,3.5,0.1,0.0,0.0,0.0
14.691672798999207,nav_to_wp,0,0.0044969250448048115,0.8792166709899902,1.7948890924453735,-0.0035433846060186625,0.3210545480251312,-0.0005844859406352043,-3.824836270593238e-19,0.893988055036587,1.7994576125840747,0.38049807383369644,32748,0.2295270140816985,-0.004461665985007893,-0.002864914865234214,0.3386589996807743,4.403091315613894e-20,0.29999999350233,6.2438785657844e-05,3.5,3.5,0.1,0.0,0.0,0.0
14.71210696399794,nav_to_wp,0,0.004403511993587017,0.8855999112129211,1.7948930263519287,-0.003801649436354637,0.3202870190143585,-0.0005565565661527216,-3.815974866591602e-19,0.9000256794062778,1.7994588691905482,0.3804851523093143,32747,0.22918607676290925,-0.004501920454179178,-0.0026310515904965914,0.5833319992234465,4.403091315613894e-20,0.29999999350233,6.2438785657844e-05,3.5,3.5,0.1,0.0,0.0,0.0
14.731839319996652,nav_to_wp,0,0.00431049196049571,0.8916172981262207,1.7948979139328003,-0.003986841533333063,0.3193120062351227,-0.0005321953794918954,-3.807212184741633e-19,0.9059960404767639,1.799460111797559,0.3804736237730893,32746,0.22888189374905643,-0.004965147759369496,-0.0024359885581048957,0.438532999396557,4.403091315613894e-20,0.29999999350233,6.2438785657844e-05,3.5,3.5,0.1,0.0,0.0,0.0
14.751742143998854,nav_to_wp,0,0.0042152246460318565,0.8976352214813232,1.794903039932251,-0.004106959793716669,0.31840091943740845,-0.0005051816115155816,-3.7984049647424575e-19,0.9119967471465454,1.799461360720378,0.38046059376044017,32745,0.22853809394301017,-0.005426161277739267,-0.0022727679509519927,0.3665080002974719,4.403091315613894e-20,0.29999999350233,6.2438785657844e-05,3.5,3.5,0.1,0.0,0.0,0.0
14.77179066899771,nav_to_wp,0,0.004119100049138069,0.9036517143249512,1.7949086427688599,-0.004160192329436541,0.31755155324935913,-0.00047644483856856823,-3.7896033481169e-19,0.9179936360166758,1.799462608848601,0.38044614153986595,32744,0.22815676886189706,-0.005852272659850364,-0.0021438045742927514,0.41559200326446444,4.403091315613894e-20,0.29999999350233,6.2438785657844e-05,3.5,3.5,0.1,0.0,0.0,0.0
14.79193087299791,nav_to_wp,0,0.004022027365863323,0.9101032614707947,1.794910192489624,-0.004125490784645081,0.3173562288284302,-0.0004495913744904101,-3.780783002942066e-19,0.9240032853867788,1.7994638596326578,0.3804360470353672,32743,0.227890423096758,-0.0054904824189348,-0.002060039656702095,0.5040629985160194,4.403091315613894e-20,0.29999999350233,6.2438785657844e-05,3.5,3.5,0.1,0.0,0.0,0.0
14.812321157998667,nav_to_wp,0,0.003926586825400591,0.9159199595451355,1.7949200868606567,-0.004054128658026457,0.3157420754432678,-0.00042766862316057086,-3.771862719482991e-19,0.9300810266552184,1.7994651245886328,0.38042138152954746,32742,0.22750347043660746,-0.006613807580884798,-0.0019972839083459704,0.5922560012550093,4.403091315613894e-20,0.29999999350233,6.2438785657844e-05,3.5,3.5,0.1,0.0,0.0,0.0
14.832304220999504,nav_to_wp,0,0.0038389507681131363,0.9219996929168701,1.7949224710464478,-0.0038886028341948986,0.31545552611351013,-0.0004059617640450597,-3.763164237346099e-19,0.9360076459267608,1.799466358091694,0.38041360391984813,32741,0.22729825646037227,-0.006603596450171479,-0.001992200683425205,0.6864069982839283,4.403091315613894e-20,0.29999999350233,6.2438785657844e-05,3.5,3.5,0.1,0.0,0.0,0.0
14.851892745999066,nav_to_wp,0,0.003753617173060775,0.9279496073722839,1.794928789138794,-0.003675050800666213,0.3146744966506958,-0.0003839990822598338,-3.754367037460984e-19,0.9420015254972669,1.7994676055935936,0.3804020280233052,32740,0.22699282383390873,-0.0070606731580830865,-0.0020148084688882406,0.47659699703217484,4.403091315613894e-20,0.29999999350233,6.2438785657844e-05,3.5,3.5,0.1,0.0,0.0,0.0
14.871885546999692,nav_to_wp,0,0.003674048464745283,0.933899462223053,1.7949349880218506,-0.003403355833142996,0.3139905333518982,-0.0003628033446148038,-3.745561262555913e-19,0.948001247567387,1.7994688543114885,0.3803909616698422,32739,0.2267008356158886,-0.007472939753973852,-0.002074047136764401,0.4706290019385051,4.403091315613894e-20,0.29999999350233,6.2438785657844e-05,3.5,3.5,0.1,0.0,0.0,0.0
14.891702460998204,nav_to_wp,0,0.003601335221901536,0.939848780632019,1.7949408292770386,-0.0030778544023633003,0.3134046792984009,-0.00036428135354071856,-3.736759450432766e-19,0.9539982696377429,1.7994701024674344,0.3803916075845622,32739,0.2267178782206365,-0.007831129384835834,-0.002168722544142243,0.33853900094982237,4.403091315613894e-20,0.29999999350233,6.2438785657844e-05,3.5,3.5,0.1,0.0,0.0,0.0
14.911973368998588,nav_to_wp,0,0.003564566606655717,0.9426703453063965,1.7949494123458862,-0.0029190308414399624,0.3124420940876007,-0.0003909723600372672,-3.727936677835133e-19,0.9600095729068268,1.799471353595716,0.38041468000508233,32741,0.22732664921061385,-0.011690881975266899,-0.00221342972860894,0.5225659988354892,4.403091315613894e-20,0.29999999350233,6.2438785657844e-05,3.5,3.5,0.1,0.0,0.0,0.0
14.931973639999342,nav_to_wp,0,0.0034802299924194813,0.9517444968223572,1.7949477434158325,-0.002290853066369891,0.3125218152999878,-0.0005207322537899017,-3.7191465088055613e-19,0.9659986620778929,1.7994726001005932,0.3804753813240443,32746,0.22892826712517866,-0.008403563448187944,-0.002454619582170414,0.48335199971916154,4.403091315613894e-20,0.29999999350233,6.2438785657844e-05,3.5,3.5,0.1,0.0,0.0,0.0
14.95166965899989,nav_to_wp,0,0.0034333595540374517,0.9576911330223083,1.794948697090149,-0.0018419615225866437,0.31222158670425415,-0.0005650186212733388,-3.710353206978614e-19,0.9719898857474853,1.7994738470497218,0.38050325857306355,32749,0.2296638145927048,-0.008607638024739862,-0.002641114531330757,0.3329760002088733,4.403091315613894e-20,0.29999999350233,6.2438785657844e-05,3.5,3.5,0.1,0.0,0.0,0.0
14.971675732998847,nav_to_wp,0,0.0033963886089622974,0.9636378884315491,1.7949501276016235,-0.0013648843159899116,0.3120369017124176,-0.0005179997533559799,-3.7015343892370237e-19,0.9779984944170206,1.7994750976171783,0.38048480737758417,32747,0.2291769756618507,-0.00877017175495231,-0.0028531495402466245,0.3081719987676479,4.403091315613894e-20,0.29999999350233,6.2438785657844e-05,3.5,3.5,0.1,0.0,0.0,0.0
14.991946287998871,nav_to_wp,0,0.003369671292603016,0.9695854783058167,1.7949538230895996,-0.0008699241443537176,0.31199902296066284,-0.0003810855560004711,-3.692721033970017e-19,0.9840033812869787,1.7994763474100193,0.3804183494813707,32741,0.22742346916545308,-0.008851874031025511,-0.0030857753121742437,0.5215320015850011,4.403091315613894e-20,0.29999999350233,6.2438785657844e-05,3.5,3.5,0.1,0.0,0.0,0.0
15.011982354997599,nav_to_wp,0,0.0033530830405652523,0.9758180379867554,1.7949602603912354,-0.00034221968962810934,0.3119962811470032,-0.00026273285038769245,-3.683888274278556e-19,0.99002148915735,1.7994775999545378,0.3803567852923936,32736,0.225799084232019,-0.008629219133626811,-0.0033463098409813874,0.5097859975649044,4.403091315613894e-20,0.29999999350233,6.2438785657844e-05,3.5,3.5,0.1,0.0,0.0,0.0
15.03172410699699,nav_to_wp,0,0.003347666235640645,0.9817169904708862,1.794969081878662,0.00015891308430582285,0.3118875324726105,-0.00021804752759635448,-3.6751015665203067e-19,0.996008220027623,1.7994788459685833,0.38033031996841604,32734,0.22510079072337774,-0.00877933847590186,-0.0036043723242122905,0.3120020010101143,4.403091315613894e-20,0.29999999350233,6.2438785657844e-05,3.5,3.5,0.1,0.0,0.0,0.0
15.05169216899958,nav_to_wp,0,0.0033470438793301582,0.9845106601715088,1.7949802875518799,0.00039123359601944685,0.311131089925766,-0.0001993363257497549,-3.6663127347108434e-19,1.0019963980978395,1.7994800922838339,0.38032841667321754,32734,0.22505057185270338,-0.012537148643179705,-0.003725905000835583,0.3316889997222461,4.403091315613894e-20,0.29999999350233,6.2438785657844e-05,3.5,3.5,0.1,0.0,0.0,0.0
15.071656065996649,nav_to_wp,0,0.003357263980433345,0.9906842112541199,1.794988989830017,0.0009003515588119626,0.3110017776489258,-0.00024332525208592415,-3.657519677255082e-19,1.0079874552676955,1.799481339198309,0.3803454041840146,32735,0.22549879113494775,-0.012412664393285339,-0.00400420238287813,0.32539300082135014,4.403091315613894e-20,0.29999999350233,6.2438785657844e-05,3.5,3.5,0.1,0.0,0.0,0.0
15.091753808999783,nav_to_wp,0,0.003377577057108283,0.9968435168266296,1.794995903968811,0.001381298410706222,0.31087201833724976,-0.0003369194455444813,-3.6486869140411856e-19,1.0140055655380416,1.799482591743327,0.3803896615365676,32739,0.22666653130785086,-0.012330977364429244,-0.004277969758525568,0.34477300141588785,4.403091315613894e-20,0.29999999350233,6.2438785657844e-05,3.5,3.5,0.1,0.0,0.0,0.0
15.111734398997214,nav_to_wp,0,0.003405354218557477,1.0026823282241821,1.7950021028518677,0.001803640858270228,0.310693621635437,-0.0003452301025390625,-3.639898309871739e-19,1.0199935885081282,1.7994838380262965,0.38039371636462166,32739,0.22677351885545072,-0.012581579646368985,-0.004529190876035205,0.35889899663743563,4.403091315613894e-20,0.29999999350233,6.2438785657844e-05,3.5,3.5,0.1,0.0,0.0,0.0
15.131708839999192,nav_to_wp,0,0.0034407740458846092,1.0085417032241821,1.795008659362793,0.0021889344789087772,0.3107207119464874,-0.00033283792436122894,-3.6310762871204364e-19,1.0260043808773054,1.7994850890482448,0.3803864875665976,32739,0.2265827853983513,-0.012726827239159102,-0.004769105765312753,0.30643700301880017,4.403091315613894e-20,0.29999999350233,6.2438785657844e-05,3.5,3.5,0.1,0.0,0.0,0.0
15.151772503999382,nav_to_wp,0,0.003482945030555129,1.01442289352417,1.795015573501587,0.0025295461528003216,0.3109709918498993,-0.0003190399147570133,-3.6222750399133366e-19,1.0320010180480568,1.7994863371240817,0.38037734313396176,32738,0.22634150749239268,-0.012716953028813538,-0.004992661016057998,0.39592700341017917,4.403091315613894e-20,0.29999999350233,6.2438785657844e-05,3.5,3.5,0.1,0.0,0.0,0.0
15.171704335996765,nav_to_wp,0,0.003530812216922641,1.020327091217041,1.7950228452682495,0.00281683006323874,0.31141677498817444,-0.0003328523598611355,-3.613468123727853e-19,1.0380015177175763,1.7994875860038178,0.3803809347626613,32738,0.22643627342114137,-0.012583714783967557,-0.0051940031745632,0.3157739993184805,4.403091315613894e-20,0.29999999350233,6.2438785657844e-05,3.5,3.5,0.1,0.0,0.0,0.0
15.19196886699865,nav_to_wp,0,0.0035831579007208347,1.0262552499771118,1.7950290441513062,0.003046024590730667,0.31202515959739685,-0.00041293795220553875,-3.6046586352559946e-19,1.04400376998735,1.7994888352483214,0.3804184525140797,32741,0.2274261877065875,-0.012340520207901485,-0.005369029493257571,0.5380570000852458,4.403091315613894e-20,0.29999999350233,6.2438785657844e-05,3.5,3.5,0.1,0.0,0.0,0.0
15.211928832999547,nav_to_wp,0,0.003641420044004917,1.0324652194976807,1.795033574104309,0.003221467137336731,0.312623530626297,-0.0005031970795243979,-3.5958493638552437e-19,1.0500058743580087,1.7994900844620427,0.38046180304900523,32745,0.2285700012930132,-0.011805987629163288,-0.0055219002397417505,0.4998920012440067,4.403091315613894e-20,0.29999999350233,6.2438785657844e-05,3.5,3.5,0.1,0.0,0.0,0.0
15.231997859998955,nav_to_wp,0,0.0036984747275710106,1.0383938550949097,1.7950371503829956,0.0033186390064656734,0.3132871091365814,-0.000584521796554327,-3.5870320616580757e-19,1.0560134504272998,1.799491334814585,0.3805030638207359,32749,0.22965867600886192,-0.011538887579995851,-0.005632356812117267,0.5370139988372102,4.403091315613894e-20,0.29999999350233,6.2438785657844e-05,3.5,3.5,0.1,0.0,0.0,0.0
15.251888663999125,nav_to_wp,0,0.003756005549803376,1.0443533658981323,1.7950392961502075,0.0033468909095972776,0.3140912353992462,-0.0006624322850257158,-3.578245231053476e-19,1.0620002649976408,1.799492580846051,0.3805438067513756,32752,0.23073368737138722,-0.011143705436891204,-0.005707075382018534,0.4753599969262723,4.403091315613894e-20,0.29999999350233,6.2438785657844e-05,3.5,3.5,0.1,0.0,0.0,0.0
15.271895666999626,nav_to_wp,0,0.0038125545252114534,1.0503435134887695,1.7950406074523926,0.0033041194546967745,0.31500598788261414,-0.0007150361780077219,-3.5694326309156525e-19,1.068004637368276,1.7994938305318096,0.3805726291903831,32755,0.23149417388873417,-0.010677055021675621,-0.0057436020132377585,0.4771679996338207,4.403091315613894e-20,0.29999999350233,6.2438785657844e-05,3.5,3.5,0.1,0.0,0.0,0.0
15.291991682999651,nav_to_wp,0,0.0038666692562401295,1.0563634634017944,1.7950421571731567,0.0031915840227156878,0.316000372171402,-0.0006897866260260344,-3.56061474266622e-19,1.0740126127381107,1.7994950809674577,0.3805619588747344,32754,0.23121263521726476,-0.010142142946290875,-0.0057415000651948045,0.5224220003583468,4.403091315613894e-20,0.29999999350233,6.2438785657844e-05,3.5,3.5,0.1,0.0,0.0,0.0
15.312171265999496,nav_to_wp,0,0.003919693175703287,1.0624455213546753,1.7950406074523926,0.0030260321218520403,0.3171987533569336,-0.0006781572010368109,-3.5517599485866454e-19,1.0800457335069595,1.7994963366366001,0.3805614973783778,32754,0.23120045853239368,-0.009460876427435195,-0.005710234795718749,0.5659839989675675,4.403091315613894e-20,0.29999999350233,6.2438785657844e-05,3.5,3.5,0.1,0.0,0.0,0.0
15.332136375996924,nav_to_wp,0,0.003964964300394058,1.068519949913025,1.7950435876846313,0.0027731317095458508,0.3182658851146698,-0.0006491490639746189,-3.5429595102278775e-19,1.0860418195774115,1.799497584597737,0.3805468617019928,32752,0.23081429292856903,-0.008818010232004861,-0.005625124173713747,0.5266409971227404,4.403091315613894e-20,0.29999999350233,6.2438785657844e-05,3.5,3.5,0.1,0.0,0.0,0.0
15.351884667998092,nav_to_wp,0,0.004003630951046944,1.0746210813522339,1.7950475215911865,0.0024540203157812357,0.3193403482437134,-0.0006183087825775146,-3.534213287132988e-19,1.0920009666483168,1.799498824870786,0.3805299588879764,32751,0.23036830838987754,-0.008104390924230579,-0.00549829766796095,0.47657499817432836,4.403091315613894e-20,0.29999999350233,6.2438785657844e-05,3.5,3.5,0.1,0.0,0.0,0.0
15.371887061999587,nav_to_wp,0,0.004034442827105522,1.080747127532959,1.7950520515441895,0.002073061652481556,0.3203968107700348,-0.0005856237839907408,-3.525406245458126e-19,1.0980015518187038,1.7995000737683173,0.380511588732754,32749,0.22988360772437844,-0.007417572364364166,-0.005330715615671666,0.47533100223517977,4.403091315613894e-20,0.29999999350233,6.2438785657844e-05,3.5,3.5,0.1,0.0,0.0,0.0
15.391940805999184,nav_to_wp,0,0.004056258127093315,1.0868955850601196,1.7950574159622192,0.0016351204831153154,0.32141241431236267,-0.0005511788185685873,-3.5165878358833893e-19,1.1040098823880484,1.799501324277893,0.38049142207493136,32748,0.2293515059348632,-0.006736782107041737,-0.005123731480962235,0.4988799992133863,4.403091315613894e-20,0.29999999350233,6.2438785657844e-05,3.5,3.5,0.1,0.0,0.0,0.0
15.411956569998438,nav_to_wp,0,0.004068060778081417,1.093064308166504,1.7950637340545654,0.001146242837421596,0.32236650586128235,-0.0005153673700988293,-3.5077833550465857e-19,1.1100087227583715,1.7995025728122802,0.3804694981743883,32746,0.22877303890206413,-0.006057002994295141,-0.004879445670247007,0.49634000242804177,4.403091315613894e-20,0.29999999350233,6.2438785657844e-05,3.5,3.5,0.1,0.0,0.0,0.0
15.431921903997136,nav_to_wp,0,0.004068981856107712,1.0992506742477417,1.7950708866119385,0.0006143536302261055,0.3232393264770508,-0.0004786485806107521,-3.4989759126918487e-19,1.1160095809277755,1.7995038217666306,0.38044626481645727,32744,0.228160021542406,-0.005403464380246531,-0.0046010956253972335,0.47864700172794983,4.403091315613894e-20,0.29999999350233,6.2438785657844e-05,3.5,3.5,0.1,0.0,0.0,0.0
15.451890890999493,nav_to_wp,0,0.004058324731886387,1.105452060699463,1.7950787544250488,4.742444070870988e-05,0.3240131139755249,-0.0004415796138346195,-3.4901769555325523e-19,1.1220046577985543,1.7995050695177235,0.380422150782203,32742,0.22752376734044688,-0.004780053990028331,-0.004292125973551553,0.4754209985549096,4.403091315613894e-20,0.29999999350233,6.2438785657844e-05,3.5,3.5,0.1,0.0,0.0,0.0
15.47188660199754,nav_to_wp,0,0.004035573918372393,1.1116652488708496,1.7950873374938965,-0.000546362716704607,0.32467350363731384,-0.00040487549267709255,-3.4813771159942774e-19,1.1280003358689643,1.7995063173939436,0.3803975376726491,32740,0.2268743449247772,-0.004204417333050351,-0.003956284678395594,0.47846499728620984,4.403091315613894e-20,0.29999999350233,6.2438785657844e-05,3.5,3.5,0.1,0.0,0.0,0.0
15.49203248899721,nav_to_wp,0,0.004000392276793718,1.1178876161575317,1.7950961589813232,-0.0011578196426853538,0.32520973682403564,-0.0003694274928420782,-3.472544353222487e-19,1.1340184458380855,1.7995075699388987,0.380373501668501,32737,0.22624014956466887,-0.003707922772963861,-0.0035980317480337476,0.5459189997054636,4.403091315613894e-20,0.29999999350233,6.2438785657844e-05,3.5,3.5,0.1,0.0,0.0,0.0
15.512105266996514,nav_to_wp,0,0.0039526536129415035,1.1241155862808228,1.795105218887329,-0.0017766512464731932,0.3256126046180725,-0.0003470515366643667,-3.463740513034902e-19,1.1400168497088052,1.7995088183824377,0.38035586577063774,32736,0.22577482244426683,-0.0032548249511681294,-0.0032225960679299614,0.6234370011952706,4.403091315613894e-20,0.29999999350233,6.2438785657844e-05,3.5,3.5,0.1,0.0,0.0,0.0
15.531947214996762,nav_to_wp,0,0.003892493201419711,1.1303460597991943,1.795113444328308,-0.002393614035099745,0.325874924659729,-0.0004071244038641453,-3.454949945527978e-19,1.146006210378222,1.7995100649438216,0.3803806728851463,32738,0.22642936372417566,-0.002863131440333407,-0.002834728456320157,0.5070950028311927,4.403091315613894e-20,0.29999999350233,6.2438785657844e-05,3.5,3.5,0.1,0.0,0.0,0.0
15.551928840999608,nav_to_wp,0,0.003820191603153944,1.136575698852539,1.7951200008392334,-0.0029963573906570673,0.3259948194026947,-0.00047392991837114096,-3.4461475552784477e-19,1.1520036263489057,1.7995113131817497,0.3804111204267073,32741,0.2272327289368672,-0.0025556817938086267,-0.0024415850012720064,0.5004449994885363,4.403091315613894e-20,0.29999999350233,6.2438785657844e-05,3.5,3.5,0.1,0.0,0.0,0.0
15.571979778997047,nav_to_wp,0,0.003736278507858515,1.1428018808364868,1.7951250076293945,-0.0035727976355701685,0.32596996426582336,-0.0005409680306911469,-3.4373399187460336e-19,1.1580046168192268,1.7995125621636356,0.38044378731984974,32744,0.22809465223877723,-0.002331758167876622,-0.0020501121279317136,0.5485590008902363,4.403091315613894e-20,0.29999999350233,6.2438785657844e-05,3.5,3.5,0.1,0.0,0.0,0.0
15.592001405999326,nav_to_wp,0,0.0036338975187391043,1.1496126651763916,1.7951273918151855,-0.004154516849666834,0.3256409168243408,-0.0006275447085499763,-3.4285209860839735e-19,1.1640133037886147,1.7995138127473886,0.38048924580718607,32747,0.2292940846223228,-0.001661208363994385,-0.0016364612727857164,0.5303309990267735,4.403091315613894e-20,0.29999999350233,6.2438785657844e-05,3.5,3.5,0.1,0.0,0.0,0.0
15.612121401998593,nav_to_wp,0,0.00352548249065876,1.1559902429580688,1.7951288223266602,-0.0046593789011240005,0.32468223571777344,-0.0007214736542664468,-3.4196954756438807e-19,1.1700264724578486,1.7995150642639146,0.3805402429771434,32752,0.23063965638900719,-0.0017817938148029264,-0.0012569428616693301,0.5771389987785369,4.403091315613894e-20,0.29999999350233,6.2438785657844e-05,3.5,3.5,0.1,0.0,0.0,0.0
15.632009243996436,nav_to_wp,0,0.003412865800783038,1.162032961845398,1.7951292991638184,-0.005088492296636105,0.3236084282398224,-0.0007763003814034164,-3.41089466654514e-19,1.1760228111280797,1.799516312277625,0.3805732654200832,32755,0.23151096095206114,-0.0022972026105889005,-0.0009129593190642105,0.5102290015202016,4.403091315613894e-20,0.29999999350233,6.2438785657844e-05,3.5,3.5,0.1,0.0,0.0,0.0
15.652463009999337,nav_to_wp,0,0.0032929712906479836,1.1680785417556763,1.7951298952102661,-0.005456821992993355,0.32254132628440857,-0.0007567237480543554,-3.401888678234459e-19,1.182158946495306,1.7995175893871225,0.38056927990055395,32754,0.23140580212543327,-0.0029531999305140322,-0.0005933850755683867,0.5261990008875728,4.403091315613894e-20,0.29999999350233,6.2438785657844e-05,3.5,3.5,0.1,0.0,0.0,0.0
15.671894211998733,nav_to_wp,0,0.003161676460877061,1.1744295358657837,1.7951303720474243,-0.005765056703239679,0.32143017649650574,-0.0007350705564022064,-3.3933172376095008e-19,1.187999007369525,1.799518804874846,0.38056376760907107,32754,0.23126035907839082,-0.0030001641296450547,-0.0002934048241280962,0.4856329978792928,4.403091315613894e-20,0.29999999350233,6.2438785657844e-05,3.5,3.5,0.1,0.0,0.0,0.0
15.691903030998219,nav_to_wp,0,0.003032246371731162,1.1804131269454956,1.7951325178146362,-0.0059806243516504765,0.32009243965148926,-0.0007136283093132079,-3.3845098269566858e-19,1.1939998439391577,1.7995200538247007,0.3805572193787636,32753,0.231087582553128,-0.003721387391049069,-4.407662636163323e-05,0.49191300058737397,4.403091315613894e-20,0.29999999350233,6.2438785657844e-05,3.5,3.5,0.1,0.0,0.0,0.0
15.711969498999679,nav_to_wp,0,0.0029001713264733553,1.1863969564437866,1.795135259628296,-0.006114569026976824,0.3188133239746094,-0.000685847015120089,-3.375688308799517e-19,1.2000102925084315,1.7995213047750944,0.3805469410586063,32752,0.23081638677061456,-0.004421724775493715,0.00016514460717198531,0.5230460010352544,4.403091315613894e-20,0.29999999350233,6.2438785657844e-05,3.5,3.5,0.1,0.0,0.0,0.0
15.731936035997933,nav_to_wp,0,0.0027671942953020334,1.1923781633377075,1.7951393127441406,-0.006164431571960449,0.3176004886627197,-0.0006525517092086375,-3.36689167955541e-19,1.206003783278692,1.7995225521960732,0.3805323601608691,32751,0.23043166651369518,-0.005072255420679611,0.00033113766860948246,0.5016719987906981,4.403091315613894e-20,0.29999999350233,6.2438785657844e-05,3.5,3.5,0.1,0.0,0.0,0.0
15.75188313399849,nav_to_wp,0,0.002635057782754302,1.1983551979064941,1.7951440811157227,-0.006127627566456795,0.3164557218551636,-0.0006145272636786103,-3.358090595703473e-19,1.212000309149122,1.7995238002487453,0.38051461984925733,32750,0.22996358441312026,-0.005694684633575661,0.00045071173891853,0.47649200132582337,4.403091315613894e-20,0.29999999350233,6.2438785657844e-05,3.5,3.5,0.1,0.0,0.0,0.0
15.7719315669965,nav_to_wp,0,0.0025055466685444117,1.2043265104293823,1.795149803161621,-0.0060059307143092155,0.31538429856300354,-0.0005724060465581715,-3.349267717431164e-19,1.2180116844185345,1.7995250513920122,0.380493740905895,32748,0.22941268880989263,-0.0063003001434186745,0.0005229192050260068,0.49080200187745504,4.403091315613894e-20,0.29999999350233,6.2438785657844e-05,3.5,3.5,0.1,0.0,0.0,0.0
15.791877664996719,nav_to_wp,0,0.0023748218081891537,1.2105902433395386,1.7951561212539673,-0.005785378161817789,0.31435155868530273,-0.0005292348796501756,-3.3404772784923463e-19,1.2240009574894253,1.7995262979351643,0.3804708128792202,32746,0.22880772768390933,-0.006555012287179401,0.0005444489099024619,0.47216800157912076,4.403091315613894e-20,0.29999999350233,6.2438785657844e-05,3.5,3.5,0.1,0.0,0.0,0.0
15.81195725499856,nav_to_wp,0,0.0022568020503968,1.2164908647537231,1.795163869857788,-0.0054921661503612995,0.31321343779563904,-0.0004889968549832702,-3.3316605081877896e-19,1.2300081711592823,1.7995275482122806,0.38044879675150417,32744,0.22822682721646714,-0.007265782976472753,0.0005144251216371298,0.5168059979041573,4.403091315613894e-20,0.29999999350233,6.2438785657844e-05,3.5,3.5,0.1,0.0,0.0,0.0
15.8321872359993,nav_to_wp,0,0.002146262675523758,1.2223901748657227,1.7951724529266357,-0.005123744253069162,0.31222471594810486,-0.00044638337567448616,-3.322766388777952e-19,1.2360680858280932,1.7995288094580182,0.38042467461736756,32742,0.2275903592972952,-0.007954931170088149,0.000436995276036356,0.5041380027250852,4.403091315613894e-20,0.29999999350233,6.2438785657844e-05,3.5,3.5,0.1,0.0,0.0,0.0
15.85164169699783,nav_to_wp,0,0.002044638618826866,1.2282880544662476,1.7951816320419312,-0.00468476302921772,0.31138190627098083,-0.0004029187257401645,-3.3140784410371543e-19,1.2419875275997079,1.7995300414672315,0.3803987908622149,32740,0.2269074106125295,-0.00842127997538264,0.0003130850126744633,0.31337199834524654,4.403091315613894e-20,0.29999999350233,6.2438785657844e-05,3.5,3.5,0.1,0.0,0.0,0.0
15.87165074099903,nav_to_wp,0,0.0019532362930476665,1.234184741973877,1.7951911687850952,-0.004181673284620047,0.31067797541618347,-0.00035978714004158974,-3.305274598208143e-19,1.2479859332701355,1.799531289911145,0.38037276275129245,32737,0.22622065306840078,-0.008898967483345913,0.00014470052876291994,0.3257329990447033,4.403091315613894e-20,0.29999999350233,6.2438785657844e-05,3.5,3.5,0.1,0.0,0.0,0.0
15.891690592998202,nav_to_wp,0,0.00187320401892066,1.2400805950164795,1.7952008247375488,-0.003622680436819792,0.3101103603839874,-0.000361392623744905,-3.296445909175806e-19,1.2540012676397478,1.7995325418784167,0.3803688590117485,32737,0.22611765202502454,-0.009323179252259143,-6.505664077227635e-05,0.31754999872646295,4.403091315613894e-20,0.29999999350233,6.2438785657844e-05,3.5,3.5,0.1,0.0,0.0,0.0
15.911965084997064,nav_to_wp,0,0.0018054908141493797,1.2459763288497925,1.7952091693878174,-0.0030171803664416075,0.30968087911605835,-0.00042010238394141197,-3.287632185810253e-19,1.2600064053097768,1.7995337917234564,0.3803949174846031,32739,0.2268052106755416,-0.009663406847638407,-0.00031220252648478386,0.5314970003382768,4.403091315613894e-20,0.29999999350233,6.2438785657844e-05,3.5,3.5,0.1,0.0,0.0,0.0
15.932011913999304,nav_to_wp,0,0.0017508453456684947,1.2518726587295532,1.7952159643173218,-0.002375901909545064,0.3093881607055664,-0.0004778788425028324,-3.2788076471315477e-19,1.2660189118796152,1.7995350431021802,0.38042227142364426,32742,0.2275269504919315,-0.009938773335670455,-0.0005918627441585667,0.5060999974375591,4.403091315613894e-20,0.29999999350233,6.2438785657844e-05,3.5,3.5,0.1,0.0,0.0,0.0
15.951994975999696,nav_to_wp,0,0.0017097756499424577,1.2577710151672363,1.795221209526062,-0.0017091287299990654,0.3092278242111206,-0.0005369797581806779,-3.270025278179649e-19,1.2720026865498375,1.799536288500954,0.3804518869292095,32744,0.22830836224827067,-0.01011210527124217,-0.0008991532748932052,0.4930379982397426,4.403091315613894e-20,0.29999999350233,6.2438785657844e-05,3.5,3.5,0.1,0.0,0.0,0.0
15.971921325999574,nav_to_wp,0,0.0016825671773403883,1.2636723518371582,1.7952250242233276,-0.0010279053822159767,0.3091949224472046,-0.0005972334183752537,-3.261215580560962e-19,1.278005081319602,1.799537537775116,0.38048372940718134,32747,0.22914853317100992,-0.010234805401925968,-0.0012285569025811682,0.4952490016876254,4.403091315613894e-20,0.29999999350233,6.2438785657844e-05,3.5,3.5,0.1,0.0,0.0,0.0
15.991917700997874,nav_to_wp,0,0.0016692382050678134,1.2695778608322144,1.7952275276184082,-0.00034347621840424836,0.3092832863330841,-0.0006583700887858868,-3.252414520486668e-19,1.2840015909893852,1.7995387858244163,0.38051741450986076,32750,0.23003732215991413,-0.01028312280954288,-0.001574173120320932,0.4892010001640301,4.403091315613894e-20,0.29999999350233,6.2438785657844e-05,3.5,3.5,0.1,0.0,0.0,0.0
16.01193344499916,nav_to_wp,0,0.0016694890800863504,1.275595784187317,1.7952252626419067,0.0003390442579984665,0.30998045206069946,-0.0006774280918762088,-3.243598333591348e-19,1.2900084071594984,1.799540036018801,0.3805344386103452,32751,0.23048650686926564,-0.009904559903660255,-0.001933083755721876,0.489625999762211,4.403091315613894e-20,0.29999999350233,6.2438785657844e-05,3.5,3.5,0.1,0.0,0.0,0.0
16.03197088899833,nav_to_wp,0,0.0016832281835377216,1.2815134525299072,1.795227289199829,0.000996996066533029,0.31028351187705994,-0.0006412786897271872,-3.234772390325749e-19,1.2960218707298365,1.7995412875967045,0.38051977947233523,32750,0.23009972222520325,-0.009846358065013557,-0.0022934188939076616,0.4874820006079972,4.403091315613894e-20,0.29999999350233,6.2438785657844e-05,3.5,3.5,0.1,0.0,0.0,0.0
16.051908008997998,nav_to_wp,0,0.0017096190713346004,1.2874391078948975,1.7952300310134888,0.0016239382093772292,0.3106788992881775,-0.0006089280359447002,-3.2259928146958754e-19,1.3020037421994908,1.7995425325993666,0.3805058293921539,32749,0.22973164623097198,-0.00969799432080772,-0.002650777921689773,0.4912330005026888,4.403091315613894e-20,0.29999999350233,6.2438785657844e-05,3.5,3.5,0.1,0.0,0.0,0.0
16.071975448998273,nav_to_wp,0,0.0017477739602327347,1.2933738231658936,1.7952332496643066,0.0022094077430665493,0.31115299463272095,-0.0005783331580460072,-3.217192599573678e-19,1.3079996761700543,1.799543780528847,0.3804920780541154,32748,0.22936881409275323,-0.009513501231951675,-0.002998729562467606,0.4884080008196179,4.403091315613894e-20,0.29999999350233,6.2438785657844e-05,3.5,3.5,0.1,0.0,0.0,0.0
16.09200738099753,nav_to_wp,0,0.0017960622208192945,1.2992122173309326,1.7952405214309692,0.0027351360768079758,0.31119388341903687,-0.0005450972821563482,-3.2083540964905754e-19,1.3140216972398842,1.799545033887817,0.3804732627992843,32746,0.2288723693742547,-0.00968554781378219,-0.003326000958683073,0.5157039995538071,4.403091315613894e-20,0.29999999350233,6.2438785657844e-05,3.5,3.5,0.1,0.0,0.0,0.0
16.111989752997033,nav_to_wp,0,0.001854856382124126,1.305274248123169,1.7952405214309692,0.0032193525694310665,0.3122681677341461,-0.0005219995509833097,-3.1995724553693826e-19,1.320004976010314,1.7995462791833794,0.38046568963415034,32745,0.2286725497137283,-0.009038202472861332,-0.0036424207722638435,0.5518440011655912,4.403091315613894e-20,0.29999999350233,6.2438785657844e-05,3.5,3.5,0.1,0.0,0.0,0.0
16.13199763999728,nav_to_wp,0,0.0019211162580177188,1.3112404346466064,1.795244574546814,0.003629016689956188,0.31288349628448486,-0.0004964901600033045,-3.190746414797095e-19,1.3260185058795404,1.7995475307750817,0.380453220100008,32744,0.22834353825878395,-0.008764799913006244,-0.003927562191391454,0.5131350008014124,4.403091315613894e-20,0.29999999350233,6.2438785657844e-05,3.5,3.5,0.1,0.0,0.0,0.0
16.151927686998533,nav_to_wp,0,0.0019938722252845764,1.3172178268432617,1.7952489852905273,0.0039667729288339615,0.31352517008781433,-0.000473064836114645,-3.1819481326319673e-19,1.3320131228501446,1.7995487784304558,0.3804412007298235,32743,0.2280264044808309,-0.008445850169244642,-0.004181745062112441,0.483481002447661,4.403091315613894e-20,0.29999999350233,6.2438785657844e-05,3.5,3.5,0.1,0.0,0.0,0.0
16.1719851309972,nav_to_wp,0,0.002071517752483487,1.3232061862945557,1.7952533960342407,0.004228420555591583,0.31418514251708984,-0.0004522663075476885,-3.173126539182133e-19,1.3380236227192839,1.7995500293915263,0.3804304865848427,32742,0.2277437093626027,-0.008122400221516137,-0.004401057949198872,0.4963809988112189,4.403091315613894e-20,0.29999999350233,6.2438785657844e-05,3.5,3.5,0.1,0.0,0.0,0.0
16.191706249999697,nav_to_wp,0,0.002152385888621211,1.3292057514190674,1.795257806777954,0.004410629626363516,0.31484830379486084,-0.0004349066875874996,-3.1643566433067558e-19,1.3439988989900702,1.7995512730215344,0.3804213210987479,32742,0.22750187595640625,-0.007748402215005296,-0.0045819891874649965,0.3389649973541964,4.403091315613894e-20,0.29999999350233,6.2438785657844e-05,3.5,3.5,0.1,0.0,0.0,0.0
16.211648807999154,nav_to_wp,0,0.0022347811609506607,1.3352159261703491,1.7952615022659302,0.0045112366788089275,0.3154997229576111,-0.0004919189959764481,-3.155562172897715e-19,1.349990918860775,1.7995525201363758,0.38045026270032406,32744,0.22826550660485445,-0.0073862691914781155,-0.004721159764615956,0.2998119998665061,4.403091315613894e-20,0.29999999350233,6.2438785657844e-05,3.5,3.5,0.1,0.0,0.0,0.0
16.231721109998034,nav_to_wp,0,0.002321148058399558,1.3415228128433228,1.7952628135681152,0.004530524369329214,0.3160906136035919,-0.0005864582490175962,-3.1467505797488406e-19,1.3559946051300862,1.7995537696793367,0.3805002342487062,32748,0.22958401711625775,-0.006755954654816467,-0.0048214719466888045,0.3463869979896117,4.403091315613894e-20,0.29999999350233,6.2438785657844e-05,3.5,3.5,0.1,0.0,0.0,0.0
16.25171434799995,nav_to_wp,0,0.002400733530521393,1.3474984169006348,1.7952628135681152,0.0044586025178432465,0.3164502680301666,-0.0006773460190743208,-3.1379519955320396e-19,1.3619894279004199,1.7995550173775439,0.38055118417977707,32753,0.23092834247432847,-0.00658622913371117,-0.00486668102343657,0.3763569984585047,4.403091315613894e-20,0.29999999350233,6.2438785657844e-05,3.5,3.5,0.1,0.0,0.0,0.0
16.271916839999903,nav_to_wp,0,0.002476806752383709,1.3534883260726929,1.7952616214752197,0.0043065305799245834,0.31681159138679504,-0.0007180855609476566,-3.129126077363996e-19,1.3680028743708028,1.7995562689518882,0.3805784936099098,32755,0.23164890791318626,-0.006420608377649616,-0.004866370953374943,0.49992200001724996,4.403091315613894e-20,0.29999999350233,6.2438785657844e-05,3.5,3.5,0.1,0.0,0.0,0.0
16.291993298997113,nav_to_wp,0,0.0025477996096014977,1.3594914674758911,1.7952606678009033,0.004078001249581575,0.3171583414077759,-0.0007055175956338644,-3.120323124400941e-19,1.374000673740425,1.7995575172696128,0.3805787228395727,32755,0.23165495618925291,-0.006232760016588287,-0.004820887481207015,0.5725329974666238,4.403091315613894e-20,0.29999999350233,6.2438785657844e-05,3.5,3.5,0.1,0.0,0.0,0.0
16.31195098199896,nav_to_wp,0,0.0026122608687728643,1.3655059337615967,1.7952600717544556,0.0037775521632283926,0.31747543811798096,-0.000692862318828702,-3.1115125774251103e-19,1.3800036472107415,1.7995587666642194,0.38057841900872313,32755,0.23164693954414517,-0.006054038268418729,-0.004730750367844649,0.5109640005684923,4.403091315613894e-20,0.29999999350233,6.2438785657844e-05,3.5,3.5,0.1,0.0,0.0,0.0
16.331994398999086,nav_to_wp,0,0.0026672554668039083,1.3713842630386353,1.7952605485916138,0.003404204500839114,0.31710055470466614,-0.0006982802879065275,-3.102687324124433e-19,1.3860166406807406,1.7995600181442812,0.38058695180055735,32756,0.2318720791703779,-0.006392444688595303,-0.0045922468481465195,0.5149649987288285,4.403091315613894e-20,0.29999999350233,6.2438785657844e-05,3.5,3.5,0.1,0.0,0.0,0.0
16.351937905998057,nav_to_wp,0,0.002713592257350683,1.377286672592163,1.795261025428772,0.002974735340103507,0.31681376695632935,-0.0006968630477786064,-3.093900146117e-19,1.3920036919503467,1.7995612642250114,0.3805917954637625,32756,0.23199988031035446,-0.00663202987531152,-0.004415201406257951,0.5040939977334347,4.403091315613894e-20,0.29999999350233,6.2438785657844e-05,3.5,3.5,0.1,0.0,0.0,0.0
16.371931242996652,nav_to_wp,0,0.002750266343355179,1.38321053981781,1.795262098312378,0.002497314242646098,0.3165937066078186,-0.0006884328322485089,-3.085096511994312e-19,1.3980019554209173,1.7995625126393289,0.38059224833221234,32756,0.23201182934597142,-0.006825852993685455,-0.004202855160661878,0.5072940002719406,4.403091315613894e-20,0.29999999350233,6.2438785657844e-05,3.5,3.5,0.1,0.0,0.0,0.0
16.391983645997243,nav_to_wp,0,0.0027764621190726757,1.3891533613204956,1.7952640056610107,0.0019800791051238775,0.3164251148700714,-0.0006730201421305537,-3.0762796677186033e-19,1.4040092194902403,1.7995637629269348,0.38058805192651624,32756,0.2319011062405334,-0.0069822512658330215,-0.003958622967662917,0.5270030014798976,4.403091315613894e-20,0.29999999350233,6.2438785657844e-05,3.5,3.5,0.1,0.0,0.0,0.0
16.412134273999982,nav_to_wp,0,0.002792926738038659,1.3954057693481445,1.7952663898468018,0.0014091635821387172,0.3162389099597931,-0.0006555016152560711,-3.06746617331298e-19,1.4100142011608308,1.7995650127395064,0.3805813367703781,32755,0.23172392533978936,-0.006820163896919074,-0.003675972590396537,0.6398469995474443,4.403091315613894e-20,0.29999999350233,6.2438785657844e-05,3.5,3.5,0.1,0.0,0.0,0.0
16.43200344199795,nav_to_wp,0,0.0027956480626016855,1.4013230800628662,1.7952702045440674,0.0008361350046470761,0.3159177899360657,-0.000635020318441093,-3.0586401278967426e-19,1.4160277343304315,1.7995662643318957,0.38057250259666436,32755,0.23149083368507384,-0.007090213830362119,-0.0033777760128066436,0.4996249990654178,4.403091315613894e-20,0.29999999350233,6.2438785657844e-05,3.5,3.5,0.1,0.0,0.0,0.0
16.4519321939988,nav_to_wp,0,0.0027863525319844484,1.4071094989776611,1.7952754497528076,0.0002476991794537753,0.31498613953590393,-0.0006284344708546996,-3.0498650447404827e-19,1.4220065449004626,1.799567508697495,0.3805700679059737,32754,0.23142659382516229,-0.007782096281226195,-0.0030587867046818484,0.5031440014136024,4.403091315613894e-20,0.29999999350233,6.2438785657844e-05,3.5,3.5,0.1,0.0,0.0,0.0
16.471944773998985,nav_to_wp,0,0.002765874844044447,1.41321861743927,1.7952806949615479,-0.0003384924784768373,0.31557518243789673,-0.0005711793201044202,-3.041050371627566e-19,1.4280123296708644,1.7995687586772153,0.38053916710146374,32752,0.2306112691679072,-0.007364505730535053,-0.002729423989260571,0.5023650010116398,4.403091315613894e-20,0.29999999350233,6.2438785657844e-05,3.5,3.5,0.1,0.0,0.0,0.0
16.491976581997733,nav_to_wp,0,0.0027336713392287493,1.4191776514053345,1.7952882051467896,-0.0009220459614880383,0.3153916895389557,-0.0005327427061274648,-3.0322490869951863e-19,1.4340089923409363,1.7995700067583593,0.38051645665368306,32750,0.23001204890984184,-0.007500942540399365,-0.0023890168013143143,0.5189010007597972,4.403091315613894e-20,0.29999999350233,6.2438785657844e-05,3.5,3.5,0.1,0.0,0.0,0.0
16.51215388499986,nav_to_wp,0,0.002702675759792328,1.4222794771194458,1.795301079750061,-0.0012886393815279007,0.314485102891922,-0.0004910879069939256,-3.0234270871389154e-19,1.4400197691108245,1.799571257777061,0.38049764117621687,32748,0.22951559831706625,-0.011036047360046354,-0.0021638585395353793,0.5798269994556904,4.403091315613894e-20,0.29999999350233,6.2438785657844e-05,3.5,3.5,0.1,0.0,0.0,0.0
16.532032629998866,nav_to_wp,0,0.0026582651771605015,1.4282314777374268,1.795305848121643,-0.0018134660786017776,0.3143133521080017,-0.00047151732724159956,-3.014634526791912e-19,1.4460104875808595,1.799572504621043,0.380488028750745,32747,0.22926197231516987,-0.011167309909939076,-0.0018413542558985974,0.5570110006374307,4.403091315613894e-20,0.29999999350233,6.2438785657844e-05,3.5,3.5,0.1,0.0,0.0,0.0
16.55184276199725,nav_to_wp,0,0.0025993953458964825,1.4340465068817139,1.795316219329834,-0.002337711164727807,0.31355252861976624,-0.00043883081525564194,-3.0058545927497903e-19,1.4519926032509274,1.7995737496745303,0.38046683081451194,32746,0.22870266001350537,-0.01174357109149668,-0.0015039842498500988,0.47183800052152947,4.403091315613894e-20,0.29999999350233,6.2438785657844e-05,3.5,3.5,0.1,0.0,0.0,0.0
16.571893752996402,nav_to_wp,0,0.0025245293509215117,1.4401577711105347,1.795332670211792,-0.0028602767270058393,0.31419992446899414,-0.0002552673686295748,-2.9970352801003636e-19,1.458001549120709,1.799575000312168,0.3803581565424063,32736,0.22583526497114015,-0.011298875085871875,-0.001150906018652531,0.48315800086129457,4.403091315613894e-20,0.29999999350233,6.2438785657844e-05,3.5,3.5,0.1,0.0,0.0,0.0
16.592018392999307,nav_to_wp,0,0.002451353007927537,1.4461393356323242,1.7953433990478516,-0.003284171922132373,0.31422191858291626,-0.00013365759514272213,-2.9882141406074467e-19,1.4640117396910797,1.7995762512088644,0.3802897070680277,32730,0.22402921023819644,-0.011319449389337153,-0.0008512111998275618,0.5405489973782096,4.403091315613894e-20,0.29999999350233,6.2438785657844e-05,3.5,3.5,0.1,0.0,0.0,0.0
16.612116000997048,nav_to_wp,0,0.002365448512136936,1.4521331787109375,1.795361042022705,-0.003695505438372493,0.31441667675971985,-4.9120280891656876e-05,-2.979409406153664e-19,1.470010752860663,1.7995774997792162,0.3802306684628213,32725,0.2224714633989766,-0.011224195220885292,-0.0005446123750461052,0.6164000005810522,4.403091315613894e-20,0.29999999350233,6.2438785657844e-05,3.5,3.5,0.1,0.0,0.0,0.0
16.63191880299928,nav_to_wp,0,0.002274187980219722,1.4579989910125732,1.7953797578811646,-0.00405832938849926,0.31408509612083435,-2.6511726900935173e-05,-2.9706168321558204e-19,1.4760014806315542,1.799578746625134,0.38020300800302337,32723,0.22174163596367613,-0.011530873055785103,-0.0002577815362070357,0.5036980001023039,4.403091315613894e-20,0.29999999350233,6.2438785657844e-05,3.5,3.5,0.1,0.0,0.0,0.0
16.651937941998767,nav_to_wp,0,0.0021698896307498217,1.464439034461975,1.795397162437439,-0.004393183160573244,0.3151070177555084,-5.2235089242458344e-05,-2.9618003467312625e-19,1.482008500201422,1.7995799968618522,0.38019568089941697,32722,0.22154830869173914,-0.010537877725380727,2.8092848900485023e-05,0.49343399950885214,4.403091315613894e-20,0.29999999350233,6.2438785657844e-05,3.5,3.5,0.1,0.0,0.0,0.0
16.671877725999366,nav_to_wp,0,0.0020605172030627728,1.4708571434020996,1.7954133749008179,-0.00466878479346633,0.3159915804862976,-9.632948786020279e-05,-2.953003569983754e-19,1.4880020914715726,1.7995812443037482,0.38019970943436604,32723,0.22165460248986868,-0.009625779313938324,0.0002881382501502827,0.46999600090202875,4.403091315613894e-20,0.29999999350233,6.2438785657844e-05,3.5,3.5,0.1,0.0,0.0,0.0
16.691899161996844,nav_to_wp,0,0.0019524723757058382,1.4769248962402344,1.7954277992248535,-0.004876481369137764,0.3166029453277588,-0.00020442926324903965,-2.944194779841601e-19,1.49400386794175,1.7995824934492237,0.3802400752096904,32726,0.22271966252481157,-0.009233768074656175,0.0005110122385043603,0.4872520003118552,4.403091315613894e-20,0.29999999350233,6.2438785657844e-05,3.5,3.5,0.1,0.0,0.0,0.0
16.712044521998905,nav_to_wp,0,0.0018419735133647919,1.4830029010772705,1.795438528060913,-0.005031044129282236,0.31723955273628235,-0.0003583049401640892,-2.935361405479486e-19,1.500022394611503,1.7995837460809065,0.38030799079751776,32732,0.22451163054136458,-0.008834760772605879,0.0007084243549049241,0.5227559995546471,4.403091315613894e-20,0.29999999350233,6.2438785657844e-05,3.5,3.5,0.1,0.0,0.0,0.0
16.731997578997834,nav_to_wp,0,0.0017301172483712435,1.4890910387039185,1.7954456806182861,-0.005131641868501902,0.31788262724876404,-0.0005135564133524895,-2.926565258815491e-19,1.5060155565808824,1.7995849934334525,0.38038098776489704,32738,0.2264376718970187,-0.008395054554241988,0.0008788071121637042,0.5160309992788825,4.403091315613894e-20,0.29999999350233,6.2438785657844e-05,3.5,3.5,0.1,0.0,0.0,0.0
16.751913892996527,nav_to_wp,0,0.0016180110396817327,1.4951882362365723,1.7954492568969727,-0.005180286709219217,0.31850558519363403,-0.0006537996232509613,-2.917778520675232e-19,1.512002308151618,1.7995862394518065,0.3804510037293066,32744,0.22828505882075412,-0.007949890621155292,0.0010220842890737991,0.4983239996363409,4.403091315613894e-20,0.29999999350233,6.2438785657844e-05,3.5,3.5,0.1,0.0,0.0,0.0
16.77195164099976,nav_to_wp,0,0.001501743565313518,1.5015978813171387,1.795450210571289,-0.005172316916286945,0.31910863518714905,-0.0007260867860168219,-2.9089520428755943e-19,1.5180161359210984,1.7995874911055105,0.38048958929202625,32747,0.2293031475468652,-0.007215963835153052,0.0011400208134373369,0.4969219990016427,4.403091315613894e-20,0.29999999350233,6.2438785657844e-05,3.5,3.5,0.1,0.0,0.0,0.0
16.791927648999263,nav_to_wp,0,0.0013930791756138206,1.5076558589935303,1.7954503297805786,-0.005112087819725275,0.31939375400543213,-0.0007989355362951756,-2.9001483453490624e-19,1.5240144425912108,1.799588739528819,0.38053102453945925,32751,0.23039642584325115,-0.0070025962025224205,0.0012224653958941012,0.47462400107178837,4.403091315613894e-20,0.29999999350233,6.2438785657844e-05,3.5,3.5,0.1,0.0,0.0,0.0
16.812104388998705,nav_to_wp,0,0.0012871185317635536,1.5137253999710083,1.7954487800598145,-0.005004246719181538,0.3196691572666168,-0.0008658308070152998,-2.8913267514571214e-19,1.5300249427615744,1.7995899904899524,0.3805715963306456,32755,0.23146692165291682,-0.00679505879424366,0.0012770318854926632,0.5762110013165511,4.403091315613894e-20,0.29999999350233,6.2438785657844e-05,3.5,3.5,0.1,0.0,0.0,0.0
16.83192140799656,nav_to_wp,0,0.0011847513960674405,1.519804835319519,1.795446753501892,-0.004853270016610622,0.3199235200881958,-0.0008507840102538466,-2.8825495689066985e-19,1.5360051837317272,1.7995912351532597,0.3805717157889619,32755,0.23147007358738314,-0.006557119071915394,0.0013052824614767644,0.49444899923400953,4.403091315613894e-20,0.29999999350233,6.2438785657844e-05,3.5,3.5,0.1,0.0,0.0,0.0
16.851935271999537,nav_to_wp,0,0.001088870456442237,1.5257445573806763,1.7954459190368652,-0.004653794690966606,0.31944847106933594,-0.0008457222720608115,-2.8737402512753787e-19,1.5420073196010973,1.799592484373537,0.3805767395745568,32755,0.2316026272970113,-0.006872285938604229,0.0013012116713033706,0.5066230005468242,4.403091315613894e-20,0.29999999350233,6.2438785657844e-05,3.5,3.5,0.1,0.0,0.0,0.0
16.87193485899843,nav_to_wp,0,0.0009977755835279822,1.53170645236969,1.7954449653625488,-0.004418943542987108,0.31906700134277344,-0.0008371910080313683,-2.8649216444410334e-19,1.5480157845712004,1.7995937349110853,0.38058002851087164,32755,0.23168940661930293,-0.00712164648139633,0.001273526117744117,0.479441001516534,4.403091315613894e-20,0.29999999350233,6.2438785657844e-05,3.5,3.5,0.1,0.0,0.0,0.0
16.891712649998226,nav_to_wp,0,0.0009102266631089151,1.5378340482711792,1.7954436540603638,-0.004159858915954828,0.3194417655467987,-0.0008031658362597227,-2.8561298867768974e-19,1.5540059561417103,1.7995949816412413,0.380569440922575,32754,0.23141005072757181,-0.006780445785272384,0.0012294240827086522,0.3133709979010746,4.403091315613894e-20,0.29999999350233,6.2438785657844e-05,3.5,3.5,0.1,0.0,0.0,0.0
16.911801637997996,nav_to_wp,0,0.0008307633688673377,1.5438176393508911,1.7954437732696533,-0.003863624297082424,0.3190675973892212,-0.0007890859851613641,-2.847333962468464e-19,1.5599989666114673,1.7995962289622556,0.3805684719229158,32754,0.23138448345424223,-0.006987004280239029,0.0011572677262279285,0.41902500015567057,4.403091315613894e-20,0.29999999350233,6.2438785657844e-05,3.5,3.5,0.1,0.0,0.0,0.0
16.93169573099658,nav_to_wp,0,0.000756140798330307,1.5499626398086548,1.7954440116882324,-0.0035501958336681128,0.3194434642791748,-0.0007496536709368229,-2.8385323951570075e-19,1.5659958218819536,1.7995974770834855,0.38055321957533805,32753,0.23098204684269064,-0.006634022549429065,0.0010710274000029774,0.3134400030830875,4.403091315613894e-20,0.29999999350233,6.2438785657844e-05,3.5,3.5,0.1,0.0,0.0,0.0
16.951773623997724,nav_to_wp,0,0.0006841258145868778,1.5565760135650635,1.795444130897522,-0.0031706413719803095,0.31914791464805603,-0.0007336529670283198,-2.8297229718510123e-19,1.5719980297516523,1.799598726318748,0.3805495543529015,32753,0.23088533912668652,-0.006146999779080753,0.0009472564041848042,0.3925380005966872,4.403091315613894e-20,0.29999999350233,6.2438785657844e-05,3.5,3.5,0.1,0.0,0.0,0.0
16.971960853999917,nav_to_wp,0,0.0006258037756197155,1.5626213550567627,1.7954461574554443,-0.0028126954566687346,0.31903502345085144,-0.0007040603086352348,-2.8208926858161224e-19,1.5780144522221486,1.7995999785124854,0.38053796930124084,32752,0.2305796649403895,-0.0061761211720311225,0.000820463767880808,0.5047339982411359,4.403091315613894e-20,0.29999999350233,6.2438785657844e-05,3.5,3.5,0.1,0.0,0.0,0.0
16.992017383996426,nav_to_wp,0,0.0005750160198658705,1.5686745643615723,1.7954492568969727,-0.0024413689970970154,0.3189506530761719,-0.0006711408495903015,-2.812086617225764e-19,1.5840143743916488,1.7996012272720268,0.3805232806302721,32750,0.23019210106258647,-0.0061646885093451275,0.0006787164529697964,0.5549179986701347,4.403091315613894e-20,0.29999999350233,6.2438785657844e-05,3.5,3.5,0.1,0.0,0.0,0.0
17.011986273999355,nav_to_wp,0,0.0005319389165379107,1.5747337341308594,1.7954531908035278,-0.0020605979952961206,0.3188838064670563,-0.0006352672353386879,-2.8032822816914395e-19,1.590013115761657,1.7996024757858093,0.3805060348246897,32749,0.22973706661450244,-0.0061365781911108825,0.0005238919315817547,0.5246940017968882,4.403091315613894e-20,0.29999999350233,6.2438785657844e-05,3.5,3.5,0.1,0.0,0.0,0.0
17.031926365998515,nav_to_wp,0,0.0004966611741110682,1.580797791481018,1.795458197593689,-0.0016748955240473151,0.3188210725784302,-0.0005969434278085828,-2.794491528812127e-19,1.5960026027326002,1.7996037223734802,0.3804861851039277,32747,0.22921332728041222,-0.006091477847239511,0.000358264356020932,0.5052110027463641,4.403091315613894e-20,0.29999999350233,6.2438785657844e-05,3.5,3.5,0.1,0.0,0.0,0.0
17.051971789998788,nav_to_wp,0,0.00046847068006172776,1.5869812965393066,1.795459508895874,-0.0012848468031734228,0.3192966878414154,-0.0005629686638712883,-2.78566836962276e-19,1.6020141694018941,1.799604973556583,0.3804722871108282,32746,0.22884662561551927,-0.0056609164181853945,0.00018288083351958306,0.5087579993414693,4.403091315613894e-20,0.29999999350233,6.2438785657844e-05,3.5,3.5,0.1,0.0,0.0,0.0
17.071974101996602,nav_to_wp,0,0.00044993279152549803,1.5927878618240356,1.795470952987671,-0.0008999586571007967,0.3180031180381775,-0.0005378390196710825,-2.7768566659552597e-19,1.6080179309719083,1.7996062231152161,0.380453169323471,32744,0.22834219850846793,-0.006548560400316169,4.892799299049955e-08,0.5087889985588845,4.403091315613894e-20,0.29999999350233,6.2438785657844e-05,3.5,3.5,0.1,0.0,0.0,0.0
17.092026144997362,nav_to_wp,0,0.0004376328724902123,1.5988726615905762,1.7954775094985962,-0.0005193480174057186,0.31806299090385437,-0.000494132749736309,-2.7680506845447867e-19,1.6140177937423108,1.799607471862395,0.3804285204837027,32742,0.2276918333430782,-0.006428199079037767,-0.00018711411499805486,0.538357999175787,4.403091315613894e-20,0.29999999350233,6.2438785657844e-05,3.5,3.5,0.1,0.0,0.0,0.0
17.111912198997743,nav_to_wp,0,0.00043291132897138596,1.604811191558838,1.7954851388931274,-0.00014899358211550862,0.3174212574958801,-0.00047249626368284225,-2.759265806271454e-19,1.620003278112287,1.7996087176170072,0.38041484117915264,32741,0.22733090182460636,-0.006815196979232765,-0.00037686704891615186,0.4900249987258576,4.403091315613894e-20,0.29999999350233,6.2438785657844e-05,3.5,3.5,0.1,0.0,0.0,0.0
17.131960268998228,nav_to_wp,0,0.0004346290952526033,1.6110106706619263,1.7954883575439453,0.00021184931392781436,0.3180379867553711,-0.00043459085281938314,-2.750443380195646e-19,1.6260143452823723,1.7996099686961498,0.3803962830537819,32739,0.2268412415245873,-0.006293140842865991,-0.0005684112126278507,0.5074820001027547,4.403091315613894e-20,0.29999999350233,6.2438785657844e-05,3.5,3.5,0.1,0.0,0.0,0.0
17.151863602997764,nav_to_wp,0,0.0004436771268956363,1.6170036792755127,1.7955005168914795,0.0005453674239106476,0.3176804780960083,-0.00039390719030052423,-2.7416614246934533e-19,1.631997838252988,1.7996112140362936,0.3803668885544471,32737,0.22606566106720472,-0.00647160577676272,-0.0007533367684353642,0.46207200284698047,4.403091315613894e-20,0.29999999350233,6.2438785657844e-05,3.5,3.5,0.1,0.0,0.0,0.0
17.17188103099761,nav_to_wp,0,0.0004580932145472616,1.6229034662246704,1.7955042123794556,0.0008699013269506395,0.3169088065624237,-0.0004901853390038013,-2.73285230608216e-19,1.6379998385221577,1.7996124632283486,0.3804174500648146,32741,0.2273997378579029,-0.006983930615041552,-0.0009390147682346583,0.4757899987453129,4.403091315613894e-20,0.29999999350233,6.2438785657844e-05,3.5,3.5,0.1,0.0,0.0,0.0
17.19195595799829,nav_to_wp,0,0.0004782320174854249,1.6287285089492798,1.795509934425354,0.0011648981599137187,0.31591349840164185,-0.0005697041051462293,-2.7240240793731244e-19,1.6440148578926528,1.7996137151300595,0.38045781362234415,32745,0.2284647393758341,-0.0077061617177233525,-0.0011151631316863586,0.5009800006519072,4.403091315613894e-20,0.29999999350233,6.2438785657844e-05,3.5,3.5,0.1,0.0,0.0,0.0
17.212011168998288,nav_to_wp,0,0.0005033694324083626,1.6345800161361694,1.7955137491226196,0.001435598242096603,0.3151330351829529,-0.0006567726377397776,-2.715214963403257e-19,1.6500168563621147,1.7996149643217398,0.3805040458854093,32749,0.22968458800552227,-0.00827367356395976,-0.0012837381384747104,0.5385580006986856,4.403091315613894e-20,0.29999999350233,6.2438785657844e-05,3.5,3.5,0.1,0.0,0.0,0.0
17.23190420499668,nav_to_wp,0,0.0005330125568434596,1.640455722808838,1.7955158948898315,0.001680222456343472,0.3145357668399811,-0.0007369229570031166,-2.7064300692781627e-19,1.6560023515325222,1.7996162100786002,0.3805485642693796,32753,0.23085921555091105,-0.008702022228978524,-0.001443310410998322,0.49258900253335014,4.403091315613894e-20,0.29999999350233,6.2438785657844e-05,3.5,3.5,0.1,0.0,0.0,0.0
17.25188614399667,nav_to_wp,0,0.0005666011129505932,1.6463531255722046,1.7955173254013062,0.001896437956020236,0.3141077160835266,-0.0007586026331409812,-2.697623552893147e-19,1.6620025788022,1.7996174589016418,0.38056448651874236,32754,0.23127932767130055,-0.009034705105106528,-0.0015921829646703411,0.47408500176970847,4.403091315613894e-20,0.29999999350233,6.2438785657844e-05,3.5,3.5,0.1,0.0,0.0,0.0
17.271906931997364,nav_to_wp,0,0.0006035309052094817,1.652271032333374,1.7955189943313599,0.0020832065492868423,0.31384286284446716,-0.0007284404709935188,-2.6888039540422076e-19,1.668011719672371,1.7996187095798648,0.3805538881990931,32753,0.23099968863042264,-0.009270058659782168,-0.0017292005686770917,0.46785000085947104,4.403091315613894e-20,0.29999999350233,6.2438785657844e-05,3.5,3.5,0.1,0.0,0.0,0.0
17.292024048998428,nav_to_wp,0,0.0006431746878661215,1.6582081317901611,1.7955213785171509,0.0022373308893293142,0.3137311637401581,-0.0006964484928175807,-2.6799853225508114e-19,1.6740202014422962,1.7996199601209097,0.38054113310754123,32752,0.23066314267918742,-0.009404115314131429,-0.0018519324050225716,0.524855000548996,4.403091315613894e-20,0.29999999350233,6.2438785657844e-05,3.5,3.5,0.1,0.0,0.0,0.0
17.31187822799984,nav_to_wp,0,0.0006848507910035551,1.6641631126403809,1.7955245971679688,0.002358405152335763,0.3137599527835846,-0.0006611342541873455,-2.67120228697113e-19,1.6800044303123438,1.799621205614216,0.3805252407237737,32751,0.2302438185692246,-0.009420124410788568,-0.001959454312626674,0.46121500054141507,4.403091315613894e-20,0.29999999350233,6.2438785657844e-05,3.5,3.5,0.1,0.0,0.0,0.0
17.331941461998213,nav_to_wp,0,0.0007279021665453911,1.670135259628296,1.795528531074524,0.0024440670385956764,0.31391602754592896,-0.0006233460735529661,-2.6623824124859844e-19,1.6860137589829804,1.7996224563315257,0.38050700267926696,32749,0.22976260367458856,-0.009377626963132765,-0.0020498303975013954,0.48651699762558565,4.403091315613894e-20,0.29999999350233,6.2438785657844e-05,3.5,3.5,0.1,0.0,0.0,0.0
17.351951974997064,nav_to_wp,0,0.0007715957472100854,1.6761239767074585,1.795533299446106,0.0024949952494353056,0.3141830265522003,-0.0005837283097207546,-2.6535909951814125e-19,1.6920036986530826,1.7996237030134166,0.3804864482123184,32747,0.22922026945431107,-0.009239067818726202,-0.0021226457842353774,0.5246600012469571,4.403091315613894e-20,0.29999999350233,6.2438785657844e-05,3.5,3.5,0.1,0.0,0.0,0.0
17.371897710996564,nav_to_wp,0,0.0008176362607628107,1.682428240776062,1.795538306236267,0.0025131285656243563,0.3145579695701599,-0.0005456262733787298,-2.6447882090943546e-19,1.6980013843235005,1.7996249513074771,0.38046505946366543,32745,0.2286559225241529,-0.008720149349524139,-0.0021807018920085852,0.4887650029559154,4.403091315613894e-20,0.29999999350233,6.2438785657844e-05,3.5,3.5,0.1,0.0,0.0,0.0
17.391972115998215,nav_to_wp,0,0.0008601092267781496,1.6883935928344727,1.7955446243286133,0.0024904580786824226,0.3147553503513336,-0.0005121841095387936,-2.6359685895509065e-19,1.7040105392922944,1.7996262019886344,0.38044592300398955,32744,0.22815100274378608,-0.00866287771793171,-0.002213549793134373,0.5161720000614878,4.403091315613894e-20,0.29999999350233,6.2438785657844e-05,3.5,3.5,0.1,0.0,0.0,0.0
17.41201990099944,nav_to_wp,0,0.0009011505171656609,1.6943793296813965,1.7955515384674072,0.0024335954803973436,0.31505805253982544,-0.0004780218005180359,-2.62717169127696e-19,1.7100042133632045,1.7996274494477635,0.38042535376838554,32742,0.22760827884922108,-0.00851254726752183,-0.002226928344226886,0.5228139998507686,4.403091315613894e-20,0.29999999350233,6.2438785657844e-05,3.5,3.5,0.1,0.0,0.0,0.0
17.43192604199794,nav_to_wp,0,0.000940087134949863,1.700384259223938,1.7955585718154907,0.002344072563573718,0.3154420256614685,-0.0004442795179784298,-2.618365404732883e-19,1.7160042840331775,1.7996286982382121,0.3804046555105129,32740,0.22706215067316116,-0.008306017208282047,-0.0022209246101330127,0.5012460023863241,4.403091315613894e-20,0.29999999350233,6.2438785657844e-05,3.5,3.5,0.1,0.0,0.0,0.0
17.451894331999938,nav_to_wp,0,0.000976294802967459,1.7064073085784912,1.7955659627914429,0.0022220120299607515,0.31588080525398254,-0.00041315797716379166,-2.609564201557032e-19,1.722000891203701,1.7996299463078052,0.38038465480168954,32738,0.2265344274852108,-0.008047935377315825,-0.0021949386944166704,0.48615000196150504,4.403091315613894e-20,0.29999999350233,6.2438785657844e-05,3.5,3.5,0.1,0.0,0.0,0.0
17.47193280599822,nav_to_wp,0,0.0010091717122122645,1.712446928024292,1.7955726385116577,0.0020680828019976616,0.3163541853427887,-0.00045873853377997875,-2.6007474211256727e-19,1.7280081117733488,1.7996311965863574,0.38040383188049676,32740,0.2270404190104678,-0.007764568544104987,-0.002148469088753213,0.5007310028304346,4.403091315613894e-20,0.29999999350233,6.2438785657844e-05,3.5,3.5,0.1,0.0,0.0,0.0
17.492036569998163,nav_to_wp,0,0.0010397536680102348,1.7187749147415161,1.7955772876739502,0.0018790082540363073,0.31673678755760193,-0.0005385647527873516,-2.5919196747958285e-19,1.7340228038425372,1.7996324484199475,0.3804419846379174,32743,0.2280470880716976,-0.00723323632692003,-0.002081010302242392,0.5320110030879732,4.403091315613894e-20,0.29999999350233,6.2438785657844e-05,3.5,3.5,0.1,0.0,0.0,0.0
17.511982333999185,nav_to_wp,0,0.0010637781815603375,1.7247912883758545,1.7955807447433472,0.001669265446253121,0.31701430678367615,-0.0006129497196525335,-2.5831363490516926e-19,1.740007230413082,1.7996336939544009,0.3804799109232776,32747,0.22904778161682238,-0.007053044523716945,-0.0019958080418891466,0.5418609980551992,4.403091315613894e-20,0.29999999350233,6.2438785657844e-05,3.5,3.5,0.1,0.0,0.0,0.0
17.531957917999534,nav_to_wp,0,0.0010829709935933352,1.7308253049850464,1.7955825328826904,0.0014370479620993137,0.317326158285141,-0.0006862478330731392,-2.5743166542139773e-19,1.7460164366828328,1.7996349446462356,0.3805193611498986,32750,0.230088684693893,-0.006862318099444098,-0.0018937234057678776,0.49336699885316193,4.403091315613894e-20,0.29999999350233,6.2438785657844e-05,3.5,3.5,0.1,0.0,0.0,0.0
17.55192230999819,nav_to_wp,0,0.0010969404829666018,1.7368751764297485,1.7955830097198486,0.0011856500059366226,0.3176523447036743,-0.0007517868652939796,-2.5655318036796265e-19,1.7520019021531457,1.7996361903969145,0.3805564485087974,32753,0.23106724297618264,-0.006622519355596417,-0.0017761006346996844,0.5089740006951615,4.403091315613894e-20,0.29999999350233,6.2438785657844e-05,3.5,3.5,0.1,0.0,0.0,0.0
17.571892671996466,nav_to_wp,0,0.0011053700000047684,1.74293851852417,1.7955830097198486,0.0009185141534544528,0.31797391176223755,-0.0007345536723732948,-2.556729081877422e-19,1.7579995440237548,1.7996374386818588,0.3805527719819957,32753,0.23097023699197017,-0.006384518833123443,-0.001644584296553786,0.4873809994023759,4.403091315613894e-20,0.29999999350233,6.2438785657844e-05,3.5,3.5,0.1,0.0,0.0,0.0
17.59199191299922,nav_to_wp,0,0.0011120260460302234,1.7494126558303833,1.7955790758132935,0.0006552399136126041,0.3187370002269745,-0.0007133374456316233,-2.547908435972429e-19,1.764009398293187,1.7996386895085612,0.38055061579552996,32753,0.23091334552849396,-0.005495480690639448,-0.0015132247774776175,0.5366759978642222,4.403091315613894e-20,0.29999999350233,6.2438785657844e-05,3.5,3.5,0.1,0.0,0.0,0.0
17.611995912997372,nav_to_wp,0,0.0011084070429205894,1.7554408311843872,1.7955803871154785,0.0003685365663841367,0.31877174973487854,-0.0006915852427482605,-2.5391049158908027e-19,1.7700075840630802,1.799639937906707,0.38054353266075414,32752,0.23072645542886683,-0.0054457949836448786,-0.0013587677760189543,0.5509959992195945,4.403091315613894e-20,0.29999999350233,6.2438785657844e-05,3.5,3.5,0.1,0.0,0.0,0.0
17.631901918997755,nav_to_wp,0,0.001098856795579195,1.7614824771881104,1.7955821752548218,7.916741742519662e-05,0.31881842017173767,-0.0006675001932308078,-2.5303053299711095e-19,1.7760030893331387,1.799641185746962,0.3805346447518783,32751,0.230491945959848,-0.005372890099087037,-0.0011966750378249458,0.4818560009880457,4.403091315613894e-20,0.29999999350233,6.2438785657844e-05,3.5,3.5,0.1,0.0,0.0,0.0
17.651913824996882,nav_to_wp,0,0.0010834266431629658,1.7675350904464722,1.7955844402313232,-0.0002104456361848861,0.31886035203933716,-0.0006413141964003444,-2.5215026662898967e-19,1.7820006916036217,1.7996424340236645,0.3805241056478093,32750,0.23021386933533705,-0.005293171170532607,-0.001028270202002135,0.5056500012869947,4.403091315613894e-20,0.29999999350233,6.2438785657844e-05,3.5,3.5,0.1,0.0,0.0,0.0
17.671887553999113,nav_to_wp,0,0.0010622349800541997,1.7735964059829712,1.7955873012542725,-0.0004952097660861909,0.3188759684562683,-0.0006128516979515553,-2.5126948012380577e-19,1.788001837773248,1.7996436830379563,0.38051171133159206,32749,0.22988684252221603,-0.005221882598926884,-0.0008563522985685079,0.47490699944319203,4.403091315613894e-20,0.29999999350233,6.2438785657844e-05,3.5,3.5,0.1,0.0,0.0,0.0
17.692014426997048,nav_to_wp,0,0.0010354795958846807,1.7796638011932373,1.7955907583236694,-0.0007676910026930273,0.31885597109794617,-0.0005822256207466125,-2.503875168923177e-19,1.7940110014437232,1.7996449337209248,0.38049754417198567,32748,0.2295130388386699,-0.005171370599497101,-0.0006850337464558987,0.5339390008884948,4.403091315613894e-20,0.29999999350233,6.2438785657844e-05,3.5,3.5,0.1,0.0,0.0,0.0
17.71181684399926,nav_to_wp,0,0.0010035097366198897,1.7857346534729004,1.7955951690673828,-0.0010234471410512924,0.3187989592552185,-0.0005499637918546796,-2.495085158846925e-19,1.7999999823136177,1.7996461802032613,0.38048136093577845,32747,0.22908604052185666,-0.005115486156211434,-0.0005170147486794896,0.42186299833701923,4.403091315613894e-20,0.29999999350233,6.2438785657844e-05,3.5,3.5,0.1,0.0,0.0,0.0
17.731954039998527,nav_to_wp,0,0.0009667708654887974,1.791806936264038,1.7955999374389648,-0.0012590126134455204,0.31870391964912415,-0.0005168889183551073,-2.486272733953086e-19,1.8060042352836085,1.799647429864169,0.3804644040088201,32745,0.22863862820105574,-0.005094150365876614,-0.0003545819921964011,0.5279809993226081,4.403091315613894e-20,0.29999999350233,6.2438785657844e-05,3.5,3.5,0.1,0.0,0.0,0.0
17.751896998997836,nav_to_wp,0,0.0009257817873731256,1.7978785037994385,1.7956053018569946,-0.001470484770834446,0.3185693025588989,-0.00048368354327976704,-2.4774712850845343e-19,1.8120010098542678,1.799648677968603,0.38044666801221455,32744,0.2281706599528892,-0.005086518444564414,-0.00020033231383087546,0.488631001644535,4.403091315613894e-20,0.29999999350233,6.2438785657844e-05,3.5,3.5,0.1,0.0,0.0,0.0
17.77191112699802,nav_to_wp,0,0.0008811403531581163,1.8039474487304688,1.7956112623214722,-0.0016540404176339507,0.31839463114738464,-0.0004512065788730979,-2.4686660319468736e-19,1.8180003764236534,1.7996499266125077,0.38042860783139765,32742,0.22769413803159821,-0.0051054309508219535,-5.69043896867516e-05,0.5058949973317795,4.403091315613894e-20,0.29999999350233,6.2438785657844e-05,3.5,3.5,0.1,0.0,0.0,0.0
17.792112708997593,nav_to_wp,0,0.0008335165912285447,1.8100122213363647,1.7956175804138184,-0.0018060494912788272,0.31817948818206787,-0.0004202763084322214,-2.459841530693448e-19,1.8240128574941712,1.799651177985924,0.3804109570653153,32741,0.22722841860990073,-0.0051637951689256535,7.308743681733176e-05,0.6536700020660646,4.403091315613894e-20,0.29999999350233,6.2438785657844e-05,3.5,3.5,0.1,0.0,0.0,0.0
17.812139556997863,nav_to_wp,0,0.0007836229633539915,1.8160712718963623,1.795623779296875,-0.0019232947379350662,0.31792500615119934,-0.0004214212531223893,-2.451049660751871e-19,1.830003105563734,1.799652424732002,0.3804094951059505,32741,0.22718984448418134,-0.005225263940304101,0.00018719239024633794,0.6076169993320946,4.403091315613894e-20,0.29999999350233,6.2438785657844e-05,3.5,3.5,0.1,0.0,0.0,0.0
17.83192138499726,nav_to_wp,0,0.0007302416488528252,1.8224411010742188,1.7956281900405884,-0.002004022244364023,0.3176872134208679,-0.0004981996025890112,-2.442247351079461e-19,1.8360004666340446,1.7996536729585038,0.3804474485425578,32744,0.22819125442104848,-0.004958135619004145,0.0002857366798683092,0.5131090001668781,4.403091315613894e-20,0.29999999350233,6.2438785657844e-05,3.5,3.5,0.1,0.0,0.0,0.0
17.85193411599903,nav_to_wp,0,0.0006784568540751934,1.8284261226654053,1.7956312894821167,-0.002045811852440238,0.31710031628608704,-0.0005783546948805451,-2.4334178333856915e-19,1.8420163656034036,1.7996549250432852,0.38048991469273635,32748,0.22931173331758004,-0.005298543025739044,0.000362111127124809,0.47338399963336997,4.403091315613894e-20,0.29999999350233,6.2438785657844e-05,3.5,3.5,0.1,0.0,0.0,0.0
17.871875086999353,nav_to_wp,0,0.000626797613222152,1.834407925605774,1.7956323623657227,-0.0020481713581830263,0.3165320158004761,-0.0006573641439899802,-2.424634557396162e-19,1.848000758274171,1.7996561705706828,0.3805342915864242,32751,0.2304826276101366,-0.00559933749639225,0.00041761080270696915,0.4706899999291636,4.403091315613894e-20,0.29999999350233,6.2438785657844e-05,3.5,3.5,0.1,0.0,0.0,0.0
17.892335588996502,nav_to_wp,0,0.0005761054344475269,1.8403856754302979,1.7956324815750122,-0.002012021839618683,0.3159789741039276,-0.0007000133628025651,-2.4158100204794754e-19,1.8540132636434765,1.7996574219491568,0.3805617790892903,32754,0.23120789153800025,-0.005926114285228609,0.0004518640847439581,0.8538090005458798,4.403091315613894e-20,0.29999999350233,6.2438785657844e-05,3.5,3.5,0.1,0.0,0.0,0.0
17.911940201996913,nav_to_wp,0,0.0005279972101561725,1.8462048768997192,1.7956331968307495,-0.0019337012199684978,0.3147169351577759,-0.000697658397257328,-2.4070097696924154e-19,1.8600092219139188,1.7996586698836947,0.38056734642020984,32754,0.23135478681292376,-0.006775068061619594,0.00046126229117460227,0.49970299733104184,4.403091315613894e-20,0.29999999350233,6.2438785657844e-05,3.5,3.5,0.1,0.0,0.0,0.0
17.93213952399674,nav_to_wp,0,0.00048235079157166183,1.8520348072052002,1.795634150505066,-0.0018190619302913547,0.31360915303230286,-0.0006914716796018183,-2.398110388588437e-19,1.8660727215826651,1.799659931875576,0.38057092644375523,32754,0.23144924653707655,-0.0076026879843934135,0.00044898877790622294,0.4890429991064593,4.403091315613894e-20,0.29999999350233,6.2438785657844e-05,3.5,3.5,0.1,0.0,0.0,0.0
17.95187879199875,nav_to_wp,0,0.0004398806195240468,1.8578739166259766,1.7956353425979614,-0.0016684002475813031,0.31264421343803406,-0.0006799634429626167,-2.389409940030534e-19,1.8720006806544707,1.7996611656574888,0.3805710506598456,32754,0.2314525240064782,-0.00820319070548335,0.0004144503528280552,0.46662000022479333,4.403091315613894e-20,0.29999999350233,6.2438785657844e-05,3.5,3.5,0.1,0.0,0.0,0.0
17.971881796998787,nav_to_wp,0,0.00040061050094664097,1.86387038230896,1.7956364154815674,-0.0014847860438749194,0.312515527009964,-0.0006429185159504414,-2.380604357981626e-19,1.8780002713240733,1.7996624143480353,0.3805569886502497,32753,0.2310814947295423,-0.008274411279685364,0.00035924451636470955,0.47749499935889617,4.403091315613894e-20,0.29999999350233,6.2438785657844e-05,3.5,3.5,0.1,0.0,0.0,0.0
17.99202867599888,nav_to_wp,0,0.00036598951555788517,1.8698590993881226,1.7956386804580688,-0.0012705634580925107,0.31240156292915344,-0.0006044373149052262,-2.371787195800881e-19,1.884007751994648,1.7996636646807223,0.38054074789638936,32752,0.23065297879655233,-0.00835438592140387,0.00028306268758160336,0.5863400001544505,4.403091315613894e-20,0.29999999350233,6.2438785657844e-05,3.5,3.5,0.1,0.0,0.0,0.0
18.012228066996613,nav_to_wp,0,0.00033705573878251016,1.8756901025772095,1.7956424951553345,-0.001028421800583601,0.3116198480129242,-0.0005857185460627079,-2.362980452656858e-19,1.8900081337641892,1.79966491353592,0.38053413344936265,32751,0.230478455128301,-0.00894344738392737,0.0001862173686522084,0.6748880005034152,4.403091315613894e-20,0.29999999350233,6.2438785657844e-05,3.5,3.5,0.1,0.0,0.0,0.0
18.031924798997352,nav_to_wp,0,0.0003140549233648926,1.8813886642456055,1.7956470251083374,-0.0007647321908734739,0.3103863298892975,-0.0005816719494760036,-2.354171242899535e-19,1.8960101961347475,1.7996661627408999,0.380535492938267,32751,0.23051432554794005,-0.009910789658164547,7.180530951589326e-05,0.4859119981119875,4.403091315613894e-20,0.29999999350233,6.2438785657844e-05,3.5,3.5,0.1,0.0,0.0,0.0
18.0519521899987,nav_to_wp,0,0.0002965183521155268,1.8872578144073486,1.7956514358520508,-0.00048435188364237547,0.31011366844177246,-0.0005504897562786937,-2.345356444300443e-19,1.9020160664038341,1.799667412738415,0.3805210654474887,32750,0.23013365296803912,-0.010198208287531783,-5.712420704995225e-05,0.4958400022587739,4.403091315613894e-20,0.29999999350233,6.2438785657844e-05,3.5,3.5,0.1,0.0,0.0,0.0
18.071936874999665,nav_to_wp,0,0.00028492952696979046,1.8932744264602661,1.795656681060791,-0.00019054544100072235,0.3105766475200653,-0.0004976923810318112,-2.336551329418788e-19,1.908015338773945,1.799668661362714,0.3804926892919197,32748,0.2293849417393048,-0.009937369454268234,-0.00019938023837351437,0.4850859986618161,4.403091315613894e-20,0.29999999350233,6.2438785657844e-05,3.5,3.5,0.1,0.0,0.0,0.0
18.092043090997322,nav_to_wp,0,0.0002798912755679339,1.8989990949630737,1.7956640720367432,0.0001114780898205936,0.30973929166793823,-0.0004840671317651868,-2.3277332258570633e-19,1.9140234608445441,1.799669911828895,0.3804851181212713,32747,0.22918517470372635,-0.010675750342240222,-0.0003528446306648725,0.5510760020115413,4.403091315613894e-20,0.29999999350233,6.2438785657844e-05,3.5,3.5,0.1,0.0,0.0,0.0
18.111998672997288,nav_to_wp,0,0.00028125403332524,1.9050322771072388,1.7956711053848267,0.0004175648500677198,0.31045639514923096,-0.0004274419043213129,-2.3189637650081137e-19,1.9199984407146513,1.7996711553972133,0.38045185367961554,32744,0.22830748495027642,-0.01023849311547553,-0.000515215237144373,0.5318090006767306,4.403091315613894e-20,0.29999999350233,6.2438785657844e-05,3.5,3.5,0.1,0.0,0.0,0.0
18.131930678999197,nav_to_wp,0,0.00028877356089651585,1.9109145402908325,1.7956798076629639,0.000719972827937454,0.3104875981807709,-0.0003934099804610014,-2.3101361657411654e-19,1.9260130325840832,1.799672407209949,0.38043003734835307,32742,0.22773185615707092,-0.010361819653301643,-0.0006821333348956404,0.4839569992327597,4.403091315613894e-20,0.29999999350233,6.2438785657844e-05,3.5,3.5,0.1,0.0,0.0,0.0
18.151873565999267,nav_to_wp,0,0.0003021310840267688,1.9166688919067383,1.7956891059875488,0.00101058604195714,0.31002092361450195,-0.000377848744392395,-2.301351311684379e-19,1.9319985004543707,1.7996736529611275,0.3804181953234429,32741,0.2274194016739539,-0.01085053220473505,-0.000848985891765075,0.47365899808937684,4.403091315613894e-20,0.29999999350233,6.2438785657844e-05,3.5,3.5,0.1,0.0,0.0,0.0
18.1718634439967,nav_to_wp,0,0.0003223234962206334,1.9225904941558838,1.7956942319869995,0.0012991938274353743,0.31043314933776855,-0.0003607331309467554,-2.292544333853866e-19,1.9379990421250823,1.7996749018496052,0.380408285348361,32740,0.2271579247588651,-0.010717085689814386,-0.0010219762466350257,0.4599650019372348,4.403091315613894e-20,0.29999999350233,6.2438785657844e-05,3.5,3.5,0.1,0.0,0.0,0.0
18.191815088997828,nav_to_wp,0,0.00034549945848993957,1.9282567501068115,1.7957077026367188,0.0015384427970275283,0.30974140763282776,-0.0003679634537547827,-2.28371490202007e-19,1.9440148825946522,1.799676153922211,0.3804037418565331,32740,0.22703804370799574,-0.01144854221119852,-0.001172145265259994,0.3723250010807533,4.403091315613894e-20,0.29999999350233,6.2438785657844e-05,3.5,3.5,0.1,0.0,0.0,0.0
18.2118134309967,nav_to_wp,0,0.000375770207028836,1.9342169761657715,1.7957117557525635,0.0017814323073253036,0.3104606568813324,-0.000440351665019989,-2.2749346857393756e-19,1.9499971905650015,1.7996773990157215,0.38043894353452606,32743,0.22796684787667587,-0.011092564099864297,-0.0013316057743284482,0.3948220000893343,4.403091315613894e-20,0.29999999350233,6.2438785657844e-05,3.5,3.5,0.1,0.0,0.0,0.0
18.23179420299857,nav_to_wp,0,0.0004089731664862484,1.940069556236267,1.7957184314727783,0.001979903783649206,0.3107208013534546,-0.0005125240422785282,-2.266102640230984e-19,1.9560148118342537,1.799678651458964,0.3804724383936118,32746,0.22885061724569233,-0.011128355725393224,-0.0014707247321641415,0.3546189982444048,4.403091315613894e-20,0.29999999350233,6.2438785657844e-05,3.5,3.5,0.1,0.0,0.0,0.0
18.25168772699908,nav_to_wp,0,0.0004455680027604103,1.9459476470947266,1.7957239151000977,0.0021440123673528433,0.3111216425895691,-0.0005638585425913334,-2.2573155696570417e-19,1.9620017899051814,1.7996798975244594,0.3804964302466622,32748,0.22948364766918594,-0.01103142486053151,-0.0015953630147897968,0.30803300251136534,4.403091315613894e-20,0.29999999350233,6.2438785657844e-05,3.5,3.5,0.1,0.0,0.0,0.0
18.27170780099914,nav_to_wp,0,0.00048325996613129973,1.9517358541488647,1.7957334518432617,0.0022533240262418985,0.31111860275268555,-0.0005302762147039175,-2.24850882078806e-19,1.9680021755753632,1.799681146380469,0.38047424168549443,32746,0.2288981975064477,-0.011256749698490158,-0.0016925432226670978,0.32876699697226286,4.403091315613894e-20,0.29999999350233,6.2438785657844e-05,3.5,3.5,0.1,0.0,0.0,0.0
18.291759507999814,nav_to_wp,0,0.0005256724543869495,1.957777976989746,1.7957353591918945,0.002354041440412402,0.31228142976760864,-0.0005037433002144098,-2.2397075581713047e-19,1.9739988232453212,1.799682394458491,0.380461423372602,32745,0.22855998344596173,-0.010598007949349411,-0.0017901358502048215,0.33990199881372973,4.403091315613894e-20,0.29999999350233,6.2438785657844e-05,3.5,3.5,0.1,0.0,0.0,0.0
18.312020105997362,nav_to_wp,0,0.0005673996056430042,1.963728904724121,1.7957420349121094,0.0023942291736602783,0.31299689412117004,-0.0004720236174762249,-2.2308908019564914e-19,1.98000602731528,1.7996836447336093,0.38044151062599296,32743,0.22803458116076314,-0.010281592439631202,-0.0018552288910596015,0.5379639987950213,4.403091315613894e-20,0.29999999350233,6.2438785657844e-05,3.5,3.5,0.1,0.0,0.0,0.0
18.331916669998463,nav_to_wp,0,0.0006089662201702595,1.9697028398513794,1.7957489490509033,0.0023896999191492796,0.31378012895584106,-0.00044106412678956985,-2.222083637875784e-19,1.986006695885602,1.7996848936484986,0.38042144311969855,32742,0.2275050955065563,-0.009898452506290602,-0.0018966515098903791,0.48870899991015904,4.403091315613894e-20,0.29999999350233,6.2438785657844e-05,3.5,3.5,0.1,0.0,0.0,0.0
18.351936690000002,nav_to_wp,0,0.0006494366680271924,1.9756989479064941,1.795756220817566,0.0023379267659038305,0.3146151006221771,-0.00041155703365802765,-2.2132829423776005e-19,1.9920029571552889,1.7996861416460994,0.38040148602006313,32740,0.22697852295680931,-0.009460116907928107,-0.001912086283404113,0.5142269983480219,4.403091315613894e-20,0.29999999350233,6.2438785657844e-05,3.5,3.5,0.1,0.0,0.0,0.0
18.371931277997646,nav_to_wp,0,0.0006878096610307693,1.981716275215149,1.795763373374939,0.0022405898198485374,0.31547796726226807,-0.00041382014751434326,-2.204460993597449e-19,1.9980136991250004,1.799687392657558,0.3803975398002538,32740,0.22687440106210488,-0.008999603975602559,-0.0019012800779387717,0.48180200246861205,4.403091315613894e-20,0.29999999350233,6.2438785657844e-05,3.5,3.5,0.1,0.0,0.0,0.0
18.391968626998278,nav_to_wp,0,0.0007019757176749408,1.9845952987670898,1.7957737445831299,0.002136365743353963,0.3152781128883362,-0.00043145124800503254,-2.195672871125504e-19,2.0040013938955634,1.7996886388722197,0.38041255049185024,32741,0.2272704615263912,-0.012373257464803031,-0.0018613051637437206,0.5375649998313747,4.403091315613894e-20,0.29999999350233,6.2438785657844e-05,3.5,3.5,0.1,0.0,0.0,0.0
18.412248523000017,nav_to_wp,0,0.0007545691332779825,1.9938092231750488,1.7957730293273926,0.001911142491735518,0.3172058165073395,-0.0005590897053480148,-2.186853922171177e-19,2.010010091965516,1.799689889458283,0.38046571898693576,32745,0.22867332419355435,-0.007988157665991626,-0.001797945218368957,0.6729279994033277,4.403091315613894e-20,0.29999999350233,6.2438785657844e-05,3.5,3.5,0.1,0.0,0.0,0.0
18.43197014999896,nav_to_wp,0,0.0007812083349563181,1.9998819828033447,1.7957757711410522,0.0016833679983392358,0.3180347681045532,-0.0005980681162327528,-2.178039797685245e-19,2.0160155029346947,1.7996911393602044,0.3804857061652104,32747,0.2292006903749435,-0.007481184656331187,-0.0017061278204866248,0.5060369985585567,4.403091315613894e-20,0.29999999350233,6.2438785657844e-05,3.5,3.5,0.1,0.0,0.0,0.0
18.451933667998674,nav_to_wp,0,0.0008022816036827862,2.0059704780578613,1.7957788705825806,0.0014184392057359219,0.31884530186653137,-0.0005278191529214382,-2.1692394350596476e-19,2.022011537405148,1.7996923873106017,0.3804506709439407,32744,0.22827627820423935,-0.006958554620044787,-0.0015891698537491283,0.48209599844994955,4.403091315613894e-20,0.29999999350233,6.2438785657844e-05,3.5,3.5,0.1,0.0,0.0,0.0
18.47192707999784,nav_to_wp,0,0.0008170775836333632,2.012073278427124,1.795784831047058,0.0011183940805494785,0.31965118646621704,-0.0003995539154857397,-2.160427289761352e-19,2.028015599875657,1.799693636931861,0.38038313444559113,32738,0.22649431254857788,-0.006432223720959071,-0.0014472514469989761,0.4653510004573036,4.403091315613894e-20,0.29999999350233,6.2438785657844e-05,3.5,3.5,0.1,0.0,0.0,0.0
18.492252960997575,nav_to_wp,0,0.0008249685051850975,2.0181894302368164,1.7957934141159058,0.0007866588421165943,0.320399671792984,-0.00029814825393259525,-2.1516103182358486e-19,2.034022950645289,1.7996948872375118,0.3803258882206636,32733,0.2249838580650021,-0.0059251489592571,-0.0012813203595540834,0.6862239970359951,4.403091315613894e-20,0.29999999350233,6.2438785657844e-05,3.5,3.5,0.1,0.0,0.0,0.0
18.512272444997507,nav_to_wp,0,0.0008254407439380884,2.0243165493011475,1.795803189277649,0.000429720152169466,0.32104721665382385,-0.0002697694581001997,-2.1427952404801157e-19,2.040029011114816,1.7996961372746132,0.38030383847693533,32731,0.2244020706315375,-0.0054576142315271,-0.0010941788352898385,0.7218520004244056,4.403091315613894e-20,0.29999999350233,6.2438785657844e-05,3.5,3.5,0.1,0.0,0.0,0.0
18.53194836699913,nav_to_wp,0,0.0008181005832739174,2.030452251434326,1.7958133220672607,5.477833474287763e-05,0.32158613204956055,-0.0002669768873602152,-2.1340198191652122e-19,2.04600805208568,1.7996973816881654,0.3802942465760997,32731,0.22414898617677181,-0.0050095453450149895,-0.0008893007135406528,0.5106380012875888,4.403091315613894e-20,0.29999999350233,6.2438785657844e-05,3.5,3.5,0.1,0.0,0.0,0.0
18.551919284996984,nav_to_wp,0,0.0008027084986679256,2.0365939140319824,1.7958225011825562,-0.00033216443262062967,0.32201555371284485,-0.00033590965904295444,-2.1252137250367946e-19,2.0520079916552683,1.7996986304513283,0.3803219232188154,32733,0.22487924060198772,-0.004634299533023394,-0.0006695657452908677,0.4881999993813224,4.403091315613894e-20,0.29999999350233,6.2438785657844e-05,3.5,3.5,0.1,0.0,0.0,0.0
18.571923616997083,nav_to_wp,0,0.0007791611133143306,2.0427393913269043,1.7958298921585083,-0.0007248315378092229,0.3223338723182678,-0.00040530250407755375,-2.116407157135154e-19,2.0580082540252564,1.7996998792816754,0.3803522182005609,32736,0.225678580489733,-0.004313829351092945,-0.00043827309300104034,0.4974650000804104,4.403091315613894e-20,0.29999999350233,6.2438785657844e-05,3.5,3.5,0.1,0.0,0.0,0.0
18.592137659998116,nav_to_wp,0,0.0007475424790754914,2.0488853454589844,1.7958357334136963,-0.0011172344675287604,0.32253551483154297,-0.00047559640370309353,-2.1075815727223078e-19,2.0640214730950475,1.7997011308086912,0.38038507255470116,32738,0.22654544999211446,-0.004067854388114016,-0.00019866736124529716,0.6133360002422705,4.403091315613894e-20,0.29999999350233,6.2438785657844e-05,3.5,3.5,0.1,0.0,0.0,0.0
18.61240041899873,nav_to_wp,0,0.0007080375216901302,2.055030107498169,1.7958399057388306,-0.001500423881225288,0.3226180672645569,-0.0005472663324326277,-2.09872009386851e-19,2.070059148464471,1.7997023874257794,0.380420881179725,32742,0.22749026859432675,-0.0039114714871541206,4.434500945960096e-05,0.6971940019866452,4.403091315613894e-20,0.29999999350233,6.2438785657844e-05,3.5,3.5,0.1,0.0,0.0,0.0
18.63189448399862,nav_to_wp,0,0.0006609924603253603,2.0611705780029297,1.7958424091339111,-0.0018659107154235244,0.32258403301239014,-0.0006202332442626357,-2.0899980503491638e-19,2.0760018210360163,1.7997036242700026,0.38045938159809545,32745,0.2285061107676878,-0.003721008613505831,0.00028593107621621705,0.48327099648304284,4.403091315613894e-20,0.29999999350233,6.2438785657844e-05,3.5,3.5,0.1,0.0,0.0,0.0
18.65191149599923,nav_to_wp,0,0.0006077322759665549,2.0671567916870117,1.7958433628082275,-0.0022054631263017654,0.3217751681804657,-0.0007153659826144576,-2.0811928967207152e-19,2.0820011198058475,1.7997048728997962,0.38051187177304124,32749,0.22989107580583656,-0.004159400027161505,0.0005203509758746616,0.5018819974793587,4.403091315613894e-20,0.29999999350233,6.2438785657844e-05,3.5,3.5,0.1,0.0,0.0,0.0
18.67187577099685,nav_to_wp,0,0.0005482968990691006,2.073143482208252,1.7958427667617798,-0.0025148193817585707,0.3209230601787567,-0.0008077513193711638,-2.072388812161944e-19,2.087999690176303,1.7997061213779886,0.3805650560182234,32754,0.2312943540428325,-0.004619122443016481,0.0007453262944139283,0.4753250032081269,4.403091315613894e-20,0.29999999350233,6.2438785657844e-05,3.5,3.5,0.1,0.0,0.0,0.0
18.69210667599691,nav_to_wp,0,0.000482170406030491,2.0792887210845947,1.7958402633666992,-0.002791697857901454,0.32080820202827454,-0.0008393001626245677,-2.0635499665183548e-19,2.0940219446461157,1.7997073747855359,0.380589342856139,32756,0.23193516770815137,-0.004549929011586229,0.0009602777171697774,0.5841169986524619,4.403091315613894e-20,0.29999999350233,6.2438785657844e-05,3.5,3.5,0.1,0.0,0.0,0.0
18.71227620499849,nav_to_wp,0,0.0004125039849895984,2.085275650024414,1.7958385944366455,-0.0030231510754674673,0.3199288249015808,-0.0008251913241110742,-2.0547609616674313e-19,2.1000102406163106,1.7997086211253246,0.3805907245756784,32756,0.2319716246880823,-0.005013467485887832,0.0011551219997660844,0.7793990007485263,4.403091315613894e-20,0.29999999350233,6.2438785657844e-05,3.5,3.5,0.1,0.0,0.0,0.0
18.731928551998863,nav_to_wp,0,0.00034046225482597947,2.0911123752593994,1.7958381175994873,-0.003203518223017454,0.3183782398700714,-0.0008288673707284033,-2.0459529521941228e-19,2.1060114851859852,1.7997098701600962,0.38060074235992136,32757,0.23223594617206622,-0.006001066625692741,0.0013255856709570857,0.4821229995286558,4.403091315613894e-20,0.29999999350233,6.2438785657844e-05,3.5,3.5,0.1,0.0,0.0,0.0
18.75185087999853,nav_to_wp,0,0.00026570106274448335,2.0969655513763428,1.795837640762329,-0.0033351292368024588,0.31700730323791504,-0.0008233070257119834,-2.0371702257109858e-19,2.1119955034563547,1.7997111156095704,0.38060616666631436,32758,0.23237906771277927,-0.006858906700221559,0.0014732962159635932,0.4788920014107134,4.403091315613894e-20,0.29999999350233,6.2438785657844e-05,3.5,3.5,0.1,0.0,0.0,0.0
18.771949073998258,nav_to_wp,0,0.00018928035569842905,2.102832317352295,1.7958379983901978,-0.0034146737307310104,0.3157954216003418,-0.0008085486479103565,-2.0283386777518564e-19,2.1180127857256523,1.799712367982257,0.3806060473026246,32758,0.23237591827505355,-0.007653934825609837,0.0015954104401856295,0.49779800247051753,4.403091315613894e-20,0.29999999350233,6.2438785657844e-05,3.5,3.5,0.1,0.0,0.0,0.0
18.79237168099644,nav_to_wp,0,0.00011231490498175845,2.108710527420044,1.7958391904830933,-0.0034407577477395535,0.31473347544670105,-0.0007849278626963496,-2.0195057040712194e-19,2.1240310393952972,1.7997136205571205,0.38060039535018647,32757,0.23222679024238602,-0.008359292414704565,0.0016900294944788286,0.7806810026522726,4.403091315613894e-20,0.29999999350233,6.2438785657844e-05,3.5,3.5,0.1,0.0,0.0,0.0
18.812228086997493,nav_to_wp,0,3.593670771806501e-05,2.114598035812378,1.795841932296753,-0.0034115086309611797,0.3138240575790405,-0.0007076982292346656,-2.0107415824099993e-19,2.1300023814660287,1.7997148633683062,0.3805656854421053,32754,0.23131096153312036,-0.00892612213113209,0.001755090938471815,0.6669530012004543,4.403091315613894e-20,0.29999999350233,6.2438785657844e-05,3.5,3.5,0.1,0.0,0.0,0.0
18.831908318999922,nav_to_wp,0,-4.18887211708352e-05,2.1207916736602783,1.7958462238311768,-0.0033201684709638357,0.31305113434791565,-0.0006194321904331446,-2.001932027010258e-19,2.136004679336411,1.7997161126223007,0.3805223488244716,32750,0.23016751515756084,-0.009132257212000002,0.0017890921464889242,0.48696100202505477,4.403091315613894e-20,0.29999999350233,6.2438785657844e-05,3.5,3.5,0.1,0.0,0.0,0.0
18.851890394998918,nav_to_wp,0,-8.494359644828364e-05,2.123929977416992,1.7958577871322632,-0.003284190781414509,0.3122125566005707,-0.0005650726379826665,-1.9931199266242212e-19,2.142008711206425,1.7997173622371911,0.3805004256491112,32748,0.2295890672588694,-0.012586359727386025,0.001815545864884971,0.4660990016418509,4.403091315613894e-20,0.29999999350233,6.2438785657844e-05,3.5,3.5,0.1,0.0,0.0,0.0
18.87191546699978,nav_to_wp,0,-0.0001545831182738766,2.1298725605010986,1.7958650588989258,-0.0031174328178167343,0.31187739968299866,-0.0005145082250237465,-1.9843245055884083e-19,2.148001378776678,1.7997186094868378,0.3804725645962382,32746,0.22885394713029328,-0.012816134263266365,0.0018012341630484485,0.4967499990016222,4.403091315613894e-20,0.29999999350233,6.2438785657844e-05,3.5,3.5,0.1,0.0,0.0,0.0
18.892123292996985,nav_to_wp,0,-0.00021912288502790034,2.1359593868255615,1.7958691120147705,-0.002887961221858859,0.3123142719268799,-0.00046421634033322334,-1.9754868351312792e-19,2.154022832545562,1.7997198627277358,0.38044629794900814,32744,0.22816089575219145,-0.012518598039724316,0.0017485824963203722,0.5773999982920941,4.403091315613894e-20,0.29999999350233,6.2438785657844e-05,3.5,3.5,0.1,0.0,0.0,0.0
18.912255408999044,nav_to_wp,0,-0.00028151238802820444,2.142024517059326,1.7958840131759644,-0.002647544490173459,0.31270137429237366,-0.00031001062598079443,-1.966605854104232e-19,2.1600737955155114,1.7997211221103628,0.3803549161653412,32736,0.22574976689554482,-0.01230314043089548,0.0016881973413802598,0.5418120017566252,4.403091315613894e-20,0.29999999350233,6.2438785657844e-05,3.5,3.5,0.1,0.0,0.0,0.0
18.93189326299762,nav_to_wp,0,-0.00033439413527958095,2.148103713989258,1.7958922386169434,-0.0023326491937041283,0.3132351040840149,-0.0002407776191830635,-1.957907509343938e-19,2.1660003211869543,1.799722355593943,0.3803132967757404,32732,0.2246516299667629,-0.01186319870244774,0.0015784032459473796,0.4905880014121067,4.403091315613894e-20,0.29999999350233,6.2438785657844e-05,3.5,3.5,0.1,0.0,0.0,0.0
18.95180250899648,nav_to_wp,0,-0.0003796698583755642,2.153891086578369,1.7959073781967163,-0.0019940210040658712,0.31254684925079346,-0.00017157802358269691,-1.949115304327251e-19,2.171990797556417,1.799723602387537,0.3802677356033242,32728,0.22344948821435828,-0.012440288189887762,0.0014481174316660628,0.44909800271852873,4.403091315613894e-20,0.29999999350233,6.2438785657844e-05,3.5,3.5,0.1,0.0,0.0,0.0
18.971900718999677,nav_to_wp,0,-0.0004176195652689785,2.1597049236297607,1.7959225177764893,-0.0016307455953210592,0.3121799826622009,-0.00016114278696477413,-1.9402790772022077e-19,2.1780112679261725,1.7997248554237606,0.3802508577909261,32727,0.223004163348973,-0.012851196530186898,0.001297030824126022,0.46310100151458755,4.403091315613894e-20,0.29999999350233,6.2438785657844e-05,3.5,3.5,0.1,0.0,0.0,0.0
18.992382791999262,nav_to_wp,0,-0.0004478330665733665,2.16554594039917,1.7959364652633667,-0.0012493180111050606,0.31207960844039917,-0.00022730440832674503,-1.9314114771703222e-19,2.184053113895874,1.7997261129088726,0.38027308963891115,32729,0.2235907556440928,-0.01311450290399638,0.001128128525353489,0.6731219982611947,4.403091315613894e-20,0.29999999350233,6.2438785657844e-05,3.5,3.5,0.1,0.0,0.0,0.0
19.01203367999915,nav_to_wp,0,-0.00047004668158479035,2.171414852142334,1.7959486246109009,-0.0008557961555197835,0.31219860911369324,-0.0002957480028271675,-1.9226415478326058e-19,2.190028412965873,1.7997273565436258,0.3802976174659649,32731,0.22423792786186958,-0.013162974901845807,0.0009444654413823805,0.5274409995763563,4.403091315613894e-20,0.29999999350233,6.2438785657844e-05,3.5,3.5,0.1,0.0,0.0,0.0
19.03195082399907,nav_to_wp,0,-0.00048414836055599153,2.177311897277832,1.7959588766098022,-0.00045709198457188904,0.3125104308128357,-0.0003636463079601526,-1.9138693103928005e-19,2.1960052846369424,1.7997286005056834,0.38032361188967434,32733,0.22492379656132755,-0.013082045494135424,0.0007495663138439301,0.5234419986663852,4.403091315613894e-20,0.29999999350233,6.2438785657844e-05,3.5,3.5,0.1,0.0,0.0,0.0
19.05184499999814,nav_to_wp,0,-0.0004901979118585587,2.183237075805664,1.7959672212600708,-6.0136226238682866e-05,0.31300291419029236,-0.0004324230831116438,-1.9050803931638692e-19,2.2019935209068144,1.799729846833047,0.38035188617319776,32736,0.22566981987329093,-0.012888408155803714,0.000547141812462737,0.47354799971799366,4.403091315613894e-20,0.29999999350233,6.2438785657844e-05,3.5,3.5,0.1,0.0,0.0,0.0
19.071897292997164,nav_to_wp,0,-0.000488364021293819,2.189189910888672,1.7959736585617065,0.0003245971747674048,0.3136604428291321,-0.0005026948638260365,-1.8962563577577838e-19,2.208005684577149,1.799731098140403,0.38038288613022897,32738,0.22648776069205567,-0.012604002453011454,0.00034288129375781295,0.4740860022138804,4.403091315613894e-20,0.29999999350233,6.2438785657844e-05,3.5,3.5,0.1,0.0,0.0,0.0
19.0920294849966,nav_to_wp,0,-0.0004790547536686063,2.1951711177825928,1.7959781885147095,0.0006878692656755447,0.3144626319408417,-0.0005748833063989878,-1.8874581429610434e-19,2.214000255647012,1.799732345786224,0.3804166873282547,32741,0.22737961288270725,-0.01219516033712487,0.00014207591389792107,0.5832239985466003,4.403091315613894e-20,0.29999999350233,6.2438785657844e-05,3.5,3.5,0.1,0.0,0.0,0.0
19.112381590999576,nav_to_wp,0,-0.00046192650916054845,2.20143985748291,1.7959803342819214,0.0010414834832772613,0.3152417838573456,-0.0006623961962759495,-1.878553534946776e-19,2.2200673166160816,1.799733608519316,0.3804602764335946,32745,0.22852972120302262,-0.011572098657179779,-6.183587213559605e-05,0.6543290000990964,4.403091315613894e-20,0.29999999350233,6.2438785657844e-05,3.5,3.5,0.1,0.0,0.0,0.0
19.131916845999513,nav_to_wp,0,-0.00043938038288615644,2.207427740097046,1.7959810495376587,0.0013402983313426375,0.3160521984100342,-0.0007440734189003706,-1.8698448288318476e-19,2.2260009018874736,1.799734843472206,0.380503443614574,32749,0.22966869695445702,-0.011087705965768038,-0.0002425931107026269,0.49377899995306507,4.403091315613894e-20,0.29999999350233,6.2438785657844e-05,3.5,3.5,0.1,0.0,0.0,0.0
19.151939342998958,nav_to_wp,0,-0.00041155231883749366,2.2134480476379395,1.7959799766540527,0.0015986647922545671,0.31697607040405273,-0.0008246563374996185,-1.8610339441394816e-19,2.2320041054573982,1.7997360929147028,0.3805483355873267,32753,0.2308531817236581,-0.010582842910055642,-0.00040760140225448716,0.5101960014144424,4.403091315613894e-20,0.29999999350233,6.2438785657844e-05,3.5,3.5,0.1,0.0,0.0,0.0
19.171963613996923,nav_to_wp,0,-0.0003793770738411695,2.2195000648498535,1.7959775924682617,0.0018118805019184947,0.317984014749527,-0.0008737347088754177,-1.8522192970067308e-19,2.238009872526487,1.799737342890739,0.380578936768023,32755,0.2316606007393922,-0.01000366162087812,-0.0005534338904511493,0.5054749999544583,4.403091315613894e-20,0.29999999350233,6.2438785657844e-05,3.5,3.5,0.1,0.0,0.0,0.0
19.192307737997908,nav_to_wp,0,-0.00034388064523227513,2.225583076477051,1.7959750890731812,0.001975949155166745,0.31904610991477966,-0.0008531797211617231,-1.8433864184318602e-19,2.2440280613968184,1.799738595452116,0.3805748370436624,32755,0.23155242859267489,-0.009377456049800035,-0.0006769695932093978,0.7685259988647886,4.403091315613894e-20,0.29999999350233,6.2438785657844e-05,3.5,3.5,0.1,0.0,0.0,0.0
19.212336817996402,nav_to_wp,0,-0.0003061599563807249,2.2316954135894775,1.7959730625152588,0.002087201224640012,0.3201355040073395,-0.0008325711823999882,-1.8345074033869203e-19,2.2500776848655466,1.7997398545559535,0.3805702330426631,32754,0.23143095099374733,-0.008739122120672517,-0.0007750902889922529,0.5853059992659837,4.403091315613894e-20,0.29999999350233,6.2438785657844e-05,3.5,3.5,0.1,0.0,0.0,0.0
19.231892396997864,nav_to_wp,0,-0.0002665418724063784,2.2378664016723633,1.795967698097229,0.0021597095765173435,0.32136914134025574,-0.0008251983672380447,-1.8258140138656488e-19,2.256000834337024,1.7997410873368478,0.3805757256486756,32755,0.23157587463523832,-0.007830176328424913,-0.0008548238472299019,0.4881269996985793,4.403091315613894e-20,0.29999999350233,6.2438785657844e-05,3.5,3.5,0.1,0.0,0.0,0.0
19.251798736997443,nav_to_wp,0,-0.00022761276341043413,2.244030237197876,1.7959667444229126,0.002162330783903599,0.3224315345287323,-0.0008014477789402008,-1.817019739835207e-19,2.261992720407237,1.7997423344238415,0.3805682927766745,32754,0.23137975664048582,-0.007091260185136281,-0.0008971348998212392,0.44396800149115734,4.403091315613894e-20,0.29999999350233,6.2438785657844e-05,3.5,3.5,0.1,0.0,0.0,0.0
19.271873143999983,nav_to_wp,0,-0.0001878527837106958,2.250525712966919,1.7959656715393066,0.0021109245717525482,0.32349348068237305,-0.0007787973154336214,-1.808201023803751e-19,2.268001259777643,1.7997435849768748,0.38056098544676,32754,0.2311869511018454,-0.0060214687697914444,-0.0009119270294082327,0.46393199954763986,4.403091315613894e-20,0.29999999350233,6.2438785657844e-05,3.5,3.5,0.1,0.0,0.0,0.0
19.292119925998122,nav_to_wp,0,-0.00015279478975571692,2.2566778659820557,1.7959659099578857,0.002001778222620487,0.32420092821121216,-0.0007587622385472059,-1.7993697404694137e-19,2.2740183617476233,1.799744837312036,0.3805548802400494,32753,0.23102586385354584,-0.005507806898641254,-0.0008914293080062308,0.6413749979401473,4.403091315613894e-20,0.29999999350233,6.2438785657844e-05,3.5,3.5,0.1,0.0,0.0,0.0
19.312131522998243,nav_to_wp,0,-0.00012268229329492897,2.262814521789551,1.7959707975387573,0.0018217067699879408,0.32469096779823303,-0.0007193225901573896,-1.7905063418688826e-19,2.2800573451162824,1.799746094201357,0.3805336467124794,32751,0.23046561246647457,-0.005147885904353422,-0.0008284903988642345,0.5227180008660071,4.403091315613894e-20,0.29999999350233,6.2438785657844e-05,3.5,3.5,0.1,0.0,0.0,0.0
19.33191371599969,nav_to_wp,0,-9.376429807161912e-05,2.269049882888794,1.7959688901901245,0.0016343069728463888,0.3254855275154114,-0.000706210033968091,-1.7817820756701198e-19,2.2860015320870595,1.799747331360771,0.38053346092715856,32751,0.23046071047911632,-0.0044242071420437625,-0.000760394900674255,0.48053999853436835,4.403091315613894e-20,0.29999999350233,6.2438785657844e-05,3.5,3.5,0.1,0.0,0.0,0.0
19.351898395998433,nav_to_wp,0,-7.166628347476944e-05,2.2752633094787598,1.7959717512130737,0.0013866137014701962,0.3260127604007721,-0.0006741511169821024,-1.7729687824854437e-19,2.2920063766578753,1.7997485811448082,0.38051837682799355,32750,0.2300627131396702,-0.0039280038645143,-0.0006534671115590029,0.49131699779536575,4.403091315613894e-20,0.29999999350233,6.2438785657844e-05,3.5,3.5,0.1,0.0,0.0,0.0
19.37189840299834,nav_to_wp,0,-5.553906157729216e-05,2.2814903259277344,1.795975685119629,0.001104216556996107,0.32644131779670715,-0.0006387929897755384,-1.7641720061784403e-19,2.2979999676278924,1.7997498285866416,0.38050042323727096,32748,0.22958900362192303,-0.003457537866768619,-0.0005220170166946314,0.4934719981974922,4.403091315613894e-20,0.29999999350233,6.2438785657844e-05,3.5,3.5,0.1,0.0,0.0,0.0
19.39226827099992,nav_to_wp,0,-4.5982284063939005e-05,2.287727117538452,1.795980453491211,0.0007938630296848714,0.3267665207386017,-0.000600829953327775,-1.7553339099422788e-19,2.30402171149684,1.7997510818879179,0.38048030034637936,32747,0.22905805663269874,-0.0030606946864241654,-0.00036895391264279986,0.7210240000858903,4.403091315613894e-20,0.29999999350233,6.2438785657844e-05,3.5,3.5,0.1,0.0,0.0,0.0
19.412109762997716,nav_to_wp,0,-4.343252658145502e-05,2.2939703464508057,1.7959861755371094,0.0004628380120266229,0.32698094844818115,-0.0005610662046819925,-1.7464806520996346e-19,2.3100537855668217,1.7997523373392115,0.3804582145456243,32745,0.2284753178264971,-0.002726149475943678,-0.00019764218352347207,0.5073510001238901,4.403091315613894e-20,0.29999999350233,6.2438785657844e-05,3.5,3.5,0.1,0.0,0.0,0.0
19.431884283996624,nav_to_wp,0,-4.816600267076865e-05,2.3002161979675293,1.7959926128387451,0.00011891919712070376,0.32707494497299194,-0.0005201318999752402,-1.7377525988018354e-19,2.3160005528376764,1.7997535750356615,0.38043464930601434,32743,0.22785354369430877,-0.0023624359443446723,-1.1874413553325525e-05,0.48168499779421836,4.403091315613894e-20,0.29999999350233,6.2438785657844e-05,3.5,3.5,0.1,0.0,0.0,0.0
19.451871126999322,nav_to_wp,0,-6.027827475918457e-05,2.306462049484253,1.7959998846054077,-0.00022960698697715998,0.327046662569046,-0.000479005160741508,-1.7289439711338357e-19,2.322002218607799,1.7997548241580972,0.38041011278737846,32741,0.22720614214718715,-0.0021206966569050694,0.00018409791259643704,0.47837599777267314,4.403091315613894e-20,0.29999999350233,6.2438785657844e-05,3.5,3.5,0.1,0.0,0.0,0.0
19.471884658996714,nav_to_wp,0,-7.966325938468799e-05,2.312704563140869,1.796007752418518,-0.0005768445553258061,0.3268955945968628,-0.00043878681026399136,-1.7201394519907435e-19,2.328001085077709,1.7997560726979167,0.380385363272324,32739,0.22655312064179256,-0.0019440523963895875,0.00038706594078430356,0.46864899923093617,4.403091315613894e-20,0.29999999350233,6.2438785657844e-05,3.5,3.5,0.1,0.0,0.0,0.0
19.492046676998143,nav_to_wp,0,-0.00010612099140416831,2.3189401626586914,1.796015977859497,-0.0009122342453338206,0.32662272453308105,-0.0004090447910130024,-1.7113069666119735e-19,2.3340190060480146,1.7997573252035357,0.38036549367788375,32737,0.22602885693624586,-0.0018587166606788383,0.0005912609384133294,0.5402829992817715,4.403091315613894e-20,0.29999999350233,6.2438785657844e-05,3.5,3.5,0.1,0.0,0.0,0.0
19.512076873998012,nav_to_wp,0,-0.00013922819925937802,2.3251662254333496,1.7960237264633179,-0.001226681168191135,0.32622969150543213,-0.0004627527669072151,-1.7024772331670088e-19,2.3400350520171807,1.799758577318912,0.380388004495109,32739,0.22662280989733397,-0.0018444105547425808,0.0007913697098891337,0.5194279983697925,4.403091315613894e-20,0.29999999350233,6.2438785657844e-05,3.5,3.5,0.1,0.0,0.0,0.0
19.531965654998203,nav_to_wp,0,-0.00017837711493484676,2.3313803672790527,1.7960296869277954,-0.001513174269348383,0.32572099566459656,-0.0005260371835902333,-1.6936968271136847e-19,2.346017489287114,1.7997598224393336,0.3804175641400251,32741,0.2274027477579157,-0.001868076541405362,0.000983092778405359,0.501366001117276,4.403091315613894e-20,0.29999999350233,6.2438785657844e-05,3.5,3.5,0.1,0.0,0.0,0.0
19.552066707998165,nav_to_wp,0,-0.00022282320423983037,2.3375799655914307,1.7960340976715088,-0.00176517094951123,0.3251035511493683,-0.0005900837713852525,-1.6848406332895644e-19,2.35205156375718,1.7997610783069693,0.38044955518194373,32744,0.2282468385737122,-0.0020184772633418694,0.0011622134002182705,0.5017760013288353,4.403091315613894e-20,0.29999999350233,6.2438785657844e-05,3.5,3.5,0.1,0.0,0.0,0.0
19.57202112199957,nav_to_wp,0,-0.0002716873132158071,2.3437628746032715,1.7960370779037476,-0.001975857885554433,0.3243867754936218,-0.0006550802499987185,-1.6760743281362268e-19,2.358024393527289,1.7997623214277887,0.3804838082223075,32747,0.22915061272578896,-0.00217421222811596,0.0013242262581600883,0.5275040020933375,4.403091315613894e-20,0.29999999350233,6.2438785657844e-05,3.5,3.5,0.1,0.0,0.0,0.0
19.59202043499681,nav_to_wp,0,-0.00032396847382187843,2.3499276638031006,1.7960385084152222,-0.002138945972546935,0.32358136773109436,-0.0007205053698271513,-1.667289892813601e-19,2.3640095760974624,1.7997635671195877,0.38052029381289515,32750,0.2301132932162293,-0.002408523162055302,0.0014647754467125296,0.5438490006781649,4.403091315613894e-20,0.29999999350233,6.2438785657844e-05,3.5,3.5,0.1,0.0,0.0,0.0
19.61232717799794,nav_to_wp,0,-0.0003785550070460886,2.356071949005127,1.7960386276245117,-0.0022495922166854143,0.32269829511642456,-0.0007795530837029219,-1.6584049719012645e-19,2.370063223466795,1.7997648270609168,0.3805554004886786,32753,0.23103959073030467,-0.002777130841964657,0.001580165977499437,0.6231469997146633,4.403091315613894e-20,0.29999999350233,6.2438785657844e-05,3.5,3.5,0.1,0.0,0.0,0.0
19.631890220996866,nav_to_wp,0,-0.00043425324838608503,2.3621950149536133,1.7960385084152222,-0.0023035998456180096,0.3217507600784302,-0.0007572260219603777,-1.6496885211882282e-19,2.3760020854386132,1.7997660631120427,0.38055005162182,32753,0.23089845967862566,-0.003081535160251731,0.0016671172678779378,0.48242800039588474,4.403091315613894e-20,0.29999999350233,6.2438785657844e-05,3.5,3.5,0.1,0.0,0.0,0.0
19.6518997259991,nav_to_wp,0,-0.0004889062838628888,2.368147850036621,1.7960397005081177,-0.0022963101509958506,0.3200581967830658,-0.0007447603275068104,-1.6408865694875614e-19,2.3819992026086436,1.7997673112877814,0.380548915517564,32753,0.23086848331303322,-0.00401763528135643,0.0017207377033332527,0.5141429974173661,4.403091315613894e-20,0.29999999350233,6.2438785657844e-05,3.5,3.5,0.1,0.0,0.0,0.0
19.671926444996643,nav_to_wp,0,-0.0005422973772510886,2.37410044670105,1.796040654182434,-0.002228083088994026,0.31852638721466064,-0.0007279851706698537,-1.6320681110376263e-19,2.3880075664785902,1.799768561804288,0.38054610269758654,32752,0.23079426642708434,-0.004881351687964088,0.0017410135032467355,0.49871199735207483,4.403091315613894e-20,0.29999999350233,6.2438785657844e-05,3.5,3.5,0.1,0.0,0.0,0.0
19.692305349999515,nav_to_wp,0,-0.0005930772167630494,2.380037546157837,1.7960423231124878,-0.0020994143560528755,0.31701987981796265,-0.0007092755404300988,-1.6231942819536573e-19,2.394053656547382,1.7997698201727215,0.3805417927365204,32752,0.2306805471377391,-0.005787754498602975,0.0017267855910201302,0.6292099969869014,4.403091315613894e-20,0.29999999350233,6.2438785657844e-05,3.5,3.5,0.1,0.0,0.0,0.0
19.712015779998183,nav_to_wp,0,-0.0006392822251655161,2.385829448699951,1.7960447072982788,-0.0019088350236415863,0.31500867009162903,-0.0007044331869110465,-1.6144333023388103e-19,2.4000228578178797,1.799771062538344,0.38054466991890223,32752,0.23075646224016388,-0.00703111708255714,0.0016751783518140773,0.5196940001042094,4.403091315613894e-20,0.29999999350233,6.2438785657844e-05,3.5,3.5,0.1,0.0,0.0,0.0
19.731943571998272,nav_to_wp,0,-0.0006813112995587289,2.3917689323425293,1.7960466146469116,-0.0016624222043901682,0.3138880133628845,-0.0006738129304721951,-1.605658466635667e-19,2.406001499788333,1.7997723068688527,0.3805339656369092,32751,0.2304740273590813,-0.007661484850834271,0.0015898954369972795,0.5226670000411104,4.403091315613894e-20,0.29999999350233,6.2438785657844e-05,3.5,3.5,0.1,0.0,0.0,0.0
19.751890469997306,nav_to_wp,0,-0.0007166127907112241,2.397557497024536,1.7960498332977295,-0.0013587998691946268,0.3122195303440094,-0.0006583029171451926,-1.5968597758647827e-19,2.4119963951581704,1.7997735545821698,0.3805308162114579,32751,0.23039092906221192,-0.008755396137379221,0.0014674377652039716,0.509451001562411,4.403091315613894e-20,0.29999999350233,6.2438785657844e-05,3.5,3.5,0.1,0.0,0.0,0.0
19.771938784997474,nav_to_wp,0,-0.0007448731339536607,2.4033522605895996,1.7960535287857056,-0.0010045897215604782,0.31079795956611633,-0.0006366430316120386,-1.5880253711781824e-19,2.41801562382867,1.7997748073599595,0.38052403116387606,32750,0.23021190406005232,-0.009738711728544631,0.0013110008828356445,0.48498300020582974,4.403091315613894e-20,0.29999999350233,6.2438785657844e-05,3.5,3.5,0.1,0.0,0.0,0.0
19.792016944997158,nav_to_wp,0,-0.0007651483174413443,2.4091525077819824,1.7960577011108398,-0.000605634821113199,0.309619665145874,-0.0006093228003010154,-1.5792316039443985e-19,2.424007164598313,1.7997760543750863,0.3805135144927679,32750,0.22993441933424386,-0.01055942941673898,0.0011226575789391458,0.5570639987126924,4.403091315613894e-20,0.29999999350233,6.2438785657844e-05,3.5,3.5,0.1,0.0,0.0,0.0
19.811957393998455,nav_to_wp,0,-0.0007766281487420201,2.4149587154388428,1.7960625886917114,-0.00016856417641974986,0.3086797297000885,-0.0005771431606262922,-1.5704168903242714e-19,2.4300129769678764,1.7997773043605507,0.3804994318207664,32748,0.22956284487510104,-0.011263748100518233,0.000905031947467938,0.49952900008065626,4.403091315613894e-20,0.29999999350233,6.2438785657844e-05,3.5,3.5,0.1,0.0,0.0,0.0
19.831932599998254,nav_to_wp,0,-0.0007786559872329235,2.4207711219787598,1.7960681915283203,0.0002992458757944405,0.30797329545021057,-0.0005411822348833084,-1.561624566422573e-19,2.436003534338391,1.7997785511710032,0.3804820988123461,32747,0.22910550956058273,-0.011822922419397943,0.0006613011199712027,0.5145860013726633,4.403091315613894e-20,0.29999999350233,6.2438785657844e-05,3.5,3.5,0.1,0.0,0.0,0.0
19.851850389997708,nav_to_wp,0,-0.0007692906656302512,2.4269306659698486,1.7960700988769531,0.0008318195468746126,0.30769380927085876,-0.0005204976769164205,-1.5528277751448172e-19,2.4419971355085726,1.7997797986149595,0.38047446117655764,32746,0.22890398882737628,-0.011795611798281081,0.00037151602683604956,0.4791829996975139,4.403091315613894e-20,0.29999999350233,6.2438785657844e-05,3.5,3.5,0.1,0.0,0.0,0.0
19.87190776299758,nav_to_wp,0,-0.0007504163659177721,2.432844877243042,1.7960768938064575,0.0013379896990954876,0.3078472316265106,-0.0004690521163865924,-1.5440145519699537e-19,2.448001932378939,1.7997810483890688,0.380445553764317,32744,0.22814126027221526,-0.011811095899716897,8.560648499011947e-05,0.4983360013284255,4.403091315613894e-20,0.29999999350233,6.2438785657844e-05,3.5,3.5,0.1,0.0,0.0,0.0
19.892117418999987,nav_to_wp,0,-0.0007217337843030691,2.438619613647461,1.7960851192474365,0.0018446262693032622,0.3074840009212494,-0.0004373714327812195,-1.5351719584162285e-19,2.454026740447884,1.799782302328095,0.38042678347538716,32742,0.22764600198910578,-0.012265609421648019,-0.00021089929578854694,0.5452779987535905,4.403091315613894e-20,0.29999999350233,6.2438785657844e-05,3.5,3.5,0.1,0.0,0.0,0.0
19.912200189999567,nav_to_wp,0,-0.00068282539723441,2.444413661956787,1.7960937023162842,0.0023492167238146067,0.3073788583278656,-0.00040503544732928276,-1.5263056145868263e-19,2.4600677305172423,1.799783559635069,0.3804066805599038,32740,0.2271155820555073,-0.012581223207824063,-0.0005171128812633263,0.5418829969130456,4.403091315613894e-20,0.29999999350233,6.2438785657844e-05,3.5,3.5,0.1,0.0,0.0,0.0
19.931951633996505,nav_to_wp,0,-0.0006339060491882265,2.450228452682495,1.7961024045944214,0.0028402889147400856,0.3075017035007477,-0.0003731145989149809,-1.5175928087538807e-19,2.4660041090883653,1.7997847951693264,0.38038545350623504,32739,0.22655550148377301,-0.012645200677308864,-0.0008267808250908004,0.5273599999782164,4.403091315613894e-20,0.29999999350233,6.2438785657844e-05,3.5,3.5,0.1,0.0,0.0,0.0
19.951865098999406,nav_to_wp,0,-0.0005754365702159703,2.4560654163360596,1.7961113452911377,0.0033060559071600437,0.30782032012939453,-0.0003538290038704872,-1.5088023825848943e-19,2.4719933734586657,1.7997860417106677,0.38036994773863564,32737,0.22614637832811546,-0.012638350145701813,-0.0011332037353657398,0.49697999929776415,4.403091315613894e-20,0.29999999350233,6.2438785657844e-05,3.5,3.5,0.1,0.0,0.0,0.0
19.972064183999464,nav_to_wp,0,-0.0005047997692599893,2.4621901512145996,1.7961187362670898,0.003758589504286647,0.30821165442466736,-0.00042714783921837807,-1.4999586578759574e-19,2.478018952228312,1.799787295810099,0.38040128311353993,32740,0.2269731692226884,-0.012327276725842651,-0.0014453110674803593,0.5616819980787113,4.403091315613894e-20,0.29999999350233,6.2438785657844e-05,3.5,3.5,0.1,0.0,0.0,0.0
19.992011184996954,nav_to_wp,0,-0.000429711741162464,2.468021869659424,1.7961246967315674,0.004140716511756182,0.3086514174938202,-0.0005027416627854109,-1.4911663066741803e-19,2.484009528199447,1.799788542624423,0.38043671773443477,32743,0.2279081196420769,-0.012261966942285785,-0.001725014702216976,0.5516890014405362,4.403091315613894e-20,0.29999999350233,6.2438785657844e-05,3.5,3.5,0.1,0.0,0.0,0.0
20.01202583599661,nav_to_wp,0,-0.00034777860855683684,2.4738824367523193,1.7961288690567017,0.004471031948924065,0.3092731833457947,-0.0005770369898527861,-1.4823584781682134e-19,2.4900106494689282,1.7997897916335321,0.3804732234193708,32746,0.22887133032640428,-0.01208171223797241,-0.001984621769861139,0.5543059996853117,4.403091315613894e-20,0.29999999350233,6.2438785657844e-05,3.5,3.5,0.1,0.0,0.0,0.0
20.031885590997263,nav_to_wp,0,-0.0002602160966489464,2.4797730445861816,1.7961314916610718,0.004742049612104893,0.310048371553421,-0.0006500545423477888,-1.4735661097963644e-19,2.496001237138712,1.7997910384502906,0.3805104842728872,32749,0.2298544663030917,-0.011778167092306356,-0.002218924869392014,0.4777789981744718,4.403091315613894e-20,0.29999999350233,6.2438785657844e-05,3.5,3.5,0.1,0.0,0.0,0.0
20.051883550997445,nav_to_wp,0,-0.00016400645836256444,2.4859602451324463,1.7961324453353882,0.004957160912454128,0.31086090207099915,-0.0007321408484131098,-1.4647558934921981e-19,2.5020039853093694,1.7997922877980057,0.3805530339053692,32753,0.23097714789892265,-0.01115590890586379,-0.0024328554234422928,0.4794610031240154,4.403091315613894e-20,0.29999999350233,6.2438785657844e-05,3.5,3.5,0.1,0.0,0.0,0.0
20.07200264599669,nav_to_wp,0,-6.99371230439283e-05,2.4918577671051025,1.7961331605911255,0.005085373297333717,0.3116408586502075,-0.0007359040901064873,-1.4559383068555354e-19,2.508011755178517,1.7997935381908832,0.38055817184353485,32753,0.23111271354973084,-0.010861722971508194,-0.0025990794496812963,0.5451719989650883,4.403091315613894e-20,0.29999999350233,6.2438785657844e-05,3.5,3.5,0.1,0.0,0.0,0.0
20.092020342999604,nav_to_wp,0,2.5432913389522582e-05,2.497789144515991,1.7961345911026,0.0051405467092990875,0.31253737211227417,-0.0007111504673957825,-1.4471396988610916e-19,2.5140065941494973,1.7997947858924621,0.38054771759118616,32752,0.23083687575688927,-0.010457536056062176,-0.0027283931749053636,0.5691340011253487,4.403091315613894e-20,0.29999999350233,6.2438785657844e-05,3.5,3.5,0.1,0.0,0.0,0.0
20.111974130999442,nav_to_wp,0,0.0001205323715112172,2.5037529468536377,1.7961366176605225,0.005121150054037571,0.31351906061172485,-0.0006861137226223946,-1.4383222619287522e-19,2.5200142620191794,1.7997960362641106,0.3805361559892949,32751,0.2305318202980171,-0.009987988978928254,-0.002818245683575249,0.49950899847317487,4.403091315613894e-20,0.29999999350233,6.2438785657844e-05,3.5,3.5,0.1,0.0,0.0,0.0
20.13188980799896,nav_to_wp,0,0.00021381171245593578,2.5097479820251465,1.7961392402648926,0.005024168640375137,0.3145543038845062,-0.0006591947749257088,-1.4295348470339069e-19,2.526001474689531,1.799797282378433,0.38052264424560966,32750,0.23017530991054436,-0.009435977245864506,-0.0028654271214698657,0.4777960020874161,4.403091315613894e-20,0.29999999350233,6.2438785657844e-05,3.5,3.5,0.1,0.0,0.0,0.0
20.151843402996747,nav_to_wp,0,0.00030365490238182247,2.5157721042633057,1.7961424589157104,0.00485085416585207,0.315618634223938,-0.0006307028234004974,-1.420742241334141e-19,2.5319922240601938,1.7997985292288463,0.3805075265214811,32749,0.2297764253688932,-0.008841815789261447,-0.0028688901414302137,0.47374600035254844,4.403091315613894e-20,0.29999999350233,6.2438785657844e-05,3.5,3.5,0.1,0.0,0.0,0.0
20.17194204199768,nav_to_wp,0,0.00038853089790791273,2.5218241214752197,1.7961463928222656,0.004602629225701094,0.31668752431869507,-0.0006009899079799652,-1.4119078837623223e-19,2.5380114206295326,1.799799781999955,0.38049098930500663,32748,0.2293400872033402,-0.00824582364604951,-0.0028277664083034004,0.505181000335142,4.403091315613894e-20,0.29999999350233,6.2438785657844e-05,3.5,3.5,0.1,0.0,0.0,0.0
20.192018332996668,nav_to_wp,0,0.00047070058644749224,2.528175115585327,1.7961503267288208,0.004267146810889244,0.31765133142471313,-0.0005774036981165409,-1.403118347018787e-19,2.5440000789991615,1.7998010284151695,0.38047675795175,32746,0.22896458975593603,-0.007358540260222438,-0.0027379094161599227,0.5965010022919159,4.403091315613894e-20,0.29999999350233,6.2438785657844e-05,3.5,3.5,0.1,0.0,0.0,0.0
20.211947780997434,nav_to_wp,0,0.0005403061513788998,2.5342233180999756,1.7961552143096924,0.0038733403198421,0.31843844056129456,-0.0005530200432986021,-1.3942993941015208e-19,2.550008779769221,1.799802279001795,0.38046229607920473,32745,0.22858301000540138,-0.0069035093667343065,-0.002604178271047086,0.5098170004202984,4.403091315613894e-20,0.29999999350233,6.2438785657844e-05,3.5,3.5,0.1,0.0,0.0,0.0
20.231747008998354,nav_to_wp,0,0.0006008835625834763,2.540296792984009,1.796160340309143,0.003420337336137891,0.31921011209487915,-0.000526882242411375,-1.385502078855432e-19,2.5560027379397128,1.7998035265200534,0.3804466160705919,32744,0.22816928946152615,-0.006414508895530099,-0.00242983315623424,0.36037199970451184,4.403091315613894e-20,0.29999999350233,6.2438785657844e-05,3.5,3.5,0.1,0.0,0.0,0.0
20.25159810599871,nav_to_wp,0,0.0006541215698234737,2.5466983318328857,1.7961655855178833,0.0028948402032256126,0.31997278332710266,-0.0005023714620620012,-1.3767242988044275e-19,2.561983386010599,1.7998047712680902,0.3804308821226399,32742,0.22775414571609254,-0.00557126128373113,-0.002209645410333083,0.29993099815328605,4.403091315613894e-20,0.29999999350233,6.2438785657844e-05,3.5,3.5,0.1,0.0,0.0,0.0
20.271741042997746,nav_to_wp,0,0.0006964669446460903,2.5528833866119385,1.7961676120758057,0.0023729836102575064,0.3209635317325592,-0.00048423605039715767,-1.3679072669570105e-19,2.567990777879932,1.799806021582295,0.38042289485884007,32742,0.22754339996939343,-0.004863691978851252,-0.001979859788012961,0.3808859983109869,4.403091315613894e-20,0.29999999350233,6.2438785657844e-05,3.5,3.5,0.1,0.0,0.0,0.0
20.292100117996597,nav_to_wp,0,0.0007232767529785633,2.5589632987976074,1.7961736917495728,0.0017856488702818751,0.32132914662361145,-0.00046307360753417015,-1.3590734923539227e-19,2.5740095772496603,1.7998072742707347,0.3804092552570469,32741,0.22718351601706743,-0.004607378669064103,-0.0016993298071426022,0.6041380001988728,4.403091315613894e-20,0.29999999350233,6.2438785657844e-05,3.5,3.5,0.1,0.0,0.0,0.0
20.312358477996895,nav_to_wp,0,0.0007340111187659204,2.56494402885437,1.7961833477020264,0.0011422105599194765,0.32109686732292175,-0.0004926910623908043,-1.3501739853216622e-19,2.580073162718316,1.7998085362804734,0.380417380661337,32741,0.2273979066315821,-0.004816519129709837,-0.0013722998734611025,0.6134630020824261,4.403091315613894e-20,0.29999999350233,6.2438785657844e-05,3.5,3.5,0.1,0.0,0.0,0.0
20.331898745997023,nav_to_wp,0,0.0007398564484901726,2.571176052093506,1.7961838245391846,0.0005449912860058248,0.32189372181892395,-0.0005692169070243835,-1.3414732483613253e-19,2.5860013182900854,1.7998097701032838,0.38045882338003767,32745,0.2284913820590404,-0.004077618648280877,-0.0010643488550354796,0.4797239998879377,4.403091315613894e-20,0.29999999350233,6.2438785657844e-05,3.5,3.5,0.1,0.0,0.0,0.0
20.351831001997198,nav_to_wp,0,0.0007291354704648256,2.577301502227783,1.7961868047714233,-8.890665776561946e-05,0.3220560550689697,-0.0006138121243566275,-1.3326801790167427e-19,2.591992383560265,1.799811017019445,0.380482119643941,32747,0.22910605920688631,-0.0038507570908515535,-0.0007198048637315768,0.4560449997370597,4.403091315613894e-20,0.29999999350233,6.2438785657844e-05,3.5,3.5,0.1,0.0,0.0,0.0
20.371949022999615,nav_to_wp,0,0.0007058155024424195,2.583434820175171,1.796189308166504,-0.000719113799277693,0.3221299648284912,-0.0006273433100432158,-1.3238622872448738e-19,2.598000361330074,1.7998122674555928,0.38049062413383955,32748,0.2293304520801982,-0.00368005244064852,-0.00036401276508568614,0.5387659984990023,4.403091315613894e-20,0.29999999350233,6.2438785657844e-05,3.5,3.5,0.1,0.0,0.0,0.0
20.392088420998334,nav_to_wp,0,0.0006701783859170973,2.589571952819824,1.7961920499801636,-0.0013323468156158924,0.3221179246902466,-0.0005982319125905633,-1.315050281525701e-19,2.6040043286998173,1.7998135170570588,0.3804776157512296,32746,0.22898722298758756,-0.003546508091993069,-4.210474354504612e-06,0.6250070000533015,4.403091315613894e-20,0.29999999350233,6.2438785657844e-05,3.5,3.5,0.1,0.0,0.0,0.0
20.412166645997786,nav_to_wp,0,0.0006227674894034863,2.595710039138794,1.7961952686309814,-0.0019182574469596148,0.32201457023620605,-0.0005697951419278979,-1.306159836054848e-19,2.610061740168961,1.7998147777818074,0.3804645523751276,32745,0.2286425428793546,-0.003516143349271068,0.0003536321467925152,0.5468429990287405,4.403091315613894e-20,0.29999999350233,6.2438785657844e-05,3.5,3.5,0.1,0.0,0.0,0.0
20.431879079998907,nav_to_wp,0,0.0005643434124067426,2.6018459796905518,1.796198844909668,-0.0024678059853613377,0.32181447744369507,-0.0005415270570665598,-1.2974430784477903e-19,2.616000811239791,1.7998160138764527,0.38045104662344714,32744,0.2282861905922715,-0.0034144699797574074,0.0007039640358652566,0.47493799866060726,4.403091315613894e-20,0.29999999350233,6.2438785657844e-05,3.5,3.5,0.1,0.0,0.0,0.0
20.451881622997462,nav_to_wp,0,0.0004958454519510269,2.6079766750335693,1.7962028980255127,-0.0029722675681114197,0.3215174674987793,-0.0005143113667145371,-1.2886456143767867e-19,2.621994870810573,1.7998172614158157,0.3804376744411483,32743,0.22793336256327734,-0.0034270706030230655,0.0010412097198215786,0.5094869993627071,4.403091315613894e-20,0.29999999350233,6.2438785657844e-05,3.5,3.5,0.1,0.0,0.0,0.0
20.471963314997993,nav_to_wp,0,0.0004183838900644332,2.6140997409820557,1.796207070350647,-0.003423502668738365,0.32112979888916016,-0.0004887804388999939,-1.2798240389796358e-19,2.628005358379706,1.7998185123743262,0.3804251271213838,32742,0.22760229871724924,-0.003512622511100206,0.001359918418371464,0.5232990006334148,4.403091315613894e-20,0.29999999350233,6.2438785657844e-05,3.5,3.5,0.1,0.0,0.0,0.0
20.492045036997297,nav_to_wp,0,0.00033322154195047915,2.6202120780944824,1.7962112426757812,-0.003813511924818158,0.32065823674201965,-0.0004656060482375324,-1.27100794587017e-19,2.634012110649814,1.7998197625554115,0.3804138512634153,32741,0.22730478267586385,-0.0036496288241496984,0.0016545508352738825,0.5611970009340439,4.403091315613894e-20,0.29999999350233,6.2438785657844e-05,3.5,3.5,0.1,0.0,0.0,0.0
20.512068484997144,nav_to_wp,0,0.0002417707146378234,2.626312017440796,1.7962148189544678,-0.004135546274483204,0.32010895013809204,-0.0004893045988865197,-1.262160343358273e-19,2.6400403315197014,1.7998210172047413,0.38042688997471064,32742,0.22764881199764098,-0.0038628727525404014,0.0019199521301616063,0.5134780003572814,4.403091315613894e-20,0.29999999350233,6.2438785657844e-05,3.5,3.5,0.1,0.0,0.0,0.0
20.531894705000013,nav_to_wp,0,0.00014555451343767345,2.632397413253784,1.7962167263031006,-0.004383747931569815,0.31948935985565186,-0.0005683578201569617,-1.253410994068773e-19,2.646001608590408,1.7998222579211058,0.3804696619331157,32746,0.2287773597128151,-0.004057649866604316,0.0021513631551799417,0.4849929973715916,4.403091315613894e-20,0.29999999350233,6.2438785657844e-05,3.5,3.5,0.1,0.0,0.0,0.0
20.552121728997008,nav_to_wp,0,4.619235551217571e-05,2.6384668350219727,1.7962169647216797,-0.004553773906081915,0.3188095688819885,-0.0006475923000834882,-1.244594890832504e-19,2.652008367760307,1.7998235081036271,0.3805147818127101,32750,0.2299678578551454,-0.004348603163405937,0.0023449250840805735,0.6564399991475511,4.403091315613894e-20,0.29999999350233,6.2438785657844e-05,3.5,3.5,0.1,0.0,0.0,0.0
20.571945182997297,nav_to_wp,0,-5.88966031500604e-05,2.6448073387145996,1.7962148189544678,-0.004639863967895508,0.3179796636104584,-0.0007163326954469085,-1.235781597208925e-19,2.658013212630164,1.7998247578877267,0.38055728864830923,32753,0.2310894102456249,-0.004431465080670842,0.0025003657916742306,0.49768299868446775,4.403091315613894e-20,0.29999999350233,6.2438785657844e-05,3.5,3.5,0.1,0.0,0.0,0.0
20.592013354998926,nav_to_wp,0,-0.0001587744045536965,2.6507859230041504,1.7962130308151245,-0.004639106336981058,0.31697776913642883,-0.0007059206836856902,-1.226980939136021e-19,2.664009448400531,1.7998260058800206,0.380560568132353,32754,0.2311759401676241,-0.004976525244702944,0.00260492608369689,0.5598979987553321,4.403091315613894e-20,0.29999999350233,6.2438785657844e-05,3.5,3.5,0.1,0.0,0.0,0.0
20.611906672998884,nav_to_wp,0,-0.00025669109891168773,2.656751871109009,1.7962117195129395,-0.004557712469249964,0.3159961998462677,-0.0006932875839993358,-1.2181885579943403e-19,2.6700000447709047,1.79982725269859,0.3805622069317084,32754,0.23121918025615606,-0.005518273422026494,0.0026650574217019773,0.49302300249109976,4.403091315613894e-20,0.29999999350233,6.2438785657844e-05,3.5,3.5,0.1,0.0,0.0,0.0
20.631974089999858,nav_to_wp,0,-0.0003510250535327941,2.6627044677734375,1.796210765838623,-0.004395714029669762,0.3150399923324585,-0.0006791719933971763,-1.20937533878402e-19,2.6760048389400715,1.7998285024721372,0.3805627650939245,32754,0.2312339074914096,-0.006075663295133437,0.0026790693690743606,0.5435579987533856,4.403091315613894e-20,0.29999999350233,6.2438785657844e-05,3.5,3.5,0.1,0.0,0.0,0.0
20.65162421399873,nav_to_wp,0,-0.0004402025952003896,2.668644428253174,1.7962104082107544,-0.004155145492404699,0.3141118288040161,-0.0006633391021750867,-1.2005993380228216e-19,2.6819842747105715,1.7998297469678588,0.38056171463570626,32754,0.23120619091573147,-0.006604969716727664,0.002646381055559921,0.3266139974584803,4.403091315613894e-20,0.29999999350233,6.2438785657844e-05,3.5,3.5,0.1,0.0,0.0,0.0
20.671669212999404,nav_to_wp,0,-0.0005227054352872074,2.6745705604553223,1.796210527420044,-0.003841102123260498,0.313225120306015,-0.0006457260460592806,-1.1917853046797152e-19,2.687989623580545,1.7998309968568555,0.3805593023355108,32753,0.2311425418340569,-0.00715429126600442,0.00256807195879194,0.3255219999118708,4.403091315613894e-20,0.29999999350233,6.2438785657844e-05,3.5,3.5,0.1,0.0,0.0,0.0
20.692043328999716,nav_to_wp,0,-0.0005971429636701941,2.680483102798462,1.7962113618850708,-0.003458659863099456,0.3123951256275177,-0.0006261544767767191,-1.1829477663131278e-19,2.6940109873509286,1.7998322500790223,0.38055510065444187,32753,0.23103167953672354,-0.007704968793208903,0.002445349133237018,0.5620649972115643,4.403091315613894e-20,0.29999999350233,6.2438785657844e-05,3.5,3.5,0.1,0.0,0.0,0.0
20.712247421997745,nav_to_wp,0,-0.0006622601649723947,2.686383008956909,1.7962126731872559,-0.003013462061062455,0.31163328886032104,-0.0006047608912922442,-1.1740735035242457e-19,2.700057372919999,1.7998335085089578,0.38054949392500054,32753,0.23088374472296813,-0.008259452367715428,0.0022798538524984036,0.609925999015104,4.403091315613894e-20,0.29999999350233,6.2438785657844e-05,3.5,3.5,0.1,0.0,0.0,0.0
20.731917973997042,nav_to_wp,0,-0.0007169429445639253,2.6922709941864014,1.7962148189544678,-0.0025128189008682966,0.3109494745731354,-0.0005812969175167382,-1.1653459019840437e-19,2.7060038323905684,1.7998347461413458,0.3805414331520211,32752,0.23067105942008048,-0.008680494080509409,0.002074259082621488,0.5006890023651067,4.403091315613894e-20,0.29999999350233,6.2438785657844e-05,3.5,3.5,0.1,0.0,0.0,0.0
20.751969589997316,nav_to_wp,0,-0.0007602513651363552,2.6981492042541504,1.7962175607681274,-0.0019647497683763504,0.31035158038139343,-0.0005559951532632113,-1.1565404035925853e-19,2.7120033660610483,1.799835994820029,0.3805318508851456,32751,0.23041822915951293,-0.009122498710477812,0.0018317806720380414,0.5564589991990943,4.403091315613894e-20,0.29999999350233,6.2438785657844e-05,3.5,3.5,0.1,0.0,0.0,0.0
20.77214773099695,nav_to_wp,0,-0.0007905482780188322,2.7038750648498535,1.7962216138839722,-0.0013755806721746922,0.30920350551605225,-0.0005476518999785185,-1.1477209711787399e-19,2.718012393531057,1.7998372454746503,0.3805308954151222,32751,0.23039301886865893,-0.010023621190977824,0.0015539754873103995,0.6617800027015619,4.403091315613894e-20,0.29999999350233,6.2438785657844e-05,3.5,3.5,0.1,0.0,0.0,0.0
20.79209527399871,nav_to_wp,0,-0.0008091697236523032,2.7097513675689697,1.796225666999817,-0.0007614733185619116,0.30891695618629456,-0.0005160165019333363,-1.1388784040440844e-19,2.724037183599647,1.79983849940993,0.3805162183048154,32750,0.23000576002151263,-0.01033072096048147,0.0012508341415979896,0.5392239982029423,4.403091315613894e-20,0.29999999350233,6.2438785657844e-05,3.5,3.5,0.1,0.0,0.0,0.0
20.811998065997614,nav_to_wp,0,-0.0008141017751768231,2.715332269668579,1.7962316274642944,-0.00012774472997989506,0.307390958070755,-0.0005217372672632337,-1.130095955834977e-19,2.7300210122709343,1.7998397448199428,0.38052176095135737,32750,0.23015200399359692,-0.011556248097225389,0.0009229162217803122,0.5176910017326009,4.403091315613894e-20,0.29999999350233,6.2438785657844e-05,3.5,3.5,0.1,0.0,0.0,0.0
20.83197349999682,nav_to_wp,0,-0.0008065620786510408,2.7209415435791016,1.7962373495101929,0.000510230369400233,0.3062274158000946,-0.0005200193263590336,-1.1212954844543742e-19,2.736017120840466,1.7998409927857624,0.3805234896171904,32750,0.23019761522929727,-0.012574449339474384,0.0005796718887327579,0.5112590006319806,4.403091315613894e-20,0.29999999350233,6.2438785657844e-05,3.5,3.5,0.1,0.0,0.0,0.0
20.851644105998275,nav_to_wp,0,-0.0007866429514251649,2.726579189300537,1.7962433099746704,0.0011443874100223184,0.305398553609848,-0.0005111837526783347,-1.1125183798380431e-19,2.7419973087110447,1.7998422374380183,0.3805206500849929,32750,0.23012269353543147,-0.013370332079337025,0.00022542718581242127,0.3102410009887535,4.403091315613894e-20,0.29999999350233,6.2438785657844e-05,3.5,3.5,0.1,0.0,0.0,0.0
20.87172783999995,nav_to_wp,0,-0.0007540608639828861,2.732387065887451,1.796249270439148,0.0017645939951762557,0.3055388927459717,-0.0004769654478877783,-1.1037096416530193e-19,2.7479990497807787,1.799843486576126,0.38050190628130176,32749,0.22962813407128557,-0.01350103569661653,-0.00013480734984683274,0.3430050019233022,4.403091315613894e-20,0.29999999350233,6.2438785657844e-05,3.5,3.5,0.1,0.0,0.0,0.0
20.891728289996536,nav_to_wp,0,-0.0007310207583941519,2.7352845668792725,1.796260118484497,0.0020489695016294718,0.3056170642375946,-0.0004180595278739929,-1.0949003579245439e-19,2.7540011625508027,1.7998447357915957,0.38048258930431184,32747,0.22911845130110287,-0.016724868017003923,-0.0003085176618595753,0.34707100348896347,4.403091315613894e-20,0.29999999350233,6.2438785657844e-05,3.5,3.5,0.1,0.0,0.0,0.0
20.911796077998588,nav_to_wp,0,-0.0006790750194340944,2.7415103912353516,1.7962636947631836,0.002663408638909459,0.3064650297164917,-0.00039066560566425323,-1.0860841137892408e-19,2.760008017720776,1.7998459859940974,0.3804654259485314,32745,0.2286655923095342,-0.01604957118692746,-0.0006861378792584194,0.3478130020084791,4.403091315613894e-20,0.29999999350233,6.2438785657844e-05,3.5,3.5,0.1,0.0,0.0,0.0
20.93169757099895,nav_to_wp,0,-0.0006195110036060214,2.7471468448638916,1.7962729930877686,0.003186034271493554,0.30601766705513,-0.00038240919820964336,-1.0772828705450824e-19,2.766004652191419,1.7998472340693723,0.3804587401621429,32745,0.2284891863362244,-0.01666379104911607,-0.001023507885974606,0.30703200172865763,4.403091315613894e-20,0.29999999350233,6.2438785657844e-05,3.5,3.5,0.1,0.0,0.0,0.0
20.95161037499929,nav_to_wp,0,-0.0005484382854774594,2.7529447078704834,1.796286702156067,0.003653179155662656,0.3064740300178528,-0.0002766649704426527,-1.0684971891483777e-19,2.7719906837610537,1.7998484799378731,0.3803937377302104,32739,0.2267740825913016,-0.016624564045841245,-0.0013440301985967462,0.29047100179013796,4.403091315613894e-20,0.29999999350233,6.2438785657844e-05,3.5,3.5,0.1,0.0,0.0,0.0
20.971682331997727,nav_to_wp,0,-0.00047023396473377943,2.7587783336639404,1.7962987422943115,0.00407095393165946,0.3072079122066498,-0.0001749941147863865,-1.0596755327320003e-19,2.7780012265317846,1.7998497309078727,0.3803318908138211,32734,0.2251422378316903,-0.016427396771165663,-0.0016461871810931061,0.3070189995924011,4.403091315613894e-20,0.29999999350233,6.2438785657844e-05,3.5,3.5,0.1,0.0,0.0,0.0
20.99203561899776,nav_to_wp,0,-0.000384258950361982,2.764780282974243,1.796308159828186,0.0044411770068109035,0.3088250756263733,-0.0001287700142711401,-1.0508796132675164e-19,2.7839942337011676,1.7998509782282,0.380297075322446,32731,0.2242236232835335,-0.015568918309025763,-0.0019314696998369296,0.6027990020811558,4.403091315613894e-20,0.29999999350233,6.2438785657844e-05,3.5,3.5,0.1,0.0,0.0,0.0
21.011917145999178,nav_to_wp,0,-0.0002953741350211203,2.7705233097076416,1.7963223457336426,0.0047117420472204685,0.3092769384384155,-0.00013024220243096352,-1.04206173250346e-19,2.7900022039709196,1.7998522286627867,0.38028560045915605,32730,0.22392085644211157,-0.015610435297771452,-0.002167316878912029,0.49800499982666224,4.403091315613894e-20,0.29999999350233,6.2438785657844e-05,3.5,3.5,0.1,0.0,0.0,0.0
21.031940584998665,nav_to_wp,0,-0.00020259874872863293,2.776312828063965,1.7963353395462036,0.004902868997305632,0.31003522872924805,-0.00020977668464183807,-1.0332447711031576e-19,2.7960095478418525,1.7998534789670018,0.38031337191155934,32732,0.22465361244219828,-0.01543961115388567,-0.0023652472017321458,0.49734099957277067,4.403091315613894e-20,0.29999999350233,6.2438785657844e-05,3.5,3.5,0.1,0.0,0.0,0.0
21.051851045998774,nav_to_wp,0,-0.00010762402234831825,2.7821500301361084,1.7963463068008423,0.0050096395425498486,0.3110518753528595,-0.0002979799173772335,-1.0244551564239281e-19,2.801998259312146,1.7998547253932682,0.3803467950108568,32735,0.22553548841310622,-0.015062964193379373,-0.0025210658480228076,0.48201499885180965,4.403091315613894e-20,0.29999999350233,6.2438785657844e-05,3.5,3.5,0.1,0.0,0.0,0.0
21.07205263599826,nav_to_wp,0,-1.2222221812407952e-05,2.788034677505493,1.7963553667068481,0.005028122570365667,0.3122742772102356,-0.0003831293433904648,-1.0156261103008558e-19,2.808013836981773,1.7998559774111778,0.3803803692339053,32738,0.22642135181808065,-0.01455653918800998,-0.0026308844008047227,0.567028000659775,4.403091315613894e-20,0.29999999350233,6.2438785657844e-05,3.5,3.5,0.1,0.0,0.0,0.0
21.09280265399866,nav_to_wp,0,8.179587166523561e-05,2.793966770172119,1.7963625192642212,0.004955155774950981,0.3136581480503082,-0.0004664165899157524,-1.0068310194978044e-19,2.8140062795514087,1.7998572246139952,0.3804145898739804,32741,0.22732427108127595,-0.013891060075826286,-0.0026911447841855285,1.1783150002884213,4.403091315613894e-20,0.29999999350233,6.2438785657844e-05,3.5,3.5,0.1,0.0,0.0,0.0
21.11172452199753,nav_to_wp,0,0.00017697291332297027,2.80023193359375,1.7963675260543823,0.004783462733030319,0.3151838481426239,-0.0005582384765148163,-9.980298013512007e-20,2.820002896922097,1.7998584726857112,0.3804537926000518,32744,0.22835864380083848,-0.012805143230391381,-0.0027006774040314596,0.3392039980099071,4.403091315613894e-20,0.29999999350233,6.2438785657844e-05,3.5,3.5,0.1,0.0,0.0,0.0
21.131720999997924,nav_to_wp,0,0.00026171881472691894,2.8062045574188232,1.796371579170227,0.004520487040281296,0.3165603280067444,-0.0006457599811255932,-9.892237054607637e-20,2.8260028376922186,1.799859721449124,0.3804941893155752,32748,0.22942452019987236,-0.012108920774610062,-0.0026512523557258305,0.3328339989820961,4.403091315613894e-20,0.29999999350233,6.2438785657844e-05,3.5,3.5,0.1,0.0,0.0,0.0
21.151673084998038,nav_to_wp,0,0.00033962499583140016,2.8122265338897705,1.796373963356018,0.004168650135397911,0.318044513463974,-0.0007269876077771187,-9.804263439841065e-20,2.8319968273614218,1.7998609689739382,0.3805331593613316,32751,0.23045275359713813,-0.011298145015884857,-0.002547954233836691,0.32261500018648803,4.403091315613894e-20,0.29999999350233,6.2438785657844e-05,3.5,3.5,0.1,0.0,0.0,0.0
21.17174006499772,nav_to_wp,0,0.0004111379093956202,2.8183345794677734,1.7963716983795166,0.0037561110220849514,0.31977578997612,-0.0007425826042890549,-9.71626127099891e-20,2.837992762532518,1.7998622169036687,0.38054448647951356,32752,0.23075162215075196,-0.010270005439713539,-0.0024062318186979237,0.36151899985270575,4.403091315613894e-20,0.29999999350233,6.2438785657844e-05,3.5,3.5,0.1,0.0,0.0,0.0
21.191974710996874,nav_to_wp,0,0.00047330776578746736,2.8247222900390625,1.7963731288909912,0.0032166452147066593,0.32127872109413147,-0.0007299548014998436,-9.627985062578227e-20,2.8440073691019307,1.7998634687194637,0.3805368951565575,32752,0.23055132339201734,-0.009088059620740437,-0.002188100087746392,0.5322280012478586,4.403091315613894e-20,0.29999999350233,6.2438785657844e-05,3.5,3.5,0.1,0.0,0.0,0.0
21.211918577999313,nav_to_wp,0,0.000517277221661061,2.830780506134033,1.7963800430297852,0.0025949073024094105,0.322395920753479,-0.0006995699368417263,-9.539966936957726e-20,2.8500043914713284,1.7998647168754718,0.3805157146962429,32750,0.22999247219638086,-0.008437004018213432,-0.0019076552199628338,0.4970579975633882,4.403091315613894e-20,0.29999999350233,6.2438785657844e-05,3.5,3.5,0.1,0.0,0.0,0.0
21.231914340998628,nav_to_wp,0,0.0005537081160582602,2.8369691371917725,1.7963793277740479,0.0019633215852081776,0.32391393184661865,-0.0006959689781069756,-9.451833516375004e-20,2.8560092693416546,1.7998659666664396,0.3805166655487823,32750,0.23001756065388435,-0.007445915825056138,-0.0016139840530136063,0.4791980027221143,4.403091315613894e-20,0.29999999350233,6.2438785657844e-05,3.5,3.5,0.1,0.0,0.0,0.0
21.251796656997612,nav_to_wp,0,0.0005733687430620193,2.8431553840637207,1.796383261680603,0.0012495608534663916,0.32519349455833435,-0.0006724908016622066,-9.364080073772827e-20,2.86198825781212,1.7998672110690652,0.3805024830558203,32749,0.2296433523963124,-0.006555723669477252,-0.001259544460234796,0.46734999705222435,4.403091315613894e-20,0.29999999350233,6.2438785657844e-05,3.5,3.5,0.1,0.0,0.0,0.0
21.27202183999907,nav_to_wp,0,0.0005749034462496638,2.849343776702881,1.7963919639587402,0.00046285323332995176,0.3262408971786499,-0.0006268804427236319,-9.275642919141393e-20,2.868013830282241,1.7998684651671855,0.3804719783668355,32746,0.2288384793360283,-0.00583447458595363,-0.0008477156850819068,0.5505299996002577,4.403091315613894e-20,0.29999999350233,6.2438785657844e-05,3.5,3.5,0.1,0.0,0.0,0.0
21.291990334997536,nav_to_wp,0,0.0005667580990120769,2.8559134006500244,1.7963923215866089,-0.0003316673683002591,0.3274194300174713,-0.000620535109192133,-9.187601452730376e-20,2.8740124429518397,1.7998697136541815,0.38047086897313037,32746,0.2288092077343098,-0.004614639774567556,-0.0004215034152976749,0.5198979997658171,4.403091315613894e-20,0.29999999350233,6.2438785657844e-05,3.5,3.5,0.1,0.0,0.0,0.0
21.311749741998938,nav_to_wp,0,0.0005390262813307345,2.862139940261841,1.7963982820510864,-0.0011419947259128094,0.32817086577415466,-0.0005926063749939203,-9.09961478718699e-20,2.880007321821988,1.7998709613640647,0.3804534093263659,32744,0.22834853103867658,-0.003976261270913085,3.3613662906439856e-05,0.3448130009928718,4.403091315613894e-20,0.29999999350233,6.2438785657844e-05,3.5,3.5,0.1,0.0,0.0,0.0
21.331697318997612,nav_to_wp,0,0.0004951736191287637,2.8683931827545166,1.7964049577713013,-0.0019585692789405584,0.32882896065711975,-0.0005602436140179634,-9.011676687735793e-20,2.8859988916925503,1.7998722083852479,0.38043309233526135,32743,0.22781246267180144,-0.003355367160654433,0.0005090104420462094,0.32398899929830804,4.403091315613894e-20,0.29999999350233,6.2438785657844e-05,3.5,3.5,0.1,0.0,0.0,0.0
21.351854269996693,nav_to_wp,0,0.0004328919167164713,2.874953031539917,1.7964117527008057,-0.002802693285048008,0.3292585611343384,-0.0005321451462805271,-8.92369192433978e-20,2.891993640961889,1.7998734560681573,0.38041479992403515,32741,0.22732981329907886,-0.002535473846200291,0.001018314632739159,0.4918020022159908,4.403091315613894e-20,0.29999999350233,6.2438785657844e-05,3.5,3.5,0.1,0.0,0.0,0.0
21.37201286099662,nav_to_wp,0,0.0003571887209545821,2.8811912536621094,1.7964195013046265,-0.003588181920349598,0.32942381501197815,-0.000501575181260705,-8.835251216421193e-20,2.8980194555314918,1.7998747102166655,0.38039480819730775,32739,0.22680232710574444,-0.0022253671516435413,0.00151095940848478,0.4992280009901151,4.403091315613894e-20,0.29999999350233,6.2438785657844e-05,3.5,3.5,0.1,0.0,0.0,0.0
21.392346506996546,nav_to_wp,0,0.00026669749058783054,2.8874471187591553,1.7964277267456055,-0.004336260259151459,0.32948336005210876,-0.00046805921010673046,-8.747405669955797e-20,2.9040047194017578,1.7998759559253856,0.3803728515950009,32737,0.2262229972295735,-0.001909623248842264,0.001999547442004257,0.7661030031158589,4.403091315613894e-20,0.29999999350233,6.2438785657844e-05,3.5,3.5,0.1,0.0,0.0,0.0
21.41202457399777,nav_to_wp,0,0.00016240264812950045,2.893714666366577,1.796435832977295,-0.0050354646518826485,0.3294239044189453,-0.0004957386991009116,-8.659200707949097e-20,2.9100144716717256,1.7998772067308588,0.3803818064883937,32738,0.2264592741000957,-0.0016697491078739137,0.0024768083497126447,0.5603380013781134,4.403091315613894e-20,0.29999999350233,6.2438785657844e-05,3.5,3.5,0.1,0.0,0.0,0.0
21.432082042996626,nav_to_wp,0,4.552373138722032e-05,2.899988889694214,1.7964426279067993,-0.0056739202700555325,0.3292369544506073,-0.0005574956303462386,-8.571084860108185e-20,2.9160181522417794,1.7998784562726333,0.3804095492906607,32741,0.22719127415991025,-0.0014834419069801165,0.0029351948888338697,0.5816779994347598,4.403091315613894e-20,0.29999999350233,6.2438785657844e-05,3.5,3.5,0.1,0.0,0.0,0.0
21.451820115999,nav_to_wp,0,-8.247506048064679e-05,2.906264305114746,1.79644775390625,-0.006238811649382114,0.32892030477523804,-0.0006156150484457612,-8.483390295637123e-20,2.9219931291127375,1.7998796998403275,0.38043762496636035,32743,0.2279320571599026,-0.0013339121514668634,0.003366530251641464,0.464994998765178,4.403091315613894e-20,0.29999999350233,6.2438785657844e-05,3.5,3.5,0.1,0.0,0.0,0.0
21.472227353999187,nav_to_wp,0,-0.0002198909205617383,2.912537097930908,1.7964516878128052,-0.0067176492884755135,0.3284757733345032,-0.0006722845137119293,-8.395004348972788e-20,2.9280152125819057,1.7998809532122844,0.38046656037465393,32745,0.22869552439719953,-0.001303908405034049,0.003762458392903678,0.690376000420656,4.403091315613894e-20,0.29999999350233,6.2438785657844e-05,3.5,3.5,0.1,0.0,0.0,0.0
21.491921056996944,nav_to_wp,0,-0.00036479419213719666,2.918802261352539,1.7964544296264648,-0.007101286668330431,0.3279082775115967,-0.0007276987307704985,-8.307067411941425e-20,2.9340067032522157,1.7998822002169839,0.3804963623454176,32748,0.22948185607961946,-0.0013143997899376766,0.004116148242281348,0.49328200111631304,4.403091315613894e-20,0.29999999350233,6.2438785657844e-05,3.5,3.5,0.1,0.0,0.0,0.0
21.511939288997382,nav_to_wp,0,-0.0005151026998646557,2.9250564575195312,1.796455979347229,-0.007382192183285952,0.32722532749176025,-0.0007817036239430308,-8.219078298281132e-20,2.9400017489222336,1.7998834479615828,0.3805269556746152,32751,0.23028906793179793,-0.0014008341327886218,0.004421460749133743,0.5084059994260315,4.403091315613894e-20,0.29999999350233,6.2438785657844e-05,3.5,3.5,0.1,0.0,0.0,0.0
21.531887462999293,nav_to_wp,0,-0.0006686077103950083,2.931295871734619,1.7964571714401245,-0.007554600015282631,0.3264346122741699,-0.0007863764185458422,-8.131042190425631e-20,2.9459999964922905,1.7998846963725912,0.3805333173433314,32751,0.2304569219876349,-0.0015628930720982424,0.004673360989723596,0.47742199967615306,4.403091315613894e-20,0.29999999350233,6.2438785657844e-05,3.5,3.5,0.1,0.0,0.0,0.0
21.55178874199919,nav_to_wp,0,-0.0008230316452682018,2.9375174045562744,1.7964588403701782,-0.007614172529429197,0.3255460560321808,-0.0007399960304610431,-8.043167451457172e-20,2.9519872493630346,1.7998859424952804,0.3805135180508323,32750,0.22993451321457137,-0.0017837311529837563,0.0048672501466919815,0.45877899901825003,4.403091315613894e-20,0.29999999350233,6.2438785657844e-05,3.5,3.5,0.1,0.0,0.0,0.0
21.57202180299646,nav_to_wp,0,-0.000976041832473129,2.943718671798706,1.7964614629745483,-0.007557977456599474,0.3245711624622345,-0.0006966147338971496,-7.954751819148758e-20,2.958011355432325,1.7998871962881997,0.3804940305124294,32748,0.22942033014325425,-0.002110020719585142,0.004998817308836667,0.5449990021588746,4.403091315613894e-20,0.29999999350233,6.2438785657844e-05,3.5,3.5,0.1,0.0,0.0,0.0
21.592186818998016,nav_to_wp,0,-0.00112527993042022,2.949897289276123,1.7964648008346558,-0.007385778706520796,0.32352301478385925,-0.0006545379292219877,-7.866784835419646e-20,2.9640048933027683,1.7998884437189815,0.3804742403941285,32746,0.22889816343346858,-0.0024665279433218066,0.005065457134271867,0.6546999975398649,4.403091315613894e-20,0.29999999350233,6.2438785657844e-05,3.5,3.5,0.1,0.0,0.0,0.0
21.611878953997802,nav_to_wp,0,-0.0012684266548603773,2.95605206489563,1.7964684963226318,-0.0070976377464830875,0.32241642475128174,-0.0006142411730252206,-7.77879062737851e-20,2.970000286073064,1.7998896915358222,0.3804548733451942,32744,0.22838715950380362,-0.002880808924337762,0.005064743769309654,0.4759129988087807,4.403091315613894e-20,0.29999999350233,6.2438785657844e-05,3.5,3.5,0.1,0.0,0.0,0.0
21.631910051997693,nav_to_wp,0,-0.0014031939208507538,2.962181329727173,1.7964726686477661,-0.006695345509797335,0.3212665021419525,-0.0005761614302173257,-7.690679147406042e-20,2.976003669042998,1.7998909410156576,0.38043602487248646,32743,0.2278898383241792,-0.0033531322494917536,0.004995201424154994,0.48713700016378425,4.403091315613894e-20,0.29999999350233,6.2438785657844e-05,3.5,3.5,0.1,0.0,0.0,0.0
21.651902756999334,nav_to_wp,0,-0.00152739102486521,2.968284845352173,1.7964773178100586,-0.006182301789522171,0.32008862495422363,-0.0005407289718277752,-7.602726808359953e-20,2.9819962091133743,1.799892188238768,0.38041789983327123,32741,0.22741160509950298,-0.0038558652107427843,0.00485630153091221,0.5056659974798094,4.403091315613894e-20,0.29999999350233,6.2438785657844e-05,3.5,3.5,0.1,0.0,0.0,0.0
21.67192591699859,nav_to_wp,0,-0.001638932153582573,2.974362373352051,1.7964820861816406,-0.005563727580010891,0.31889745593070984,-0.000508453231304884,-7.514603307959195e-20,2.988000411082541,1.799893437889061,0.3804012622137355,32740,0.22697261777666,-0.0044052065505184815,0.004648577493775008,0.5199769984756131,4.403091315613894e-20,0.29999999350233,6.2438785657844e-05,3.5,3.5,0.1,0.0,0.0,0.0
21.69197323499975,nav_to_wp,0,-0.0017358821351081133,2.9804129600524902,1.796486735343933,-0.00484860222786665,0.3177109360694885,-0.00047973362961784005,-7.426454793570872e-20,2.994006317353429,1.7998946878940691,0.38038662136428236,32739,0.22658631568027232,-0.004982247734299949,0.004374703299257154,0.5318600015016273,4.403091315613894e-20,0.29999999350233,6.2438785657844e-05,3.5,3.5,0.1,0.0,0.0,0.0
21.711910344998614,nav_to_wp,0,-0.00181259133387357,2.9861528873443604,1.7964919805526733,-0.0040315911173820496,0.3152465224266052,-0.0005049342289566994,-7.33841238930132e-20,3.000004993923032,1.7998959363943647,0.3804005107467939,32740,0.22695279015287184,-0.006549872516364594,0.00402564888826773,0.48382800014223903,4.403091315613894e-20,0.29999999350233,6.2438785657844e-05,3.5,3.5,0.1,0.0,0.0,0.0
21.73187850499744,nav_to_wp,0,-0.0018727128626778722,2.991900682449341,1.796494960784912,-0.0031453280244022608,0.3130923807621002,-0.0006061564781703055,-7.250419656294183e-20,3.006000286193438,1.7998971841902884,0.38045560989030003,32745,0.2284065934116093,-0.00794157202346821,0.0036223772972656665,0.4734149988507852,4.403091315613894e-20,0.29999999350233,6.2438785657844e-05,3.5,3.5,0.1,0.0,0.0,0.0
21.75181092799903,nav_to_wp,0,-0.0019187896978110075,2.9978766441345215,1.796492099761963,-0.002204747637733817,0.312224417924881,-0.0006888722418807447,-7.162499473034309e-20,3.011990635363157,1.7998984309574082,0.3805063965495699,32749,0.2297466108065933,-0.008411857265579433,0.003175945133087721,0.4652659990824759,4.403091315613894e-20,0.29999999350233,6.2438785657844e-05,3.5,3.5,0.1,0.0,0.0,0.0
21.771970325997245,nav_to_wp,0,-0.0019401626195758581,3.003673791885376,1.7964938879013062,-0.00121598644182086,0.3107532858848572,-0.0007311883964575827,-7.074199567174492e-20,3.018006856532649,1.7998996831092489,0.3805331390915832,32751,0.230452218775282,-0.00941477309552928,0.0026785145635450647,0.5329460000211839,4.403091315613894e-20,0.29999999350233,6.2438785657844e-05,3.5,3.5,0.1,0.0,0.0,0.0
21.791975755997555,nav_to_wp,0,-0.001947028562426567,3.009772539138794,1.796488881111145,-0.00019306673493701965,0.31085315346717834,-0.0007025923696346581,-6.986166545879397e-20,3.024004893803161,1.7999009314764876,0.38052902258669163,32751,0.2303436038704909,-0.009256503686650331,0.002148128926050985,0.5219179984123912,4.403091315613894e-20,0.29999999350233,6.2438785657844e-05,3.5,3.5,0.1,0.0,0.0,0.0
21.811931544998515,nav_to_wp,0,-0.001930135884322226,3.01576566696167,1.7964880466461182,0.0008512660278938711,0.3106287717819214,-0.0006675405893474817,-6.898146654603917e-20,3.030002036473603,1.7999021796575339,0.3805175456565416,32750,0.2300407824945001,-0.00937893396646259,0.0015815339026947761,0.5005450002499856,4.403091315613894e-20,0.29999999350233,6.2438785657844e-05,3.5,3.5,0.1,0.0,0.0,0.0
21.831923706999078,nav_to_wp,0,-0.0018905180040746927,3.0218665599823,1.7964879274368286,0.0019524343078956008,0.3097067177295685,-0.0006582366768270731,-6.810093951494544e-20,3.0360014147438195,1.799903428303874,0.3805190947500521,32750,0.23008165567419603,-0.009756823585482903,0.0009611091832213425,0.5079429975012317,4.403091315613894e-20,0.29999999350233,6.2438785657844e-05,3.5,3.5,0.1,0.0,0.0,0.0
21.851902689999406,nav_to_wp,0,-0.0018325245473533869,3.0274996757507324,1.7964893579483032,0.0029859705828130245,0.30824270844459534,-0.0006672495510429144,-6.722093742049357e-20,3.041997216413465,1.7999046762058186,0.3805311604002524,32751,0.23040001056074821,-0.010907269285707823,0.0003569108640655294,0.5247260014584754,4.403091315613894e-20,0.29999999350233,6.2438785657844e-05,3.5,3.5,0.1,0.0,0.0,0.0
21.872253738998552,nav_to_wp,0,-0.0017516383668407798,3.033216953277588,1.7964932918548584,0.003992610611021519,0.30743393301963806,-0.0006448497297242284,-6.633679399843056e-20,3.0480212345830053,1.7999059299804434,0.3805232208950049,32750,0.23019052493416403,-0.011655071045975208,-0.0002571900246106651,0.6769419996999204,4.403091315613894e-20,0.29999999350233,6.2438785657844e-05,3.5,3.5,0.1,0.0,0.0,0.0
21.892153921999125,nav_to_wp,0,-0.0016560466028749943,3.0391149520874023,1.7964909076690674,0.004961464088410139,0.3076154887676239,-0.0006322980625554919,-6.54591630126563e-20,3.054000880953183,1.799907174519997,0.38052498497152765,32751,0.23023707048885456,-0.011645422753893263,-0.0008668924009644918,0.6351480005832855,4.403091315613894e-20,0.29999999350233,6.2438785657844e-05,3.5,3.5,0.1,0.0,0.0,0.0
21.911925958997017,nav_to_wp,0,-0.0015428750775754452,3.044792652130127,1.7964930534362793,0.005859564524143934,0.3069086968898773,-0.0006298242369666696,-6.457809642673224e-20,3.06000393542346,1.799908423931462,0.3805295628121958,32751,0.23035785784157703,-0.012358822589883429,-0.001457871147285461,0.5089580008643679,4.403091315613894e-20,0.29999999350233,6.2438785657844e-05,3.5,3.5,0.1,0.0,0.0,0.0
21.93186366699956,nav_to_wp,0,-0.0014121303102001548,3.0504329204559326,1.7964990139007568,0.006681123748421669,0.30621975660324097,-0.0006122875493019819,-6.369798253779273e-20,3.0660004987930836,1.7999096719919387,0.3805222604290929,32750,0.23016518282566878,-0.013095768386901224,-0.002027143308347412,0.46299799942062236,4.403091315613894e-20,0.29999999350233,6.2438785657844e-05,3.5,3.5,0.1,0.0,0.0,0.0
21.95202461399822,nav_to_wp,0,-0.0012671686708927155,3.056366205215454,1.7964979410171509,0.007444814313203096,0.30701810121536255,-0.0005929793696850538,-6.281660487337316e-20,3.0720056727639555,1.7999109218445337,0.3805177166946243,32750,0.2300452953726726,-0.012751871804369203,-0.0025809481176146676,0.5955589986115228,4.403091315613894e-20,0.29999999350233,6.2438785657844e-05,3.5,3.5,0.1,0.0,0.0,0.0
21.97223298099925,nav_to_wp,0,-0.001110988319851458,3.0621142387390137,1.796501636505127,0.008094939403235912,0.30707111954689026,-0.000580021645873785,-6.193314212526665e-20,3.078025053233119,1.7999121746539173,0.3805134025015213,32750,0.22993146442008694,-0.013009433502469263,-0.003086867401743687,0.6712129979860038,4.403091315613894e-20,0.29999999350233,6.2438785657844e-05,3.5,3.5,0.1,0.0,0.0,0.0
21.99209419699764,nav_to_wp,0,-0.0009442111477255821,3.0678930282592773,1.7965058088302612,0.008641197346150875,0.30738088488578796,-0.0005635316483676434,-6.105583181650535e-20,3.084002514704214,1.7999134187387296,0.38050571771170494,32749,0.22972869951727937,-0.01305575314382472,-0.0035493759568112626,0.593111999478424,4.403091315613894e-20,0.29999999350233,6.2438785657844e-05,3.5,3.5,0.1,0.0,0.0,0.0
22.011959165000007,nav_to_wp,0,-0.000769085600040853,3.0737035274505615,1.7965102195739746,0.009074700064957142,0.3079252541065216,-0.0005438276566565037,-6.017307734966601e-20,3.090017069373494,1.7999146705437228,0.3804955563018862,32748,0.2294605884402685,-0.012984493923734144,-0.003961438419909591,0.4996719981136266,4.403091315613894e-20,0.29999999350233,6.2438785657844e-05,3.5,3.5,0.1,0.0,0.0,0.0
22.0319035049979,nav_to_wp,0,-0.0005880083190277219,3.0795466899871826,1.7965153455734253,0.009387847036123276,0.3086724281311035,-0.000521151116117835,-5.929447239998083e-20,3.0960033517442906,1.7999159164644225,0.38048214287368237,32747,0.22910667212882174,-0.012742658869005084,-0.004316552591629552,0.4901059983239975,4.403091315613894e-20,0.29999999350233,6.2438785657844e-05,3.5,3.5,0.1,0.0,0.0,0.0
22.05188169699977,nav_to_wp,0,-0.0004034970479551703,3.0854220390319824,1.7965209484100342,0.009575823321938515,0.309590607881546,-0.0004962438251823187,-5.841421624708355e-20,3.10200088441442,1.799917164726639,0.3804664473566403,32745,0.22869254239156334,-0.01238896613045461,-0.004609531452801852,0.498243000038201,4.403091315613894e-20,0.29999999350233,6.2438785657844e-05,3.5,3.5,0.1,0.0,0.0,0.0
22.072243083999638,nav_to_wp,0,-0.00021811747865285724,3.0913307666778564,1.79652738571167,0.009635262191295624,0.3106527328491211,-0.0004699041601270437,-5.753113678804731e-20,3.108017653383836,1.7999184169924929,0.3804485363213537,32744,0.22821995570854092,-0.011944764080714616,-0.004835904050376039,0.7188179988588672,4.403091315613894e-20,0.29999999350233,6.2438785657844e-05,3.5,3.5,0.1,0.0,0.0,0.0
22.092407393996837,nav_to_wp,0,-3.447033668635413e-05,3.0972719192504883,1.7965344190597534,0.009565630927681923,0.31183135509490967,-0.000443542143329978,-5.664699173691787e-20,3.114041682652849,1.7999196707694278,0.38042944428744624,32742,0.22771620811203697,-0.01141284270513205,-0.004992636532270556,0.7911009997769725,4.403091315613894e-20,0.29999999350233,6.2438785657844e-05,3.5,3.5,0.1,0.0,0.0,0.0
22.111938772999565,nav_to_wp,0,0.00014487055887002498,3.103245735168457,1.796541690826416,0.009367948397994041,0.3130966126918793,-0.00041780457831919193,-5.577063808792138e-20,3.1200126260233034,1.7999209134976324,0.3804097656227415,32741,0.22719698213037987,-0.01074516014243666,-0.00507754105534719,0.4794669985130895,4.403091315613894e-20,0.29999999350233,6.2438785657844e-05,3.5,3.5,0.1,0.0,0.0,0.0
22.131902500997967,nav_to_wp,0,0.00031740640406496823,3.1092512607574463,1.7965493202209473,0.009045552462339401,0.3144184947013855,-0.00039362767711281776,-5.489010564102261e-20,3.126012041193538,1.7999221621516523,0.3803903248277069,32739,0.22668403239332058,-0.01004422409222074,-0.005089723073482544,0.4630429975804873,4.403091315613894e-20,0.29999999350233,6.2438785657844e-05,3.5,3.5,0.1,0.0,0.0,0.0
22.1517961119971,nav_to_wp,0,0.0004807327932212502,3.1152877807617188,1.7965569496154785,0.008602228946983814,0.31576767563819885,-0.0003762866836041212,-5.4011181951583984e-20,3.132000495264104,1.7999234085243465,0.380374131201809,32738,0.22625675994218852,-0.009284660748214971,-0.0050285937212015686,0.4346210007497575,4.403091315613894e-20,0.29999999350233,6.2438785657844e-05,3.5,3.5,0.1,0.0,0.0,0.0
22.172025424999447,nav_to_wp,0,0.0006325652357190847,3.1213538646698,1.7965642213821411,0.008043834008276463,0.3171161413192749,-0.00038328696973621845,-5.312723046030414e-20,3.13802320573345,1.7999246620268006,0.3803706594883506,32737,0.22616515800397252,-0.008530061387563927,-0.0048947001659773726,0.5070019979029894,4.403091315613894e-20,0.29999999350233,6.2438785657844e-05,3.5,3.5,0.1,0.0,0.0,0.0
22.191967639999348,nav_to_wp,0,0.0007707786280661821,3.1274471282958984,1.79656982421875,0.007378309033811092,0.31843045353889465,-0.00046358886174857616,-5.2249796336723024e-20,3.14400151080379,1.7999259062871904,0.3804058347660818,32740,0.22709326559582443,-0.0077173432962506835,-0.00468967516829033,0.5154919999768026,4.403091315613894e-20,0.29999999350233,6.2438785657844e-05,3.5,3.5,0.1,0.0,0.0,0.0
22.211889385998802,nav_to_wp,0,0.000893447722773999,3.1335654258728027,1.796573519706726,0.006614658050239086,0.31968432664871216,-0.0005442863330245018,-5.1369222500803097e-20,3.150001207973765,1.799927154999903,0.3804438207810377,32744,0.2280955351197278,-0.006932674206638982,-0.004416726124824244,0.4816780019609723,4.403091315613894e-20,0.29999999350233,6.2438785657844e-05,3.5,3.5,0.1,0.0,0.0,0.0
22.231916381999326,nav_to_wp,0,0.0009988677920773625,3.1397063732147217,1.796575665473938,0.005763899069279432,0.3208549916744232,-0.0006247214041650295,-5.048699953092198e-20,3.156012141344449,1.7999284060511977,0.3804838516849543,32747,0.2291517594974728,-0.006179873713722096,-0.00407988730759179,0.4724020000139717,4.403091315613894e-20,0.29999999350233,6.2438785657844e-05,3.5,3.5,0.1,0.0,0.0,0.0
22.251809524997952,nav_to_wp,0,0.001085593830794096,3.145867347717285,1.7965763807296753,0.004839369561523199,0.32192033529281616,-0.0007044975645840168,-4.9607753183000193e-20,3.162002793814638,1.7999296528814432,0.38052553951332546,32751,0.23025170219855973,-0.005440198173174149,-0.0036846794018945417,0.4416129995661322,4.403091315613894e-20,0.29999999350233,6.2438785657844e-05,3.5,3.5,0.1,0.0,0.0,0.0
22.27210084899707,nav_to_wp,0,0.0011524723377078772,3.152045249938965,1.7965760231018066,0.0038560356479138136,0.32286232709884644,-0.000748857855796814,-4.87247379650876e-20,3.168019125083918,1.799930905056199,0.38055120580911117,32753,0.23092891316915853,-0.00477491528399334,-0.003237930136485323,0.6176860006235074,4.403091315613894e-20,0.29999999350233,6.2438785657844e-05,3.5,3.5,0.1,0.0,0.0,0.0
22.29231504499694,nav_to_wp,0,0.001198667916469276,3.158236265182495,1.7965755462646484,0.002828586380928755,0.3236650228500366,-0.0007271906360983849,-4.7847537821747424e-20,3.1739958359545084,1.799932148984789,0.3805442240578528,32752,0.23074469809637854,-0.004127858802560536,-0.002746555303609899,0.8129179987008683,4.403091315613894e-20,0.29999999350233,6.2438785657844e-05,3.5,3.5,0.1,0.0,0.0,0.0
22.31189219299995,nav_to_wp,0,0.0012236589100211859,3.1644372940063477,1.796575903892517,0.001772222574800253,0.32431402802467346,-0.0007057148031890392,-4.6965539673774086e-20,3.1800052375247816,1.7999333997172715,0.3805366642878346,32752,0.23054523186898557,-0.003585401642505478,-0.002217680580888448,0.47242099753930233,4.403091315613894e-20,0.29999999350233,6.2438785657844e-05,3.5,3.5,0.1,0.0,0.0,0.0
22.331907951996982,nav_to_wp,0,0.0012333630584180355,3.171050786972046,1.7965723276138306,0.0006951222894713283,0.3252672255039215,-0.0006902308668941259,-4.6085692127754707e-20,3.185999986194945,1.7999346474000562,0.38053658559018905,32752,0.2305431554139581,-0.002434024788688661,-0.0016617849538225204,0.5001399986213073,4.403091315613894e-20,0.29999999350233,6.2438785657844e-05,3.5,3.5,0.1,0.0,0.0,0.0
22.35222722099934,nav_to_wp,0,0.001214351854287088,3.177206039428711,1.7965739965438843,-0.00037619812064804137,0.32534220814704895,-0.0006734927883371711,-4.519429020965144e-20,3.192073459363458,1.7999359114677147,0.38053065525495555,32751,0.23038668218879899,-0.002308687419614228,-0.001078759862141565,0.4989379995095078,4.403091315613894e-20,0.29999999350233,6.2438785657844e-05,3.5,3.5,0.1,0.0,0.0,0.0
22.37204017699696,nav_to_wp,0,0.0011746695963665843,3.183366060256958,1.7965760231018066,-0.0014298692112788558,0.3252907395362854,-0.0006535860011354089,-4.4323072634548083e-20,3.1980094086349005,1.7999371469126222,0.38052272224017003,32750,0.2301773678145107,-0.0021002446859077887,-0.0004832668135197338,0.5798530000902247,4.403091315613894e-20,0.29999999350233,6.2438785657844e-05,3.5,3.5,0.1,0.0,0.0,0.0
22.392152327996882,nav_to_wp,0,0.001115027000196278,3.189527750015259,1.7965787649154663,-0.0024464051239192486,0.3251032829284668,-0.0006304326234385371,-4.34354688231334e-20,3.2040570038031584,1.799938405594311,0.38051259230165696,32749,0.2299100871149573,-0.0020788910034476886,0.00011371561854733869,0.4576540013658814,4.403091315613894e-20,0.29999999350233,6.2438785657844e-05,3.5,3.5,0.1,0.0,0.0,0.0
22.411667487998784,nav_to_wp,0,0.0010365323396399617,3.1956863403320312,1.7965822219848633,-0.0034092769492417574,0.32476943731307983,-0.0006040171720087528,-4.256489674119825e-20,3.209988555074823,1.799939640123866,0.38050000600275874,32748,0.22957799479574348,-0.0020157630261920037,0.0007023455236470078,0.3279820011812262,4.403091315613894e-20,0.29999999350233,6.2438785657844e-05,3.5,3.5,0.1,0.0,0.0,0.0
22.43194980899716,nav_to_wp,0,0.0009406235185451806,3.201838493347168,1.7965866327285767,-0.004302888177335262,0.3242911398410797,-0.0005745388334617019,-4.1681456624941995e-20,3.2160077813442567,1.799940892901156,0.3804849760980905,32747,0.22918142739024994,-0.002127514221119205,0.0012729237401474247,0.5101260030642152,4.403091315613894e-20,0.29999999350233,6.2438785657844e-05,3.5,3.5,0.1,0.0,0.0,0.0
22.452162462999695,nav_to_wp,0,0.0008308396209031343,3.2078311443328857,1.7965919971466064,-0.0051080710254609585,0.32301104068756104,-0.0005641771131195128,-4.078852846327824e-20,3.2220916534126656,1.7999421591331304,0.38047907354237215,32747,0.22902568713382898,-0.002896342060749709,0.0018116074751233224,0.4812639999727253,4.403091315613894e-20,0.29999999350233,6.2438785657844e-05,3.5,3.5,0.1,0.0,0.0,0.0
22.4720972239993,nav_to_wp,0,0.0007053684676066041,3.213974714279175,1.7965974807739258,-0.0058253612369298935,0.32240015268325806,-0.0005267395754344761,-3.992064997246231e-20,3.228004852184681,1.7999433898429926,0.3804588729320203,32745,0.2284926894992143,-0.0029754281611109974,0.0023206861915208155,0.6157489988254383,4.403091315613894e-20,0.29999999350233,6.2438785657844e-05,3.5,3.5,0.1,0.0,0.0,0.0
22.492328095999255,nav_to_wp,0,0.000573491386603564,3.2198004722595215,1.7966043949127197,-0.006420034449547529,0.32029080390930176,-0.0005318878684192896,-3.9031413890887924e-20,3.2340635686539114,1.7999446508393497,0.3804600392081755,32745,0.22852346195713658,-0.004329200912993467,0.002771938119980888,0.6148489992483519,4.403091315613894e-20,0.29999999350233,6.2438785657844e-05,3.5,3.5,0.1,0.0,0.0,0.0
22.511941214997933,nav_to_wp,0,0.000429726904258132,3.225785732269287,1.796610951423645,-0.006911573465913534,0.31899306178092957,-0.0005083044525235891,-3.8159802239154463e-20,3.2400022029250044,1.7999458868430844,0.3804465150264715,32744,0.2281666233897468,-0.004962568552639041,0.0031815930118075375,0.515627001732355,4.403091315613894e-20,0.29999999350233,6.2438785657844e-05,3.5,3.5,0.1,0.0,0.0,0.0
22.531943374997354,nav_to_wp,0,0.00028201137320138514,3.2316219806671143,1.7966176271438599,-0.007273745257407427,0.3170900344848633,-0.0005008525913581252,-3.7278715839328906e-20,3.246005392395215,1.7999471362826467,0.38044226029032785,32743,0.22805436122236955,-0.006138607442177546,0.0035273349599675985,0.5106879980303347,4.403091315613894e-20,0.29999999350233,6.2438785657844e-05,3.5,3.5,0.1,0.0,0.0,0.0
22.552145744997688,nav_to_wp,0,0.00012982659973204136,3.23746657371521,1.7966245412826538,-0.007513274438679218,0.3153569996356964,-0.00048642614274285734,-3.6399289184822386e-20,3.2519972733653453,1.799948383368579,0.38043439213519015,32743,0.22784675818443567,-0.007204717373349059,0.0038133454645965514,0.5185330010135658,4.403091315613894e-20,0.29999999350233,6.2438785657844e-05,3.5,3.5,0.1,0.0,0.0,0.0
22.57220328999756,nav_to_wp,0,-2.4334942281711847e-05,3.243316888809204,1.7966315746307373,-0.007627523969858885,0.3137950599193573,-0.00046627208939753473,-3.551827869436926e-20,3.2579999456350337,1.799949632700497,0.38042360826547733,32742,0.22756222336351684,-0.008186320519661963,0.004035614259295883,0.7511990006605629,4.403091315613894e-20,0.29999999350233,6.2438785657844e-05,3.5,3.5,0.1,0.0,0.0,0.0
22.592299678999552,nav_to_wp,0,-0.00017794666928239167,3.2491703033447266,1.7966388463974,-0.007615373004227877,0.31240761280059814,-0.00044202490244060755,-3.4636226960840706e-20,3.2640097123048486,1.799950883508967,0.38041044955763764,32741,0.22721502790600567,-0.009080501164049244,0.004190888912786406,0.6848019984317943,4.403091315613894e-20,0.29999999350233,6.2438785657844e-05,3.5,3.5,0.1,0.0,0.0,0.0
22.611906410998927,nav_to_wp,0,-0.0003285098646301776,3.2550253868103027,1.7966461181640625,-0.007479238789528608,0.3112030625343323,-0.00041502638487145305,-3.3756665527752844e-20,3.2700025115746607,1.7999521307860245,0.38039566932705093,32739,0.22682504820714655,-0.009859026984795197,0.004277800190652714,0.4901270003756508,4.403091315613894e-20,0.29999999350233,6.2438785657844e-05,3.5,3.5,0.1,0.0,0.0,0.0
22.6319616389992,nav_to_wp,0,-0.0004736035771202296,3.260882616043091,1.796653389930725,-0.007223212625831366,0.3101865351200104,-0.0003979403991252184,-3.2875494588506784e-20,3.2760062770453158,1.7999533803454695,0.38038560105514685,32739,0.22655939459490249,-0.010547895311720836,0.0042958749688146725,0.5287950007186737,4.403091315613894e-20,0.29999999350233,6.2438785657844e-05,3.5,3.5,0.1,0.0,0.0,0.0
22.65195247799784,nav_to_wp,0,-0.0006109340465627611,3.2667415142059326,1.7966598272323608,-0.00685420585796237,0.3093605041503906,-0.00046074530109763145,-3.1989895636542863e-20,3.2820402123146732,1.7999546361841332,0.3804162926188474,32741,0.22736919838647296,-0.0111654094084272,0.004245926567081115,0.38937800127314404,4.403091315613894e-20,0.29999999350233,6.2438785657844e-05,3.5,3.5,0.1,0.0,0.0,0.0
22.67191501799971,nav_to_wp,0,-0.0007383779739029706,3.2726023197174072,1.7966644763946533,-0.006379882805049419,0.308726966381073,-0.0005280814366415143,-3.111326085023561e-20,3.288013071184611,1.7999558793110093,0.38045076205132855,32744,0.22827868209309976,-0.011615282467609938,0.004130185492350336,0.45565500113298185,4.403091315613894e-20,0.29999999350233,6.2438785657844e-05,3.5,3.5,0.1,0.0,0.0,0.0
22.691708581998682,nav_to_wp,0,-0.0008540097041986883,3.278465986251831,1.7966679334640503,-0.005810286849737167,0.3082832992076874,-0.0005939701804891229,-3.023550486059925e-20,3.2939935692554494,1.7999571240278267,0.3804855515997457,32747,0.22919661213049203,-0.011970274228103393,0.0039519639033513965,0.3501209976093378,4.403091315613894e-20,0.29999999350233,6.2438785657844e-05,3.5,3.5,0.1,0.0,0.0,0.0
22.711985298999934,nav_to_wp,0,-0.0009610329871065915,3.2846269607543945,1.796669363975525,-0.005121953785419464,0.30801159143447876,-0.000666313455440104,-2.935136557735834e-20,3.300017559225561,1.7999583777965824,0.38052441978251017,32750,0.23022215784987132,-0.011967851436726674,0.0037022779539801487,0.5131119978614151,4.403091315613894e-20,0.29999999350233,6.2438785657844e-05,3.5,3.5,0.1,0.0,0.0,0.0
22.73196087299948,nav_to_wp,0,-0.0010466922540217638,3.2904462814331055,1.7966704368591309,-0.004391313064843416,0.30770012736320496,-0.0006993432762101293,-2.847136066495781e-20,3.3060133800950036,1.7999596257025232,0.38054565691204895,32752,0.23078250427569635,-0.012316415450261319,0.0034081114886765906,0.5101110000396147,4.403091315613894e-20,0.29999999350233,6.2438785657844e-05,3.5,3.5,0.1,0.0,0.0,0.0
22.75221068299652,nav_to_wp,0,-0.0011164338793605566,3.296278953552246,1.7966716289520264,-0.00360466493293643,0.30760225653648376,-0.0006705981213599443,-2.759221444327479e-20,3.3120033503656003,1.799960872390783,0.3805352485623246,32751,0.2305078776338938,-0.012533539151533159,0.0030680689223316904,0.5768539995187894,4.403091315613894e-20,0.29999999350233,6.2438785657844e-05,3.5,3.5,0.1,0.0,0.0,0.0
22.772181098996953,nav_to_wp,0,-0.0011694139102473855,3.3021256923675537,1.7966734170913696,-0.0027767063584178686,0.3076995313167572,-0.0006432442460209131,-2.6710119163213143e-20,3.318013413735136,1.799962123261005,0.38052435176146027,32750,0.2302203630992139,-0.012654451370909429,0.0026886796172713723,0.6484540026576724,4.403091315613894e-20,0.29999999350233,6.2438785657844e-05,3.5,3.5,0.1,0.0,0.0,0.0
22.792514882999967,nav_to_wp,0,-0.0012051018420606852,3.307987689971924,1.7966755628585815,-0.0019221194088459015,0.30797138810157776,-0.0006157245952636003,-2.5822808905735383e-20,3.3240590088045345,1.7999633815264147,0.38051262418348347,32749,0.22991092832410054,-0.012704943005392585,0.002277100186228731,0.6909019975864794,4.403091315613894e-20,0.29999999350233,6.2438785657844e-05,3.5,3.5,0.1,0.0,0.0,0.0
22.811965726999915,nav_to_wp,0,-0.001223278697580099,3.313866138458252,1.796678066253662,-0.001055860542692244,0.308401882648468,-0.0005882617551833391,-2.4948655921812237e-20,3.3300149581750835,1.7999646211339286,0.38049956278278707,32748,0.2295663003373889,-0.012560550107763642,0.0018409587073351386,0.5054210014350247,4.403091315613894e-20,0.29999999350233,6.2438785657844e-05,3.5,3.5,0.1,0.0,0.0,0.0
22.831886031999602,nav_to_wp,0,-0.0012240700889378786,3.3197617530822754,1.79668128490448,-0.0001918335910886526,0.3089762330055237,-0.000561452703550458,-2.4070277995597233e-20,3.335999693745355,1.7999658667326939,0.38048571225279093,32747,0.2292008509971204,-0.012352769811014571,0.0013876865970194885,0.4739889991469681,4.403091315613894e-20,0.29999999350233,6.2438785657844e-05,3.5,3.5,0.1,0.0,0.0,0.0
22.85196042499956,nav_to_wp,0,-0.0012078555300831795,3.3256759643554688,1.796684980392456,0.0006532407714985311,0.30967968702316284,-0.0005358031485229731,-2.3187694104353554e-20,3.3420130862157644,1.7999671182957995,0.38047167815233907,32746,0.22883055810920894,-0.012087690812677647,0.0009264660903856026,0.5181300002732314,4.403091315613894e-20,0.29999999350233,6.2438785657844e-05,3.5,3.5,0.1,0.0,0.0,0.0
22.872287839996716,nav_to_wp,0,-0.0011753457365557551,3.3316092491149902,1.7966887950897217,0.0014637666754424572,0.31049567461013794,-0.000511630205437541,-2.2305910034778713e-20,3.3480210291853965,1.7999683687247043,0.380457956507638,32745,0.22846850943635744,-0.01173764079827807,0.00046624065268274784,0.76946199988015,4.403091315613894e-20,0.29999999350233,6.2438785657844e-05,3.5,3.5,0.1,0.0,0.0,0.0
22.89244191599937,nav_to_wp,0,-0.0011300549376755953,3.3376667499542236,1.7966891527175903,0.002230336656793952,0.31189000606536865,-0.0004926826804876328,-2.142643505750756e-20,3.3540132393975988,1.7999696158791616,0.3804409770584974,32743,0.22802050286272646,-0.008812267596842126,1.5651951474238146e-05,0.8054520003497601,4.3437898228684273e-20,0.2959595486959206,6.159785074886446e-05,3.5,3.5,0.1,0.0,0.0,0.0
22.91209516899835,nav_to_wp,0,-0.0010679576080292463,3.343639850616455,1.7966935634613037,0.0029369110707193613,0.3128734230995178,-0.00047136167995631695,-2.0569847225688358e-20,3.359849510452634,1.7999708305781126,0.38041901282446644,32741,0.22744097162180488,-0.005009843558662174,-0.0004211124319934978,0.5926379999436904,4.2560760257056734e-20,0.28998326142575254,6.0354010322285166e-05,3.5,3.5,0.1,0.0,0.0,0.0
22.931933591997222,nav_to_wp,0,-0.000991335022263229,3.3495290279388428,1.7967015504837036,0.003567985724657774,0.31342679262161255,-0.0004498562775552273,-1.972765839996751e-20,3.365587675394797,1.7999720248583082,0.38039811619969977,32740,0.2268896094907582,-0.001406605576346234,-0.0008335035302118321,0.47415399967576377,4.168037460923176e-20,0.2839848464555599,5.910556447320966e-05,3.5,3.5,0.1,0.0,0.0,0.0
22.951873516998603,nav_to_wp,0,-0.0009060628362931311,3.3555426597595215,1.796706199645996,0.004123240243643522,0.3144814074039459,-0.00041789840906858444,-1.8904808144341405e-20,3.37119407902458,1.7999731917151152,0.38038161134335774,32738,0.22645412515455732,0.002723258254177218,-0.0012151560805802042,0.4777100002684165,4.0801861860384903e-20,0.2779991922854731,5.7859774520400455e-05,3.5,3.5,0.1,0.0,0.0,0.0
22.972481998996955,nav_to_wp,0,-0.0008129540947265923,3.361680507659912,1.7967082262039185,0.004599630832672119,0.31596481800079346,-0.00038818689063191414,-1.8080008622834756e-20,3.376813763772322,1.799974361336112,0.3803771447120636,32738,0.22633627208610818,0.007272417849325686,-0.0015635660008608276,0.5600180011242628,3.990186184965007e-20,0.27186713691757525,5.658351419023071e-05,3.5,3.5,0.1,0.0,0.0,0.0
22.992555620996427,nav_to_wp,0,-0.0007111201412044466,3.367729425430298,1.796714186668396,0.004976804833859205,0.31679415702819824,-0.00037081120535731316,-1.7296486652551937e-20,3.382152208268357,1.7999754724227748,0.3803807134056772,32738,0.22643043286747044,0.011587389518187892,-0.0018689520764414436,0.7225369990919717,3.902768508904494e-20,0.2659110255471059,5.53438729593315e-05,3.5,3.5,0.1,0.0,0.0,0.0
23.012017279997963,nav_to_wp,0,-0.0006080833845771849,3.3734934329986572,1.7967209815979004,0.005245478358119726,0.31602057814598083,-0.00039411778561770916,-1.6533773898516143e-20,3.387348871359206,1.7999765540005745,0.38040470873033155,32740,0.2270635548900124,0.014894002949680397,-0.0021184357134724774,0.5403690011007711,3.8157493698323525e-20,0.2599820680749666,5.410988325001338e-05,3.5,3.5,0.1,0.0,0.0,0.0
23.0319207859975,nav_to_wp,0,-0.0005016708746552467,3.3792948722839355,1.7967274188995361,0.005425114184617996,0.31517794728279114,-0.00040589075069874525,-1.5780410455180046e-20,3.392481833905412,1.7999776223204251,0.3804282171651678,32742,0.22768383021550775,0.018303639704602075,-0.0023246311489386606,0.4826969998248387,3.727803327216342e-20,0.25398995700522825,5.2862749427263875e-05,3.5,3.5,0.1,0.0,0.0,0.0
23.05195981199722,nav_to_wp,0,-0.00039365835255011916,3.3851230144500732,1.7967338562011719,0.005518648307770491,0.3141475319862366,-0.0004064635722897947,-1.5043338552200304e-20,3.3975037957557275,1.7999786675377796,0.380450914803548,32744,0.2282827124946678,0.021764713192849464,-0.0024872257086565597,0.4990660017938353,3.6397031015464065e-20,0.24798734083535454,5.161342918548146e-05,3.5,3.5,0.1,0.0,0.0,0.0
23.072014446999674,nav_to_wp,0,-0.00027858454268425703,3.3913815021514893,1.796740174293518,0.005544239655137062,0.3133237063884735,-0.0003826615575235337,-1.4324040100204553e-20,3.4024046600680284,1.7999796875511893,0.38047276934136903,32746,0.22885934937649033,0.025913613507828514,-0.0026215154848268085,0.531829002284212,3.551620941759302e-20,0.24198595556539715,5.036436513002474e-05,3.5,3.5,0.1,0.0,0.0,0.0
23.092566692997934,nav_to_wp,0,-0.00017102726269513369,3.3973023891448975,1.7967476844787598,0.005492707248777151,0.311930388212204,-0.0003556844312697649,-1.3613120292801993e-20,3.4072484373670626,1.7999806956831197,0.3804917659246964,32748,0.2293605784880306,0.029510304248041772,-0.0027073695027941547,0.6957360019441694,3.462363693768861e-20,0.23590450689722778,4.909863753634044e-05,3.5,3.5,0.1,0.0,0.0,0.0
23.112040410996997,nav_to_wp,0,-6.430900248233229e-05,3.4033408164978027,1.7967562675476074,0.005394048523157835,0.3106577396392822,-0.00030701933428645134,-1.2940331634722021e-20,3.4118324120926538,1.799981649742525,0.3805080659950696,32749,0.22979065950051591,0.033473921582928695,-0.0027675824564723506,0.6118060009612236,3.3757210145984575e-20,0.230001199124352,4.7869986280719616e-05,3.5,3.5,0.1,0.0,0.0,0.0
23.131883936999657,nav_to_wp,0,3.815247328020632e-05,3.409329652786255,1.7967665195465088,0.00524903554469347,0.3087358772754669,-0.00024534109979867935,-1.2273748586407607e-20,3.4163741055491115,1.7999825950019595,0.3805174845556473,32750,0.23003917033370058,0.03714127920074624,-0.00279900275855538,0.47860099948593415,3.2876263720453305e-20,0.223998963354267,4.6620745211275166e-05,3.5,3.5,0.1,0.0,0.0,0.0
23.151884375998634,nav_to_wp,0,0.00013565570407081395,3.415254831314087,1.7967785596847534,0.00507213594391942,0.30612918734550476,-0.00014031678438186646,-1.1625053651361665e-20,3.4207939202281454,1.7999835148948506,0.38050342564952944,32749,0.2296682229427276,0.04051117442350463,-0.0028086235324289444,0.4712329973699525,3.1995678700679617e-20,0.21799918998428128,4.5372016639415145e-05,3.5,3.5,0.1,0.0,0.0,0.0
23.172216526996635,nav_to_wp,0,0.00022783706663176417,3.421103000640869,1.796792984008789,0.004880941938608885,0.30280864238739014,-1.2591946870088577e-05,-1.0989975279070948e-20,3.425120959889691,1.7999844154785434,0.3804736889685964,32746,0.22888361394713286,0.04354483832077265,-0.002805252098093014,0.6092580006225035,3.110944059609197e-20,0.21196089991577874,4.411527161443837e-05,3.5,3.5,0.1,0.0,0.0,0.0
23.192526836999605,nav_to_wp,0,0.00031263078562915325,3.4267239570617676,1.7968095541000366,0.004681961145251989,0.2981526553630829,8.397502824664116e-05,-1.0377303764779454e-20,3.4292953327820888,1.79998528428781,0.3804461501674363,32744,0.2281569965022765,0.04577398869823114,-0.0027900030527425734,0.8972560026450083,3.02298581161698e-20,0.20596795724557607,4.286796471127463e-05,3.5,3.5,0.1,0.0,0.0,0.0
23.21208844499779,nav_to_wp,0,0.00039063606527633965,3.432117223739624,1.7968276739120483,0.004498837050050497,0.2922365367412567,0.00015186984091997147,-9.783688711900477e-21,3.4333398664799266,1.7999861260737369,0.38041883530137816,32741,0.22743628763530666,0.04722941409293846,-0.0027759487554031015,0.60431800011429,2.9352504084673505e-20,0.19999019787422778,4.162381789732184e-05,3.5,3.5,0.1,0.0,0.0,0.0
23.231893447999028,nav_to_wp,0,0.00046937144361436367,3.43757700920105,1.7968424558639526,0.004399236291646957,0.2865283489227295,0.00020937761291861534,-9.206270430644498e-21,3.4372740451786656,1.7999869448915564,0.38040730035366366,32740,0.22713193545286536,0.048985918718645244,-0.002806458330895323,0.4777909998665564,2.847316258597353e-20,0.19399889710422455,4.037685272168092e-05,3.5,3.5,0.1,0.0,0.0,0.0
23.25204353799927,nav_to_wp,0,0.0005375933833420277,3.442631959915161,1.796864628791809,0.004305581096559763,0.2788921296596527,0.00022668810561299324,-8.644965528370303e-21,3.4410984370652926,1.7999877408595246,0.38038266999018894,32738,0.2264820577886244,0.04942705188592118,-0.002829137847606189,0.5706070005544461,2.7591510521081947e-20,0.18799185353461115,3.912661100833399e-05,3.5,3.5,0.1,0.0,0.0,0.0
23.272188966999238,nav_to_wp,0,0.0006137961754575372,3.4478578567504883,1.7968783378601074,0.004368235822767019,0.2720825672149658,0.0001563969999551773,-8.099592848468857e-21,3.4448142764312983,1.7999885142345338,0.38042659186967315,32742,0.2276409464293696,0.0505988469500392,-0.002941874393070698,0.5932269996264949,2.6707020399551055e-20,0.18196547316472894,3.787234474047558e-05,3.5,3.5,0.1,0.0,0.0,0.0
23.292398991998198,nav_to_wp,0,0.0006430386565625668,3.4501543045043945,1.7968922853469849,0.0043669878505170345,0.2672463655471802,0.00012538954615592957,-7.572087165805445e-21,3.448408380891733,1.7999892622729434,0.3804139767752776,32741,0.22730809433450005,0.04986024682332832,-0.002972064030864363,0.7121489979908802,2.582269979720533e-20,0.17594024779597675,3.661831886218235e-05,3.5,3.5,0.1,0.0,0.0,0.0
23.312013222999667,nav_to_wp,0,0.0007608748856000602,3.4574995040893555,1.7969088554382324,0.004747784696519375,0.25515151023864746,-1.7024576663970947e-05,-7.068170706545867e-21,3.4518417626607527,1.7999899768602534,0.3804850763229736,32747,0.22918407184626766,0.05073723438058173,-0.003295554126268252,0.517458000103943,2.4948667722052326e-20,0.1699851222246105,3.537888280495059e-05,3.5,3.5,0.1,0.0,0.0,0.0
23.33260505099679,nav_to_wp,0,0.0008498556562699378,3.4622793197631836,1.7969167232513428,0.005191765259951353,0.246898353099823,-4.69796359539032e-05,-6.5760729374462385e-21,3.455194619028026,1.7999906746878687,0.3805003157135659,32748,0.2295861665848502,0.05106411010043299,-0.0036223316295704855,0.9430339996470138,2.4064517299008093e-20,0.16396105635462135,3.4125098252311705e-05,3.5,3.5,0.1,0.0,0.0,0.0
23.35193916499702,nav_to_wp,0,0.0009445319883525372,3.4667716026306152,1.7969263792037964,0.005758229643106461,0.23770354688167572,-8.118897676467896e-05,-6.1061411013532746e-21,3.4583964501432356,1.7999913410827055,0.3805026121989728,32749,0.2296467598673555,0.050723397713593354,-0.004019585657312863,0.5016539980715606,2.318874591489661e-20,0.1579940801846906,3.2883195738414236e-05,3.5,3.5,0.1,0.0,0.0,0.0
23.372218067997892,nav_to_wp,0,0.0010524294339120388,3.471090078353882,1.796934723854065,0.006487679202109575,0.22819161415100098,-0.00013158190995454788,-5.6496347933660305e-21,3.461506807835439,1.7999919884392437,0.3805105614665293,32749,0.22985650307465022,0.05015667963364648,-0.00451633576089594,0.6585730006918311,2.2305092644981353e-20,0.1519734016152313,3.163011618222976e-05,3.5,3.5,0.1,0.0,0.0,0.0
23.393218706998596,nav_to_wp,0,0.0011056551011279225,3.473022222518921,1.7969425916671753,0.006864137947559357,0.22259005904197693,-0.00015072431415319443,-5.209583592937411e-21,3.4645050503838304,1.7999926124613366,0.3804970976474831,32748,0.22950125718952563,0.049266377805401454,-0.004770329459137912,1.3079929995001294,2.1418810553355933e-20,0.14593481184567555,3.0373308780685563e-05,3.5,3.5,0.1,0.0,0.0,0.0
23.412036300996988,nav_to_wp,0,0.0013212981866672635,3.479177236557007,1.7969448566436768,0.008444434031844139,0.20837773382663727,-0.00027550850063562393,-4.7943489250793815e-21,3.4673342080989484,1.7999932012919233,0.3805460264653618,32752,0.23079225502273637,0.048405810237030215,-0.005826939384166563,0.5260219986666925,2.054748457404928e-20,0.13999812397360126,2.9137710148717286e-05,3.5,3.5,0.1,0.0,0.0,0.0
23.43189838699982,nav_to_wp,0,0.001488987822085619,3.4829342365264893,1.7969462871551514,0.009672180749475956,0.19816121459007263,-0.00036537740379571915,-4.392413710549312e-21,3.4700727513882907,1.7999937712629939,0.38057333269450166,32755,0.2315127360026814,0.04725414114783489,-0.006647995793763961,0.4904950001218822,1.9667332642482724e-20,0.1340013014045418,2.788959572495909e-05,3.5,3.5,0.1,0.0,0.0,0.0
23.451949953996518,nav_to_wp,0,0.00168324273545295,3.486494779586792,1.7969452142715454,0.011065058410167694,0.18780547380447388,-0.0004497738555073738,-4.007478841729139e-21,3.472695464611052,1.7999943171264348,0.3805994140768877,32757,0.23220089912632247,0.04594982456962143,-0.0075836597110425785,0.4930830000375863,1.8785789994314424e-20,0.1279950033342588,2.6639509171858512e-05,3.5,3.5,0.1,0.0,0.0,0.0
23.472001036996517,nav_to_wp,0,0.0019072191789746284,3.4898555278778076,1.7969428300857544,0.012617087922990322,0.17736265063285828,-0.00046113599091768265,-3.640364965142856e-21,3.4751967563784962,1.7999948377185147,0.3805897815541018,32756,0.23194674285228878,0.04452024606729202,-0.008634877377816652,0.5452810000861064,1.7904669426541153e-20,0.12199158106433261,2.539002115704448e-05,3.5,3.5,0.1,0.0,0.0,0.0
23.492304556999443,nav_to_wp,0,0.002163859084248543,3.493015766143799,1.7969393730163574,0.01431277859956026,0.16689129173755646,-0.00047362735494971275,-3.2866305205382614e-21,3.4776068887940252,1.799995339337663,0.3805821484040528,32755,0.23174534047632633,0.04299991469889723,-0.009795937604779814,0.5472939992614556,1.7012544961065473e-20,0.11591318489532972,2.4124928877844536e-05,3.5,3.5,0.1,0.0,0.0,0.0
23.51193929099827,nav_to_wp,0,0.002455755602568388,3.4959747791290283,1.796934723854065,0.01613408513367176,0.15644139051437378,-0.0004894277080893517,-2.9597220990038892e-21,3.4798342449242146,1.799995802915713,0.3805779801626218,32755,0.23163536049133882,0.0413856000251359,-0.01106003316360904,0.5155320031917654,1.6144303435425433e-20,0.10999751262374186,2.2893704207885143e-05,3.5,3.5,0.1,0.0,0.0,0.0
23.531921189998684,nav_to_wp,0,0.0027850852347910404,3.498735189437866,1.796928882598877,0.018062910065054893,0.14606201648712158,-0.0005059270188212395,-2.645700245780132e-21,3.481973799777248,1.7999962482197456,0.3805771362909745,32755,0.23161309474866698,0.03973537086485039,-0.012419920103663662,0.5007250001654029,1.526385257784694e-20,0.10399865335375547,2.1645165887009008e-05,3.5,3.5,0.1,0.0,0.0,0.0
23.551935393999884,nav_to_wp,0,0.0031535900197923183,3.5012972354888916,1.796921968460083,0.02007925696671009,0.13580282032489777,-0.000521212350577116,-2.349280308174271e-21,3.4839934258304344,1.7999966685630822,0.38057892198164955,32755,0.231660210597612,0.03806578561698785,-0.01386691755568914,0.5130169993208256,1.4383390228221524e-20,0.09799971578391668,2.0396611269640183e-05,3.5,3.5,0.1,0.0,0.0,0.0
23.572006256999884,nav_to_wp,0,0.003562561934813857,3.5036659240722656,1.7969138622283936,0.02215985581278801,0.12570947408676147,-0.0005335728637874126,-2.0697664321935677e-21,3.4858978642117293,1.7999970649324906,0.38058319800169665,32756,0.23177303434555618,0.03640932163863891,-0.015390135940513305,0.5380119982874021,1.3500644875664878e-20,0.0919852232138419,1.914481920111576e-05,3.5,3.5,0.1,0.0,0.0,0.0
23.592343166998035,nav_to_wp,0,0.004012778867036104,3.5058443546295166,1.7969046831130981,0.024279743432998657,0.11582125723361969,-0.0005413698963820934,-1.806611306404676e-21,3.487690843969992,1.7999974381040946,0.3805894028599341,32756,0.23193675092174182,0.034794602057178096,-0.01697727412148886,0.675623999995878,1.2613226830530362e-20,0.08593889374458612,1.7886400941367913e-05,3.5,3.5,0.1,0.0,0.0,0.0
23.611993618997076,nav_to_wp,0,0.004493208136409521,3.507784366607666,1.7968955039978027,0.026362348347902298,0.1059265285730362,-0.000540431123226881,-1.5652368063501557e-21,3.4893354237267458,1.7999977803893117,0.38059136701190505,32756,0.23198857551200547,0.033029927285595055,-0.018576773352830367,0.5416439998953138,1.1740426388270294e-20,0.07999215977433358,1.6648711422118194e-05,3.5,3.5,0.1,0.0,0.0,0.0
23.63224355499915,nav_to_wp,0,0.0050139520317316055,3.509554624557495,1.796885371208191,0.02843214012682438,0.09635773301124573,-0.0005337386392056942,-1.3382364028108067e-21,3.490882067089452,1.7999981022910967,0.3805957049776741,32757,0.23210303371171648,0.03140355482592687,-0.02021182184338599,0.6713790025969502,1.0855760759573556e-20,0.07396458360484517,1.5394196273336727e-05,3.5,3.5,0.1,0.0,0.0,0.0
23.652018792996387,nav_to_wp,0,0.0055625056847929955,3.5111169815063477,1.796875,0.030408712103962898,0.08694401383399963,-0.0005176763515919447,-1.1306760388861193e-21,3.492296257787881,1.7999983966256028,0.3805972268461022,32757,0.2321431885515075,0.029753345578655152,-0.021827285495011894,0.5592460001935251,9.978446620183305e-21,0.06798709603416367,1.4150106029063735e-05,3.5,3.5,0.1,0.0,0.0,0.0
23.671919250999053,nav_to_wp,0,0.0058741639368236065,3.5118396282196045,1.796868085861206,0.03142537921667099,0.08162038773298264,-0.0005104488227516413,-9.401796741881637e-22,3.4935941847231904,1.7999986667622143,0.38060953446945495,32758,0.2324679279539552,0.02949898932822341,-0.022688560057551932,0.4939069985994138,9.099117494059102e-21,0.06199587956340349,1.2903158398564425e-05,3.5,3.5,0.1,0.0,0.0,0.0
23.692090278997057,nav_to_wp,0,0.006535568740218878,3.5133280754089355,1.796856164932251,0.033480204641819,0.07287291437387466,-0.0004819151945412159,-7.66037340540151e-22,3.4947806851888434,1.799998913707714,0.380616714668338,32758,0.23265737911181894,0.028391037484642036,-0.024463447789056403,0.5102249997435138,8.213321327658384e-21,0.0559606005942333,1.1647040071553913e-05,3.5,3.5,0.1,0.0,0.0,0.0
23.711995858997398,nav_to_wp,0,0.007198873907327652,3.5145514011383057,1.7968440055847168,0.0352865606546402,0.06474269926548004,-0.00044820993207395077,-6.114587248921073e-22,3.4958338903205552,1.7999991329105502,0.38062352283979334,32759,0.2328370142425662,0.02743151639826418,-0.026109765196521417,0.544952999916859,7.337995095976519e-21,0.04999665742353924,1.0405768813634245e-05,3.5,3.5,0.1,0.0,0.0,0.0
23.73191854799734,nav_to_wp,0,0.007878954522311687,3.515601873397827,1.7968324422836304,0.03687441721558571,0.05684890225529671,-0.00042713829316198826,-4.734938731607403e-22,3.496773899320055,1.799999328553956,0.38063704867661013,32760,0.2331938964804774,0.02655231453629179,-0.027658388769606024,0.494353000249248,6.457300923622182e-21,0.04399614035393119,9.156885456099835e-06,3.5,3.5,0.1,0.0,0.0,0.0
23.7519103659979,nav_to_wp,0,0.008588345721364021,3.516522169113159,1.7968206405639648,0.038302142173051834,0.04935486242175102,-0.0003851682413369417,-3.531954007746183e-22,3.497593540302884,1.7999994991452517,0.38064297068546743,32761,0.23335015001233117,0.025872102621268052,-0.029154193228055236,0.4913140001008287,5.577009237693252e-21,0.0379983655832298,7.908572851289929e-06,3.5,3.5,0.1,0.0,0.0,0.0
23.77203904399721,nav_to_wp,0,0.009339457377791405,3.5173394680023193,1.796809434890747,0.03962108865380287,0.04233590513467789,-0.0003240028163418174,-2.5021219971407875e-22,3.4982952055065892,1.7999996451823326,0.3806420581601436,32761,0.23332607282700657,0.025467479989841044,-0.030637247576764448,0.5348829981812742,4.694054033821242e-21,0.03198244321330002,6.656483199536796e-06,3.5,3.5,0.1,0.0,0.0,0.0
23.792562646998704,nav_to_wp,0,0.010093776509165764,3.518012762069702,1.7967995405197144,0.04065100476145744,0.03554593399167061,-0.00025713007198646665,-1.643670717903302e-22,3.4988801022523823,1.799999766916477,0.3806368208820231,32760,0.23318788606921004,0.02517834425792874,-0.03197216913280809,0.7915850001154467,3.804532103618263e-21,0.025921779144517983,5.395081489766628e-06,3.5,3.5,0.1,0.0,0.0,0.0
23.811967597997864,nav_to_wp,0,0.010904322378337383,3.5185985565185547,1.7967907190322876,0.04149504005908966,0.028785187751054764,-0.00018594361608847976,-9.775895008519095e-23,3.4993339296805774,1.7999998613712573,0.38062823085113445,32759,0.2329612361776885,0.024882272278341493,-0.03326887435118375,0.5234659984125756,2.9340810627649196e-21,0.01999105257352723,4.160723579160554e-06,3.5,3.5,0.1,0.0,0.0,0.0
23.831777760999103,hold,0,0.011691471561789513,3.5190377235412598,1.7967826128005981,0.04204487428069115,0.022649649530649185,-0.00012617342872545123,5.346133953288587e-12,3.499333929680579,1.7999998613712573,0.38070866003101655,32766,0.23508337812708469,0.032625967522482494,-0.03437742392893273,0.3680279987747781,1.7909997633779105e-06,6.627398802660327e-10,1.3793558077020863e-13,3.5,3.5,0.1,0.0,0.0,0.0
23.851717508998263,hold,0,0.012496350333094597,3.519392251968384,1.7967772483825684,0.04239535331726074,0.016877226531505585,-9.912782115861773e-05,5.984825594920909e-05,3.4993339518267703,1.7999998613758665,0.38064576031516034,32761,0.2334237550174212,0.029964712674467354,-0.03220135208905206,0.3366660021129064,0.005992407789114377,2.2174249834475915e-06,4.615110875528371e-10,3.5,3.5,0.1,0.0,0.0,0.0
23.872062846996414,hold,0,0.013293877243995667,3.519632339477539,1.7967716455459595,0.042421139776706696,0.011297570541501045,-7.329054642468691e-05,0.0002400371250079947,3.499334018503691,1.799999861389744,0.38058449540594697,32756,0.23180726664767626,0.027283887526527155,-0.029710201037072448,0.5981530011922587,0.01200092767849181,4.440812073433395e-06,9.242630641066984e-10,3.5,3.5,0.1,0.0,0.0,0.0
23.89237140899786,hold,0,0.014121171087026596,3.5197768211364746,1.7967687845230103,0.04211989790201187,0.00563490716740489,0.00010996291530318558,0.0005399787052508735,3.499334129493793,1.7999998614128443,0.38044221006155343,32743,0.22805303592489068,0.02446373341139695,-0.02696275598815867,0.8783929988567252,0.0179996444678476,6.660571633439895e-06,1.3862600454213179e-09,3.5,3.5,0.1,0.0,0.0,0.0
23.911924254996848,hold,0,0.014892231673002243,3.51981258392334,1.7967712879180908,0.04151506349444389,0.0002948567853309214,0.00037706203875131905,0.0009592410842849554,3.4993342846372526,1.7999998614451342,0.38025456374674876,32727,0.2231019458245047,0.02169997575750385,-0.023876029913049157,0.5087479985377286,0.023990510856724677,8.877426238582812e-06,1.8476524205425407e-09,3.5,3.5,0.1,0.0,0.0,0.0
23.931906854999397,hold,0,0.015646306797862053,3.5197513103485107,1.7967798709869385,0.04068297892808914,-0.005040909629315138,0.000610972405411303,0.001499272005666958,3.4993344844697907,1.7999998614867252,0.38007959207788317,32712,0.21848527909981819,0.01883357662068967,-0.020515210968441,0.4894619996775873,0.02999271814644471,1.1098477420085175e-05,2.3099182261221128e-09,3.5,3.5,0.1,0.0,0.0,0.0
23.952045701997122,hold,0,0.01637972891330719,3.519592761993408,1.7967922687530518,0.03971162065863609,-0.0103140352293849,0.0006963990163058043,0.0021617232275276967,3.499334729602622,1.7999998615377446,0.37997954793282873,32704,0.21584559189521535,0.015892588311004485,-0.016913967211878544,0.5381740011216607,0.03601435613357403,1.332671871871532e-05,2.7736805056748945e-09,3.5,3.5,0.1,0.0,0.0,0.0
23.972044239999377,hold,0,0.01709083840250969,3.5193374156951904,1.7968051433563232,0.03869268670678139,-0.015443294309079647,0.0006543861818499863,0.0029401659110063604,3.499335017656826,1.799999861597697,0.3799499267003844,32701,0.2150640290338881,0.012922106623556567,-0.0131562436586099,0.5711970006814227,0.04200118362410408,1.5542078773684835e-05,3.2347618211295775e-09,3.5,3.5,0.1,0.0,0.0,0.0
23.991915478996816,hold,0,0.017815764993429184,3.5189688205718994,1.7968165874481201,0.03766903281211853,-0.020610125735402107,0.0005096979439258575,0.003839127626596343,3.49933535030778,1.7999998616669315,0.3799811915212761,32704,0.21588895834501365,0.009811094191690756,-0.009278361745906905,0.49125200166599825,0.04799454571356568,1.7759856885541927e-05,3.696346405047582e-09,3.5,3.5,0.1,0.0,0.0,0.0
24.011915055998543,hold,0,0.01847725734114647,3.518529176712036,1.796824336051941,0.036774665117263794,-0.02525787241756916,0.0003454509424045682,0.004859136299656155,3.499335727750837,1.7999998617454884,0.38003648541301754,32708,0.21734790007961813,0.0068989856352528744,-0.0052709433747168966,0.49290099923382513,0.05399519960317615,1.9980333248318086e-05,4.158492574013759e-09,3.5,3.5,0.1,0.0,0.0,0.0
24.03195646399763,hold,0,0.01912350207567215,3.518005132675171,1.7968276739120483,0.036074720323085785,-0.029611077159643173,0.00010989134898409247,0.005998861863219443,3.4993361494938204,1.7999998618332655,0.38014235095379345,32718,0.22014118611592082,0.00405359509880316,-0.0012256957600260687,0.5123329974594526,0.05999430699246716,2.2200237345559934e-05,4.620519637760557e-09,3.5,3.5,0.1,0.0,0.0,0.0
24.051995290999912,hold,0,0.01975961960852146,3.5174031257629395,1.7968262434005737,0.03563348948955536,-0.03362959623336792,-0.00013178488006815314,0.0072624588709075165,3.4993366170740776,1.7999998619305826,0.3802665899022408,32728,0.22341925863432088,0.0013038248093195995,0.0028313661262704404,0.5132530022819992,0.06601117348004315,2.4426713002950294e-05,5.083914435655613e-09,3.5,3.5,0.1,0.0,0.0,0.0
24.071916214998055,hold,0,0.02039201743900776,3.516730308532715,1.7968204021453857,0.0355139896273613,-0.03727160394191742,-0.00035003983066417277,0.008638660044507003,3.499337126322275,1.799999862036572,0.3803935328045096,32739,0.22676867558072722,-0.0013207056481885939,0.006821257064898667,0.48788499771035276,0.07199441417109753,2.6640745801990666e-05,5.544719510276043e-09,3.5,3.5,0.1,0.0,0.0,0.0
24.09202114599975,hold,0,0.021011371165513992,3.516009569168091,1.796811580657959,0.03568929433822632,-0.040437620133161545,-0.0004967470886185765,0.010140418092087744,3.4993376820314204,1.7999998621522315,0.38049682948427416,32748,0.22949418164311552,-0.0037441271403242877,0.010812602948899519,0.5645669989462476,0.07800160535974725,2.886364122079973e-05,6.007369155656949e-09,3.5,3.5,0.1,0.0,0.0,0.0
24.112012383997353,hold,0,0.021661849692463875,3.515216588973999,1.7968006134033203,0.03638255596160889,-0.04324963688850403,-0.0006175676826387644,0.011760688928980776,3.499338281594928,1.7999998622770181,0.3805968846078246,32757,0.23213415851779828,-0.006056491102931506,0.014618391251973284,0.562070999876596,0.08400245754902054,3.1084190962197975e-05,6.4695305968636466e-09,3.5,3.5,0.1,0.0,0.0,0.0
24.132004710998444,hold,0,0.022316718474030495,3.5143957138061523,1.7967886924743652,0.03745720908045769,-0.04552323743700981,-0.0006657195626758039,0.01350494070751062,3.499338927036228,1.7999998624113533,0.3806680899639047,32763,0.2340129278075107,-0.008115072156851913,0.01835597083333429,0.5066140001872554,0.0900164644370204,3.3309608456031065e-05,6.932705159928767e-09,3.5,3.5,0.1,0.0,0.0,0.0
24.151935478999803,hold,0,0.02300482988357544,3.5135374069213867,1.7967771291732788,0.039047665894031525,-0.04732407256960869,-0.0006569469114765525,0.015360329382197892,3.4993396136025208,1.799999862554248,0.38071482015991265,32767,0.23524591450956756,-0.009964869801561822,0.021889185428261904,0.4883700021309778,0.0960010260275213,3.552413003946936e-05,7.393611964898926e-09,3.5,3.5,0.1,0.0,0.0,0.0
24.17192698299914,hold,0,0.023736633360385895,3.512651205062866,1.7967675924301147,0.041175175458192825,-0.04863676056265831,-0.0005730168195441365,0.017337413413465154,3.49934034520085,1.799999862706515,0.38072461032772037,32768,0.23550423028285827,-0.011588583761417314,0.025227613761834355,0.5110689999128226,0.1019923886173924,3.7741168258364825e-05,7.855042555420112e-09,3.5,3.5,0.1,0.0,0.0,0.0
24.19197155599977,hold,0,0.024542318657040596,3.5117270946502686,1.7967604398727417,0.04394489899277687,-0.04953411966562271,-0.0004886628594249487,0.019440659742426047,3.499341123484158,1.7999998628684986,0.3807326188482941,32768,0.23571553689430225,-0.013034226139412637,0.028293240517992313,0.5143919988768175,0.10800182890515868,3.99648959317111e-05,8.317865417346992e-09,3.5,3.5,0.1,0.0,0.0,0.0
24.21202085799814,hold,0,0.02539021521806717,3.5108189582824707,1.796756625175476,0.04714609310030937,-0.049812089651823044,-0.0003407653421163559,0.021660061559017542,3.4993419447495335,1.799999863039428,0.38070537507420515,32766,0.23499670380488347,-0.014139147861270332,0.031207018886739712,0.5638490001729224,0.11400015809482016,4.21845120646886e-05,8.77983254729589e-09,3.5,3.5,0.1,0.0,0.0,0.0
24.23302193699783,hold,0,0.02630435861647129,3.5099117755889893,1.7967556715011597,0.05084794759750366,-0.049606580287218094,-0.0001751511008478701,0.024096370301866326,3.4993428462789464,1.7999998632270626,0.38066823002997413,32763,0.2340166234821659,-0.0149899104302118,0.03414489490599015,0.5542510007217061,0.12024068026784002,4.4493749063103566e-05,9.26045240434231e-09,3.5,3.5,0.1,0.0,0.0,0.0
24.25275259099726,hold,0,0.027291325852274895,3.509035110473633,1.796759843826294,0.05503978207707405,-0.048814818263053894,-1.566892024129629e-05,0.026466919064159794,3.499343723474597,1.7999998634096328,0.38062022075670837,32759,0.23274988803979824,-0.015500719360629887,0.036436958448747614,1.0650870026438497,0.12601646857165147,4.663101637445733e-05,9.705280332509884e-09,3.5,3.5,0.1,0.0,0.0,0.0
24.27196515799733,hold,0,0.028375741094350815,3.508176803588867,1.7967671155929565,0.05976596474647522,-0.0475522018969059,0.00013170158490538597,0.02903918938533183,3.499344675315105,1.7999998636077386,0.38057394552779594,32755,0.23152890574659324,-0.015744861813206043,0.03866655549553477,0.5227769979683217,0.1319981531624886,4.8844473355626176e-05,1.016596556256551e-08,3.5,3.5,0.1,0.0,0.0,0.0
24.291895517999365,hold,0,0.029562225565314293,3.5073673725128174,1.7967791557312012,0.06498220562934875,-0.04572981223464012,0.0002732159337028861,0.03173685536866543,3.4993456735569066,1.799999863815502,0.3805209588474293,32750,0.23013084030156428,-0.015643450196922842,0.040671370628389214,0.48422500185552053,0.13799315895178074,5.106285970063391e-05,1.0627676737617346e-08,3.5,3.5,0.1,0.0,0.0,0.0
24.31171848699887,hold,0,0.03087422251701355,3.5065548419952393,1.796790361404419,0.07071514427661896,-0.04367825388908386,0.0003668863791972399,0.03455676649373863,3.4993467170341868,1.7999998640326802,0.3804893377671639,32747,0.2292965110069627,-0.01542372972269263,0.042401909442192354,0.336378001520643,0.14399325844183522,5.3283130913915984e-05,1.1089780208964965e-08,3.5,3.5,0.1,0.0,0.0,0.0
24.331810182997287,hold,0,0.03230440244078636,3.505829334259033,1.7968060970306396,0.07687707245349884,-0.04100310429930687,0.00038724252954125404,0.03749120104894134,3.4993478028896097,1.7999998642586785,0.38048349503278633,32747,0.22914234915003462,-0.014783113398120995,0.043894536665185724,0.43322000055923127,0.14998239593124288,5.5499345758713434e-05,1.1551039431219682e-08,3.5,3.5,0.1,0.0,0.0,0.0
24.352151392999076,hold,0,0.03386837989091873,3.5051169395446777,1.7968183755874634,0.08345707505941391,-0.038143109530210495,0.00036362791433930397,0.04055780654456711,3.499348937653444,1.799999864494856,0.38050073217437097,32748,0.2295971549965934,-0.014030426864941992,0.04517562165352862,0.6243120005819947,0.15599577641936171,5.772453146011939e-05,1.2014165751491501e-08,3.5,3.5,0.1,0.0,0.0,0.0
24.371736639997835,hold,0,0.03556986525654793,3.5044867992401123,1.7968318462371826,0.09041151404380798,-0.034816447645425797,0.00033215642906725407,0.04373452546452335,3.4993501131635476,1.7999998647395141,0.38051542241917086,32750,0.22998476040028493,-0.012945604123997569,0.04622097595952579,0.3605370002333075,0.16198985610882502,5.9942575112011125e-05,1.2475805602068396e-08,3.5,3.5,0.1,0.0,0.0,0.0
24.391721688996768,hold,0,0.037415895611047745,3.50392484664917,1.796844482421875,0.09769957512617111,-0.031157951802015305,0.00028410041704773903,0.04703342652889341,3.499351333885817,1.7999998649935822,0.38053566225081076,32751,0.23051879289737975,-0.011614185600774932,0.04706881161322585,0.3454769976087846,0.16798825549801216,6.216221722155555e-05,1.2937778138501729e-08,3.5,3.5,0.1,0.0,0.0,0.0
24.411882475997118,hold,0,0.039411600679159164,3.5034372806549072,1.7968560457229614,0.1052727922797203,-0.027203714475035667,0.00022081821225583553,0.05045127987026471,3.4993525986250766,1.7999998652568114,0.3805615478796285,32754,0.23120179101922034,-0.010048745875967637,0.04773262621306462,0.503885999933118,0.17398495868806393,6.43812316711556e-05,1.3399620040516442e-08,3.5,3.5,0.1,0.0,0.0,0.0
24.431839880999178,hold,0,0.041659217327833176,3.50300931930542,1.7968662977218628,0.11341497302055359,-0.02279031276702881,0.00013673724606633186,0.053998661071208556,3.4993539112947043,1.7999998655300165,0.38059189906296154,32756,0.23200261379845522,-0.008178936555150918,0.04797616347468514,0.3898069990100339,0.17999776227645695,6.660620389712564e-05,1.3862701930297342e-08,3.5,3.5,0.1,0.0,0.0,0.0
24.45232779499929,hold,0,0.04406997933983803,3.5026755332946777,1.7968745231628418,0.12173067033290863,-0.01814344711601734,3.958866000175476e-05,0.05767765977741066,3.4993552726679504,1.7999998658133582,0.38063002069989205,32760,0.23300846173857437,-0.006087400264584493,0.04810365081199297,0.7022969984973315,0.18602847496317546,6.883780318911914e-05,1.4327163106624842e-08,3.5,3.5,0.1,0.0,0.0,0.0
24.472243923999486,hold,0,0.04651115834712982,3.5024523735046387,1.7968807220458984,0.12972939014434814,-0.013524665497243404,-5.9240031987428665e-05,0.06144635230940712,3.4993566672314165,1.7999998661036076,0.38067675262436945,32764,0.23424149404668526,-0.003894651155003588,0.04843319335975105,0.7043539990263525,0.19200991865398465,7.105117102786655e-05,1.4787829783531585e-08,3.5,3.5,0.1,0.0,0.0,0.0
24.491976443998283,hold,0,0.049114882946014404,3.502316474914551,1.79688560962677,0.1378495842218399,-0.00880505796521902,-0.0001459023915231228,0.06534293764155118,3.4993581091202146,1.799999866403707,0.3807190875950199,32767,0.2353585117419481,-0.0015576356169658954,0.04866976435646486,0.5220160019234754,0.19800444414388704,7.326937964333654e-05,1.5249503967860908e-08,3.5,3.5,0.1,0.0,0.0,0.0
24.511928679999983,hold,0,0.051881711930036545,3.5022692680358887,1.7968900203704834,0.14604365825653076,-0.0040319631807506084,-0.0001580384559929371,0.06935899035075424,3.4993595952166094,1.799999866713007,0.38072534997951357,32768,0.23552374616130578,0.0009003539452626896,0.048825922751864814,0.49466200289316475,0.20399850823297072,7.548741752247836e-05,1.5711142616959462e-08,3.5,3.5,0.1,0.0,0.0,0.0
24.531938110998453,hold,0,0.05481131374835968,3.5023107528686523,1.7968947887420654,0.15426328778266907,0.0007439055480062962,-0.0001658485271036625,0.07349293745769166,3.4993611249385372,1.799999867031387,0.3807302725985488,32768,0.23565363056856903,0.0034530135884196633,0.04892019897289801,0.5204160006542224,0.20998990322304265,7.770446773071389e-05,1.6172575702813483e-08,3.5,3.5,0.1,0.0,0.0,0.0
24.552379972999915,hold,0,0.057902488857507706,3.502441167831421,1.7968995571136475,0.16247260570526123,0.0054784733802080154,-0.00017117010429501534,0.07775627930499486,3.499362702541574,1.7999998673597324,0.3807361937224174,32769,0.23580986074979826,0.0060774001195685184,0.04899303451537973,0.876607999089174,0.21599482491224722,7.99265233460672e-05,1.663505056049736e-08,3.5,3.5,0.1,0.0,0.0,0.0
24.57203398999991,hold,0,0.06115349009633064,3.5026588439941406,1.7969050407409668,0.1706416755914688,0.0101245092228055,-0.0001711552031338215,0.08214714293123442,3.4993643273326507,1.799999867697899,0.38074117726171114,32769,0.23594135255174464,0.00874695846521963,0.049058382816216106,0.5528139990929049,0.22200964480005192,8.215224168158902e-05,1.709828773752957e-08,3.5,3.5,0.1,0.0,0.0,0.0
24.591944761999912,hold,0,0.0645621046423912,3.5029613971710205,1.796911358833313,0.17874176800251007,0.014636393636465073,-0.00015435833483934402,0.0866444020479905,3.4993659914942152,1.79999986804426,0.38073901001312854,32769,0.2358841692118343,0.011435413835598762,0.04909723182442183,0.4948999994667247,0.2280057842896917,8.437104754001492e-05,1.7560086225611296e-08,3.5,3.5,0.1,0.0,0.0,0.0
24.61192955899969,hold,0,0.06812570244073868,3.503344774246216,1.7969186305999756,0.18674993515014648,0.018969610333442688,-0.000123562291264534,0.09125711814902102,3.4993676983793747,1.7999998683995126,0.38073142335638877,32768,0.23568399357226077,0.014115200754834164,0.04914059240310453,0.5049720020906534,0.2339962972798747,8.658777137383502e-05,1.8021451383389943e-08,3.5,3.5,0.1,0.0,0.0,0.0
24.631970884998736,hold,0,0.07184131443500519,3.503804922103882,1.7969270944595337,0.194647878408432,0.023080315440893173,-9.472295641899109e-05,0.09600228064030891,3.4993694542748726,1.7999998687649659,0.38072667109832964,32768,0.23555860417756236,0.016758785400688248,0.04922940922570729,0.5165350012248382,0.24000284256762308,8.881042778407761e-05,1.8484051284087593e-08,3.5,3.5,0.1,0.0,0.0,0.0
24.652146799999173,hold,0,0.07570578902959824,3.5043370723724365,1.7969369888305664,0.2024240791797638,0.02693031169474125,-4.886463284492493e-05,0.10085697445121466,3.499371250701238,1.7999998691388548,0.38071412704615876,32767,0.235227626547724,0.019341555420992577,0.04933501468842816,0.5969600024400279,0.2459963018576872,9.10282418639549e-05,1.8945643354004104e-08,3.5,3.5,0.1,0.0,0.0,0.0
24.671975649998785,hold,0,0.07971585541963577,3.5049350261688232,1.7969486713409424,0.21006807684898376,0.030483664944767952,-3.4831464290618896e-06,0.10583738633415983,3.499373093648201,1.7999998695224262,0.3807023783828426,32766,0.23491763543120214,0.02183778460120394,0.04949289921454292,0.5238859994278755,0.2519968798474234,9.324869014081246e-05,1.9407783677467984e-08,3.5,3.5,0.1,0.0,0.0,0.0
24.69166612099798,hold,0,0.08428337424993515,3.5056564807891846,1.7969621419906616,0.21828536689281464,0.03400351107120514,4.970654845237732e-05,0.1109213715211153,3.499374974921333,1.799999869913974,0.3806731291138521,32763,0.23414588690902427,0.024446816080825308,0.04886395012207978,0.33128299764939584,0.25797832923748976,9.546206008850767e-05,1.9868450793308537e-08,3.5,3.5,0.1,0.0,0.0,0.0
24.711940995999612,hold,0,0.0887063667178154,3.506392002105713,1.7969768047332764,0.22555814683437347,0.03691287711262703,9.803194552659988e-05,0.1161554275316426,3.4993769117265323,1.79999987031708,0.380659668334142,32762,0.23379072121746525,0.026749714447280405,0.04905810943598987,0.5153910024091601,0.2639947949249663,9.768838743420343e-05,2.0331814723195887e-08,3.5,3.5,0.1,0.0,0.0,0.0
24.732007545997476,hold,0,0.09304455667734146,3.507136821746826,1.7969931364059448,0.23232781887054443,0.03929268568754196,0.0001570647582411766,0.12150765170195009,3.499378892258567,1.7999998707292868,0.3806468070894563,32761,0.23345137439198638,0.028784642918717948,0.04972897001262111,0.5036750008002855,0.27000849251421194,9.991369047541429e-05,2.0794965465317997e-08,3.5,3.5,0.1,0.0,0.0,0.0
24.751962989997992,hold,0,0.09775128960609436,3.507958173751831,1.7970118522644043,0.2393753081560135,0.04137057811021805,0.00022750813513994217,0.1269546761560007,3.4993809078704103,1.7999998711487946,0.380617525678955,32758,0.23267877780883772,0.030742233349507413,0.04995313856492434,0.5283979990053922,0.27599420370448197,0.00010212863745567782,2.1255960807827384e-08,3.5,3.5,0.1,0.0,0.0,0.0
24.772032920998754,hold,0,0.10233192890882492,3.508763551712036,1.7970322370529175,0.24582608044147491,0.0428999699652195,0.00030144955962896347,0.13255923276490042,3.4993829817753053,1.799999871580435,0.38059425497129445,32756,0.23206477496819033,0.03239517054363547,0.050810318225483986,0.5040739997639321,0.28202044999181025,0.00010435858400541104,2.1720078000081613e-08,3.5,3.5,0.1,0.0,0.0,0.0
24.79206838999744,hold,0,0.10705076903104782,3.509589672088623,1.7970547676086426,0.25224769115448,0.044015876948833466,0.00038419757038354874,0.13825153755963007,3.499385088150457,1.7999998720188333,0.3805615856362412,32754,0.23120278723591525,0.03385340975958133,0.05161290851066935,0.5678029992850497,0.28801200818123657,0.00010657569460378329,2.2181523654891917e-08,3.5,3.5,0.1,0.0,0.0,0.0
24.811918350998894,hold,0,0.1120002418756485,3.510446548461914,1.7970752716064453,0.259099543094635,0.044788796454668045,0.00039682537317276,0.14405351780015477,3.499387235109808,1.7999998724656785,0.3805583608625214,32753,0.2311177008580838,0.03516044926917534,0.05205251797780641,0.504457999340957,0.293993375371905,0.00010878903413449004,2.2642184440066254e-08,3.5,3.5,0.1,0.0,0.0,0.0
24.83192408099785,hold,0,0.11689255386590958,3.5112717151641846,1.7971041202545166,0.2650579512119293,0.04499770328402519,0.00039864983409643173,0.14999015199253388,3.4993894318963816,1.799999872922894,0.38055991191556093,32754,0.23115862574039348,0.03613800951677801,0.053171682487166416,0.5165000002307352,0.29999014156155906,0.0001110080718964041,2.3104031194056333e-08,3.5,3.5,0.1,0.0,0.0,0.0
24.851984793996962,hold,0,0.12210651487112045,3.512132406234741,1.7971255779266357,0.27192991971969604,0.04496201127767563,0.0003930777311325073,0.15600111011975226,3.4993916561857152,1.7999998733858338,0.3804965316256532,32748,0.2294863225766015,0.0370242751074225,0.05040774343429999,0.5246609980531503,0.29999997946066465,0.00011101171230340393,2.3104788869380713e-08,3.5,3.5,0.1,0.0,0.0,0.0
24.871930423996673,hold,0,0.1273568570613861,3.5129623413085938,1.7971516847610474,0.27840161323547363,0.04445382207632065,0.0003939475864171982,0.1620029448087998,3.4993938770990196,1.799999873848071,0.3804261438822753,32742,0.22762912618140518,0.03763062852902667,0.0478017437347924,0.47857099707471207,0.29999997946066465,0.00011101171230340393,2.3104788869380713e-08,3.5,3.5,0.1,0.0,0.0,0.0
24.8919494269976,hold,0,0.1327379047870636,3.5137736797332764,1.7971782684326172,0.2849348783493042,0.043575968593358994,0.00039404258131980896,0.16800488749778916,3.4993960980522885,1.7999998743103165,0.38035223562020826,32736,0.225679040111034,0.038023076631436475,0.045025630433770614,0.49664800098980777,0.29999997946066465,0.00011101171230340393,2.3104788869380713e-08,3.5,3.5,0.1,0.0,0.0,0.0
24.911737688998983,hold,0,0.13815224170684814,3.5145351886749268,1.7972103357315063,0.29106876254081726,0.04225032776594162,0.00040149223059415817,0.17399525528678914,3.4993983147223924,1.7999998747716703,0.3802692067543479,32729,0.22348830486405902,0.038128676163035974,0.042412805133354325,0.34731399864540435,0.29999997946066465,0.00011101171230340393,2.3104788869380713e-08,3.5,3.5,0.1,0.0,0.0,0.0
24.931697531999816,hold,0,0.14389044046401978,3.515312910079956,1.7972335815429688,0.298115074634552,0.040802981704473495,0.0003896420821547508,0.1799937089760804,3.499400534384595,1.799999875233647,0.38019655913653855,32722,0.22157148117515746,0.03818524972788925,0.03898520980009912,0.31890999889583327,0.29999997946066465,0.00011101171230340393,2.3104788869380713e-08,3.5,3.5,0.1,0.0,0.0,0.0
24.95193456799825,hold,0,0.14663250744342804,3.5156350135803223,1.7972577810287476,0.3007867634296417,0.0397481806576252,0.00038736406713724136,0.18599071906600337,3.4994027535126095,1.7999998756955127,0.38019776819070805,32722,0.22160338234058052,0.03796955072903921,0.04100575516228622,0.5164729991520289,0.29999997946066465,0.00011101171230340393,2.3104788869380713e-08,3.5,3.5,0.1,0.0,0.0,0.0
24.9719812129988,hold,0,0.15271615982055664,3.51636004447937,1.797284722328186,0.3073605000972748,0.03764082491397858,0.00027362164109945297,0.19200115865445644,3.4994049776100633,1.7999998761584124,0.38016591889116813,32720,0.2207630314292377,0.037618834916889055,0.03747108313166314,0.5302839999785647,0.29999997946066465,0.00011101171230340393,2.3104788869380713e-08,3.5,3.5,0.1,0.0,0.0,0.0
24.99187501599954,hold,0,0.15862546861171722,3.517000913619995,1.7973096370697021,0.31341752409935,0.03536076098680496,0.00017339270561933517,0.1979905223439121,3.499407193908611,1.7999998766196892,0.3801377122310141,32717,0.22001879237504163,0.037089175878048206,0.0343693461228316,0.4728739986603614,0.29999997946066465,0.00011101171230340393,2.3104788869380713e-08,3.5,3.5,0.1,0.0,0.0,0.0
25.01187578399913,hold,0,0.16465681791305542,3.5175931453704834,1.797332763671875,0.3193014860153198,0.03286592289805412,7.969886064529419e-05,0.20398936303372264,3.499409413714019,1.7999998770816956,0.38010961517285136,32715,0.2192774451939652,0.036395495010372286,0.03124006250499578,0.48301000060746446,0.29999997946066465,0.00011101171230340393,2.3104788869380713e-08,3.5,3.5,0.1,0.0,0.0,0.0
25.03187178799999,hold,0,0.17080478370189667,3.5181334018707275,1.7973545789718628,0.32502561807632446,0.030186239629983902,-7.499009370803833e-06,0.20998920962278547,3.4994116338916488,1.7999998775437795,0.38008133704120717,32712,0.21853132034847356,0.035550078983484557,0.028073054512311124,0.4673000003094785,0.29999997946066465,0.00011101171230340393,2.3104788869380713e-08,3.5,3.5,0.1,0.0,0.0,0.0
25.05179372099883,hold,0,0.17706461250782013,3.5186188220977783,1.7973747253417969,0.33059266209602356,0.027354978024959564,-0.00010475609451532364,0.2159840030127013,3.499413852199398,1.7999998780054745,0.38006204158068213,32711,0.2180222052950409,0.034566612871271524,0.024864870450397758,0.40619300125399604,0.29999997946066465,0.00011101171230340393,2.3104788869380713e-08,3.5,3.5,0.1,0.0,0.0,0.0
25.0725835489975,hold,0,0.1834314465522766,3.519047260284424,1.79739248752594,0.33595094084739685,0.024407250806689262,-0.0002750921994447708,0.22209018939430594,3.4994161117269056,1.7999998784757483,0.38008589598766823,32713,0.21865160917330329,0.03345846937730317,0.021768653877139776,0.764773998525925,0.29999997946066465,0.00011101171230340393,2.3104788869380713e-08,3.5,3.5,0.1,0.0,0.0,0.0
25.09190496899828,hold,0,0.18989941477775574,3.519416570663452,1.7974069118499756,0.34104543924331665,0.02137097716331482,-0.00044250302016735077,0.2279927195905529,3.4994182958936686,1.7999998789303373,0.3801139340272835,32715,0.2193913991367662,0.032241703988074064,0.01849085198131073,0.49248200230067596,0.29999997946066465,0.00011101171230340393,2.3104788869380713e-08,3.5,3.5,0.1,0.0,0.0,0.0
25.111865642997145,hold,0,0.19646170735359192,3.519726276397705,1.7974178791046143,0.345827579498291,0.018275262787938118,-0.0006015803664922714,0.23398921097931205,3.499420514829743,1.799999879392163,0.3801466076795045,32718,0.22025350077848138,0.030931276190733818,0.015377519381586602,0.47145899952738546,0.29999997946066465,0.00011101171230340393,2.3104788869380713e-08,3.5,3.5,0.1,0.0,0.0,0.0
25.131901735996507,hold,0,0.20311066508293152,3.519975423812866,1.797425389289856,0.3502569794654846,0.015147879719734192,-0.0007617147639393806,0.23998978956931472,3.4994227352782423,1.7999998798543033,0.38018801598282287,32722,0.22134606814835855,0.029540490739571046,0.01236327642498214,0.49231600132770836,0.29999997946066465,0.00011101171230340393,2.3104788869380713e-08,3.5,3.5,0.1,0.0,0.0,0.0
25.152271234997897,hold,0,0.20983801782131195,3.52016544342041,1.7974296808242798,0.35430067777633667,0.012013126164674759,-0.0009052949026226997,0.24605254165416074,3.499424978733363,1.799999880321232,0.3802293171719119,32725,0.2224358092852725,0.028084362232941022,0.009535626667297237,0.6630620009673294,0.29999997946066465,0.00011101171230340393,2.3104788869380713e-08,3.5,3.5,0.1,0.0,0.0,0.0
25.17206036299831,hold,0,0.21663504838943481,3.5202953815460205,1.797431230545044,0.3579306900501251,0.008893136866390705,-0.001039422582834959,0.2520216289449768,3.4994271875288514,1.7999998807809472,0.3802727205751497,32729,0.22358101781397544,0.02657335592326129,0.00675438835156128,0.5116820029797964,0.29999997946066465,0.00011101171230340393,2.3104788869380713e-08,3.5,3.5,0.1,0.0,0.0,0.0
25.191932547997567,hold,0,0.2234925925731659,3.520366668701172,1.7974305152893066,0.3611229658126831,0.005809679627418518,-0.0011650985106825829,0.257992578336573,3.4994293970133894,1.7999998812408056,0.38031839485616314,32733,0.22478614396208663,0.02502039560778049,0.004142322752740846,0.5183169996598735,0.29999997946066465,0.00011101171230340393,2.3104788869380713e-08,3.5,3.5,0.1,0.0,0.0,0.0
25.211901504997513,hold,0,0.23040121793746948,3.5203804969787598,1.7974275350570679,0.36385905742645264,0.002785538788884878,-0.0012821657583117485,0.26399234872562843,3.499431617162822,1.7999998817028837,0.3803659846665118,32737,0.22604181178131277,0.023438707957294518,0.0017473619806158691,0.48935999802779406,0.29999997946066465,0.00011101171230340393,2.3104788869380713e-08,3.5,3.5,0.1,0.0,0.0,0.0
25.231884649998392,hold,0,0.23765352368354797,3.5203378200531006,1.7974209785461426,0.36602336168289185,-0.00029859886853955686,-0.0014066928997635841,0.26999411171448406,3.4994338380495953,1.7999998821651153,0.3804241722896529,32742,0.22757710526788522,0.021766036832806323,-0.0007056366916240453,0.4742780001834035,0.29999997946066465,0.00011101171230340393,2.3104788869380713e-08,3.5,3.5,0.1,0.0,0.0,0.0
25.252061296996544,hold,0,0.24457940459251404,3.5202395915985107,1.7974145412445068,0.3675518035888672,-0.0031526202801615,-0.001478645484894514,0.2760040671029068,3.499436061967876,1.7999998826279777,0.38045903216172056,32745,0.22849689081056823,0.0201578293833349,-0.0024720159067266323,0.585714999033371,0.29999997946066465,0.00011101171230340393,2.3104788869380713e-08,3.5,3.5,0.1,0.0,0.0,0.0
25.27204755799903,hold,0,0.2515328824520111,3.5200912952423096,1.797407627105713,0.36864975094795227,-0.005903571844100952,-0.001486700028181076,0.2820076999927324,3.499438283546585,1.7999998830903534,0.3804644327033853,32745,0.2286393853135955,0.018552984534788274,-0.004047767292315374,0.5657770016114227,0.29999997946066465,0.00011101171230340393,2.3104788869380713e-08,3.5,3.5,0.1,0.0,0.0,0.0
25.291905106998456,hold,0,0.25850436091423035,3.5198943614959717,1.7974011898040771,0.36931002140045166,-0.008542084135115147,-0.001476275734603405,0.287991063082484,3.4994404976246765,1.799999883551168,0.3804615824426844,32745,0.22856418054576189,0.016956589211341667,-0.005433762012599042,0.49870800285134465,0.29999997946066465,0.00011101171230340393,2.3104788869380713e-08,3.5,3.5,0.1,0.0,0.0,0.0
25.311870768997323,hold,0,0.26589640974998474,3.519652843475342,1.7973880767822266,0.3698342442512512,-0.011133137159049511,-0.0014810555148869753,0.29399047857217914,3.4994427176427827,1.7999998840132188,0.3804772038080887,32746,0.22897635377542613,0.015337579814812919,-0.007173225642750136,0.4699950004578568,0.29999997946066465,0.00011101171230340393,2.3104788869380713e-08,3.5,3.5,0.1,0.0,0.0,0.0
25.331662879998476,hold,0,0.2728103995323181,3.51936411857605,1.7973829507827759,0.3693099319934845,-0.013520460575819016,-0.0014667034847661853,0.29997890296140073,3.4994449335937525,1.799999884474423,0.3804724044828227,32746,0.22884972250191637,0.013776840685889682,-0.007870794356453548,0.33004500073730014,0.29999997946066465,0.00011101171230340393,2.3104788869380713e-08,3.5,3.5,0.1,0.0,0.0,0.0
25.351836892998108,hold,0,0.2797206938266754,3.5190351009368896,1.7973785400390625,0.36842599511146545,-0.01578151062130928,-0.0014440068043768406,0.30598648685091834,3.4994471566344862,1.7999998849371028,0.3804630813665987,32745,0.22860372998940903,0.01224022072116138,-0.00835540441179683,0.36555499900714494,0.29999997946066465,0.00011101171230340393,2.3104788869380713e-08,3.5,3.5,0.1,0.0,0.0,0.0
25.372181888997147,hold,0,0.2866184711456299,3.518667697906494,1.7973747253417969,0.36719897389411926,-0.01791800931096077,-0.0014142675790935755,0.31198960373968787,3.499449378022255,1.7999998853994388,0.38044995798363823,32744,0.2282574665867596,0.010728756080554711,-0.00865130048552798,0.6677599994873162,0.29999997946066465,0.00011101171230340393,2.3104788869380713e-08,3.5,3.5,0.1,0.0,0.0,0.0
25.39164669699676,hold,0,0.2934955060482025,3.5182645320892334,1.797371745109558,0.365638792514801,-0.019926758483052254,-0.0013789753429591656,0.31797835753004183,3.499451594095116,1.7999998858606685,0.3804334118822579,32743,0.22782089399097138,0.009246838785392352,-0.008765435988927761,0.3196519974153489,0.29999997946066465,0.00011101171230340393,2.3104788869380713e-08,3.5,3.5,0.1,0.0,0.0,0.0
25.411654515999544,hold,0,0.3003441393375397,3.5178277492523193,1.7973694801330566,0.3637637495994568,-0.021809082478284836,-0.0013397514121606946,0.3239808387180743,3.4994538152476506,1.7999998863229554,0.3804142404186521,32741,0.22731505062406576,0.007795965415386349,-0.008669800555167084,0.3192830008629244,0.29999997946066465,0.00011101171230340393,2.3104788869380713e-08,3.5,3.5,0.1,0.0,0.0,0.0
25.431667612996534,hold,0,0.3071572184562683,3.517359972000122,1.7973679304122925,0.3616048991680145,-0.023571467027068138,-0.00129782990552485,0.329989687107093,3.4994560387562985,1.7999998867857325,0.38039308241910275,32739,0.2267567920607565,0.006375455446768302,-0.008380893210911289,0.2945080013887491,0.29999997946066465,0.00011101171230340393,2.3104788869380713e-08,3.5,3.5,0.1,0.0,0.0,0.0
25.4519442109995,hold,0,0.31392839550971985,3.5168631076812744,1.797366738319397,0.35919663310050964,-0.025219032540917397,-0.001254651346243918,0.335993295095683,3.499458260325793,1.7999998872481062,0.38037118892451816,32737,0.22617912729599254,0.004984597930093504,-0.007922267781014014,0.515978998009814,0.29999997946066465,0.00011101171230340393,2.3104788869380713e-08,3.5,3.5,0.1,0.0,0.0,0.0
25.47233516599954,hold,0,0.3206525444984436,3.5163393020629883,1.7973661422729492,0.3565726578235626,-0.026757899671792984,-0.0012113575357943773,0.341994427184842,3.4994604809791086,1.7999998877102892,0.38034889868675054,32735,0.2255909943733645,0.003622426458698552,-0.0073033136194340376,0.7609679996676277,0.29999997946066465,0.00011101171230340393,2.3104788869380713e-08,3.5,3.5,0.1,0.0,0.0,0.0
25.491897822998,hold,0,0.3273251950740814,3.5157907009124756,1.7973659038543701,0.35376542806625366,-0.028193717822432518,-0.0011693299748003483,0.34799111927432985,3.4994626999894503,1.7999998881721304,0.3803273038440151,32734,0.22502120960461802,0.0022882233679264257,-0.006538415028882527,0.49394900270272046,0.29999997946066465,0.00011101171230340393,2.3104788869380713e-08,3.5,3.5,0.1,0.0,0.0,0.0
25.511869173999003,hold,0,0.333942711353302,3.51521897315979,1.797365665435791,0.35080814361572266,-0.029531901702284813,-0.0011298934696242213,0.3539906637634704,3.4994649200552916,1.799999888634191,0.38030761083908204,32732,0.22450160525282392,0.0009809021107844281,-0.005633500719376405,0.4668889996537473,0.29999997946066465,0.00011101171230340393,2.3104788869380713e-08,3.5,3.5,0.1,0.0,0.0,0.0
25.53186516599817,hold,0,0.34050214290618896,3.5146255493164062,1.7973649501800537,0.34773537516593933,-0.03077740967273712,-0.001123182475566864,0.35998894885319205,3.499467139655106,1.7999998890961548,0.3803056216260289,32732,0.22444911942028511,-0.00030060462249813886,-0.004607775598123087,0.4698779994214419,0.29999997946066465,0.00011101171230340393,2.3104788869380713e-08,3.5,3.5,0.1,0.0,0.0,0.0
25.552067686996452,hold,0,0.3470016121864319,3.5140128135681152,1.7973626852035522,0.3445815145969391,-0.031934741884469986,-0.0011780881322920322,0.36599929154226724,3.499469363716703,1.7999998895590472,0.3803372304295995,32734,0.22528312479154167,-0.0015559206916895575,-0.0034633420366234624,0.6003750022500753,0.29999997946066465,0.00011101171230340393,2.3104788869380713e-08,3.5,3.5,0.1,0.0,0.0,0.0
25.57232059499802,hold,0,0.35313156247138977,3.513409376144409,1.7973605394363403,0.33995214104652405,-0.03290664032101631,-0.0012079000007361174,0.37200501633015415,3.4994715860694963,1.799999890021584,0.3803563631482312,32736,0.22578794586361894,-0.0027038231006862546,-0.0011595727460838035,0.8032440018723719,0.29999997946066465,0.00011101171230340393,2.3104788869380713e-08,3.5,3.5,0.1,0.0,0.0,0.0
25.59190562099684,hold,0,0.35923758149147034,3.512786388397217,1.797356367111206,0.33557748794555664,-0.03381353244185448,-0.0012379165273159742,0.3779923367202127,3.499473801611943,1.799999890482703,0.3803805825933441,32738,0.2264269813547255,-0.003837941579305372,0.0010158259350114829,0.4843150018132292,0.29999997946066465,0.00011101171230340393,2.3104788869380713e-08,3.5,3.5,0.1,0.0,0.0,0.0
25.61180264399809,hold,0,0.365316241979599,3.5121452808380127,1.7973501682281494,0.3314579129219055,-0.03463064879179001,-0.001331196865066886,0.38398601951021716,3.4994760195087267,1.7999998909443125,0.38044109083797745,32743,0.22802350495982537,-0.004943325691355246,0.003092006154712168,0.4174700006842613,0.29999997946066465,0.00011101171230340393,2.3104788869380713e-08,3.5,3.5,0.1,0.0,0.0,0.0
25.631796878999012,hold,0,0.3713655173778534,3.511488199234009,1.7973417043685913,0.32761964201927185,-0.03538499400019646,-0.0014030360616743565,0.3899860886999119,3.499478239768728,1.7999998914064135,0.3804955708106461,32748,0.22946097125715248,-0.006032292634270743,0.00505736299624826,0.4131239984417334,0.29999997946066465,0.00011101171230340393,2.3104788869380713e-08,3.5,3.5,0.1,0.0,0.0,0.0
25.65204652399916,hold,0,0.3773846924304962,3.5108163356781006,1.7973321676254272,0.32408398389816284,-0.03607720881700516,-0.0013890131376683712,0.3960005011879602,3.4994804653363096,1.7999998918696194,0.38051004870001026,32749,0.22984297361504602,-0.007104630407392215,0.00691057582804655,0.5815709992020857,0.29999997946066465,0.00011101171230340393,2.3104788869380713e-08,3.5,3.5,0.1,0.0,0.0,0.0
25.672480948996963,hold,0,0.38337454199790955,3.510131359100342,1.7973226308822632,0.3208741247653961,-0.03670348972082138,-0.0013661752454936504,0.4020616962732807,3.4994827082152797,1.7999998923364282,0.38052150572923893,32750,0.23014526990076156,-0.008156151512582501,0.008672503306804025,0.7647200000064913,0.29999997946066465,0.00011101171230340393,2.3104788869380713e-08,3.5,3.5,0.1,0.0,0.0,0.0
25.69203505599944,hold,0,0.3893367052078247,3.509434461593628,1.7973130941390991,0.3180044889450073,-0.03726198524236679,-0.0013386368518695235,0.408007216465422,3.499484908290021,1.7999998927943281,0.3805310799656242,32751,0.23039788827504282,-0.009184552545974943,0.010163083608887735,0.5253159979474731,0.29999997946066465,0.00011101171230340393,2.3104788869380713e-08,3.5,3.5,0.1,0.0,0.0,0.0
25.712322452996887,hold,0,0.39527371525764465,3.5087268352508545,1.7973037958145142,0.3154827952384949,-0.037748511880636215,-0.001306423800997436,0.41401494465463134,3.4994871313841505,1.7999998932570191,0.3805387712170024,32752,0.2306008236676078,-0.010186476695715853,0.011562623780906778,0.793746999988798,0.29999997946066465,0.00011101171230340393,2.3104788869380713e-08,3.5,3.5,0.1,0.0,0.0,0.0
25.731901953997294,hold,0,0.4014459252357483,3.507978677749634,1.7972941398620605,0.31302961707115173,-0.03816090524196625,-0.0012758038938045502,0.4199940990448419,3.499489343904859,1.7999998937175095,0.3805473317548447,32752,0.23082669537848588,-0.011191983522547942,0.012648808576309012,0.48491800043848343,0.29999997946066465,0.00011101171230340393,2.3104788869380713e-08,3.5,3.5,0.1,0.0,0.0,0.0
25.751927767996676,hold,0,0.40729057788848877,3.50726056098938,1.7972862720489502,0.3110050857067108,-0.038464393466711044,-0.0012403102591633797,0.4259918852345532,3.4994915633200607,1.7999998941794348,0.38055237997991964,32753,0.23095989392927763,-0.01210881412442518,0.013873703954800698,0.511661000928143,0.29999997946066465,0.00011101171230340393,2.3104788869380713e-08,3.5,3.5,0.1,0.0,0.0,0.0
25.77186216899645,hold,0,0.41312646865844727,3.5065364837646484,1.7972791194915771,0.3093661069869995,-0.03868672624230385,-0.0012005448807030916,0.43198803822364007,3.4994937821309144,1.7999998946412343,0.38055400276959833,32753,0.23100271159889907,-0.012989365127859906,0.01490356752737898,0.46845399992889725,0.29999997946066465,0.00011101171230340393,2.3104788869380713e-08,3.5,3.5,0.1,0.0,0.0,0.0
25.791934603999835,hold,0,0.4189572334289551,3.5058085918426514,1.797272801399231,0.30809450149536133,-0.03881780058145523,-0.001157228834927082,0.4379912658124592,3.4994960035596465,1.7999998951035787,0.380552194422696,32753,0.23095499796031582,-0.013826086646897443,0.015753309504982882,0.5141209985595196,0.29999997946066465,0.00011101171230340393,2.3104788869380713e-08,3.5,3.5,0.1,0.0,0.0,0.0
25.81188483799997,hold,0,0.42478641867637634,3.505078077316284,1.7972675561904907,0.3071691393852234,-0.03884689509868622,-0.001111478777602315,0.4439905172024002,3.4994982235170293,1.799999895565617,0.38054693270004397,32752,0.2308161662280721,-0.014612092990811315,0.016418705828560975,0.4805429998668842,0.29999997946066465,0.00011101171230340393,2.3104788869380713e-08,3.5,3.5,0.1,0.0,0.0,0.0
25.831870488997083,hold,0,0.4309491813182831,3.5043041706085205,1.7972581386566162,0.3067212700843811,-0.038813021034002304,-0.0010826793732121587,0.4499906151917885,3.4995004437876873,1.7999998960277201,0.38055200810162737,32753,0.23095008183713261,-0.015410100001338382,0.016482896730847463,0.47043999802554026,0.29999997946066465,0.00011101171230340393,2.3104788869380713e-08,3.5,3.5,0.1,0.0,0.0,0.0
25.85191826799928,hold,0,0.4370049238204956,3.5035505294799805,1.7972532510757446,0.3074316382408142,-0.038731805980205536,-0.0010104060638695955,0.4559930195806385,3.4995026649118035,1.7999998964900012,0.3805265926060337,32751,0.23027948828584854,-0.016163070353766004,0.016054512615929495,0.5013219997636043,0.29999997946066465,0.00011101171230340393,2.3104788869380713e-08,3.5,3.5,0.1,0.0,0.0,0.0
25.872048815999733,hold,0,0.4427697956562042,3.502838134765625,1.7972517013549805,0.30696865916252136,-0.03834618255496025,-0.0009720218367874622,0.46199906686877623,3.4995048873839343,1.7999998969525628,0.38051860282772315,32750,0.23006867619322158,-0.01671221042784706,0.016551779791989407,0.5763419976574369,0.29999997946066465,0.00011101171230340393,2.3104788869380713e-08,3.5,3.5,0.1,0.0,0.0,0.0
25.891992714998196,hold,0,0.4489607810974121,3.5020835399627686,1.7972491979599,0.3073697090148926,-0.037884194403886795,-0.0009225154062733054,0.46799780225875254,3.4995071071503774,1.7999998974145612,0.3805007400376485,32748,0.2295973624709351,-0.01726580110059652,0.01613959847566404,0.5466289985633921,0.29999997946066465,0.00011101171230340393,2.3104788869380713e-08,3.5,3.5,0.1,0.0,0.0,0.0
25.91191812899706,hold,0,0.45469871163368225,3.501396894454956,1.797249436378479,0.30715885758399963,-0.0372011661529541,-0.0008930172771215439,0.4740068312472132,3.4995093307258536,1.7999998978773524,0.3804933319122408,32748,0.22940189742059935,-0.01763151734257704,0.01653579292365781,0.4661149978346657,0.29999997946066465,0.00011101171230340393,2.3104788869380713e-08,3.5,3.5,0.1,0.0,0.0,0.0
25.931923372998426,hold,0,0.4606088101863861,3.5007059574127197,1.7972489595413208,0.30788978934288025,-0.036471255123615265,-0.0008455344941467047,0.47999302003676536,3.4995115458495643,1.7999998983383845,0.38047338458731883,32746,0.22887558277886022,-0.01797749464647977,0.016232392145236973,0.5123310002090875,0.29999997946066465,0.00011101171230340393,2.3104788869380713e-08,3.5,3.5,0.1,0.0,0.0,0.0
25.952008422998915,hold,0,0.4666840136051178,3.500014066696167,1.797249436378479,0.308086633682251,-0.03547986224293709,-0.0008198476862162352,0.48599470982585447,3.4995137667092506,1.7999998988006105,0.3804630240301441,32745,0.2286022171541955,-0.018186596753210924,0.01605204586816389,0.5617170027107932,0.29999997946066465,0.00011101171230340393,2.3104788869380713e-08,3.5,3.5,0.1,0.0,0.0,0.0
25.97199313499732,hold,0,0.4724419414997101,3.499380588531494,1.7972511053085327,0.3082176446914673,-0.0343681238591671,-0.0007980945520102978,0.49199097081597454,3.499515985560069,1.7999998992624182,0.3804545115973718,32744,0.2283776147063783,-0.018271011094256717,0.01623413517708583,0.5253050003375392,0.29999997946066465,0.00011101171230340393,2.3104788869380713e-08,3.5,3.5,0.1,0.0,0.0,0.0
25.991881660997024,hold,0,0.4785168170928955,3.498737096786499,1.7972519397735596,0.30983009934425354,-0.033273059874773026,-0.0007400482427328825,0.49799223850532737,3.4995182062635615,1.7999998997246118,0.3804223707970399,32742,0.22752957248126293,-0.018375551168343683,0.015310277670204542,0.4724729988083709,0.29999997946066465,0.00011101171230340393,2.3104788869380713e-08,3.5,3.5,0.1,0.0,0.0,0.0
26.011882560997037,hold,0,0.48431622982025146,3.498149871826172,1.7972548007965088,0.31009015440940857,-0.031895823776721954,-0.0007234674412757158,0.5039896067938933,3.4995204255241235,1.7999999001865048,0.3804129425936987,32741,0.22728080722160016,-0.018271716864702123,0.015382091133858244,0.4857579988311045,0.29999997946066465,0.00011101171230340393,2.3104788869380713e-08,3.5,3.5,0.1,0.0,0.0,0.0
26.031673531997512,hold,0,0.4902949333190918,3.4975736141204834,1.7972567081451416,0.31117475032806396,-0.030477285385131836,-0.0006878920830786228,0.509979025384811,3.499522641842987,1.7999999006477858,0.38039135589078926,32739,0.22671123722398967,-0.018135024418285448,0.014823915123417963,0.3410819990676828,0.29999997946066465,0.00011101171230340393,2.3104788869380713e-08,3.5,3.5,0.1,0.0,0.0,0.0
26.05208155099899,hold,0,0.4964310824871063,3.497014045715332,1.7972588539123535,0.31286802887916565,-0.029001371935009956,-0.0006378227844834328,0.5159986026724556,3.4995248693217462,1.7999999011113892,0.38035959977367356,32736,0.22587334495180755,-0.017950970890801575,0.013812101055684645,0.623274998361012,0.29999997946066465,0.00011101171230340393,2.3104788869380713e-08,3.5,3.5,0.1,0.0,0.0,0.0
26.072376863998215,hold,0,0.5024246573448181,3.4965009689331055,1.7972618341445923,0.31373608112335205,-0.027343856170773506,-0.0006161946803331375,0.5220099761609273,3.499527093764779,1.799999901574361,0.3803433091199508,32735,0.2254435123997549,-0.017621894939405185,0.013374913505244335,0.8441739992122166,0.29999997946066465,0.00011101171230340393,2.3104788869380713e-08,3.5,3.5,0.1,0.0,0.0,0.0
26.092036347999965,hold,0,0.5084419250488281,3.4960219860076904,1.797263503074646,0.3146313726902008,-0.02559998445212841,-0.0006646630354225636,0.5280014608504537,3.49952931084818,1.799999902035801,0.38036298101785543,32737,0.22596255983787294,-0.017209863338185433,0.012876308306691397,0.5633830005535856,0.29999997946066465,0.00011101171230340393,2.3104788869380713e-08,3.5,3.5,0.1,0.0,0.0,0.0
26.112035651996848,hold,0,0.5143265724182129,3.4955897331237793,1.797263503074646,0.3147786557674408,-0.023724041879177094,-0.0007680484559386969,0.5340013281399784,3.49953153103347,1.7999999024978866,0.38041420081118865,32741,0.2273140055722589,-0.016678014015327838,0.012918297216209629,0.5710959994758014,0.29999997946066465,0.00011101171230340393,2.3104788869380713e-08,3.5,3.5,0.1,0.0,0.0,0.0
26.13189983399934,hold,0,0.5202385783195496,3.495192050933838,1.797261118888855,0.3149612545967102,-0.021797463297843933,-0.0008673721458762884,0.5399929646292534,3.499533748173042,1.7999999029593383,0.3804658189373448,32745,0.22867596140751445,-0.016083303285634502,0.012904275522767739,0.4900290005025454,0.29999997946066465,0.00011101171230340393,2.3104788869380713e-08,3.5,3.5,0.1,0.0,0.0,0.0
26.15208032800001,hold,0,0.5261743068695068,3.494830369949341,1.797256588935852,0.3151435852050781,-0.01983475126326084,-0.0009573149727657437,0.5459897017190807,3.499535967200036,1.7999999034211829,0.38051513879380566,32750,0.22997727688141545,-0.015432003422954334,0.012870899242940936,0.6610429991269484,0.29999997946066465,0.00011101171230340393,2.3104788869380713e-08,3.5,3.5,0.1,0.0,0.0,0.0
26.17200395299733,hold,0,0.532130241394043,3.494504928588867,1.7972514629364014,0.3153022527694702,-0.017851637676358223,-0.0009622329380363226,0.5519900223080096,3.4995381875530644,1.7999999038833032,0.38052256746727664,32750,0.23017328409700788,-0.014733680687460414,0.012833908373192537,0.5239359998086002,0.29999997946066465,0.00011101171230340393,2.3104788869380713e-08,3.5,3.5,0.1,0.0,0.0,0.0
26.19186683999942,hold,0,0.5381028056144714,3.4942169189453125,1.7972464561462402,0.3154259920120239,-0.01586567983031273,-0.0009532470721751451,0.5579892961970291,3.499540407518773,1.7999999043453432,0.3805228686651574,32750,0.23018123127064172,-0.01399480564768259,0.012796935557708,0.4668459987442475,0.29999997946066465,0.00011101171230340393,2.3104788869380713e-08,3.5,3.5,0.1,0.0,0.0,0.0
26.211900256999797,hold,0,0.5440885424613953,3.4939653873443604,1.7972416877746582,0.3155079483985901,-0.013893176801502705,-0.000942044542171061,0.5639936616858783,3.4995426293685727,1.7999999048077753,0.3805218846221957,32750,0.23015526707640355,-0.013224710380165875,0.01277347315464561,0.48584200339973904,0.29999997946066465,0.00011101171230340393,2.3104788869380713e-08,3.5,3.5,0.1,0.0,0.0,0.0
26.231868054997904,hold,0,0.5500842332839966,3.4937498569488525,1.7972371578216553,0.31554168462753296,-0.011952301487326622,-0.0009278482757508755,0.569988876575264,3.499544847832293,1.7999999052695026,0.3805192613843035,32750,0.23008605235629176,-0.012433446168995357,0.012755327753586121,0.47427699973923154,0.29999997946066465,0.00011101171230340393,2.3104788869380713e-08,3.5,3.5,0.1,0.0,0.0,0.0
26.2522152499987,hold,0,0.5560867786407471,3.493570327758789,1.7972332239151,0.31552135944366455,-0.010061717592179775,-0.0009107984369620681,0.5760006412639375,3.4995470724200852,1.7999999057325045,0.38051484579250316,32750,0.2299695459763349,-0.011630833145708362,0.012775851858628728,0.6986180014791898,0.29999997946066465,0.00011101171230340393,2.3104788869380713e-08,3.5,3.5,0.1,0.0,0.0,0.0
26.27203450399975,hold,0,0.5620930790901184,3.4934256076812744,1.7972297668457031,0.3154425323009491,-0.008238386362791061,-0.0008913730271160603,0.5820000381530119,3.499549292431309,1.7999999061945537,0.3805089574135773,32749,0.22981417977776353,-0.010827004052635602,0.012810227663821339,0.5338699993444607,0.29999997946066465,0.00011101171230340393,2.3104788869380713e-08,3.5,3.5,0.1,0.0,0.0,0.0
26.291695038999023,hold,0,0.5682140588760376,3.4933042526245117,1.7972232103347778,0.31582993268966675,-0.006555959116667509,-0.0008725054794922471,0.5879799188438137,3.4995515052207766,1.7999999066551,0.38050580500882647,32749,0.22973100287140902,-0.010072533419397862,0.012458353871684258,0.34862300162785687,0.29999997946066465,0.00011101171230340393,2.3104788869380713e-08,3.5,3.5,0.1,0.0,0.0,0.0
26.311903409998195,hold,0,0.5742197632789612,3.493224859237671,1.7972209453582764,0.3156262934207916,-0.004907497204840183,-0.000849505711812526,0.5939923663323136,3.4995537300612316,1.7999999071181545,0.3804975842993126,32748,0.22951409760718988,-0.009291991777684014,0.012572759095166752,0.4938279998896178,0.29999997946066465,0.00011101171230340393,2.3104788869380713e-08,3.5,3.5,0.1,0.0,0.0,0.0
26.33188228599829,hold,0,0.5801090598106384,3.4931819438934326,1.7972229719161987,0.3148391842842102,-0.003317885100841522,-0.0008221078896895051,0.5999902719215725,3.499555949520616,1.799999907580089,0.3804840417772464,32747,0.22915677512523303,-0.008504162963134644,0.01310117095541563,0.47921500299707986,0.29999997946066465,0.00011101171230340393,2.3104788869380713e-08,3.5,3.5,0.1,0.0,0.0,0.0
26.35206470799676,hold,0,0.5862186551094055,3.493150234222412,1.7972177267074585,0.315042644739151,-0.001946967444382608,-0.0007992658065631986,0.6059988389100394,3.4995581729251346,1.7999999080428446,0.3804787795504364,32747,0.2290179300906683,-0.00781922374491433,0.012888172694963007,0.4921120016661007,0.29999997946066465,0.00011101171230340393,2.3104788869380713e-08,3.5,3.5,0.1,0.0,0.0,0.0
26.372039876998315,hold,0,0.592207670211792,3.4931507110595703,1.7972166538238525,0.3146618902683258,-0.0006560463225468993,-0.000772508152294904,0.6119930845000561,3.499560391030176,1.7999999085044973,0.3804686170760412,32746,0.22874979092456726,-0.007142611889900583,0.013094183577398555,0.5758660008723382,0.29999997946066465,0.00011101171230340393,2.3104788869380713e-08,3.5,3.5,0.1,0.0,0.0,0.0
26.39169116099947,hold,0,0.5981874465942383,3.4931726455688477,1.7972161769866943,0.31422609090805054,0.0004958763020113111,-0.0007448852411471307,0.6179789492897826,3.499562606033994,1.7999999089655043,0.38045774369906693,32745,0.22846289443448242,-0.006516489993817216,0.013330071645047514,0.35702899913303554,0.29999997946066465,0.00011101171230340393,2.3104788869380713e-08,3.5,3.5,0.1,0.0,0.0,0.0
26.41167695099648,hold,0,0.6041563749313354,3.493212938308716,1.7972162961959839,0.31374719738960266,0.0015025364700704813,-0.0007170599419623613,0.6239783176792969,3.4995648260346717,1.7999999094275516,0.38044657234233076,32744,0.2281681356815497,-0.005947413720040429,0.013614246755436543,0.3479250008240342,0.29999997946066465,0.00011101171230340393,2.3104788869380713e-08,3.5,3.5,0.1,0.0,0.0,0.0
26.43167248899772,hold,0,0.6101134419441223,3.493269205093384,1.7972166538238525,0.31323274970054626,0.0023589639458805323,-0.0006896307459101081,0.6299880564675695,3.4995670498728018,1.7999999098903974,0.38043580530377713,32743,0.22788404495454095,-0.005440494186320541,0.013940495249628926,0.31064099675859325,0.29999997946066465,0.00011101171230340393,2.3104788869380713e-08,3.5,3.5,0.1,0.0,0.0,0.0
26.4519777769965,hold,0,0.6163408756256104,3.493340253829956,1.7972168922424316,0.3126005530357361,0.003090841230005026,-0.000667253159917891,0.6360020732566918,3.4995692752939593,1.7999999103535729,0.3804267715383403,32742,0.22764568702744725,-0.004983449527656673,0.014048801354510143,0.49842899898067117,0.29999997946066465,0.00011101171230340393,2.3104788869380713e-08,3.5,3.5,0.1,0.0,0.0,0.0
26.471960927996406,hold,0,0.6222167015075684,3.4934182167053223,1.797217845916748,0.31181037425994873,0.003633449785411358,-0.0006491314270533621,0.6419844484464537,3.499571489006489,1.7999999108143112,0.3804215074710684,32742,0.22750679343188196,-0.0046185985133403345,0.014576505466241452,0.4762919998029247,0.29999997946066465,0.00011101171230340393,2.3104788869380713e-08,3.5,3.5,0.1,0.0,0.0,0.0
26.491696915996727,hold,0,0.6280849575996399,3.4935028553009033,1.7972185611724854,0.31106072664260864,0.004023869521915913,-0.0006315239588730037,0.6479898972350957,3.4995737112571517,1.7999999112768266,0.38041713619854167,32741,0.22739145642590053,-0.004326734574032306,0.015115106068764428,0.3245090010750573,0.29999997946066465,0.00011101171230340393,2.3104788869380713e-08,3.5,3.5,0.1,0.0,0.0,0.0
26.511684006996802,hold,0,0.6339454650878906,3.4935903549194336,1.7972192764282227,0.3103618025779724,0.004266698844730854,-0.0006189782288856804,0.6539864213252802,3.4995759302053275,1.7999999117386547,0.3804153870169429,32741,0.22734530387712049,-0.004109423501546208,0.0156257080178146,0.32489699879079126,0.29999997946066465,0.00011101171230340393,2.3104788869380713e-08,3.5,3.5,0.1,0.0,0.0,0.0
26.5316787619995,hold,0,0.6401079893112183,3.493682861328125,1.7972185611724854,0.3097682595252991,0.004368607886135578,-0.0006590309785678983,0.6599868649142643,3.499578150603871,1.7999999122007848,0.3804397039520861,32743,0.227986911664539,-0.003960647828655699,0.015766342638549924,0.3213869968021754,0.29999997946066465,0.00011101171230340393,2.3104788869380713e-08,3.5,3.5,0.1,0.0,0.0,0.0
26.551917890999903,hold,0,0.6458956003189087,3.4937684535980225,1.7972168922424316,0.3089406490325928,0.004328047391027212,-0.0007504577515646815,0.6659966262027065,3.499580374450327,1.7999999126636324,0.3804942763246204,32748,0.22942681595304393,-0.003893790453539702,0.016432725077330845,0.4208729988022242,0.29999997946066465,0.00011101171230340393,2.3104788869380713e-08,3.5,3.5,0.1,0.0,0.0,0.0
26.57225587099674,hold,0,0.6516827344894409,3.493849277496338,1.7972131967544556,0.30824124813079834,0.00416385754942894,-0.0008394413744099438,0.672041473989176,3.4995826112801582,1.7999999131291822,0.38055024226358847,32753,0.23090348980444375,-0.0038969469986734158,0.01706885648423362,0.5905990001338068,0.29999997946066465,0.00011101171230340393,2.3104788869380713e-08,3.5,3.5,0.1,0.0,0.0,0.0
26.591791649996594,hold,0,0.6574702262878418,3.4939231872558594,1.7972079515457153,0.3076731860637665,0.0038873376324772835,-0.0009010113426484168,0.6779862660821094,3.499584811085474,1.799999913587026,0.38059352845665717,32756,0.23204560571654653,-0.003966489607380557,0.017530819232243644,0.4012729987152852,0.29999997946066465,0.00011101171230340393,2.3104788869380713e-08,3.5,3.5,0.1,0.0,0.0,0.0
26.611977778997243,hold,0,0.6632590889930725,3.4939892292022705,1.7972028255462646,0.30723631381988525,0.0035109929740428925,-0.0008886647410690784,0.6839896406707281,3.4995870325686016,1.7999999140493816,0.3805998355255442,32757,0.23221201914364542,-0.004097168522507374,0.017985616942599814,0.5649230006383732,0.29999997946066465,0.00011101171230340393,2.3104788869380713e-08,3.5,3.5,0.1,0.0,0.0,0.0
26.631902825996804,hold,0,0.6690505743026733,3.4940450191497803,1.7971981763839722,0.3069348931312561,0.003049294464290142,-0.0008748580003157258,0.6899901568603035,3.49958925299401,1.7999999145115173,0.3806044578344791,32757,0.2323339798015578,-0.004283493842483541,0.01836353452121431,0.5000519995519426,0.29999997946066465,0.00011101171230340393,2.3104788869380713e-08,3.5,3.5,0.1,0.0,0.0,0.0
26.65218878899759,hold,0,0.6748459339141846,3.494089365005493,1.7971941232681274,0.3067750632762909,0.0025173707399517298,-0.0008592135272920132,0.6960036498481799,3.4995914782213404,1.7999999149746522,0.38060711017702803,32758,0.23240396245456374,-0.00451877866030978,0.018676694878852818,0.6745309983671177,0.29999997946066465,0.00011101171230340393,2.3104788869380713e-08,3.5,3.5,0.1,0.0,0.0,0.0
26.672348553998745,hold,0,0.6806467175483704,3.494121551513672,1.79719078540802,0.3067590892314911,0.0019296506652608514,-0.0008415732299908996,0.7020819134317691,3.4995937274163222,1.7999999154427757,0.3806079136475663,32758,0.2324251622049136,-0.004796217273875143,0.018976720223955024,0.5467930022859946,0.29999997946066465,0.00011101171230340393,2.3104788869380713e-08,3.5,3.5,0.1,0.0,0.0,0.0
26.691680927997368,hold,0,0.6863129734992981,3.4941394329071045,1.797188639640808,0.3062496483325958,0.0012977604055777192,-0.0008399332873523235,0.7079806027281071,3.4995959101618017,1.799999915897069,0.38061692910983347,32758,0.2326630371987708,-0.005111751323704979,0.019488327680453832,0.34088099710061215,0.29999997946066465,0.00011101171230340393,2.3104788869380713e-08,3.5,3.5,0.1,0.0,0.0,0.0
26.71166581199941,hold,0,0.6921448111534119,3.494144916534424,1.7971866130828857,0.30663856863975525,0.0006465920596383512,-0.000814702594652772,0.7139787219172753,3.4995981297002263,1.79999991635902,0.3806101236006255,32758,0.23248347231201727,-0.005450649101930065,0.019459056414362186,0.3328769998915959,0.29999997946066465,0.00011101171230340393,2.3104788869380713e-08,3.5,3.5,0.1,0.0,0.0,0.0
26.73177370099802,hold,0,0.6978390216827393,3.494135856628418,1.797186017036438,0.3064574599266052,-1.456132213206729e-05,-0.000806362135335803,0.71998336820641,3.499600351653933,1.7999999168214735,0.3806134375330847,32758,0.23257091116318307,-0.005809994659127104,0.01988038307014417,0.41364099888596684,0.29999997946066465,0.00011101171230340393,2.3104788869380713e-08,3.5,3.5,0.1,0.0,0.0,0.0
26.7519246999982,hold,0,0.7035680413246155,3.4941139221191406,1.7971861362457275,0.30659249424934387,-0.0006673386669717729,-0.0007905454840511084,0.725987600795173,3.4996025734545544,1.7999999172838952,0.3806106966209132,32758,0.2324985915808213,-0.006178545580539265,0.020098846224144706,0.5073280008218717,0.29999997946066465,0.00011101171230340393,2.3104788869380713e-08,3.5,3.5,0.1,0.0,0.0,0.0
26.77231858599771,hold,0,0.7093255519866943,3.494080066680908,1.797187328338623,0.3069562315940857,-0.0012940327869728208,-0.0007407728116959333,0.7319971874835638,3.4996047972364015,1.7999999177467294,0.380588593128075,32756,0.23191538596503847,-0.006546244223656367,0.020173816812729672,0.7659489965590183,0.29999997946066465,0.00011101171230340393,2.3104788869380713e-08,3.5,3.5,0.1,0.0,0.0,0.0
26.791876606999722,hold,0,0.7151052355766296,3.4940342903137207,1.7971901893615723,0.30746346712112427,-0.0018783947452902794,-0.0007143781986087561,0.7379898100742118,3.49960701474087,1.799999918208257,0.380575220005616,32755,0.23156253312970776,-0.006904086834744767,0.020131762087037597,0.47374999849125743,0.29999997946066465,0.00011101171230340393,2.3104788869380713e-08,3.5,3.5,0.1,0.0,0.0,0.0
26.811872109999968,hold,0,0.7207775712013245,3.493978977203369,1.7971947193145752,0.30755776166915894,-0.002406459301710129,-0.0007018614560365677,0.7439907576632881,3.499609235325913,1.7999999186704259,0.38056929974691006,32754,0.23140632577598907,-0.007242298855780054,0.020427971566012504,0.4708940032287501,0.29999997946066465,0.00011101171230340393,2.3104788869380713e-08,3.5,3.5,0.1,0.0,0.0,0.0
26.831848987996636,hold,0,0.7264968156814575,3.49391508102417,1.797200083732605,0.30795812606811523,-0.002867595525458455,-0.0006814636290073395,0.7499871812524961,3.4996114542368995,1.7999999191322462,0.3805567072313605,32753,0.23107406942903452,-0.007554465998519173,0.020509595386673185,0.46928300071158446,0.29999997946066465,0.00011101171230340393,2.3104788869380713e-08,3.5,3.5,0.1,0.0,0.0,0.0
26.85205363699788,hold,0,0.7322625517845154,3.4938437938690186,1.7972065210342407,0.30862659215927124,-0.0032514729537069798,-0.00065379380248487,0.7560248953391803,3.499613688426983,1.7999999195972467,0.3805379311665406,32752,0.23057865874777228,-0.007833932005704643,0.02044515475818076,0.5046340011176653,0.29999997946066465,0.00011101171230340393,2.3104788869380713e-08,3.5,3.5,0.1,0.0,0.0,0.0
26.872391464999964,hold,0,0.738074541091919,3.493767023086548,1.7972140312194824,0.309527724981308,-0.00354965147562325,-0.0006196533795446157,0.7620549630264886,3.4996159197876,1.799999920061658,0.3805131010080402,32750,0.22992350944696938,-0.008074233482226956,0.020202044348608172,0.6716610005241819,0.29999997946066465,0.00011101171230340393,2.3104788869380713e-08,3.5,3.5,0.1,0.0,0.0,0.0
26.891894505999517,hold,0,0.7439322471618652,3.4936864376068115,1.7972227334976196,0.3106335699558258,-0.0037553345318883657,-0.0005801084917038679,0.7679889677199181,3.4996181156011565,1.7999999205186712,0.38048203795580116,32747,0.22910390384699575,-0.00827000149533181,0.01970252041947229,0.49404599849367514,0.29999997946066465,0.00011101171230340393,2.3104788869380713e-08,3.5,3.5,0.1,0.0,0.0,0.0
26.911882420998154,hold,0,0.7498352527618408,3.4936039447784424,1.7972325086593628,0.3119174838066101,-0.003861890872940421,-0.0005363114178180695,0.7739894548085755,3.4996203360157963,1.7999999209808046,0.38044692726458873,32744,0.22817750038492512,-0.008415788152738832,0.019131772254672663,0.48516999959247187,0.29999997946066465,0.00011101171230340393,2.3104788869380713e-08,3.5,3.5,0.1,0.0,0.0,0.0
26.9318765479984,hold,0,0.755896270275116,3.4935226440429688,1.7972379922866821,0.31387630105018616,-0.003877621842548251,-0.0005011656321585178,0.7799900279983627,3.499622556462297,1.7999999214429445,0.38041784608128293,32741,0.2274101868412366,-0.008512370571600425,0.018039666256742137,0.47509599971817806,0.29999997946066465,0.00011101171230340393,2.3104788869380713e-08,3.5,3.5,0.1,0.0,0.0,0.0
26.95226805999846,hold,0,0.7618846297264099,3.4934425354003906,1.7972499132156372,0.31541481614112854,-0.003777259262278676,-0.0004525408148765564,0.7860883861806167,3.499624813093065,1.7999999219126155,0.38037683421456064,32738,0.2263280795398579,-0.008547034863431339,0.017348233771128374,0.5177880011615343,0.29999997946066465,0.00011101171230340393,2.3104788869380713e-08,3.5,3.5,0.1,0.0,0.0,0.0
26.972180253997067,hold,0,0.7679165601730347,3.4933671951293945,1.7972630262374878,0.31704050302505493,-0.003570406697690487,-0.0004029064439237118,0.7920129876748159,3.4996270054270706,1.7999999223689045,0.38033207440756783,32734,0.2251470819938728,-0.008520664146381217,0.016382381100848553,0.605539000389399,0.29999997946066465,0.00011101171230340393,2.3104788869380713e-08,3.5,3.5,0.1,0.0,0.0,0.0
26.991691820996493,hold,0,0.7739906907081604,3.493298053741455,1.7972767353057861,0.3187156915664673,-0.003259922843426466,-0.0003649177961051464,0.797987985265615,3.4996292164096006,1.7999999228290746,0.38029243472439606,32731,0.22410118006321866,-0.008433168574703956,0.015398693987939138,0.3320319992781151,0.29999997946066465,0.00011101171230340393,2.3104788869380713e-08,3.5,3.5,0.1,0.0,0.0,0.0
27.011710553997546,hold,0,0.7801047563552856,3.4932382106781006,1.7972898483276367,0.32040077447891235,-0.0028489278629422188,-0.00040897075086832047,0.8039885992549681,3.4996314368711983,1.7999999232912176,0.38029460399755816,32731,0.2241584168221138,-0.008282107063418354,0.014392965554698378,0.3314100031275302,0.29999997946066465,0.00011101171230340393,2.3104788869380713e-08,3.5,3.5,0.1,0.0,0.0,0.0
27.03190642699701,hold,0,0.7862566709518433,3.4931888580322266,1.7973016500473022,0.32206013798713684,-0.0023422888480126858,-0.0004597129300236702,0.8099910480438911,3.499633658011744,1.799999923753502,0.38030182514599387,32731,0.22434894844310804,-0.00806960996475864,0.013362729371161786,0.49935700008063577,0.29999997946066465,0.00011101171230340393,2.3104788869380713e-08,3.5,3.5,0.1,0.0,0.0,0.0
27.05202407899924,hold,0,0.7924433946609497,3.4931516647338867,1.7973120212554932,0.3236631155014038,-0.0017466890858486295,-0.000511344987899065,0.8160095840318417,3.4996358851051816,1.7999999242170255,0.3803115590045191,32732,0.22460577848335106,-0.007797512743952111,0.012342427161336156,0.5254059979051817,0.29999997946066465,0.00011101171230340393,2.3104788869380713e-08,3.5,3.5,0.1,0.0,0.0,0.0
27.07234527899709,hold,0,0.7986617684364319,3.493129014968872,1.79732084274292,0.3251819610595703,-0.001070763566531241,-0.0005646678619086742,0.8220099451212943,3.4996381054731973,1.7999999246791492,0.3803242912051317,32733,0.22494172045202276,-0.007467835998515384,0.011313939849350918,0.79919700147002,0.29999997946066465,0.00011101171230340393,2.3104788869380713e-08,3.5,3.5,0.1,0.0,0.0,0.0
27.09187630299857,hold,0,0.8049083352088928,3.49312162399292,1.7973281145095825,0.326591819524765,-0.00032559738610871136,-0.0006200149655342102,0.8279887896124842,3.4996403178792304,1.7999999251396157,0.38034028654816787,32735,0.2253637611653776,-0.0070856669883528,0.010290476614587485,0.4741509983432479,0.29999997946066465,0.00011101171230340393,2.3104788869380713e-08,3.5,3.5,0.1,0.0,0.0,0.0
27.111890688996937,hold,0,0.8111793994903564,3.493130683898926,1.7973337173461914,0.3278695046901703,0.00047723075840622187,-0.0006774130742996931,0.8339930675006287,3.499642539696614,1.799999925602041,0.38035997008080813,32736,0.2258831155886032,-0.006655872764049147,0.009337506697990161,0.47474100210820325,0.29999997946066465,0.00011101171230340393,2.3104788869380713e-08,3.5,3.5,0.1,0.0,0.0,0.0
27.13189731499733,hold,0,0.8174710869789124,3.493157148361206,1.7973376512527466,0.3289945423603058,0.0013247404713183641,-0.0007367951329797506,0.8399902737903733,3.4996447588972304,1.7999999260639215,0.38038320822022437,32738,0.22649625910882065,-0.006184282336889669,0.00843570413240724,0.49834599849418737,0.29999997946066465,0.00011101171230340393,2.3104788869380713e-08,3.5,3.5,0.1,0.0,0.0,0.0
27.152171775996976,hold,0,0.8237791657447815,3.493201971054077,1.797339916229248,0.32995057106018066,0.002202617237344384,-0.0007979061920195818,0.8460124826778379,3.4996469873497844,1.7999999265277278,0.3804099945627119,32741,0.2272030227628452,-0.005677453127407282,0.007631862143630208,0.6097689984017052,0.29999997946066465,0.00011101171230340393,2.3104788869380713e-08,3.5,3.5,0.1,0.0,0.0,0.0
27.172378052997374,hold,0,0.83009934425354,3.493265151977539,1.7973406314849854,0.3307235836982727,0.0030958952847868204,-0.000860405620187521,0.8520130378672711,3.4996492077896244,1.7999999269898663,0.38043985956967963,32743,0.22799101766964647,-0.0051432588247635105,0.006888808468567431,0.8138470002450049,0.29999997946066465,0.00011101171230340393,2.3104788869380713e-08,3.5,3.5,0.1,0.0,0.0,0.0
27.19192812699839,hold,0,0.8364274501800537,3.4933459758758545,1.797339916229248,0.33130234479904175,0.003989831078797579,-0.0009236033074557781,0.8579932779572489,3.499651420712084,1.7999999274504404,0.3804723183114551,32746,0.22884744885105768,-0.004590226081385718,0.006218253407805019,0.515290998009732,0.29999997946066465,0.00011101171230340393,2.3104788869380713e-08,3.5,3.5,0.1,0.0,0.0,0.0
27.21190217899857,hold,0,0.8427590131759644,3.4934439659118652,1.7973376512527466,0.33168184757232666,0.0048689646646380424,-0.0009870154317468405,0.8639897411476725,3.499653639637724,1.7999999279122638,0.3805073473626979,32749,0.2297716982242175,-0.004027011955402365,0.00566593290904982,0.49855600082082674,0.29999997946066465,0.00011101171230340393,2.3104788869380713e-08,3.5,3.5,0.1,0.0,0.0,0.0
27.231858191997162,hold,0,0.8490896224975586,3.4935593605041504,1.7973343133926392,0.3318607211112976,0.005717170424759388,-0.0010320569854229689,0.8699890834365095,3.4996558596287435,1.7999999283743089,0.3805349850799421,32751,0.23050092559213908,-0.0034619379594834545,0.005223291317359102,0.4663239997171331,0.29999997946066465,0.00011101171230340393,2.3104788869380713e-08,3.5,3.5,0.1,0.0,0.0,0.0
27.252205259999755,hold,0,0.8551051020622253,3.493685483932495,1.7973318099975586,0.3304237723350525,0.00649925135076046,-0.0010439148172736168,0.8760138090240625,3.499658089012575,1.799999928838309,0.3805476861283553,32752,0.23083604560304138,-0.0029205685663968987,0.005988048044719196,0.6544290008605458,0.29999997946066465,0.00011101171230340393,2.3104788869380713e-08,3.5,3.5,0.1,0.0,0.0,0.0
27.272165809998114,hold,0,0.8580272793769836,3.49375581741333,1.7973347902297974,0.32929563522338867,0.0068915425799787045,-0.0010375987039878964,0.8820025370138724,3.4996603050758885,1.7999999292995366,0.38055464163189906,32753,0.23101956812398505,-0.0026428225770792494,0.00980419436861002,0.5980960013403092,0.29999997946066465,0.00011101171230340393,2.3104788869380713e-08,3.5,3.5,0.1,0.0,0.0,0.0
27.29190901599941,hold,0,0.8676450252532959,3.4939911365509033,1.7973251342773438,0.32834163308143616,0.007909636944532394,-0.001019441755488515,0.8879948293040798,3.499662522458133,1.799999929761039,0.38054937629688235,32753,0.2308806410786879,-0.0018626877904116376,0.006494842526894251,0.4878899999312125,0.29999997946066465,0.00011101171230340393,2.3104788869380713e-08,3.5,3.5,0.1,0.0,0.0,0.0
27.3119308719979,hold,0,0.873647153377533,3.4941561222076416,1.7973238229751587,0.3267059028148651,0.00846246350556612,-0.000982652883976698,0.8940054080921426,3.499664746607096,1.7999999302239493,0.38053730164107413,32752,0.230562048577152,-0.0014011084548995318,0.007363647470095547,0.4793799998878967,0.29999997946066465,0.00011101171230340393,2.3104788869380713e-08,3.5,3.5,0.1,0.0,0.0,0.0
27.33190065299641,hold,0,0.8798195719718933,3.4943344593048096,1.7973238229751587,0.32591429352760315,0.008936775848269463,-0.000820048910100013,0.8999938969816327,3.4996669625819337,1.7999999306851586,0.38045911643311225,32745,0.2284991143301376,-0.0009668821565020065,0.00758792408609299,0.4887729992333334,0.29999997946066465,0.00011101171230340393,2.3104788869380713e-08,3.5,3.5,0.1,0.0,0.0,0.0
27.35217995599669,hold,0,0.8858355283737183,3.494516372680664,1.7973288297653198,0.32443153858184814,0.00929323025047779,-0.0006373338983394206,0.9060096399701167,3.4996691886418523,1.799999931148467,0.3803664290149233,32737,0.22605353601380607,-0.0005907213197995901,0.008369219084362278,0.6372800016833935,0.29999997946066465,0.00011101171230340393,2.3104788869380713e-08,3.5,3.5,0.1,0.0,0.0,0.0
27.371927885997138,hold,0,0.8887759447097778,3.494610071182251,1.7973371744155884,0.32341060042381287,0.00944900419563055,-0.0005611181259155273,0.9120002816607033,3.4996714054133102,1.799999931609842,0.38033510930580905,32734,0.22522715846461772,-0.0004126537725191887,0.012114903903043706,0.4868729993177112,0.29999997946066465,0.00011101171230340393,2.3104788869380713e-08,3.5,3.5,0.1,0.0,0.0,0.0
27.39191776699954,hold,0,0.8978956341743469,3.4948933124542236,1.7973463535308838,0.3218478560447693,0.009679374285042286,-0.0004601943655870855,0.9180013000495719,3.4996736260245522,1.7999999320720161,0.3802656208421809,32728,0.22339368976730434,4.068625964902734e-06,0.009658375444092426,0.47591800102964044,0.29999997946066465,0.00011101171230340393,2.3104788869380713e-08,3.5,3.5,0.1,0.0,0.0,0.0
27.41193841099812,hold,0,0.9039340019226074,3.495083808898926,1.7973564863204956,0.3207208216190338,0.009693952277302742,-0.0004212291678413749,0.9240071703376836,3.499675848431186,1.7999999325345641,0.380238236986176,32726,0.22267116058511682,0.00020980652992096024,0.010217716576369273,0.4827509983442724,0.29999997946066465,0.00011101171230340393,2.3104788869380713e-08,3.5,3.5,0.1,0.0,0.0,0.0
27.431953512998007,hold,0,0.9101039171218872,3.495274543762207,1.7973624467849731,0.320326566696167,0.009584381245076656,-0.0003836390096694231,0.9300030152274578,3.499678067128031,1.7999999329963399,0.38021473996151833,32724,0.22205118631974408,0.00035051653634258817,0.010242606294565082,0.5113900006108452,0.29999997946066465,0.00011101171230340393,2.3104788869380713e-08,3.5,3.5,0.1,0.0,0.0,0.0
27.45210570499694,hold,0,0.9161415100097656,3.4954588413238525,1.7973740100860596,0.3194802403450012,0.009365204721689224,-0.00034141994547098875,0.9360064891165202,3.499680288647904,1.7999999334587033,0.38018344168984175,32721,0.22122537440215595,0.0004268173376411393,0.010652794472248761,0.5976770007691812,0.29999997946066465,0.00011101171230340393,2.3104788869380713e-08,3.5,3.5,0.1,0.0,0.0,0.0
27.47201264799878,hold,0,0.922181248664856,3.4956367015838623,1.797385334968567,0.31877610087394714,0.009035861119627953,-0.0003760471008718014,0.9420186234045338,3.4996825133724623,1.7999999339217336,0.380190620599171,32722,0.22141479153485477,0.00043834653946812544,0.010993984561698644,0.513343999045901,0.29999997946066465,0.00011101171230340393,2.3104788869380713e-08,3.5,3.5,0.1,0.0,0.0,0.0
27.4919153439987,hold,0,0.9282224774360657,3.495805501937866,1.79739511013031,0.3181849420070648,0.008598712272942066,-0.000434292946010828,0.9480038308948446,3.499684728133054,1.7999999343826902,0.38021118572099455,32724,0.2219574068863981,0.00038362590488455586,0.011245431881718781,0.46930099779274315,0.29999997946066465,0.00011101171230340393,2.3104788869380713e-08,3.5,3.5,0.1,0.0,0.0,0.0
27.511871996997797,hold,0,0.9342645406723022,3.4959633350372314,1.7974023818969727,0.3176984488964081,0.008059315383434296,-0.0005734482547268271,0.9539884320854697,3.499686942669291,1.7999999348436,0.38027509583445734,32729,0.22364368956351655,0.00026355720047913355,0.011438975601056667,0.4817909975827206,0.29999997946066465,0.00011101171230340393,2.3104788869380713e-08,3.5,3.5,0.1,0.0,0.0,0.0
27.53191490399695,hold,0,0.9403072595596313,3.4961087703704834,1.7974061965942383,0.31731709837913513,0.007426201365888119,-0.0007252992945723236,0.960004526973073,3.4996891688594265,1.7999999353069354,0.3803495866535863,32735,0.22560914653261932,8.119008723798628e-05,0.011609273471419268,0.47646500024711713,0.29999997946066465,0.00011101171230340393,2.3104788869380713e-08,3.5,3.5,0.1,0.0,0.0,0.0
27.552422124997975,hold,0,0.9431827664375305,3.49617075920105,1.7974148988723755,0.31648901104927063,0.007080079987645149,-0.0007795620476827025,0.9660963598561599,3.499691423075579,1.7999999357761038,0.3803880521809623,32739,0.22662406809926772,-3.7997025222378435e-05,0.015425993887174583,0.6225729994184803,0.29999997946066465,0.00011101171230340393,2.3104788869380713e-08,3.5,3.5,0.1,0.0,0.0,0.0
27.571974308997596,hold,0,0.9523942470550537,3.496354579925537,1.7974036931991577,0.3168632686138153,0.005927204620093107,-0.0009882039157673717,0.9720061050522819,3.4996936099121734,1.7999999362312487,0.38049004008399495,32748,0.22931504179406126,-0.00045306133744989576,0.011753759281946108,0.5145060022186954,0.29999997946066465,0.00011101171230340393,2.3104788869380713e-08,3.5,3.5,0.1,0.0,0.0,0.0
27.591864211997745,hold,0,0.9587559103965759,3.496457576751709,1.7973984479904175,0.31684571504592896,0.005044353194534779,-0.0010257030371576548,0.9779893715427888,3.4996958239545193,1.7999999366920556,0.3805163235262585,32750,0.23000853631288898,-0.000811136159433332,0.011364375597011644,0.4667920002248138,0.29999997946066465,0.00011101171230340393,2.3104788869380713e-08,3.5,3.5,0.1,0.0,0.0,0.0
27.61186269999962,hold,0,0.9615817070007324,3.4964919090270996,1.7974045276641846,0.31593647599220276,0.004598286002874374,-0.0009910794906318188,0.983989456930947,3.4996980442205143,1.799999937154158,0.3805133442535109,32750,0.22992992753326824,-0.0010119057598671555,0.015179553011324787,0.46757299787714146,0.29999997946066465,0.00011101171230340393,2.3104788869380713e-08,3.5,3.5,0.1,0.0,0.0,0.0
27.631862631998956,hold,0,0.9675801992416382,3.49656081199646,1.797402024269104,0.3158339262008667,0.0036910264752805233,-0.0008768572006374598,0.9899891679209074,3.4997002643479673,1.7999999376162317,0.38046247424005203,32745,0.22858771081931373,-0.0014189069068173232,0.015236778444972732,0.46416700206464157,0.29999997946066465,0.00011101171230340393,2.3104788869380713e-08,3.5,3.5,0.1,0.0,0.0,0.0
27.652049545999034,hold,0,0.9735874533653259,3.4966108798980713,1.797402262687683,0.3158843219280243,0.002766564954072237,-0.0007461510831490159,0.9960053678093032,3.499702490576957,1.799999938079575,0.3803996011041054,32740,0.2269287890265268,-0.001854933010555266,0.01522220551844744,0.5405880001490004,0.29999997946066465,0.00011101171230340393,2.3104788869380713e-08,3.5,3.5,0.1,0.0,0.0,0.0
27.67194567399929,hold,0,0.9796045422554016,3.4966421127319336,1.7974056005477905,0.3160379230976105,0.001840622746385634,-0.0005620287265628576,1.002006921397932,3.4997047113862436,1.7999999385417904,0.38030577462547993,32732,0.2244531563451151,-0.0023118730065088593,0.015128832619697219,0.47311200250987895,0.29999997946066465,0.00011101171230340393,2.3104788869380713e-08,3.5,3.5,0.1,0.0,0.0,0.0
27.69217747899893,hold,0,0.985632061958313,3.4966554641723633,1.7974120378494263,0.3163195848464966,0.0009214553283527493,-0.0004264875315129757,1.008002828687042,3.499706930106179,1.799999939003571,0.3802319740549065,32725,0.22250591173895629,-0.002784135462079066,0.01495034022151076,0.6866140029160306,0.29999997946066465,0.00011101171230340393,2.3104788869380713e-08,3.5,3.5,0.1,0.0,0.0,0.0
27.711871271996642,hold,0,0.9916712641716003,3.4966509342193604,1.797420859336853,0.31676897406578064,2.5778137569432147e-05,-0.0003152701538056135,1.0139896525770644,3.4997091454649016,1.7999999394646522,0.38016683433590004,32720,0.22078718564379862,-0.0032629535822709436,0.014661342389780785,0.47332499889307655,0.29999997946066465,0.00011101171230340393,2.3104788869380713e-08,3.5,3.5,0.1,0.0,0.0,0.0
27.73188158799894,hold,0,0.9977243542671204,3.4966297149658203,1.7974305152893066,0.31737545132637024,-0.0008289021207019687,-0.00030125374905765057,1.0199880906670675,3.499711365121332,1.7999999399266278,0.3801488872025555,32718,0.22031364650542073,-0.003737459595962723,0.014285415724788475,0.48909000179264694,0.29999997946066465,0.00011101171230340393,2.3104788869380713e-08,3.5,3.5,0.1,0.0,0.0,0.0
27.751847569998063,hold,0,1.0037930011749268,3.4965929985046387,1.7974392175674438,0.3181114196777344,-0.0016304496675729752,-0.00036987941712141037,1.0260035783545856,3.4997135910867794,1.7999999403899163,0.3801732096800987,32720,0.2209554005303076,-0.004199893386326217,0.013841351033380356,0.40472600085195154,0.29999997946066465,0.00011101171230340393,2.3104788869380713e-08,3.5,3.5,0.1,0.0,0.0,0.0
27.772155944996484,hold,0,1.009879231452942,3.4965415000915527,1.7974451780319214,0.31895190477371216,-0.002368639688938856,-0.0005029472522437572,1.032048838040627,3.4997158280690295,1.7999999408554979,0.38023308140372075,32725,0.22253512938577025,-0.00464406005091674,0.013353936657352516,0.5389000034483615,0.29999997946066465,0.00011101171230340393,2.3104788869380713e-08,3.5,3.5,0.1,0.0,0.0,0.0
27.791949068996473,hold,0,1.0162473917007446,3.496474266052246,1.7974470853805542,0.3197275698184967,-0.003064853372052312,-0.0006965254433453083,1.0380026454329634,3.499718031210358,1.799999941314036,0.3803266937249179,32733,0.22500511147540436,-0.005082048141982647,0.012506898695751945,0.5104720003146213,0.29999997946066465,0.00011101171230340393,2.3104788869380713e-08,3.5,3.5,0.1,0.0,0.0,0.0
27.81199943699903,hold,0,1.0223209857940674,3.4963982105255127,1.79744553565979,0.32050248980522156,-0.0036399592645466328,-0.0008784097153693438,1.0440037433222136,3.4997202518510178,1.7999999417762165,0.38042063493543343,32742,0.22748377138346676,-0.0054654534655671876,0.012020144638486219,0.5515190023288596,0.29999997946066465,0.00011101171230340393,2.3104788869380713e-08,3.5,3.5,0.1,0.0,0.0,0.0
27.831875612999283,hold,0,1.0284194946289062,3.4963128566741943,1.7974401712417603,0.321359783411026,-0.004121182952076197,-0.0010574569460004568,1.049990218912533,3.499722467080856,1.7999999422372706,0.38051761824792646,32750,0.2300426978344703,-0.005809035594322751,0.011448679066512923,0.4742540004372131,0.29999997946066465,0.00011101171230340393,2.3104788869380713e-08,3.5,3.5,0.1,0.0,0.0,0.0
27.852096708997124,hold,0,1.0348610877990723,3.496218204498291,1.797427773475647,0.322374552488327,-0.0045259189791977406,-0.0011829775758087635,1.055998832101872,3.499724690502471,1.7999999427000297,0.3805950363038072,32757,0.23208539060177102,-0.006122314518838965,0.01045798102585005,0.5708229982701596,0.29999997946066465,0.00011101171230340393,2.3104788869380713e-08,3.5,3.5,0.1,0.0,0.0,0.0
27.871963261997735,hold,0,1.0409045219421387,3.4961190223693848,1.7974214553833008,0.3228534758090973,-0.004782386124134064,-0.0012599499896168709,1.0620021061906058,3.4997269119484096,1.7999999431623777,0.38064341583067685,32761,0.23336189526851747,-0.0063628496189404235,0.010162795041495531,0.5009199994674418,0.29999997946066465,0.00011101171230340393,2.3104788869380713e-08,3.5,3.5,0.1,0.0,0.0,0.0
27.891891002997,hold,0,1.047075867652893,3.4960200786590576,1.7974071502685547,0.32384422421455383,-0.004947855602949858,-0.001289215637370944,1.0679937945800102,3.499729129107187,1.7999999436238334,0.38067634794142613,32764,0.23423081639646703,-0.006555497911312155,0.009452584658619312,0.47638999967603013,0.29999997946066465,0.00011101171230340393,2.3104788869380713e-08,3.5,3.5,0.1,0.0,0.0,0.0
27.911902707997797,hold,0,1.0532249212265015,3.495919704437256,1.7973968982696533,0.32462581992149353,-0.004991337191313505,-0.0012723382096737623,1.0739923412691301,3.4997313488038033,1.7999999440858172,0.3806816715925362,32764,0.2343712821249646,-0.006686024344552418,0.008883654400023033,0.4916070029139519,0.29999997946066465,0.00011101171230340393,2.3104788869380713e-08,3.5,3.5,0.1,0.0,0.0,0.0
27.93189809099931,hold,0,1.0593575239181519,3.4958202838897705,1.7973915338516235,0.3252057135105133,-0.004909649956971407,-0.0012086692731827497,1.0799915542583887,3.4997335687469766,1.7999999445478525,0.38065784968406013,32762,0.23374273572717819,-0.006750306862637927,0.008439346416858395,0.4947909983457066,0.29999997946066465,0.00011101171230340393,2.3104788869380713e-08,3.5,3.5,0.1,0.0,0.0,0.0
27.952104479998525,hold,0,1.0655964612960815,3.495725631713867,1.7973806858062744,0.32614827156066895,-0.004751295782625675,-0.0011012109462171793,1.0860073824465115,3.4997357948384225,1.7999999450111674,0.3806181075346042,32759,0.23269413020063645,-0.006769575509545061,0.007710455863542576,0.6251659979170654,0.29999997946066465,0.00011101171230340393,2.3104788869380713e-08,3.5,3.5,0.1,0.0,0.0,0.0
27.9719043399964,hold,0,1.0721253156661987,3.4956324100494385,1.7973759174346924,0.32688242197036743,-0.004461940377950668,-0.0009756509680300951,1.0920395936340603,3.4997380269922185,1.7999999454757438,0.3805612752721134,32754,0.23119459820879662,-0.006718801357757589,0.0068037470699928715,0.36067399923922494,0.29999997946066465,0.00011101171230340393,2.3104788869380713e-08,3.5,3.5,0.1,0.0,0.0,0.0
27.991731739999523,hold,0,1.0783036947250366,3.4955527782440186,1.7973748445510864,0.3272627592086792,-0.004080074839293957,-0.0008580535650253296,1.0979894926259786,3.4997402286872865,1.799999945933981,0.38050505245835764,32749,0.2297111466585111,-0.006605080930770375,0.006364644951808218,0.3643240015662741,0.29999997946066465,0.00011101171230340393,2.3104788869380713e-08,3.5,3.5,0.1,0.0,0.0,0.0
28.01170416399691,hold,0,1.0844558477401733,3.495483875274658,1.797379970550537,0.3273957073688507,-0.0035871227737516165,-0.0007271834183484316,1.1039908293154155,3.4997424494163116,1.79999994639618,0.38043483309956455,32743,0.22785839312835066,-0.006421912890588558,0.006137349956382154,0.3280380005890038,0.29999997946066465,0.00011101171230340393,2.3104788869380713e-08,3.5,3.5,0.1,0.0,0.0,0.0
28.03164584299884,hold,0,1.0907188653945923,3.4954237937927246,1.7973785400390625,0.3279162645339966,-0.0030625539366155863,-0.0007033816073089838,1.1099780507062549,3.499744664922125,1.7999999468572916,0.3804255816840232,32742,0.22761429245443665,-0.006211762826343116,0.00557383149689783,0.32359199758502655,0.29999997946066465,0.00011101171230340393,2.3104788869380713e-08,3.5,3.5,0.1,0.0,0.0,0.0
28.051975022997794,hold,0,1.0972318649291992,3.495375871658325,1.797381043434143,0.328023225069046,-0.0024203890934586525,-0.0006840007845312357,1.11599870529321,3.499746892799527,1.799999947320978,0.3804135698006369,32741,0.22729735621733127,-0.005927049355542146,0.005000071239668058,0.5242529987299349,0.29999997946066465,0.00011101171230340393,2.3104788869380713e-08,3.5,3.5,0.1,0.0,0.0,0.0
28.07193463099975,hold,0,1.1034181118011475,3.4953441619873047,1.7973846197128296,0.3279310464859009,-0.0017477241344749928,-0.0006619601044803858,1.1220028514828928,3.4997491145681776,1.7999999477833932,0.38039972954205775,32740,0.22693217789070452,-0.0056092693970569135,0.004857231983837362,0.48293500003637746,0.29999997946066465,0.00011101171230340393,2.3104788869380713e-08,3.5,3.5,0.1,0.0,0.0,0.0
28.09167873599654,hold,0,1.1096171140670776,3.4953274726867676,1.7973881959915161,0.32779431343078613,-0.001036349916830659,-0.0006488936487585306,1.1279793865732888,3.4997513261196422,1.799999948243682,0.3803903123114769,32739,0.22668370214978495,-0.005255246705728283,0.0046953056193965725,0.3401080030016601,0.29999997946066465,0.00011101171230340393,2.3104788869380713e-08,3.5,3.5,0.1,0.0,0.0,0.0
28.11164980599642,hold,0,1.1158251762390137,3.495325803756714,1.7973909378051758,0.32760071754455566,-0.0003002825833391398,-0.0007148552685976028,1.1339778141629944,3.499753545772187,1.7999999487056566,0.38042152791098677,32742,0.2275073327437127,-0.004871917775707151,0.00457627526712856,0.3245570005674381,0.29999997946066465,0.00011101171230340393,2.3104788869380713e-08,3.5,3.5,0.1,0.0,0.0,0.0
28.131913507997524,hold,0,1.1220386028289795,3.4953391551971436,1.7973920106887817,0.32733675837516785,0.0004469208652153611,-0.0007837496232241392,1.139990768350603,3.499755770800141,1.7999999491687502,0.3804563987837338,32745,0.228427408541787,-0.004466969945973075,0.0045038438681068715,0.5070789993624203,0.29999997946066465,0.00011101171230340393,2.3104788869380713e-08,3.5,3.5,0.1,0.0,0.0,0.0
28.1521121629994,hold,0,1.1282539367675781,3.4953670501708984,1.7973917722702026,0.32699576020240784,0.0011932074557989836,-0.0008493129862472415,1.1460134833390927,3.499757999439972,1.7999999496325954,0.38049136771289166,32748,0.229350071580253,-0.004047293444205434,0.004480175708516443,0.5661049981426913,0.29999997946066465,0.00011101171230340393,2.3104788869380713e-08,3.5,3.5,0.1,0.0,0.0,0.0
28.17191436199937,hold,0,1.1344678401947021,3.4954092502593994,1.7973905801773071,0.3265775442123413,0.0019249033648520708,-0.0009121736511588097,1.1519924697289086,3.4997602118985136,1.7999999500930728,0.38052622903341926,32751,0.23026989534087683,-0.003620310206384537,0.004452635147682349,0.49988300088443793,0.29999997946066465,0.00011101171230340393,2.3104788869380713e-08,3.5,3.5,0.1,0.0,0.0,0.0
28.191890235997562,hold,0,1.1406772136688232,3.4954659938812256,1.7973886728286743,0.32608336210250854,0.0026278356090188026,-0.0009338196832686663,1.1579900978182562,3.499762431255212,1.799999950554986,0.3805415578003012,32752,0.23067434829290612,-0.003193408073672633,0.004489609179102683,0.4905860005237628,0.29999997946066465,0.00011101171230340393,2.3104788869380713e-08,3.5,3.5,0.1,0.0,0.0,0.0
28.211870942999667,hold,0,1.1468790769577026,3.4955360889434814,1.7973874807357788,0.3255156874656677,0.0032900620717555285,-0.000893886259291321,1.163989453907765,3.499764651251338,1.7999999510170321,0.38052536574481205,32751,0.23024711727736147,-0.002774131106929534,0.004575293554511584,0.4708909982582554,0.29999997946066465,0.00011101171230340393,2.3104788869380713e-08,3.5,3.5,0.1,0.0,0.0,0.0
28.231933568997192,hold,0,1.1530705690383911,3.4956185817718506,1.7973870038986206,0.3248782157897949,0.003899345640093088,-0.0008552990620955825,1.1699883998974097,3.499766871095711,1.7999999514790468,0.38050912026193656,32749,0.22981847656824606,-0.002369614112076524,0.004708143907544482,0.5157689993211534,0.29999997946066465,0.00011101171230340393,2.3104788869380713e-08,3.5,3.5,0.1,0.0,0.0,0.0
28.25193520799803,hold,0,1.1592495441436768,3.4957120418548584,1.7973872423171997,0.3241758346557617,0.004443980287760496,-0.0008164951577782631,1.175990036285703,3.4997690919356366,1.7999999519412686,0.38049205077058457,32748,0.22936809421067395,-0.001987520788660113,0.004891122519609992,0.5259200006548781,0.29999997946066465,0.00011101171230340393,2.3104788869380713e-08,3.5,3.5,0.1,0.0,0.0,0.0
28.271891992997553,hold,0,1.1654140949249268,3.495814561843872,1.797387957572937,0.32341355085372925,0.0049140271730721,-0.0007778010331094265,1.1819907399756018,3.4997713124304273,1.7999999524034185,0.3804746145778532,32746,0.22890803635496404,-0.0016350777403267868,0.005119795584420217,0.48712900024838746,0.29999997946066465,0.00011101171230340393,2.3104788869380713e-08,3.5,3.5,0.1,0.0,0.0,0.0
28.291873080997902,hold,0,1.1715624332427979,3.495924711227417,1.7973893880844116,0.32259830832481384,0.005301123950630426,-0.0007393606938421726,1.1879902646646805,3.499773532488942,1.7999999528654778,0.3804565837302815,32745,0.2284322883979275,-0.001318188498815941,0.005392144136352028,0.46025600022403523,0.29999997946066465,0.00011101171230340393,2.3104788869380713e-08,3.5,3.5,0.1,0.0,0.0,0.0
28.31187100799798,hold,0,1.1776930093765259,3.496040105819702,1.7973912954330444,0.32173818349838257,0.005598943680524826,-0.0007018538890406489,1.1939897107537771,3.4997757525183713,1.7999999533275308,0.380438595485248,32743,0.22795766451841537,-0.0010426881541755375,0.005706706819518459,0.4746180020447355,0.29999997946066465,0.00011101171230340393,2.3104788869380713e-08,3.5,3.5,0.1,0.0,0.0,0.0
28.3319545489976,hold,0,1.1838047504425049,3.496159315109253,1.797393560409546,0.320842444896698,0.005803491920232773,-0.0006658000638708472,1.2000011829424262,3.4997779769979274,1.7999999537905103,0.3804210821941526,32742,0.2274955724050809,-0.0008121906460737635,0.0060724660599909,0.5114879968459718,0.29999997946066465,0.00011101171230340393,2.3104788869380713e-08,3.5,3.5,0.1,0.0,0.0,0.0
28.352019852998637,hold,0,1.1898969411849976,3.4962804317474365,1.7973960638046265,0.3199213147163391,0.005911442916840315,-0.0006318989326246083,1.2059980100318413,3.4997801960582247,1.7999999542523617,0.38040447245363773,32740,0.22705732067645634,-0.0006304460534606565,0.006456752566348811,0.5649899976560846,0.29999997946066465,0.00011101171230340393,2.3104788869380713e-08,3.5,3.5,0.1,0.0,0.0,0.0
28.372173939998902,hold,0,1.1959688663482666,3.496400833129883,1.7973988056182861,0.31898653507232666,0.005920802243053913,-0.0006009015487506986,1.2120446659180284,3.4997824335571233,1.7999999547180507,0.3803893037781182,32739,0.22665709177092808,-0.0005012933829136421,0.006921934201369329,0.5679169989889488,0.29999997946066465,0.00011101171230340393,2.3104788869380713e-08,3.5,3.5,0.1,0.0,0.0,0.0
28.391887853998924,hold,0,1.2021393775939941,3.4965200424194336,1.7973979711532593,0.31860265135765076,0.005821996368467808,-0.0005751303397119045,1.2179906319106089,3.4997846337968275,1.799999955175985,0.38037996138956326,32738,0.22641059075364645,-0.0004302106397778406,0.006887818311700933,0.47988100050133653,0.29999997946066465,0.00011101171230340393,2.3104788869380713e-08,3.5,3.5,0.1,0.0,0.0,0.0
28.411888546997943,hold,0,1.2080241441726685,3.4966323375701904,1.7974005937576294,0.3170188069343567,0.00563092390075326,-0.0006333567434921861,1.2239905484001554,3.4997868540003236,1.7999999556380744,0.3804110650553279,32741,0.22723126795060367,-0.00041489064121822826,0.00784106203872037,0.4883439978584647,0.29999997946066465,0.00011101171230340393,2.3104788869380713e-08,3.5,3.5,0.1,0.0,0.0,0.0
28.431877375998738,hold,0,1.213798999786377,3.496737480163574,1.7974039316177368,0.31509631872177124,0.005358655005693436,-0.0007246266468428075,1.2299909625891794,3.4997890743879876,1.7999999561002022,0.38045914666749914,32745,0.22849991207121612,-0.00044976209535088467,0.009087874196365364,0.47125600030994974,0.29999997946066465,0.00011101171230340393,2.3104788869380713e-08,3.5,3.5,0.1,0.0,0.0,0.0
28.452058615999704,hold,0,1.2199265956878662,3.4968392848968506,1.7973980903625488,0.31495073437690735,0.004992163740098476,-0.0007968276040628552,1.2360021758774462,3.4997912987717408,1.7999999565631615,0.3805050077399219,32749,0.22970996675255506,-0.0005376631351602718,0.009040953174747068,0.5813790012325626,0.29999997946066465,0.00011101171230340393,2.3104788869380713e-08,3.5,3.5,0.1,0.0,0.0,0.0
28.471885457998724,hold,0,1.2256821393966675,3.49692702293396,1.7973980903625488,0.31320932507514954,0.0045530470088124275,-0.0008693404961377382,1.2419909515677037,3.4997935148527057,1.799999957024393,0.38054814560125594,32753,0.23084816889857152,-0.0006785032682899752,0.010200346798929338,0.4809890015167184,0.29999997946066465,0.00011101171230340393,2.3104788869380713e-08,3.5,3.5,0.1,0.0,0.0,0.0
28.491683010997804,hold,0,1.2316399812698364,3.497007369995117,1.7973908185958862,0.3125774562358856,0.004030879121273756,-0.0008648158982396126,1.2479777682578028,3.499795730208764,1.7999999574854735,0.3805590711420734,32753,0.23113644174335946,-0.0008707955132511644,0.010562602470407967,0.34469200181774795,0.29999997946066465,0.00011101171230340393,2.3104788869380713e-08,3.5,3.5,0.1,0.0,0.0,0.0
28.511922281999432,hold,0,1.2374929189682007,3.4970743656158447,1.7973872423171997,0.31164035201072693,0.003455015132203698,-0.0008511933847330511,1.2539916683463939,3.499797955586738,1.7999999579486397,0.38056217467813686,32754,0.23121832923843755,-0.0011053696765248812,0.011224223569150205,0.5128000011609402,0.29999997946066465,0.00011101171230340393,2.3104788869380713e-08,3.5,3.5,0.1,0.0,0.0,0.0
28.53190101999644,hold,0,1.2431979179382324,3.497126817703247,1.7973848581314087,0.3101870119571686,0.0028236627113074064,-0.0008539854316040874,1.2599910748353662,3.499800175601514,1.7999999584106898,0.3805741016094892,32755,0.2315330239970752,-0.001384363676684047,0.012297143157161905,0.49283000043942593,0.29999997946066465,0.00011101171230340393,2.3104788869380713e-08,3.5,3.5,0.1,0.0,0.0,0.0
28.55199924599947,hold,0,1.2489192485809326,3.497166872024536,1.7973827123641968,0.3090396523475647,0.002155785681679845,-0.0008504214347340167,1.266002217023708,3.4998023999589565,1.7999999588736437,0.3805822057122822,32755,0.23174685256681116,-0.0016955941097771925,0.013204502891084102,0.5213000004005153,0.29999997946066465,0.00011101171230340393,2.3104788869380713e-08,3.5,3.5,0.1,0.0,0.0,0.0
28.57166557799792,hold,0,1.2546573877334595,3.497192621231079,1.7973806858062744,0.30817827582359314,0.001462704036384821,-0.0008406453998759389,1.2719853128137124,3.4998046139381365,1.7999999593344378,0.3805863761577614,32756,0.23185689070610493,-0.0020351073509788063,0.013914532879169217,0.31276200024876744,0.29999997946066465,0.00011101171230340393,2.3104788869380713e-08,3.5,3.5,0.1,0.0,0.0,0.0
28.59190864899938,hold,0,1.2604130506515503,3.497204303741455,1.7973793745040894,0.30758559703826904,0.0007563639082945883,-0.0008248103549703956,1.2779919109030817,3.4998068366140855,1.7999999597970417,0.38058613279301756,32756,0.23185046947275723,-0.0023964071352386962,0.014489791080492864,0.498092998896027,0.29999997946066465,0.00011101171230340393,2.3104788869380713e-08,3.5,3.5,0.1,0.0,0.0,0.0
28.611871918998077,hold,0,1.2661867141723633,3.497201919555664,1.7973787784576416,0.30725374817848206,4.868229370913468e-05,-0.0008032990153878927,1.283990730292164,3.4998090564116113,1.7999999602590466,0.38058141408123275,32755,0.23172596520402955,-0.002773228311002545,0.014901049711142145,0.47049400018295273,0.29999997946066465,0.00011101171230340393,2.3104788869380713e-08,3.5,3.5,0.1,0.0,0.0,0.0
28.631856918997073,hold,0,1.2719799280166626,3.497185468673706,1.7973791360855103,0.30717650055885315,-0.000647449865937233,-0.0007766594644635916,1.289990601781371,3.4998112765984555,1.7999999607211326,0.3805721796218154,32755,0.23148231192124946,-0.0031588110627137275,0.015159243252691024,0.459201997728087,0.29999997946066465,0.00011101171230340393,2.3104788869380713e-08,3.5,3.5,0.1,0.0,0.0,0.0
28.651921243999823,hold,0,1.2777936458587646,3.4971559047698975,1.7973805665969849,0.30734243988990784,-0.001314929104410112,-0.0007453118450939655,1.2959972400700392,3.4998134992892798,1.7999999611837396,0.3805584985759607,32753,0.2311213344580647,-0.0035431769574785534,0.01527536946101793,0.487188997794874,0.29999997946066465,0.00011101171230340393,2.3104788869380713e-08,3.5,3.5,0.1,0.0,0.0,0.0
28.67237000499881,hold,0,1.2836294174194336,3.4971137046813965,1.7973833084106445,0.3077343702316284,-0.001940424437634647,-0.0007099159993231297,1.302070034954402,3.4998157464606288,1.7999999616514417,0.38054077715579565,32752,0.23065375081254835,-0.003918851358136161,0.015319243616683798,0.5940179980825633,0.29999997946066465,0.00011101171230340393,2.3104788869380713e-08,3.5,3.5,0.1,0.0,0.0,0.0
28.691896531996463,hold,0,1.2894887924194336,3.497060537338257,1.7973872423171997,0.3083324134349823,-0.002513865241780877,-0.000671143876388669,1.3079908324487088,3.4998179373870055,1.7999999621074376,0.3805182064090478,32750,0.2300582165975662,-0.0042787052840954996,0.01507035980255278,0.49212500016437843,0.29999997946066465,0.00011101171230340393,2.3104788869380713e-08,3.5,3.5,0.1,0.0,0.0,0.0
28.711864376997255,hold,0,1.2953733205795288,3.496997356414795,1.7973922491073608,0.309115469455719,-0.0030256283935159445,-0.0006297624204307795,1.3139902626383841,3.499820157410552,1.7999999625694896,0.38049278851727336,32748,0.22938755982251458,-0.004616766968052438,0.014780526100154567,0.4686700012825895,0.29999997946066465,0.00011101171230340393,2.3104788869380713e-08,3.5,3.5,0.1,0.0,0.0,0.0
28.731882794996636,hold,0,1.301283597946167,3.496925115585327,1.797398328781128,0.3100601136684418,-0.003465555841103196,-0.0005865739658474922,1.319991103126827,3.4998223779559634,1.79999996303165,0.38046453554461307,32745,0.2286420988024549,-0.004926661143583266,0.014380220183348724,0.4626720001397189,0.29999997946066465,0.00011101171230340393,2.3104788869380713e-08,3.5,3.5,0.1,0.0,0.0,0.0
28.751974237999093,hold,0,1.3072208166122437,3.4968459606170654,1.797405481338501,0.3111422657966614,-0.0038241029251366854,-0.0005424893461167812,1.3260008317160266,3.4998246017903196,1.7999999634944952,0.38043402962786055,32743,0.22783719334724317,-0.0052011097807326614,0.013888659342252918,0.5244729982223362,0.29999997946066465,0.00011101171230340393,2.3104788869380713e-08,3.5,3.5,0.1,0.0,0.0,0.0
28.771947900997475,hold,0,1.3131858110427856,3.4967613220214844,1.7974138259887695,0.3123355507850647,-0.004093725234270096,-0.0004987411666661501,1.331996898605075,3.499826820569313,1.799999963956288,0.38040171131312955,32740,0.22698446736489508,-0.005434622480345007,0.01329507623275572,0.5118830013088882,0.29999997946066465,0.00011101171230340393,2.3104788869380713e-08,3.5,3.5,0.1,0.0,0.0,0.0
28.791892106997693,hold,0,1.3191790580749512,3.496673107147217,1.7974226474761963,0.3136114180088043,-0.004268859513103962,-0.0004563364200294018,1.3379908438948773,3.499829038563232,1.7999999644179177,0.38036915302818874,32737,0.22612540971474182,-0.005622244906763184,0.012626034946215947,0.4819019995920826,0.29999997946066465,0.00011101171230340393,2.3104788869380713e-08,3.5,3.5,0.1,0.0,0.0,0.0
28.811917469996843,hold,0,1.3252002000808716,3.4965834617614746,1.7974321842193604,0.31494250893592834,-0.004344608634710312,-0.0004179547540843487,1.3439912187839103,3.499831258936353,1.7999999648800422,0.38033754039263595,32734,0.2252913032357764,-0.0057591219402567655,0.011905236972824751,0.49995000154012814,0.29999997946066465,0.00011101171230340393,2.3104788869380713e-08,3.5,3.5,0.1,0.0,0.0,0.0
28.83195384099963,hold,0,1.3312488794326782,3.4964945316314697,1.7974412441253662,0.3163011074066162,-0.004317680839449167,-0.0004577082581818104,1.3499959658730634,3.49983348092736,1.7999999653425036,0.3803454968964685,32735,0.22550123737383743,-0.00584066019924445,0.011144332611553676,0.5257929988147225,0.29999997946066465,0.00011101171230340393,2.3104788869380713e-08,3.5,3.5,0.1,0.0,0.0,0.0
28.85207808799896,hold,0,1.337324619293213,3.496408700942993,1.797448754310608,0.31766197085380554,-0.004187767393887043,-0.0005215837154537439,1.3560238450597915,3.499835711478146,1.7999999658067467,0.3803675160742021,32737,0.22608221831667663,-0.005864572673811668,0.010377760230814825,0.5268860004434828,0.29999997946066465,0.00011101171230340393,2.3104788869380713e-08,3.5,3.5,0.1,0.0,0.0,0.0
28.871947601997817,hold,0,1.3434256315231323,3.4963274002075195,1.797454595565796,0.31900009512901306,-0.003954915329813957,-0.0005860680248588324,1.3619949771517623,3.4998379210302906,1.799999966266619,0.3803917417100645,32739,0.22672141715209726,-0.005829535442897446,0.009536931832504036,0.5125989991938695,0.29999997946066465,0.00011101171230340393,2.3104788869380713e-08,3.5,3.5,0.1,0.0,0.0,0.0
28.89198232599665,hold,0,1.3495508432388306,3.496253252029419,1.7974587678909302,0.3202871084213257,-0.0036207158118486404,-0.0006522764451801777,1.367992730040873,3.49984014043317,1.7999999667285418,0.38041914478277894,32741,0.2274444533714739,-0.005733664773452631,0.008725562565251144,0.5569979985011742,0.29999997946066465,0.00011101171230340393,2.3104788869380713e-08,3.5,3.5,0.1,0.0,0.0,0.0
28.911899708997225,hold,0,1.355697751045227,3.496188163757324,1.7974613904953003,0.32150059938430786,-0.0031919260509312153,-0.0007195323705673218,1.373991976929907,3.4998423603888873,1.7999999671905798,0.38044918598321886,32744,0.22823709718255358,-0.005578521522554594,0.00793167161462538,0.497856002766639,0.29999997946066465,0.00011101171230340393,2.3104788869380713e-08,3.5,3.5,0.1,0.0,0.0,0.0
28.93178811299731,hold,0,1.361864447593689,3.496134042739868,1.7974627017974854,0.3226206302642822,-0.0026757174637168646,-0.0007873349823057652,1.3800025158188038,3.499844584523086,1.7999999676534872,0.3804813786645888,32747,0.2290865083004956,-0.005365899770267852,0.0071780663542071466,0.36501399881672114,0.29999997946066465,0.00011101171230340393,2.3104788869380713e-08,3.5,3.5,0.1,0.0,0.0,0.0
28.951814626998384,hold,0,1.3680483102798462,3.4960920810699463,1.7974624633789062,0.3236287534236908,-0.00207974249497056,-0.0008548223413527012,1.3859838614086109,3.4998467978546235,1.7999999681141463,0.38051550223892966,32750,0.2299868664625233,-0.005098573155277402,0.0064346460023154695,0.4531400009000208,0.29999997946066465,0.00011101171230340393,2.3104788869380713e-08,3.5,3.5,0.1,0.0,0.0,0.0
28.97171965599773,hold,0,1.3743575811386108,3.4960622787475586,1.7974573373794556,0.32502490282058716,-0.0014403423992916942,-0.0008731537964195013,1.3919845044977905,3.49984901832699,1.7999999685762915,0.38053067088661435,32751,0.23038709463362217,-0.004795934109318129,0.005376161984209649,0.35667499832925387,0.29999997946066465,0.00011101171230340393,2.3104788869380713e-08,3.5,3.5,0.1,0.0,0.0,0.0
28.991915578997578,hold,0,1.3803075551986694,3.49605131149292,1.7974615097045898,0.32455137372016907,-0.0006870087236166,-0.0008576107211410999,1.3979919002867183,3.4998512412981184,1.799999969038957,0.3805202045835046,32750,0.23011093887874878,-0.004413980099026259,0.005685561011365525,0.5006309984310064,0.29999997946066465,0.00011101171230340393,2.3104788869380713e-08,3.5,3.5,0.1,0.0,0.0,0.0
29.011908112999663,hold,0,1.386391520500183,3.496054172515869,1.7974618673324585,0.32457348704338074,8.383326348848641e-05,-0.0008447868749499321,1.4039912887764279,3.499853461306234,1.7999999695010058,0.380515018558369,32750,0.22997410444245325,-0.004008196793805431,0.005585106340305623,0.49270900126430206,0.29999997946066465,0.00011101171230340393,2.3104788869380713e-08,3.5,3.5,0.1,0.0,0.0,0.0
29.031669501997385,hold,0,1.3924949169158936,3.4960732460021973,1.7974625825881958,0.324550062417984,0.0008858722285367548,-0.000827461015433073,1.4099789988660218,3.499855676992885,1.799999969962155,0.380507136414516,32749,0.22976613230912868,-0.0035689830928637613,0.005475919903558779,0.3333229979034513,0.29999997946066465,0.00011101171230340393,2.3104788869380713e-08,3.5,3.5,0.1,0.0,0.0,0.0
29.05197627599773,hold,0,1.3987045288085938,3.4961061477661133,1.797459363937378,0.3248811662197113,0.0016777898417785764,-0.0008137688273563981,1.4159936339547023,3.499857902642838,1.799999970425378,0.3805055216812398,32749,0.22972352720949196,-0.0031204899986784435,0.005096938134610651,0.5262579979898874,0.29999997946066465,0.00011101171230340393,2.3104788869380713e-08,3.5,3.5,0.1,0.0,0.0,0.0
29.07192390899945,hold,0,1.4046860933303833,3.496156930923462,1.7974611520767212,0.3240664303302765,0.002499293303117156,-0.0008081496926024556,1.421995916843072,3.4998601237219935,1.7999999708876495,0.3805033987310261,32749,0.2296675126919805,-0.002637656874621119,0.005546993961133229,0.49631699948804453,0.29999997946066465,0.00011101171230340393,2.3104788869380713e-08,3.5,3.5,0.1,0.0,0.0,0.0
29.091895042998658,hold,0,1.4106924533843994,3.4962239265441895,1.797463297843933,0.3233213722705841,0.0033123018220067024,-0.0007940937066450715,1.4279911626330837,3.499862342197148,1.7999999713493793,0.38049660476085845,32748,0.2294882522653925,-0.002142261376364381,0.005927039330904105,0.4911479991278611,0.29999997946066465,0.00011101171230340393,2.3104788869380713e-08,3.5,3.5,0.1,0.0,0.0,0.0
29.111894649999158,hold,0,1.4167189598083496,3.4963064193725586,1.7974660396575928,0.3226289451122284,0.004100603051483631,-0.0007727104239165783,1.4339896136222672,3.499864561858352,1.7999999718113557,0.3804854369716433,32747,0.22919358764230147,-0.0016435616369501376,0.006261695541503354,0.4982700011169072,0.29999997946066465,0.00011101171230340393,2.3104788869380713e-08,3.5,3.5,0.1,0.0,0.0,0.0
29.13196990999859,hold,0,1.4227609634399414,3.496403455734253,1.7974692583084106,0.3219703733921051,0.004849799443036318,-0.0007449844852089882,1.4399986042111366,3.499866785419619,1.799999972274144,0.38047058057533073,32746,0.22880159829368552,-0.0011501122577161117,0.006573426859129539,0.5211679999774788,0.29999997946066465,0.00011101171230340393,2.3104788869380713e-08,3.5,3.5,0.1,0.0,0.0,0.0
29.151906278999377,hold,0,1.4288146495819092,3.4965145587921143,1.7974730730056763,0.32133948802948,0.005547585431486368,-0.0007119363872334361,1.445994598800818,3.4998690041718588,1.7999999727359313,0.3804523412324824,32744,0.22832034914201493,-0.0006688600921628302,0.006844742495739187,0.4890279997198377,0.29999997946066465,0.00011101171230340393,2.3104788869380713e-08,3.5,3.5,0.1,0.0,0.0,0.0
29.171867910998117,hold,0,1.4348769187927246,3.496638298034668,1.7974773645401,0.3207380175590515,0.006182827055454254,-0.0006745426217094064,1.4519897968903828,3.4998712226293627,1.7999999731976573,0.38043137794688275,32742,0.22776722814993988,-0.00020715628522416726,0.0070908089634975635,0.4690729983849451,0.29999997946066465,0.00011101171230340393,2.3104788869380713e-08,3.5,3.5,0.1,0.0,0.0,0.0
29.191876517998026,hold,0,1.4409440755844116,3.4967732429504395,1.7974822521209717,0.3201684355735779,0.006744356360286474,-0.0006343763088807464,1.4579892939792092,3.499873442677664,1.7999999736597143,0.3804083317030903,32740,0.2271591478387922,0.0002276273988613633,0.0073195583960978805,0.4813369996554684,0.29999997946066465,0.00011101171230340393,2.3104788869380713e-08,3.5,3.5,0.1,0.0,0.0,0.0
29.211895534997893,hold,0,1.4470139741897583,3.496917486190796,1.7974878549575806,0.31963008642196655,0.00722360098734498,-0.0005931459600105882,1.4639927636685892,3.4998756641959825,1.7999999741220774,0.38038389401828776,32738,0.22651435404453046,0.0006289789373643754,0.00753323562627628,0.4840680012421217,0.29999997946066465,0.00011101171230340393,2.3104788869380713e-08,3.5,3.5,0.1,0.0,0.0,0.0
29.231893035997928,hold,0,1.4530845880508423,3.497069835662842,1.7974934577941895,0.31912124156951904,0.007613483350723982,-0.0006102680345065892,1.4699953459578647,3.4998778853859283,1.7999999745843722,0.3803886392890102,32739,0.22663955907678357,0.000991842896334283,0.007729147799230507,0.4794140004378278,0.29999997946066465,0.00011101171230340393,2.3104788869380713e-08,3.5,3.5,0.1,0.0,0.0,0.0
29.251929302998178,hold,0,1.4591538906097412,3.497227668762207,1.7974976301193237,0.31864139437675476,0.007907629013061523,-0.0006684835534542799,1.4759923320469517,3.4998801045050616,1.7999999750462359,0.3804156971554694,32741,0.22735348695169755,0.0013100533961586712,0.00790483918381124,0.5098239998915233,0.29999997946066465,0.00011101171230340393,2.3104788869380713e-08,3.5,3.5,0.1,0.0,0.0,0.0
29.2718852279977,hold,0,1.46522057056427,3.4973888397216797,1.7975002527236938,0.31819024682044983,0.008102096617221832,-0.0007245235610753298,1.4819906441355675,3.499882324114867,1.7999999755082017,0.3804435885936806,32744,0.22808940880423556,0.0015793222809730991,0.008069551878748804,0.47196499872370623,0.29999997946066465,0.00011101171230340393,2.3104788869380713e-08,3.5,3.5,0.1,0.0,0.0,0.0
29.29191428699778,hold,0,1.4715858697891235,3.497559070587158,1.797500729560852,0.31774166226387024,0.008192721754312515,-0.0007876684539951384,1.4880022798247954,3.4998845486549244,1.7999999759711935,0.38047679397173634,32746,0.2289655401513535,0.001803454913342595,0.007932833638690129,0.46995500088087283,0.29999997946066465,0.00011101171230340393,2.3104788869380713e-08,3.5,3.5,0.1,0.0,0.0,0.0
29.311892017998616,hold,0,1.4775878190994263,3.4977192878723145,1.7975008487701416,0.31710153818130493,0.008171578869223595,-0.000850799260661006,1.4939943228145183,3.4998867659449178,1.7999999764326766,0.3805118241454078,32749,0.22988981914004647,0.00195827840195718,0.008258154566156861,0.4758040013257414,0.29999997946066465,0.00011101171230340393,2.3104788869380713e-08,3.5,3.5,0.1,0.0,0.0,0.0
29.332345035996696,hold,0,1.4835902452468872,3.4978771209716797,1.7974998950958252,0.31653884053230286,0.00804929155856371,-0.0009011325309984386,1.500008114002768,3.499888991282594,1.7999999768958346,0.38054174319479384,32752,0.23067923996817363,0.0020574276809534275,0.008565197378118228,0.6797509995521978,0.29999997946066465,0.00011101171230340393,2.3104788869380713e-08,3.5,3.5,0.1,0.0,0.0,0.0
29.351916795996658,hold,0,1.4895925521850586,3.498030424118042,1.7974987030029297,0.31604716181755066,0.007829173468053341,-0.0008695605210959911,1.5059913414934172,3.4998912053105085,1.7999999773566386,0.3805307714554265,32751,0.2303897481642867,0.0021006223399078717,0.008803815038133767,0.507124001160264,0.29999997946066465,0.00011101171230340393,2.3104788869380713e-08,3.5,3.5,0.1,0.0,0.0,0.0
29.371945872997458,hold,0,1.495593786239624,3.4981772899627686,1.7974978685379028,0.31561729311943054,0.007515998557209969,-0.0008320256019942462,1.5119958101822593,3.4998934271984963,1.7999999778190785,0.38051631869723707,32750,0.23000840889807428,0.002088150844394057,0.009033498504815052,0.5096740023873281,0.29999997946066465,0.00011101171230340393,2.3104788869380713e-08,3.5,3.5,0.1,0.0,0.0,0.0
29.391931596997892,hold,0,1.501593828201294,3.4983158111572266,1.7974976301193237,0.315248042345047,0.007115538232028484,-0.0007948409183882177,1.518000187070714,3.499895649052514,1.7999999782815115,0.38050116575883963,32748,0.22960859522004107,0.0020210278257181457,0.009232510157960894,0.49331500122207217,0.29999997946066465,0.00011101171230340393,2.3104788869380713e-08,3.5,3.5,0.1,0.0,0.0,0.0
29.411892264997732,hold,0,1.507591962814331,3.4984443187713623,1.7974982261657715,0.31494149565696716,0.006634843070060015,-0.0007579994853585958,1.523990911860007,3.4998978658547215,1.7999999787428929,0.3804849567519767,32747,0.2291809169386969,0.0019012045717583862,0.009386254976643915,0.48692599739297293,0.29999997946066465,0.00011101171230340393,2.3104788869380713e-08,3.5,3.5,0.1,0.0,0.0,0.0
29.431987729996763,hold,0,1.5135884284973145,3.498561382293701,1.797499418258667,0.3146991431713104,0.006081995088607073,-0.0007221982814371586,1.5299936948500112,3.499900087118935,1.799999979205203,0.3804684326637854,32746,0.22874492516583977,0.001731404955293013,0.009520707137207207,0.5428740005299915,0.29999997946066465,0.00011101171230340393,2.3104788869380713e-08,3.5,3.5,0.1,0.0,0.0,0.0
29.451917592999962,hold,0,1.5198546648025513,3.4986705780029297,1.7975003719329834,0.3143808841705322,0.005430710501968861,-0.0006937362486496568,1.535989777039306,3.4999023059035896,1.7999999796669972,0.3804549487316026,32745,0.2283891485910967,0.001501555114723873,0.009404311084799666,0.4988670007151086,0.29999997946066465,0.00011101171230340393,2.3104788869380713e-08,3.5,3.5,0.1,0.0,0.0,0.0
29.471859791996394,hold,0,1.5259199142456055,3.4987633228302,1.797498345375061,0.3146217465400696,0.004757840186357498,-0.0006703695980831981,1.541988307228738,3.4999045255941006,1.7999999801289797,0.380447469492189,32744,0.22819180718176568,0.0012430224820305835,0.00920771869293091,0.4571389981720131,0.29999997946066465,0.00011101171230340393,2.3104788869380713e-08,3.5,3.5,0.1,0.0,0.0,0.0
29.49184310399869,hold,0,1.5321786403656006,3.4988415241241455,1.7974997758865356,0.3144487142562866,0.00400576600804925,-0.0006454248214140534,1.5479883980171114,3.499906745862094,1.7999999805910825,0.3804349522866478,32743,0.22786153790627317,0.0009275609138090731,0.00902704318154579,0.4542440001387149,0.29999997946066465,0.00011101171230340393,2.3104788869380713e-08,3.5,3.5,0.1,0.0,0.0,0.0
29.511884795996593,hold,0,1.5380699634552002,3.498899221420288,1.797502040863037,0.31405001878738403,0.0032563447020947933,-0.0006291798781603575,1.5539924236067135,3.4999089675861175,1.7999999810534884,0.38042754769160536,32742,0.22766616600541667,0.0005919077104742516,0.009355337520573936,0.48183099715970457,0.29999997946066465,0.00011101171230340393,2.3104788869380713e-08,3.5,3.5,0.1,0.0,0.0,0.0
29.531983641998522,hold,0,1.543973445892334,3.4989418983459473,1.7975040674209595,0.31378674507141113,0.002492231782525778,-0.0006134185241535306,1.560004888794343,3.499911192433122,1.7999999815165442,0.380420486931764,32742,0.2274798662734554,0.00023271740013243523,0.009608526377634208,0.5208370021136943,0.29999997946066465,0.00011101171230340393,2.3104788869380713e-08,3.5,3.5,0.1,0.0,0.0,0.0
29.55190820199641,hold,0,1.5498887300491333,3.498969078063965,1.7975053787231445,0.31363770365715027,0.0017253464320674539,-0.0006611030548810959,1.5659911612850506,3.499913407587805,1.7999999819775827,0.3804457414225642,32744,0.22814621167715465,-0.00014421893459238476,0.009760883662105035,0.49230800141231157,0.29999997946066465,0.00011101171230340393,2.3104788869380713e-08,3.5,3.5,0.1,0.0,0.0,0.0
29.57194207899738,hold,0,1.5558156967163086,3.498981237411499,1.7975047826766968,0.3135882616043091,0.0009654494351707399,-0.0007444649236276746,1.5719898111741635,3.4999156273226095,1.7999999824395747,0.3804910894784119,32748,0.22934273030110575,-0.0005332011682589186,0.009861072352455924,0.5188499999349006,0.29999997946066465,0.00011101171230340393,2.3104788869380713e-08,3.5,3.5,0.1,0.0,0.0,0.0
29.591926027998852,hold,0,1.5617541074752808,3.498978853225708,1.7975025177001953,0.3136310577392578,0.0002253201964776963,-0.0008248029043897986,1.5779970488627275,3.499917850235235,1.7999999829022277,0.3805368824502803,32752,0.23055098813404307,-0.0009269915595454749,0.009909742770877417,0.49905299965757877,0.29999997946066465,0.00011101171230340393,2.3104788869380713e-08,3.5,3.5,0.1,0.0,0.0,0.0
29.611915362998843,hold,0,1.5677039623260498,3.498962879180908,1.7974990606307983,0.313764363527298,-0.00048391224117949605,-0.0008556573884561658,1.58400449505221,3.4999200732250144,1.7999999833648972,0.3805592629699953,32753,0.2311415031661017,-0.0013188146909547333,0.009899635035395038,0.46911499885027297,0.29999997946066465,0.00011101171230340393,2.3104788869380713e-08,3.5,3.5,0.1,0.0,0.0,0.0
29.632039152998914,hold,0,1.5736645460128784,3.498934268951416,1.7974958419799805,0.31398263573646545,-0.0011531613999977708,-0.0008343057706952095,1.5900111369402945,3.4999222959171705,1.7999999838275045,0.38055508731768545,32753,0.23103132764341439,-0.0017029782986638035,0.009833439492192841,0.5410800004028715,0.29999997946066465,0.00011101171230340393,2.3104788869380713e-08,3.5,3.5,0.1,0.0,0.0,0.0
29.651934654997604,hold,0,1.5796360969543457,3.4988930225372314,1.7974931001663208,0.31427592039108276,-0.0017724699573591352,-0.0008141794241964817,1.5959996360310402,3.4999245118957827,1.7999999842887144,0.3805507192241409,32753,0.2309160745155907,-0.0020741775429653554,0.009697223246726283,0.5030620013712905,0.29999997946066465,0.00011101171230340393,2.3104788869380713e-08,3.5,3.5,0.1,0.0,0.0,0.0
29.6718612759978,hold,0,1.5856189727783203,3.4988410472869873,1.7974910736083984,0.3146345019340515,-0.002332917181774974,-0.0007929524872452021,1.60199068692,3.49992672881866,1.7999999847501211,0.38054479208817693,32752,0.23075968570387495,-0.002425735745611341,0.00951750205603541,0.46149600166245364,0.29999997946066465,0.00011101171230340393,2.3104788869380713e-08,3.5,3.5,0.1,0.0,0.0,0.0
29.691925825998624,hold,0,1.5914603471755981,3.4987800121307373,1.7974900007247925,0.3143335282802582,-0.0028235139325261116,-0.0007921459618955851,1.607994086708896,3.499928950311113,1.7999999852124788,0.38054976994692297,32753,0.2308910276232954,-0.0027500540757683083,0.00984587794390368,0.5017030016460922,0.29999997946066465,0.00011101171230340393,2.3104788869380713e-08,3.5,3.5,0.1,0.0,0.0,0.0
29.711893394996878,hold,0,1.5974799394607544,3.4987101554870605,1.7974885702133179,0.31491929292678833,-0.00324563798494637,-0.0007656768430024385,1.6139941774983608,3.4999311705791065,1.7999999856745816,0.3805399545184724,32752,0.23063204534227744,-0.0030477490967817343,0.009517758021587719,0.48267300007864833,0.29999997946066465,0.00011101171230340393,2.3104788869380713e-08,3.5,3.5,0.1,0.0,0.0,0.0
29.732357246997708,hold,0,1.603358268737793,3.4986350536346436,1.7974884510040283,0.3148159980773926,-0.0035844689700752497,-0.0007595270872116089,1.6200039387868033,3.499933394425563,1.7999999861374292,0.380540558411419,32752,0.23064797919311175,-0.003307122063179144,0.009710193254921284,0.7072510015859734,0.29999997946066465,0.00011101171230340393,2.3104788869380713e-08,3.5,3.5,0.1,0.0,0.0,0.0
29.7519378529978,hold,0,1.6092623472213745,3.4985556602478027,1.7974885702133179,0.31485608220100403,-0.0038417603354901075,-0.0007489616982638836,1.625991194077418,3.4999356099439205,1.7999999865985434,0.38053817232471543,32752,0.23058502176029982,-0.0035281644126891752,0.009776620932370417,0.5154499995114747,0.29999997946066465,0.00011101171230340393,2.3104788869380713e-08,3.5,3.5,0.1,0.0,0.0,0.0
29.771900719999394,hold,0,1.615627646446228,3.4984679222106934,1.7974879741668701,0.3156832456588745,-0.004031829070299864,-0.0007173705380409956,1.6319900443660353,3.4999378297528803,1.7999999870605508,0.3805229807643072,32750,0.230184189031851,-0.0037227482749299934,0.008957018825938245,0.4829970021091867,0.29999997946066465,0.00011101171230340393,2.3104788869380713e-08,3.5,3.5,0.1,0.0,0.0,0.0
29.791867007999826,hold,0,1.6215089559555054,3.498384714126587,1.7974896430969238,0.315584272146225,-0.004114873241633177,-0.000709394458681345,1.6379896605553677,3.4999400498452533,1.799999987522617,0.38052021716282325,32750,0.23011127078689242,-0.0038562369429842513,0.009133474298394395,0.4663579966290854,0.29999997946066465,0.00011101171230340393,2.3104788869380713e-08,3.5,3.5,0.1,0.0,0.0,0.0
29.811895323997305,hold,0,1.6274194717407227,3.4983022212982178,1.7974916696548462,0.315634548664093,-0.004116355441510677,-0.0006963866762816906,1.643989681145307,3.4999422700872707,1.7999999879847144,0.3805140586630341,32750,0.22994877738876163,-0.003946136476317634,0.00920128769381523,0.4894539997621905,0.29999997946066465,0.00011101171230340393,2.3104788869380713e-08,3.5,3.5,0.1,0.0,0.0,0.0
29.832013543997164,hold,0,1.633215069770813,3.498223066329956,1.7974942922592163,0.3151782751083374,-0.004030025564134121,-0.0006979093886911869,1.6500050076916875,3.49994449599309,1.7999999884479905,0.380515789517436,32750,0.22999444637034117,-0.003986309952080084,0.009669438122891894,0.5480159998114686,0.2999949819970207,0.00011100986304662304,2.3104403984879776e-08,3.5,3.5,0.1,0.0,0.0,0.0
29.85192856499998,hold,0,1.6391936540603638,3.498145818710327,1.7974969148635864,0.3155653476715088,-0.003871294902637601,-0.0006718982476741076,1.6559349104504797,3.49994669028877,1.7999999889046876,0.38049169055427884,32748,0.22935858982265955,-0.003985369776548077,0.006266852470746542,0.4920489991491195,0.29400518330755665,0.00010879340353197407,2.2643093839662566e-08,3.5,3.5,0.1,0.0,0.0,0.0
29.87190946299961,hold,0,1.6451953649520874,3.4980735778808594,1.7975003719329834,0.316007524728775,-0.003637273097410798,-0.0006420763675123453,1.661750759676021,3.4999488423801877,1.7999999893526009,0.3804687916417256,32746,0.22875439687930132,-0.003939573244385014,0.0026876770470640743,0.4955449985573068,0.28800961531742725,0.0001065748091506934,2.2181339366168942e-08,3.5,3.5,0.1,0.0,0.0,0.0
29.891886222998437,hold,0,1.6512184143066406,3.4980080127716064,1.7975047826766968,0.31649479269981384,-0.0033335359767079353,-0.0005877474322915077,1.667451554640375,3.4999509518970333,1.7999999897916532,0.3804373168336068,32743,0.22792392700809394,-0.003850195794923174,-0.0010616927909872231,0.4741689990623854,0.282008974628222,0.00010435433767258287,2.1719194213844753e-08,3.5,3.5,0.1,0.0,0.0,0.0
29.9119067549982,hold,0,1.657260537147522,3.4979500770568848,1.797511339187622,0.3170001804828644,-0.002964833052828908,-0.00045598438009619713,1.6730296566081155,3.4999530160126775,1.7999999902212562,0.3803700210905458,32737,0.22614831373471667,-0.003718983696058504,-0.004969238790061281,0.48904800132731907,0.27601123313980847,0.00010213493901202644,2.1257272346276456e-08,3.5,3.5,0.1,0.0,0.0,0.0
29.932254415998614,hold,0,1.6636065244674683,3.497898817062378,1.797520399093628,0.31738242506980896,-0.0025199721567332745,-0.0003394561354070902,1.678502038227076,3.4999550410076625,1.7999999906427169,0.3803142472458966,32732,0.22467670833500009,-0.003540562595410042,-0.009252307873123033,0.7234160002553836,0.26999772605112726,9.990970646346658e-05,2.0794136275739755e-08,3.5,3.5,0.1,0.0,0.0,0.0
29.9525163579965,hold,0,1.6696230173110962,3.4978606700897217,1.7975311279296875,0.31740424036979675,-0.00204377225600183,-0.000306428293697536,1.683907009195827,3.4999570410580736,1.799999991058986,0.3803028797210746,32731,0.22437677364312947,-0.003331414019493362,-0.013101734171133694,0.7425879994116258,0.26392383316699186,9.766212881153632e-05,2.0326349534702387e-08,3.5,3.5,0.1,0.0,0.0,0.0
29.971944291999534,hold,0,1.6756504774093628,3.497833251953125,1.7975423336029053,0.31720027327537537,-0.001537398318760097,-0.00027214724104851484,1.6890638185349693,3.499958949278987,1.7999999914561426,0.38029639763149903,32731,0.2242057422559096,-0.0030950196106988522,-0.017028615102602673,0.48742899889475666,0.2579955509730887,9.546843280346955e-05,1.986977714194927e-08,3.5,3.5,0.1,0.0,0.0,0.0
29.991920812997705,hold,0,1.6816807985305786,3.497816562652588,1.7975540161132812,0.31668004393577576,-0.0010131498565897346,-0.00024145760107785463,1.6941613620471447,3.4999608355692287,1.7999999918487348,0.3802964513900281,32731,0.22420716068675617,-0.002837854316846623,-0.020890774126629763,0.4816729997401126,0.25199836988362156,9.324924151241605e-05,1.9407898434048397e-08,3.5,3.5,0.1,0.0,0.0,0.0
30.011857710996992,hold,0,1.6877039670944214,3.4978108406066895,1.7975656986236572,0.31576022505760193,-0.0004823764902539551,-0.00023807976685930043,1.6991302882482144,3.499962674266041,1.7999999922314216,0.38031500146376757,32732,0.22469660854267914,-0.002565540094915733,-0.02466402985597882,0.46063700210652314,0.24601183489311598,9.103398969388248e-05,1.8946839645766285e-08,3.5,3.5,0.1,0.0,0.0,0.0
30.032332143997337,hold,0,1.6908551454544067,3.497814416885376,1.7975751161575317,0.3143540322780609,-0.00016769451030995697,-0.00025218407972715795,1.7040032125161733,3.4999644774383873,1.7999999926067145,0.38031837198251967,32733,0.2247855404358745,-0.0023969833151403063,-0.02527726456906665,0.7992899991222657,0.23999597610559167,8.880788692487841e-05,1.8483522456866336e-08,3.5,3.5,0.1,0.0,0.0,0.0
30.05237749299704,hold,0,1.6969404220581055,3.4978249073028564,1.7975856065750122,0.3131583631038666,0.00034532000427134335,-0.000227669021114707,1.7087792579136154,3.499966244761767,1.7999999929745463,0.38033587282965764,32734,0.2252473042126013,-0.00211688952912948,-0.0292052022275493,0.6742280020262115,0.23394965591896905,8.65705122481924e-05,1.8017859253822992e-08,3.5,3.5,0.1,0.0,0.0,0.0
30.071884866996697,hold,0,1.7029789686203003,3.4978461265563965,1.7975964546203613,0.3113258183002472,0.0008235608111135662,-0.0002067750319838524,1.7133532985469386,3.499967937335492,1.7999999933268205,0.38035777671696225,32736,0.2258252431916148,-0.0018437025570417146,-0.03290567213572837,0.4756839989568107,0.22800880972564538,8.43721670695105e-05,1.7560319232490406e-08,3.5,3.5,0.1,0.0,0.0,0.0
30.091891687996394,hold,0,1.7092522382736206,3.497877359390259,1.797607183456421,0.30868610739707947,0.001261526602320373,-0.000177259324118495,1.7178524328550209,3.499969602190951,1.7999999936733255,0.3803798014669578,32738,0.22640637115983608,-0.0015811143097691454,-0.03653767137656572,0.48189300287049264,0.22201021803618587,8.215245380135281e-05,1.7098331885865416e-08,3.5,3.5,0.1,0.0,0.0,0.0
30.11191167299694,hold,0,1.7149626016616821,3.4979147911071777,1.7976181507110596,0.30463671684265137,0.0016069513512775302,-0.00017921184189617634,1.722242842071251,3.4999712268138783,1.7999999940114573,0.38040409001879383,32740,0.2270472300473294,-0.0013605591787496873,-0.038958010678777466,0.4674970004998613,0.21599604524872398,7.99269749182377e-05,1.6635144545892613e-08,3.5,3.5,0.1,0.0,0.0,0.0
30.132045901998936,hold,0,1.7207460403442383,3.4979584217071533,1.7976282835006714,0.30076783895492554,0.0018619775073602796,-0.00016968371346592903,1.726497964492596,3.499972801375406,1.7999999943391696,0.38043072448862947,32742,0.22774998650737288,-0.001180999640009053,-0.04168119969978412,0.5971659993520007,0.21000290065872088,7.770927728967715e-05,1.617357671290598e-08,3.5,3.5,0.1,0.0,0.0,0.0
30.152205900998524,hold,0,1.7264363765716553,3.4980056285858154,1.797638177871704,0.29626938700675964,0.0020067491568624973,-0.00017233891412615776,1.7306760868797955,3.4999743474439136,1.7999999946609517,0.3804612882336593,32745,0.22855641777465152,-0.0010556178507608433,-0.044088699961710054,0.5262569975457154,0.20394691717304422,7.546832681483137e-05,1.5707169281530267e-08,3.5,3.5,0.1,0.0,0.0,0.0
30.171922942998208,hold,0,1.731893539428711,3.498053550720215,1.797647476196289,0.29054781794548035,0.002021454507485032,-0.000202991534024477,1.7346607117692534,3.4999758219107875,1.7999999949678316,0.380495799616735,32748,0.22946700835712264,-0.0009978255470012853,-0.04575342225256729,0.48562300071353093,0.19799891478085688,7.326733356300338e-05,1.5249078118613774e-08,3.5,3.5,0.1,0.0,0.0,0.0
30.19186789899686,hold,0,1.7372479438781738,3.4980990886688232,1.7976558208465576,0.28429245948791504,0.0018910309299826622,-0.0002446086145937443,1.7385530813009806,3.499977262239575,1.799999995267606,0.38053318906960376,32751,0.23045353745656172,-0.0010188452388548456,-0.04714679970811875,0.4608609997376334,0.19201080358993866,7.105149848874076e-05,1.4787897937730853e-08,3.5,3.5,0.1,0.0,0.0,0.0
30.211915436997515,hold,0,1.7423605918884277,3.4981396198272705,1.797663688659668,0.2769226133823395,0.0016044353833422065,-0.00029229559004306793,1.7423429922244094,3.4999786646546744,1.7999999955594899,0.38056181843736786,32754,0.2312089297458524,-0.00112724522850066,-0.047822625462971446,0.4656119999708608,0.18599516740195496,6.882547809026285e-05,1.432459789255004e-08,3.5,3.5,0.1,0.0,0.0,0.0
30.232112229998165,hold,0,1.747361660003662,3.498171806335449,1.7976709604263306,0.2691609263420105,0.0011497855884954333,-0.0002733776345849037,1.7460008162521647,3.4999800181924625,1.7999999958412005,0.3805545671451884,32753,0.2310176027754185,-0.0013328990927252383,-0.04830830385740015,0.62036900271778,0.1799986334128307,6.660652625161605e-05,1.3862769021708573e-08,3.5,3.5,0.1,0.0,0.0,0.0
30.25243649299955,hold,0,1.7522380352020264,3.49819278717041,1.7976778745651245,0.26101240515708923,0.00051468750461936,-0.0002650301903486252,1.7495368754454583,3.499981326672505,1.7999999961135336,0.38054935030761194,32753,0.2308799553459604,-0.00164524037569512,-0.048585398710660366,0.8649150004202966,0.17400538112301894,6.438878876991887e-05,1.3401192894116907e-08,3.5,3.5,0.1,0.0,0.0,0.0
30.27189813899895,hold,0,1.7569774389266968,3.4981987476348877,1.7976844310760498,0.25249364972114563,-0.0003118162858299911,-0.00026960670948028564,1.7529547090914577,3.499982591404476,1.7999999963767614,0.38054723506553306,32752,0.23082414420931485,-0.002074037269347356,-0.04864898104417703,0.48393600081908517,0.1680094420339746,6.21700570675422e-05,1.2939409840081062e-08,3.5,3.5,0.1,0.0,0.0,0.0
30.291865902996506,hold,0,1.761568307876587,3.498185634613037,1.797690987586975,0.24363479018211365,-0.0013388930819928646,-0.0002512522041797638,1.7562539838743556,3.4999838122650364,1.7999999966308582,0.38052999026757217,32751,0.23036913634754974,-0.0026284848684688233,-0.048505237428229764,0.4661110033339355,0.1620111350443497,5.99504491494455e-05,1.2477444419889473e-08,3.5,3.5,0.1,0.0,0.0,0.0
30.311872318998212,hold,0,1.7661930322647095,3.498147487640381,1.7976980209350586,0.23389612138271332,-0.00263512646779418,-0.0001874910667538643,1.7594347145498215,3.499984989259646,1.7999999968758253,0.3804842824503735,32747,0.2291631253396691,-0.0033511155086105257,-0.04806390380736869,0.47185400035232306,0.1560101586555798,5.7729853449381495e-05,1.2015273413338297e-08,3.5,3.5,0.1,0.0,0.0,0.0
30.332287423996604,hold,0,1.7704135179519653,3.4980835914611816,1.7977055311203003,0.22430682182312012,-0.004081149585545063,-0.0001384299248456955,1.7625027791979504,3.499986124563424,1.7999999971121152,0.38044177137106505,32743,0.22804146097796796,-0.004179705725149715,-0.047401538062833204,0.7835959986550733,0.1499944363664662,5.550380119012187e-05,1.1551966736995602e-08,3.5,3.5,0.1,0.0,0.0,0.0
30.352348766999057,hold,0,1.7744656801223755,3.49798846244812,1.7977125644683838,0.21454328298568726,-0.005727344658225775,-0.00010309088975191116,1.7654484826119023,3.499987214588765,1.7999999973389815,0.38040487906328097,32740,0.2270680491630852,-0.00514651447755246,-0.04659636568803327,0.7684199990762863,0.14398232187851467,5.327908395823582e-05,1.1088937918952371e-08,3.5,3.5,0.1,0.0,0.0,0.0
30.37189250499796,hold,0,1.7783429622650146,3.4978582859039307,1.7977187633514404,0.20464804768562317,-0.0075622182339429855,-0.00013843737542629242,1.7682557184000198,3.4999882533756748,1.7999999975551835,0.3804030215621219,32740,0.22701903857841366,-0.006248996757382946,-0.045658629638670956,0.48364200119976886,0.13800930278780232,5.106883355064258e-05,1.062892007077854e-08,3.5,3.5,0.1,0.0,0.0,0.0
30.3918982819996,hold,0,1.7820905447006226,3.497690200805664,1.797721028327942,0.19488978385925293,-0.009580302983522415,-0.00023090746253728867,1.7709567353207714,3.4999892528574543,1.7999999977632049,0.3804368498768066,32743,0.22791160624819362,-0.007487005587087418,-0.04477928529339925,0.4875880003964994,0.13200741499809215,4.884790059662557e-05,1.0166678871801558e-08,3.5,3.5,0.1,0.0,0.0,0.0
30.411871863998385,hold,0,1.7856024503707886,3.4974801540374756,1.7977222204208374,0.18483677506446838,-0.011749004013836384,-0.0003236960619688034,1.7735354831595211,3.499990207094897,1.7999999979618098,0.38046885425608656,32746,0.22875604897325807,-0.008848015373461068,-0.04362316476436767,0.47043599988683127,0.12601074960954797,4.662890013506009e-05,9.70483988110655e-09,3.5,3.5,0.1,0.0,0.0,0.0
30.432015292997676,hold,0,1.7889291048049927,3.497225761413574,1.7977205514907837,0.17477825284004211,-0.014060026034712791,-0.0004233471117913723,1.776001662439695,3.4999911196775755,1.799999998151745,0.38050842143710073,32749,0.22980003791822412,-0.010329945002280589,-0.04239667543115333,0.5377559973567259,0.11999583972106413,4.4403148495771e-05,9.241595772584898e-09,3.5,3.5,0.1,0.0,0.0,0.0
30.45222028399803,hold,0,1.792069435119629,3.496924877166748,1.7977155447006226,0.16475732624530792,-0.01649084873497486,-0.0005273721180856228,1.7783386235674998,3.499991984444489,1.799999998331728,0.3805554407321239,32753,0.2310406525626334,-0.011923078128848463,-0.04111746471828126,0.6703040016873274,0.11400361823064892,4.218579245012011e-05,8.780099033006746e-09,3.5,3.5,0.1,0.0,0.0,0.0
30.471904813999572,hold,0,1.7950233221054077,3.496575117111206,1.7977079153060913,0.154810830950737,-0.019014770165085793,-0.0006331759504973888,1.7805575170586463,3.499992805521765,1.7999999985026185,0.38060827492396,32758,0.23243469456358667,-0.013615805526955946,-0.03980762318733877,0.49904699699254707,0.1080068931417852,3.9966769897104135e-05,8.31825544443383e-09,3.5,3.5,0.1,0.0,0.0,0.0
30.491875650997827,hold,0,1.797791838645935,3.4961748123168945,1.7976974248886108,0.14497625827789307,-0.02160317450761795,-0.0007356824353337288,1.7826564953939565,3.4999935822257484,1.7999999986642732,0.3806651473288118,32763,0.2339352857206265,-0.015394799499010153,-0.038487750065623105,0.4770170016854536,0.10201030365202385,3.77477975210534e-05,7.856422299157067e-09,3.5,3.5,0.1,0.0,0.0,0.0
30.51188948699928,hold,0,1.8004623651504517,3.4957005977630615,1.7976845502853394,0.13462825119495392,-0.024345094338059425,-0.0007803146727383137,1.784637849636959,3.499994315404223,1.7999999988168691,0.3806955409165772,32765,0.23473722735032077,-0.017332588702456943,-0.03692532724701225,0.47776799692655914,0.09600671636280425,3.5526235685824655e-05,7.394050211579959e-09,3.5,3.5,0.1,0.0,0.0,0.0
30.532177885997953,hold,0,1.8028360605239868,3.495201349258423,1.7976711988449097,0.12503182888031006,-0.02695305459201336,-0.0007846769876778126,1.7865065013102555,3.499995006878343,1.799999998960785,0.38071135296528535,32767,0.2351544318017229,-0.019226682348928246,-0.035579139718043606,0.6157179996080231,0.08997832327595258,3.329549473640018e-05,6.929767681481971e-09,3.5,3.5,0.1,0.0,0.0,0.0
30.552367267999216,hold,0,1.8050729036331177,3.4946513175964355,1.7976573705673218,0.11583513021469116,-0.02954665757715702,-0.0007778932340443134,1.7882413816582987,3.499995648851847,1.7999999990943987,0.38072701933305997,32768,0.2355677924290216,-0.02116648795004041,-0.03441628323312673,0.8209150000766385,0.08399506248579426,3.108145449990616e-05,6.468961058909591e-09,3.5,3.5,0.1,0.0,0.0,0.0
30.572011215997918,hold,0,1.8071010112762451,3.494053363800049,1.7976436614990234,0.10671879351139069,-0.0320630744099617,-0.0007619122043251991,1.7898577649518463,3.499996246976812,1.799999999218886,0.3807393430450125,32769,0.23589295633278162,-0.023116013194066982,-0.033202928625881034,0.6086870016588364,0.07800859319499862,2.8866226992831925e-05,6.007907330554252e-09,3.5,3.5,0.1,0.0,0.0,0.0
30.59164558899647,hold,0,1.8089638948440552,3.493407964706421,1.7976300716400146,0.09788057953119278,-0.03448101878166199,-0.000735799316316843,1.7913563645845871,3.499996801517221,1.799999999334302,0.3807496758293328,32770,0.23616558916445207,-0.025063658384287216,-0.0320898399666969,0.2960439996968489,0.07201514350592371,2.6648416465695717e-05,5.546316000067218e-09,3.5,3.5,0.1,0.0,0.0,0.0
30.611714316997677,hold,0,1.8106669187545776,3.492718458175659,1.7976173162460327,0.08933422714471817,-0.036769017577171326,-0.0006961170583963394,1.7927373876001755,3.4999973125496884,1.799999999440663,0.3807552362862111,32770,0.23631230306625461,-0.02698963332224978,-0.031091340841885362,0.34994200177607127,0.0660118712168983,2.442697119284473e-05,5.083968172535041e-09,3.5,3.5,0.1,0.0,0.0,0.0
30.631779624996852,hold,0,1.812214732170105,3.4919872283935547,1.7976059913635254,0.08108299970626831,-0.038899317383766174,-0.000592666445299983,1.7939980368830408,3.499997779039172,1.7999999995377531,0.3807298782869018,32768,0.23564322656732806,-0.028878927210562982,-0.030213193545944872,0.37306599915609695,0.06000981272777725,2.2205975073377084e-05,4.621713826977663e-09,3.5,3.5,0.1,0.0,0.0,0.0
30.65231061599843,hold,0,1.813612937927246,3.4912195205688477,1.79759681224823,0.07313260436058044,-0.04083907976746559,-0.00048640719614923,1.7951403923762213,3.499998201755332,1.7999999996257328,0.3807028340353551,32766,0.23492965792493514,-0.030706877741132947,-0.02946549798660336,0.6167179999465588,0.05399781823963985,1.9981302246110217e-05,4.158694250836299e-09,3.5,3.5,0.1,0.0,0.0,0.0
30.671894594997866,hold,0,1.8148670196533203,3.4904189109802246,1.7975893020629883,0.06548372656106949,-0.04255519434809685,-0.0004167066654190421,1.7961572482763526,3.49999857803174,1.7999999997040468,0.3806937738240419,32765,0.23469060221746396,-0.032450657580352114,-0.02883876131788221,0.5287109997880179,0.04801719354911735,1.776823746946422e-05,3.6980906500295665e-09,3.5,3.5,0.1,0.0,0.0,0.0
30.691904987997987,hold,0,1.815982699394226,3.4895899295806885,1.7975836992263794,0.05813103914260864,-0.04401944950222969,-0.0003333636559545994,1.7970592305099233,3.4999989118004033,1.7999999997735139,0.38067708174855674,32764,0.2342501780621813,-0.03409273606545704,-0.028359846419640622,0.4840199981117621,0.0420054945601539,1.554367398843579e-05,3.2350938320431768e-09,3.5,3.5,0.1,0.0,0.0,0.0
30.71188232499844,hold,0,1.8169652223587036,3.488738536834717,1.7975800037384033,0.0510668009519577,-0.045205190777778625,-0.00023956748191267252,1.7978391250509875,3.4999992003918514,1.799999999833578,0.380653649435405,32762,0.2336319112244034,-0.03561282462622231,-0.02801427501441922,0.46911699973861687,0.036007289270947165,1.332410370346688e-05,2.7731362444077564e-09,3.5,3.5,0.1,0.0,0.0,0.0
30.732122788998822,hold,0,1.8178194761276245,3.487870931625366,1.7975785732269287,0.044276654720306396,-0.04609283432364464,-0.00013658637180924416,1.79850158857822,3.4999994455292365,1.7999999998845984,0.3806232972408146,32759,0.23283106176291746,-0.036994184356603656,-0.027814979642788007,0.5687150005542208,0.029984108983180855,1.1095291693349e-05,2.3092551830782062e-09,3.5,3.5,0.1,0.0,0.0,0.0
30.752465115998348,hold,0,1.818550705909729,3.4869942665100098,1.797579050064087,0.03774173930287361,-0.046666987240314484,-2.560415305197239e-05,1.7990441941835775,3.499999646314508,1.7999999999263878,0.38058649838616193,32756,0.2318601157298641,-0.03822117689283336,-0.027754020983835836,0.7362059986917302,0.023947514497130847,8.861515905822439e-06,1.8443410142806024e-09,3.5,3.5,0.1,0.0,0.0,0.0
30.77183395499742,landing,0,1.819163203239441,3.486114263534546,1.7975819110870361,0.03144003450870514,-0.046914197504520416,9.1660360340029e-05,1.7990815036500032,3.499999646322266,1.799962711425003,0.3786037961595268,32585,0.17954607281073187,-0.0394882935060202,-0.03573059263022338,0.4525219992501661,0.003979134831662133,8.273949598679257e-10,-0.003976898864980142,3.5,3.5,0.1,0.0,0.0,0.0
30.791886746999808,landing,0,1.8196611404418945,3.4852373600006104,1.7975871562957764,0.025347623974084854,-0.046826768666505814,0.00017894647317007184,1.7992036042507185,3.499999646347655,1.799840679435402,0.3762342157155056,32381,0.11702416135898552,-0.040617631753081904,-0.030856782340925593,0.4786339995916933,0.008225020870460129,1.7102564001794671e-09,-0.008220399043504507,3.5,3.5,0.1,0.0,0.0,0.0
30.81191398899682,landing,0,1.8200377225875854,3.4843909740448,1.7975928783416748,0.019386641681194305,-0.04630470648407936,0.00018640115740709007,1.7994110835838082,3.4999996463907967,1.7996333166896852,0.37379751059127597,32172,0.0527311501655916,-0.04150379349475852,-0.0257718150763504,0.46620700231869705,0.01247804991734432,2.594603110314435e-09,-0.01247103821629579,3.5,3.5,0.1,0.0,0.0,0.0
30.832212845998583,landing,0,1.8203014135360718,3.4835782051086426,1.7975947856903076,0.013547183945775032,-0.04537956416606903,-0.00016460474580526352,1.7997044293249673,3.499999646451793,1.7993401357861931,0.37143816716497347,31968,-0.009520655277746926,-0.042139983940794726,-0.020463618883601153,0.6010840006638318,0.01673895933694349,3.4805884129932834e-09,-0.016729553333640765,3.5,3.5,0.1,0.0,0.0,0.0
30.852321516998927,landing,0,1.8204749822616577,3.482745409011841,1.7975791692733765,0.007814106531441212,-0.044327445328235626,-0.0013439739122986794,1.8000815512240342,3.4999996465302092,1.798963225800529,0.36942789328362213,31795,-0.06256218249018275,-0.04269775104115173,-0.014952943788610451,0.7577620017400477,0.020981825252270155,4.362821868819736e-09,-0.020970035085770108,3.5,3.5,0.1,0.0,0.0,0.0
30.87180023199835,landing,0,1.820539116859436,3.4819607734680176,1.7975237369537354,0.002070356858894229,-0.04286312684416771,-0.00368904578499496,1.8005401077321996,3.4999996466255583,1.7985049269657316,0.36796828876518023,31670,-0.10107417506120875,-0.04292133027580277,-0.009170663135558144,0.4323049979575444,0.025196045508328685,5.2390989358573604e-09,-0.02518188727528107,3.5,3.5,0.1,0.0,0.0,0.0
30.891887657999177,landing,0,1.8205007314682007,3.481210708618164,1.7974032163619995,-0.0035244261380285025,-0.041091565042734146,-0.007243790663778782,1.8010872056550196,3.4999996467393184,1.7979581364697215,0.36707487045442255,31593,-0.12464721756141195,-0.04287624330610133,-0.0031914107149897397,0.47868600086076185,0.029445202057563347,6.122640424462306e-09,-0.02942865612646764,3.5,3.5,0.1,0.0,0.0,0.0
30.911873160999676,landing,0,1.8203635215759277,3.4805169105529785,1.7971962690353394,-0.008821289986371994,-0.03895900771021843,-0.011923504993319511,1.8017186264534684,3.4999996468706116,1.797327070481031,0.3667572810306107,31566,-0.13302688573586607,-0.04250673577026522,0.0028471340460394234,0.46584600204369053,0.03368952891205596,7.005177658309287e-09,-0.033670597996827874,3.5,3.5,0.1,0.0,0.0,0.0
30.93207644299764,landing,0,1.8201342821121216,3.4798645973205566,1.796878695487976,-0.013696215115487576,-0.036569781601428986,-0.01761646382510662,1.802435877514071,3.4999996470197523,1.7966102224601699,0.3669843521366,31585,-0.12703556367810087,-0.04189027465461241,0.008849803468541362,0.6124050014477689,0.03793907907716214,7.888800992793298e-09,-0.03791776024270421,3.5,3.5,0.1,0.0,0.0,0.0
30.95236057299917,landing,0,1.8198212385177612,3.479238510131836,1.7964444160461426,-0.018077919259667397,-0.034036844968795776,-0.023995736613869667,1.8032380133497423,3.499999647186543,1.7958085373629324,0.3676055022804726,31639,-0.11064637782394193,-0.041124872029553484,0.014744050164326339,0.8160700017469935,0.04218751905497827,8.772193482280302e-09,-0.042163812925130086,3.5,3.5,0.1,0.0,0.0,0.0
30.971839869998803,landing,0,1.8194364309310913,3.4787070751190186,1.79584801197052,-0.02186252549290657,-0.03107064589858055,-0.03097059763967991,1.804121043268659,3.4999996473701542,1.7949260036386816,0.36864152451914256,31728,-0.0833106987033645,-0.0399796518337255,0.020427043626061847,0.4607350019796286,0.04641691398374836,9.65162587032371e-09,-0.04639083126035766,3.5,3.5,0.1,0.0,0.0,0.0
30.99184252699706,landing,0,1.818989634513855,3.4782118797302246,1.7951196432113647,-0.02502323128283024,-0.027994878590106964,-0.038025371730327606,1.8050919161328824,3.4999996475720314,1.79395567633008,0.3697742634038268,31825,-0.053423129186629836,-0.03873300925835156,0.025904615693071564,0.4505100005189888,0.05066115002079195,1.0534144220191444e-08,-0.05063268236430127,3.5,3.5,0.1,0.0,0.0,0.0
31.01184529099919,landing,0,1.8184623718261719,3.477734088897705,1.7942230701446533,-0.0276477187871933,-0.0246745478361845,-0.04518981650471687,1.8061476100206233,3.499999647791545,1.7929005756608298,0.3710741376835699,31937,-0.019125654787075064,-0.037327046717244475,0.031224335640171352,0.4510930011747405,0.05490510872291295,1.1416604902870994e-08,-0.054874256289163106,3.5,3.5,0.1,0.0,0.0,0.0
31.03177738299928,landing,0,1.8179339170455933,3.4773733615875244,1.7932214736938477,-0.029322002083063126,-0.021200057119131088,-0.05168736353516579,1.8072909989096722,3.499999648029294,1.7917578292680945,0.37206035191082965,32022,0.006895828781782853,-0.03575237362272732,0.03612851772295733,0.3538169985404238,0.059159159047895364,1.2301163970814088e-08,-0.059125916166173145,3.5,3.5,0.1,0.0,0.0,0.0
31.05255943499651,landing,0,1.8173872232437134,3.477079391479492,1.792096495628357,-0.0302002914249897,-0.01757495291531086,-0.05765322223305702,1.8085355256463065,3.4999996482880724,1.7905140018594388,0.37278611673960244,32084,0.026045296559429332,-0.03405731995927752,0.04076555821212824,0.7529619979322888,0.06346623075983474,1.3196747955023986e-08,-0.06343056763621263,3.5,3.5,0.1,0.0,0.0,0.0
31.071834609996586,landing,0,1.8168381452560425,3.476855754852295,1.7908618450164795,-0.030246442183852196,-0.013820037245750427,-0.0629684329032898,1.809822901828088,3.499999648555761,1.7892273490837167,0.3733394898924866,32132,0.04064617130571335,-0.03223821488463047,0.04493378107565116,0.46332000056281686,0.06763359655420498,1.4063282415417636e-08,-0.06759559169262674,3.5,3.5,0.1,0.0,0.0,0.0
31.09189588299705,landing,0,1.8163038492202759,3.4767043590545654,1.7895311117172241,-0.029441311955451965,-0.00995506439357996,-0.06771573424339294,1.8112199660104542,3.4999996488462575,1.7878310699436015,0.373551869592584,32150,0.04624985732411524,-0.03031535987601226,0.04882479674929763,0.48379600048065186,0.07188319743248117,1.494691629486256e-08,-0.07184280462317622,3.5,3.5,0.1,0.0,0.0,0.0
31.11201699099911,landing,0,1.815816879272461,3.4766464233398438,1.7881016731262207,-0.027699239552021027,-0.00590914161875844,-0.07208620011806488,1.8127047319233183,3.4999996491549896,1.7863471383545924,0.37358233402868096,32153,0.0470536683029259,-0.028210430298005865,0.05228269642124883,0.5433040023490321,0.0761400283166904,1.583205353388736e-08,-0.07609724349695336,3.5,3.5,0.1,0.0,0.0,0.0
31.13207671299824,landing,0,1.8153432607650757,3.4766438007354736,1.786549687385559,-0.02504984475672245,-0.0016966925468295813,-0.07612073421478271,1.8142716291021377,3.4999996494808,1.7847811216510607,0.373495950977564,32146,0.04477443212569732,-0.025964445790003014,0.05534066081376654,0.552960998902563,0.0803882384907814,1.6715398239508785e-08,-0.08034306650478606,3.5,3.5,0.1,0.0,0.0,0.0
31.15188850999766,landing,0,1.8149418830871582,3.4767050743103027,1.7850069999694824,-0.021738266572356224,0.00229231477715075,-0.07971895486116409,1.8159237162478086,3.499999649824324,1.7831299628508641,0.3730721667501401,32109,0.03359279024116191,-0.023789466984434175,0.05811193551430738,0.3702829999383539,0.08463679496183234,1.7598814951827994e-08,-0.08458923561498655,3.5,3.5,0.1,0.0,0.0,0.0
31.171696677,landing,0,1.8146395683288574,3.4768614768981934,1.7833846807479858,-0.017515283077955246,0.00638965517282486,-0.08329400420188904,1.8176508762612997,3.4999996501834585,1.7814037733680055,0.3726457916496686,32072,0.022342787590199364,-0.02144800741422167,0.06036170459893242,0.3061950010305736,0.08886149281664747,1.847727066140212e-08,-0.08881155951565223,3.5,3.5,0.1,0.0,0.0,0.0
31.191721635997965,landing,0,1.8144335746765137,3.4770946502685547,1.7816925048828125,-0.012513910420238972,0.010490643791854382,-0.08688463270664215,1.8194708556987444,3.4999996505618927,1.779584816618546,0.3721823732460373,32032,0.01011538907749987,-0.01901754028667866,0.06221098928648128,0.3219880018150434,0.09310603504637202,1.935985267894931e-08,-0.09305371664022014,3.5,3.5,0.1,0.0,0.0,0.0
31.21179113099788,landing,0,1.8143320083618164,3.4774181842803955,1.7798433303833008,-0.0064987787045538425,0.014766094274818897,-0.0907726138830185,1.8213733053041012,3.499999650957476,1.7776834360430442,0.3719516776743489,32013,0.004028434679389292,-0.01637821115893213,0.06345222737972978,0.38875199970789254,0.09734526993886672,2.024133112392103e-08,-0.09729056940987212,3.5,3.5,0.1,0.0,0.0,0.0
31.231953835998866,landing,0,1.8143668174743652,3.477811574935913,1.777970790863037,-2.589961513876915e-05,0.018843863159418106,-0.09483817219734192,1.8233702599712778,3.499999651372709,1.7756876035102735,0.3717071651573935,31992,-0.0024230829183782276,-0.013766849998107688,0.06441660215201606,0.46361400018213317,0.10160499872390918,2.1127070933264525e-08,-0.1015479045560859,3.5,3.5,0.1,0.0,0.0,0.0
31.25233534799918,landing,0,1.8145402669906616,3.4782726764678955,1.7760695219039917,0.0070923976600170135,0.02286568097770214,-0.09883713722229004,1.825476039267441,3.4999996518105707,1.7735830074995595,0.3713002260195919,31957,-0.013160263335308287,-0.011113572868614528,0.06505558200198736,0.5328000006556977,0.10591144086304881,2.202252400827345e-08,-0.10585192680709697,3.5,3.5,0.1,0.0,0.0,0.0
31.271856519997527,landing,0,1.8148616552352905,3.4788076877593994,1.774080514907837,0.014795051887631416,0.026852982118725777,-0.10303763300180435,1.827593721707377,3.499999652250908,1.7714665150337205,0.37115029860263055,31944,-0.017116131856715455,-0.008386968964233906,0.06510940374210739,0.48842999967746437,0.11007244133284239,2.2887734905205328e-08,-0.11001058911575556,3.5,3.5,0.1,0.0,0.0,0.0
31.29187016599826,landing,0,1.8153417110443115,3.4794158935546875,1.7720004320144653,0.023017622530460358,0.030788453295826912,-0.10743381828069687,1.8298395985697171,3.4999996527179005,1.7692219001808496,0.37100470733664315,31931,-0.02095759006218678,-0.005606956926845498,0.06489545642046202,0.4728900021291338,0.11431996740136144,2.3770937362442064e-08,-0.11425572840243085,3.5,3.5,0.1,0.0,0.0,0.0
31.31187035699986,landing,0,1.8159887790679932,3.4800965785980225,1.7698253393173218,0.03169188275933266,0.03465442731976509,-0.11203321814537048,1.8321687894489043,3.499999653202217,1.766894018127179,0.3709713450112593,31928,-0.02183786249975661,-0.002783196114232138,0.0643256349658039,0.4717919982795138,0.11856443239298659,2.4653503319610086e-08,-0.11849780833230121,3.5,3.5,0.1,0.0,0.0,0.0
31.332096877998993,landing,0,1.8168107271194458,3.480847120285034,1.7675520181655884,0.040755487978458405,0.038436710834503174,-0.11680525541305542,1.8345922091144586,3.499999653706127,1.764471960236447,0.3710172698573912,31932,-0.020626125134798556,7.109311537087333e-05,0.06345336023339287,0.5606710001302417,0.12282501143012027,2.553941992474579e-08,-0.12275599325283015,3.5,3.5,0.1,0.0,0.0,0.0
31.352774468999996,landing,0,1.8178136348724365,3.4816665649414062,1.7651777267456055,0.05014771595597267,0.04211845248937607,-0.12168079614639282,1.8371026439503373,3.49999965422813,1.761962936071201,0.3711278583302817,31942,-0.01770822347541845,0.0029439185671029542,0.06229286401107781,1.0524130011617672,0.12708804043250133,2.6425845959439247e-08,-0.12701662676191508,3.5,3.5,0.1,0.0,0.0,0.0
31.371824572997866,landing,0,1.8190022706985474,3.4825522899627686,1.7627012729644775,0.059799354523420334,0.045681025832891464,-0.12665913999080658,1.839659811210423,3.4999996547598506,1.7594072057417636,0.37138647609278397,31964,-0.010884535810451013,0.005819429577618638,0.06078488006508653,0.4697820004366804,0.13128819089676297,2.7299197447095517e-08,-0.13121441706576628,3.5,3.5,0.1,0.0,0.0,0.0
31.3920175059975,landing,0,1.8203670978546143,3.4835073947906494,1.7601020336151123,0.06958703696727753,0.04913061857223511,-0.13178229331970215,1.842335578678597,3.499999655316232,1.756732941848402,0.37169652813315507,31991,-0.0027037431885226226,0.00870310784661419,0.05916543469415636,0.5633669970848132,0.13554386767057292,2.81840947080427e-08,-0.13546770247766513,3.5,3.5,0.1,0.0,0.0,0.0
31.411916132998158,landing,0,1.8219491243362427,3.4845123291015625,1.7574403285980225,0.07962899655103683,0.05239022523164749,-0.1366165727376938,1.8450874067524532,3.4999996558884288,1.7539826600895483,0.37184994607891186,32004,0.001344223717989479,0.01153755413253991,0.05727645140950477,0.5043819983256981,0.1397854424005692,2.9066059683337626e-08,-0.13970689377001058,3.5,3.5,0.1,0.0,0.0,0.0
31.432293194997328,landing,0,1.8237111568450928,3.4855809211730957,1.7546592950820923,0.08967968821525574,0.05550912767648697,-0.1414751261472702,1.8479601452203998,3.499999656485767,1.7511115358789147,0.3719904012368322,32016,0.005050164560215009,0.014362443597577892,0.055351470438050665,0.5800139988423325,0.14408022800391068,2.9959088975444755e-08,-0.14399926603529703,3.5,3.5,0.1,0.0,0.0,0.0
31.452537473996927,landing,0,1.8256622552871704,3.486715316772461,1.7517609596252441,0.09972341358661652,0.05849744752049446,-0.14633585512638092,1.8508615644838824,3.499999657089069,1.7482117469891383,0.3722842414965966,32041,0.012803205714948973,0.017178020745474833,0.05319246500643926,0.960560002567945,0.14829169210204088,3.083479294524518e-08,-0.14820836361562773,3.5,3.5,0.1,0.0,0.0,0.0
31.471771872998943,landing,0,1.8278111219406128,3.4878904819488525,1.7487884759902954,0.1097438707947731,0.061249442398548126,-0.15098434686660767,1.8538472779041522,3.4999996577098984,1.7452277113093857,0.3724610027500228,32056,0.017467091029624626,0.01991167651128692,0.05094418647580001,0.4418200005602557,0.15250414034599283,3.171070155181392e-08,-0.15241844478876615,3.5,3.5,0.1,0.0,0.0,0.0
31.491906117997132,landing,0,1.830148458480835,3.4891116619110107,1.745724081993103,0.11965437978506088,0.06378909945487976,-0.15553030371665955,1.8569484353913415,3.499999658354733,1.7421282964333695,0.37253992571666195,32063,0.019549491204799097,0.022583646741977235,0.04871484509674251,0.496564000059152,0.15675966391731935,3.259556695685071e-08,-0.15667157708426954,3.5,3.5,0.1,0.0,0.0,0.0
31.511927482999454,landing,0,1.832661747932434,3.4903576374053955,1.7425931692123413,0.1293576955795288,0.06602611392736435,-0.15983419120311737,1.860126880068599,3.4999996590156375,1.738951637796721,0.37249307142975274,32059,0.018313230336483244,0.025126666141334582,0.04650199129875121,0.513113998749759,0.16100456835772634,3.3478224290089815e-08,-0.16091409621598543,3.5,3.5,0.1,0.0,0.0,0.0
31.531959078998625,landing,0,1.8353725671768188,3.491676092147827,1.7393302917480469,0.1389429122209549,0.06816812604665756,-0.16427797079086304,1.8633956896873842,3.499999659695332,1.7356846649966682,0.3725682818217457,32066,0.020297673396981963,0.027687796687143478,0.04422633742744542,0.48472799971932545,0.16525646493733703,3.436233552247549e-08,-0.16516360355786244,3.5,3.5,0.1,0.0,0.0,0.0
31.552308569996967,landing,0,1.8382495641708374,3.4930098056793213,1.7360061407089233,0.14823204278945923,0.06997797638177872,-0.16851145029067993,1.8667852882147429,3.499999660400143,1.7322969711620864,0.37244662671413337,32055,0.017087776098504648,0.030101697823655103,0.042108306276269714,0.5726549970859196,0.16955290669640796,3.525570918464327e-08,-0.16945763104824663,3.5,3.5,0.1,0.0,0.0,0.0
31.57181106599819,landing,0,1.8412954807281494,3.494370460510254,1.7325986623764038,0.15723443031311035,0.0715174525976181,-0.17272771894931793,1.8701625405696978,3.499999661102386,1.7289216165623125,0.3724972287230418,32060,0.018422921452289742,0.03238546065615465,0.03986467773905389,0.4533159990387503,0.17372805652969878,3.61238622065692e-08,-0.17363043476955217,3.5,3.5,0.1,0.0,0.0,0.0
31.591950053996698,landing,0,1.8444278240203857,3.495718240737915,1.7292102575302124,0.16557614505290985,0.07262137532234192,-0.17637377977371216,1.8736906667123,3.4999996618360014,1.7253954729543162,0.3720172461821463,32018,0.005758474462961516,0.03447035009754677,0.03814441431810511,0.5006350002076942,0.17798515498753922,3.700905508308387e-08,-0.17788514106660483,3.5,3.5,0.1,0.0,0.0,0.0
31.611925636996602,landing,0,1.8477977514266968,3.497119426727295,1.7256263494491577,0.17398439347743988,0.073619045317173,-0.18066689372062683,1.8772882422778376,3.4999996625840573,1.7217999189486002,0.37202670018557715,32019,0.006007920463776628,0.03651242099640123,0.03614520062482218,0.5141439978615381,0.18222367118652844,3.789038408768494e-08,-0.1821212755466016,3.5,3.5,0.1,0.0,0.0,0.0
31.632110496997484,landing,0,1.8513156175613403,3.4985311031341553,1.721960186958313,0.1820315271615982,0.07431165128946304,-0.1849430501461029,1.8809960283457143,3.49999966335503,1.7180942163703417,0.371981324415837,32015,0.004810670602557465,0.03840736359785604,0.03432058417106032,0.5669300007866696,0.18649125657984505,3.877775754815178e-08,-0.18638646288628202,3.5,3.5,0.1,0.0,0.0,0.0
31.651935302998027,landing,0,1.8549691438674927,3.499943733215332,1.718263030052185,0.1892237365245819,0.07436332106590271,-0.1882723867893219,1.8847560602104856,3.4999996641368663,1.7143362973532945,0.3714569641841189,31970,-0.009024691711903898,0.040010782681679666,0.03288811048586804,0.4753379980684258,0.19072148139052397,3.9657362496346496e-08,-0.19061431063708884,3.5,3.5,0.1,0.0,0.0,0.0
31.67186734599818,landing,0,1.85866117477417,3.5013182163238525,1.7145466804504395,0.19609427452087402,0.07424259930849075,-0.192152202129364,1.8886054712884,3.4999996649372873,1.710489049347324,0.37111940953521777,31941,-0.017931146828027877,0.041463889002334275,0.031667078508026636,0.46651099910377525,0.19495719835684724,4.053810944703452e-08,-0.1948476474573724,3.5,3.5,0.1,0.0,0.0,0.0
31.691924970997206,landing,0,1.8625785112380981,3.502723455429077,1.7106188535690308,0.20308160781860352,0.07398314028978348,-0.19681976735591888,1.8925518870609748,3.499999665757879,1.7065448511558452,0.371310005972608,31957,-0.012902217081585121,0.042816629816376836,0.030206485447294984,0.47612299749744125,0.1992061798481868,4.142161453525943e-08,-0.1990942413490329,3.5,3.5,0.1,0.0,0.0,0.0
31.711943664999126,landing,0,1.866614818572998,3.504115104675293,1.7065998315811157,0.20969513058662415,0.07339037954807281,-0.2016342133283615,1.8965797242150704,3.4999996665954005,1.7025192773353781,0.37158809192699976,31981,-0.005564856807396268,0.04396352894075391,0.028899471345061878,0.49107999802799895,0.2034513427377914,4.230432560871406e-08,-0.20333701878471788,3.5,3.5,0.1,0.0,0.0,0.0
31.732281178999983,landing,0,1.8706631660461426,3.5054523944854736,1.7026034593582153,0.21548782289028168,0.07231049239635468,-0.2059704214334488,1.9007103969177215,3.4999996674543055,1.6983909257519976,0.37146302609624293,31971,-0.008864746800979262,0.04483721731725754,0.028174195464415686,0.6976260010560509,0.2077147980334045,4.3190840284000646e-08,-0.20759807834749094,3.5,3.5,0.1,0.0,0.0,0.0
31.751909159997012,landing,0,1.8749252557754517,3.506800651550293,1.6983805894851685,0.22149540483951569,0.07109805196523666,-0.21105097234249115,1.904881796671979,3.4999996683216787,1.6942218700024703,0.37196018886415433,32013,0.004253004331246757,0.045574969701780335,0.02707660571930992,0.48355500257457606,0.21193326700248835,4.406800080030345e-08,-0.21181417686257842,3.5,3.5,0.1,0.0,0.0,0.0
31.77180832399972,landing,0,1.8791813850402832,3.5080835819244385,1.6941864490509033,0.22669485211372375,0.069412462413311,-0.21536725759506226,1.9091088555101594,3.499999669200625,1.6899971864451298,0.3739264997786116,32183,0.056134558802416024,0.045803318384718156,0.024259409907080975,0.4735570000775624,0.21219164364229737,4.412172592864656e-08,-0.21207240831465632,3.5,3.5,0.1,0.0,0.0,0.0
31.791910765998182,landing,0,1.883438229560852,3.5093023777008057,1.6900032758712769,0.23122623562812805,0.06731437891721725,-0.2191741168498993,1.9133664006314142,3.499999670085911,1.685742033735653,0.37571559626393985,32337,0.10334027081635355,0.045763363649874475,0.021731843930344663,0.4999719967599958,0.21219164364229737,4.412172592864656e-08,-0.21207240831465632,3.5,3.5,0.1,0.0,0.0,0.0
31.81198422899979,landing,0,1.8877999782562256,3.510485887527466,1.6857062578201294,0.23564018309116364,0.06497878581285477,-0.2229452133178711,1.9176213508610005,3.499999670970657,1.6814894744597162,0.3776314404148263,32501,0.1538902484123028,0.045545306850262854,0.019170237890752784,0.5202350002946332,0.21219164364229737,4.412172592864656e-08,-0.21207240831465632,3.5,3.5,0.1,0.0,0.0,0.0
31.831953576998785,landing,0,1.8922618627548218,3.5116281509399414,1.6813089847564697,0.23994313180446625,0.062408607453107834,-0.22615286707878113,1.9218551740171508,3.4999996718510102,1.6772580303854303,0.37941675816810816,32655,0.20099625773372232,0.04517799228761799,0.016570998725091934,0.5230739989201538,0.21219164364229737,4.412172592864656e-08,-0.21207240831465632,3.5,3.5,0.1,0.0,0.0,0.0
31.852353629998106,landing,0,1.8968195915222168,3.512723684310913,1.6768314838409424,0.24410709738731384,0.05961963161826134,-0.22857296466827393,1.9261325439915042,3.4999996727404183,1.6729830639628924,0.38085465719586176,32779,0.23893554606495293,0.0446912257148605,0.014027045028739415,0.7112819985195529,0.21219164364229737,4.412172592864656e-08,-0.21207240831465632,3.5,3.5,0.1,0.0,0.0,0.0
31.871849025999836,landing,0,1.9014678001403809,3.5137672424316406,1.6722970008850098,0.24809794127941132,0.05663253739476204,-0.23013339936733246,1.9303405707973649,3.4999996736154073,1.6687774017433386,0.3820207276798988,32879,0.2697025773060364,0.04408158701667018,0.011433787722952227,0.4683379993366543,0.21219164364229737,4.412172592864656e-08,-0.21207240831465632,3.5,3.5,0.1,0.0,0.0,0.0
31.891935672996624,landing,0,1.9062010049819946,3.5147554874420166,1.6677265167236328,0.2518841624259949,0.05347330495715141,-0.23091574013233185,1.934593251213688,3.4999996744996817,1.6645271110052047,0.38278813970566555,32945,0.28995091571676745,0.043373455635842065,0.008930371186588903,0.4872389981755987,0.21219164364229737,4.412172592864656e-08,-0.21207240831465632,3.5,3.5,0.1,0.0,0.0,0.0
31.911936338998203,landing,0,1.9110130071640015,3.515683889389038,1.663139820098877,0.25544050335884094,0.05016843229532242,-0.23091460764408112,1.9388369192130508,3.499999675382082,1.6602858276197485,0.38319640925687,32980,0.30072319938970793,0.04256989579443303,0.006471381581196312,0.492792998556979,0.21219164364229737,4.412172592864656e-08,-0.21207240831465632,3.5,3.5,0.1,0.0,0.0,0.0
31.932001018998562,landing,0,1.9162521362304688,3.5166287422180176,1.6582841873168945,0.25941431522369385,0.04672657698392868,-0.23045505583286285,1.9430772806311298,3.4999996762637946,1.6560478489575325,0.38371703851471833,33025,0.3144601191218541,0.04170171929268975,0.003350192250270556,0.5362349984352477,0.21219164364229737,4.412172592864656e-08,-0.21207240831465632,3.5,3.5,0.1,0.0,0.0,0.0
31.95221912999841,landing,0,1.9211574792861938,3.517416477203369,1.6537647247314453,0.2621960937976837,0.043155793100595474,-0.22913165390491486,1.9473729693218196,3.4999996771570117,1.6517545741123634,0.3833181015091162,32991,0.3039340767576828,0.04070298273720583,0.0012660662538863665,0.533131998963654,0.21219164364229737,4.412172592864656e-08,-0.21207240831465632,3.5,3.5,0.1,0.0,0.0,0.0
31.972067906997836,landing,0,1.9261250495910645,3.518139123916626,1.6492605209350586,0.26471173763275146,0.03952648118138313,-0.2275829166173935,1.9515859709611294,3.4999996780330354,1.6475439398548326,0.3828915990856065,32954,0.2926807146598005,0.03960660309456168,-0.0008348323336369035,0.4836489970330149,0.21219164364229737,4.412172592864656e-08,-0.21207240831465632,3.5,3.5,0.1,0.0,0.0,0.0
31.991924999998446,landing,0,1.9311474561691284,3.5187952518463135,1.6447781324386597,0.2669409215450287,0.03585813567042351,-0.22587934136390686,1.9558055919185255,3.4999996789104353,1.6433266899987613,0.382353209667522,32908,0.27847518911667457,0.0384291872993016,-0.0028418821025515406,0.508615998114692,0.21219164364229737,4.412172592864656e-08,-0.21207240831465632,3.5,3.5,0.1,0.0,0.0,0.0
32.01189911899928,landing,0,1.9362167119979858,3.519383668899536,1.6403199434280396,0.268857479095459,0.03216947242617607,-0.22423703968524933,1.9600481217227554,3.499999679792599,1.6390865441688602,0.3817874894843758,32859,0.2635485352078035,0.03716964779915455,-0.004716262123592108,0.49363300058757886,0.21219164364229737,4.412172592864656e-08,-0.21207240831465632,3.5,3.5,0.1,0.0,0.0,0.0
32.03194445799818,landing,0,1.9413245916366577,3.519904613494873,1.635884165763855,0.2704508900642395,0.028476256877183914,-0.22280777990818024,1.964295313376921,3.499999680675732,1.6348417391086234,0.3812952137012555,32817,0.2505597282653156,0.03582636845799857,-0.006461076982548608,0.5093840009067208,0.21219164364229737,4.412172592864656e-08,-0.21207240831465632,3.5,3.5,0.1,0.0,0.0,0.0
32.05191283899694,landing,0,1.9464638233184814,3.520357370376587,1.6314668655395508,0.2717230021953583,0.024791067466139793,-0.22163742780685425,1.9685381368543677,3.4999996815579566,1.6306012997705273,0.3809154215818361,32784,0.24053882801678306,0.03440210470430417,-0.008076805431966871,0.48999000136973336,0.21219164364229737,4.412172592864656e-08,-0.21207240831465632,3.5,3.5,0.1,0.0,0.0,0.0
32.07213629099715,landing,0,1.951626181602478,3.520742654800415,1.6270629167556763,0.27267763018608093,0.02112593874335289,-0.22075985372066498,1.972813265024073,3.4999996824468984,1.626328573892916,0.3806254182027292,32759,0.23288702381871218,0.03290688108365024,-0.009517017122942839,0.4995880008209497,0.21219164364229737,4.412172592864656e-08,-0.21207240831465632,3.5,3.5,0.1,0.0,0.0,0.0
32.09187383999961,landing,0,1.9568043947219849,3.5210604667663574,1.6226671934127808,0.27331918478012085,0.01749013550579548,-0.22016385197639465,1.977022475434949,3.499999683322134,1.6221217287334415,0.3805489952923424,32753,0.23087058818845207,0.03133627562124751,-0.010874703545535658,0.4643539978133049,0.21219164364229737,4.412172592864656e-08,-0.21207240831465632,3.5,3.5,0.1,0.0,0.0,0.0
32.111871171997336,landing,0,1.9619916677474976,3.5213119983673096,1.6182748079299927,0.2736523151397705,0.013893833383917809,-0.219814732670784,1.9812649326690532,3.4999996842042824,1.6178816554328872,0.38055063952336043,32753,0.2309139715926225,0.029710018362843982,-0.01204291527263468,0.4748599967570044,0.21219164364229737,4.412172592864656e-08,-0.21207240831465632,3.5,3.5,0.1,0.0,0.0,0.0
32.132086489997164,landing,0,1.9671813249588013,3.5214972496032715,1.6138826608657837,0.2736852467060089,0.010349925607442856,-0.21965768933296204,1.985524048221134,3.4999996850898945,1.6136249331750454,0.38062752494837937,32759,0.2329426107751793,0.028036087490404284,-0.013035767273929633,0.5843859980814159,0.21219164364229737,4.412172592864656e-08,-0.21207240831465632,3.5,3.5,0.1,0.0,0.0,0.0
32.15200312899833,landing,0,1.9723666906356812,3.5216176509857178,1.6094882488250732,0.27342700958251953,0.006870770361274481,-0.21962663531303406,1.989763917990488,3.4999996859715052,1.609387445885286,0.3807947664655244,32774,0.23735531571304413,0.026322460451123422,-0.013887670477594538,0.5218940023041796,0.21219164364229737,4.412172592864656e-08,-0.21207240831465632,3.5,3.5,0.1,0.0,0.0,0.0
32.17211570199652,landing,0,1.9775419235229492,3.521674156188965,1.6050907373428345,0.2728850841522217,0.0034672189503908157,-0.21962521970272064,1.9940284196023557,3.4999996868582373,1.6051253405942076,0.38095017111316154,32787,0.2414557021942354,0.02458368158203581,-0.014553833584655562,0.4696610012615565,0.21219164364229737,4.412172592864656e-08,-0.21207240831465632,3.5,3.5,0.1,0.0,0.0,0.0
32.191879760997836,landing,0,1.9827009439468384,3.5216686725616455,1.600691318511963,0.27207088470458984,0.0001503520179539919,-0.21963262557983398,1.998241544737247,3.4999996877342867,1.6009145829104903,0.38117725385760254,32807,0.24744733133515773,0.022822462965739067,-0.015110626425662188,0.4748920000565704,0.21219164364229737,4.412172592864656e-08,-0.21207240831465632,3.5,3.5,0.1,0.0,0.0,0.0
32.211955629998556,landing,0,1.9878381490707397,3.5216033458709717,1.5962904691696167,0.2710005044937134,-0.0030705942772328854,-0.21960651874542236,2.0024905362013916,3.4999996886177938,1.5966679790516283,0.38134477703398345,32821,0.2518674679151296,0.021054148502832336,-0.015474324486422608,0.5173979989194777,0.21219164364229737,4.412172592864656e-08,-0.21207240831465632,3.5,3.5,0.1,0.0,0.0,0.0
32.23200549699686,landing,0,1.99294912815094,3.521479845046997,1.591890573501587,0.2696932256221771,-0.0061849188059568405,-0.21949118375778198,2.0067328684546855,3.499999689499916,1.5924280306616554,0.38147531855190603,32832,0.25531183514263844,0.01928416112744756,-0.015694504380177277,0.5625359990517609,0.21219164364229737,4.412172592864656e-08,-0.21207240831465632,3.5,3.5,0.1,0.0,0.0,0.0
32.25212908299727,landing,0,1.9980289936065674,3.5213005542755127,1.5874947309494019,0.26816922426223755,-0.009181519970297813,-0.21927222609519958,2.011003202790526,3.4999996903878614,1.5881600959241446,0.38151432655007045,32836,0.25634106992270134,0.017522810365110275,-0.01574273916955815,0.5555900024774019,0.21219164364229737,4.412172592864656e-08,-0.21207240831465632,3.5,3.5,0.1,0.0,0.0,0.0
32.27188286699675,landing,0,2.0030741691589355,3.5210678577423096,1.583105444908142,0.26644954085350037,-0.012051626108586788,-0.21895384788513184,2.0152183721799006,3.499999691264336,1.583947295134657,0.3815652783915014,32840,0.257685445686052,0.01577167758449668,-0.01570935594327616,0.4945230029989034,0.21219164364229737,4.412172592864656e-08,-0.21207240831465632,3.5,3.5,0.1,0.0,0.0,0.0
32.291927619997296,landing,0,2.008185863494873,3.5207765102386475,1.5786643028259277,0.26379528641700745,-0.014897160232067108,-0.21772965788841248,2.0194681375064087,3.4999996921480037,1.5796999178482825,0.3811834299296383,32807,0.24761028838095633,0.013988223923820705,-0.015236873448564614,0.4957249984727241,0.21219164364229737,4.412172592864656e-08,-0.21207240831465632,3.5,3.5,0.1,0.0,0.0,0.0
32.31190154799697,landing,0,2.013117790222168,3.520444869995117,1.5743223428726196,0.2616612911224365,-0.017478790134191513,-0.21723566949367523,2.0237110798114633,3.499999693030253,1.5754593597493507,0.38105354890670406,32796,0.24418334846184742,0.01228944807469693,-0.014845213880451569,0.46898899745428935,0.21219164364229737,4.412172592864656e-08,-0.21207240831465632,3.5,3.5,0.1,0.0,0.0,0.0
32.33215422399735,landing,0,2.018010139465332,3.520068407058716,1.5699865818023682,0.25942790508270264,-0.019910762086510658,-0.21672029793262482,2.0279913994612495,3.4999996939202744,1.57118144530887,0.3808591575773369,32779,0.23905428963949404,0.010622864092832782,-0.014322708758555569,0.5344160017557442,0.21219164364229737,4.412172592864656e-08,-0.21207240831465632,3.5,3.5,0.1,0.0,0.0,0.0
32.35195614299664,landing,0,2.0228612422943115,3.5196497440338135,1.565656304359436,0.25711721181869507,-0.02218700759112835,-0.2163325548171997,2.03219986486752,3.499999694795355,1.5669753447353654,0.38081284392551557,32775,0.23783229354922142,0.008988616743216108,-0.013785855641137656,0.5116380016261246,0.21219164364229737,4.412172592864656e-08,-0.21207240831465632,3.5,3.5,0.1,0.0,0.0,0.0
32.37189198299893,landing,0,2.027669668197632,3.5191924571990967,1.5613300800323486,0.2547542154788971,-0.02430182509124279,-0.21604196727275848,2.036433138447915,3.499999695675594,1.562744449928016,0.3807798994515526,32772,0.23696304621510755,0.0073979745874292666,-0.013150039131935243,0.5159160027687903,0.21219164364229737,4.412172592864656e-08,-0.21207240831465632,3.5,3.5,0.1,0.0,0.0,0.0
32.39192151399766,landing,0,2.0323116779327393,3.5187110900878906,1.557132601737976,0.25176936388015747,-0.026198359206318855,-0.21516132354736328,2.0406895326415153,3.49999969656064,1.5584904474994616,0.3802609606344747,32728,0.22327072914181123,0.005903975845309249,-0.012003629744743227,0.47099500079639256,0.21219164364229737,4.412172592864656e-08,-0.21207240831465632,3.5,3.5,0.1,0.0,0.0,0.0
32.41190327899676,landing,0,2.036928415298462,3.518195629119873,1.5529133081436157,0.24894185364246368,-0.027937879785895348,-0.21459192037582397,2.0449299827549563,3.4999996974423713,1.5542523801917236,0.3799465300484267,32701,0.21497440761020137,0.004450348077596242,-0.010921267011771763,0.473039999633329,0.21219164364229737,4.412172592864656e-08,-0.21207240831465632,3.5,3.5,0.1,0.0,0.0,0.0
32.43203784599973,landing,0,2.0413949489593506,3.5176641941070557,1.548802375793457,0.24565047025680542,-0.029450004920363426,-0.21353240311145782,2.0491769087452916,3.499999698325449,1.5500078406460345,0.37924325778540335,32640,0.19641841122436077,0.0031004974390778954,-0.00943730563761136,0.5715320003218949,0.21219164364229737,4.412172592864656e-08,-0.21207240831465632,3.5,3.5,0.1,0.0,0.0,0.0
32.45190966999871,landing,0,2.0458438396453857,3.5171053409576416,1.5446604490280151,0.24258430302143097,-0.030802028253674507,-0.21290849149227142,2.0534141885040085,3.499999699206521,1.545772941911526,0.3788103842374573,32603,0.18499694557934632,0.0018000158644241135,-0.008052644348501392,0.4912350013910327,0.21219164364229737,4.412172592864656e-08,-0.21207240831465632,3.5,3.5,0.1,0.0,0.0,0.0
32.47187997499714,landing,0,2.0505127906799316,3.516493558883667,1.5403189659118652,0.24085162580013275,-0.03214263916015625,-0.21353544294834137,2.057658815185693,3.4999997000891208,1.5415307003824537,0.37924715260705777,32641,0.19652117696722193,0.0004456505938371015,-0.00757715412413984,0.4672939976444468,0.21219164364229737,4.412172592864656e-08,-0.21207240831465632,3.5,3.5,0.1,0.0,0.0,0.0
32.49192429899995,landing,0,2.054900884628296,3.5158913135528564,1.5361356735229492,0.23808865249156952,-0.033162087202072144,-0.21355335414409637,2.0619097469297785,3.499999700973031,1.5372821573339384,0.3791723106590659,32634,0.19454645538432302,-0.0007273386356281535,-0.0062659438186265515,0.47228799667209387,0.21219164364229737,4.412172592864656e-08,-0.21207240831465632,3.5,3.5,0.1,0.0,0.0,0.0
32.511898933997145,landing,0,2.0592708587646484,3.5152721405029297,1.5319139957427979,0.23557183146476746,-0.034024447202682495,-0.21396349370479584,2.06615131996226,3.4999997018549958,1.5330429677381543,0.3793545925035202,32650,0.19935600273140253,-0.0018345161998475396,-0.005071406462820338,0.4607189985108562,0.21219164364229737,4.412172592864656e-08,-0.21207240831465632,3.5,3.5,0.1,0.0,0.0,0.0
32.53198699999848,landing,0,2.06351637840271,3.514655590057373,1.527687668800354,0.23279306292533875,-0.034630242735147476,-0.2143649458885193,2.070396477759319,3.4999997027377057,1.5288001953921533,0.3795343146111773,32665,0.20409801084900359,-0.0028026734536991376,-0.0036050681717816335,0.5422350004664622,0.21219164364229737,4.412172592864656e-08,-0.21207240831465632,3.5,3.5,0.1,0.0,0.0,0.0
32.551722031999816,landing,0,2.067957878112793,3.5139927864074707,1.523360252380371,0.2312391847372055,-0.03526817634701729,-0.21522532403469086,2.0746299045414247,3.4999997036179766,1.52456914746918,0.38008671834225866,32713,0.21867330718360378,-0.003831812664431264,-0.003001155538585154,0.3410050012462307,0.21219164364229737,4.412172592864656e-08,-0.21207240831465632,3.5,3.5,0.1,0.0,0.0,0.0
32.57169199299824,landing,0,2.072181224822998,3.513357400894165,1.519059658050537,0.2289496213197708,-0.03554438799619675,-0.21579934656620026,2.078872482089138,3.49999970450015,1.5203289539226237,0.3804506946886786,32744,0.22827690471447326,-0.004641381946776348,-0.0017744559091104062,0.3395670028112363,0.21219164364229737,4.412172592864656e-08,-0.21207240831465632,3.5,3.5,0.1,0.0,0.0,0.0
32.59167104599692,landing,0,2.0765790939331055,3.512681245803833,1.5146821737289429,0.22776441276073456,-0.03586164489388466,-0.21660210192203522,2.083108353107088,3.499999705380929,1.5160954631372783,0.3810348979045595,32794,0.24369123758732059,-0.0055106083483799605,-0.0013196961822137254,0.34400699951220304,0.21219164364229737,4.412172592864656e-08,-0.21207240831465632,3.5,3.5,0.1,0.0,0.0,0.0
32.611719996999454,landing,0,2.0808677673339844,3.512021541595459,1.5103089809417725,0.22633782029151917,-0.035919513553380966,-0.21710506081581116,2.087365651873266,3.4999997062661636,1.5118405566444464,0.38143711408585423,32829,0.25430380173757783,-0.0062269587760421016,-0.0006031964892441177,0.32943900077953003,0.21219164364229737,4.412172592864656e-08,-0.21207240831465632,3.5,3.5,0.1,0.0,0.0,0.0
32.63195684999664,landing,0,2.082892656326294,3.511721134185791,1.5080958604812622,0.22515955567359924,-0.0357208177447319,-0.21742700040340424,2.0916122964975625,3.4999997071491826,1.50759629830669,0.3790602063290295,32624,0.19158855749418002,-0.0064781940366119665,0.0023591885322433725,0.5137839980307035,0.21219164364229737,4.412172592864656e-08,-0.21207240831465632,3.5,3.5,0.1,0.0,0.0,0.0
32.65188306399796,landing,0,2.0873525142669678,3.511035203933716,1.5035306215286255,0.22384580969810486,-0.03551974147558212,-0.21739274263381958,2.0958494956231495,3.499999708030238,1.5033614801600017,0.3794579615558458,32659,0.20208341836004706,-0.007088511005399187,0.0028144375646474984,0.4788270016433671,0.21219164364229737,4.412172592864656e-08,-0.21207240831465632,3.5,3.5,0.1,0.0,0.0,0.0
32.67179470499832,landing,0,2.0915796756744385,3.5103907585144043,1.4991751909255981,0.2227429747581482,-0.03516025468707085,-0.2171749323606491,2.100113068472655,3.499999708916777,1.4991003031093926,0.3794688959045962,32660,0.2023719236041206,-0.007578182121119461,0.003433992802198471,0.30598900048062205,0.21219164364229737,4.412172592864656e-08,-0.21207240831465632,3.5,3.5,0.1,0.0,0.0,0.0
32.691660450997006,landing,0,2.0958011150360107,3.509754180908203,1.4948137998580933,0.22182424366474152,-0.03465923294425011,-0.21726682782173157,2.10432840676595,3.4999997097932867,1.4948873335108959,0.3797023024476585,32680,0.20853040758993302,-0.007980257860839363,0.003909379687698333,0.32245300099020824,0.21219164364229737,4.412172592864656e-08,-0.21207240831465632,3.5,3.5,0.1,0.0,0.0,0.0
32.71174203499686,landing,0,2.100017786026001,3.5091288089752197,1.4904385805130005,0.22109514474868774,-0.034031327813863754,-0.21778573095798492,2.108578204346019,3.499999710676961,1.4906399239890846,0.38012336893674076,32716,0.2196403413388044,-0.008299149760539803,0.004323523259090578,0.35454700264381245,0.21219164364229737,4.412172592864656e-08,-0.21207240831465632,3.5,3.5,0.1,0.0,0.0,0.0
32.73200588099644,landing,0,2.104231357574463,3.508516788482666,1.4860464334487915,0.2205650508403778,-0.03328920528292656,-0.21844565868377686,2.1128284330995797,3.4999997115607258,1.4863920835360682,0.3806353905998564,32760,0.23315014775346654,-0.008541227745792319,0.004634763687168197,0.5414670013124123,0.21219164364229737,4.412172592864656e-08,-0.21207240831465632,3.5,3.5,0.1,0.0,0.0,0.0
32.75176594399818,landing,0,2.1084444522857666,3.507920980453491,1.4816375970840454,0.22021786868572235,-0.03243681788444519,-0.21913467347621918,2.1170801730816766,3.4999997124448043,1.4821427327037093,0.3811807214220876,32807,0.24753882380178283,-0.008707014796919845,0.00485085015412734,0.3233159986848477,0.21219164364229737,4.412172592864656e-08,-0.21207240831465632,3.5,3.5,0.1,0.0,0.0,0.0
32.772051118998206,landing,0,2.112658739089966,3.5073423385620117,1.4772146940231323,0.22002489864826202,-0.03147534653544426,-0.21969912946224213,2.121320823080427,3.499999713326577,1.477904465622982,0.3816949924213267,32851,0.261107979454529,-0.008797896094231398,0.004973055598802123,0.38652599687338807,0.21219164364229737,4.412172592864656e-08,-0.21207240831465632,3.5,3.5,0.1,0.0,0.0,0.0
32.79171995999786,landing,0,2.116874933242798,3.5067832469940186,1.4727829694747925,0.2199607640504837,-0.030410677194595337,-0.2200607806444168,2.1255587538420118,3.4999997142077843,1.4736689162514194,0.38212210287383025,32888,0.2723773845337778,-0.008816075474846224,0.0050238188756737134,0.3309979983896483,0.21219164364229737,4.412172592864656e-08,-0.21207240831465632,3.5,3.5,0.1,0.0,0.0,0.0
32.81176927599881,landing,0,2.1210947036743164,3.5062458515167236,1.4683492183685303,0.22000311315059662,-0.02925010211765766,-0.22012414038181305,2.1297970739760657,3.4999997150890727,1.4694329777261843,0.3824019618000804,32912,0.2797615250680838,-0.008764755706220238,0.005017396511647121,0.40134300070349127,0.21219164364229737,4.412172592864656e-08,-0.21207240831465632,3.5,3.5,0.1,0.0,0.0,0.0
32.83176179899965,landing,0,2.125519037246704,3.505706548690796,1.4637242555618286,0.22008264064788818,-0.027941560372710228,-0.219735786318779,2.1340431325276437,3.49999971597197,1.4651893051318188,0.38268502079406974,32936,0.28723010010737937,-0.008638087713336233,0.004785778389206241,0.38043099993956275,0.21219164364229737,4.412172592864656e-08,-0.21207240831465632,3.5,3.5,0.1,0.0,0.0,0.0
32.85170148399993,landing,0,2.1297106742858887,3.505223274230957,1.459350347518921,0.22010697424411774,-0.026587070897221565,-0.21901527047157288,2.138289410908598,3.499999716854913,1.4609454128316042,0.3824883062424749,32920,0.28203974254551056,-0.008439672577814377,0.0048326594394012545,0.3166489987052046,0.21219164364229737,4.412172592864656e-08,-0.21207240831465632,3.5,3.5,0.1,0.0,0.0,0.0
32.87165435899806,landing,0,2.133910894393921,3.5047659873962402,1.454987645149231,0.22020351886749268,-0.025167986750602722,-0.2181493490934372,2.1425298476542034,3.4999997177366415,1.4567073588841901,0.3822120344064696,32896,0.2747502481918094,-0.008181766559681995,0.00482772194661929,0.3009649990417529,0.21219164364229737,4.412172592864656e-08,-0.21207240831465632,3.5,3.5,0.1,0.0,0.0,0.0
32.89177215399832,landing,0,2.138300895690918,3.5043160915374756,1.4504685401916504,0.22021809220314026,-0.023615354672074318,-0.2168530523777008,2.1467733961906443,3.4999997186190166,1.4524661948945266,0.3819119844697378,32870,0.26683336331761787,-0.007846294808920184,0.004670492273351146,0.39186400317703374,0.21219164364229737,4.412172592864656e-08,-0.21207240831465632,3.5,3.5,0.1,0.0,0.0,0.0
32.9117347959982,landing,0,2.142482280731201,3.5039186477661133,1.446179986000061,0.22023628652095795,-0.02207922749221325,-0.2156234234571457,2.1510119953563644,3.499999719500363,1.44822997749442,0.3813636183210119,32823,0.2523645994989927,-0.007468833398070465,0.004727676957187343,0.39136600025813095,0.21219164364229737,4.412172592864656e-08,-0.21207240831465632,3.5,3.5,0.1,0.0,0.0,0.0
32.93198729299911,landing,0,2.146674156188965,3.503549575805664,1.441903829574585,0.22028620541095734,-0.02051789127290249,-0.21454516053199768,2.155274234156544,3.499999720386625,1.4439701337435042,0.3808458549161119,32778,0.2387032959396258,-0.0070466772016221126,0.0047817922919570766,0.5237779987510294,0.21219164364229737,4.412172592864656e-08,-0.21207240831465632,3.5,3.5,0.1,0.0,0.0,0.0
32.95165084999826,landing,0,2.150874614715576,3.503209114074707,1.4376380443572998,0.22034434974193573,-0.018945179879665375,-0.21364086866378784,2.1594985025353823,3.499999721264991,1.4397482390774825,0.38044947033875137,32744,0.22824459996705393,-0.006585196234857831,0.004781241611189202,0.31198400029097684,0.21219164364229737,4.412172592864656e-08,-0.21207240831465632,3.5,3.5,0.1,0.0,0.0,0.0
32.97167429599722,landing,0,2.1550824642181396,3.5028982162475586,1.433379888534546,0.2203933596611023,-0.017374709248542786,-0.21297535300254822,2.1637465353179777,3.499999722148299,1.4355025933614656,0.3801333102434937,32717,0.21990264494706224,-0.006091531542033335,0.004801716137772694,0.3317379996587988,0.21219164364229737,4.412172592864656e-08,-0.21207240831465632,3.5,3.5,0.1,0.0,0.0,0.0
32.99170998899717,landing,0,2.1592955589294434,3.5026159286499023,1.4291255474090576,0.2204209864139557,-0.015819240361452103,-0.21257734298706055,2.1679958959951513,3.4999997230318827,1.431255620497044,0.37994453843304316,32701,0.21492185839163902,-0.005572945708362822,0.0048277398716276565,0.33250900014536455,0.21219164364229737,4.412172592864656e-08,-0.21207240831465632,3.5,3.5,0.1,0.0,0.0,0.0
33.01166322499921,landing,0,2.163534641265869,3.502352237701416,1.424902319908142,0.2205251157283783,-0.014351976104080677,-0.2122611552476883,2.1722290445939634,3.499999723912096,1.4270248506010472,0.379778030757403,32686,0.21052851602646427,-0.005080411745012377,0.004768769206374479,0.32319499950972386,0.21219164364229737,4.412172592864656e-08,-0.21207240831465632,3.5,3.5,0.1,0.0,0.0,0.0
33.03281403199799,landing,0,2.1677300930023193,3.502135992050171,1.4206106662750244,0.2203805148601532,-0.012806223705410957,-0.2125444859266281,2.1765140619553343,3.499999724803094,1.4227422410887334,0.37993237776529115,32700,0.2146009964456752,-0.00449230786731656,0.0049372495432726815,0.9872240007098299,0.21219164364229737,4.412172592864656e-08,-0.21207240831465632,3.5,3.5,0.1,0.0,0.0,0.0
33.05180447199746,landing,0,2.171948194503784,3.501936435699463,1.4163429737091064,0.22030244767665863,-0.011375254020094872,-0.21282535791397095,2.1807232549672584,3.4999997256783257,1.4185354133184338,0.38015027145448416,32718,0.22035017030301063,-0.003946855045463361,0.004966118085797833,0.42711900096037425,0.21219164364229737,4.412172592864656e-08,-0.21207240831465632,3.5,3.5,0.1,0.0,0.0,0.0
33.071739969997,landing,0,2.1761863231658936,3.501753807067871,1.4120999574661255,0.22028599679470062,-0.01006121002137661,-0.213032528758049,2.1849695191312333,3.4999997265612657,1.4142915352272096,0.3802543002056567,32727,0.22309499223368512,-0.0034467394196358485,0.004981970200456098,0.3514340023684781,0.21219164364229737,4.412172592864656e-08,-0.21207240831465632,3.5,3.5,0.1,0.0,0.0,0.0
33.09170177199849,landing,0,2.1803998947143555,3.5016040802001953,1.4078125953674316,0.22012051939964294,-0.008762684650719166,-0.21345576643943787,2.189210135603479,3.4999997274430314,1.4100533016541474,0.38052915077407856,32751,0.2303469861234433,-0.002919147292431542,0.005093774241429205,0.3414229977352079,0.21219164364229737,4.412172592864656e-08,-0.21207240831465632,3.5,3.5,0.1,0.0,0.0,0.0
33.1116726629989,landing,0,2.1846086978912354,3.5014774799346924,1.4035159349441528,0.21991223096847534,-0.007543072570115328,-0.21384911239147186,2.193451761895789,3.4999997283250073,1.4058140588284624,0.3807996572647519,32774,0.2374843605475423,-0.002409498361560845,0.005234031068089617,0.319680999382399,0.21219164364229737,4.412172592864656e-08,-0.21207240831465632,3.5,3.5,0.1,0.0,0.0,0.0
33.13223518999803,landing,0,2.1887152194976807,3.501375198364258,1.3993228673934937,0.21922647953033447,-0.006390085909515619,-0.21360339224338531,2.1977078834232127,3.4999997292099967,1.4015603289128675,0.38060388251131994,32757,0.23231879977097236,-0.0019123578919993099,0.005754304093352536,0.6799269976909272,0.21219164364229737,4.412172592864656e-08,-0.21207240831465632,3.5,3.5,0.1,0.0,0.0,0.0
33.151667111997085,landing,0,2.1928200721740723,3.501291036605835,1.395117998123169,0.21854320168495178,-0.005335547029972076,-0.2133169323205948,2.2019407281637164,3.4999997300901464,1.397329862704434,0.38043170143714294,32742,0.2277757635130051,-0.0014473204273853305,0.006250704826534337,0.3141800007142592,0.21219164364229737,4.412172592864656e-08,-0.21207240831465632,3.5,3.5,0.1,0.0,0.0,0.0
33.17163143999642,landing,0,2.1969268321990967,3.50122332572937,1.3908987045288086,0.217903733253479,-0.004383442457765341,-0.21300601959228516,2.2061792732204637,3.4999997309714814,1.3930936993828946,0.38025832740071663,32728,0.22320125067853702,-0.0010184346223518844,0.00672852534099011,0.29979300234117545,0.21219164364229737,4.412172592864656e-08,-0.21207240831465632,3.5,3.5,0.1,0.0,0.0,0.0
33.191798345997086,landing,0,2.2009410858154297,3.5011725425720215,1.3867751359939575,0.21688397228717804,-0.0035231229849159718,-0.21221758425235748,2.2104334349461356,3.4999997318560636,1.3888419281677942,0.3797079508865095,32680,0.20867944291581608,-0.0006202551807920458,0.007528156617721882,0.39642900082981214,0.21219164364229737,4.412172592864656e-08,-0.21207240831465632,3.5,3.5,0.1,0.0,0.0,0.0
33.211793849997775,landing,0,2.204965114593506,3.501133918762207,1.382625937461853,0.21599477529525757,-0.002775040455162525,-0.2117290049791336,2.214673333149448,3.49999973273768,1.3846044124600538,0.37935727641853456,32650,0.19942681843098953,-0.0002671516972747003,0.008231544642893107,0.4072680021636188,0.21219164364229737,4.412172592864656e-08,-0.21207240831465632,3.5,3.5,0.1,0.0,0.0,0.0
33.232536829997116,landing,0,2.2089972496032715,3.501105546951294,1.3784523010253906,0.2152286171913147,-0.002139973919838667,-0.21150073409080505,2.2189471567652155,3.4999997336263506,1.3803329904033221,0.3791249250516142,32630,0.1932961755043312,3.7777227015087705e-05,0.008895781875203124,0.8549699996365234,0.21219164364229737,4.412172592864656e-08,-0.21207240831465632,3.5,3.5,0.1,0.0,0.0,0.0
33.25187654899855,landing,0,2.21303653717041,3.5010859966278076,1.3742539882659912,0.21458277106285095,-0.001617064350284636,-0.21157868206501007,2.223163683968357,3.4999997345031075,1.376118832563054,0.3791478050950661,32632,0.19389987058221791,0.00029299415001486433,0.009422937592322711,0.4787379984918516,0.21219164364229737,4.412172592864656e-08,-0.21207240831465632,3.5,3.5,0.1,0.0,0.0,0.0
33.27193188599995,landing,0,2.217115640640259,3.5010693073272705,1.3700586557388306,0.2142191231250763,-0.001232788199558854,-0.21179716289043427,2.227413559847183,3.4999997353867984,1.371871344786484,0.3791950441940175,32636,0.195146284802572,0.0004780416174422951,0.009793722811309413,0.5012080000597052,0.21219164364229737,4.412172592864656e-08,-0.21207240831465632,3.5,3.5,0.1,0.0,0.0,0.0
33.2918914389993,landing,0,2.221163034439087,3.501061201095581,1.3658101558685303,0.21380725502967834,-0.0009243512176908553,-0.21240895986557007,2.231653832568356,3.4999997362684927,1.3676334547713334,0.3795176398191202,32664,0.2036580427208481,0.0006316422160912102,0.010205755426662133,0.48487799722352065,0.21219164364229737,4.412172592864656e-08,-0.21207240831465632,3.5,3.5,0.1,0.0,0.0,0.0
33.31215369599886,landing,0,2.225217342376709,3.501055955886841,1.36153244972229,0.21352557837963104,-0.0007162069086916745,-0.21320568025112152,2.2358976285197603,3.4999997371509197,1.3633920435057352,0.37996460179284464,32702,0.2154512346396995,0.0007349443283301243,0.010541512743061032,0.727249000192387,0.21219164364229737,4.412172592864656e-08,-0.21207240831465632,3.5,3.5,0.1,0.0,0.0,0.0
33.346686739998404,landing,1,2.229278326034546,3.501051664352417,1.3572266101837158,0.21337218582630157,-0.0006009962526150048,-0.21406812965869904,2.240145929724358,3.4999997380342833,1.3591461295185476,0.37996460179284464,32702,0.2154512346396995,0.0007349443283301243,0.010541512743061032,15.256225000484847,0.21219164364229737,4.412172592864656e-08,-0.21207240831465632,3.5,3.5,0.1,0.0,0.0,0.0
33.35153433300002,landing,1,2.2333462238311768,3.501046657562256,1.3528954982757568,0.213342547416687,-0.0005697604501619935,-0.2148953378200531,2.2443884206972524,3.499999738916439,1.354906022498162,0.37938509304374407,32652,0.20016076632570012,0.0007220709643246435,0.014801980494569237,0.09310500172432512,0.21219164364229737,4.412172592864656e-08,-0.21207240831465632,3.5,3.5,0.1,0.0,0.0,0.0
33.38843550499951,landing,1,2.237421751022339,3.50104022026062,1.3485441207885742,0.2134307324886322,-0.0006129660177975893,-0.2155866175889969,2.248626492779486,3.4999997397976754,1.3506703318853615,0.3788129217540317,32603,0.18506389852326244,0.0007085003136370617,0.018883234780045263,17.034772998158587,0.21219164364229737,4.412172592864656e-08,-0.21207240831465632,3.5,3.5,0.1,0.0,0.0,0.0
33.391313916999934,landing,1,2.2415058612823486,3.501030445098877,1.3441771268844604,0.21363045275211334,-0.0007203271379694343,-0.2161821573972702,2.252845605749863,3.49999974067497,1.34645358973086,0.37823708173462517,32554,0.16987023046504213,0.0006952783062905305,0.023054095798537358,0.073666000389494,0.21219164364229737,4.412172592864656e-08,-0.21207240831465632,3.5,3.5,0.1,0.0,0.0,0.0
33.42749704799644,landing,1,2.2455992698669434,3.501016616821289,1.3397974967956543,0.21394141018390656,-0.000881324871443212,-0.21680669486522675,2.257118765205669,3.4999997415635025,1.342182831460883,0.37768008863789737,32506,0.15517384268858336,0.0006640875861482632,0.027049894121644706,16.07487700312049,0.21219164364229737,4.412172592864656e-08,-0.21207240831465632,3.5,3.5,0.1,0.0,0.0,0.0
33.43153021899707,landing,1,2.249703884124756,3.5009982585906982,1.3354040384292603,0.21441079676151276,-0.0010844620410352945,-0.21757550537586212,2.261361779867019,3.499999742445767,1.337942201046314,0.37710896034916047,32457,0.1401044947008021,0.0006463734006027979,0.031176989466290633,0.09365300138597377,0.21219164364229737,4.412172592864656e-08,-0.21207240831465632,3.5,3.5,0.1,0.0,0.0,0.0
33.46776748499906,landing,1,2.2538223266601562,3.500974416732788,1.3309941291809082,0.21510086953639984,-0.0013177514774724841,-0.2185695916414261,2.26560258073388,3.499999743327571,1.3337037831822525,0.37656943188868547,32410,0.12586891526874489,0.00058455128504288,0.035155686173093684,16.343057999620214,0.21219164364229737,4.412172592864656e-08,-0.21207240831465632,3.5,3.5,0.1,0.0,0.0,0.0
33.471348696999485,landing,1,2.2579593658447266,3.500945568084717,1.3265634775161743,0.21611283719539642,-0.0015689810970798135,-0.2197609692811966,2.2698254830228897,3.4999997442056534,1.329483253838423,0.3760035702379923,32361,0.11093852870691912,0.0005594857778283394,0.03925804841143246,0.0811140016594436,0.21219164364229737,4.412172592864656e-08,-0.21207240831465632,3.5,3.5,0.1,0.0,0.0,0.0
33.50763525799994,landing,1,2.2621216773986816,3.500910997390747,1.3221074342727661,0.217512309551239,-0.0018236355390399694,-0.2212781012058258,2.2740912586334217,3.4999997450926505,1.3252198752645687,0.3754861829378352,32317,0.09728714875554445,0.000464700479115038,0.04320389908754085,16.23153699983959,0.21219164364229737,4.412172592864656e-08,-0.21207240831465632,3.5,3.5,0.1,0.0,0.0,0.0
33.51131246699879,landing,1,2.266317129135132,3.500871181488037,1.317619800567627,0.21936823427677155,-0.0020679179579019547,-0.22304756939411163,2.278308546968721,3.4999997459695655,1.321004956719841,0.37492638058095906,32269,0.08251663802002618,0.0004309199979631521,0.04728669738060083,0.07309099964913912,0.21219164364229737,4.412172592864656e-08,-0.21207240831465632,3.5,3.5,0.1,0.0,0.0,0.0
33.545356521997746,landing,1,2.270554780960083,3.500826597213745,1.3130947351455688,0.22172389924526215,-0.0022812942042946815,-0.22514811158180237,2.2825811377499883,3.4999997468579798,1.3167347668048515,0.37443709727027047,32227,0.06960678813378429,0.0003146363654198724,0.051164692440128244,13.93362400267506,0.21219164364229737,4.412172592864656e-08,-0.21207240831465632,3.5,3.5,0.1,0.0,0.0,0.0
33.55150567299643,landing,1,2.274845600128174,3.5007779598236084,1.3085262775421143,0.22463126480579376,-0.0024467678740620613,-0.2275102734565735,2.286822466549479,3.4999997477398934,1.3124958213048175,0.373884346818013,32179,0.05502234348319135,0.00027260556912884717,0.055227010409834965,0.09036899791681208,0.21219164364229737,4.412172592864656e-08,-0.21207240831465632,3.5,3.5,0.1,0.0,0.0,0.0
33.58530308099944,landing,1,2.279200792312622,3.500727653503418,1.303909182548523,0.2281184196472168,-0.0025488503742963076,-0.23019520938396454,2.291066339314411,3.4999997486223364,1.308254333268855,0.3734287449365652,32140,0.043001185661349695,0.00016455308649033265,0.059008824011165535,13.898781002353644,0.21219164364229737,4.412172592864656e-08,-0.21207240831465632,3.5,3.5,0.1,0.0,0.0,0.0
33.59130358999755,landing,1,2.2835257053375244,3.5006771087646484,1.299364447593689,0.23171111941337585,-0.0025698463432490826,-0.2324434071779251,2.295284235790126,3.4999997494993775,1.3040388069254392,0.3728840901985419,32093,0.028630348246487358,0.00011702048300368356,0.06304776661684089,0.0560629996471107,0.21219164364229737,4.412172592864656e-08,-0.21207240831465632,3.5,3.5,0.1,0.0,0.0,0.0
33.62760667799739,landing,1,2.2879483699798584,3.5006277561187744,1.2947454452514648,0.23603317141532898,-0.0024990940000861883,-0.2351563423871994,2.2995630828304257,3.499999750389093,1.299762364266952,0.37245335617778785,32056,0.01726533450627521,6.0978069917952014e-05,0.06684665162091293,16.144156998052495,0.21219164364229737,4.412172592864656e-08,-0.21207240831465632,3.5,3.5,0.1,0.0,0.0,0.0
33.631504097997095,landing,1,2.292487382888794,3.5005810260772705,1.2900387048721313,0.24115999042987823,-0.0023203908931463957,-0.23833520710468292,2.303798926052047,3.499999751269866,1.295528901262316,0.3719168386338552,32010,0.003109198782457412,1.2837622888511088e-05,0.07086844725504521,0.08947600144892931,0.21219164364229737,4.412172592864656e-08,-0.21207240831465632,3.5,3.5,0.1,0.0,0.0,0.0
33.659946488998685,landing,1,2.2970387935638428,3.500539541244507,1.2853763103485107,0.24649758636951447,-0.0020156821701675653,-0.2412431836128235,2.3080441040070028,3.49999975215258,1.2912861087697456,0.37154520067144686,31978,-0.006696552204569883,6.469662866764316e-05,0.0746617362952711,8.543914998881519,0.21219164364229737,4.412172592864656e-08,-0.21207240831465632,3.5,3.5,0.1,0.0,0.0,0.0
33.67143787599707,landing,1,2.3018479347229004,3.5005059242248535,1.2804820537567139,0.2532166838645935,-0.00156813720241189,-0.24529212713241577,2.312277460766414,3.4999997530328364,1.2870551308301201,0.3710189881013595,31932,-0.020580788882336165,2.2806147438738083e-05,0.07866925026728423,0.0687770007061772,0.21219164364229737,4.412172592864656e-08,-0.21207240831465632,3.5,3.5,0.1,0.0,0.0,0.0
33.707457072996476,landing,1,2.3066914081573486,3.5004830360412598,1.2756271362304688,0.2601107358932495,-0.0009572578128427267,-0.2489883005619049,2.316529306208283,3.499999753916937,1.2828056745972494,0.3706853514411983,31904,-0.029383866986853135,0.00026055470296905235,0.0822309789012971,16.05854299850762,0.21219164364229737,4.412172592864656e-08,-0.21207240831465632,3.5,3.5,0.1,0.0,0.0,0.0
33.71144516599816,landing,1,2.311816453933716,3.5004749298095703,1.2705388069152832,0.2683274447917938,-0.00016222463455051184,-0.2537637948989868,2.3207694153295955,3.4999997547985973,1.2785679480900285,0.37016983753277355,31859,-0.04298581707721638,0.00023419972378232613,0.0862137270211991,0.09393900108989328,0.21219164364229737,4.412172592864656e-08,-0.21207240831465632,3.5,3.5,0.1,0.0,0.0,0.0
33.74342739899657,landing,1,2.317002296447754,3.5004849433898926,1.2654751539230347,0.2767602205276489,0.0008342597866430879,-0.25824210047721863,2.325019591247127,3.4999997556823508,1.2743201604433514,0.3698969949127189,31836,-0.050184830798976066,0.0007596351239965445,0.0896055916233569,12.035186002322007,0.21219164364229737,4.412172592864656e-08,-0.21207240831465632,3.5,3.5,0.1,0.0,0.0,0.0
33.75148170599641,landing,1,2.322383165359497,3.5005173683166504,1.2602934837341309,0.2860209345817566,0.002052546013146639,-0.26305800676345825,2.329259773575423,3.4999997565640264,1.2700823607702838,0.36939361456871256,31792,-0.06346663407090958,0.0007608696637798654,0.0935587955673717,0.05789699935121462,0.21219164364229737,4.412172592864656e-08,-0.21207240831465632,3.5,3.5,0.1,0.0,0.0,0.0
33.78892574299971,landing,1,2.3279738426208496,3.500576972961426,1.254991888999939,0.29605627059936523,0.0035031738225370646,-0.2682426869869232,2.333504980176623,3.4999997574467465,1.2658395396475661,0.3691740029684518,31774,-0.06926113539705092,0.0016915309337011157,0.09711928771826257,17.511769001430366,0.21219164364229737,4.412172592864656e-08,-0.21207240831465632,3.5,3.5,0.1,0.0,0.0,0.0
33.791322032997414,landing,1,2.3337857723236084,3.5006675720214844,1.2495665550231934,0.30684542655944824,0.005189466290175915,-0.2737892270088196,2.3377239777151946,3.4999997583240168,1.2616229128600063,0.3686835212037067,31731,-0.08220260676235824,0.0017350121430361604,0.10105464112622628,0.07541100058006123,0.21219164364229737,4.412172592864656e-08,-0.21207240831465632,3.5,3.5,0.1,0.0,0.0,0.0
33.827735912997014,landing,1,2.3398311138153076,3.5007946491241455,1.2440142631530762,0.31836894154548645,0.007118867710232735,-0.2796775698661804,2.3420076799129643,3.4999997592147416,1.257341617772273,0.3685363289662748,31719,-0.08608630695844965,0.003179689024869505,0.10470800380615854,16.233932998147793,0.21219164364229737,4.412172592864656e-08,-0.21207240831465632,3.5,3.5,0.1,0.0,0.0,0.0
33.83151102299962,landing,1,2.3463940620422363,3.500969886779785,1.2381051778793335,0.3310173451900482,0.009395861998200417,-0.2858297526836395,2.3462351678752396,3.499999760093777,1.2531165053319722,0.3680601509318344,31678,-0.09865037119170594,0.003281553387225313,0.10863160760045427,0.0939009987632744,0.21219164364229737,4.412172592864656e-08,-0.21207240831465632,3.5,3.5,0.1,0.0,0.0,0.0
33.86826951900002,landing,1,2.3528988361358643,3.5011837482452393,1.2323381900787354,0.3437587022781372,0.011839231476187706,-0.29197925329208374,2.3504885986002275,3.4999997609782074,1.248865464706789,0.36798254066028097,31671,-0.10069813561264063,0.0053979396955823504,0.11191448284526802,16.805305000161752,0.21219164364229737,4.412172592864656e-08,-0.21207240831465632,3.5,3.5,0.1,0.0,0.0,0.0
33.8713873859997,landing,1,2.359675168991089,3.501448392868042,1.2264310121536255,0.3571987450122833,0.014542119577527046,-0.29845505952835083,2.354711180480349,3.4999997618562233,1.2446452555918026,0.3675216921551824,31631,-0.11285772677619121,0.005577285671245899,0.11581344323381443,0.07762200038996525,0.21219164364229737,4.412172592864656e-08,-0.21207240831465632,3.5,3.5,0.1,0.0,0.0,0.0
33.90465282199875,landing,1,2.3667333126068115,3.5017690658569336,1.2203813791275024,0.3713197112083435,0.017507322132587433,-0.30520135164260864,2.358975053793132,3.4999997627428248,1.2403837782467528,0.36751488327481735,31631,-0.11303738061168112,0.008400011039552145,0.12003542608644847,13.233803998446092,0.21219164364229737,4.412172592864656e-08,-0.21207240831465632,3.5,3.5,0.1,0.0,0.0,0.0
33.911302755997895,landing,1,2.374084711074829,3.5021510124206543,1.2141865491867065,0.38611871004104614,0.020729968324303627,-0.31221815943717957,2.3631897393852723,3.499999763619199,1.2361714609826433,0.36707025047060204,31593,-0.1247691168706595,0.008673763422095788,0.12394592299156945,0.04873199941357598,0.21219164364229737,4.412172592864656e-08,-0.21207240831465632,3.5,3.5,0.1,0.0,0.0,0.0
33.939482412999496,landing,1,2.381740093231201,3.502599000930786,1.207844614982605,0.4015713632106781,0.02420951798558235,-0.31944161653518677,2.3674888723705783,3.4999997645131318,1.2318747437782853,0.36714504350410304,31599,-0.1227956859075725,0.012343501239458257,0.12753335157787385,7.940979001432424,0.21219164364229737,4.412172592864656e-08,-0.21207240831465632,3.5,3.5,0.1,0.0,0.0,0.0
33.95143982699665,landing,1,2.3900792598724365,3.503138780593872,1.2011317014694214,0.4183071553707123,0.028056014329195023,-0.32669246196746826,2.371695759707591,3.4999997653878845,1.227670220387286,0.3667177248944783,31562,-0.1340705832591489,0.01273045313649586,0.13143307953903427,0.060771999415010214,0.21219164364229737,4.412172592864656e-08,-0.21207240831465632,3.5,3.5,0.1,0.0,0.0,0.0
33.97882362499877,landing,1,2.39831805229187,3.503730535507202,1.1945459842681885,0.4347628653049469,0.03198668733239174,-0.3340293765068054,2.375940472964094,3.499999766270502,1.223427892332043,0.36686441743248527,31575,-0.13020006774445392,0.017382353331219395,0.13593147576515788,7.216857000457821,0.21219164364229737,4.412172592864656e-08,-0.21207240831465632,3.5,3.5,0.1,0.0,0.0,0.0
33.99151418699694,landing,1,2.40689754486084,3.504401683807373,1.1878000497817993,0.4519086182117462,0.036108728498220444,-0.34158647060394287,2.3801873605476658,3.4999997671535716,1.2191833911715362,0.36645503667122403,31540,-0.14100167094395744,0.017902584862559683,0.13984991210959838,0.09248800051864237,0.21219164364229737,4.412172592864656e-08,-0.21207240831465632,3.5,3.5,0.1,0.0,0.0,0.0
34.021782719999464,landing,1,2.4158284664154053,3.505154848098755,1.180892825126648,0.46972087025642395,0.04038606211543083,-0.3493961989879608,2.38443161653032,3.499999768036094,1.21494152013319,0.36668278709305857,31559,-0.13499242498526343,0.023393825061798733,0.14438533917555843,10.38983000034932,0.21219164364229737,4.412172592864656e-08,-0.21207240831465632,3.5,3.5,0.1,0.0,0.0,0.0
34.03185434899933,landing,1,2.4251208305358887,3.5059924125671387,1.1738226413726807,0.4881971478462219,0.04479273036122322,-0.35734355449676514,2.3887261154635633,3.499999768929064,1.210649434376915,0.3662921454842413,31526,-0.14529959144482163,0.024060262730430163,0.148321922305926,0.0912649993551895,0.21219164364229737,4.412172592864656e-08,-0.21207240831465632,3.5,3.5,0.1,0.0,0.0,0.0
34.05915287499738,landing,1,2.435225248336792,3.5069589614868164,1.1662821769714355,0.5080322623252869,0.04948820546269417,-0.3655962646007538,2.392917690626817,3.499999769800632,1.2064602145554142,0.36661612446417025,31553,-0.13675133339920365,0.030537582368879376,0.15236695688488477,7.787427999573993,0.21219164364229737,4.412172592864656e-08,-0.21207240831465632,3.5,3.5,0.1,0.0,0.0,0.0
34.07143544999781,landing,1,2.445207357406616,3.507965564727783,1.1589457988739014,0.5274721384048462,0.054033711552619934,-0.37351739406585693,2.3971583682096105,3.4999997706824106,1.2022219199061444,0.3662453334272626,31522,-0.1465347380669506,0.03136543342556129,0.156306552555491,0.06019400098011829,0.21219164364229737,4.412172592864656e-08,-0.21207240831465632,3.5,3.5,0.1,0.0,0.0,0.0
34.10422289199778,landing,1,2.4555885791778564,3.5090606212615967,1.151437520980835,0.5475960373878479,0.058636415749788284,-0.38162511587142944,2.4014015965486775,3.4999997715647195,1.1979810759339289,0.36662743050198765,31554,-0.1364530210557362,0.03848294174724391,0.1614617184027172,12.843894997786265,0.21219164364229737,4.412172592864656e-08,-0.21207240831465632,3.5,3.5,0.1,0.0,0.0,0.0
34.11143528199682,landing,1,2.4663798809051514,3.5102438926696777,1.143756628036499,0.5684090852737427,0.0632561594247818,-0.3898541033267975,2.405638494574129,3.4999997724457117,1.1937465587181808,0.366276452310123,31524,-0.14571365936351022,0.039476310100373224,0.16543330276218182,0.09635800233809277,0.21219164364229737,4.412172592864656e-08,-0.21207240831465632,3.5,3.5,0.1,0.0,0.0,0.0
34.14709638799832,landing,1,2.4781036376953125,3.511573553085327,1.1355698108673096,0.5906858444213867,0.06803659349679947,-0.39837488532066345,2.409909579220178,3.499999773333813,1.189477874092078,0.36675985247557735,31566,-0.13295903758371175,0.04743523580091349,0.1702360269583137,15.569020000839373,0.21219164364229737,4.412172592864656e-08,-0.21207240831465632,3.5,3.5,0.1,0.0,0.0,0.0
34.15149471599943,landing,1,2.489670515060425,3.512923240661621,1.1276123523712158,0.6124354600906372,0.07251305878162384,-0.4065679907798767,2.4141357301634407,3.499999774212571,1.185254097919488,0.36675985247557735,31566,-0.13295903758371175,0.04743523580091349,0.1702360269583137,0.08522999996785074,0.21219164364229737,4.412172592864656e-08,-0.21207240831465632,3.5,3.5,0.1,0.0,0.0,0.0
34.18286949699905,landing,1,2.5016860961914062,3.514356851577759,1.11947500705719,0.6349108815193176,0.07690715044736862,-0.4148904085159302,2.4183829822920675,3.4999997750957164,1.1810092324187722,0.3675905136813792,31637,-0.11104185537258182,0.05420096840143584,0.16412305166535296,11.396689002140192,0.21219164364229737,4.412172592864656e-08,-0.21207240831465632,3.5,3.5,0.1,0.0,0.0,0.0
34.19135405599809,landing,1,2.5141611099243164,3.5158727169036865,1.1111575365066528,0.6581107378005981,0.08117419481277466,-0.4234095513820648,2.42260530572222,3.4999997759736785,1.1767892816085261,0.3675905136813792,31637,-0.11104185537258182,0.05420096840143584,0.16412305166535296,0.07062499935273081,0.21219164364229737,4.412172592864656e-08,-0.21207240831465632,3.5,3.5,0.1,0.0,0.0,0.0
34.22464330599905,landing,1,2.5271072387695312,3.5174672603607178,1.1026636362075806,0.6820313930511475,0.0853085070848465,-0.431842565536499,2.4268802749608103,3.499999776862587,1.1725167145727227,0.36844823003948857,31711,-0.08841081690003882,0.060834637456997305,0.12153175193636008,13.201192999986233,0.21219164364229737,4.412172592864656e-08,-0.21207240831465632,3.5,3.5,0.1,0.0,0.0,0.0
34.231440139999904,landing,1,2.5405337810516357,3.519137382507324,1.0939964056015015,0.7066033482551575,0.08926893770694733,-0.44024765491485596,2.4311048338301213,3.499999777741014,1.1682945295794622,0.36844823003948857,31711,-0.08841081690003882,0.060834637456997305,0.12153175193636008,0.06090399983804673,0.21219164364229737,4.412172592864656e-08,-0.21207240831465632,3.5,3.5,0.1,0.0,0.0,0.0
34.267187795998325,landing,1,2.554450273513794,3.520878553390503,1.0851621627807617,0.7316781878471375,0.09302770346403122,-0.4485173225402832,2.4353526495399693,3.4999997786242765,1.1640491008142142,0.36930892945278826,31785,-0.06570106984727708,0.06718906292416561,0.07656501612240499,15.785666000738274,0.21219164364229737,4.412172592864656e-08,-0.21207240831465632,3.5,3.5,0.1,0.0,0.0,0.0
34.27135887199984,landing,1,2.569518804550171,3.5227701663970947,1.075784683227539,0.7581276893615723,0.0966411828994751,-0.4560970366001129,2.4395829178499575,3.4999997795038906,1.1598212095885412,0.36930892945278826,31785,-0.06570106984727708,0.06718906292416561,0.07656501612240499,0.07338399882428348,0.21219164364229737,4.412172592864656e-08,-0.21207240831465632,3.5,3.5,0.1,0.0,0.0,0.0
34.307666032997076,landing,1,2.5843260288238525,3.5246267318725586,1.0667319297790527,0.7829282283782959,0.0998528003692627,-0.46256721019744873,2.4438546742936285,3.499999780392131,1.155551853542315,0.370099075650774,31853,-0.04485288520385389,0.0731731120981778,0.02946900369320813,16.20421700135921,0.21219164364229737,4.412172592864656e-08,-0.21207240831465632,3.5,3.5,0.1,0.0,0.0,0.0
34.31137221799872,landing,1,2.5996243953704834,3.5265400409698486,1.057543396949768,0.8069515228271484,0.10284315049648285,-0.4685342013835907,2.448073825883827,3.499999781269434,1.1513350727896934,0.370099075650774,31853,-0.04485288520385389,0.0731731120981778,0.02946900369320813,0.06509900049422868,0.21219164364229737,4.412172592864656e-08,-0.21207240831465632,3.5,3.5,0.1,0.0,0.0,0.0
34.339122546996805,landing,1,2.6153883934020996,3.528505563735962,1.0482308864593506,0.8297728896141052,0.105559341609478,-0.47422751784324646,2.452334915030067,3.4999997821554567,1.1470763780467,0.37081130677356605,31914,-0.026060507293772517,0.07854900199233382,-0.015443963409130994,7.722125999862328,0.21219164364229737,4.412172592864656e-08,-0.21207240831465632,3.5,3.5,0.1,0.0,0.0,0.0
34.35141434899924,landing,1,2.6315841674804688,3.530517339706421,1.0388015508651733,0.8508887887001038,0.10795073211193085,-0.4794939160346985,2.45656707311834,3.4999997830354634,1.1428465981046516,0.37081130677356605,31914,-0.026060507293772517,0.07854900199233382,-0.015443963409130994,0.05920100011280738,0.21219164364229737,4.412172592864656e-08,-0.21207240831465632,3.5,3.5,0.1,0.0,0.0,0.0
34.38142255999992,landing,1,2.6481668949127197,3.5325677394866943,1.0292671918869019,0.869933009147644,0.109959676861763,-0.4843871593475342,2.4608180432691897,3.499999783919382,1.1385980166709544,0.3714819307810001,31972,-0.008365942453824715,0.08323378778558911,-0.057134848477923446,9.986909000872402,0.21219164364229737,4.412172592864656e-08,-0.21207240831465632,3.5,3.5,0.1,0.0,0.0,0.0
34.39145803899737,landing,1,2.6650853157043457,3.534648895263672,1.0196359157562256,0.8863821029663086,0.11151709407567978,-0.488889217376709,2.465057606634349,3.499999784800929,1.1343608356132142,0.3714819307810001,31972,-0.008365942453824715,0.08323378778558911,-0.057134848477923446,0.08763900041230954,0.21219164364229737,4.412172592864656e-08,-0.21207240831465632,3.5,3.5,0.1,0.0,0.0,0.0
34.42392274899976,landing,1,2.6822798252105713,3.5367510318756104,1.0099152326583862,0.8997694253921509,0.1125183179974556,-0.4930395483970642,2.469368104816609,3.4999997856972254,1.130052759598266,0.37210945583013577,32026,0.008191446705428262,0.08688204543445367,-0.09326276412514863,12.229127001774032,0.21219164364229737,4.412172592864656e-08,-0.21207240831465632,3.5,3.5,0.1,0.0,0.0,0.0
34.43144531199869,landing,1,2.6999659538269043,3.538912057876587,1.0000228881835938,0.9112311005592346,0.11308882385492325,-0.497085303068161,2.4735429713732877,3.4999997865653194,1.1258802389943925,0.37210945583013577,32026,0.008191446705428262,0.08688204543445367,-0.09326276412514863,0.06113600102253258,0.21219164364229737,4.412172592864656e-08,-0.21207240831465632,3.5,3.5,0.1,0.0,0.0,0.0
34.45838107299642,landing,1,2.7184324264526367,3.541130781173706,0.9896517992019653,0.9185249209403992,0.11269737780094147,-0.500771164894104,2.477784449131088,3.499999787447264,1.121641144619752,0.37272249759578685,32079,0.024366691181709754,0.08921517521349749,-0.12379116897148347,7.064903998980299,0.21219164364229737,4.412172592864656e-08,-0.21207240831465632,3.5,3.5,0.1,0.0,0.0,0.0
34.471444650997,landing,1,2.735889434814453,3.543195962905884,0.9798150658607483,0.9209923148155212,0.11135437339544296,-0.5034427046775818,2.482036687339685,3.4999997883314466,1.117391295840858,0.37272249759578685,32079,0.024366691181709754,0.08921517521349749,-0.12379116897148347,0.05795199831482023,0.21219164364229737,4.412172592864656e-08,-0.21207240831465632,3.5,3.5,0.1,0.0,0.0,0.0
34.50195957199685,landing,1,2.7533531188964844,3.545225143432617,0.9699020981788635,0.9200872778892517,0.1091281995177269,-0.5062151551246643,2.486279522487452,3.4999997892136734,1.1131508448389993,0.37325076302379184,32124,0.0383050929760369,0.08918341468734736,-0.1433859193931389,10.599062999972375,0.21219164364229737,4.412172592864656e-08,-0.21207240831465632,3.5,3.5,0.1,0.0,0.0,0.0
34.51161408999906,landing,1,2.770753860473633,3.5471982955932617,0.9599149227142334,0.9157816767692566,0.10593369603157043,-0.5088642239570618,2.490527927878107,3.4999997900970587,1.1089048267242996,0.37325076302379184,32124,0.0383050929760369,0.08918341468734736,-0.1433859193931389,0.10152899994864129,0.21219164364229737,4.412172592864656e-08,-0.21207240831465632,3.5,3.5,0.1,0.0,0.0,0.0
34.54661790299724,landing,1,2.788020610809326,3.5490968227386475,0.9498555064201355,0.9080734252929688,0.10170409828424454,-0.5117040872573853,2.4947764009578552,3.4999997909804583,1.1046587409585422,0.37378566501414345,32170,0.052418601956290445,0.08674518949745208,-0.15473978263647975,15.1643499993952,0.21219164364229737,4.412172592864656e-08,-0.21207240831465632,3.5,3.5,0.1,0.0,0.0,0.0
34.55149817099664,landing,1,2.8050858974456787,3.5508995056152344,0.9397220015525818,0.8970909118652344,0.09635841846466064,-0.514613151550293,2.4990131353834464,3.4999997918614167,1.1004243872507242,0.37378566501414345,32170,0.052418601956290445,0.08674518949745208,-0.15473978263647975,0.08376700134249404,0.21219164364229737,4.412172592864656e-08,-0.21207240831465632,3.5,3.5,0.1,0.0,0.0,0.0
34.584719730999495,landing,1,2.8218860626220703,3.5525827407836914,0.929512619972229,0.8830552697181702,0.08985535800457001,-0.517815113067627,2.503257913570099,3.4999997927440476,1.0961819943018178,0.37434638169894496,32219,0.06721323743918006,0.08148046057522172,-0.15792106684891014,13.318487999640638,0.21219164364229737,4.412172592864656e-08,-0.21207240831465632,3.5,3.5,0.1,0.0,0.0,0.0
34.59129864199713,landing,1,2.8383641242980957,3.554124116897583,0.9192225933074951,0.8662222623825073,0.08214911073446274,-0.5211980938911438,2.507478210782349,3.4999997936215883,1.091964068570896,0.37434638169894496,32219,0.06721323743918006,0.08148046057522172,-0.15792106684891014,0.04423500286065973,0.21219164364229737,4.412172592864656e-08,-0.21207240831465632,3.5,3.5,0.1,0.0,0.0,0.0
34.621947775998706,landing,1,2.8544692993164062,3.555499315261841,0.9088514447212219,0.8469136357307434,0.07323268055915833,-0.5247344970703125,2.511749497858822,3.4999997945097316,1.0876951816281193,0.37493948075606365,32270,0.0828622890781947,0.07309564208942071,-0.15381495595249903,10.53403199694003,0.21219164364229737,4.412172592864656e-08,-0.21207240831465632,3.5,3.5,0.1,0.0,0.0,0.0
34.63169587799712,landing,1,2.87015700340271,3.556685209274292,0.8983956575393677,0.8254165053367615,0.06312387436628342,-0.5284274816513062,2.515997714610688,3.4999997953930775,1.0834493520462078,0.37493948075606365,32270,0.0828622890781947,0.07309564208942071,-0.15381495595249903,0.09792299897526391,0.21219164364229737,4.412172592864656e-08,-0.21207240831465632,3.5,3.5,0.1,0.0,0.0,0.0
34.65910077099761,landing,1,2.8853917121887207,3.557659149169922,0.8878546357154846,0.8020498156547546,0.05187348648905754,-0.5322481989860535,2.5202250839584135,3.499999796272089,1.0792243581538046,0.3755581886465087,32323,0.09918703552793318,0.06153010938168801,-0.14367248486265252,7.763019002595684,0.21219164364229737,4.412172592864656e-08,-0.21207240831465632,3.5,3.5,0.1,0.0,0.0,0.0
34.67149637900002,landing,1,2.9001424312591553,3.5583999156951904,0.8772268891334534,0.7771285176277161,0.03954248130321503,-0.53605717420578,2.5244759796301084,3.499999797155992,1.0749758511574106,0.3755581886465087,32323,0.09918703552793318,0.06153010938168801,-0.14367248486265252,0.0804090013843961,0.21219164364229737,4.412172592864656e-08,-0.21207240831465632,3.5,3.5,0.1,0.0,0.0,0.0
34.70765714999652,landing,1,2.9143877029418945,3.5588889122009277,0.8665141463279724,0.7510240077972412,0.02624453231692314,-0.5399025678634644,2.528718636537236,3.499999798038182,1.0707355782960337,0.37618762144979023,32377,0.11579476120818377,0.04698667294472695,-0.1288966259800998,16.27353399817366,0.21219164364229737,4.412172592864656e-08,-0.21207240831465632,3.5,3.5,0.1,0.0,0.0,0.0
34.71133059799831,landing,1,2.928112268447876,3.5591092109680176,0.855717122554779,0.7240700125694275,0.012083355337381363,-0.543621838092804,2.532940445402594,3.499999798916037,1.0665161417614362,0.37618762144979023,32377,0.11579476120818377,0.04698667294472695,-0.1288966259800998,0.07216100129880942,0.21219164364229737,4.412172592864656e-08,-0.21207240831465632,3.5,3.5,0.1,0.0,0.0,0.0
34.74223511599848,landing,1,2.941307783126831,3.5590457916259766,0.8448382019996643,0.6966533660888672,-0.0027785636484622955,-0.5473751425743103,2.5372448010616555,3.4999997998110564,1.062214204818062,0.3768173999926338,32431,0.13241160930432017,0.029922368442927238,-0.11109277820190774,10.639418000209844,0.21219164364229737,4.412172592864656e-08,-0.21207240831465632,3.5,3.5,0.1,0.0,0.0,0.0
34.751485214997956,landing,1,2.9539740085601807,3.5586886405944824,0.833877444267273,0.6690579652786255,-0.01825626939535141,-0.5510104298591614,2.541449153132317,3.4999998006852815,1.0580122152687896,0.3768173999926338,32431,0.13241160930432017,0.029922368442927238,-0.11109277820190774,0.07799800005159341,0.21219164364229737,4.412172592864656e-08,-0.21207240831465632,3.5,3.5,0.1,0.0,0.0,0.0
34.78230473799704,landing,1,2.966116189956665,3.558027744293213,0.8228402137756348,0.6415697932243347,-0.034242384135723114,-0.554455578327179,2.545694523334149,3.4999998015680354,1.0537692306373705,0.37830793590250217,32560,0.1717397335752544,0.010831999093126482,-0.09159564373863312,10.871330996451434,0.21219164364229737,4.412172592864656e-08,-0.21207240831465632,3.5,3.5,0.1,0.0,0.0,0.0
34.79132459799803,landing,1,2.9777421951293945,3.5570573806762695,0.8117289543151855,0.6144452095031738,-0.05049258843064308,-0.557766318321228,2.549923602522005,3.499999802447402,1.0495425278656354,0.37830793590250217,32560,0.1717397335752544,0.010831999093126482,-0.09159564373863312,0.04264200106263161,0.21219164364229737,4.412172592864656e-08,-0.21207240831465632,3.5,3.5,0.1,0.0,0.0,0.0
34.82192113799829,landing,1,2.9882912635803223,3.555819511413574,0.8011888265609741,0.585368275642395,-0.06669408082962036,-0.5573752522468567,2.5542437085298917,3.4999998033456965,1.045224849423917,0.3793960349153712,32653,0.20044947006256386,-0.009324657520300964,-0.07027685033058348,10.261796000122558,0.21219164364229737,4.412172592864656e-08,-0.21207240831465632,3.5,3.5,0.1,0.0,0.0,0.0
34.83188221199816,landing,1,2.9990055561065674,3.5542261600494385,0.7898752093315125,0.5606160163879395,-0.08287696540355682,-0.5606422424316406,2.558478464904864,3.4999998042262437,1.040992472655206,0.3793960349153712,32653,0.20044947006256386,-0.009324657520300964,-0.07027685033058348,0.12863599840784445,0.21219164364229737,4.412172592864656e-08,-0.21207240831465632,3.5,3.5,0.1,0.0,0.0,0.0
34.86065327999677,landing,1,3.00900936126709,3.5523645877838135,0.778824508190155,0.5358625054359436,-0.09859423339366913,-0.5618016123771667,2.5626619975807716,3.49999980509614,1.0368112908017941,0.38062830682075094,32759,0.23296324065305818,-0.029692193975333066,-0.05218990354761224,9.329941000032704,0.21219164364229737,4.412172592864656e-08,-0.21207240831465632,3.5,3.5,0.1,0.0,0.0,0.0
34.87140889299917,landing,1,3.0183780193328857,3.550260543823242,0.7680248022079468,0.5114996433258057,-0.11362569779157639,-0.5608720183372498,2.5669054376869824,3.4999998059784927,1.0325702351814319,0.38062830682075094,32759,0.23296324065305818,-0.029692193975333066,-0.05218990354761224,0.0579229999857489,0.21219164364229737,4.412172592864656e-08,-0.21207240831465632,3.5,3.5,0.1,0.0,0.0,0.0
34.905697526999575,landing,1,3.0276782512664795,3.547834873199463,0.7568051815032959,0.4904382824897766,-0.12805265188217163,-0.5619650483131409,2.5711437556989494,3.4999998068597806,1.0283342987770914,0.3816163765703356,32844,0.25903368259460535,-0.04910970965685022,-0.035531050614205396,14.366998999321368,0.21219164364229737,4.412172592864656e-08,-0.21207240831465632,3.5,3.5,0.1,0.0,0.0,0.0
34.91160134599704,landing,1,3.037076234817505,3.5450291633605957,0.745063841342926,0.4701481759548187,-0.14217662811279297,-0.5620723962783813,2.5753958990574373,3.499999807743943,1.024084544795008,0.3816163765703356,32844,0.25903368259460535,-0.04910970965685022,-0.035531050614205396,0.22801399973104708,0.21219164364229737,4.412172592864656e-08,-0.21207240831465632,3.5,3.5,0.1,0.0,0.0,0.0
34.94952090299921,landing,1,3.0454461574554443,3.542187213897705,0.7342041730880737,0.45154479146003723,-0.1541835069656372,-0.5602522492408752,2.579723866553858,3.4999998086438717,1.0197590092823055,0.3825070966088413,32921,0.2825355305762862,-0.06710705678370105,-0.02227245569672529,17.689581000013277,0.21219164364229737,4.412172592864656e-08,-0.21207240831465632,3.5,3.5,0.1,0.0,0.0,0.0
34.95132037499934,landing,1,3.053823471069336,3.539073944091797,0.7229692339897156,0.43630287051200867,-0.165248304605484,-0.5601040720939636,2.583866067268253,3.499999809505174,1.0156191361650333,0.3825070966088413,32921,0.2825355305762862,-0.06710705678370105,-0.02227245569672529,0.07216900121420622,0.21219164364229737,4.412172592864656e-08,-0.21207240831465632,3.5,3.5,0.1,0.0,0.0,0.0
34.98908189499707,landing,1,3.0620064735412598,3.535773277282715,0.7116943001747131,0.4231312870979309,-0.17502330243587494,-0.5600130558013916,2.588141527730225,3.4999998103941845,1.0113460781818784,0.3835109289438032,33008,0.3090218718681559,-0.08234377916618948,-0.01449362420857572,17.602240997803165,0.21219164364229737,4.412172592864656e-08,-0.21207240831465632,3.5,3.5,0.1,0.0,0.0,0.0
34.99159321099796,landing,1,3.066446304321289,3.5338895320892334,0.7053543925285339,0.41683122515678406,-0.17974592745304108,-0.5605522394180298,2.592412075106153,3.499999811282174,1.0070779305239927,0.3835109289438032,33008,0.3090218718681559,-0.08234377916618948,-0.01449362420857572,0.0678549986332655,0.21219164364229737,4.412172592864656e-08,-0.21207240831465632,3.5,3.5,0.1,0.0,0.0,0.0
35.02948371099774,landing,1,3.0741186141967773,3.5304744243621826,0.6944988369941711,0.4052185118198395,-0.1867387592792511,-0.5576539635658264,2.596681700298265,3.4999998121699716,1.002810704531726,0.38411983935893435,33060,0.3250881097344145,-0.09175357153773422,-0.010487576746470037,17.749917002220172,0.21219164364229737,4.412172592864656e-08,-0.21207240831465632,3.5,3.5,0.1,0.0,0.0,0.0
35.03141196999786,landing,1,3.081880569458008,3.5268704891204834,0.6833143830299377,0.39655962586402893,-0.19251516461372375,-0.556571364402771,2.6008539339810834,3.4999998130375185,0.9986408153222416,0.38411983935893435,33060,0.3250881097344145,-0.09175357153773422,-0.010487576746470037,0.07918900155345909,0.21219164364229737,4.412172592864656e-08,-0.21207240831465632,3.5,3.5,0.1,0.0,0.0,0.0
35.06608812399645,landing,1,3.089380979537964,3.5232646465301514,0.6724095344543457,0.3887857496738434,-0.19634616374969482,-0.5538197755813599,2.6051090607537937,3.499999813922301,0.994388079602384,0.38485303959493544,33123,0.3444337623993512,-0.10088882522088354,-0.008992360811826448,14.594775002478855,0.21219164364229737,4.412172592864656e-08,-0.21207240831465632,3.5,3.5,0.1,0.0,0.0,0.0
35.07133376499769,landing,1,3.0968401432037354,3.5196056365966797,0.6614791750907898,0.3827580213546753,-0.1985464096069336,-0.5513607263565063,2.6093287693466665,3.4999998147997196,0.9901707421600806,0.38485303959493544,33123,0.3444337623993512,-0.10088882522088354,-0.008992360811826448,0.0772380008129403,0.21219164364229737,4.412172592864656e-08,-0.21207240831465632,3.5,3.5,0.1,0.0,0.0,0.0
35.10343450599976,landing,1,3.104276657104492,3.5159270763397217,0.6505337953567505,0.37825286388397217,-0.1991264671087265,-0.5490273237228394,2.6136120620140706,3.499999815690359,0.9858898563725887,0.38552953750677316,33181,0.3622833115243562,-0.10614758292600376,-0.01070302303531897,11.964779001573334,0.21219164364229737,4.412172592864656e-08,-0.21207240831465632,3.5,3.5,0.1,0.0,0.0,0.0
35.11160363899762,landing,1,3.1117067337036133,3.512260675430298,0.6395830512046814,0.37504324316978455,-0.19813060760498047,-0.5468837022781372,2.6178498075334407,3.4999998165715276,0.9816544921391485,0.38552953750677316,33181,0.3622833115243562,-0.10614758292600376,-0.01070302303531897,0.10478700278326869,0.21219164364229737,4.412172592864656e-08,-0.21207240831465632,3.5,3.5,0.1,0.0,0.0,0.0
35.14868498499709,landing,1,3.1191418170928955,3.508636713027954,0.6286363005638123,0.3729085624217987,-0.1955941617488861,-0.5447648763656616,2.6221468113885034,3.499999817465018,0.9773599028686272,0.38624393567921556,33243,0.3811328675254746,-0.10772919982856341,-0.015366918717295695,16.751568000472616,0.21219164364229737,4.412172592864656e-08,-0.21207240831465632,3.5,3.5,0.1,0.0,0.0,0.0
35.151344613997935,landing,1,3.1265921592712402,3.505084991455078,0.6177025437355042,0.3716396987438202,-0.19152173399925232,-0.5426414608955383,2.626304513763045,3.4999998183295435,0.9732045368019451,0.38624393567921556,33243,0.3811328675254746,-0.10772919982856341,-0.015366918717295695,0.0770679980632849,0.21219164364229737,4.412172592864656e-08,-0.21207240831465632,3.5,3.5,0.1,0.0,0.0,0.0
35.188375877998624,landing,1,3.1340622901916504,3.5016353130340576,0.6067905426025391,0.37101730704307556,-0.18596816062927246,-0.5404570698738098,2.630574254386963,3.499999819217365,0.9689371954427369,0.38696286533142277,33305,0.40010198763648397,-0.10566161997317727,-0.0220193518617712,16.962887999397935,0.21219164364229737,4.412172592864656e-08,-0.21207240831465632,3.5,3.5,0.1,0.0,0.0,0.0
35.191551686999446,landing,1,3.141554594039917,3.4983153343200684,0.5959080457687378,0.37081652879714966,-0.17901818454265594,-0.5382660031318665,2.634841541438317,3.4999998201046765,0.9646723062773739,0.38696286533142277,33305,0.40010198763648397,-0.10566161997317727,-0.0220193518617712,0.0689410007908009,0.21219164364229737,4.412172592864656e-08,-0.21207240831465632,3.5,3.5,0.1,0.0,0.0,0.0
35.22964230499929,landing,1,3.1490674018859863,3.495150327682495,0.5850614905357361,0.37083813548088074,-0.17078791558742523,-0.5359804034233093,2.6390873105600803,3.4999998209875134,0.9604289229501858,0.38766725869139224,33365,0.41868756441668076,-0.10016030169556696,-0.0296709009690045,18.091563000780297,0.21219164364229737,4.412172592864656e-08,-0.21207240831465632,3.5,3.5,0.1,0.0,0.0,0.0
35.23185431899765,landing,1,3.1565966606140137,3.492163896560669,0.5742577314376831,0.3708737790584564,-0.1613987684249878,-0.5335601568222046,2.6433406984226164,3.499999821871935,0.9561779251633692,0.38766725869139224,33365,0.41868756441668076,-0.10016030169556696,-0.0296709009690045,0.137266000820091,0.21219164364229737,4.412172592864656e-08,-0.21207240831465632,3.5,3.5,0.1,0.0,0.0,0.0
35.268430425996485,landing,1,3.164133310317993,3.489375591278076,0.5635029673576355,0.3707335889339447,-0.15099407732486725,-0.5310169458389282,2.647548492455065,3.499999822746876,0.9519724955864264,0.38834253418008224,33423,0.43650485963277497,-0.09168361543180673,-0.03737195426193333,16.998532999423333,0.21219164364229737,4.412172592864656e-08,-0.21207240831465632,3.5,3.5,0.1,0.0,0.0,0.0
35.27133807399878,landing,1,3.1716670989990234,3.4868030548095703,0.5528035759925842,0.37023288011550903,-0.13972821831703186,-0.5282903909683228,2.6517699930056553,3.4999998236246666,0.9477533671933478,0.38834253418008224,33423,0.43650485963277497,-0.09168361543180673,-0.03737195426193333,0.07262899816851132,0.21219164364229737,4.412172592864656e-08,-0.21207240831465632,3.5,3.5,0.1,0.0,0.0,0.0
35.31129606399918,landing,1,3.1791110038757324,3.484391450881958,0.5422641038894653,0.3688099682331085,-0.12811729311943054,-0.5248425602912903,2.656028245361609,3.4999998245100996,0.9434975076465835,0.3889273794717757,33474,0.45193613381993814,-0.08108894341553866,-0.043975081265393005,19.887086000380805,0.21219164364229737,4.412172592864656e-08,-0.21207240831465632,3.5,3.5,0.1,0.0,0.0,0.0
35.311851661997935,landing,1,3.186596155166626,3.482287883758545,0.5316898822784424,0.3671223223209381,-0.115622878074646,-0.5217472910881042,2.66036519726406,3.4999998254118965,0.9391629927763937,0.3889273794717757,33474,0.45193613381993814,-0.08108894341553866,-0.043975081265393005,0.07582599937450141,0.21219164364229737,4.412172592864656e-08,-0.21207240831465632,3.5,3.5,0.1,0.0,0.0,0.0
35.34894377399905,landing,1,3.1940970420837402,3.480498790740967,0.5210932493209839,0.3650089204311371,-0.1024324968457222,-0.5189520716667175,2.6645385996988282,3.4999998262796863,0.9349919354717072,0.38952792254170016,33525,0.4677815974063346,-0.06836135172332074,-0.049492984150615094,17.43274399996153,0.21219164364229737,4.412172592864656e-08,-0.21207240831465632,3.5,3.5,0.1,0.0,0.0,0.0
35.35137098999985,landing,1,3.201756238937378,3.4788196086883545,0.5102629065513611,0.3610972464084625,-0.08878128230571747,-0.514616847038269,2.6687522084186686,3.499999827155836,0.9307806944747784,0.38952792254170016,33525,0.4677815974063346,-0.06836135172332074,-0.049492984150615094,0.07377699876087718,0.21219164364229737,4.412172592864656e-08,-0.21207240831465632,3.5,3.5,0.1,0.0,0.0,0.0
35.38484657499794,landing,1,3.208963632583618,3.4774866104125977,0.5000196695327759,0.3564547300338745,-0.07574449479579926,-0.5104400515556335,2.673012781302599,3.4999998280417515,0.926522515703995,0.3899356081863169,33560,0.47853847457300347,-0.054675687748623775,-0.05225825482982037,13.446577002468985,0.21219164364229737,4.412172592864656e-08,-0.21207240831465632,3.5,3.5,0.1,0.0,0.0,0.0
35.39127134699811,landing,1,3.2160630226135254,3.4763951301574707,0.4898483157157898,0.35086914896965027,-0.06292381882667542,-0.506208062171936,2.6772255724477083,3.499999828917731,0.922312091822383,0.3899356081863169,33560,0.47853847457300347,-0.054675687748623775,-0.05225825482982037,0.0490160018671304,0.21219164364229737,4.412172592864656e-08,-0.21207240831465632,3.5,3.5,0.1,0.0,0.0,0.0
35.42313657399791,landing,1,3.222989559173584,3.475476026535034,0.47982922196388245,0.3440534174442291,-0.050795137882232666,-0.5014401078224182,2.681512167453766,3.4999998298090573,0.918027905551897,0.3902816115163781,33590,0.4876678500363596,-0.04149634120883815,-0.052408089938282436,11.695788998622447,0.21219164364229737,4.412172592864656e-08,-0.21207240831465632,3.5,3.5,0.1,0.0,0.0,0.0
35.431843050999305,landing,1,3.229810953140259,3.4748435020446777,0.46981796622276306,0.3364996910095215,-0.03894984349608421,-0.4969192445278168,2.6857901557543986,3.499999830698594,0.9137523211505316,0.3902816115163781,33590,0.4876678500363596,-0.04149634120883815,-0.052408089938282436,0.12366600276436657,0.21219164364229737,4.412172592864656e-08,-0.21207240831465632,3.5,3.5,0.1,0.0,0.0,0.0
35.460144504999334,landing,1,3.2364604473114014,3.4744186401367188,0.4598928689956665,0.3279711902141571,-0.027875075116753578,-0.4923286437988281,2.689983228566839,3.4999998315704737,0.9095616045214076,0.39060806769245643,33618,0.4962814694579514,-0.029002511583705957,-0.05018565383423369,8.78820099751465,0.21219164364229737,4.412172592864656e-08,-0.21207240831465632,3.5,3.5,0.1,0.0,0.0,0.0
35.47148520299743,landing,1,3.2432219982147217,3.4741673469543457,0.4495992958545685,0.3179571330547333,-0.01728222705423832,-0.4871447682380676,2.6942283840295254,3.4999998324531836,0.9053188345084676,0.39060806769245643,33618,0.4962814694579514,-0.029002511583705957,-0.05018565383423369,0.0754510001570452,0.21219164364229737,4.412172592864656e-08,-0.21207240831465632,3.5,3.5,0.1,0.0,0.0,0.0
35.50724787999934,landing,1,3.2494070529937744,3.474113702774048,0.4399643540382385,0.30739617347717285,-0.00821173470467329,-0.48184341192245483,2.6985028395516935,3.4999998333419855,0.901046780900418,0.3908453929203685,33639,0.5025433488223872,-0.017992911659449697,-0.04516031627506113,15.71923300070921,0.21219164364229737,4.412172592864656e-08,-0.21207240831465632,3.5,3.5,0.1,0.0,0.0,0.0
35.51154402099928,landing,1,3.2553749084472656,3.4742026329040527,0.4304121732711792,0.2961617708206177,-0.00032386183738708496,-0.4765547215938568,2.7027248773724044,3.499999834219888,0.8968271155391223,0.3908453929203685,33639,0.5025433488223872,-0.017992911659449697,-0.04516031627506113,0.08341000284417532,0.21219164364229737,4.412172592864656e-08,-0.21207240831465632,3.5,3.5,0.1,0.0,0.0,0.0
35.54856567499883,landing,1,3.261112689971924,3.474409818649292,0.4209461212158203,0.2843783497810364,0.006298761814832687,-0.47130250930786133,2.706987671478515,3.4999998351062653,0.8925667167943145,0.3910403416023698,33656,0.5076871135189904,-0.009608618603881071,-0.038122248396634945,17.010966999805532,0.21219164364229737,4.412172592864656e-08,-0.21207240831465632,3.5,3.5,0.1,0.0,0.0,0.0
35.55138532199999,landing,1,3.266611099243164,3.4747095108032227,0.41157054901123047,0.27216821908950806,0.011606695130467415,-0.4659997820854187,2.7111949269678988,3.499999835981094,0.888361825457817,0.3910403416023698,33656,0.5076871135189904,-0.009608618603881071,-0.038122248396634945,0.05695799700333737,0.21219164364229737,4.412172592864656e-08,-0.21207240831465632,3.5,3.5,0.1,0.0,0.0,0.0
35.58183930999803,landing,1,3.271864414215088,3.47507643699646,0.4022882580757141,0.2596530020236969,0.015633927658200264,-0.46076515316963196,2.7154510255784805,3.499999836866079,0.8841081184461856,0.39123415473601714,33672,0.5128009165176017,-0.003973608477534581,-0.029633596477786836,10.281286002282286,0.21219164364229737,4.412172592864656e-08,-0.21207240831465632,3.5,3.5,0.1,0.0,0.0,0.0
35.59154168999885,landing,1,3.276867628097534,3.475485324859619,0.39310142397880554,0.24697257578372955,0.018364880234003067,-0.4555058479309082,2.719702041138441,3.499999837750007,0.8798594916288941,0.39123415473601714,33672,0.5128009165176017,-0.003973608477534581,-0.029633596477786836,0.04584199996315874,0.21219164364229737,4.412172592864656e-08,-0.21207240831465632,3.5,3.5,0.1,0.0,0.0,0.0
35.621880681999755,landing,1,3.281620979309082,3.475912094116211,0.38401275873184204,0.23427054286003113,0.019817063584923744,-0.4502774477005005,2.7239362396615956,3.4999998386304383,0.8756276723985315,0.3914285944912069,33689,0.5179312530661448,-0.0011738336158669945,-0.020269862989673943,10.493720998056233,0.21219164364229737,4.412172592864656e-08,-0.21207240831465632,3.5,3.5,0.1,0.0,0.0,0.0
35.631454255999415,landing,1,3.286125898361206,3.476332664489746,0.37502384185791016,0.22170880436897278,0.02000696398317814,-0.44502943754196167,2.7281777575236745,3.4999998395123915,0.8713885379421477,0.3914285944912069,33689,0.5179312530661448,-0.0011738336158669945,-0.020269862989673943,0.05756899918196723,0.21219164364229737,4.412172592864656e-08,-0.21207240831465632,3.5,3.5,0.1,0.0,0.0,0.0
35.66005387799669,landing,1,3.290191650390625,3.4767138957977295,0.36660903692245483,0.2084869146347046,0.018973208963871002,-0.4372348189353943,2.732415851673606,3.4999998403936328,0.86715282527405,0.39138940092571384,33686,0.5168971220504961,-0.001239126671758184,-0.010085129643751722,8.725193001737352,0.21219164364229737,4.412172592864656e-08,-0.21207240831465632,3.5,3.5,0.1,0.0,0.0,0.0
35.67140902299798,landing,1,3.294055461883545,3.4770443439483643,0.3582304120063782,0.1959618777036667,0.01679466851055622,-0.4299810528755188,2.7366591460042513,3.4999998412759554,0.8629119153473379,0.39138940092571384,33686,0.5168971220504961,-0.001239126671758184,-0.010085129643751722,0.058713001635624096,0.21219164364229737,4.412172592864656e-08,-0.21207240831465632,3.5,3.5,0.1,0.0,0.0,0.0
35.70456776699939,landing,1,3.2978134155273438,3.4773099422454834,0.3496699929237366,0.1846523880958557,0.013604670763015747,-0.4244893491268158,2.740907272999326,3.4999998421592826,0.8586661754717816,0.3913752781256939,33684,0.5165244888045866,-0.003971660160906192,-0.000513796392279567,13.215188999311067,0.21219164364229737,4.412172592864656e-08,-0.21207240831465632,3.5,3.5,0.1,0.0,0.0,0.0
35.7113891049994,landing,1,3.3012948036193848,3.4774861335754395,0.34141746163368225,0.1736971139907837,0.009501961059868336,-0.41784876585006714,2.745142662978986,3.4999998430399617,0.85443316545442,0.3913752781256939,33684,0.5165244888045866,-0.003971660160906192,-0.000513796392279567,0.05542700091609731,0.21219164364229737,4.412172592864656e-08,-0.21207240831465632,3.5,3.5,0.1,0.0,0.0,0.0
35.74074327699782,landing,1,3.3046000003814697,3.4775795936584473,0.33326297998428345,0.163600891828537,0.004709964152425528,-0.41140344738960266,2.749413168765405,3.4999998439279425,0.8501650593626725,0.3913302965147993,33681,0.515337638912909,-0.008869324938728097,0.007912982902589863,9.307108000939479,0.21219164364229737,4.412172592864656e-08,-0.21207240831465632,3.5,3.5,0.1,0.0,0.0,0.0
35.75140681099947,landing,1,3.3077573776245117,3.477548122406006,0.3251447379589081,0.15462851524353027,-0.0007855221629142761,-0.40537527203559875,2.7536339311022227,3.4999998448055796,0.8459466687685472,0.3913302965147993,33681,0.515337638912909,-0.008869324938728097,0.007912982902589863,0.05787199916085228,0.21219164364229737,4.412172592864656e-08,-0.21207240831465632,3.5,3.5,0.1,0.0,0.0,0.0
35.78561016399908,landing,1,3.310941696166992,3.477370023727417,0.31667622923851013,0.14646030962467194,-0.007147074677050114,-0.3994496762752533,2.7578769954168574,3.4999998456878543,0.8417059887285949,0.3914429043002285,33690,0.518308820586503,-0.0156859806215483,0.014350435412535837,14.262474000133807,0.21219164364229737,4.412172592864656e-08,-0.21207240831465632,3.5,3.5,0.1,0.0,0.0,0.0
35.791315411999676,landing,1,3.313828945159912,3.4770870208740234,0.30877578258514404,0.13966137170791626,-0.013474314473569393,-0.39353153109550476,2.762106167968821,3.4999998465672406,0.8374791926452154,0.3914429043002285,33690,0.518308820586503,-0.0156859806215483,0.014350435412535837,0.07083000309648924,0.21219164364229737,4.412172592864656e-08,-0.21207240831465632,3.5,3.5,0.1,0.0,0.0,0.0
35.82692849499654,landing,1,3.316626787185669,3.4766767024993896,0.300944447517395,0.13405658304691315,-0.019954176619648933,-0.3879251480102539,2.766391680585461,3.4999998474583416,0.8331960881559272,0.391600091082448,33704,0.5224562290883359,-0.023282734458169932,0.018439449804879823,15.468888002942549,0.21219164364229737,4.412172592864656e-08,-0.21207240831465632,3.5,3.5,0.1,0.0,0.0,0.0
35.83171551799751,landing,1,3.3193559646606445,3.4761388301849365,0.2931877672672272,0.12964554131031036,-0.02643212117254734,-0.38246434926986694,2.7706600449344583,3.499999848345877,0.8289301222982789,0.391600091082448,33704,0.5224562290883359,-0.023282734458169932,0.018439449804879823,0.07151999670895748,0.21219164364229737,4.412172592864656e-08,-0.21207240831465632,3.5,3.5,0.1,0.0,0.0,0.0
35.862787408997974,landing,1,3.3220365047454834,3.475478172302246,0.2855117619037628,0.12637583911418915,-0.0327785462141037,-0.3771531581878662,2.7748602582075543,3.4999998492192415,0.824732269220887,0.3918958690047786,33729,0.5302603959044472,-0.031132143887413682,0.019988498717292,11.396249999961583,0.21219164364229737,4.412172592864656e-08,-0.21207240831465632,3.5,3.5,0.1,0.0,0.0,0.0
35.871453218998795,landing,1,3.3246874809265137,3.4746992588043213,0.27792125940322876,0.12421462684869766,-0.038843344897031784,-0.3719283640384674,2.7791039298150055,3.4999998501016427,0.8204909822293702,0.3918958690047786,33729,0.5302603959044472,-0.031132143887413682,0.019988498717292,0.06667100024060346,0.21219164364229737,4.412172592864656e-08,-0.21207240831465632,3.5,3.5,0.1,0.0,0.0,0.0
35.907240073996945,landing,1,3.327327251434326,3.4738106727600098,0.2704218924045563,0.12310146540403366,-0.04450630024075508,-0.36673834919929504,2.7833430522453817,3.4999998509830976,0.8162542418586419,0.3923153437028616,33765,0.5413283298908063,-0.038579059196595336,0.019100896012150252,15.898407000349835,0.21219164364229737,4.412172592864656e-08,-0.21207240831465632,3.5,3.5,0.1,0.0,0.0,0.0
35.9113426019976,landing,1,3.3299736976623535,3.4728240966796875,0.2630186676979065,0.12297528237104416,-0.04962655156850815,-0.36149367690086365,2.7875788133478716,3.499999851863854,0.8120208609269923,0.3923153437028616,33765,0.5413283298908063,-0.038579059196595336,0.019100896012150252,0.04886799797532149,0.21219164364229737,4.412172592864656e-08,-0.21207240831465632,3.5,3.5,0.1,0.0,0.0,0.0
35.954558246998204,landing,1,3.3325750827789307,3.4717652797698975,0.25579914450645447,0.12336495518684387,-0.054048847407102585,-0.3557334244251251,2.791844258152138,3.4999998527507823,0.8077578129735161,0.39275030930273885,33803,0.5528049947952187,-0.04496933695440082,0.016240618489996788,23.112195001885993,0.21219164364229737,4.412172592864656e-08,-0.21207240831465632,3.5,3.5,0.1,0.0,0.0,0.0
35.95506001399917,landing,1,3.335277557373047,3.47062087059021,0.248603954911232,0.12493772059679031,-0.057757992297410965,-0.35037320852279663,2.7968513413965854,3.499999853791922,0.8027535433234262,0.39275030930273885,33803,0.5528049947952187,-0.04496933695440082,0.016240618489996788,0.07508799899369478,0.21219164364229737,4.412172592864656e-08,-0.21207240831465632,3.5,3.5,0.1,0.0,0.0,0.0
35.990765340997314,landing,1,3.3380303382873535,3.4694230556488037,0.24152030050754547,0.12720946967601776,-0.06066065654158592,-0.34487101435661316,2.8003351031648878,3.4999998545163122,0.7992717391603754,0.3933008114764845,33850,0.5673301181130466,-0.04983123583441794,0.011259228466317044,19.340513998031383,0.21219164364229737,4.412172592864656e-08,-0.21207240831465632,3.5,3.5,0.1,0.0,0.0,0.0
35.991231349999,landing,1,3.3408432006835938,3.468189239501953,0.23455247282981873,0.13006120920181274,-0.06268265098333359,-0.33930039405822754,2.8045360448920085,3.499999855389828,0.7950731580382935,0.3933008114764845,33850,0.5673301181130466,-0.04983123583441794,0.011259228466317044,0.0323289968946483,0.21219164364229737,4.412172592864656e-08,-0.21207240831465632,3.5,3.5,0.1,0.0,0.0,0.0
36.03193776699845,landing,1,3.343839645385742,3.4668819904327393,0.22742636501789093,0.13340574502944946,-0.06381752341985703,-0.33292558789253235,2.808804056366271,3.4999998562772903,0.7908075448570917,0.39385624796275315,33898,0.5819854343734328,-0.052836691993742,0.0047877834154358345,20.592880999174668,0.21219164364229737,4.412172592864656e-08,-0.21207240831465632,3.5,3.5,0.1,0.0,0.0,0.0
36.032319777998055,landing,1,3.3468947410583496,3.4655864238739014,0.22050096094608307,0.1370404213666916,-0.06387908011674881,-0.3261367976665497,2.813256040541983,3.4999998572030067,0.7863580623529003,0.39385624796275315,33898,0.5819854343734328,-0.052836691993742,0.0047877834154358345,0.038902999222045764,0.21219164364229737,4.412172592864656e-08,-0.21207240831465632,3.5,3.5,0.1,0.0,0.0,0.0
36.065291258997604,landing,1,3.3498916625976562,3.4643776416778564,0.2140362411737442,0.14079251885414124,-0.06292051076889038,-0.3195423185825348,2.817302740375285,3.4999998580444505,0.7823136364525973,0.3942852262568549,33935,0.5933041228721603,-0.05355438590891403,-0.002458841137880548,13.895889002014883,0.21219164364229737,4.412172592864656e-08,-0.21207240831465632,3.5,3.5,0.1,0.0,0.0,0.0
36.071392943998944,landing,1,3.352970600128174,3.4632084369659424,0.2076861709356308,0.14464068412780762,-0.060993049293756485,-0.31291574239730835,2.8215350599413314,3.499999858924491,0.7780836951235137,0.3942852262568549,33935,0.5933041228721603,-0.05355438590891403,-0.002458841137880548,0.0564479996683076,0.21219164364229737,4.412172592864656e-08,-0.21207240831465632,3.5,3.5,0.1,0.0,0.0,0.0
36.1081348589978,landing,1,3.3561289310455322,3.4620978832244873,0.20145657658576965,0.14845672249794006,-0.058118175715208054,-0.3061964809894562,2.8257863838160597,3.499999859808483,0.7738347601647033,0.39473077697985104,33973,0.605060078624037,-0.0519612084976405,-0.009939560071048804,16.774283001723234,0.21219164364229737,4.412172592864656e-08,-0.21207240831465632,3.5,3.5,0.1,0.0,0.0,0.0
36.111402703998465,landing,1,3.359362840652466,3.461064577102661,0.19535301625728607,0.15209394693374634,-0.05432644858956337,-0.29937121272087097,2.8300196811616667,3.499999860688727,0.7696038416054956,0.39473077697985104,33973,0.605060078624037,-0.0519612084976405,-0.009939560071048804,0.06123899947851896,0.21219164364229737,4.412172592864656e-08,-0.21207240831465632,3.5,3.5,0.1,0.0,0.0,0.0
36.14145248499699,landing,1,3.3628005981445312,3.4600820541381836,0.18913723528385162,0.15542423725128174,-0.0494295172393322,-0.2918394207954407,2.8342692224138535,3.4999998615723484,0.7653566882675307,0.3951457885016152,34009,0.6160102507022458,-0.04806153182862999,-0.01723561307930636,10.114313998201396,0.21219164364229737,4.412172592864656e-08,-0.21207240831465632,3.5,3.5,0.1,0.0,0.0,0.0
36.151455351999175,landing,1,3.3661398887634277,3.4592645168304443,0.1833636313676834,0.1581903100013733,-0.04392316937446594,-0.2845664322376251,2.8385215312820025,3.4999998624565456,0.7611067688687894,0.3951457885016152,34009,0.6160102507022458,-0.04806153182862999,-0.01723561307930636,0.05496599987964146,0.21219164364229737,4.412172592864656e-08,-0.21207240831465632,3.5,3.5,0.1,0.0,0.0,0.0
36.19116893699902,landing,1,3.369527816772461,3.458568811416626,0.17772041261196136,0.16045807301998138,-0.037730298936367035,-0.2773081064224243,2.8427665460624416,3.4999998633392257,0.7568641394590443,0.3955139875503466,34041,0.6257252651806482,-0.04223262051395183,-0.023464499447231457,19.77073499801918,0.21219164364229737,4.412172592864656e-08,-0.21207240831465632,3.5,3.5,0.1,0.0,0.0,0.0
36.19151309299923,landing,1,3.3729517459869385,3.4580063819885254,0.17221197485923767,0.16212372481822968,-0.030952967703342438,-0.26998141407966614,2.847036550015816,3.499999864227102,0.7525965349183497,0.3955139875503466,34041,0.6257252651806482,-0.04223262051395183,-0.023464499447231457,0.034841999877244234,0.21219164364229737,4.412172592864656e-08,-0.21207240831465632,3.5,3.5,0.1,0.0,0.0,0.0
36.232960320998245,landing,1,3.376397132873535,3.457587718963623,0.16684284806251526,0.16309115290641785,-0.02371237799525261,-0.26258453726768494,2.851266097935556,3.4999998651065662,0.7483693636781217,0.3958892546112752,34073,0.6356267707460468,-0.03484540130574618,-0.028410071215593472,21.461652999278158,0.21219164364229737,4.412172592864656e-08,-0.21207240831465632,3.5,3.5,0.1,0.0,0.0,0.0
36.233497731998796,landing,1,3.3798482418060303,3.457320213317871,0.16161711513996124,0.16330963373184204,-0.016121212393045425,-0.2551363408565521,2.8559301290392742,3.499999866076374,0.7437079533999329,0.3958892546112752,34073,0.6356267707460468,-0.03484540130574618,-0.028410071215593472,0.08142500155372545,0.21219164364229737,4.412172592864656e-08,-0.21207240831465632,3.5,3.5,0.1,0.0,0.0,0.0
36.27606703699712,landing,1,3.383289337158203,3.457206964492798,0.15653790533542633,0.16277548670768738,-0.008276171050965786,-0.2476477026939392,2.8597426565091046,3.4999998668691257,0.7398975682763049,0.39626632281447755,34105,0.6455757998542868,-0.026373948288785427,-0.031709030178336026,24.540497000998585,0.21219164364229737,4.412172592864656e-08,-0.21207240831465632,3.5,3.5,0.1,0.0,0.0,0.0
36.276612401998136,landing,1,3.390072822570801,3.457453489303589,0.14683076739311218,0.15935419499874115,0.007694588042795658,-0.23243924975395203,2.865078953603724,3.49999986797872,0.7345642697688191,0.39626632281447755,34105,0.6455757998542868,-0.026373948288785427,-0.031709030178336026,0.07530899893026799,0.21219164364229737,4.412172592864656e-08,-0.21207240831465632,3.5,3.5,0.1,0.0,0.0,0.0
36.316425219996745,landing,1,3.390072822570801,3.457453489303589,0.14683076739311218,0.15935419499874115,0.007694588042795658,-0.23243924975395203,2.8682291929712247,3.49999986863376,0.7314158005927203,0.39658502572474347,34133,0.6539848476185597,-0.017304175452398454,-0.03321647644389871,24.885119000828126,0.21219164364229737,4.412172592864656e-08,-0.21207240831465632,3.5,3.5,0.1,0.0,0.0,0.0
36.31694324699856,landing,1,3.396618366241455,3.458317518234253,0.1377457082271576,0.1527910679578781,0.023244712501764297,-0.21685294806957245,2.8736398609022715,3.4999998697588186,0.7260081730394774,0.39658502572474347,34133,0.6539848476185597,-0.017304175452398454,-0.03321647644389871,0.0741320000088308,0.21219164364229737,4.412172592864656e-08,-0.21207240831465632,3.5,3.5,0.1,0.0,0.0,0.0
36.34966569599783,landing,1,3.396618366241455,3.458317518234253,0.1377457082271576,0.1527910679578781,0.023244712501764297,-0.21685294806957245,2.8767236794049547,3.499999870400047,0.722926087404796,0.3968422958530952,34155,0.6607729776542257,-0.008171940383798561,-0.032851771970301445,18.198003999714274,0.21219164364229737,4.412172592864656e-08,-0.21207240831465632,3.5,3.5,0.1,0.0,0.0,0.0
36.351325316998555,landing,1,3.3997480869293213,3.4589433670043945,0.13342414796352386,0.148262158036232,0.03044584020972252,-0.2090211808681488,2.8809344500615657,3.499999871275607,0.7187176828763244,0.3968422958530952,34155,0.6607729776542257,-0.008171940383798561,-0.032851771970301445,0.07369499871856533,0.21219164364229737,4.412172592864656e-08,-0.21207240831465632,3.5,3.5,0.1,0.0,0.0,0.0
36.39508097699945,landing,1,3.4027910232543945,3.459731340408325,0.12928658723831177,0.14315380156040192,0.03735748305916786,-0.200954869389534,2.885199853700124,3.499999872162527,0.7144546760654245,0.3969873013754245,34167,0.6645989808819106,0.0004251509488579661,-0.030591648267846373,23.643540000193752,0.21219164364229737,4.412172592864656e-08,-0.21207240831465632,3.5,3.5,0.1,0.0,0.0,0.0
36.39565076099825,landing,1,3.4057164192199707,3.4606425762176514,0.12531553208827972,0.13739563524723053,0.043723080307245255,-0.19277913868427277,2.890336029459852,3.499999873230509,0.7093213864400845,0.3969873013754245,34167,0.6645989808819106,0.0004251509488579661,-0.030591648267846373,0.08217600043280981,0.21219164364229737,4.412172592864656e-08,-0.21207240831465632,3.5,3.5,0.1,0.0,0.0,0.0
36.43374914299784,landing,1,3.408513069152832,3.4616639614105225,0.12151343375444412,0.13106241822242737,0.04942328482866287,-0.18450894951820374,2.8936884454501905,3.4999998739275884,0.7059708542488066,0.39692954687163284,34162,0.663075115346512,0.008140897544186078,-0.02674908402637179,22.332287997414824,0.21219164364229737,4.412172592864656e-08,-0.21207240831465632,3.5,3.5,0.1,0.0,0.0,0.0
36.43426273699879,landing,1,3.4111721515655518,3.462780237197876,0.1178831160068512,0.12423525750637054,0.05436075106263161,-0.17608465254306793,2.898534703342837,3.499999874935287,0.7011273195790813,0.39692954687163284,34162,0.663075115346512,0.008140897544186078,-0.02674908402637179,0.07187399751273915,0.21219164364229737,4.412172592864656e-08,-0.21207240831465632,3.5,3.5,0.1,0.0,0.0,0.0
36.47553610899922,landing,1,3.4136290550231934,3.4639501571655273,0.11452504247426987,0.11674796044826508,0.058419618755578995,-0.16708709299564362,2.9021780879729713,3.4999998756928683,0.6974859822499275,0.3964328489726909,34120,0.6499696298863018,0.014340310612187662,-0.021380505299684396,24.141370002325857,0.21219164364229737,4.412172592864656e-08,-0.21207240831465632,3.5,3.5,0.1,0.0,0.0,0.0
36.475981239997054,landing,1,3.415994882583618,3.465208053588867,0.11123057454824448,0.1092476099729538,0.06176253408193588,-0.15871834754943848,2.9073870915123736,3.4999998767759943,0.6922799057685047,0.3964328489726909,34120,0.6499696298863018,0.014340310612187662,-0.021380505299684396,0.03733500125235878,0.21219164364229737,4.412172592864656e-08,-0.21207240831465632,3.5,3.5,0.1,0.0,0.0,0.0
36.517552228997374,landing,1,3.4181578159332275,3.4664835929870605,0.108195461332798,0.10132358968257904,0.06413339078426361,-0.1498885154724121,2.9106668157380833,3.499999877457958,0.6890020244946942,0.3957240226573263,34059,0.6312670885838063,0.018854093559144847,-0.015086973394321523,26.048302999697626,0.21219164364229737,4.412172592864656e-08,-0.21207240831465632,3.5,3.5,0.1,0.0,0.0,0.0
36.51808622799945,landing,1,3.4220364093780518,3.46909761428833,0.10260132700204849,0.08543629199266434,0.06618543714284897,-0.13260067999362946,2.916318609128955,3.499999878633155,0.6833534069755256,0.3957240226573263,34059,0.6312670885838063,0.018854093559144847,-0.015086973394321523,0.07485199967049994,0.21219164364229737,4.412172592864656e-08,-0.21207240831465632,3.5,3.5,0.1,0.0,0.0,0.0
36.55134901299971,landing,1,3.4220364093780518,3.46909761428833,0.10260132700204849,0.08543629199266434,0.06618543714284897,-0.13260067999362946,2.9191562562542392,3.4999998792231963,0.6805173543889274,0.3947181070052385,33972,0.6047257785023348,0.02138734779590139,-0.00818611801121084,19.945878000726225,0.21219164364229737,4.412172592864656e-08,-0.21207240831465632,3.5,3.5,0.1,0.0,0.0,0.0
36.55170361399723,landing,1,3.423792839050293,3.4704277515411377,0.09997030347585678,0.07784444838762283,0.06598984450101852,-0.12462034821510315,2.9234656149676517,3.499999880119256,0.6762104172025336,0.3947181070052385,33972,0.6047257785023348,0.02138734779590139,-0.00818611801121084,0.037208003050182015,0.21219164364229737,4.412172592864656e-08,-0.21207240831465632,3.5,3.5,0.1,0.0,0.0,0.0
