t,state,mode,x,y,z,vx,vy,vz,carrot_x,carrot_y,carrot_z,force,cmd,az,roll,pitch,solve_ms,ref_vx,ref_vy,ref_vz,target_x,target_y,target_z,target_vx,target_vy,target_vz,vbat,cmd_ctrl,spool_ceil,accz,hover_raw,hover_cmd,hover_est,hover_b50,b50_n,hover_vbat,az_mpc,eps0,eps_max,z_ground
8.149004367005546,prespin,0,0.02737605944275856,0.001248912769369781,0.033221952617168427,-0.0019076700555160642,0.005484625231474638,-2.3282557322090724e-06,0.02737605944275856,0.001248912769369781,0.033221952617168427,0.0,20000,-9.81,0.0,0.0,0.0,0.0,0.0,0.0,0.02737605944275856,0.001248912769369781,0.033221952617168427,0.0,0.0,0.0,4.096187591552734,nan,20000.0,0.9988890290260315,nan,52000,nan,nan,0,nan,nan,nan,nan,0.033221952617168427
8.167666900990298,prespin,0,0.027386052533984184,0.001261456753127277,0.0332210399210453,-0.002201644005253911,0.004821124952286482,-9.063764446182176e-05,0.027386052533984184,0.001261456753127277,0.0332210399210453,0.0,20000,-9.81,0.0,0.0,0.0,0.0,0.0,0.0,0.027386052533984184,0.001261456753127277,0.0332210399210453,0.0,0.0,0.0,4.096187591552734,nan,20000.0,0.9994633197784424,nan,52000,nan,nan,0,nan,nan,nan,nan,0.033221952617168427
8.187829940987285,prespin,0,0.02737409435212612,0.0012540565803647041,0.03322114050388336,-0.0019507590914145112,0.003671281971037388,-0.0003706104471348226,0.02737409435212612,0.0012540565803647041,0.03322114050388336,0.0,20000,-9.81,0.0,0.0,0.0,0.0,0.0,0.0,0.02737409435212612,0.0012540565803647041,0.03322114050388336,0.0,0.0,0.0,4.096187591552734,nan,20000.0,0.9997348785400391,nan,52000,nan,nan,0,nan,nan,nan,nan,0.033221952617168427
8.207889142999193,prespin,0,0.027373330667614937,0.0012521775206550956,0.03322210907936096,-0.0017183790914714336,0.00259891664609313,-0.0003564918297342956,0.027373330667614937,0.0012521775206550956,0.03322210907936096,0.0,20000,-9.81,0.0,0.0,0.0,0.0,0.0,0.0,0.027373330667614937,0.0012521775206550956,0.03322210907936096,0.0,0.0,0.0,4.096187591552734,nan,20000.0,0.9989982843399048,nan,52000,nan,nan,0,nan,nan,nan,nan,0.033221952617168427
8.227839430008316,prespin,0,0.027387909591197968,0.00124494603369385,0.03323227912187576,-0.0014779051998630166,0.0015142738120630383,-0.0005666210199706256,0.027387909591197968,0.00124494603369385,0.03323227912187576,0.0,20000,-9.81,0.0,0.0,0.0,0.0,0.0,0.0,0.027387909591197968,0.00124494603369385,0.03323227912187576,0.0,0.0,0.0,4.096187591552734,nan,20000.0,0.9965165257453918,nan,52000,nan,nan,0,nan,nan,nan,nan,0.033221952617168427
8.247866524005076,prespin,0,0.027372216805815697,0.0012536821886897087,0.03322572633624077,-0.0012051020748913288,0.00034702816628850996,-0.000903602980542928,0.027372216805815697,0.0012536821886897087,0.03322572633624077,0.0,20000,-9.81,0.0,0.0,0.0,0.0,0.0,0.0,0.027372216805815697,0.0012536821886897087,0.03322572633624077,0.0,0.0,0.0,4.096187591552734,nan,20000.0,1.0044795274734497,nan,52000,nan,nan,0,nan,nan,nan,nan,0.033221952617168427
8.268050154001685,prespin,0,0.027378331869840622,0.0012583034113049507,0.03323112800717354,-0.0009575794101692736,-0.000704388425219804,-0.0007968603167682886,0.027378331869840622,0.0012583034113049507,0.03323112800717354,0.0,20000,-9.81,0.0,0.0,0.0,0.0,0.0,0.0,0.027378331869840622,0.0012583034113049507,0.03323112800717354,0.0,0.0,0.0,4.096187591552734,nan,20000.0,0.9959496259689331,nan,52000,nan,nan,0,nan,nan,nan,nan,0.033221952617168427
8.287822566984687,prespin,0,0.027383942157030106,0.0012674079043790698,0.03320207819342613,-0.0006723599508404732,-0.001801700796931982,-0.00086116639431566,0.027383942157030106,0.0012674079043790698,0.03320207819342613,0.0,20000,-9.81,0.0,0.0,0.0,0.0,0.0,0.0,0.027383942157030106,0.0012674079043790698,0.03320207819342613,0.0,0.0,0.0,4.096187591552734,nan,20000.0,1.0004462003707886,nan,52000,nan,nan,0,nan,nan,nan,nan,0.033221952617168427
8.307805861986708,prespin,0,0.02738228626549244,0.001246186438947916,0.03322235494852066,-0.0004188698949292302,-0.0027822586707770824,-0.0008417153148911893,0.02738228626549244,0.001246186438947916,0.03322235494852066,0.0,20000,-9.81,0.0,0.0,0.0,0.0,0.0,0.0,0.02738228626549244,0.001246186438947916,0.03322235494852066,0.0,0.0,0.0,3.8586511611938477,nan,20000.0,1.0032284259796143,nan,52000,nan,nan,0,nan,nan,nan,nan,0.033221952617168427
8.328055781981675,prespin,0,0.02740516886115074,0.001286681741476059,0.03323940932750702,-0.00016139548097271472,-0.003726735943928361,9.62154590524733e-05,0.02740516886115074,0.001286681741476059,0.03323940932750702,0.0,20000,-9.81,0.0,0.0,0.0,0.0,0.0,0.0,0.02740516886115074,0.001286681741476059,0.03323940932750702,0.0,0.0,0.0,3.8586511611938477,nan,20000.0,1.0001802444458008,nan,52000,nan,nan,0,nan,nan,nan,nan,0.033221952617168427
8.347801347990753,prespin,0,0.027417203411459923,0.0013158487854525447,0.033221811056137085,0.0001562548422953114,-0.004622466862201691,0.00011377783084753901,0.027417203411459923,0.0013158487854525447,0.033221811056137085,0.0,20000,-9.81,0.0,0.0,0.0,0.0,0.0,0.0,0.027417203411459923,0.0013158487854525447,0.033221811056137085,0.0,0.0,0.0,3.8586511611938477,nan,20000.0,0.991304874420166,nan,52000,nan,nan,0,nan,nan,nan,nan,0.033221952617168427
8.367823482985841,prespin,0,0.027434615418314934,0.0013171965256333351,0.03322276473045349,0.000453621381893754,-0.005418530199676752,-0.0002740994095802307,0.027434615418314934,0.0013171965256333351,0.03322276473045349,0.0,20000,-9.81,0.0,0.0,0.0,0.0,0.0,0.0,0.027434615418314934,0.0013171965256333351,0.03322276473045349,0.0,0.0,0.0,3.8586511611938477,nan,20000.0,1.0034284591674805,nan,52000,nan,nan,0,nan,nan,nan,nan,0.033221952617168427
8.387811445980333,prespin,0,0.027447409927845,0.0013258842518553138,0.033235274255275726,0.0008134106174111366,-0.006090076174587011,0.0008064124267548323,0.027447409927845,0.0013258842518553138,0.033235274255275726,0.0,20000,-9.81,0.0,0.0,0.0,0.0,0.0,0.0,0.027447409927845,0.0013258842518553138,0.033235274255275726,0.0,0.0,0.0,3.8586511611938477,nan,20000.0,1.0186727046966553,nan,52000,nan,nan,0,nan,nan,nan,nan,0.033221952617168427
8.407859768980416,prespin,0,0.02745746076107025,0.0014054703060537577,0.033237844705581665,0.0011674397392198443,-0.006786936894059181,0.0009185976232402027,0.02745746076107025,0.0014054703060537577,0.033237844705581665,0.0,20000,-9.81,0.0,0.0,0.0,0.0,0.0,0.0,0.02745746076107025,0.0014054703060537577,0.033237844705581665,0.0,0.0,0.0,3.8586511611938477,nan,20000.0,1.0003308057785034,nan,52000,nan,nan,0,nan,nan,nan,nan,0.033221952617168427
8.427862015989376,prespin,0,0.02744303271174431,0.0015055215917527676,0.03322562947869301,0.001492832787334919,-0.007402293849736452,0.0007110295118764043,0.02744303271174431,0.0015055215917527676,0.03322562947869301,0.0,20000,-9.81,0.0,0.0,0.0,0.0,0.0,0.0,0.02744303271174431,0.0015055215917527676,0.03322562947869301,0.0,0.0,0.0,3.8586511611938477,nan,20000.0,0.9887046813964844,nan,52000,nan,nan,0,nan,nan,nan,nan,0.033221952617168427
8.447831661003875,prespin,0,0.027404900640249252,0.001513889990746975,0.03322198987007141,0.0017727890517562628,-0.007796286139637232,-0.00020552506612148136,0.027404900640249252,0.001513889990746975,0.03322198987007141,0.0,20000,-9.81,0.0,0.0,0.0,0.0,0.0,0.0,0.027404900640249252,0.001513889990746975,0.03322198987007141,0.0,0.0,0.0,3.8586511611938477,nan,20000.0,1.0091456174850464,nan,52000,nan,nan,0,nan,nan,nan,nan,0.033221952617168427
8.467838265001774,prespin,0,0.02735229954123497,0.0015512319514527917,0.033195581287145615,0.002023470588028431,-0.008351359516382217,-0.000163095464813523,0.02735229954123497,0.0015512319514527917,0.033195581287145615,0.0,20000,-9.81,0.0,0.0,0.0,0.0,0.0,0.0,0.02735229954123497,0.0015512319514527917,0.033195581287145615,0.0,0.0,0.0,3.8586511611938477,nan,20000.0,0.9937822818756104,nan,52000,nan,nan,0,nan,nan,nan,nan,0.033221952617168427
8.48787296799128,prespin,0,0.02737697772681713,0.0015407032333314419,0.033203668892383575,0.00215794425457716,-0.008594343438744545,-0.0032824904192239046,0.02737697772681713,0.0015407032333314419,0.033203668892383575,0.0,20000,-9.81,0.0,0.0,0.0,0.0,0.0,0.0,0.02737697772681713,0.0015407032333314419,0.033203668892383575,0.0,0.0,0.0,3.8586511611938477,nan,20000.0,0.9916040897369385,nan,52000,nan,nan,0,nan,nan,nan,nan,0.033221952617168427
8.508364634995814,prespin,0,0.027379468083381653,0.0015228585107252002,0.03321384638547897,0.0023529045283794403,-0.00899836141616106,-0.003911084029823542,0.027379468083381653,0.0015228585107252002,0.03321384638547897,0.0,20000,-9.81,0.0,0.0,0.0,0.0,0.0,0.0,0.027379468083381653,0.0015228585107252002,0.03321384638547897,0.0,0.0,0.0,3.890322685241699,nan,20000.0,1.0120526552200317,nan,52000,nan,nan,0,nan,nan,nan,nan,0.033221952617168427
8.527749415981816,prespin,0,0.027321893721818924,0.0015387001913040876,0.03318425267934799,0.0025513239670544863,-0.009385388344526291,-0.0012840286362916231,0.027321893721818924,0.0015387001913040876,0.03318425267934799,0.0,20000,-9.81,0.0,0.0,0.0,0.0,0.0,0.0,0.027321893721818924,0.0015387001913040876,0.03318425267934799,0.0,0.0,0.0,3.890322685241699,nan,20000.0,1.0108212232589722,nan,52000,nan,nan,0,nan,nan,nan,nan,0.033221952617168427
8.549261567008216,spool,0,0.02734849601984024,0.0015561959007754922,0.03320656716823578,0.0025068463291972876,-0.00910617783665657,-8.992102084448561e-05,0.02734849601984024,0.0015561959007754922,0.03320656716823578,0.0,20000,-9.81,0.0,0.0,0.0,0.0,0.0,0.0,0.02734849601984024,0.0015561959007754922,0.03320656716823578,0.0,0.0,0.0,3.890322685241699,nan,20000.0,1.0111596584320068,nan,52000,nan,nan,0,nan,nan,nan,nan,0.033221952617168427
8.567734204989392,spool,0,0.02740997076034546,0.0015201863134279847,0.033222004771232605,0.0026677618734538555,-0.009487015195190907,0.001040862058289349,0.02740997076034546,0.0015201863134279847,0.033222004771232605,0.0,20438,-9.81,0.0,0.0,0.0,0.0,0.0,0.0,0.02740997076034546,0.0015201863134279847,0.033222004771232605,0.0,0.0,0.0,3.890322685241699,nan,20438.210564025212,0.9942845106124878,nan,52000,nan,nan,0,nan,nan,nan,nan,0.033221952617168427
8.588082657981431,spool,0,0.027375882491469383,0.0015157784800976515,0.03320665284991264,0.00280366069637239,-0.009548238478600979,-0.00022007303778082132,0.027375882491469383,0.0015157784800976515,0.03320665284991264,0.0,20885,-9.81,0.0,0.0,0.0,0.0,0.0,0.0,0.027375882491469383,0.0015157784800976515,0.03320665284991264,0.0,0.0,0.0,3.890322685241699,nan,20885.833233827725,0.9996963143348694,nan,52000,nan,nan,0,nan,nan,nan,nan,0.033221952617168427
8.607882124983007,spool,0,0.02727496065199375,0.001522899605333805,0.03321085125207901,0.0029889505822211504,-0.009830859489738941,-6.3163141021505e-05,0.02727496065199375,0.001522899605333805,0.03321085125207901,0.0,21315,-9.81,0.0,0.0,0.0,0.0,0.0,0.0,0.02727496065199375,0.001522899605333805,0.03321085125207901,0.0,0.0,0.0,3.890322685241699,nan,21315.374565892853,0.9867225885391235,nan,52000,nan,nan,0,nan,nan,nan,nan,0.033221952617168427
8.628018482995685,spool,0,0.027335045859217644,0.0015308856964111328,0.03321642801165581,0.0031103533692657948,-0.010080082342028618,-0.0011234376579523087,0.027335045859217644,0.0015308856964111328,0.03321642801165581,0.0,21762,-9.81,0.0,0.0,0.0,0.0,0.0,0.0,0.027335045859217644,0.0015308856964111328,0.03321642801165581,0.0,0.0,0.0,3.890322685241699,nan,21762.79037009226,0.9988964796066284,nan,52000,nan,nan,0,nan,nan,nan,nan,0.033221952617168427
8.647929734986974,spool,0,0.02732093632221222,0.0015076629351824522,0.03320510312914848,0.0032928239088505507,-0.010236687026917934,-0.002693474991247058,0.02732093632221222,0.0015076629351824522,0.03320510312914848,0.0,22201,-9.81,0.0,0.0,0.0,0.0,0.0,0.0,0.02732093632221222,0.0015076629351824522,0.03320510312914848,0.0,0.0,0.0,3.890322685241699,nan,22201.95909967879,1.0112069845199585,nan,52000,nan,nan,0,nan,nan,nan,nan,0.033221952617168427
8.66787923098309,spool,0,0.027173202484846115,0.0014121199492365122,0.033206477761268616,0.003434121608734131,-0.010092169046401978,-0.0031481378246098757,0.027173202484846115,0.0014121199492365122,0.033206477761268616,0.0,22641,-9.81,0.0,0.0,0.0,0.0,0.0,0.0,0.027173202484846115,0.0014121199492365122,0.033206477761268616,0.0,0.0,0.0,3.890322685241699,nan,22641.17876003729,0.9989606738090515,nan,52000,nan,nan,0,nan,nan,nan,nan,0.033221952617168427
8.687867294996977,spool,0,0.027123982086777687,0.0013590946327894926,0.033203065395355225,0.0034850072115659714,-0.010009901598095894,-0.0026379618793725967,0.027123982086777687,0.0013590946327894926,0.033203065395355225,0.0,23080,-9.81,0.0,0.0,0.0,0.0,0.0,0.0,0.027123982086777687,0.0013590946327894926,0.033203065395355225,0.0,0.0,0.0,3.890322685241699,nan,23080.403479922097,1.004217267036438,nan,52000,nan,nan,0,nan,nan,nan,nan,0.033221952617168427
8.70794450599351,spool,0,0.02708793245255947,0.001318925991654396,0.03322484716773033,0.0036620250903069973,-0.010177928023040295,-0.0023340824991464615,0.02708793245255947,0.001318925991654396,0.03322484716773033,0.0,23522,-9.81,0.0,0.0,0.0,0.0,0.0,0.0,0.02708793245255947,0.001318925991654396,0.03322484716773033,0.0,0.0,0.0,3.869208335876465,nan,23522.073873784393,1.0073051452636719,nan,52000,nan,nan,0,nan,nan,nan,nan,0.033221952617168427
8.727821599983145,spool,0,0.02715400978922844,0.0013440613402053714,0.03320347145199776,0.0038751375395804644,-0.010313758626580238,-0.001698810956440866,0.02715400978922844,0.0013440613402053714,0.03320347145199776,0.0,23959,-9.81,0.0,0.0,0.0,0.0,0.0,0.0,0.02715400978922844,0.0013440613402053714,0.03320347145199776,0.0,0.0,0.0,3.869208335876465,nan,23959.75758181885,0.9897498488426208,nan,52000,nan,nan,0,nan,nan,nan,nan,0.033221952617168427
8.74782808998134,spool,0,0.027202557772397995,0.0013406742364168167,0.03322228789329529,0.004037875682115555,-0.010105365887284279,-0.001454276847653091,0.027202557772397995,0.0013406742364168167,0.03322228789329529,0.0,24399,-9.81,0.0,0.0,0.0,0.0,0.0,0.0,0.027202557772397995,0.0013406742364168167,0.03322228789329529,0.0,0.0,0.0,3.869208335876465,nan,24399.953029642347,0.9637894034385681,nan,52000,nan,nan,0,nan,nan,nan,nan,0.033221952617168427
8.767879172984976,spool,0,0.027178101241588593,0.001269737840630114,0.03322320058941841,0.004411265254020691,-0.010128342546522617,-0.006095886696130037,0.027178101241588593,0.001269737840630114,0.03322320058941841,0.0,24841,-9.81,0.0,0.0,0.0,0.0,0.0,0.0,0.027178101241588593,0.001269737840630114,0.03322320058941841,0.0,0.0,0.0,3.869208335876465,nan,24841.08046372421,0.9812396764755249,nan,52000,nan,nan,0,nan,nan,nan,nan,0.033221952617168427
8.7878432800062,spool,0,0.027085820212960243,0.0012103670742362738,0.033211492002010345,0.004665759392082691,-0.009910505264997482,-0.008778074756264687,0.027085820212960243,0.0012103670742362738,0.033211492002010345,0.0,25279,-9.81,0.0,0.0,0.0,0.0,0.0,0.0,0.027085820212960243,0.0012103670742362738,0.033211492002010345,0.0,0.0,0.0,3.869208335876465,nan,25279.699831968173,0.985331118106842,nan,52000,nan,nan,0,nan,nan,nan,nan,0.033221952617168427
8.808388957986608,spool,0,0.026971565559506416,0.001015674788504839,0.033224575221538544,0.005111216101795435,-0.009938210248947144,-0.010245810262858868,0.026971565559506416,0.001015674788504839,0.033224575221538544,0.0,25729,-9.81,0.0,0.0,0.0,0.0,0.0,0.0,0.026971565559506416,0.001015674788504839,0.033224575221538544,0.0,0.0,0.0,3.869208335876465,nan,25729.160557501018,0.9912474155426025,nan,52000,nan,nan,0,nan,nan,nan,nan,0.033221952617168427
8.82767349597998,spool,0,0.0268744807690382,0.0009254327160306275,0.03317771106958389,0.005600964184850454,-0.009907888248562813,-0.010076995939016342,0.0268744807690382,0.0009254327160306275,0.03317771106958389,0.0,26156,-9.81,0.0,0.0,0.0,0.0,0.0,0.0,0.0268744807690382,0.0009254327160306275,0.03317771106958389,0.0,0.0,0.0,3.869208335876465,nan,26156.889442005195,1.033939003944397,nan,52000,nan,nan,0,nan,nan,nan,nan,0.033221952617168427
8.84776869599591,spool,0,0.026837246492505074,0.0008619148866273463,0.03319215402007103,0.0063937087543308735,-0.009763098321855068,-0.0010833647102117538,0.026837246492505074,0.0008619148866273463,0.03319215402007103,0.0,26598,-9.81,0.0,0.0,0.0,0.0,0.0,0.0,0.026837246492505074,0.0008619148866273463,0.03319215402007103,0.0,0.0,0.0,3.869208335876465,nan,26598.389335849788,0.969880223274231,nan,52000,nan,nan,0,nan,nan,nan,nan,0.033221952617168427
8.86764419998508,spool,0,0.0268951877951622,0.0008707728702574968,0.033185698091983795,0.006856350228190422,-0.009611468762159348,-0.004556572996079922,0.0268951877951622,0.0008707728702574968,0.033185698091983795,0.0,27036,-9.81,0.0,0.0,0.0,0.0,0.0,0.0,0.0268951877951622,0.0008707728702574968,0.033185698091983795,0.0,0.0,0.0,3.869208335876465,nan,27036.542611720506,0.9963163137435913,nan,52000,nan,nan,0,nan,nan,nan,nan,0.033221952617168427
8.887975378980627,spool,0,0.026924340054392815,0.0008701112819835544,0.03316417336463928,0.007210997864603996,-0.009183129295706749,-0.0034040745813399553,0.026924340054392815,0.0008701112819835544,0.03316417336463928,0.0,27482,-9.81,0.0,0.0,0.0,0.0,0.0,0.0,0.026924340054392815,0.0008701112819835544,0.03316417336463928,0.0,0.0,0.0,3.869208335876465,nan,27482.798641489353,1.0006344318389893,nan,52000,nan,nan,0,nan,nan,nan,nan,0.033221952617168427
8.90778844000306,spool,0,0.026953591033816338,0.0008533375221304595,0.03318971395492554,0.0077559323981404305,-0.008950281888246536,-0.004710111301392317,0.026953591033816338,0.0008533375221304595,0.03318971395492554,0.0,27919,-9.81,0.0,0.0,0.0,0.0,0.0,0.0,0.026953591033816338,0.0008533375221304595,0.03318971395492554,0.0,0.0,0.0,3.8217010498046875,nan,27919.259215763304,1.0002278089523315,nan,52000,nan,nan,0,nan,nan,nan,nan,0.033221952617168427
8.92777420100174,spool,0,0.0270693376660347,0.0007605467108078301,0.033171165734529495,0.00790164340287447,-0.008603372611105442,-0.003745024325326085,0.0270693376660347,0.0007605467108078301,0.033171165734529495,0.0,28358,-9.81,0.0,0.0,0.0,0.0,0.0,0.0,0.0270693376660347,0.0007605467108078301,0.033171165734529495,0.0,0.0,0.0,3.8217010498046875,nan,28358.909767586738,1.0004959106445312,nan,52000,nan,nan,0,nan,nan,nan,nan,0.033221952617168427
8.947920271981275,spool,0,0.027153655886650085,0.0007163083646446466,0.03317103907465935,0.00834640208631754,-0.008158991113305092,-0.0030360552482306957,0.027153655886650085,0.0007163083646446466,0.03317103907465935,0.0,28801,-9.81,0.0,0.0,0.0,0.0,0.0,0.0,0.027153655886650085,0.0007163083646446466,0.03317103907465935,0.0,0.0,0.0,3.8217010498046875,nan,28801.522773865145,1.0228554010391235,nan,52000,nan,nan,0,nan,nan,nan,nan,0.033221952617168427
8.967763950000517,spool,0,0.027216147631406784,0.0006256785127334297,0.03316327556967735,0.009031806141138077,-0.007955054752528667,-0.0011954046785831451,0.027216147631406784,0.0006256785127334297,0.03316327556967735,0.0,29238,-9.81,0.0,0.0,0.0,0.0,0.0,0.0,0.027216147631406784,0.0006256785127334297,0.03316327556967735,0.0,0.0,0.0,3.8217010498046875,nan,29238.60691586742,1.0063000917434692,nan,52000,nan,nan,0,nan,nan,nan,nan,0.033221952617168427
8.987692366004921,spool,0,0.02729000709950924,0.0005941938725300133,0.03317369148135185,0.009709515608847141,-0.007800697349011898,-0.00026850623544305563,0.02729000709950924,0.0005941938725300133,0.03317369148135185,0.0,29677,-9.81,0.0,0.0,0.0,0.0,0.0,0.0,0.02729000709950924,0.0005941938725300133,0.03317369148135185,0.0,0.0,0.0,3.8217010498046875,nan,29677.247909712605,0.985552966594696,nan,52000,nan,nan,0,nan,nan,nan,nan,0.033221952617168427
9.007754139980534,spool,0,0.02726239152252674,0.0006305669667199254,0.03316766768693924,0.010270635597407818,-0.007508390117436647,0.00028918616590090096,0.02726239152252674,0.0006305669667199254,0.03316766768693924,0.0,30118,-9.81,0.0,0.0,0.0,0.0,0.0,0.0,0.02726239152252674,0.0006305669667199254,0.03316766768693924,0.0,0.0,0.0,3.8217010498046875,nan,30118.732491799165,1.0290541648864746,nan,52000,nan,nan,0,nan,nan,nan,nan,0.033221952617168427
9.027672355005052,spool,0,0.027226097881793976,0.0006809689803048968,0.03317507356405258,0.010938550345599651,-0.007320216856896877,0.003399281995370984,0.027226097881793976,0.0006809689803048968,0.03317507356405258,0.0,30556,-9.81,0.0,0.0,0.0,0.0,0.0,0.0,0.027226097881793976,0.0006809689803048968,0.03317507356405258,0.0,0.0,0.0,3.8217010498046875,nan,30556.919845519587,1.0092612504959106,nan,52000,nan,nan,0,nan,nan,nan,nan,0.033221952617168427
9.047649098007241,spool,0,0.027206718921661377,0.0006750209722667933,0.03316111117601395,0.011310349218547344,-0.006823475006967783,0.004556339234113693,0.027206718921661377,0.0006750209722667933,0.03316111117601395,0.0,30996,-9.81,0.0,0.0,0.0,0.0,0.0,0.0,0.027206718921661377,0.0006750209722667933,0.03316111117601395,0.0,0.0,0.0,3.8217010498046875,nan,30996.543183980975,1.014880895614624,nan,52000,nan,nan,0,nan,nan,nan,nan,0.033221952617168427
9.068572755990317,spool,0,0.027211811393499374,0.0006897794082760811,0.033165719360113144,0.011855780147016048,-0.006491105072200298,0.00499503081664443,0.027211811393499374,0.0006897794082760811,0.033165719360113144,0.0,31449,-9.81,0.0,0.0,0.0,0.0,0.0,0.0,0.027211811393499374,0.0006897794082760811,0.033165719360113144,0.0,0.0,0.0,3.8217010498046875,nan,31449.440749944188,0.980837881565094,nan,52000,nan,nan,0,nan,nan,nan,nan,0.033221952617168427
9.087858302984387,spool,0,0.027245109900832176,0.0006631400901824236,0.0331772118806839,0.012110940180718899,-0.005944971926510334,0.0023934454657137394,0.027245109900832176,0.0006631400901824236,0.0331772118806839,0.0,31880,-9.81,0.0,0.0,0.0,0.0,0.0,0.0,0.027245109900832176,0.0006631400901824236,0.0331772118806839,0.0,0.0,0.0,3.8217010498046875,nan,31880.45696145855,0.99416184425354,nan,52000,nan,nan,0,nan,nan,nan,nan,0.033221952617168427
9.107714465004392,spool,0,0.027278104797005653,0.0006272500613704324,0.033163364976644516,0.01258031651377678,-0.005644052289426327,0.0011337973410263658,0.027278104797005653,0.0006272500613704324,0.033163364976644516,0.0,32317,-9.81,0.0,0.0,0.0,0.0,0.0,0.0,0.027278104797005653,0.0006272500613704324,0.033163364976644516,0.0,0.0,0.0,3.7794721126556396,nan,32317.392471712083,0.9909763336181641,nan,52000,nan,nan,0,nan,nan,nan,nan,0.033221952617168427
9.127819554996677,spool,0,0.02733488380908966,0.000592044263612479,0.03317416459321976,0.01307366881519556,-0.005392353981733322,-0.0003708539006765932,0.02733488380908966,0.000592044263612479,0.03317416459321976,0.0,32759,-9.81,0.0,0.0,0.0,0.0,0.0,0.0,0.02733488380908966,0.000592044263612479,0.03317416459321976,0.0,0.0,0.0,3.7794721126556396,nan,32759.67657804722,0.9753247499465942,nan,52000,nan,nan,0,nan,nan,nan,nan,0.033221952617168427
9.147845408006106,spool,0,0.027378138154745102,0.000569211901165545,0.03315781056880951,0.013346642255783081,-0.0050262752920389175,-0.002544364193454385,0.027378138154745102,0.000569211901165545,0.03315781056880951,0.0,33200,-9.81,0.0,0.0,0.0,0.0,0.0,0.0,0.027378138154745102,0.000569211901165545,0.03315781056880951,0.0,0.0,0.0,3.7794721126556396,nan,33200.00928360969,1.0212348699569702,nan,52000,nan,nan,0,nan,nan,nan,nan,0.033221952617168427
9.167867893003859,spool,0,0.027539247646927834,0.0004336868296377361,0.03313063830137253,0.013869848102331161,-0.004868038464337587,-0.0009200128260999918,0.027539247646927834,0.0004336868296377361,0.03313063830137253,0.0,33640,-9.81,0.0,0.0,0.0,0.0,0.0,0.0,0.027539247646927834,0.0004336868296377361,0.03313063830137253,0.0,0.0,0.0,3.7794721126556396,nan,33640.95541607821,0.9954190850257874,nan,52000,nan,nan,0,nan,nan,nan,nan,0.033221952617168427
9.18781959899934,spool,0,0.027623482048511505,0.00038537068758159876,0.0331413634121418,0.01448391005396843,-0.004906192421913147,-0.0003742953995242715,0.027623482048511505,0.00038537068758159876,0.0331413634121418,0.0,34079,-9.81,0.0,0.0,0.0,0.0,0.0,0.0,0.027623482048511505,0.00038537068758159876,0.0331413634121418,0.0,0.0,0.0,3.7794721126556396,nan,34079.53395147342,0.9757859706878662,nan,52000,nan,nan,0,nan,nan,nan,nan,0.033221952617168427
9.207631689991103,spool,0,0.027755368500947952,0.0003067267534788698,0.03316628560423851,0.014911247417330742,-0.004964196123182774,-0.0012744850246235728,0.027755368500947952,0.0003067267534788698,0.03316628560423851,0.0,34516,-9.81,0.0,0.0,0.0,0.0,0.0,0.0,0.027755368500947952,0.0003067267534788698,0.03316628560423851,0.0,0.0,0.0,3.7794721126556396,nan,34516.233556030784,0.9874666929244995,nan,52000,nan,nan,0,nan,nan,nan,nan,0.033221952617168427
9.227684142999351,spool,0,0.02777029760181904,0.0002478888782206923,0.03316964954137802,0.015229511074721813,-0.005179954692721367,-0.0006608638213947415,0.02777029760181904,0.0002478888782206923,0.03316964954137802,0.0,34957,-9.81,0.0,0.0,0.0,0.0,0.0,0.0,0.02777029760181904,0.0002478888782206923,0.03316964954137802,0.0,0.0,0.0,3.7794721126556396,nan,34957.081897882745,0.9967758655548096,nan,52000,nan,nan,0,nan,nan,nan,nan,0.033221952617168427
9.247823354002321,spool,0,0.02771257795393467,0.00010695378296077251,0.03317425772547722,0.015866480767726898,-0.00555613124743104,-0.0012011516373604536,0.02771257795393467,0.00010695378296077251,0.03317425772547722,0.0,35399,-9.81,0.0,0.0,0.0,0.0,0.0,0.0,0.02771257795393467,0.00010695378296077251,0.03317425772547722,0.0,0.0,0.0,3.7794721126556396,nan,35399.88720585825,1.0180457830429077,nan,52000,nan,nan,0,nan,nan,nan,nan,0.033221952617168427
9.26788938799291,spool,0,0.027576861903071404,2.4581357138231397e-05,0.033211786299943924,0.016342254355549812,-0.006053905002772808,-0.0007683616131544113,0.027576861903071404,2.4581357138231397e-05,0.033211786299943924,0.0,35841,-9.81,0.0,0.0,0.0,0.0,0.0,0.0,0.027576861903071404,2.4581357138231397e-05,0.033211786299943924,0.0,0.0,0.0,3.7794721126556396,nan,35841.39255556511,0.9873133897781372,nan,52000,nan,nan,0,nan,nan,nan,nan,0.033221952617168427
9.287803933984833,spool,0,0.027434956282377243,-9.042624151334167e-05,0.03320195525884628,0.01660766638815403,-0.006679748650640249,-0.004592649172991514,0.027434956282377243,-9.042624151334167e-05,0.03320195525884628,0.0,36279,-9.81,0.0,0.0,0.0,0.0,0.0,0.0,0.027434956282377243,-9.042624151334167e-05,0.03320195525884628,0.0,0.0,0.0,3.7794721126556396,nan,36279.33669986669,1.029500126838684,nan,52000,nan,nan,0,nan,nan,nan,nan,0.033221952617168427
9.308083345007617,spool,0,0.027207177132368088,-0.00032179401023313403,0.03327628970146179,0.0162780974060297,-0.007587655447423458,-0.0022788350470364094,0.027207177132368088,-0.00032179401023313403,0.03327628970146179,0.0,36725,-9.81,0.0,0.0,0.0,0.0,0.0,0.0,0.027207177132368088,-0.00032179401023313403,0.03327628970146179,0.0,0.0,0.0,3.7425220012664795,nan,36725.33385566203,1.0099116563796997,nan,52000,nan,nan,0,nan,nan,nan,nan,0.033221952617168427
9.327812325995183,spool,0,0.02705409750342369,-0.0005199844599701464,0.033218368887901306,0.01601557992398739,-0.008751383051276207,-0.0011022220132872462,0.02705409750342369,-0.0005199844599701464,0.033218368887901306,0.0,37159,-9.81,0.0,0.0,0.0,0.0,0.0,0.0,0.02705409750342369,-0.0005199844599701464,0.033218368887901306,0.0,0.0,0.0,3.7425220012664795,nan,37159.90922751371,1.002509355545044,nan,52000,nan,nan,0,nan,nan,nan,nan,0.033221952617168427
9.347847811994143,spool,0,0.027017636224627495,-0.0007222252315841615,0.03325766697525978,0.01516200415790081,-0.009718529880046844,-0.0046939910389482975,0.027017636224627495,-0.0007222252315841615,0.03325766697525978,0.0,37600,-9.81,0.0,0.0,0.0,0.0,0.0,0.0,0.027017636224627495,-0.0007222252315841615,0.03325766697525978,0.0,0.0,0.0,3.7425220012664795,nan,37600.30379798263,0.9604499936103821,nan,52000,nan,nan,0,nan,nan,nan,nan,0.033221952617168427
9.367810830008239,spool,0,0.026959212496876717,-0.0008605743059888482,0.033226512372493744,0.014705992303788662,-0.010566356591880322,-0.007255596108734608,0.026959212496876717,-0.0008605743059888482,0.033226512372493744,0.0,38039,-9.81,0.0,0.0,0.0,0.0,0.0,0.0,0.026959212496876717,-0.0008605743059888482,0.033226512372493744,0.0,0.0,0.0,3.7425220012664795,nan,38039.16969808051,1.034472107887268,nan,52000,nan,nan,0,nan,nan,nan,nan,0.033221952617168427
9.387643041001866,spool,0,0.026846902444958687,-0.0009102133335545659,0.03322892636060715,0.01426883414387703,-0.011246894486248493,-0.0030333613976836205,0.026846902444958687,-0.0009102133335545659,0.03322892636060715,0.0,38476,-9.81,0.0,0.0,0.0,0.0,0.0,0.0,0.026846902444958687,-0.0009102133335545659,0.03322892636060715,0.0,0.0,0.0,3.7425220012664795,nan,38476.361727982294,0.9930247068405151,nan,52000,nan,nan,0,nan,nan,nan,nan,0.033221952617168427
9.407832264987519,spool,0,0.026772918179631233,-0.0009474732214584947,0.03321661800146103,0.013486115261912346,-0.011739887297153473,-0.004652239382266998,0.026772918179631233,-0.0009474732214584947,0.03321661800146103,0.0,38919,-9.81,0.0,0.0,0.0,0.0,0.0,0.0,0.026772918179631233,-0.0009474732214584947,0.03321661800146103,0.0,0.0,0.0,3.7425220012664795,nan,38919.92152581224,1.011008620262146,nan,52000,nan,nan,0,nan,nan,nan,nan,0.033221952617168427
9.427960825996706,spool,0,0.026666222140192986,-0.0009697554633021355,0.03322499990463257,0.013208745047450066,-0.012138832360506058,-0.001790151814930141,0.026666222140192986,-0.0009697554633021355,0.03322499990463257,0.0,39362,-9.81,0.0,0.0,0.0,0.0,0.0,0.0,0.026666222140192986,-0.0009697554633021355,0.03322499990463257,0.0,0.0,0.0,3.7425220012664795,nan,39362.843742012046,0.9490806460380554,nan,52000,nan,nan,0,nan,nan,nan,nan,0.033221952617168427
9.44786994199967,spool,0,0.02664952166378498,-0.0009061231976374984,0.03324643149971962,0.0125546520575881,-0.012435512617230415,-0.0056374031119048595,0.02664952166378498,-0.0009061231976374984,0.03324643149971962,0.0,39800,-9.81,0.0,0.0,0.0,0.0,0.0,0.0,0.02664952166378498,-0.0009061231976374984,0.03324643149971962,0.0,0.0,0.0,3.7425220012664795,nan,39800.503623788245,0.9943212866783142,nan,52000,nan,nan,0,nan,nan,nan,nan,0.033221952617168427
9.467797899007564,spool,0,0.026645423844456673,-0.0009131040424108505,0.03323447331786156,0.012425031512975693,-0.012788350693881512,-0.0060056233778595924,0.026645423844456673,-0.0009131040424108505,0.03323447331786156,0.0,40239,-9.81,0.0,0.0,0.0,0.0,0.0,0.0,0.026645423844456673,-0.0009131040424108505,0.03323447331786156,0.0,0.0,0.0,3.7425220012664795,nan,40239.33515982935,0.9978852272033691,nan,52000,nan,nan,0,nan,nan,nan,nan,0.033221952617168427
9.488179996988038,spool,0,0.02668791264295578,-0.000941327540203929,0.03323064371943474,0.012322600930929184,-0.01308169774711132,-0.009669332765042782,0.02668791264295578,-0.000941327540203929,0.03323064371943474,0.0,40687,-9.81,0.0,0.0,0.0,0.0,0.0,0.0,0.02668791264295578,-0.000941327540203929,0.03323064371943474,0.0,0.0,0.0,3.7425220012664795,nan,40687.68811994232,1.0085406303405762,nan,52000,nan,nan,0,nan,nan,nan,nan,0.033221952617168427
9.507754977006698,spool,0,0.026777584105730057,-0.0008948181057348847,0.03322814032435417,0.011780846863985062,-0.013083108700811863,-0.010461400263011456,0.026777584105730057,-0.0008948181057348847,0.03322814032435417,0.0,41118,-9.81,0.0,0.0,0.0,0.0,0.0,0.0,0.026777584105730057,-0.0008948181057348847,0.03322814032435417,0.0,0.0,0.0,3.710850477218628,nan,41118.46789752599,1.0348633527755737,nan,52000,nan,nan,0,nan,nan,nan,nan,0.033221952617168427
9.528344143007416,spool,0,0.02684631757438183,-0.0008755546296015382,0.03325636684894562,0.01180912647396326,-0.01337194349616766,-0.0069030579179525375,0.02684631757438183,-0.0008755546296015382,0.03325636684894562,0.0,41560,-9.81,0.0,0.0,0.0,0.0,0.0,0.0,0.02684631757438183,-0.0008755546296015382,0.03325636684894562,0.0,0.0,0.0,3.710850477218628,nan,41560.5266795028,1.0257854461669922,nan,52000,nan,nan,0,nan,nan,nan,nan,0.033221952617168427
9.547774014994502,spool,0,0.026848221197724342,-0.0008716449374333024,0.033234961330890656,0.011533450335264206,-0.013423359952867031,-0.004101271275430918,0.026848221197724342,-0.0008716449374333024,0.033234961330890656,0.0,41999,-9.81,0.0,0.0,0.0,0.0,0.0,0.0,0.026848221197724342,-0.0008716449374333024,0.033234961330890656,0.0,0.0,0.0,3.710850477218628,nan,41999.01769956341,1.0263643264770508,nan,52000,nan,nan,0,nan,nan,nan,nan,0.033221952617168427
9.567731360002654,spool,0,0.026816479861736298,-0.0008704252541065216,0.03326766565442085,0.01158330962061882,-0.013741165399551392,-0.0017469224985688925,0.026816479861736298,-0.0008704252541065216,0.03326766565442085,0.0,42437,-9.81,0.0,0.0,0.0,0.0,0.0,0.0,0.026816479861736298,-0.0008704252541065216,0.03326766565442085,0.0,0.0,0.0,3.710850477218628,nan,42437.87334806984,0.9767779111862183,nan,52000,nan,nan,0,nan,nan,nan,nan,0.033221952617168427
9.58782642398728,spool,0,0.02672460488975048,-0.0008827127749100327,0.03321870416402817,0.011322857812047005,-0.013810313306748867,-0.00488033564761281,0.02672460488975048,-0.0008827127749100327,0.03321870416402817,0.0,42879,-9.81,0.0,0.0,0.0,0.0,0.0,0.0,0.02672460488975048,-0.0008827127749100327,0.03321870416402817,0.0,0.0,0.0,3.710850477218628,nan,42879.849277902395,1.020755648612976,nan,52000,nan,nan,0,nan,nan,nan,nan,0.033221952617168427
9.608009610004956,spool,0,0.026684999465942383,-0.0010035574669018388,0.03323731571435928,0.011432936415076256,-0.014184964820742607,-0.002817849861457944,0.026684999465942383,-0.0010035574669018388,0.03323731571435928,0.0,43323,-9.81,0.0,0.0,0.0,0.0,0.0,0.0,0.026684999465942383,-0.0010035574669018388,0.03323731571435928,0.0,0.0,0.0,3.710850477218628,nan,43323.57244746527,0.9758880734443665,nan,52000,nan,nan,0,nan,nan,nan,nan,0.033221952617168427
9.627833834994817,spool,0,0.02666824497282505,-0.0010570163140073419,0.03326043114066124,0.011528966948390007,-0.014451873488724232,-0.004431482404470444,0.02666824497282505,-0.0010570163140073419,0.03326043114066124,0.0,43759,-9.81,0.0,0.0,0.0,0.0,0.0,0.0,0.02666824497282505,-0.0010570163140073419,0.03326043114066124,0.0,0.0,0.0,3.710850477218628,nan,43759.970233542845,0.983559787273407,nan,52000,nan,nan,0,nan,nan,nan,nan,0.033221952617168427
9.647749041003408,spool,0,0.026603711768984795,-0.0010702534345909953,0.033210188150405884,0.011201148852705956,-0.014399364590644836,-0.005479482002556324,0.026603711768984795,-0.0010702534345909953,0.033210188150405884,0.0,44198,-9.81,0.0,0.0,0.0,0.0,0.0,0.0,0.026603711768984795,-0.0010702534345909953,0.033210188150405884,0.0,0.0,0.0,3.710850477218628,nan,44198.005875747185,0.9957643151283264,nan,52000,nan,nan,0,nan,nan,nan,nan,0.033221952617168427
9.667900786997052,spool,0,0.026559950783848763,-0.0010654879733920097,0.0332220084965229,0.01130282785743475,-0.01462126150727272,-0.006062052678316832,0.026559950783848763,-0.0010654879733920097,0.0332220084965229,0.0,44640,-9.81,0.0,0.0,0.0,0.0,0.0,0.0,0.026559950783848763,-0.0010654879733920097,0.0332220084965229,0.0,0.0,0.0,3.710850477218628,nan,44640.86591970408,0.993660569190979,nan,52000,nan,nan,0,nan,nan,nan,nan,0.033221952617168427
9.687795295001706,spool,0,0.02647143229842186,-0.0010616565123200417,0.03322187066078186,0.011344107799232006,-0.014657245017588139,-0.005985289346426725,0.02647143229842186,-0.0010616565123200417,0.03322187066078186,0.0,45079,-9.81,0.0,0.0,0.0,0.0,0.0,0.0,0.02647143229842186,-0.0010616565123200417,0.03322187066078186,0.0,0.0,0.0,3.710850477218628,nan,45079.27857601317,0.997226357460022,nan,52000,nan,nan,0,nan,nan,nan,nan,0.033221952617168427
9.708045456005493,spool,0,0.026359088718891144,-0.001211916096508503,0.03322744742035866,0.01107313483953476,-0.014396256767213345,-0.0052659958600997925,0.026359088718891144,-0.001211916096508503,0.03322744742035866,0.0,45524,-9.81,0.0,0.0,0.0,0.0,0.0,0.0,0.026359088718891144,-0.001211916096508503,0.03322744742035866,0.0,0.0,0.0,3.6791789531707764,nan,45524.98438581824,1.044168472290039,nan,52000,nan,nan,0,nan,nan,nan,nan,0.033221952617168427
9.72777270298684,spool,0,0.026277219876646996,-0.0013070438290014863,0.03320789337158203,0.01125510036945343,-0.014423124492168427,0.0008541428251191974,0.026277219876646996,-0.0013070438290014863,0.03320789337158203,0.0,45958,-9.81,0.0,0.0,0.0,0.0,0.0,0.0,0.026277219876646996,-0.0013070438290014863,0.03320789337158203,0.0,0.0,0.0,3.6791789531707764,nan,45958.665127516724,0.9815489053726196,nan,52000,nan,nan,0,nan,nan,nan,nan,0.033221952617168427
9.747748049994698,spool,0,0.026113105937838554,-0.0014729176182299852,0.033267006278038025,0.011137431487441063,-0.014252491295337677,-0.00231505511328578,0.026113105937838554,-0.0014729176182299852,0.033267006278038025,0.0,46398,-9.81,0.0,0.0,0.0,0.0,0.0,0.0,0.026113105937838554,-0.0014729176182299852,0.033267006278038025,0.0,0.0,0.0,3.6791789531707764,nan,46398.167113540694,1.024882197380066,nan,52000,nan,nan,0,nan,nan,nan,nan,0.033221952617168427
9.767869979987154,spool,0,0.02595370262861252,-0.0016268836334347725,0.033309198915958405,0.011324191465973854,-0.014573908410966396,-0.0006318425294011831,0.02595370262861252,-0.0016268836334347725,0.033309198915958405,0.0,46840,-9.81,0.0,0.0,0.0,0.0,0.0,0.0,0.02595370262861252,-0.0016268836334347725,0.033309198915958405,0.0,0.0,0.0,3.6791789531707764,nan,46840.38136998424,0.996136486530304,nan,52000,nan,nan,0,nan,nan,nan,nan,0.033221952617168427
9.787795579992235,spool,0,0.025680355727672577,-0.001975778490304947,0.03334120661020279,0.011595689691603184,-0.014942076988518238,-0.0006892452365718782,0.025680355727672577,-0.001975778490304947,0.03334120661020279,0.0,47279,-9.81,0.0,0.0,0.0,0.0,0.0,0.0,0.025680355727672577,-0.001975778490304947,0.03334120661020279,0.0,0.0,0.0,3.6791789531707764,nan,47279.126006003935,0.9824101328849792,nan,52000,nan,nan,0,nan,nan,nan,nan,0.033221952617168427
9.80881605000468,spool,0,0.025362595915794373,-0.002458993811160326,0.03343125060200691,0.01108087319880724,-0.01575557515025139,-0.0022925324738025665,0.025362595915794373,-0.002458993811160326,0.03343125060200691,0.0,47740,-9.81,0.0,0.0,0.0,0.0,0.0,0.0,0.025362595915794373,-0.002458993811160326,0.03343125060200691,0.0,0.0,0.0,3.6791789531707764,nan,47740.92853354523,1.0144226551055908,nan,52000,nan,nan,0,nan,nan,nan,nan,0.033221952617168427
9.827772917982657,spool,0,0.025070106610655785,-0.0028970546554774046,0.033548496663570404,0.010662074200809002,-0.017267001792788506,-0.0001871331623988226,0.025070106610655785,-0.0028970546554774046,0.033548496663570404,0.0,48158,-9.81,0.0,0.0,0.0,0.0,0.0,0.0,0.025070106610655785,-0.0028970546554774046,0.033548496663570404,0.0,0.0,0.0,3.6791789531707764,nan,48158.845747995656,0.9952375292778015,nan,52000,nan,nan,0,nan,nan,nan,nan,0.033221952617168427
9.847841949987924,spool,0,0.024862032383680344,-0.0034757538232952356,0.03363226726651192,0.009661901742219925,-0.019138408824801445,0.0011691784020513296,0.024862032383680344,-0.0034757538232952356,0.03363226726651192,0.0,48600,-9.81,0.0,0.0,0.0,0.0,0.0,0.0,0.024862032383680344,-0.0034757538232952356,0.03363226726651192,0.0,0.0,0.0,3.6791789531707764,nan,48600.185152026825,1.0442638397216797,nan,52000,nan,nan,0,nan,nan,nan,nan,0.033221952617168427
9.86772972799372,spool,0,0.024509765207767487,-0.004380218684673309,0.033867526799440384,0.009503660723567009,-0.02165064588189125,0.007434996776282787,0.024509765207767487,-0.004380218684673309,0.033867526799440384,0.0,49038,-9.81,0.0,0.0,0.0,0.0,0.0,0.0,0.024509765207767487,-0.004380218684673309,0.033867526799440384,0.0,0.0,0.0,3.6791789531707764,nan,49038.22279575979,0.9939969778060913,nan,52000,nan,nan,0,nan,nan,nan,nan,0.033221952617168427
9.887760180979967,spool,0,0.024334369227290154,-0.0050824531354010105,0.033994194120168686,0.009235551580786705,-0.02479192242026329,0.007323131896555424,0.024334369227290154,-0.0050824531354010105,0.033994194120168686,0.0,49478,-9.81,0.0,0.0,0.0,0.0,0.0,0.0,0.024334369227290154,-0.0050824531354010105,0.033994194120168686,0.0,0.0,0.0,3.6791789531707764,nan,49478.418485610746,1.0227857828140259,nan,52000,nan,nan,0,nan,nan,nan,nan,0.033221952617168427
9.908809418004239,spool,0,0.0240541473031044,-0.006366400513797998,0.03452004864811897,0.01036685798317194,-0.028338506817817688,0.012120408937335014,0.0240541473031044,-0.006366400513797998,0.03452004864811897,0.0,49935,-9.81,0.0,0.0,0.0,0.0,0.0,0.0,0.0240541473031044,-0.006366400513797998,0.03452004864811897,0.0,0.0,0.0,3.6527860164642334,nan,49935.66839990672,1.05752694606781,nan,52000,nan,nan,0,nan,nan,nan,nan,0.033221952617168427
9.927776972996071,spool,0,0.023864448070526123,-0.00738096609711647,0.034938644617795944,0.012584933079779148,-0.03236129507422447,0.02374419756233692,0.023864448070526123,-0.00738096609711647,0.034938644617795944,0.0,50358,-9.81,0.0,0.0,0.0,0.0,0.0,0.0,0.023864448070526123,-0.00738096609711647,0.034938644617795944,0.0,0.0,0.0,3.6527860164642334,nan,50358.804168063216,1.0137526988983154,nan,52000,nan,nan,0,nan,nan,nan,nan,0.033221952617168427
9.948110500001349,spool,0,0.023777911439538002,-0.008519114926457405,0.035373006016016006,0.015054126270115376,-0.03763337805867195,0.02749965526163578,0.023777911439538002,-0.008519114926457405,0.035373006016016006,0.0,50805,-9.81,0.0,0.0,0.0,0.0,0.0,0.0,0.023777911439538002,-0.008519114926457405,0.035373006016016006,0.0,0.0,0.0,3.6527860164642334,nan,50805.55627599824,1.0322548151016235,nan,52000,nan,nan,0,nan,nan,nan,nan,0.033221952617168427
9.968513732979773,spool,0,0.023753194138407707,-0.010396786034107208,0.03631364554166794,0.019935769960284233,-0.044589653611183167,0.03317452222108841,0.023753194138407707,-0.010396786034107208,0.03631364554166794,0.0,51247,-9.81,0.0,0.0,0.0,0.0,0.0,0.0,0.023753194138407707,-0.010396786034107208,0.03631364554166794,0.0,0.0,0.0,3.6527860164642334,nan,51247.793808055576,1.014648675918579,nan,52000,nan,nan,0,nan,nan,nan,nan,0.033221952617168427
9.987767193000764,spool,0,0.02382204309105873,-0.011870883405208588,0.03702107444405556,0.02584032155573368,-0.05340060964226723,0.036967385560274124,0.02382204309105873,-0.011870883405208588,0.03702107444405556,0.0,51678,-9.81,0.0,0.0,0.0,0.0,0.0,0.0,0.02382204309105873,-0.011870883405208588,0.03702107444405556,0.0,0.0,0.0,3.6527860164642334,nan,51678.73548407806,1.014146089553833,nan,52000,nan,nan,0,nan,nan,nan,nan,0.033221952617168427
10.00808663200587,spool,0,0.023934409022331238,-0.01415577344596386,0.03826356306672096,0.031090369448065758,-0.06357305496931076,0.041174326092004776,0.023934409022331238,-0.01415577344596386,0.03826356306672096,0.0,52118,-9.81,0.0,0.0,0.0,0.0,0.0,0.0,0.023934409022331238,-0.01415577344596386,0.03826356306672096,0.0,0.0,0.0,3.6527860164642334,nan,52118.58506954741,1.049271583557129,nan,52000,nan,nan,0,nan,nan,nan,nan,0.033221952617168427
10.027761995006585,spool,0,0.024025967344641685,-0.015835439786314964,0.03913700953125954,0.03669948875904083,-0.07198968529701233,0.04979680851101875,0.024025967344641685,-0.015835439786314964,0.03913700953125954,0.0,52558,-9.81,0.0,0.0,0.0,0.0,0.0,0.0,0.024025967344641685,-0.015835439786314964,0.03913700953125954,0.0,0.0,0.0,3.6527860164642334,nan,52558.682420058176,1.0141133069992065,nan,52000,nan,nan,0,nan,nan,nan,nan,0.033221952617168427
10.050060879002558,rising,0,0.024189872667193413,-0.01753649115562439,0.04018603637814522,0.04220353811979294,-0.07872145622968674,0.05500061810016632,0.024189872667193413,-0.01753649115562439,0.04018623452793207,0.3520540138371418,49238,-0.5209758882020648,-0.04474903012980051,-0.023977901579976812,1.1115439992863685,0.0,0.0,0.00034480410686228425,0.0,-1.0,0.1,0.0,0.0,0.0,3.6527860164642334,49238,nan,1.081325888633728,nan,52000,nan,nan,0,nan,nan,nan,nan,0.033221952617168427
10.068766654003412,rising,0,0.024612152948975563,-0.020430581644177437,0.04202905669808388,0.04746758192777634,-0.08385693281888962,0.06991014629602432,0.024189872667193413,-0.01753649115562439,0.04024620537899797,0.34534828716798294,48300,-0.6979079902906893,-0.05195948036128034,-0.027982445395678734,0.8778410265222192,0.0,0.0,0.006008444100734777,0.0,-1.0,0.1,0.0,0.0,0.0,3.6527860164642334,48300,nan,1.0639163255691528,nan,52000,nan,nan,0,nan,nan,nan,nan,0.033221952617168427
10.08897271900787,rising,0,0.02509882301092148,-0.02240828610956669,0.04341999441385269,0.05325101315975189,-0.08760353177785873,0.0817398726940155,0.024189872667193413,-0.01753649115562439,0.04042763174471378,0.3410674490950337,47701,-0.810858862927871,-0.05714467722531061,-0.03229771077592747,0.9528770169708878,0.0,0.0,0.012039818102493882,0.0,-1.0,0.1,0.0,0.0,0.0,3.6527860164642334,47701,nan,1.0403655767440796,nan,52000,nan,nan,0,nan,nan,nan,nan,0.033221952617168427
10.108647019980708,rising,0,0.025559909641742706,-0.024443263188004494,0.04497363045811653,0.06039711460471153,-0.08966269344091415,0.08953835815191269,0.024189872667193413,-0.01753649115562439,0.040726538677201954,0.3387142364297038,47372,-0.8729489068679754,-0.06118009461950581,-0.03728914581837284,0.8043730049394071,0.0,0.0,0.018008369705057703,0.0,-1.0,0.1,0.0,0.0,0.0,3.647507429122925,47372,nan,1.0241899490356445,nan,52000,nan,nan,0,nan,nan,nan,nan,0.033221952617168427
10.128600598982302,rising,0,0.026254096999764442,-0.027529649436473846,0.04737681522965431,0.06752942502498627,-0.09136741608381271,0.09458856284618378,0.024189872667193413,-0.01753649115562439,0.041145702327292644,0.33687051403972246,47114,-0.9215959356273764,-0.06621899624100228,-0.04255611832176487,0.8088350004982203,0.0,0.0,0.023995824001030997,0.0,-1.0,0.1,0.0,0.0,0.0,3.647507429122925,47114,nan,1.0078327655792236,nan,52000,nan,nan,0,nan,nan,nan,nan,0.033221952617168427
10.148595787002705,rising,0,0.026806918904185295,-0.029529210180044174,0.049025680869817734,0.07287734746932983,-0.09359265863895416,0.09569399058818817,0.024189872667193413,-0.01753649115562439,0.041685365173864064,0.3380609545912675,47281,-0.8901858946895125,-0.06969108542198296,-0.04622791645997504,0.826481991680339,0.0,0.0,0.029993287206161765,0.0,-1.0,0.1,0.0,0.0,0.0,3.647507429122925,47281,nan,0.9829156994819641,nan,52000,nan,nan,0,nan,nan,nan,nan,0.033221952617168427
10.168728427001042,rising,0,0.027698474004864693,-0.03253001719713211,0.051458973437547684,0.07686703652143478,-0.0936465859413147,0.09264568239450455,0.024189872667193413,-0.01753649115562439,0.042346993220541695,0.3405015049348015,47622,-0.8257914265223878,-0.07277107344024952,-0.04929095179132048,0.8730179979465902,0.0,0.0,0.03600797280378174,0.0,-1.0,0.1,0.0,0.0,0.0,3.647507429122925,47622,nan,0.9669203758239746,nan,52000,nan,nan,0,nan,nan,nan,nan,0.033221952617168427
10.188964809000026,rising,0,0.028263583779335022,-0.03450912982225418,0.052978161722421646,0.07784760743379593,-0.09318355470895767,0.08641839772462845,0.024189872667193413,-0.01753649115562439,0.04313019370567169,0.3457478793580833,48356,-0.6873646607365895,-0.07369630527309401,-0.04976489525643535,1.0083979868795723,0.0,0.0,0.04202968470635824,0.0,-1.0,0.1,0.0,0.0,0.0,3.647507429122925,48356,nan,0.9650189876556396,nan,52000,nan,nan,0,nan,nan,nan,nan,0.033221952617168427
10.209028594981646,rising,0,0.02887498028576374,-0.03639010339975357,0.05440211668610573,0.07714372128248215,-0.09017493575811386,0.08095382153987885,0.024189872667193413,-0.01753649115562439,0.04403524123203142,0.35083132827267466,49067,-0.5532367210376083,-0.0730561553109174,-0.04933940658849312,0.9879379940684885,0.0,0.0,0.04805749590159394,0.0,-1.0,0.1,0.0,0.0,0.0,3.647507429122925,49067,nan,0.9565958380699158,nan,52000,nan,nan,0,nan,nan,nan,nan,0.033221952617168427
10.229176998982439,rising,0,0.029642192646861076,-0.03909613937139511,0.05641128495335579,0.07365471869707108,-0.08576853573322296,0.07212495803833008,0.024189872667193413,-0.01753649115562439,0.04505460476871292,0.35696442448736626,49925,-0.391413601916458,-0.07235756809719501,-0.04739465229851825,1.1426249984651804,0.0,0.0,0.054047581207123586,0.0,-1.0,0.1,0.0,0.0,0.0,3.647507429122925,49925,nan,0.9676452279090881,nan,52000,nan,nan,0,nan,nan,nan,nan,0.033221952617168427
10.249779717996716,rising,0,0.03014206700026989,-0.0408681184053421,0.057543713599443436,0.06676981598138809,-0.08112659305334091,0.06545877456665039,0.024189872667193413,-0.01753649115562439,0.04620807381637304,0.3632519116909673,50804,-0.22551684192698573,-0.07048324796867556,-0.04333016621327279,1.5295320190489292,0.0,0.0,0.060110086199711074,0.0,-1.0,0.1,0.0,0.0,0.0,3.647507429122925,50804,nan,0.9566108584403992,nan,52000,nan,nan,0,nan,nan,nan,nan,0.033221952617168427
10.268759291007882,rising,0,0.030743597075343132,-0.043408919125795364,0.059125449508428574,0.05910870432853699,-0.07531823217868805,0.055752888321876526,0.024189872667193413,-0.01753649115562439,0.047454038309605893,0.3705492729084204,51825,-0.03297432959313085,-0.06868709385880506,-0.038987771390909476,0.8358220220543444,0.0,0.0,0.06603636239888146,0.0,-1.0,0.1,0.0,0.0,0.0,3.647507429122925,51825,nan,0.9695324301719666,nan,52000,nan,nan,0,nan,nan,nan,nan,0.033221952617168427
10.289004032994853,rising,0,0.031116455793380737,-0.04500782489776611,0.060014836490154266,0.04935435578227043,-0.07036731392145157,0.04971297085285187,0.024189872667193413,-0.01753649115562439,0.04883736511475546,0.3770724243846531,52737,0.13914048508319432,-0.06655117409734376,-0.0335316847983711,0.9966529905796051,0.0,0.0,0.07204718760622199,0.0,-1.0,0.1,0.0,0.0,0.0,3.647507429122925,52737,nan,0.929839551448822,nan,52000,nan,nan,0,nan,nan,nan,nan,0.033221952617168427
10.309581065987004,rising,0,0.031343724578619,-0.04662565141916275,0.06086555868387222,0.040769726037979126,-0.06569794565439224,0.040103480219841,0.024189872667193413,-0.01753649115562439,0.050354134334871965,0.38563774206831547,53935,0.36513831314816336,-0.06431544334156647,-0.028568221629229118,1.2803869904018939,0.0,0.0,0.07810799430299084,0.0,-1.0,0.1,0.0,0.0,0.0,3.621114492416382,53935,nan,1.0012893676757812,nan,52000,nan,nan,0,nan,nan,nan,nan,0.033221952617168427
10.329174269980285,rising,0,0.03149357810616493,-0.04900004714727402,0.06192518025636673,0.03220063075423241,-0.062384381890296936,0.036838024854660034,0.024189872667193413,-0.01753649115562439,0.05197087828769094,0.39090948958415966,54672,0.5042345536717576,-0.06417522628116556,-0.023950565672451907,1.0138879879377782,0.0,0.0,0.08408867430116515,0.0,-1.0,0.1,0.0,0.0,0.0,3.621114492416382,54672,nan,0.9556593894958496,nan,52000,nan,nan,0,nan,nan,nan,nan,0.033221952617168427
10.349080421001418,rising,0,0.031482573598623276,-0.05049067735671997,0.0625450536608696,0.02471040189266205,-0.061376310884952545,0.03077877126634121,0.024189872667193413,-0.01753649115562439,0.05370100590713311,0.3982742378847609,55702,0.6985550893076748,-0.06397418743287839,-0.019734319077075346,1.0733009839896113,0.0,0.0,0.09004988460510503,0.0,-1.0,0.1,0.0,0.0,0.0,3.621114492416382,55702,nan,0.9978017210960388,nan,52000,nan,nan,0,nan,nan,nan,nan,0.033221952617168427
10.370337225991534,rising,0,0.03121027909219265,-0.05276668071746826,0.06347865611314774,0.015752775594592094,-0.062275491654872894,0.030688565224409103,0.024189872667193413,-0.01753649115562439,0.05560611574856042,0.4026229186101773,56311,0.813296005545574,-0.0659906837532949,-0.014800288211213264,1.342956005828455,0.0,0.0,0.09618756480049341,0.0,-1.0,0.1,0.0,0.0,0.0,3.621114492416382,56311,nan,1.0139639377593994,nan,52000,nan,nan,0,nan,nan,nan,nan,0.033221952617168427
10.388749315985478,rising,0,0.03091370314359665,-0.054282959550619125,0.06406962126493454,0.007477499544620514,-0.06255289167165756,0.032639775425195694,0.024189872667193413,-0.01753649115562439,0.057524941528353135,0.4062187424968404,56813,0.908172625246447,-0.06703531169189167,-0.010302592416772782,0.8962990250438452,0.0,0.0,0.101996779802721,0.0,-1.0,0.1,0.0,0.0,0.0,3.621114492416382,56813,nan,0.999643087387085,nan,52000,nan,nan,0,nan,nan,nan,nan,0.033221952617168427
10.410176945995772,rising,0,0.030396198853850365,-0.056360356509685516,0.06509782373905182,-0.0014795702882111073,-0.06326025724411011,0.03393173962831497,0.024189872667193413,-0.01753649115562439,0.059751803066896834,0.4102827121619178,57382,1.015401376303899,-0.06874334600505008,-0.005329561065479549,1.139902014983818,0.0,0.0,0.10834878870227839,0.0,-1.0,0.1,0.0,0.0,0.0,3.621114492416382,57382,nan,1.0292234420776367,nan,52000,nan,nan,0,nan,nan,nan,nan,0.033221952617168427
10.42875224800082,rising,0,0.029925217851996422,-0.05777914449572563,0.06594400852918625,-0.009221636690199375,-0.06129058450460434,0.03975215181708336,0.024189872667193413,-0.01753649115562439,0.06185147919366257,0.4117708843909651,57590,1.0546671343262553,-0.06891612266003627,-0.0010923813275585115,0.8861590176820755,0.0,0.0,0.11401432229904457,0.0,-1.0,0.1,0.0,0.0,0.0,3.621114492416382,57590,nan,1.021881341934204,nan,52000,nan,nan,0,nan,nan,nan,nan,0.033221952617168427
10.449061546998564,rising,0,0.029368063434958458,-0.059008870273828506,0.06679981201887131,-0.016061775386333466,-0.05730604752898216,0.045312851667404175,0.024189872667193413,-0.01753649115562439,0.06420657577270782,0.4138561249118428,57882,1.109686673135693,-0.06782982533918425,0.0027571905965408927,1.0400450264569372,0.0,0.0,0.12005133750499225,0.0,-1.0,0.1,0.0,0.0,0.0,3.621114492416382,57882,nan,1.0307505130767822,nan,52000,nan,nan,0,nan,nan,nan,nan,0.033221952617168427
10.4693402859848,rising,0,0.028802454471588135,-0.06028396263718605,0.06775569170713425,-0.022561578080058098,-0.051716484129428864,0.052805621176958084,0.024189872667193413,-0.01753649115562439,0.06666712453744124,0.41495267578658235,58035,1.1386194138939914,-0.06618320229068904,0.006427964965911803,1.24837999464944,0.0,0.0,0.12605019990296568,0.0,-1.0,0.1,0.0,0.0,0.0,3.621114492416382,58035,nan,1.0524321794509888,nan,52000,nan,nan,0,nan,nan,nan,nan,0.033221952617168427
10.488701828988269,rising,0,0.02785264141857624,-0.06194963678717613,0.06948604434728622,-0.026663292199373245,-0.04321791231632233,0.0641832947731018,0.024189872667193413,-0.01753649115562439,0.06923558630671571,0.41324280828450893,57796,1.0935041763722655,-0.0639527368792325,0.009359164454195934,0.8309870027005672,0.0,0.0,0.13202170259901322,0.0,-1.0,0.1,0.0,0.0,0.0,3.621114492416382,57796,nan,1.0697699785232544,nan,52000,nan,nan,0,nan,nan,nan,nan,0.033221952617168427
10.50969043400255,rising,0,0.027203120291233063,-0.06300130486488342,0.07087057828903198,-0.02957753650844097,-0.03456304594874382,0.07719320803880692,0.024189872667193413,-0.01753649115562439,0.07200364224291363,0.4114721837024781,57548,1.0467858496696056,-0.061038809313794254,0.011447459426312978,1.2069789809174836,0.0,0.0,0.13816860540246126,0.0,-1.0,0.1,0.0,0.0,0.0,3.5577712059020996,57548,nan,1.050331473350525,nan,52000,nan,nan,0,nan,nan,nan,nan,0.033221952617168427
10.528769072989235,rising,0,0.02615175023674965,-0.0643136128783226,0.07320554554462433,-0.030064836144447327,-0.02540535107254982,0.08805561065673828,0.024189872667193413,-0.01753649115562439,0.07476315520444493,0.4094388389318563,57264,0.9931355918695584,-0.05814610036192712,0.012769570919531015,0.8446910069324076,0.0,0.0,0.14403565980610436,0.0,-1.0,0.1,0.0,0.0,0.0,3.5577712059020996,57264,nan,1.0672818422317505,nan,52000,nan,nan,0,nan,nan,nan,nan,0.033221952617168427
10.548760659992695,rising,0,0.025434579700231552,-0.06508558243513107,0.07494064420461655,-0.030173715204000473,-0.017915433272719383,0.10022075474262238,0.024189872667193413,-0.01753649115562439,0.07769586262480864,0.40778728817054166,57033,0.9495590546317043,-0.05546126695696525,0.013578231908794258,0.8829290163703263,0.0,0.0,0.15001965120609384,0.0,-1.0,0.1,0.0,0.0,0.0,3.5577712059020996,57033,nan,1.0477241277694702,nan,52000,nan,nan,0,nan,nan,nan,nan,0.033221952617168427
10.569032523984788,rising,0,0.024500014260411263,-0.06613852083683014,0.07771207392215729,-0.02938830852508545,-0.010657073929905891,0.1091780811548233,0.024189872667193413,-0.01753649115562439,0.08076903700367766,0.40664996495213596,56874,0.9195505264415811,-0.05307886860585884,0.014149262383615246,1.0459329932928085,0.0,0.0,0.1560442257032264,0.0,-1.0,0.1,0.0,0.0,0.0,3.5577712059020996,56874,nan,1.0353399515151978,nan,52000,nan,nan,0,nan,nan,nan,nan,0.033221952617168427
10.589121747005265,rising,0,0.02384643815457821,-0.06672647595405579,0.079722099006176,-0.028513196855783463,-0.004499458707869053,0.11644601821899414,0.024189872667193413,-0.01753649115562439,0.0839636585970134,0.4074621000045358,56987,0.940978891940258,-0.050524348001841954,0.014333144461871727,1.038685004459694,0.0,0.0,0.1620696558005875,0.0,-1.0,0.1,0.0,0.0,0.0,3.5577712059020996,56987,nan,1.0425710678100586,nan,52000,nan,nan,0,nan,nan,nan,nan,0.033221952617168427
10.60897543898318,rising,0,0.023134732618927956,-0.0673559159040451,0.0818910002708435,-0.028239669278264046,-0.000275466765742749,0.12513713538646698,0.024189872667193413,-0.01753649115562439,0.0872415902643523,0.40746105085378326,56987,0.9409512098623534,-0.0490675184452421,0.01489765560934786,1.0504790116101503,0.0,0.0,0.16802777250122744,0.0,-1.0,0.1,0.0,0.0,0.0,3.5577712059020996,56987,nan,1.0431030988693237,nan,52000,nan,nan,0,nan,nan,nan,nan,0.033221952617168427
10.628653708990896,rising,0,0.022175386548042297,-0.0680120587348938,0.08528819680213928,-0.027935359627008438,0.003980709705501795,0.13344940543174744,0.024189872667193413,-0.01753649115562439,0.09065629541988962,0.4063050435434164,56826,0.910449697715471,-0.0477568797950662,0.015734803880901316,0.776447996031493,0.0,0.0,0.17401768710406032,0.0,-1.0,0.1,0.0,0.0,0.0,3.5577712059020996,56826,nan,1.0469592809677124,nan,52000,nan,nan,0,nan,nan,nan,nan,0.033221952617168427
10.648766325000906,rising,0,0.021523382514715195,-0.0683346837759018,0.08770885318517685,-0.02899017743766308,0.007459572982043028,0.14291313290596008,0.024189872667193413,-0.01753649115562439,0.09420700337694869,0.4059822804269101,56780,0.9019335204989449,-0.04639811445099744,0.016909503261380188,0.8431250171270221,0.0,0.0,0.18003494160657282,0.0,-1.0,0.1,0.0,0.0,0.0,3.5577712059020996,56780,nan,1.0591484308242798,nan,52000,nan,nan,0,nan,nan,nan,nan,0.033221952617168427
10.669164024002384,rising,0,0.02055969461798668,-0.06872382014989853,0.0916852205991745,-0.030425885692238808,0.012697964906692505,0.1550779938697815,0.024189872667193413,-0.01753649115562439,0.09787415631162,0.40250027316400444,56293,0.8100599779420676,-0.0445823992311989,0.018727164773051808,1.1660269810818136,0.0,0.0,0.18604534920305013,0.0,-1.0,0.1,0.0,0.0,0.0,3.5577712059020996,56293,nan,1.0658131837844849,nan,52000,nan,nan,0,nan,nan,nan,nan,0.033221952617168427
10.689299068006221,rising,0,0.019953297451138496,-0.06891446560621262,0.09433422982692719,-0.03298695385456085,0.0180498193949461,0.1676153540611267,0.024189872667193413,-0.01753649115562439,0.10166959123009144,0.400657083357648,56036,0.7614270015210547,-0.04230528171928391,0.020697532290999465,1.1710810067597777,0.0,0.0,0.19206804239947814,0.0,-1.0,0.1,0.0,0.0,0.0,3.5577712059020996,56036,nan,1.0617831945419312,nan,52000,nan,nan,0,nan,nan,nan,nan,0.033221952617168427
10.7090899659961,rising,0,0.019124090671539307,-0.06910908967256546,0.09870301187038422,-0.035392023622989655,0.024568170309066772,0.17804722487926483,0.024189872667193413,-0.01753649115562439,0.10553734603317314,0.39776689277878463,55631,0.6851686749019681,-0.03952973158796387,0.02289158026776361,1.0766880004666746,0.0,0.0,0.19801713509950786,0.0,-1.0,0.1,0.0,0.0,0.0,3.5630500316619873,55631,nan,1.035560965538025,nan,52000,nan,nan,0,nan,nan,nan,nan,0.033221952617168427
10.729073430993594,rising,0,0.018498340621590614,-0.06910092383623123,0.10167121142148972,-0.037520382553339005,0.03085033968091011,0.1845191866159439,0.024189872667193413,-0.01753649115562439,0.10956726318659014,0.3988402025274688,55781,0.7134881933369073,-0.03626320343014946,0.024525285648093087,1.106726995203644,0.0,0.0,0.2040312135068234,0.0,-1.0,0.1,0.0,0.0,0.0,3.5630500316619873,55781,nan,1.017041563987732,nan,52000,nan,nan,0,nan,nan,nan,nan,0.033221952617168427
10.749156659992877,rising,0,0.017862390726804733,-0.0690552145242691,0.10470771044492722,-0.03909745439887047,0.03586091473698616,0.18857114017009735,0.024189872667193413,-0.01753649115562439,0.11370032568528173,0.40116511123122983,56107,0.774831430903161,-0.033508137952247344,0.025803919849855195,1.2391660129651427,0.0,0.0,0.21002041230385657,0.0,-1.0,0.1,0.0,0.0,0.0,3.5630500316619873,56107,nan,1.0202556848526,nan,52000,nan,nan,0,nan,nan,nan,nan,0.033221952617168427
10.768742540996755,rising,0,0.016984976828098297,-0.0687931478023529,0.10928718745708466,-0.038880959153175354,0.04117590934038162,0.19230243563652039,0.024189872667193413,-0.01753649115562439,0.11795953350871206,0.40187700144189753,56206,0.7936148137703825,-0.030540949614812657,0.026524035817413694,0.841241009766236,0.0,0.0,0.21601874520129058,0.0,-1.0,0.1,0.0,0.0,0.0,3.5630500316619873,56206,nan,1.0309277772903442,nan,52000,nan,nan,0,nan,nan,nan,nan,0.033221952617168427
10.788914450997254,rising,0,0.016428830102086067,-0.06859759241342545,0.11243981868028641,-0.03740982338786125,0.04533449560403824,0.19776959717273712,0.024189872667193413,-0.01753649115562439,0.1223467547237633,0.4036711903961191,56457,0.8409548917181802,-0.028149022941619473,0.026228266520738064,0.9992280101869255,0.0,0.0,0.22202799599908757,0.0,-1.0,0.1,0.0,0.0,0.0,3.5630500316619873,56457,nan,1.008551836013794,nan,52000,nan,nan,0,nan,nan,nan,nan,0.033221952617168427
10.80881535098888,rising,0,0.015893107280135155,-0.06836740672588348,0.11564327031373978,-0.0347902737557888,0.04951023310422897,0.19878055155277252,0.024189872667193413,-0.01753649115562439,0.12684529182503057,0.40775872935445684,57029,0.9488055238642943,-0.025590556246765334,0.025205712182910345,0.8789600105956197,0.0,0.0,0.22802533470676278,0.0,-1.0,0.1,0.0,0.0,0.0,3.5630500316619873,57029,nan,1.0075678825378418,nan,52000,nan,nan,0,nan,nan,nan,nan,0.033221952617168427
10.828716538992012,rising,0,0.015166186727583408,-0.06785555928945541,0.12052343785762787,-0.03136395290493965,0.0533410906791687,0.19938267767429352,0.024189872667193413,-0.01753649115562439,0.13146084965267785,0.41009990689990594,57356,1.0105780184671733,-0.0230748564380582,0.02409954608389664,0.8471159962937236,0.0,0.0,0.23401899060700088,0.0,-1.0,0.1,0.0,0.0,0.0,3.5630500316619873,57356,nan,1.0095134973526,nan,52000,nan,nan,0,nan,nan,nan,nan,0.033221952617168427
10.849144187988713,rising,0,0.014730220660567284,-0.06743449717760086,0.12378226220607758,-0.027441957965493202,0.05649111419916153,0.2018282115459442,0.024189872667193413,-0.01753649115562439,0.13626175402269053,0.4138213701563553,57877,1.1087696611175524,-0.020936056052198955,0.022408287950839822,0.9633009904064238,0.0,0.0,0.24009462840040213,0.0,-1.0,0.1,0.0,0.0,0.0,3.5630500316619873,57877,nan,1.0156240463256836,nan,52000,nan,nan,0,nan,nan,nan,nan,0.033221952617168427
10.869531028991332,rising,0,0.014223866164684296,-0.06675520539283752,0.12873131036758423,-0.02299654483795166,0.060587164014577866,0.20477361977100372,0.024189872667193413,-0.01753649115562439,0.14119729842368317,0.41535232949247297,58091,1.149164366556013,-0.018230522835943865,0.020672384631344576,1.0929819836746901,0.0,0.0,0.24618439679907167,0.0,-1.0,0.1,0.0,0.0,0.0,3.5630500316619873,58091,nan,1.0202233791351318,nan,52000,nan,nan,0,nan,nan,nan,nan,0.033221952617168427
10.888437077985145,rising,0,0.013964700512588024,-0.06626882404088974,0.1321258395910263,-0.018442753702402115,0.06481744349002838,0.20844992995262146,0.024189872667193413,-0.01753649115562439,0.14601867835715684,0.4181806395098262,58486,1.2237899606814295,-0.015617269676137918,0.018602172136715778,0.6941960018593818,0.0,0.0,0.25199124029895753,0.0,-1.0,0.1,0.0,0.0,0.0,3.5630500316619873,58486,nan,1.0408923625946045,nan,52000,nan,nan,0,nan,nan,nan,nan,0.033221952617168427
10.909398376999889,rising,0,0.013724387623369694,-0.06545611470937729,0.1373920887708664,-0.013543128967285156,0.06792371720075607,0.21566686034202576,0.024189872667193413,-0.01753649115562439,0.15118132673030155,0.4174639269649442,58386,1.204879339444437,-0.013376087758507677,0.016516716444882285,0.9532939875498414,0.0,0.0,0.25806428309879265,0.0,-1.0,0.1,0.0,0.0,0.0,3.541935443878174,58386,nan,1.0345498323440552,nan,52000,nan,nan,0,nan,nan,nan,nan,0.033221952617168427
10.928782175993547,rising,0,0.013678272254765034,-0.0648525133728981,0.14095912873744965,-0.008064881898462772,0.07156908512115479,0.22195899486541748,0.024189872667193413,-0.01753649115562439,0.15636805001126752,0.4193096895935834,58644,1.2535802003583996,-0.011001722718730277,0.013874716824590294,0.8836050110403448,0.0,0.0,0.26402501430711706,0.0,-1.0,0.1,0.0,0.0,0.0,3.541935443878174,58644,nan,1.032982349395752,nan,52000,nan,nan,0,nan,nan,nan,nan,0.033221952617168427
10.94895786800771,rising,0,0.01370168849825859,-0.06429453939199448,0.14457401633262634,-0.001957967411726713,0.07336616516113281,0.22778379917144775,0.024189872667193413,-0.01753649115562439,0.16171157702139674,0.4215553922811114,58958,1.3128335694224624,-0.009560514023667706,0.010881031880823011,0.9939469746313989,0.0,0.0,0.2700283770012902,0.0,-1.0,0.1,0.0,0.0,0.0,3.541935443878174,58958,nan,1.030483603477478,nan,52000,nan,nan,0,nan,nan,nan,nan,0.033221952617168427
10.968910819996381,rising,0,0.013825842179358006,-0.06331685185432434,0.1502380073070526,0.0041729724034667015,0.07508140802383423,0.2332305610179901,0.024189872667193413,-0.01753649115562439,0.16716450090276985,0.4215626177806906,58959,1.3130242158493548,-0.007818525120128591,0.00785423473823954,1.009797997539863,0.0,0.0,0.2760200694057858,0.0,-1.0,0.1,0.0,0.0,0.0,3.541935443878174,58959,nan,1.031855583190918,nan,52000,nan,nan,0,nan,nan,nan,nan,0.033221952617168427
10.989011384983314,rising,0,0.013989212922751904,-0.06266583502292633,0.15410414338111877,0.009927813895046711,0.0762670636177063,0.24015626311302185,0.024189872667193413,-0.01753649115562439,0.17275452498508315,0.42326694152653893,59198,1.3579931801197596,-0.006611382093366817,0.004948909219565145,1.0495579917915165,0.0,0.0,0.2820303054002579,0.0,-1.0,0.1,0.0,0.0,0.0,3.541935443878174,59198,nan,1.0325897932052612,nan,52000,nan,nan,0,nan,nan,nan,nan,0.033221952617168427
11.009803089982597,rising,0,0.014349769800901413,-0.06181170791387558,0.16000232100486755,0.015132271684706211,0.07510250806808472,0.24597857892513275,0.024189872667193413,-0.01753649115562439,0.17854438218104968,0.4232804864322588,59200,1.3583505654949537,-0.006354201256703084,0.002148900170869439,1.2259400100447237,0.0,0.0,0.2881232505053049,0.0,-1.0,0.1,0.0,0.0,0.0,3.541935443878174,59200,nan,1.0441174507141113,nan,52000,nan,nan,0,nan,nan,nan,nan,0.033221952617168427
11.02845908299787,rising,0,0.014623964205384254,-0.06115312501788139,0.16407066583633423,0.01960868574678898,0.07418407499790192,0.25225093960762024,0.024189872667193413,-0.01753649115562439,0.18423811525180073,0.42512904130840107,59458,1.4071251004855156,-0.006138971348217329,-0.000224340744025886,0.6953490083105862,0.0,0.0,0.29399191710690503,0.0,-1.0,0.1,0.0,0.0,0.0,3.541935443878174,59458,nan,1.0372451543807983,nan,52000,nan,nan,0,nan,nan,nan,nan,0.033221952617168427
11.049186477001058,rising,0,0.014948288910090923,-0.0604993999004364,0.168268084526062,0.023383334279060364,0.07195474952459335,0.25812914967536926,0.024189872667193413,-0.01753649115562439,0.19022048477781936,0.4274493535013627,59783,1.468347058083447,-0.0065370103266730924,-0.002292749313029363,1.208239991683513,0.0,0.0,0.3,0.0,-1.0,0.1,0.0,0.0,0.0,3.541935443878174,59783,nan,1.0401017665863037,nan,52000,nan,nan,0,nan,nan,nan,nan,0.033221952617168427
11.069643987983,rising,0,0.015546400099992752,-0.05965216085314751,0.17472058534622192,0.02636542171239853,0.07035895437002182,0.2646266222000122,0.024189872667193413,-0.01753649115562439,0.19633383228210732,0.4238010038868891,59273,1.3720845352741176,-0.006546757233763027,-0.004284324137046269,1.301576994592324,0.0,0.0,0.3,0.0,-1.0,0.1,0.0,0.0,0.0,3.541935443878174,59273,nan,1.0491836071014404,nan,52000,nan,nan,0,nan,nan,nan,nan,0.033221952617168427
11.088755892997142,rising,0,0.01603688858449459,-0.059049490839242935,0.17915639281272888,0.028815245255827904,0.06885985285043716,0.2733473777770996,0.024189872667193413,-0.01753649115562439,0.20220171948021742,0.4212577568858678,58917,1.304980392766959,-0.006725812371260827,-0.005939048207297182,0.898603000678122,0.0,0.0,0.3,0.0,-1.0,0.1,0.0,0.0,0.0,3.541935443878174,58917,nan,1.040030837059021,nan,52000,nan,nan,0,nan,nan,nan,nan,0.033221952617168427
11.10933718198794,rising,0,0.01678895577788353,-0.058249469846487045,0.18598030507564545,0.030764784663915634,0.06574977189302444,0.2805333435535431,0.024189872667193413,-0.01753649115562439,0.2082635089813266,0.41674146967937664,58285,1.1858171419360577,-0.007523510160475689,-0.007660916031197118,0.8927469898480922,0.0,0.0,0.3,0.0,-1.0,0.1,0.0,0.0,0.0,3.5208210945129395,58285,nan,1.0432153940200806,nan,52000,nan,nan,0,nan,nan,nan,nan,0.033221952617168427
11.129016824008431,rising,0,0.017183974385261536,-0.057729922235012054,0.19073225557804108,0.032297637313604355,0.06348960101604462,0.2882182002067566,0.024189872667193413,-0.01753649115562439,0.21423005537944845,0.41444667598272705,57964,1.1252684955864645,-0.00815453823393584,-0.008824333323361744,1.0273520019836724,0.0,0.0,0.3,0.0,-1.0,0.1,0.0,0.0,0.0,3.5208210945129395,57964,nan,1.0432790517807007,nan,52000,nan,nan,0,nan,nan,nan,nan,0.033221952617168427
11.14896630999283,rising,0,0.017675170674920082,-0.057204362004995346,0.19560448825359344,0.033353231847286224,0.06048934906721115,0.2968693673610687,0.024189872667193413,-0.01753649115562439,0.22023951258161104,0.4115746765900277,57563,1.049490147494133,-0.009158763348429175,-0.009876291921773195,0.9591760172042996,0.0,0.0,0.3,0.0,-1.0,0.1,0.0,0.0,0.0,3.5208210945129395,57563,nan,1.0478625297546387,nan,52000,nan,nan,0,nan,nan,nan,nan,0.033221952617168427
11.168804782006191,rising,0,0.018338583409786224,-0.056534022092819214,0.20312342047691345,0.03369772806763649,0.05852089077234268,0.30447858572006226,0.024189872667193413,-0.01753649115562439,0.2261928016814636,0.40584128187843205,56761,0.898213242174986,-0.009597650648961426,-0.010839498720266016,0.9366800077259541,0.0,0.0,0.3,0.0,-1.0,0.1,0.0,0.0,0.0,3.5208210945129395,56761,nan,1.040711522102356,nan,52000,nan,nan,0,nan,nan,nan,nan,0.033221952617168427
11.188596154999686,rising,0,0.01882224529981613,-0.05602070316672325,0.20823998749256134,0.0332719162106514,0.056877732276916504,0.3118296265602112,0.024189872667193413,-0.01753649115562439,0.23218436717870644,0.4032861293010674,56403,0.8307949683658933,-0.009964279797004667,-0.011176744776059122,0.8097729878500104,0.0,0.0,0.3,0.0,-1.0,0.1,0.0,0.0,0.0,3.5208210945129395,56403,nan,1.0437843799591064,nan,52000,nan,nan,0,nan,nan,nan,nan,0.033221952617168427
11.208925365004689,rising,0,0.019446713849902153,-0.05535227060317993,0.21612221002578735,0.03194720670580864,0.0544670894742012,0.31947556138038635,0.024189872667193413,-0.01753649115562439,0.23823245478270108,0.397195355938184,55551,0.6700885471816349,-0.01065784054085559,-0.01130998517121018,0.9542930056340992,0.0,0.0,0.3,0.0,-1.0,0.1,0.0,0.0,0.0,3.5208210945129395,55551,nan,1.0412695407867432,nan,52000,nan,nan,0,nan,nan,nan,nan,0.033221952617168427
11.229185500997119,rising,0,0.019840052351355553,-0.05488734692335129,0.2215275913476944,0.030039837583899498,0.05335452780127525,0.3270423412322998,0.024189872667193413,-0.01753649115562439,0.24421522667689713,0.39415466500463014,55126,0.5898592349506622,-0.010832728767412043,-0.010828548233580149,1.2592929997481406,0.0,0.0,0.3,0.0,-1.0,0.1,0.0,0.0,0.0,3.5208210945129395,55126,nan,1.0314244031906128,nan,52000,nan,nan,0,nan,nan,nan,nan,0.033221952617168427
11.249157413985813,rising,0,0.02020259015262127,-0.05447988957166672,0.2268638163805008,0.027396339923143387,0.052645277231931686,0.3343586325645447,0.024189872667193413,-0.01753649115562439,0.25024178658495655,0.39137891734047986,54738,0.5166205103028965,-0.01085545598412461,-0.009924956554053788,1.1210740194655955,0.0,0.0,0.3,0.0,-1.0,0.1,0.0,0.0,0.0,3.5208210945129395,54738,nan,1.019438624382019,nan,52000,nan,nan,0,nan,nan,nan,nan,0.033221952617168427
11.26918030899833,rising,0,0.020623616874217987,-0.0537673681974411,0.2351418286561966,0.024111347272992134,0.0510215163230896,0.3368937075138092,0.024189872667193413,-0.01753649115562439,0.25624681397748644,0.387272007175843,54164,0.40825876453411425,-0.01107309580737193,-0.008768541464695856,0.906373985344544,0.0,0.0,0.3,0.0,-1.0,0.1,0.0,0.0,0.0,3.5208210945129395,54164,nan,1.0235929489135742,nan,52000,nan,nan,0,nan,nan,nan,nan,0.033221952617168427
11.288931653980399,rising,0,0.02084551379084587,-0.053314246237277985,0.2405935823917389,0.0206513199955225,0.051069702953100204,0.34102749824523926,0.024189872667193413,-0.01753649115562439,0.2622317656816449,0.38586483818834627,53967,0.3711302952070241,-0.010618603545847994,-0.007237106232666379,0.9190890123136342,0.0,0.0,0.3,0.0,-1.0,0.1,0.0,0.0,0.0,3.5208210945129395,53967,nan,1.0100057125091553,nan,52000,nan,nan,0,nan,nan,nan,nan,0.033221952617168427
11.30864666699199,rising,0,0.02112632244825363,-0.05261944606900215,0.24887648224830627,0.016734009608626366,0.050427526235580444,0.3415079712867737,0.024189872667193413,-0.01753649115562439,0.2681705899827648,0.3826888910994781,53523,0.2873322189835896,-0.01031597071476732,-0.005543387195799054,0.6620509957429022,0.0,0.0,0.3,0.0,-1.0,0.1,0.0,0.0,0.0,3.5577712059020996,53523,nan,0.9932209253311157,nan,52000,nan,nan,0,nan,nan,nan,nan,0.033221952617168427
11.328683142986847,rising,0,0.02125299721956253,-0.05206775292754173,0.25443971157073975,0.012838597409427166,0.051122330129146576,0.33933088183403015,0.024189872667193413,-0.01753649115562439,0.2742185605806299,0.3843763915034805,53759,0.33185729560634414,-0.00933489786312348,-0.003623979991123738,0.7710939971730113,0.0,0.0,0.3,0.0,-1.0,0.1,0.0,0.0,0.0,3.5577712059020996,53759,nan,0.9904212355613708,nan,52000,nan,nan,0,nan,nan,nan,nan,0.033221952617168427
11.349078942992492,rising,0,0.021298633888363838,-0.05154810845851898,0.25991758704185486,0.008903623558580875,0.05227009952068329,0.33671510219573975,0.024189872667193413,-0.01753649115562439,0.2802341650793096,0.3863505223962678,54035,0.3839451819595716,-0.008154941867916063,-0.001615707590883142,1.0517469781916589,0.0,0.0,0.3,0.0,-1.0,0.1,0.0,0.0,0.0,3.5577712059020996,54035,nan,0.9849528074264526,nan,52000,nan,nan,0,nan,nan,nan,nan,0.033221952617168427
11.36955731298076,rising,0,0.021302685141563416,-0.05099605768918991,0.2653432786464691,0.00474955327808857,0.052730415016412735,0.3319092094898224,0.024189872667193413,-0.01753649115562439,0.28636338588257787,0.3896299172436741,54493,0.47047275049271775,-0.007283242291374393,0.0005260488351035431,1.1090539919678122,0.0,0.0,0.3,0.0,-1.0,0.1,0.0,0.0,0.0,3.5577712059020996,54493,nan,0.985392689704895,nan,52000,nan,nan,0,nan,nan,nan,nan,0.033221952617168427
11.389089785981923,rising,0,0.021206460893154144,-0.05012026056647301,0.2734393775463104,0.00076422089478001,0.054498836398124695,0.32766807079315186,0.024189872667193413,-0.01753649115562439,0.2922100843803491,0.3889355930266419,54396,0.4521528503071721,-0.005486149538474363,0.002675306118878673,1.1601409933064133,0.0,0.0,0.3,0.0,-1.0,0.1,0.0,0.0,0.0,3.5577712059020996,54396,nan,0.9906072020530701,nan,52000,nan,nan,0,nan,nan,nan,nan,0.033221952617168427
11.408815272996435,rising,0,0.021002743393182755,-0.04911298677325249,0.2814529836177826,-0.0034394129179418087,0.056582119315862656,0.32565245032310486,0.024189872667193413,-0.01753649115562439,0.29818776408501435,0.3873984515768167,54181,0.411595028412048,-0.0033923568000867087,0.005066470147654378,0.9862029983196408,0.0,0.0,0.3,0.0,-1.0,0.1,0.0,0.0,0.0,3.5577712059020996,54181,nan,0.9896157383918762,nan,52000,nan,nan,0,nan,nan,nan,nan,0.033221952617168427
11.429334468004527,rising,0,0.02079356461763382,-0.04838579520583153,0.2867230474948883,-0.007518198806792498,0.060004185885190964,0.32354095578193665,0.024189872667193413,-0.01753649115562439,0.3042021868837764,0.38938811299506876,54460,0.4640926911627634,-0.0008703235399518333,0.007350477991948878,1.4617469860240817,0.0,0.0,0.3,0.0,-1.0,0.1,0.0,0.0,0.0,3.5577712059020996,54460,nan,0.9949646592140198,nan,52000,nan,nan,0,nan,nan,nan,nan,0.033221952617168427
11.449250759003917,rising,0,0.02053172141313553,-0.047594886273145676,0.29203125834465027,-0.011608709581196308,0.06312566995620728,0.3209443688392639,0.024189872667193413,-0.01753649115562439,0.3102056875824928,0.3915636086324547,54764,0.5214936314631835,0.0015369260178907571,0.009666529987210959,1.317245012614876,0.0,0.0,0.3,0.0,-1.0,0.1,0.0,0.0,0.0,3.5577712059020996,54764,nan,0.9868110418319702,nan,52000,nan,nan,0,nan,nan,nan,nan,0.033221952617168427
11.468624419998378,rising,0,0.020058557391166687,-0.04636513814330101,0.2998114824295044,-0.015267851762473583,0.06663655489683151,0.31679075956344604,0.024189872667193413,-0.01753649115562439,0.3162126481824089,0.39143748804994444,54746,0.5181659116080315,0.004588186730727815,0.012022889953331228,0.6627039983868599,0.0,0.0,0.3,0.0,-1.0,0.1,0.0,0.0,0.0,3.5577712059020996,54746,nan,0.980916440486908,nan,52000,nan,nan,0,nan,nan,nan,nan,0.033221952617168427
11.488846402004128,rising,0,0.019713427871465683,-0.045509085059165955,0.3048921525478363,-0.018540583550930023,0.06993597000837326,0.31229710578918457,0.024189872667193413,-0.01753649115562439,0.32223389388527723,0.394875825823307,55227,0.6088872248893651,0.00708691445682093,0.013925573540259695,0.8536489913240075,0.0,0.0,0.3,0.0,-1.0,0.1,0.0,0.0,0.0,3.5577712059020996,55227,nan,0.9791839122772217,nan,52000,nan,nan,0,nan,nan,nan,nan,0.033221952617168427
11.509186968003633,rising,0,0.019111722707748413,-0.044115904718637466,0.31251856684684753,-0.021621985360980034,0.07231731712818146,0.30808204412460327,0.024189872667193413,-0.01753649115562439,0.32823652008082715,0.39497514683963475,55241,0.6115078321803349,0.009702520080496768,0.0160919779802422,0.8473609923385084,0.0,0.0,0.3,0.0,-1.0,0.1,0.0,0.0,0.0,3.552492618560791,55241,nan,0.9815181493759155,nan,52000,nan,nan,0,nan,nan,nan,nan,0.033221952617168427
11.528699471993605,rising,0,0.018704812973737717,-0.04319772124290466,0.3174998164176941,-0.02434244006872177,0.07522135972976685,0.30567196011543274,0.024189872667193413,-0.01753649115562439,0.3342534274852369,0.39749652355873505,55594,0.6780349223940636,0.012026897103719333,0.017768415851686425,0.6989119865465909,0.0,0.0,0.3,0.0,-1.0,0.1,0.0,0.0,0.0,3.552492618560791,55594,nan,0.9981046319007874,nan,52000,nan,nan,0,nan,nan,nan,nan,0.033221952617168427
11.549067824002123,rising,0,0.018216492608189583,-0.04216768965125084,0.3225233256816864,-0.026831967756152153,0.07701151072978973,0.30422651767730713,0.024189872667193413,-0.01753649115562439,0.3402500680851517,0.39945802979609535,55868,0.7297897043824619,0.013896448044466846,0.019416890780243,0.9496939892414957,0.0,0.0,0.3,0.0,-1.0,0.1,0.0,0.0,0.0,3.552492618560791,55868,nan,0.9971499443054199,nan,52000,nan,nan,0,nan,nan,nan,nan,0.033221952617168427
11.568945856997743,rising,0,0.01746940426528454,-0.04065350443124771,0.32993870973587036,-0.028752075508236885,0.07882768660783768,0.3025020360946655,0.024189872667193413,-0.01753649115562439,0.34620664277754254,0.39852557948068335,55737,0.7051867936855754,0.01636152139724637,0.021176139287989226,1.0850789840333164,0.0,0.0,0.3,0.0,-1.0,0.1,0.0,0.0,0.0,3.552492618560791,55737,nan,0.9950262308120728,nan,52000,nan,nan,0,nan,nan,nan,nan,0.033221952617168427
11.58873436099384,rising,0,0.016991376876831055,-0.039636146277189255,0.33485934138298035,-0.030079642310738564,0.08060487359762192,0.3012896776199341,0.024189872667193413,-0.01753649115562439,0.3522231271839701,0.4005238881736485,56017,0.757912616718956,0.01818445952588081,0.022211055253145595,0.7706409960519522,0.0,0.0,0.3,0.0,-1.0,0.1,0.0,0.0,0.0,3.552492618560791,56017,nan,0.9933440685272217,nan,52000,nan,nan,0,nan,nan,nan,nan,0.033221952617168427
11.609301122982288,rising,0,0.01623227447271347,-0.03803350403904915,0.3422049582004547,-0.03057495318353176,0.08118941634893417,0.29927337169647217,0.024189872667193413,-0.01753649115562439,0.35820192768005654,0.39984749285541044,55922,0.7400657745490875,0.020112154831776932,0.023256037021629705,1.1545800080057234,0.0,0.0,0.3,0.0,-1.0,0.1,0.0,0.0,0.0,3.552492618560791,55922,nan,0.9892588257789612,nan,52000,nan,nan,0,nan,nan,nan,nan,0.033221952617168427
11.629123332997551,rising,0,0.01574859209358692,-0.03700824826955795,0.3470340371131897,-0.03002822957932949,0.08194837719202042,0.2964073717594147,0.024189872667193413,-0.01753649115562439,0.3642244495800696,0.40278448204527356,56333,0.8175588930151321,0.021361203278198754,0.023295353202604785,1.1480350221972913,0.0,0.0,0.3,0.0,-1.0,0.1,0.0,0.0,0.0,3.552492618560791,56333,nan,0.9880046248435974,nan,52000,nan,nan,0,nan,nan,nan,nan,0.033221952617168427
11.649520966981072,rising,0,0.015270858071744442,-0.03598394617438316,0.3518742024898529,-0.028603073209524155,0.08163651078939438,0.29352667927742004,0.024189872667193413,-0.01753649115562439,0.3702618358773179,0.40572524912910435,56744,0.8951516920608,0.022062694176197016,0.02289488266461226,1.0958330240100622,0.0,0.0,0.3,0.0,-1.0,0.1,0.0,0.0,0.0,3.552492618560791,56744,nan,0.9896812438964844,nan,52000,nan,nan,0,nan,nan,nan,nan,0.033221952617168427
11.669208820007043,rising,0,0.014637108892202377,-0.03444938734173775,0.3591381311416626,-0.026375822722911835,0.08129525184631348,0.29083651304244995,0.024189872667193413,-0.01753649115562439,0.3762275260814931,0.4054557306372943,56707,0.8880403862082904,0.023423396707327564,0.022436563570648493,1.2066930066794157,0.0,0.0,0.3,0.0,-1.0,0.1,0.0,0.0,0.0,3.552492618560791,56707,nan,0.9933227896690369,nan,52000,nan,nan,0,nan,nan,nan,nan,0.033221952617168427
11.688860283989925,rising,0,0.014252683147788048,-0.03343702852725983,0.36394238471984863,-0.023753372952342033,0.08095835149288177,0.2901788651943207,0.024189872667193413,-0.01753649115562439,0.3822115951799787,0.4072582772351642,56959,0.9356009824581584,0.024148480181856228,0.021426742142463207,0.9527750080451369,0.0,0.0,0.3,0.0,-1.0,0.1,0.0,0.0,0.0,3.552492618560791,56959,nan,1.0021802186965942,nan,52000,nan,nan,0,nan,nan,nan,nan,0.033221952617168427
11.70949833097984,rising,0,0.013762496411800385,-0.0319688580930233,0.3711925446987152,-0.02062957175076008,0.0794767364859581,0.28980952501296997,0.024189872667193413,-0.01753649115562439,0.3882782932807458,0.40596245935384256,56778,0.9014105370407002,0.024942121643221384,0.02043894049535,1.3151080056559294,0.0,0.0,0.3,0.0,-1.0,0.1,0.0,0.0,0.0,3.5313782691955566,56778,nan,1.0039204359054565,nan,52000,nan,nan,0,nan,nan,nan,nan,0.033221952617168427
11.728884216980077,rising,0,0.013421445153653622,-0.030990567058324814,0.376046359539032,-0.017457230016589165,0.07848107069730759,0.29220595955848694,0.024189872667193413,-0.01753649115562439,0.3942056431842502,0.40610105208337016,56797,0.9050673372920865,0.02540647506379125,0.019205309648237412,0.9867740154732019,0.0,0.0,0.3,0.0,-1.0,0.1,0.0,0.0,0.0,3.5313782691955566,56797,nan,1.0225054025650024,nan,52000,nan,nan,0,nan,nan,nan,nan,0.033221952617168427
11.749101528985193,rising,0,0.013139576651155949,-0.030005011707544327,0.38100385665893555,-0.014196260832250118,0.07642549276351929,0.29528650641441345,0.024189872667193413,-0.01753649115562439,0.40022598167706747,0.4058790021792919,56766,0.8992085007728718,0.025378113625937632,0.01788650712800477,1.1417969944886863,0.0,0.0,0.3,0.0,-1.0,0.1,0.0,0.0,0.0,3.5313782691955566,56766,nan,1.025002121925354,nan,52000,nan,nan,0,nan,nan,nan,nan,0.033221952617168427
11.769492466992233,rising,0,0.012795845046639442,-0.028672553598880768,0.38841378688812256,-0.01093278732150793,0.07466994971036911,0.2986241579055786,0.024189872667193413,-0.01753649115562439,0.4062021505786106,0.4024153880912214,56282,0.8078202662591387,0.026048264147238723,0.016760005853339477,1.1683669872581959,0.0,0.0,0.3,0.0,-1.0,0.1,0.0,0.0,0.0,3.5313782691955566,56282,nan,1.0204417705535889,nan,52000,nan,nan,0,nan,nan,nan,nan,0.033221952617168427
11.78888787800679,rising,0,0.012616277672350407,-0.027800248935818672,0.3934347629547119,-0.007802761625498533,0.07311948388814926,0.3038894236087799,0.024189872667193413,-0.01753649115562439,0.41221099337853956,0.4010103408788482,56085,0.7707477804445411,0.0262358668500359,0.015436599840147336,0.97124301828444,0.0,0.0,0.3,0.0,-1.0,0.1,0.0,0.0,0.0,3.5313782691955566,56085,nan,1.0297926664352417,nan,52000,nan,nan,0,nan,nan,nan,nan,0.033221952617168427
11.812006747990381,rising,0,0.012392578646540642,-0.02652587555348873,0.40102672576904297,-0.004975402727723122,0.070673868060112,0.30895647406578064,0.024189872667193413,-0.01753649115562439,0.418532688479172,0.3968843188897507,55508,0.6618817649010715,0.026560262332320755,0.014397635022421307,1.140688982559368,0.0,0.0,0.3,0.0,-1.0,0.1,0.0,0.0,0.0,3.5313782691955566,55508,nan,1.028555154800415,53966.96496141813,52000,53966.96496141813,nan,0,nan,nan,nan,nan,0.033221952617168427
11.829046875005588,rising,0,0.012318014167249203,-0.025767674669623375,0.4061245620250702,-0.0024999494198709726,0.06888572871685028,0.3137378990650177,0.024189872667193413,-0.01753649115562439,0.424197618177277,0.395195345154069,55272,0.6173178140915301,0.026535808127400293,0.0132817546274977,1.1231029930058867,0.0,0.0,0.3,0.0,-1.0,0.1,0.0,0.0,0.0,3.5313782691955566,55272,nan,1.0291283130645752,53707.58854686357,52000,53963.506609224074,nan,0,nan,nan,nan,nan,0.033221952617168427
11.84889234500588,rising,0,0.012210896238684654,-0.025059949606657028,0.4112575054168701,-0.0005927042220719159,0.06651129573583603,0.318429559469223,0.024189872667193413,-0.01753649115562439,0.43021024218469395,0.39394024233247826,55096,0.5842016446564173,0.026133017203064608,0.012464475655747709,0.9204840171150863,0.0,0.0,0.3,0.0,-1.0,0.1,0.0,0.0,0.0,3.5313782691955566,55096,nan,1.0250036716461182,53752.00257723746,52000,53960.68655546425,nan,0,nan,nan,nan,nan,0.033221952617168427
11.868564300995786,rising,0,0.012039187364280224,-0.023977434262633324,0.4191167950630188,0.0006629442796111107,0.06459333002567291,0.3217999339103699,0.024189872667193413,-0.01753649115562439,0.4361815714801196,0.38989587023269934,54531,0.4774899797545977,0.026530834062880856,0.012125804565161102,0.7469689880963415,0.0,0.0,0.3,0.0,-1.0,0.1,0.0,0.0,0.0,3.5313782691955566,54531,nan,1.0134491920471191,53807.334820456046,52000,53958.64186566414,nan,0,nan,nan,nan,nan,0.033221952617168427
11.889628481003456,rising,0,0.011929415166378021,-0.023217815905809402,0.4245183765888214,0.0011604983592405915,0.06290489435195923,0.3252454400062561,0.024189872667193413,-0.01753649115562439,0.442209842876764,0.388955309937232,54399,0.4526730854150909,0.026507930067993523,0.012012165841360778,1.6210419998969883,0.0,0.0,0.3,0.0,-1.0,0.1,0.0,0.0,0.0,3.5313782691955566,54399,nan,1.0123237371444702,53736.762266828715,52000,53955.683471013006,nan,0,nan,nan,nan,nan,0.033221952617168427
11.908868772996357,rising,0,0.01189503911882639,-0.022640014067292213,0.42974916100502014,0.0010715937241911888,0.06012991815805435,0.32725396752357483,0.024189872667193413,-0.01753649115562439,0.44818739867769175,0.388876470094123,54388,0.45059287847290186,0.025680140777339835,0.012095690360542033,0.9786800073925406,0.0,0.0,0.3,0.0,-1.0,0.1,0.0,0.0,0.0,3.5472140312194824,54388,nan,1.0083417892456055,53938.06007057446,52000,53955.448492340496,nan,0,nan,nan,nan,nan,0.033221952617168427
11.928142074990319,rising,0,0.011800658889114857,-0.021733928471803665,0.4377163052558899,0.0009843423031270504,0.05763089656829834,0.3278445899486542,0.024189872667193413,-0.01753649115562439,0.4541659807815449,0.3860937330254795,53999,0.3771697368200382,0.025509402923667743,0.012325860650789888,0.4590250027831644,0.0,0.0,0.3,0.0,-1.0,0.1,0.0,0.0,0.0,3.5472140312194824,53999,nan,0.9945417046546936,54295.36011136761,52000,53959.98064726086,nan,0,nan,nan,nan,nan,0.033221952617168427
11.948711809003726,rising,0,0.011762742884457111,-0.021266210824251175,0.4429696202278137,0.0011440928792580962,0.0546187162399292,0.3263096213340759,0.024189872667193413,-0.01753649115562439,0.46020480288134424,0.38783187351197507,54242,0.42303096337665025,0.02432366010884938,0.012227338248893771,0.8465370046906173,0.0,0.0,0.3,0.0,-1.0,0.1,0.0,0.0,0.0,3.5472140312194824,54242,nan,0.9879639744758606,54902.811642273424,52000,53969.98064726086,nan,0,nan,nan,nan,nan,0.033221952617168427
11.96901965199504,rising,0,0.011727570556104183,-0.02056777849793434,0.45084020495414734,0.0015959528973326087,0.05033878982067108,0.3236404061317444,0.024189872667193413,-0.01753649115562439,0.4662357460794737,0.38685273146129356,54105,0.39719608077291646,0.02289414057603721,0.012061032550379158,0.9664280223660171,0.0,0.0,0.3,0.0,-1.0,0.1,0.0,0.0,0.0,3.5472140312194824,54105,nan,0.9895320534706116,54677.35967747191,52000,53979.41236766368,nan,0,nan,nan,nan,nan,0.033221952617168427
11.989338572981069,rising,0,0.011700274422764778,-0.020125936716794968,0.4561377763748169,0.0025619184598326683,0.046340759843587875,0.3213307857513428,0.024189872667193413,-0.01753649115562439,0.47221135878062337,0.38883859619066713,54383,0.44959356703607156,0.021174688896650314,0.01153063250735209,1.3165530108381063,0.0,0.0,0.3,0.0,-1.0,0.1,0.0,0.0,0.0,3.5472140312194824,54383,nan,0.9938138723373413,54721.51427318794,52000,53989.30705973734,nan,0,nan,nan,nan,nan,0.033221952617168427
12.008727085980354,rising,0,0.011668738909065723,-0.01976925879716873,0.4613555669784546,0.0036889943294227123,0.041326358914375305,0.31823015213012695,0.024189872667193413,-0.01753649115562439,0.47817337128508364,0.39129894203862126,54727,0.5145103440269452,0.01884247393591961,0.010914262644893924,0.9024610044434667,0.0,0.0,0.3,0.0,-1.0,0.1,0.0,0.0,0.0,3.5472140312194824,54727,nan,0.9822635054588318,55715.19220235725,52000,53999.30705973734,nan,0,nan,nan,nan,nan,0.033221952617168427
12.029298704990651,rising,0,0.01166988629847765,-0.019365111365914345,0.46901407837867737,0.005093500018119812,0.03706322982907295,0.314666211605072,0.024189872667193413,-0.01753649115562439,0.48423601758258883,0.39107074520472485,54695,0.5084893193858786,0.017086091758042037,0.010201130571187988,1.2122920015826821,0.0,0.0,0.3,0.0,-1.0,0.1,0.0,0.0,0.0,3.5472140312194824,54695,nan,0.9865608811378479,55440.06563175061,52000,54009.30705973734,nan,0,nan,nan,nan,nan,0.033221952617168427
12.049387596984161,rising,0,0.01166109461337328,-0.019176896661520004,0.47406214475631714,0.006674529053270817,0.03298454359173775,0.3117799758911133,0.024189872667193413,-0.01753649115562439,0.490256172476802,0.39371353814644505,55064,0.5782200038639846,0.015090238120320953,0.009338411032769667,1.071008009603247,0.0,0.0,0.3,0.0,-1.0,0.1,0.0,0.0,0.0,3.5472140312194824,55064,nan,0.9875211715698242,55759.8171920374,52000,54019.30705973734,nan,0,nan,nan,nan,nan,0.033221952617168427
12.069326324999565,rising,0,0.011691318824887276,-0.018987266346812248,0.48155397176742554,0.008210938423871994,0.028330866247415543,0.30751895904541016,0.024189872667193413,-0.01753649115562439,0.496268910181243,0.3939803268694775,55102,0.585259284155077,0.012909754024883039,0.008521426716737501,1.1294659925624728,0.0,0.0,0.3,0.0,-1.0,0.1,0.0,0.0,0.0,3.5472140312194824,55102,nan,0.9815849661827087,56135.74157954606,52000,54029.30705973734,nan,0,nan,nan,nan,nan,0.033221952617168427
12.08952282599057,rising,0,0.011777363717556,-0.018909182399511337,0.48647210001945496,0.009879340417683125,0.024590160697698593,0.3042929768562317,0.024189872667193413,-0.01753649115562439,0.5022247882850933,0.396878677341703,55507,0.6617329113905797,0.011008824771859639,0.007531681411866664,1.4538200048264116,0.0,0.0,0.3,0.0,-1.0,0.1,0.0,0.0,0.0,3.5472140312194824,55507,nan,0.9769606590270996,56816.003272103415,52000,54039.30705973734,nan,0,nan,nan,nan,nan,0.033221952617168427
12.10926104898681,rising,0,0.011884789913892746,-0.018924668431282043,0.49376600980758667,0.011343718506395817,0.020145341753959656,0.29874488711357117,0.024189872667193413,-0.01753649115562439,0.5082493972789962,0.398054792238734,55672,0.6927649667212137,0.008727237507685597,0.006665687990956792,0.8556560205761343,0.0,0.0,0.3,0.0,-1.0,0.1,0.0,0.0,0.0,3.541935443878174,55672,nan,0.984046459197998,56574.56462510206,52000,54049.30705973734,nan,0,nan,nan,nan,nan,0.033221952617168427
12.128856192983221,rising,0,0.011990520171821117,-0.019023891538381577,0.4985966980457306,0.012995049357414246,0.016507649794220924,0.2948572337627411,0.024189872667193413,-0.01753649115562439,0.5142233485821635,0.401419300294834,56142,0.7815382663544579,0.006742660354037637,0.005681698403678048,0.8745559898670763,0.0,0.0,0.3,0.0,-1.0,0.1,0.0,0.0,0.0,3.541935443878174,56142,nan,0.9846574664115906,57016.78189126982,52000,54059.30705973734,nan,0,nan,nan,nan,nan,0.033221952617168427
12.148860982008046,rising,0,0.012080970220267773,-0.019140904769301414,0.503431499004364,0.014368446543812752,0.012430086731910706,0.2913748025894165,0.024189872667193413,-0.01753649115562439,0.5202219484781381,0.40460865904554005,56588,0.8656902122833774,0.004558182588948661,0.0048686042873011814,0.8930609910748899,0.0,0.0,0.3,0.0,-1.0,0.1,0.0,0.0,0.0,3.541935443878174,56588,nan,0.9828528761863708,57575.24993930999,52000,54069.30705973734,nan,0,nan,nan,nan,nan,0.033221952617168427
12.16877034099889,rising,0,0.012294384650886059,-0.019398273900151253,0.5104506611824036,0.015788163989782333,0.008797266520559788,0.28825604915618896,0.024189872667193413,-0.01753649115562439,0.5262106585840228,0.4048754075104747,56626,0.8727284303555312,0.002506324610281959,0.003953232396503692,0.8369449933525175,0.0,0.0,0.3,0.0,-1.0,0.1,0.0,0.0,0.0,3.541935443878174,56626,nan,0.994426965713501,56943.3472264812,52000,54079.30705973734,nan,0,nan,nan,nan,nan,0.033221952617168427
12.189167639997322,rising,0,0.012451809830963612,-0.019688313826918602,0.5151919722557068,0.01708415150642395,0.005416437983512878,0.2880360782146454,0.024189872667193413,-0.01753649115562439,0.5321975296828896,0.406539978604517,56858,0.9166485119925323,0.0005474483479861124,0.0031445786573618406,1.1869770241901278,0.0,0.0,0.3,0.0,-1.0,0.1,0.0,0.0,0.0,3.541935443878174,56858,nan,1.0024327039718628,56720.0169893858,52000,54089.30705973734,nan,0,nan,nan,nan,nan,0.033221952617168427
12.209777874988504,rising,0,0.012625002302229404,-0.020006628707051277,0.5198980569839478,0.01809164322912693,0.0012302231043577194,0.28735581040382385,0.024189872667193413,-0.01753649115562439,0.5382316456845728,0.40853999710821387,57138,0.9694194487655352,-0.0018162556170145,0.0024663938142359676,1.613247994100675,0.0,0.0,0.3,0.0,-1.0,0.1,0.0,0.0,0.0,3.541935443878174,57138,nan,0.9965128898620605,57337.94372485153,52000,54099.30705973734,nan,0,nan,nan,nan,nan,0.033221952617168427
12.228713074990083,rising,0,0.012895067222416401,-0.020550522953271866,0.5269036889076233,0.019435131922364235,-0.0022591857705265284,0.286083847284317,0.024189872667193413,-0.01753649115562439,0.5441980279807467,0.4078788557367481,57046,0.9519750854023226,-0.004063599753048798,0.0015467731071003854,0.8268420060630888,0.0,0.0,0.3,0.0,-1.0,0.1,0.0,0.0,0.0,3.541935443878174,57046,nan,0.9957670569419861,57288.498953951166,52000,54109.30705973734,nan,0,nan,nan,nan,nan,0.033221952617168427
12.249093185004313,rising,0,0.01301845908164978,-0.020934725180268288,0.5315646529197693,0.020843833684921265,-0.005993489176034927,0.2858979105949402,0.024189872667193413,-0.01753649115562439,0.5502199945796746,0.4096773174965902,57297,0.999427902284701,-0.006243959922216319,0.0007317923428693529,1.07589500839822,0.0,0.0,0.3,0.0,-1.0,0.1,0.0,0.0,0.0,3.541935443878174,57297,nan,1.0080779790878296,56837.86491581318,52000,54119.30705973734,nan,0,nan,nan,nan,nan,0.033221952617168427
12.269506951008225,rising,0,0.013285699300467968,-0.021580668166279793,0.5386046767234802,0.02243109606206417,-0.008521019481122494,0.28680092096328735,0.024189872667193413,-0.01753649115562439,0.5562975373788503,0.40802815674075626,57067,0.9559144258774719,-0.008141378229480151,-0.0003052482177987592,1.1810470023192465,0.0,0.0,0.3,0.0,-1.0,0.1,0.0,0.0,0.0,3.541935443878174,57067,nan,1.0154714584350586,56197.54206380735,52000,54129.30705973734,nan,0,nan,nan,nan,nan,0.033221952617168427
12.2889615019958,rising,0,0.013500729575753212,-0.02202492579817772,0.54338538646698,0.02372949756681919,-0.010153432376682758,0.2896610498428345,0.024189872667193413,-0.01753649115562439,0.562228136282647,0.4080401215833079,57068,0.9562301209316058,-0.009376820412745512,-0.001152441527202841,0.941309001063928,0.0,0.0,0.3,0.0,-1.0,0.1,0.0,0.0,0.0,3.541935443878174,57068,nan,1.0174241065979004,56090.67018357374,52000,54139.30705973734,nan,0,nan,nan,nan,nan,0.033221952617168427
12.309529994003242,rising,0,0.013674825429916382,-0.022489143535494804,0.5482061505317688,0.02372988685965538,-0.011187449097633362,0.2923579514026642,0.024189872667193413,-0.01753649115562439,0.5682590329786762,0.4082082829790696,57092,0.960667097073074,-0.010334502582378079,-0.0013227527637076353,1.2801220000255853,0.0,0.0,0.3,0.0,-1.0,0.1,0.0,0.0,0.0,3.5102639198303223,57092,nan,1.0160807371139526,56188.44833350795,52000,54149.30705973734,nan,0,nan,nan,nan,nan,0.033221952617168427
12.328770777006866,rising,0,0.013856611214578152,-0.023132767528295517,0.5555227994918823,0.022666331380605698,-0.010406244546175003,0.29537975788116455,0.024189872667193413,-0.01753649115562439,0.57419387238333,0.4049711994201435,56639,0.8752559213758158,-0.010667038775958647,-0.0009876301343625382,0.9117489971686155,0.0,0.0,0.3,0.0,-1.0,0.1,0.0,0.0,0.0,3.5102639198303223,56639,nan,1.0238479375839233,55319.73833307388,52000,54159.30705973734,nan,0,nan,nan,nan,nan,0.033221952617168427
12.349362364999251,rising,0,0.01396788191050291,-0.023609692230820656,0.5605390667915344,0.020361391827464104,-0.008522317744791508,0.30044740438461304,0.024189872667193413,-0.01753649115562439,0.5802110092772637,0.40368639155291997,56459,0.8413559776496022,-0.010240167403843368,4.0917745887991686e-05,1.2968910159543157,0.0,0.0,0.3,0.0,-1.0,0.1,0.0,0.0,0.0,3.5102639198303223,56459,nan,1.0316511392593384,54726.83337560608,52000,54166.87407728226,nan,0,nan,nan,nan,nan,0.033221952617168427
12.369323521998012,rising,0,0.014050240628421307,-0.02420836128294468,0.5680684447288513,0.01657097227871418,-0.006563934031873941,0.30564674735069275,0.024189872667193413,-0.01753649115562439,0.5862118861783528,0.3991754743626184,55828,0.722334415900221,-0.009974580123718862,0.0018579768400370789,1.1926779989153147,0.0,0.0,0.3,0.0,-1.0,0.1,0.0,0.0,0.0,3.5102639198303223,55828,nan,1.0290892124176025,54249.9127639724,52000,54167.98125977146,nan,0,nan,nan,nan,nan,0.033221952617168427
12.388530714000808,rising,0,0.014025330543518066,-0.024534115567803383,0.5732323527336121,0.012561864219605923,-0.0037068231031298637,0.31155067682266235,0.024189872667193413,-0.01753649115562439,0.5922099670773605,0.39726449327658087,55561,0.6719127513609706,-0.00891216905052098,0.003910361964839737,0.6450419896282256,0.0,0.0,0.3,0.0,-1.0,0.1,0.0,0.0,0.0,3.5102639198303223,55561,nan,1.025814414024353,54162.81857653929,52000,54167.91242399503,nan,0,nan,nan,nan,nan,0.033221952617168427
12.409557854989544,rising,0,0.013907467015087605,-0.02487676590681076,0.5784505605697632,0.00787882599979639,-0.0014078542590141296,0.3164788484573364,0.024189872667193413,-0.01753649115562439,0.5982953014841769,0.3958867091028047,55368,0.6355596069341605,-0.008128038128375235,0.006408940668257923,1.2174369767308235,0.0,0.0,0.3,0.0,-1.0,0.1,0.0,0.0,0.0,3.5102639198303223,55368,nan,1.0236207246780396,54090.34681025529,52000,54166.878215811834,nan,0,nan,nan,nan,nan,0.033221952617168427
12.429156363999937,rising,0,0.013680724427103996,-0.025340057909488678,0.5863552689552307,0.0038019174244254827,0.0018422309076413512,0.3211875855922699,0.024189872667193413,-0.01753649115562439,0.6042145246785366,0.39105412721277305,54693,0.50805084994124,-0.007040227418117331,0.008805226862370175,1.1259160237386823,0.0,0.0,0.3,0.0,-1.0,0.1,0.0,0.0,0.0,3.5102639198303223,54693,nan,1.0183755159378052,53706.12229383198,52000,54160.73480351877,nan,0,nan,nan,nan,nan,0.033221952617168427
12.48473072599154,rising,0,0.013458753004670143,-0.025635041296482086,0.5916581153869629,0.0038019174244254827,0.0018422309076413512,0.3211875855922699,0.024189872667193413,-0.01753649115562439,0.6108518599794479,0.39272376611071785,54926,0.5521046467207871,-0.0073107762211428425,0.008993884005641384,1.125487993704155,0.0,0.0,0.3,0.0,-1.0,0.1,0.0,0.0,0.0,3.5102639198303223,54926,nan,1.0183755159378052,53934.91805370002,52000,54157.723913521186,nan,0,nan,nan,nan,nan,0.033221952617168427
12.490235521981958,rising,0,0.013322761282324791,-0.02570868656039238,0.5943108797073364,-0.0010066247778013349,0.0036806475836783648,0.323237806558609,0.024189872667193413,-0.01753649115562439,0.6219988387776538,0.4023237271366444,56269,0.8054017714154185,-0.006295744103135264,0.011304991682900445,0.9042129968293011,0.0,0.0,0.3,0.0,-1.0,0.1,0.0,0.0,0.0,3.5102639198303223,56269,nan,1.0079070329666138,55827.569566987906,52000,54167.723913521186,nan,0,nan,nan,nan,nan,0.033221952617168427
12.494253354991088,rising,0,0.013152758590877056,-0.0258148405700922,0.5969886183738708,-0.004958556964993477,0.006403499282896519,0.3246563971042633,0.024189872667193413,-0.01753649115562439,0.6237206974794389,0.4004275509255286,56004,0.7553707368213338,-0.005071663355165198,0.013502370894260762,1.3000840262975544,0.0,0.0,0.3,0.0,-1.0,0.1,0.0,0.0,0.0,3.5102639198303223,56004,nan,1.000165343284607,55994.74164549562,52000,54177.723913521186,nan,0,nan,nan,nan,nan,0.033221952617168427
12.509913393994793,rising,0,0.011946983635425568,-0.02635456621646881,0.6130660772323608,-0.012242313474416733,0.010847850702702999,0.3154999017715454,0.024189872667193413,-0.01753649115562439,0.6283200619771377,0.3906879507909507,54641,0.4983892029274575,-0.0034756706703174254,0.01880286082066851,0.915821990929544,0.0,0.0,0.3,0.0,-1.0,0.1,0.0,0.0,0.0,3.541935443878174,54641,nan,0.9922962784767151,55065.20702050802,52000,54187.723913521186,nan,0,nan,nan,nan,nan,0.033221952617168427
12.529128884983948,rising,0,0.011436451226472855,-0.026501640677452087,0.6184190511703491,-0.017481420189142227,0.009386863559484482,0.3094698190689087,0.024189872667193413,-0.01753649115562439,0.6341898430837318,0.3943750113970897,55157,0.5956731239337643,-0.004333688967050548,0.021802430546239426,0.907902984181419,0.0,0.0,0.3,0.0,-1.0,0.1,0.0,0.0,0.0,3.541935443878174,55157,nan,0.999837338924408,55165.97335656226,52000,54197.723913521186,nan,0,nan,nan,nan,nan,0.033221952617168427
12.54860712599475,rising,0,0.0108727365732193,-0.026644213125109673,0.623687207698822,-0.020463529974222183,0.011021583341062069,0.3107643127441406,0.024189872667193413,-0.01753649115562439,0.6402078736806288,0.394682719676199,55200,0.6037920758891548,-0.0036464359090508233,0.02386842497072239,0.7183870184235275,0.0,0.0,0.3,0.0,-1.0,0.1,0.0,0.0,0.0,3.541935443878174,55200,nan,1.0024334192276,55066.001333567845,52000,54207.723913521186,nan,0,nan,nan,nan,nan,0.033221952617168427
12.569064846989932,rising,0,0.009979397989809513,-0.026766721159219742,0.6317171454429626,-0.02331889607012272,0.012188494205474854,0.3127613663673401,0.024189872667193413,-0.01753649115562439,0.6461997067788615,0.3911604298566521,54707,0.5108556690409518,-0.0032079790957680997,0.026457626250073307,1.1620320146903396,0.0,0.0,0.3,0.0,-1.0,0.1,0.0,0.0,0.0,3.541935443878174,54707,nan,0.9993721842765808,54741.367491232464,52000,54214.83916122401,nan,0,nan,nan,nan,nan,0.033221952617168427
12.588908890000312,rising,0,0.009374193847179413,-0.026814686134457588,0.6370028257369995,-0.0252890232950449,0.014097997918725014,0.31403425335884094,0.024189872667193413,-0.01753649115562439,0.6522349810809828,0.391477209468159,54752,0.5192139701361196,-0.0022786265805135814,0.028061704843151958,0.86302898125723,0.0,0.0,0.3,0.0,-1.0,0.1,0.0,0.0,0.0,3.541935443878174,54752,nan,1.007332682609558,54353.44345044135,52000,54216.68721841357,nan,0,nan,nan,nan,nan,0.033221952617168427
12.60855597499176,rising,0,0.008692444302141666,-0.026834554970264435,0.6423467993736267,-0.027088886126875877,0.015759505331516266,0.31651583313941956,0.024189872667193413,-0.01753649115562439,0.6582048841781215,0.39103669191504775,54690,0.5075908157004676,-0.0014514626875906838,0.02971193802826866,0.6944240012671798,0.0,0.0,0.3,0.0,-1.0,0.1,0.0,0.0,0.0,3.541935443878174,54690,nan,1.0034829378128052,54500.17926483385,52000,54220.46711236584,nan,0,nan,nan,nan,nan,0.033221952617168427
12.62866502799443,rising,0,0.007691867649555206,-0.026832135394215584,0.6502730250358582,-0.027962062507867813,0.01843252219259739,0.31774070858955383,0.024189872667193413,-0.01753649115562439,0.6641983273788356,0.3880268495185781,54269,0.4281754490389975,-8.187305024766954e-05,0.031424684434695926,0.7695120002608746,0.0,0.0,0.3,0.0,-1.0,0.1,0.0,0.0,0.0,3.541935443878174,54269,nan,1.0042741298675537,54038.034423088386,52000,54218.0346765088,nan,0,nan,nan,nan,nan,0.033221952617168427
12.648843308998039,rising,0,0.007024906110018492,-0.026796290650963783,0.6555328369140625,-0.028424996882677078,0.021266665309667587,0.31956201791763306,0.024189872667193413,-0.01753649115562439,0.6702122194808907,0.3880706235635482,54275,0.4293304370329327,0.0014164973709328262,0.03234765616208768,0.9176259918604046,0.0,0.0,0.3,0.0,-1.0,0.1,0.0,0.0,0.0,3.541935443878174,54275,nan,1.0071667432785034,53888.79285601251,52000,54213.64478556885,nan,0,nan,nan,nan,nan,0.033221952617168427
12.669651592994342,rising,0,0.006000966299325228,-0.026634426787495613,0.6634586453437805,-0.0289083793759346,0.02374180220067501,0.3212885558605194,0.024189872667193413,-0.01753649115562439,0.6764564833807526,0.38512502706738927,53863,0.3516102128598746,0.0028817284932185746,0.033910393488223445,0.8773500157985836,0.0,0.0,0.3,0.0,-1.0,0.1,0.0,0.0,0.0,3.541935443878174,53863,nan,1.0052661895751953,53580.833174904044,52000,54205.207297426656,nan,0,nan,nan,nan,nan,0.033221952617168427
12.689130062004551,rising,0,0.005361990537494421,-0.026555299758911133,0.6687192916870117,-0.02878037840127945,0.027119457721710205,0.32251694798469543,0.024189872667193413,-0.01753649115562439,0.6822797476837877,0.3852246015472289,53877,0.35423750784244845,0.0047179133366820475,0.03449900278010931,0.892766984179616,0.0,0.0,0.3,0.0,-1.0,0.1,0.0,0.0,0.0,3.541935443878174,53877,nan,1.0040900707244873,53657.536879262036,52000,54197.90502518446,nan,0,nan,nan,nan,nan,0.033221952617168427
12.709393083001487,rising,0,0.0043218983337283134,-0.026321077719330788,0.6765600442886353,-0.028577635064721107,0.029830684885382652,0.32321715354919434,0.024189872667193413,-0.01753649115562439,0.6883606168848928,0.38269296883133264,53523,0.2874398108531029,0.006412146843787076,0.03570909825049129,0.9290850139223039,0.0,0.0,0.3,0.0,-1.0,0.1,0.0,0.0,0.0,3.5313782691955566,53523,nan,0.9988715648651123,53583.46546507984,52000,54189.7124977164,nan,0,nan,nan,nan,nan,0.033221952617168427
12.729241902998183,rising,0,0.003679809859022498,-0.026133956387639046,0.6817779541015625,-0.027616389095783234,0.03308594599366188,0.3234511613845825,0.024189872667193413,-0.01753649115562439,0.6942598429799546,0.3834347643479553,53627,0.30701225192494164,0.008294183474602469,0.03580853459220723,1.0519520146772265,0.0,0.0,0.3,0.0,-1.0,0.1,0.0,0.0,0.0,3.5313782691955566,53627,nan,1.0061126947402954,53301.186119953054,52000,54179.7124977164,nan,0,nan,nan,nan,nan,0.033221952617168427
12.748865114001092,rising,0,0.003069702535867691,-0.02582910843193531,0.686955451965332,-0.026255832985043526,0.036261942237615585,0.32349538803100586,0.024189872667193413,-0.01753649115562439,0.7002227557793959,0.3843997775018008,53762,0.3324743404169066,0.01024431360325899,0.035645536060480154,0.8463140111416578,0.0,0.0,0.3,0.0,-1.0,0.1,0.0,0.0,0.0,3.5313782691955566,53762,nan,0.9910052418708801,54249.96531653538,52000,54180.649201967324,nan,0,nan,nan,nan,nan,0.033221952617168427
12.768819076998625,rising,0,0.0021600215695798397,-0.025378836318850517,0.6946762204170227,-0.024726860225200653,0.038593221455812454,0.3207409381866455,0.024189872667193413,-0.01753649115562439,0.7061960218794411,0.38360243485027473,53650,0.3114362757328415,0.011951865461058211,0.035871157281957,0.9001480066217482,0.0,0.0,0.3,0.0,-1.0,0.1,0.0,0.0,0.0,3.5313782691955566,53650,nan,0.98353111743927,54548.350376227645,52000,54185.5518842908,nan,0,nan,nan,nan,nan,0.033221952617168427
12.78922740300186,rising,0,0.0016241497360169888,-0.025090312585234642,0.6997745037078857,-0.022443903610110283,0.04153526946902275,0.31777000427246094,0.024189872667193413,-0.01753649115562439,0.712216134776827,0.38623875437098004,54019,0.38099615754564553,0.013693419764386938,0.034998635552469626,1.1873710027430207,0.0,0.0,0.3,0.0,-1.0,0.1,0.0,0.0,0.0,3.5313782691955566,54019,nan,0.9800419211387634,55119.07076100624,52000,54195.5518842908,nan,0,nan,nan,nan,nan,0.033221952617168427
12.81050629998208,rising,0,0.0009332033805549145,-0.024613013491034508,0.707316517829895,-0.020074959844350815,0.04351487010717392,0.31362059712409973,0.024189872667193413,-0.01753649115562439,0.7184995576797519,0.38674148245797585,54089,0.3942607508700746,0.01519380848136298,0.03444236970697179,1.1792589793913066,0.0,0.0,0.3,0.0,-1.0,0.1,0.0,0.0,0.0,3.5313782691955566,54089,nan,0.9805797934532166,55160.22292231803,52000,54205.5518842908,nan,0,nan,nan,nan,nan,0.033221952617168427
12.829120554990368,rising,0,0.0004791197134181857,-0.024215837940573692,0.7123079299926758,-0.016814712435007095,0.045958153903484344,0.3104186952114105,0.024189872667193413,-0.01753649115562439,0.7242389215767616,0.3892700856118145,54443,0.46097851218507735,0.016758932685943098,0.033009413117667474,1.0266789759043604,0.0,0.0,0.3,0.0,-1.0,0.1,0.0,0.0,0.0,3.5313782691955566,54443,nan,0.9846753478050232,55290.30468911498,52000,54215.5518842908,nan,0,nan,nan,nan,nan,0.033221952617168427
12.848971425002674,rising,0,6.927608046680689e-05,-0.023804543539881706,0.7172411680221558,-0.013025985099375248,0.04787522926926613,0.3075339198112488,0.024189872667193413,-0.01753649115562439,0.7302602920826757,0.3920612190777569,54833,0.5346231946637676,0.018037139283816638,0.03125897386837595,0.7939029892440885,0.0,0.0,0.3,0.0,-1.0,0.1,0.0,0.0,0.0,3.5313782691955566,54833,nan,0.986273467540741,55596.14225122097,52000,54225.5518842908,nan,0,nan,nan,nan,nan,0.033221952617168427
12.869846775982296,rising,0,-0.00040133451693691313,-0.02323673851788044,0.7245275378227234,-0.009113903157413006,0.048548612743616104,0.3044024109840393,0.024189872667193413,-0.01753649115562439,0.7363891741784755,0.39216860902461714,54848,0.5374567024964936,0.018954485840128536,0.02973461286352408,0.8882760012056679,0.0,0.0,0.3,0.0,-1.0,0.1,0.0,0.0,0.0,3.5313782691955566,54848,nan,0.9864064455032349,55603.85401984899,52000,54235.5518842908,nan,0,nan,nan,nan,nan,0.033221952617168427
12.889009935985086,rising,0,-0.000658783596009016,-0.02282780595123768,0.7293012738227844,-0.004401610232889652,0.04921012744307518,0.301644504070282,0.024189872667193413,-0.01753649115562439,0.7422571714851074,0.3948954782579047,55230,0.6094057587837636,0.019572000370371594,0.027402539053445585,0.8822919917292893,0.0,0.0,0.3,0.0,-1.0,0.1,0.0,0.0,0.0,3.5313782691955566,55230,nan,0.9890859127044678,55839.43648432323,52000,54245.5518842908,nan,0,nan,nan,nan,nan,0.033221952617168427
12.910327358986251,rising,0,-0.0009213096345774829,-0.02229214273393154,0.7364304065704346,0.00036100574652664363,0.048181112855672836,0.2986406683921814,0.024189872667193413,-0.01753649115562439,0.7485073561780154,0.39527635863669786,55283,0.6194553729999424,0.019573440784927586,0.025231283681640404,1.3390400272328407,0.0,0.0,0.3,0.0,-1.0,0.1,0.0,0.0,0.0,3.5313782691955566,55283,nan,0.9931384921073914,55664.94546263349,52000,54255.5518842908,nan,0,nan,nan,nan,nan,0.033221952617168427
12.92878234598902,rising,0,-0.0010233360808342695,-0.02196808159351349,0.7411181330680847,0.005761669483035803,0.04726637527346611,0.2971756160259247,0.024189872667193413,-0.01753649115562439,0.7542037171835545,0.3972429019151276,55558,0.671343058446638,0.019340963815336235,0.022489269418897617,0.8548590121790767,0.0,0.0,0.3,0.0,-1.0,0.1,0.0,0.0,0.0,3.5313782691955566,55558,nan,0.9950861930847168,55832.34938450207,52000,54265.5518842908,nan,0,nan,nan,nan,nan,0.033221952617168427
12.949000859982334,rising,0,-0.0010932453442364931,-0.02165401726961136,0.7457181215286255,0.01134552713483572,0.04550376906991005,0.29534339904785156,0.024189872667193413,-0.01753649115562439,0.7602087082806974,0.3998869631608524,55928,0.7411072074103533,0.0186442931141967,0.019617155938360886,1.0318200220353901,0.0,0.0,0.3,0.0,-1.0,0.1,0.0,0.0,0.0,3.5313782691955566,55928,nan,0.9914892315864563,56408.07607210323,52000,54275.5518842908,nan,0,nan,nan,nan,nan,0.033221952617168427
12.970655721001094,rising,0,-0.0009837714023888111,-0.021193983033299446,0.7526415586471558,0.01668170653283596,0.0424182303249836,0.29262691736221313,0.024189872667193413,-0.01753649115562439,0.7664417128835339,0.4003539274620026,55993,0.7534281652243422,0.0175394867864433,0.016818702905734506,1.3071660068817437,0.0,0.0,0.3,0.0,-1.0,0.1,0.0,0.0,0.0,3.5313782691955566,55993,nan,0.9948887228965759,56280.666079899645,52000,54285.5518842908,nan,0,nan,nan,nan,nan,0.033221952617168427
12.988739435008029,rising,0,-0.0008316505700349808,-0.020983189344406128,0.7572904229164124,0.02223590388894081,0.03971054404973984,0.2906854450702667,0.024189872667193413,-0.01753649115562439,0.7721955886838259,0.4026796396696199,56318,0.8147926034200488,0.01630165939330228,0.013811488803799232,0.8547200122848153,0.0,0.0,0.3,0.0,-1.0,0.1,0.0,0.0,0.0,3.5313782691955566,56318,nan,0.9946157336235046,56622.87262923818,52000,54295.5518842908,nan,0,nan,nan,nan,nan,0.033221952617168427
13.010224622994429,rising,0,-0.0005732394056394696,-0.020693646743893623,0.7641462683677673,0.027022549882531166,0.035939570516347885,0.28804394602775574,0.024189872667193413,-0.01753649115562439,0.7785236743831774,0.40331742469043147,56408,0.8316207042330195,0.014692234071879305,0.01115951852026087,1.159637002274394,0.0,0.0,0.3,0.0,-1.0,0.1,0.0,0.0,0.0,3.5313782691955566,56408,nan,1.0028820037841797,56245.89910593211,52000,54305.5518842908,nan,0,nan,nan,nan,nan,0.033221952617168427
13.029110714996932,rising,0,-0.0002990788489114493,-0.020550796762108803,0.7687636017799377,0.03172873705625534,0.03303193300962448,0.2872333526611328,0.024189872667193413,-0.01753649115562439,0.7842007591767469,0.405029471781749,56647,0.876793450705776,0.013334882310651774,0.008517589829251992,1.0591169993858784,0.0,0.0,0.3,0.0,-1.0,0.1,0.0,0.0,0.0,3.5313782691955566,56647,nan,1.0025365352630615,56503.676432237015,52000,54315.5518842908,nan,0,nan,nan,nan,nan,0.033221952617168427
13.048978520004312,rising,0,1.5907047782093287e-05,-0.020489510148763657,0.7733519077301025,0.03591707721352577,0.03028854914009571,0.28722161054611206,0.024189872667193413,-0.01753649115562439,0.7902352858829544,0.40682924205133797,56899,0.92428079291129,0.011987117876132984,0.0061111297391209796,0.9287519787903875,0.0,0.0,0.3,0.0,-1.0,0.1,0.0,0.0,0.0,3.5313782691955566,56899,nan,1.0099234580993652,56339.91323172312,52000,54325.5518842908,nan,0,nan,nan,nan,nan,0.033221952617168427
13.069821396988118,rising,0,0.0005691478727385402,-0.02050551399588585,0.7803477644920349,0.03926527500152588,0.026795249432325363,0.28735998272895813,0.024189872667193413,-0.01753649115562439,0.7962482146773254,0.40551916489925793,56716,0.8897141134368827,0.010286928363539016,0.003933819089017465,1.157502003479749,0.0,0.0,0.3,0.0,-1.0,0.1,0.0,0.0,0.0,3.5313782691955566,56716,nan,1.0141290426254272,55925.82168159865,52000,54335.5518842908,nan,0,nan,nan,nan,nan,0.033221952617168427
13.089127405983163,rising,0,0.0010054814629256725,-0.020505966618657112,0.7849933505058289,0.042713433504104614,0.02405715174973011,0.2879623472690582,0.024189872667193413,-0.01753649115562439,0.8022315754787996,0.4068824005334725,56906,0.9256833913844975,0.008905998176102584,0.0017967603742157223,1.0699709819164127,0.0,0.0,0.3,0.0,-1.0,0.1,0.0,0.0,0.0,3.5313782691955566,56906,nan,1.0106357336044312,56307.13234039808,52000,54345.5518842908,nan,0,nan,nan,nan,nan,0.033221952617168427
13.110187616985058,rising,0,0.0016567034181207418,-0.020604195073246956,0.7921186089515686,0.04565512761473656,0.02033136785030365,0.28964963555336,0.024189872667193413,-0.01753649115562439,0.8084618638822576,0.40491322213128295,56631,0.8737261776064091,0.007011910784182458,-0.00029082237512123577,1.3461679918691516,0.0,0.0,0.3,0.0,-1.0,0.1,0.0,0.0,0.0,3.5049853324890137,56631,nan,1.0168051719665527,55695.035353206134,52000,54355.5518842908,nan,0,nan,nan,nan,nan,0.033221952617168427
13.128890424006386,rising,0,0.0021579982712864876,-0.020802928134799004,0.7969114780426025,0.04856614023447037,0.017280712723731995,0.2925053536891937,0.024189872667193413,-0.01753649115562439,0.8142158983799164,0.40468355943492706,56599,0.8676664758555948,0.00531176306239481,-0.002225143598305168,0.8549269987270236,0.0,0.0,0.3,0.0,-1.0,0.1,0.0,0.0,0.0,3.5049853324890137,56599,nan,1.0128052234649658,55883.40056774779,52000,54365.5518842908,nan,0,nan,nan,nan,nan,0.033221952617168427
13.148882804001914,rising,0,0.002696189796552062,-0.021042289212346077,0.8017386198043823,0.0504547581076622,0.013143951073288918,0.2948755919933319,0.024189872667193413,-0.01753649115562439,0.8202047368773492,0.4049484617095213,56636,0.8746559817815633,0.0030287340842186515,-0.0036880788549575882,0.9770239994395524,0.0,0.0,0.3,0.0,-1.0,0.1,0.0,0.0,0.0,3.5049853324890137,56636,nan,1.0075825452804565,56209.78674678768,52000,54375.5518842908,nan,0,nan,nan,nan,nan,0.033221952617168427
13.169105654000305,rising,0,0.003507447661831975,-0.02138499543070793,0.8090445399284363,0.052372049540281296,0.009570722468197346,0.29650962352752686,0.024189872667193413,-0.01753649115562439,0.8262545752775623,0.40256292624707696,56302,0.81171309359042,0.0009309064913701214,-0.005468588225409299,0.9909709915518761,0.0,0.0,0.3,0.0,-1.0,0.1,0.0,0.0,0.0,3.5049853324890137,56302,nan,1.0185370445251465,55277.32182411552,52000,54385.5518842908,nan,0,nan,nan,nan,nan,0.033221952617168427
13.189381297008367,rising,0,0.004035724326968193,-0.02171248011291027,0.8139671683311462,0.05267907306551933,0.0069592962972819805,0.29789432883262634,0.024189872667193413,-0.01753649115562439,0.8322393457841827,0.4031997447633728,56391,0.8285156929649791,-0.0006908277929487967,-0.006136340204740298,1.1977189860772341,0.0,0.0,0.3,0.0,-1.0,0.1,0.0,0.0,0.0,3.5049853324890137,56391,nan,1.0230216979980469,55121.99800879264,52000,54395.371165950826,nan,0,nan,nan,nan,nan,0.033221952617168427
13.20967400498921,rising,0,0.004864990711212158,-0.022279413416981697,0.8214324116706848,0.0537370964884758,0.0030659805051982403,0.3010079562664032,0.024189872667193413,-0.01753649115562439,0.8382351169799221,0.3998118521681851,55917,0.7391253870233516,-0.0032115395608297874,-0.0075472879198716925,1.0611399775370955,0.0,0.0,0.3,0.0,-1.0,0.1,0.0,0.0,0.0,3.5049853324890137,55917,nan,1.0233216285705566,54642.64453992687,52000,54398.66814427051,nan,0,nan,nan,nan,nan,0.033221952617168427
13.228985169000225,rising,0,0.0054510729387402534,-0.02277442067861557,0.8264985084533691,0.053798217326402664,-0.0017048711888492107,0.3044699728488922,0.024189872667193413,-0.01753649115562439,0.8442283564829267,0.39924709989606827,55838,0.7242242716640686,-0.0061020921360736904,-0.008175788726542565,0.9625969978515059,0.0,0.0,0.3,0.0,-1.0,0.1,0.0,0.0,0.0,3.5049853324890137,55838,nan,1.0218592882156372,54643.53130018897,52000,54401.93298634943,nan,0,nan,nan,nan,nan,0.033221952617168427
13.248944029008271,rising,0,0.0059700775891542435,-0.023306138813495636,0.8315635323524475,0.05377919599413872,-0.005735181272029877,0.30748721957206726,0.024189872667193413,-0.01753649115562439,0.850202346482547,0.3988839462892784,55788,0.7146423823028591,-0.008661840450517724,-0.008694170044877714,1.0048119875136763,0.0,0.0,0.3,0.0,-1.0,0.1,0.0,0.0,0.0,3.5049853324890137,55788,nan,1.0127923488616943,55083.354512602404,52000,54411.01860669947,nan,0,nan,nan,nan,nan,0.033221952617168427
13.269359417987289,rising,0,0.006471604574471712,-0.02381419949233532,0.8366588354110718,0.05239181965589523,-0.010479873046278954,0.3097238540649414,0.024189872667193413,-0.01753649115562439,0.8562395911780186,0.3989540323394964,55797,0.7164916184563683,-0.011548515406360736,-0.008499970556107295,1.2139730097260326,0.0,0.0,0.3,0.0,-1.0,0.1,0.0,0.0,0.0,3.5049853324890137,55797,nan,1.0104774236679077,55218.45287494283,52000,54421.01860669947,nan,0,nan,nan,nan,nan,0.033221952617168427
13.28896263500792,rising,0,0.00726977689191699,-0.024818256497383118,0.8442898988723755,0.05175385624170303,-0.013633723370730877,0.31226399540901184,0.024189872667193413,-0.01753649115562439,0.8622014377819142,0.39561284796778623,55330,0.628333719466653,-0.014256041343081878,-0.009056283007061294,0.9927329956553876,0.0,0.0,0.3,0.0,-1.0,0.1,0.0,0.0,0.0,3.5049853324890137,55330,nan,1.0094350576400757,54812.83771672657,52000,54426.242861499835,nan,0,nan,nan,nan,nan,0.033221952617168427
13.308942228002707,rising,0,0.007961273193359375,-0.025894954800605774,0.8519630432128906,0.04912662133574486,-0.01920413225889206,0.31250181794166565,0.024189872667193413,-0.01753649115562439,0.8682722809782717,0.39351434821399206,55037,0.572964332823009,-0.01825821338194516,-0.008472179924944978,0.7979630026966333,0.0,0.0,0.3,0.0,-1.0,0.1,0.0,0.0,0.0,3.5102639198303223,55037,nan,1.0084973573684692,54573.27141006223,52000,54428.203242147334,nan,0,nan,nan,nan,nan,0.033221952617168427
13.329346607992193,rising,0,0.008423857390880585,-0.02662206068634987,0.8570883274078369,0.047906290739774704,-0.023254986852407455,0.31401732563972473,0.024189872667193413,-0.01753649115562439,0.8742735943844309,0.3938726892057448,55087,0.5824192402571171,-0.021037566209219583,-0.008314589613719559,0.9821699932217598,0.0,0.0,0.3,0.0,-1.0,0.1,0.0,0.0,0.0,3.5102639198303223,55087,nan,1.011944055557251,54436.803791159226,52000,54428.31791613416,nan,0,nan,nan,nan,nan,0.033221952617168427
13.348683175980113,rising,0,0.008818358182907104,-0.027459196746349335,0.862237811088562,0.04642367735505104,-0.0268265213817358,0.315136194229126,0.024189872667193413,-0.01753649115562439,0.8801799907785608,0.3942816121910536,55144,0.5932087649354507,-0.023677376198855973,-0.007954118706059443,0.84688700735569,0.0,0.0,0.3,0.0,-1.0,0.1,0.0,0.0,0.0,3.5102639198303223,55144,nan,1.0030757188796997,54974.91262333457,52000,54435.6058455635,nan,0,nan,nan,nan,nan,0.033221952617168427
13.369697372982046,rising,0,0.009343734942376614,-0.028628190979361534,0.8699409365653992,0.043948981910943985,-0.03023248165845871,0.31566065549850464,0.024189872667193413,-0.01753649115562439,0.8862747460778337,0.3920364938490807,54830,0.5339708139599111,-0.026744202475031634,-0.007273216846720665,1.020416006213054,0.0,0.0,0.3,0.0,-1.0,0.1,0.0,0.0,0.0,3.5102639198303223,54830,nan,1.0107662677764893,54245.973325382634,52000,54433.07741196109,nan,0,nan,nan,nan,nan,0.033221952617168427
13.389542236982379,rising,0,0.009642808698117733,-0.02945440635085106,0.8751035332679749,0.04141087085008621,-0.03173686936497688,0.31564053893089294,0.024189872667193413,-0.01753649115562439,0.8922362044773763,0.3930594660653006,54973,0.560962165311361,-0.02828131869405733,-0.006267155279854109,1.3805489870719612,0.0,0.0,0.3,0.0,-1.0,0.1,0.0,0.0,0.0,3.5102639198303223,54973,nan,1.0013543367385864,54898.64874310845,52000,54439.28502970972,nan,0,nan,nan,nan,nan,0.033221952617168427
13.409531649987912,rising,0,0.009885136969387531,-0.030241087079048157,0.8803125023841858,0.03766287863254547,-0.03264244645833969,0.3150102496147156,0.024189872667193413,-0.01753649115562439,0.8982940618792782,0.3944458915695685,55167,0.5975433131812249,-0.02943908774310402,-0.004590459288106752,1.1897759977728128,0.0,0.0,0.3,0.0,-1.0,0.1,0.0,0.0,0.0,3.5102639198303223,55167,nan,1.0030690431594849,54998.2081255683,52000,54446.7373376545,nan,0,nan,nan,nan,nan,0.033221952617168427
13.42932470998494,rising,0,0.010200412012636662,-0.03140458092093468,0.8880579471588135,0.03412233665585518,-0.031711846590042114,0.3152602016925812,0.024189872667193413,-0.01753649115562439,0.9042132703791139,0.39204530965349527,54831,0.5342034209365494,-0.030331919934544288,-0.0031340384656841636,1.355541025986895,0.0,0.0,0.3,0.0,-1.0,0.1,0.0,0.0,0.0,3.5102639198303223,54831,nan,0.9983445405960083,54921.921010622325,52000,54453.07311996073,nan,0,nan,nan,nan,nan,0.033221952617168427
13.449099008983467,rising,0,0.010360541753470898,-0.032152965664863586,0.8932236433029175,0.030221112072467804,-0.029735809192061424,0.31414541602134705,0.024189872667193413,-0.01753649115562439,0.9102263194799889,0.39365667798639364,55057,0.5767197357887497,-0.029963994773768134,-0.001301870951086359,1.029049017233774,0.0,0.0,0.3,0.0,-1.0,0.1,0.0,0.0,0.0,3.5102639198303223,55057,nan,0.9948328137397766,55342.96742085704,52000,54463.07311996073,nan,0,nan,nan,nan,nan,0.033221952617168427
13.4686841799994,rising,0,0.0104727353900671,-0.03286397457122803,0.8984336256980896,0.025758353993296623,-0.02769462950527668,0.3128819763660431,0.024189872667193413,-0.01753649115562439,0.916206516182865,0.3952465857508793,55279,0.6186698087303224,-0.02952996970247556,0.0008480380715500946,0.7887899992056191,0.0,0.0,0.3,0.0,-1.0,0.1,0.0,0.0,0.0,3.5102639198303223,55279,nan,0.995957612991333,55503.36608600335,52000,54473.07311996073,nan,0,nan,nan,nan,nan,0.033221952617168427
13.488943967007799,rising,0,0.010535079054534435,-0.03386492282152176,0.9061498641967773,0.022083524614572525,-0.024542246013879776,0.3113720118999481,0.024189872667193413,-0.01753649115562439,0.9222010354802478,0.39384452436880074,55083,0.5816761047176957,-0.029050731209275982,0.002653874014723945,1.0101650259457529,0.0,0.0,0.3,0.0,-1.0,0.1,0.0,0.0,0.0,3.5102639198303223,55083,nan,1.0021331310272217,54965.75085142429,52000,54479.64215638025,nan,0,nan,nan,nan,nan,0.033221952617168427
13.510515617992496,rising,0,0.01043741311877966,-0.03468131646513939,0.9139367341995239,0.017966706305742264,-0.021413231268525124,0.3107384145259857,0.024189872667193413,-0.01753649115562439,0.9284889412781923,0.39228291627018985,54864,0.5404727248071186,-0.02840349595182,0.00486294456843539,1.2246429978404194,0.0,0.0,0.3,0.0,-1.0,0.1,0.0,0.0,0.0,3.5102639198303223,54864,nan,1.008730173110962,54389.17310344485,52000,54478.43590234111,nan,0,nan,nan,nan,nan,0.033221952617168427
13.528563247004058,rising,0,0.01036006398499012,-0.03519453480839729,0.9190751314163208,0.014552177861332893,-0.01703224889934063,0.3123466968536377,0.024189872667193413,-0.01753649115562439,0.9342124456801685,0.39219582759082894,54852,0.538174870470419,-0.026698767202061116,0.006684179781834887,0.6652300071436912,0.0,0.0,0.3,0.0,-1.0,0.1,0.0,0.0,0.0,3.5102639198303223,54852,nan,1.002027153968811,54741.03150073647,52000,54481.93717698638,nan,0,nan,nan,nan,nan,0.033221952617168427
13.549546111986274,rising,0,0.01021676417440176,-0.03562777116894722,0.9242510795593262,0.011050045490264893,-0.011953308247029781,0.31284961104393005,0.024189872667193413,-0.01753649115562439,0.9402565711847274,0.3930135216830049,54967,0.5597499124803385,-0.024499138493436448,0.008598370671483613,1.3233050121925771,0.0,0.0,0.3,0.0,-1.0,0.1,0.0,0.0,0.0,3.5102639198303223,54967,nan,1.0114173889160156,54346.50481826376,52000,54480.13141220341,nan,0,nan,nan,nan,nan,0.033221952617168427
13.570001408981625,rising,0,0.009914088062942028,-0.03607439622282982,0.9319750070571899,0.006881807465106249,-0.0066653527319431305,0.31394851207733154,0.024189872667193413,-0.01753649115562439,0.9463218031771248,0.3903803375047627,54598,0.49027275738160014,-0.022412768797601026,0.01110209958074404,1.1000649828929454,0.0,0.0,0.3,0.0,-1.0,0.1,0.0,0.0,0.0,3.5102639198303223,54598,nan,1.0092253684997559,54098.917550161845,52000,54475.048560709525,nan,0,nan,nan,nan,nan,0.033221952617168427
13.58948773299926,rising,0,0.009691774845123291,-0.03632262349128723,0.937169075012207,0.0033060703426599503,5.4408952564699575e-05,0.31542035937309265,0.024189872667193413,-0.01753649115562439,0.9522259852819843,0.390515861783669,54617,0.4938485958751695,-0.019217356672813476,0.013157399770004075,1.3250309857539833,0.0,0.0,0.3,0.0,-1.0,0.1,0.0,0.0,0.0,3.5102639198303223,54617,nan,1.0089209079742432,54134.07489955032,52000,54470.5022452274,nan,0,nan,nan,nan,nan,0.033221952617168427
13.609538235003129,rising,0,0.009291641414165497,-0.03642122820019722,0.94493567943573,-0.0004246452881488949,0.006206013727933168,0.3163810074329376,0.024189872667193413,-0.01753649115562439,0.9582837298774394,0.3878920305415896,54250,0.42461822009471106,-0.016277048472581587,0.015582857354561774,1.12375698518008,0.0,0.0,0.3,0.0,-1.0,0.1,0.0,0.0,0.0,3.5102639198303223,54250,nan,1.0165424346923828,53367.17696041549,52000,54460.5022452274,nan,0,nan,nan,nan,nan,0.033221952617168427
13.628993603982963,rising,0,0.0089695630595088,-0.036439113318920135,0.9501086473464966,-0.0031055836006999016,0.013111238367855549,0.31814438104629517,0.024189872667193413,-0.01753649115562439,0.9642121138807852,0.38794560579207854,54258,0.4260318150944187,-0.012732902078549279,0.017295143842217087,0.9825979941524565,0.0,0.0,0.3,0.0,-1.0,0.1,0.0,0.0,0.0,3.5102639198303223,54258,nan,1.0057450532913208,53948.065488803164,52000,54453.66975514174,nan,0,nan,nan,nan,nan,0.033221952617168427
13.650019227992743,rising,0,0.008607825264334679,-0.036373432725667953,0.9552985429763794,-0.005539922043681145,0.019946757704019547,0.3183481693267822,0.024189872667193413,-0.01753649115562439,0.9703471615823218,0.38902111420240665,54408,0.4544093457099372,-0.00911545788243406,0.018871055624307242,1.358233974315226,0.0,0.0,0.3,0.0,-1.0,0.1,0.0,0.0,0.0,3.5102639198303223,54408,nan,0.9991976022720337,54451.69191387561,52000,54453.64338392486,nan,0,nan,nan,nan,nan,0.033221952617168427
13.669558127992786,rising,0,0.00801619328558445,-0.036097560077905655,0.9631057977676392,-0.007839899510145187,0.026768894866108894,0.3179178833961487,0.024189872667193413,-0.01753649115562439,0.976264203779283,0.3868771071965387,54108,0.39783924001421234,-0.005353393751942624,0.02077670089668393,1.2754819763358682,0.0,0.0,0.3,0.0,-1.0,0.1,0.0,0.0,0.0,3.5102639198303223,54108,nan,0.9987438321113586,54176.05421964401,52000,54449.94219506778,nan,0,nan,nan,nan,nan,0.033221952617168427
13.689015848998679,rising,0,0.007573406212031841,-0.035786569118499756,0.9682849645614624,-0.010722261853516102,0.03294101729989052,0.31674888730049133,0.024189872667193413,-0.01753649115562439,0.9822336265846389,0.3884605215861838,54330,0.4396179838043217,-0.001832903039507177,0.022632388640329903,0.9918860159814358,0.0,0.0,0.3,0.0,-1.0,0.1,0.0,0.0,0.0,3.5102639198303223,54330,nan,0.9998584389686584,54337.692099734355,52000,54448.44552713,nan,0,nan,nan,nan,nan,0.033221952617168427
13.70893623799202,rising,0,0.007149072363972664,-0.035450279712677,0.9734522104263306,-0.01313709281384945,0.03949284926056862,0.3160398006439209,0.024189872667193413,-0.01753649115562439,0.9882249118818436,0.3898600624251117,54526,0.4765451827206242,0.0018808544280910187,0.024225775846468567,0.9321469988208264,0.0,0.0,0.3,0.0,-1.0,0.1,0.0,0.0,0.0,3.5208210945129395,54526,nan,0.9962930679321289,54728.8762263219,52000,54452.18460311923,nan,0,nan,nan,nan,nan,0.033221952617168427
13.728681529988535,rising,0,0.0064631919376552105,-0.0348205603659153,0.9812285304069519,-0.015901774168014526,0.0451497845351696,0.31537753343582153,0.024189872667193413,-0.01753649115562439,0.994215836879448,0.3879861149250567,54263,0.4271006576532095,0.005456591360425836,0.026475759745741234,0.7417250017169863,0.0,0.0,0.3,0.0,-1.0,0.1,0.0,0.0,0.0,3.5208210945129395,54263,nan,0.9882620573043823,54907.50110148884,52000,54458.25548976416,nan,0,nan,nan,nan,nan,0.033221952617168427
13.7491210619919,rising,0,0.005963212810456753,-0.03430234640836716,0.9863436222076416,-0.01760740950703621,0.05017555505037308,0.3130068778991699,0.024189872667193413,-0.01753649115562439,1.0002426343795379,0.3903333016263283,54592,0.4890317051801638,0.008531393739539428,0.027703321570924366,1.015637011732906,0.0,0.0,0.3,0.0,-1.0,0.1,0.0,0.0,0.0,3.5208210945129395,54592,nan,0.989624559879303,55164.35445645991,52000,54467.670142653435,nan,0,nan,nan,nan,nan,0.033221952617168427
13.76878014500835,rising,0,0.005302323028445244,-0.033449459820985794,0.9939607977867126,-0.018795685842633247,0.053823065012693405,0.3115677237510681,0.024189872667193413,-0.01753649115562439,1.0061896582774352,0.3889906797061529,54404,0.453606324700603,0.01131487668186516,0.029090036091239835,0.9021570149343461,0.0,0.0,0.3,0.0,-1.0,0.1,0.0,0.0,0.0,3.5208210945129395,54404,nan,0.9882669448852539,55049.903552442265,52000,54475.43325478395,nan,0,nan,nan,nan,nan,0.033221952617168427
13.788700229983078,rising,0,0.004839545581489801,-0.03280019387602806,0.9989983439445496,-0.01841231808066368,0.057234618812799454,0.30943572521209717,0.024189872667193413,-0.01753649115562439,1.0122032341809244,0.3912904853616358,54726,0.5142872127080675,0.013657081839702077,0.029196256617170624,0.8125029853545129,0.0,0.0,0.3,0.0,-1.0,0.1,0.0,0.0,0.0,3.5208210945129395,54726,nan,0.9969372749328613,54894.12561455837,52000,54481.01581958095,nan,0,nan,nan,nan,nan,0.033221952617168427
13.80914490998839,rising,0,0.004420722369104624,-0.0321432426571846,1.0040574073791504,-0.01692839339375496,0.06004650890827179,0.30809205770492554,0.024189872667193413,-0.01753649115562439,1.018244620077894,0.39319758193451493,54992,0.5646063834964341,0.015690329023276932,0.02872574150296625,1.0608150041662157,0.0,0.0,0.3,0.0,-1.0,0.1,0.0,0.0,0.0,3.5208210945129395,54992,nan,0.9944702386856079,55297.78354421443,52000,54491.01581958095,nan,0,nan,nan,nan,nan,0.033221952617168427
13.829431739985012,rising,0,0.003900592215359211,-0.031136570498347282,1.0115169286727905,-0.014861227944493294,0.0618898831307888,0.3066278398036957,0.024189872667193413,-0.01753649115562439,1.0242823921784292,0.39216009268380514,54847,0.537231996934171,0.01769961366259776,0.028277827946449285,1.1796309845522046,0.0,0.0,0.3,0.0,-1.0,0.1,0.0,0.0,0.0,3.5208210945129395,54847,nan,1.0019701719284058,54739.15445450906,52000,54494.324334713325,nan,0,nan,nan,nan,nan,0.033221952617168427
13.849047683004756,rising,0,0.0035856617614626884,-0.030457710847258568,1.016473412513733,-0.011513153091073036,0.06374092400074005,0.30586129426956177,0.024189872667193413,-0.01753649115562439,1.0302405166847166,0.39379140770456295,55075,0.5802746096190745,0.019256093645779095,0.026779597480627304,0.9271250164601952,0.0,0.0,0.3,0.0,-1.0,0.1,0.0,0.0,0.0,3.5208210945129395,55075,nan,1.0048307180404663,54810.22724643857,52000,54498.53637353633,nan,0,nan,nan,nan,nan,0.033221952617168427
13.868942929984769,rising,0,0.003202122403308749,-0.029399454593658447,1.0237785577774048,-0.007459789980202913,0.06510267406702042,0.3062209188938141,0.024189872667193413,-0.01753649115562439,1.0362192949774909,0.3919515804993768,54818,0.5317303561840827,0.021121484076740166,0.025227878733769193,1.0071459983009845,0.0,0.0,0.3,0.0,-1.0,0.1,0.0,0.0,0.0,3.5208210945129395,54818,nan,0.9883052706718445,55466.66766507784,52000,54508.53637353633,nan,0,nan,nan,nan,nan,0.033221952617168427
13.888618358992971,rising,0,0.003016518894582987,-0.02871052362024784,1.0287039279937744,-0.0033530727960169315,0.06486083567142487,0.303757905960083,0.024189872667193413,-0.01753649115562439,1.042188723781146,0.39447361042953805,55171,0.5982746815181521,0.021561635968416905,0.02317208000876403,0.7668239995837212,0.0,0.0,0.3,0.0,-1.0,0.1,0.0,0.0,0.0,3.5208210945129395,55171,nan,0.9885653257369995,55809.15956046575,52000,54518.53637353633,nan,0,nan,nan,nan,nan,0.033221952617168427
13.908678681007586,rising,0,0.002866866532713175,-0.02807752974331379,1.0335383415222168,0.001016370253637433,0.06371837109327316,0.3008325695991516,0.024189872667193413,-0.01753649115562439,1.0482186796783934,0.39741187836872166,55582,0.6758015400718111,0.021463338524989377,0.020951909199556695,0.7480320055037737,0.0,0.0,0.3,0.0,-1.0,0.1,0.0,0.0,0.0,3.515542507171631,55582,nan,0.9850893020629883,56423.31094612374,52000,54528.53637353633,nan,0,nan,nan,nan,nan,0.033221952617168427
13.92892784299329,rising,0,0.0027647477108985186,-0.02712583914399147,1.0407487154006958,0.005813285242766142,0.06252481043338776,0.2986316680908203,0.024189872667193413,-0.01753649115562439,1.0541870362794725,0.3969448829086769,55516,0.6634797601233995,0.02184540674901381,0.018662094505243587,1.0742700251284987,0.0,0.0,0.3,0.0,-1.0,0.1,0.0,0.0,0.0,3.515542507171631,55516,nan,0.9861086010932922,56298.05879235793,52000,54538.53637353633,nan,0,nan,nan,nan,nan,0.033221952617168427
13.948832256981404,rising,0,0.0028022415935993195,-0.026541611179709435,1.045473337173462,0.010493891313672066,0.060435567051172256,0.2949385643005371,0.024189872667193413,-0.01753649115562439,1.0602265867841196,0.4004132581398562,56002,0.7549936184658605,0.021195112413711754,0.016124725700541687,0.8542690193280578,0.0,0.0,0.3,0.0,-1.0,0.1,0.0,0.0,0.0,3.515542507171631,56002,nan,0.9887804985046387,56637.44388637665,52000,54548.53637353633,nan,0,nan,nan,nan,nan,0.033221952617168427
13.96988304000115,rising,0,0.002947133034467697,-0.025732427835464478,1.052616000175476,0.014894678257405758,0.057165101170539856,0.29246827960014343,0.024189872667193413,-0.01753649115562439,1.0663287439849227,0.4003268947437243,55989,0.7527149008898224,0.02037331163346246,0.013784572140789875,1.2017959961667657,0.0,0.0,0.3,0.0,-1.0,0.1,0.0,0.0,0.0,3.515542507171631,55989,nan,0.9915517568588257,56466.0388252144,52000,54558.53637353633,nan,0,nan,nan,nan,nan,0.033221952617168427
13.989248962985585,rising,0,0.003117626765742898,-0.025297924876213074,1.0573309659957886,0.019471893087029457,0.05372687056660652,0.2903316617012024,0.024189872667193413,-0.01753649115562439,1.0722012775775511,0.40281905958485204,56338,0.8184712291517666,0.018970659303591375,0.011257201984917309,1.209882990224287,0.0,0.0,0.3,0.0,-1.0,0.1,0.0,0.0,0.0,3.515542507171631,56338,nan,1.000153660774231,56329.34438932921,52000,54568.53637353633,nan,0,nan,nan,nan,nan,0.033221952617168427
14.00898239199887,rising,0,0.0032958469819277525,-0.02485998347401619,1.0621094703674316,0.023844579234719276,0.04974794760346413,0.28889113664627075,0.024189872667193413,-0.01753649115562439,1.0782077098818263,0.4050529713053419,56650,0.8774134909061182,0.017333090194322033,0.008859931003943,0.96858199685812,0.0,0.0,0.3,0.0,-1.0,0.1,0.0,0.0,0.0,3.515542507171631,56650,nan,1.010454773902893,56063.864967640984,52000,54578.53637353633,nan,0,nan,nan,nan,nan,0.033221952617168427
14.029062480985885,rising,0,0.0037282921839505434,-0.024313874542713165,1.069237232208252,0.027926133945584297,0.04487789794802666,0.2891167402267456,0.024189872667193413,-0.01753649115562439,1.0842052660824264,0.40350767944690624,56434,0.8366406186518791,0.01552636606519911,0.006442066696593862,1.0576770000625402,0.0,0.0,0.3,0.0,-1.0,0.1,0.0,0.0,0.0,3.515542507171631,56434,nan,1.0149458646774292,55602.9656004716,52000,54588.53637353633,nan,0,nan,nan,nan,nan,0.033221952617168427
14.04951689398149,rising,0,0.004062056541442871,-0.024048566818237305,1.0739758014678955,0.03174151852726936,0.04096689820289612,0.290398508310318,0.024189872667193413,-0.01753649115562439,1.090221991983708,0.40444968116717195,56566,0.8614955453079656,0.013818225165130786,0.0042102339422507296,1.443988992832601,0.0,0.0,0.3,0.0,-1.0,0.1,0.0,0.0,0.0,3.515542507171631,56566,nan,1.0148382186889648,55738.93351501454,52000,54598.53637353633,nan,0,nan,nan,nan,nan,0.033221952617168427
14.068601823993959,rising,0,0.0046160160563886166,-0.023714622482657433,1.0812063217163086,0.034782398492097855,0.0366029292345047,0.2927433252334595,0.024189872667193413,-0.01753649115562439,1.0962306028843158,0.4017379065364967,56187,0.7899447634959547,0.012071209762023132,0.0021732169629127274,0.6366219895426184,0.0,0.0,0.3,0.0,-1.0,0.1,0.0,0.0,0.0,3.515542507171631,56187,nan,1.014462947845459,55385.95580975265,52000,54608.53637353633,nan,0,nan,nan,nan,nan,0.033221952617168427
14.089318693993846,rising,0,0.0050103929825127125,-0.02345889061689377,1.0861085653305054,0.03761964291334152,0.03311328962445259,0.2953625023365021,0.024189872667193413,-0.01753649115562439,1.1022143605776362,0.4017725383834363,56192,0.7908585325444921,0.010587527751038033,0.0003680273797130873,1.2659580097533762,0.0,0.0,0.3,0.0,-1.0,0.1,0.0,0.0,0.0,3.515542507171631,56192,nan,1.022201418876648,54971.55351413267,52000,54613.37660207762,nan,0,nan,nan,nan,nan,0.033221952617168427
14.109722627006704,rising,0,0.005685787182301283,-0.02326660044491291,1.093450903892517,0.03983229026198387,0.029877185821533203,0.2976914942264557,0.024189872667193413,-0.01753649115562439,1.108311248582322,0.39904608363918365,55810,0.7189204126433673,0.00923063675348319,-0.0014154356356266273,0.9849689959082752,0.0,0.0,0.3,0.0,-1.0,0.1,0.0,0.0,0.0,3.4944281578063965,55810,nan,1.0154024362564087,54963.429284019265,52000,54618.04397117017,nan,0,nan,nan,nan,nan,0.033221952617168427
14.129061098006787,rising,0,0.0061162677593529224,-0.02319188602268696,1.0984084606170654,0.04132355749607086,0.026358630508184433,0.3006134629249573,0.024189872667193413,-0.01753649115562439,1.1142018913815264,0.39874675859455655,55768,0.711022654209934,0.0075476647978242415,-0.002596311259868811,1.0887939715757966,0.0,0.0,0.3,0.0,-1.0,0.1,0.0,0.0,0.0,3.4944281578063965,55768,nan,1.0128223896026611,55061.97391813017,52000,54623.96303712964,nan,0,nan,nan,nan,nan,0.033221952617168427
14.149944273987785,rising,0,0.006599957589060068,-0.023164674639701843,1.1034409999847412,0.04241512343287468,0.023585323244333267,0.3029560148715973,0.024189872667193413,-0.01753649115562439,1.1202144724840764,0.39879808174606585,55776,0.7123768270729762,0.006183137063306161,-0.0036285576510890483,1.2710400042124093,0.0,0.0,0.3,0.0,-1.0,0.1,0.0,0.0,0.0,3.4944281578063965,55776,nan,1.0091992616653442,55267.579078447256,52000,54632.544584347204,nan,0,nan,nan,nan,nan,0.033221952617168427
14.16936739598168,rising,0,0.006988312117755413,-0.0231384988874197,1.108567237854004,0.043040744960308075,0.02098878286778927,0.3050840497016907,0.024189872667193413,-0.01753649115562439,1.126227433985332,0.3988407626720387,55782,0.7135029728770093,0.004906669211586728,-0.0043313781729823475,1.3086299877613783,0.0,0.0,0.3,0.0,-1.0,0.1,0.0,0.0,0.0,3.4944281578063965,55782,nan,1.022587537765503,54549.85313227216,52000,54631.44203165287,nan,0,nan,nan,nan,nan,0.033221952617168427
14.189484128990443,rising,0,0.007726670242846012,-0.023252321407198906,1.1161906719207764,0.043233320116996765,0.01845349743962288,0.30821242928504944,0.024189872667193413,-0.01753649115562439,1.1322188392834505,0.39523586531641874,55277,0.6183869476627617,0.003553294544284364,-0.005215600557483269,1.4381849905475974,0.0,0.0,0.3,0.0,-1.0,0.1,0.0,0.0,0.0,3.4944281578063965,55277,nan,1.0117563009262085,54634.698048726634,52000,54631.48544521385,nan,0,nan,nan,nan,nan,0.033221952617168427
14.209549902996514,rising,0,0.00818810984492302,-0.023342492058873177,1.1212975978851318,0.04242601618170738,0.014960326254367828,0.30966711044311523,0.024189872667193413,-0.01753649115562439,1.1382422206777845,0.3956522811391992,55336,0.6293741725382365,0.0016925834513128017,-0.0052685346457681526,1.3345199986360967,0.0,0.0,0.3,0.0,-1.0,0.1,0.0,0.0,0.0,3.4944281578063965,55336,nan,1.0109602212905884,54736.08044573529,52000,54632.88004522081,nan,0,nan,nan,nan,nan,0.033221952617168427
14.229020893981215,rising,0,0.008861016482114792,-0.023579571396112442,1.1290723085403442,0.04200036823749542,0.011950626038014889,0.3126243054866791,0.024189872667193413,-0.01753649115562439,1.1442191800801083,0.3919270029699161,54815,0.5310818725571522,-6.916426399845396e-05,-0.005788179491168055,0.9913550165947527,0.0,0.0,0.3,0.0,-1.0,0.1,0.0,0.0,0.0,3.4944281578063965,54815,nan,1.009231686592102,54313.593923210225,52000,54628.622896927336,nan,0,nan,nan,nan,nan,0.033221952617168427
14.2497902319883,rising,0,0.009263081476092339,-0.02374318055808544,1.1342873573303223,0.040931325405836105,0.007989105768501759,0.31439438462257385,0.024189872667193413,-0.01753649115562439,1.1502446590806357,0.3920556936361101,54833,0.5344774046467027,-0.0022569994573890043,-0.005651136899986087,1.2979820021428168,0.0,0.0,0.3,0.0,-1.0,0.1,0.0,0.0,0.0,3.4944281578063965,54833,nan,1.0116366147994995,54202.26907353248,52000,54622.93817928207,nan,0,nan,nan,nan,nan,0.033221952617168427
14.269190909981262,rising,0,0.009916184470057487,-0.024050159379839897,1.1420420408248901,0.04045849293470383,0.004734664224088192,0.3166234791278839,0.024189872667193413,-0.01753649115562439,1.156202909577405,0.3886991848890979,54363,0.4459151685777787,-0.0042669773730504516,-0.006128745091532384,1.198781974380836,0.0,0.0,0.3,0.0,-1.0,0.1,0.0,0.0,0.0,3.4944281578063965,54363,nan,1.0050082206726074,54092.09485233589,52000,54615.86026825612,nan,0,nan,nan,nan,nan,0.033221952617168427
14.288522888004081,rising,0,0.010308690369129181,-0.024369489401578903,1.1472536325454712,0.039317019283771515,0.0007541642407886684,0.31679055094718933,0.024189872667193413,-0.01753649115562439,1.1622098920837742,0.38961446066652605,54491,0.47006492523815346,-0.006628169756464556,-0.005931362208159818,0.6301210087258369,0.0,0.0,0.3,0.0,-1.0,0.1,0.0,0.0,0.0,3.4944281578063965,54491,nan,0.9975869059562683,54622.809977408375,52000,54615.95293104482,nan,0,nan,nan,nan,nan,0.033221952617168427
14.309445602993947,rising,0,0.010655282065272331,-0.024667060002684593,1.1524871587753296,0.03830771893262863,-0.002455296693369746,0.31571462750434875,0.024189872667193413,-0.01753649115562439,1.1682291112781966,0.3911398741689747,54705,0.5103133026114683,-0.008547793298439087,-0.005746588536116315,1.3178419903852046,0.0,0.0,0.3,0.0,-1.0,0.1,0.0,0.0,0.0,3.5102639198303223,54705,nan,0.9923173785209656,55128.53164129504,52000,54622.78731384816,nan,0,nan,nan,nan,nan,0.033221952617168427
14.328477058996214,rising,0,0.011159485206007957,-0.025133445858955383,1.160237431526184,0.037217408418655396,-0.005290426313877106,0.31451648473739624,0.024189872667193413,-0.01753649115562439,1.174188317277003,0.38950730257556143,54476,0.4672375349752347,-0.010518441858093456,-0.005728618921438278,0.6655800098087639,0.0,0.0,0.3,0.0,-1.0,0.1,0.0,0.0,0.0,3.5102639198303223,54476,nan,0.9853913187980652,55283.6207918366,52000,54631.598426888006,nan,0,nan,nan,nan,nan,0.033221952617168427
14.350048093998339,rising,0,0.011516342870891094,-0.025493832305073738,1.1653704643249512,0.03526352718472481,-0.008129701018333435,0.3114303946495056,0.024189872667193413,-0.01753649115562439,1.180326884277747,0.3923138152334116,54869,0.5412880008815701,-0.012258193222569462,-0.005055396698481651,1.4133999939076602,0.0,0.0,0.3,0.0,-1.0,0.1,0.0,0.0,0.0,3.5102639198303223,54869,nan,0.9868256449699402,55601.51408678822,52000,54641.598426888006,nan,0,nan,nan,nan,nan,0.033221952617168427
14.369302653998602,rising,0,0.011984425596892834,-0.0260592270642519,1.1730685234069824,0.03361331671476364,-0.009716534987092018,0.3101554214954376,0.024189872667193413,-0.01753649115562439,1.1862309895834187,0.3907153701864563,54645,0.49911266982734226,-0.013699558758237395,-0.0047105680038350695,1.2423750013113022,0.0,0.0,0.3,0.0,-1.0,0.1,0.0,0.0,0.0,3.5102639198303223,54645,nan,0.9946496486663818,54938.942645048504,52000,54645.56301646348,nan,0,nan,nan,nan,nan,0.033221952617168427
14.388761893002084,rising,0,0.012233760207891464,-0.026387611404061317,1.1781816482543945,0.031161097809672356,-0.011110779829323292,0.30876851081848145,0.024189872667193413,-0.01753649115562439,1.1922116587811613,0.3924972408366698,54894,0.5461277265612079,-0.01468252469299038,-0.003693727557994686,0.8272420091088861,0.0,0.0,0.3,0.0,-1.0,0.1,0.0,0.0,0.0,3.5102639198303223,54894,nan,0.9998455047607422,54902.48217211903,52000,54648.98860520556,nan,0,nan,nan,nan,nan,0.033221952617168427
14.410142545006238,rising,0,0.01245757844299078,-0.0267543513327837,1.1832737922668457,0.02895865961909294,-0.011271425522863865,0.3069385588169098,0.024189872667193413,-0.01753649115562439,1.1982783127808943,0.3946316297071548,55193,0.6024440555977506,-0.015056260686818233,-0.0027844084742842945,1.863216981291771,0.0,0.0,0.3,0.0,-1.0,0.1,0.0,0.0,0.0,3.5102639198303223,55193,nan,1.0100675821304321,54642.87833452397,52000,54648.9071349298,nan,0,nan,nan,nan,nan,0.033221952617168427
14.428965439001331,rising,0,0.012812241911888123,-0.027252813801169395,1.1908906698226929,0.026823872700333595,-0.010690112598240376,0.3080079257488251,0.024189872667193413,-0.01753649115562439,1.204207056184532,0.39198766389329004,54823,0.5326824246250652,-0.01536987594374309,-0.0020758888539851306,0.9967729856725782,0.0,0.0,0.3,0.0,-1.0,0.1,0.0,0.0,0.0,3.5102639198303223,54823,nan,1.0031147003173828,54652.772990620266,52000,54648.958679672345,nan,0,nan,nan,nan,nan,0.033221952617168427
14.44852180100861,rising,0,0.012974443845450878,-0.027541352435946465,1.1959487199783325,0.024061864241957664,-0.009817332960665226,0.30811938643455505,0.024189872667193413,-0.01753649115562439,1.210206935883616,0.3931074772229816,54980,0.5622289504744469,-0.015175600773788808,-0.0008298019651884481,0.6474459951277822,0.0,0.0,0.3,0.0,-1.0,0.1,0.0,0.0,0.0,3.5102639198303223,54980,nan,0.9927781224250793,55379.947198775124,52000,54658.705193260386,nan,0,nan,nan,nan,nan,0.033221952617168427
14.468963210005313,rising,0,0.013133594766259193,-0.027868160977959633,1.2035281658172607,0.021306421607732773,-0.008217176422476768,0.3076663017272949,0.024189872667193413,-0.01753649115562439,1.2162127435789443,0.39136423132067755,54736,0.5162330163767148,-0.014759431134656612,0.00041196111060903817,0.9847539768088609,0.0,0.0,0.3,0.0,-1.0,0.1,0.0,0.0,0.0,3.5102639198303223,54736,nan,0.9977103471755981,54861.614049559816,52000,54661.410644677715,nan,0,nan,nan,nan,nan,0.033221952617168427
14.48906729000737,rising,0,0.013221882283687592,-0.02806469053030014,1.208525538444519,0.018741395324468613,-0.005581093020737171,0.3067106604576111,0.024189872667193413,-0.01753649115562439,1.222235614384408,0.3931178844937083,54981,0.5625035486466565,-0.013552343162500341,0.0016252564306771244,0.9556849836371839,0.0,0.0,0.3,0.0,-1.0,0.1,0.0,0.0,0.0,3.5102639198303223,54981,nan,0.9981313347816467,55083.93343049165,52000,54667.0442818219,nan,0,nan,nan,nan,nan,0.033221952617168427
14.5092995360028,rising,0,0.013226215727627277,-0.028172718361020088,1.2135480642318726,0.015527394600212574,-0.0026756550651043653,0.305613249540329,0.024189872667193413,-0.01753649115562439,1.2282800356828374,0.3949384580690109,55236,0.6105397907390717,-0.012127875543286887,0.0032409760823353118,1.0549830039963126,0.0,0.0,0.3,0.0,-1.0,0.1,0.0,0.0,0.0,3.5049853324890137,55236,nan,0.9965139031410217,55429.23167042184,52000,54677.0442818219,nan,0,nan,nan,nan,nan,0.033221952617168427
14.52873729998828,rising,0,0.013245084322988987,-0.028305387124419212,1.2210063934326172,0.012562167830765247,0.0006319427047856152,0.30418428778648376,0.024189872667193413,-0.01753649115562439,1.2342174754769075,0.393747328413703,55069,0.5791115676438778,-0.010619234868268594,0.004737781353356008,0.7810560055077076,0.0,0.0,0.3,0.0,-1.0,0.1,0.0,0.0,0.0,3.5049853324890137,55069,nan,0.9975948929786682,55201.7661553702,52000,54684.04057346921,nan,0,nan,nan,nan,nan,0.033221952617168427
14.548879435984418,rising,0,0.013174351304769516,-0.028369218111038208,1.2260440587997437,0.009316086769104004,0.004053917713463306,0.30247658491134644,0.024189872667193413,-0.01753649115562439,1.2402229597792027,0.3958081761525173,55357,0.633487497427895,-0.00889932711295936,0.006424851328709513,0.8944079745560884,0.0,0.0,0.3,0.0,-1.0,0.1,0.0,0.0,0.0,3.5049853324890137,55357,nan,1.0003818273544312,55335.87125067521,52000,54692.73164916529,nan,0,nan,nan,nan,nan,0.033221952617168427
14.568610557995271,rising,0,0.013028032146394253,-0.02835759148001671,1.2335225343704224,0.005873043090105057,0.007455574814230204,0.3023189604282379,0.024189872667193413,-0.01753649115562439,1.2462131608772322,0.39402675551541116,55108,0.5864843143907947,-0.0072011572023804055,0.008350107646739158,0.7047099934425205,0.0,0.0,0.3,0.0,-1.0,0.1,0.0,0.0,0.0,3.5049853324890137,55108,nan,1.0070064067840576,54724.57735000027,52000,54693.156258509756,nan,0,nan,nan,nan,nan,0.033221952617168427
14.589209942991147,rising,0,0.012876857072114944,-0.028262220323085785,1.238505244255066,0.001992887118831277,0.010531761683523655,0.30303195118904114,0.024189872667193413,-0.01753649115562439,1.252247658779379,0.3949886375544732,55243,0.6118637877169704,-0.0055294493305744,0.010447652148653841,1.0489189880900085,0.0,0.0,0.3,0.0,-1.0,0.1,0.0,0.0,0.0,3.5049853324890137,55243,nan,1.0085859298706055,54772.725222418376,52000,54694.21717802854,nan,0,nan,nan,nan,nan,0.033221952617168427
14.608685896004317,rising,0,0.012574544176459312,-0.028028175234794617,1.2460036277770996,-0.0013203977141529322,0.013821928761899471,0.3043730854988098,0.024189872667193413,-0.01753649115562439,1.258178703181329,0.39236464132403037,54876,0.5426290586815394,-0.0036506939691388304,0.012514733989781313,0.6488139915745705,0.0,0.0,0.3,0.0,-1.0,0.1,0.0,0.0,0.0,3.5049853324890137,54876,nan,1.0068068504333496,54504.99266704461,52000,54691.69418454876,nan,0,nan,nan,nan,nan,0.033221952617168427
14.628887453000061,rising,0,0.012371251359581947,-0.027844471856951714,1.2509949207305908,-0.004604054614901543,0.0168069526553154,0.3057650625705719,0.024189872667193413,-0.01753649115562439,1.2641867908852873,0.3929476412856029,54957,0.5580116434196007,-0.001938886656777948,0.014374571500876954,1.0045969975180924,0.0,0.0,0.3,0.0,-1.0,0.1,0.0,0.0,0.0,3.5049853324890137,54957,nan,0.9993380904197693,54993.40065874549,52000,54695.716937538054,nan,0,nan,nan,nan,nan,0.033221952617168427
14.649206648988184,rising,0,0.012128634378314018,-0.027614543214440346,1.255937933921814,-0.006986517924815416,0.019931819289922714,0.3052053451538086,0.024189872667193413,-0.01753649115562439,1.2702126226853578,0.39458874603660554,55187,0.6013125603325982,-0.00011369443092791421,0.015768459709809113,1.184488006401807,0.0,0.0,0.3,0.0,-1.0,0.1,0.0,0.0,0.0,3.5049853324890137,55187,nan,1.0035715103149414,54990.600503078436,52000,54699.648718411925,nan,0,nan,nan,nan,nan,0.033221952617168427
14.6690171030059,rising,0,0.011716442182660103,-0.027198832482099533,1.2634339332580566,-0.008655271492898464,0.02304776944220066,0.3055209219455719,0.024189872667193413,-0.01753649115562439,1.2762141091778174,0.39257199280410415,54905,0.548100073986916,0.0018970455115945941,0.017119801987351524,1.0005499934777617,0.0,0.0,0.3,0.0,-1.0,0.1,0.0,0.0,0.0,3.5049853324890137,54905,nan,1.0002410411834717,54891.768823080034,52000,54702.2103198075,nan,0,nan,nan,nan,nan,0.033221952617168427
14.689312587986933,rising,0,0.011448055505752563,-0.02689231000840664,1.2683895826339722,-0.010021612979471684,0.025771312415599823,0.305363267660141,0.024189872667193413,-0.01753649115562439,1.2822134404821552,0.39396372111692457,55099,0.5848211376497243,0.003584511228079205,0.018025603990268868,1.1439810041338205,0.0,0.0,0.3,0.0,-1.0,0.1,0.0,0.0,0.0,3.5049853324890137,55099,nan,0.9982625842094421,55194.89648471074,52000,54708.779468672874,nan,0,nan,nan,nan,nan,0.033221952617168427
14.709571705985582,rising,0,0.011135881766676903,-0.026501918211579323,1.2733479738235474,-0.010469171218574047,0.028540605679154396,0.30575644969940186,0.024189872667193413,-0.01753649115562439,1.2882932164822705,0.39517574338943856,55269,0.6168006171355813,0.0053705831609586144,0.018512898651927845,1.2403610162436962,0.0,0.0,0.3,0.0,-1.0,0.1,0.0,0.0,0.0,3.5049853324890137,55269,nan,0.9927477836608887,55672.75083323607,52000,54718.779468672874,nan,0,nan,nan,nan,nan,0.033221952617168427
14.728802672005259,rising,0,0.010759401135146618,-0.02597612328827381,1.2807661294937134,-0.010416366159915924,0.030839577317237854,0.303920179605484,0.024189872667193413,-0.01753649115562439,1.2941830123774707,0.39419041401829713,55131,0.5908024806938545,0.007084356659322904,0.01891447924523626,0.933500996325165,0.0,0.0,0.3,0.0,-1.0,0.1,0.0,0.0,0.0,3.5049853324890137,55131,nan,0.9949314594268799,55411.85724668677,52000,54728.02050571306,nan,0,nan,nan,nan,nan,0.033221952617168427
14.749563218996627,rising,0,0.010446765460073948,-0.025589415803551674,1.2857015132904053,-0.010199504904448986,0.032271310687065125,0.3012913465499878,0.024189872667193413,-0.01753649115562439,1.3002367840817894,0.3969071561962093,55511,0.6624843323538059,0.008147273486831683,0.018990831514115403,1.3440299953799695,0.0,0.0,0.3,0.0,-1.0,0.1,0.0,0.0,0.0,3.5049853324890137,55511,nan,0.9942871332168579,55829.949061497944,52000,54738.02050571306,nan,0,nan,nan,nan,nan,0.033221952617168427
14.768882111995481,rising,0,0.010121980682015419,-0.02499428391456604,1.2929837703704834,-0.009468176402151585,0.03349361568689346,0.30008524656295776,0.024189872667193413,-0.01753649115562439,1.30621694297879,0.395886726416259,55368,0.6355600637535339,0.009387360140777654,0.018998476129896913,0.8944899891503155,0.0,0.0,0.3,0.0,-1.0,0.1,0.0,0.0,0.0,3.5049853324890137,55368,nan,0.9932975172996521,55741.60715766383,52000,54748.02050571306,nan,0,nan,nan,nan,nan,0.033221952617168427
14.78909735599882,rising,0,0.009855300188064575,-0.02461383491754532,1.2979636192321777,-0.008648782968521118,0.03393207862973213,0.2977396845817566,0.024189872667193413,-0.01753649115562439,1.3122425410809226,0.39836737425662444,55715,0.7010125133673988,0.00993112867805173,0.01873653008991316,1.0232399799861014,0.0,0.0,0.3,0.0,-1.0,0.1,0.0,0.0,0.0,3.5049853324890137,55715,nan,0.9947813153266907,56007.28435646476,52000,54758.02050571306,nan,0,nan,nan,nan,nan,0.033221952617168427
14.81117249300587,rising,0,0.009500824846327305,-0.024039175361394882,1.305287480354309,-0.0074688345193862915,0.03387438505887985,0.29628080129623413,0.024189872667193413,-0.01753649115562439,1.318420495081227,0.39766506504787197,55617,0.6824819273844831,0.010497771224043415,0.01853270137701224,1.202412007842213,0.0,0.0,0.3,0.0,-1.0,0.1,0.0,0.0,0.0,3.5049853324890137,55617,nan,0.9918203949928284,56075.67688744912,52000,54768.02050571306,nan,0,nan,nan,nan,nan,0.033221952617168427
14.829024253005628,rising,0,0.009321842342615128,-0.023710723966360092,1.3101304769515991,-0.005759878549724817,0.033345356583595276,0.2947419583797455,0.024189872667193413,-0.01753649115562439,1.3242044635815544,0.3996056386483617,55889,0.7336843970543967,0.010510658420779164,0.01776641928487832,1.0364929912611842,0.0,0.0,0.3,0.0,-1.0,0.1,0.0,0.0,0.0,3.5049853324890137,55889,nan,0.9967449903488159,56071.513317003344,52000,54778.02050571306,nan,0,nan,nan,nan,nan,0.033221952617168427
14.849346219998552,rising,0,0.009158111177384853,-0.023343835026025772,1.3150379657745361,-0.003773782402276993,0.032099649310112,0.2930552661418915,0.024189872667193413,-0.01753649115562439,1.330195504677249,0.40179617823448266,56195,0.791482275316163,0.01019831651278778,0.016843816486238117,1.3232319906819612,0.0,0.0,0.3,0.0,-1.0,0.1,0.0,0.0,0.0,3.5049853324890137,56195,nan,1.0072038173675537,55793.07686389859,52000,54788.02050571306,nan,0,nan,nan,nan,nan,0.033221952617168427
14.869232627999736,rising,0,0.008939580991864204,-0.02290049009025097,1.322314977645874,-0.0013785172486677766,0.030601073056459427,0.2945205867290497,0.024189872667193413,-0.01753649115562439,1.336209277983289,0.3994772414513081,55871,0.7302966082139317,0.009950972327142416,0.015961086589368234,1.1011749738827348,0.0,0.0,0.3,0.0,-1.0,0.1,0.0,0.0,0.0,3.5049853324890137,55871,nan,1.0093250274658203,55354.81483133243,52000,54795.577763387984,nan,0,nan,nan,nan,nan,0.033221952617168427
14.889296812005341,rising,0,0.008833580650389194,-0.022621633484959602,1.327161431312561,0.0011236179852858186,0.02855946496129036,0.2954077124595642,0.024189872667193413,-0.01753649115562439,1.3422098704846575,0.40046631010539036,56009,0.7563934064746789,0.009185015848629904,0.014777793929011018,1.2249040009919554,0.0,0.0,0.3,0.0,-1.0,0.1,0.0,0.0,0.0,3.5049853324890137,56009,nan,1.011353850364685,55380.221254710865,52000,54803.37300993896,nan,0,nan,nan,nan,nan,0.033221952617168427
14.909431503998348,rising,0,0.008761569857597351,-0.022357655689120293,1.3320122957229614,0.004045223817229271,0.02676258608698845,0.29600533843040466,0.024189872667193413,-0.01753649115562439,1.3482422626781043,0.4016341844363804,56172,0.7872080326221731,0.00852616196751771,0.013351541995224148,1.2584129872266203,0.0,0.0,0.3,0.0,-1.0,0.1,0.0,0.0,0.0,3.4944281578063965,56172,nan,1.0115611553192139,55530.008941747124,52000,54813.06148902974,nan,0,nan,nan,nan,nan,0.033221952617168427
14.928909546986688,rising,0,0.008717323653399944,-0.02197456732392311,1.3393020629882812,0.007060716859996319,0.02517971396446228,0.2979796826839447,0.024189872667193413,-0.01753649115562439,1.354192672681529,0.39896434500852,55799,0.7167637205414241,0.00817361858224068,0.011973476913393899,1.0405009961687028,0.0,0.0,0.3,0.0,-1.0,0.1,0.0,0.0,0.0,3.4944281578063965,55799,nan,1.0122359991073608,55124.496707493396,52000,54817.21395860925,nan,0,nan,nan,nan,nan,0.033221952617168427
14.948857912997482,rising,0,0.008712329901754856,-0.021797101944684982,1.3442420959472656,0.009734632447361946,0.02332524210214615,0.2996131181716919,0.024189872667193413,-0.01753649115562439,1.360214465582976,0.39949142031130724,55873,0.730670720614965,0.007411919663838033,0.010623933929370999,0.8380600193049759,0.0,0.0,0.3,0.0,-1.0,0.1,0.0,0.0,0.0,3.4944281578063965,55873,nan,1.0165185928344727,54965.05464224029,52000,54819.18516772433,nan,0,nan,nan,nan,nan,0.033221952617168427
14.968867493997095,rising,0,0.008728940971195698,-0.02157517336308956,1.351649284362793,0.012307882308959961,0.021540790796279907,0.3024691641330719,0.024189872667193413,-0.01753649115562439,1.3662113278842296,0.39629360722754664,55425,0.6462957052123102,0.006795024621229236,0.009394173677575113,0.8914019854273647,0.0,0.0,0.3,0.0,-1.0,0.1,0.0,0.0,0.0,3.4944281578063965,55425,nan,1.0063409805297852,55075.76564239854,52000,54822.60624071999,nan,0,nan,nan,nan,nan,0.033221952617168427
14.98847609499353,rising,0,0.008778613992035389,-0.021522551774978638,1.356562852859497,0.01455930806696415,0.02007967047393322,0.30385732650756836,0.024189872667193413,-0.01753649115562439,1.3722028642805524,0.39694106419573105,55516,0.6633790025258843,0.006100669313999752,0.008194360703647208,0.6220350041985512,0.0,0.0,0.3,0.0,-1.0,0.1,0.0,0.0,0.0,3.4944281578063965,55516,nan,1.012447476387024,54833.461779283585,52000,54822.750981234174,nan,0,nan,nan,nan,nan,0.033221952617168427
15.009080674004508,rising,0,0.008851492777466774,-0.021395118907094002,1.361556887626648,0.01642809808254242,0.018417684361338615,0.3059968650341034,0.024189872667193413,-0.01753649115562439,1.3782354358816518,0.3971647426364336,55547,0.6692808083491695,0.005388573029255819,0.0071752511900333715,0.9663370146881789,0.0,0.0,0.3,0.0,-1.0,0.1,0.0,0.0,0.0,3.4944281578063965,55547,nan,1.007712721824646,55121.86042409202,52000,54826.73910713895,nan,0,nan,nan,nan,nan,0.033221952617168427
15.028564207983436,rising,0,0.009001273661851883,-0.021370351314544678,1.3690356016159058,0.017537660896778107,0.016182173043489456,0.30725252628326416,0.024189872667193413,-0.01753649115562439,1.3842072568804722,0.3946493345029135,55195,0.6029112006045771,0.004315050681744731,0.006506853854464811,0.6847679906059057,0.0,0.0,0.3,0.0,-1.0,0.1,0.0,0.0,0.0,3.4944281578063965,55195,nan,1.0121815204620361,54530.73276303724,52000,54822.79235588427,nan,0,nan,nan,nan,nan,0.033221952617168427
15.049037043994758,rising,0,0.009036274626851082,-0.021376734599471092,1.3740286827087402,0.018409786745905876,0.01391476858407259,0.30856630206108093,0.024189872667193413,-0.01753649115562439,1.3902263929805485,0.3952721155432438,55282,0.6193434180275403,0.0031544876326575575,0.006019894005093951,0.9967809892259538,0.0,0.0,0.3,0.0,-1.0,0.1,0.0,0.0,0.0,3.4944281578063965,55282,nan,1.0094610452651978,54763.87648567137,52000,54822.0068109481,nan,0,nan,nan,nan,nan,0.033221952617168427
15.070117725990713,rising,0,0.009162865579128265,-0.021419167518615723,1.3816471099853516,0.018999459221959114,0.011446193791925907,0.31082677841186523,0.024189872667193413,-0.01753649115562439,1.3963998022780286,0.3923333964463169,54871,0.5418046555756426,0.001876415164212664,0.0056353160674282865,1.0563319956418127,0.0,0.0,0.3,0.0,-1.0,0.1,0.0,0.0,0.0,3.4944281578063965,54871,nan,1.0023679733276367,54741.373886718065,52000,54820.9317052917,nan,0,nan,nan,nan,nan,0.033221952617168427
15.088855626992881,rising,0,0.009228029288351536,-0.02152651734650135,1.3866685628890991,0.01896069198846817,0.008281078189611435,0.3102974593639374,0.024189872667193413,-0.01753649115562439,1.4022548998793354,0.3936393026734754,55054,0.5762612842605641,0.00015294736926041523,0.00557010003047731,0.746859994251281,0.0,0.0,0.3,0.0,-1.0,0.1,0.0,0.0,0.0,3.4944281578063965,55054,nan,0.9949108958244324,55335.6086771766,52000,54827.79406491684,nan,0,nan,nan,nan,nan,0.033221952617168427
15.10981778500718,rising,0,0.009359263814985752,-0.021763185039162636,1.394209861755371,0.019241007044911385,0.0052934326231479645,0.30861061811447144,0.024189872667193413,-0.01753649115562439,1.4083211353776277,0.39263882246600956,54914,0.5498633896044733,-0.0016096222994905177,0.005307809106616768,1.0055600141640753,0.0,0.0,0.3,0.0,-1.0,0.1,0.0,0.0,0.0,3.5049853324890137,54914,nan,0.9970628619194031,55075.76512707274,52000,54831.10034574558,nan,0,nan,nan,nan,nan,0.033221952617168427
15.12879059300758,rising,0,0.00947439856827259,-0.021972589194774628,1.3992793560028076,0.01917164959013462,0.0018944046460092068,0.30697372555732727,0.024189872667193413,-0.01753649115562439,1.4142181186849483,0.39449339523213184,55174,0.5987967079718146,-0.003537651305918592,0.005201275859002097,0.8248480153270066,0.0,0.0,0.3,0.0,-1.0,0.1,0.0,0.0,0.0,3.5049853324890137,55174,nan,0.9926595687866211,55581.99581699698,52000,54841.10034574558,nan,0,nan,nan,nan,nan,0.033221952617168427
15.14858498799731,rising,0,0.009548994712531567,-0.02223489060997963,1.404289722442627,0.019507775083184242,-0.000927635352127254,0.3051110804080963,0.024189872667193413,-0.01753649115562439,1.4201796868786913,0.3966161079296427,55470,0.6548049585657694,-0.005206347447894971,0.004928705719538629,0.7648630125913769,0.0,0.0,0.3,0.0,-1.0,0.1,0.0,0.0,0.0,3.5049853324890137,55470,nan,0.9860123991966248,56256.89904629536,52000,54851.10034574558,nan,0,nan,nan,nan,nan,0.033221952617168427
15.169106130982982,rising,0,0.00968567281961441,-0.02267427369952202,1.4117789268493652,0.019859643653035164,-0.0034431833773851395,0.302884042263031,0.024189872667193413,-0.01753649115562439,1.4263098166818962,0.3960343227220388,55389,0.6394544253836081,-0.006928189731349026,0.004620199849307394,0.8475079957861453,0.0,0.0,0.3,0.0,-1.0,0.1,0.0,0.0,0.0,3.5049853324890137,55389,nan,0.9937331080436707,55738.30594116209,52000,54861.10034574558,nan,0,nan,nan,nan,nan,0.033221952617168427
15.189250469004037,rising,0,0.009743896313011646,-0.02294551022350788,1.416825771331787,0.019702203571796417,-0.00591784855350852,0.30079662799835205,0.024189872667193413,-0.01753649115562439,1.43221963547694,0.39816132784389074,55687,0.6955759325564834,-0.008406774321792775,0.00461610966740178,1.2540000025182962,0.0,0.0,0.3,0.0,-1.0,0.1,0.0,0.0,0.0,3.5049853324890137,55687,nan,1.0017234086990356,55591.19365326818,52000,54870.834923179216,nan,0,nan,nan,nan,nan,0.033221952617168427
15.20842398100649,rising,0,0.009793009608983994,-0.02327958308160305,1.4217747449874878,0.019948439672589302,-0.007522548083215952,0.30041253566741943,0.024189872667193413,-0.01753649115562439,1.4381796382804166,0.3996208487898782,55891,0.7340857200495545,-0.009513620223238758,0.004426853784486706,0.6465359765570611,0.0,0.0,0.3,0.0,-1.0,0.1,0.0,0.0,0.0,3.5049853324890137,55891,nan,1.0020720958709717,55775.42796600995,52000,54880.834923179216,nan,0,nan,nan,nan,nan,0.033221952617168427
15.22859591798624,rising,0,0.009895488619804382,-0.023782292380928993,1.429250717163086,0.019743042066693306,-0.009050914086401463,0.30006563663482666,0.024189872667193413,-0.01753649115562439,1.4441973061853786,0.3979766730985264,55661,0.6907037756867105,-0.010826338170113366,0.004445363640567468,0.7251269998960197,0.0,0.0,0.3,0.0,-1.0,0.1,0.0,0.0,0.0,3.5049853324890137,55661,nan,1.0053414106369019,55365.271350692456,52000,54887.29407554606,nan,0,nan,nan,nan,nan,0.033221952617168427
15.249009385006502,rising,0,0.00998711958527565,-0.024172615259885788,1.4342297315597534,0.019881149753928185,-0.009755014441907406,0.2996164560317993,0.024189872667193413,-0.01753649115562439,1.4502246187796117,0.3995145647522473,55876,0.7312813918798735,-0.011527981403844013,0.004267369970506474,1.0248809994664043,0.0,0.0,0.3,0.0,-1.0,0.1,0.0,0.0,0.0,3.5049853324890137,55876,nan,1.0063680410385132,55522.430881588036,52000,54895.762566293284,nan,0,nan,nan,nan,nan,0.033221952617168427
15.268542931007687,rising,0,0.010066328570246696,-0.024775972589850426,1.4416615962982178,0.0196381788700819,-0.010553008876740932,0.3005169630050659,0.024189872667193413,-0.01753649115562439,1.4561975857854121,0.39724578548135947,55559,0.671419141988375,-0.01260321468120177,0.004334312203368329,0.6797790119890124,0.0,0.0,0.3,0.0,-1.0,0.1,0.0,0.0,0.0,3.5049853324890137,55559,nan,1.008248209953308,55104.48662494817,52000,54898.54555374202,nan,0,nan,nan,nan,nan,0.033221952617168427
15.288627055007964,rising,0,0.010178080759942532,-0.02518301084637642,1.4466426372528076,0.01987575739622116,-0.0107317129150033,0.3019774556159973,0.024189872667193413,-0.01753649115562439,1.4621945599850732,0.3977875679152907,55634,0.6857141930155848,-0.013085232151977034,0.004096583133800902,0.7614240166731179,0.0,0.0,0.3,0.0,-1.0,0.1,0.0,0.0,0.0,3.5049853324890137,55634,nan,1.0078908205032349,55198.43902559031,52000,54902.54413336667,nan,0,nan,nan,nan,nan,0.033221952617168427
15.309068376984214,rising,0,0.010278766043484211,-0.025734810158610344,1.454094409942627,0.02034502476453781,-0.010711997747421265,0.3046630620956421,0.024189872667193413,-0.01753649115562439,1.4682558097789296,0.3947092900933647,55204,0.6044931423051363,-0.01373653144493503,0.0037887156745288753,0.6999580073170364,0.0,0.0,0.3,0.0,-1.0,0.1,0.0,0.0,0.0,3.4944281578063965,55204,nan,1.0013139247894287,55131.56127496092,52000,54905.59769525459,nan,0,nan,nan,nan,nan,0.033221952617168427
15.328679336991627,rising,0,0.010391265153884888,-0.02611149474978447,1.4590184688568115,0.020450372248888016,-0.010958957485854626,0.30518054962158203,0.024189872667193413,-0.01753649115562439,1.4742140854825265,0.39574575995522004,55349,0.6318406320638523,-0.014206137555925015,0.003611843279119231,0.7562579994555563,0.0,0.0,0.3,0.0,-1.0,0.1,0.0,0.0,0.0,3.4944281578063965,55349,nan,1.0058300495147705,55028.18296858529,52000,54907.23216556567,nan,0,nan,nan,nan,nan,0.033221952617168427
15.349058035004418,rising,0,0.010484528727829456,-0.026583680883049965,1.4639880657196045,0.02106981724500656,-0.010695098899304867,0.3053790330886841,0.024189872667193413,-0.01753649115562439,1.4802608617814257,0.39699426196822746,55523,0.6647826376841,-0.014504307726553586,0.0031944448700642614,0.9003260056488216,0.0,0.0,0.3,0.0,-1.0,0.1,0.0,0.0,0.0,3.4944281578063965,55523,nan,1.0016186237335205,55433.27438645133,52000,54914.24606184415,nan,0,nan,nan,nan,nan,0.033221952617168427
15.368510305997916,rising,0,0.010651064105331898,-0.027145525440573692,1.4714518785476685,0.021998193114995956,-0.01043668482452631,0.3057466745376587,0.024189872667193413,-0.01753649115562439,1.4862015031831104,0.3949085399634673,55232,0.6097503948144389,-0.01501915681378031,0.002572458732556182,0.6709700101055205,0.0,0.0,0.3,0.0,-1.0,0.1,0.0,0.0,0.0,3.4944281578063965,55232,nan,0.997411847114563,55375.319793706076,52000,54920.39371160231,nan,0,nan,nan,nan,nan,0.033221952617168427
15.388844614994014,rising,0,0.010720177553594112,-0.02752799354493618,1.4763559103012085,0.02249162830412388,-0.010626455768942833,0.3038454055786133,0.024189872667193413,-0.01753649115562439,1.4922312820825026,0.3972686798253606,55562,0.6720232143894602,-0.015410602663456983,0.0022391725629111736,0.8245659992098808,0.0,0.0,0.3,0.0,-1.0,0.1,0.0,0.0,0.0,3.4944281578063965,55562,nan,0.9930322766304016,55951.85706202349,52000,54930.39371160231,nan,0,nan,nan,nan,nan,0.033221952617168427
15.409462343988707,rising,0,0.010814365930855274,-0.027935264632105827,1.481370449066162,0.02344360575079918,-0.01037677749991417,0.3018955886363983,0.024189872667193413,-0.01753649115562439,1.4982665053772506,0.39952047695150733,55877,0.7314373865833055,-0.015606525576045034,0.0016556894696451163,1.2011369981337339,0.0,0.0,0.3,0.0,-1.0,0.1,0.0,0.0,0.0,3.4944281578063965,55877,nan,0.995930016040802,56105.34786583919,52000,54940.39371160231,nan,0,nan,nan,nan,nan,0.033221952617168427
15.429656783002429,rising,0,0.011011024937033653,-0.02847902663052082,1.4887750148773193,0.024324284866452217,-0.010097325779497623,0.30046769976615906,0.024189872667193413,-0.01753649115562439,1.504254017281346,0.39846545463720845,55729,0.7036003862060269,-0.01605348055970248,0.001020620946295736,1.113748992793262,0.0,0.0,0.3,0.0,-1.0,0.1,0.0,0.0,0.0,3.4944281578063965,55729,nan,0.9903525710105896,56271.87895633191,52000,54950.39371160231,nan,0,nan,nan,nan,nan,0.033221952617168427
15.448927511984948,rising,0,0.01115262508392334,-0.028909925371408463,1.4936174154281616,0.024375934153795242,-0.010255469009280205,0.29769131541252136,0.024189872667193413,-0.01753649115562439,1.5102414112800033,0.401287767546806,56124,0.7780677452983102,-0.016448962671970366,0.0008465551920555647,0.8039090025704354,0.0,0.0,0.3,0.0,-1.0,0.1,0.0,0.0,0.0,3.4944281578063965,56124,nan,0.9980719685554504,56232.41786985613,52000,54960.39371160231,nan,0,nan,nan,nan,nan,0.033221952617168427
15.468971419002628,rising,0,0.011324835009872913,-0.02947382815182209,1.5010045766830444,0.02489357255399227,-0.009937070310115814,0.29764142632484436,0.024189872667193413,-0.01753649115562439,1.516214813577244,0.3995483484040524,55881,0.7321727811095613,-0.016925792269015208,0.00041872418616395457,1.024072989821434,0.0,0.0,0.3,0.0,-1.0,0.1,0.0,0.0,0.0,3.4944281578063965,55881,nan,0.9937706589698792,56231.28384362345,52000,54970.39371160231,nan,0,nan,nan,nan,nan,0.033221952617168427
15.488990432000719,rising,0,0.011456035077571869,-0.029798433184623718,1.5059220790863037,0.0246487595140934,-0.009840849786996841,0.29598134756088257,0.024189872667193413,-0.01753649115562439,1.5222310165787347,0.40175332483259246,56189,0.7903515786963702,-0.01710821591699321,0.00040767089515680865,0.9486190101597458,0.0,0.0,0.3,0.0,-1.0,0.1,0.0,0.0,0.0,3.4944281578063965,56189,nan,1.002668023109436,56039.48535802389,52000,54980.39371160231,nan,0,nan,nan,nan,nan,0.033221952617168427
15.509599801007425,rising,0,0.011559535749256611,-0.030115310102701187,1.5108208656311035,0.024738585576415062,-0.009093438275158405,0.29663923382759094,0.024189872667193413,-0.01753649115562439,1.5282427567843113,0.40281501167178774,56337,0.818364424057723,-0.017006679215087507,0.0002592198652868749,1.4523489808198065,0.0,0.0,0.3,0.0,-1.0,0.1,0.0,0.0,0.0,3.489149570465088,56337,nan,1.0127432346343994,55628.1178420685,52000,54989.030033341856,nan,0,nan,nan,nan,nan,0.033221952617168427
15.528718916000798,rising,0,0.01175196748226881,-0.030539747327566147,1.5181963443756104,0.024720963090658188,-0.008018630556762218,0.29866665601730347,0.024189872667193413,-0.01753649115562439,1.534212126478087,0.40004328426035346,55950,0.7452317746795103,-0.01701155125080582,7.741526251692221e-05,0.8463819976896048,0.0,0.0,0.3,0.0,-1.0,0.1,0.0,0.0,0.0,3.489149570465088,55950,nan,1.017488718032837,54988.3246943229,52000,54989.0206288216,nan,0,nan,nan,nan,nan,0.033221952617168427
15.548671149997972,rising,0,0.011845314875245094,-0.030850376933813095,1.5231126546859741,0.024041038006544113,-0.007061646319925785,0.300763338804245,0.024189872667193413,-0.01753649115562439,1.5402182821795576,0.4003560883345266,55994,0.7534851803305163,-0.016830522222587734,0.0003237505848205924,0.7399129972327501,0.0,0.0,0.3,0.0,-1.0,0.1,0.0,0.0,0.0,3.489149570465088,55994,nan,1.016615390777588,55078.84349180604,52000,54990.21826699473,nan,0,nan,nan,nan,nan,0.033221952617168427
15.569689777999884,rising,0,0.012026665732264519,-0.03129728510975838,1.5305089950561523,0.023849735036492348,-0.005536080803722143,0.30247682332992554,0.024189872667193413,-0.01753649115562439,1.5462897766847161,0.39784151751267344,55642,0.6871376652420427,-0.016619276778138597,0.00023963252548786507,1.442904002033174,0.0,0.0,0.3,0.0,-1.0,0.1,0.0,0.0,0.0,3.489149570465088,55642,nan,1.0106163024902344,55057.49299995848,52000,54991.11526343424,nan,0,nan,nan,nan,nan,0.033221952617168427
15.588849784980994,rising,0,0.012136156670749187,-0.03151712939143181,1.5354524850845337,0.02332395501434803,-0.004176161717623472,0.3041943609714508,0.024189872667193413,-0.01753649115562439,1.5522101317852501,0.3982007861820257,55692,0.696617049657668,-0.016142025572922193,0.0003935085142714456,0.9064170008059591,0.0,0.0,0.3,0.0,-1.0,0.1,0.0,0.0,0.0,3.489149570465088,55692,nan,1.0099836587905884,55141.48621640944,52000,54993.12020947391,nan,0,nan,nan,nan,nan,0.033221952617168427
15.609330681007123,rising,0,0.012225452810525894,-0.031703557819128036,1.5403748750686646,0.023440727964043617,-0.0022748697083443403,0.30644381046295166,0.024189872667193413,-0.01753649115562439,1.558226475183619,0.39843863877577956,55725,0.7028928436881134,-0.015365080290724992,0.0002450122586881154,1.2372029887046665,0.0,0.0,0.3,0.0,-1.0,0.1,0.0,0.0,0.0,3.489149570465088,55725,nan,1.0010950565338135,55664.04472412636,52000,55002.06586966928,nan,0,nan,nan,nan,nan,0.033221952617168427
15.629226453980664,rising,0,0.01234135590493679,-0.03195510432124138,1.5477850437164307,0.023495018482208252,-0.00024912055232562125,0.306363970041275,0.024189872667193413,-0.01753649115562439,1.564255607279483,0.3967478712998096,55489,0.6582815646387736,-0.014662908829397064,0.0001018354765169871,1.075557025615126,0.0,0.0,0.3,0.0,-1.0,0.1,0.0,0.0,0.0,3.489149570465088,55489,nan,1.0055174827575684,55184.520360426664,52000,55004.49859621271,nan,0,nan,nan,nan,nan,0.033221952617168427
15.64908082599868,rising,0,0.012424732558429241,-0.032103706151247025,1.5527310371398926,0.02283637598156929,0.0015456100227311254,0.3051739037036896,0.024189872667193413,-0.01753649115562439,1.5702201100823003,0.39861160502243337,55750,0.7074565968979769,-0.01384289992299172,0.0003481605860113923,1.069140009349212,0.0,0.0,0.3,0.0,-1.0,0.1,0.0,0.0,0.0,3.489149570465088,55750,nan,0.9965277910232544,55944.25012748997,52000,55014.49859621271,nan,0,nan,nan,nan,nan,0.033221952617168427
15.669279125984758,rising,0,0.012500389479100704,-0.03226134926080704,1.5601649284362793,0.022470127791166306,0.003863533493131399,0.30490610003471375,0.024189872667193413,-0.01753649115562439,1.5762377644801744,0.3969700205037584,55520,0.6641430212073445,-0.012891096428053958,0.0004578877848879781,1.1554709926713258,0.0,0.0,0.3,0.0,-1.0,0.1,0.0,0.0,0.0,3.489149570465088,55520,nan,1.000689148902893,55481.76480265568,52000,55020.728812298614,nan,0,nan,nan,nan,nan,0.033221952617168427
15.68912834400544,rising,0,0.012490599416196346,-0.03229643404483795,1.5651676654815674,0.021034788340330124,0.00600083265453577,0.3047875463962555,0.024189872667193413,-0.01753649115562439,1.5822068911773384,0.3982323205765564,55696,0.6974490917297178,-0.011812007916219766,0.0011871255017352755,1.1114469962194562,0.0,0.0,0.3,0.0,-1.0,0.1,0.0,0.0,0.0,3.489149570465088,55696,nan,0.999465823173523,55725.76741358999,52000,55030.129326982504,nan,0,nan,nan,nan,nan,0.033221952617168427
15.710617600998376,rising,0,0.012463194318115711,-0.03231681510806084,1.572596788406372,0.019443176686763763,0.008596878498792648,0.305079847574234,0.024189872667193413,-0.01753649115562439,1.5884065942780579,0.39654431077636537,55460,0.6529105745742836,-0.010573447828403672,0.0020225647608766995,1.30509800510481,0.0,0.0,0.3,0.0,-1.0,0.1,0.0,0.0,0.0,3.489149570465088,55460,nan,0.9945804476737976,55762.206194294464,52000,55039.89035188,nan,0,nan,nan,nan,nan,0.033221952617168427
15.728662662993884,rising,0,0.012378540821373463,-0.032286420464515686,1.577628254890442,0.017175646498799324,0.011267277412116528,0.3043879568576813,0.024189872667193413,-0.01753649115562439,1.5941962936776688,0.397833871867319,55641,0.6869359331746416,-0.009166103527413531,0.0032410656486920875,0.7627999875694513,0.0,0.0,0.3,0.0,-1.0,0.1,0.0,0.0,0.0,3.489149570465088,55641,nan,1.0030717849731445,55470.606225345764,52000,55045.63323019288,nan,0,nan,nan,nan,nan,0.033221952617168427
15.749261193996063,rising,0,0.012316731736063957,-0.03232155367732048,1.5825625658035278,0.013787401840090752,0.013555247336626053,0.303408145904541,0.024189872667193413,-0.01753649115562439,1.6001966128853382,0.39965528441450265,55895,0.7349943117283004,-0.008014530857265133,0.00498375556976427,1.2661720102187246,0.0,0.0,0.3,0.0,-1.0,0.1,0.0,0.0,0.0,3.489149570465088,55895,nan,1.0048041343688965,55627.75678178004,52000,55053.39487754738,nan,0,nan,nan,nan,nan,0.033221952617168427
15.769694689981407,rising,0,0.012124345637857914,-0.03219345211982727,1.5900591611862183,0.010898489505052567,0.01611277274787426,0.30468592047691345,0.024189872667193413,-0.01753649115562439,1.6063850932812782,0.39738103895208254,55577,0.6749878351472951,-0.00664427226860401,0.0066599364731696475,0.8383789972867817,0.0,0.0,0.3,0.0,-1.0,0.1,0.0,0.0,0.0,3.489149570465088,55577,nan,1.0074211359024048,55167.59378908256,52000,55054.91752970118,nan,0,nan,nan,nan,nan,0.033221952617168427
15.789033899985952,rising,0,0.011974054388701916,-0.03207629919052124,1.5950369834899902,0.007520425133407116,0.01811153069138527,0.3048153817653656,0.024189872667193413,-0.01753649115562439,1.6122274525812825,0.39839979199655584,55720,0.7018678627059582,-0.005506296085779556,0.008489670381131686,0.9822389984037727,0.0,0.0,0.3,0.0,-1.0,0.1,0.0,0.0,0.0,3.489149570465088,55720,nan,1.0027507543563843,55567.14842439973,52000,55061.74727496383,nan,0,nan,nan,nan,nan,0.033221952617168427
15.80883243898279,rising,0,0.011673270724713802,-0.03182709217071533,1.6024988889694214,0.00519226212054491,0.02036197856068611,0.305870920419693,0.024189872667193413,-0.01753649115562439,1.6181864458805648,0.39599628070194703,55384,0.638450678151635,-0.004151382313884733,0.010020939490548164,0.9633910085540265,0.0,0.0,0.3,0.0,-1.0,0.1,0.0,0.0,0.0,3.489149570465088,55384,nan,1.0045294761657715,55134.270635240486,52000,55062.71425310086,nan,0,nan,nan,nan,nan,0.033221952617168427
15.828639448998729,rising,0,0.01142728328704834,-0.03166315704584122,1.607419729232788,0.002827020362019539,0.022015634924173355,0.30600011348724365,0.024189872667193413,-0.01753649115562439,1.624192537984345,0.3972928497248347,55565,0.6726609426077736,-0.0031403104079098096,0.011426660392128918,0.7790479867253453,0.0,0.0,0.3,0.0,-1.0,0.1,0.0,0.0,0.0,3.489149570465088,55565,nan,1.0014053583145142,55487.02085389536,52000,55068.37167444478,nan,0,nan,nan,nan,nan,0.033221952617168427
15.849173349997727,rising,0,0.01117220614105463,-0.031469665467739105,1.6123805046081543,0.0015754875494167209,0.02365403063595295,0.30467602610588074,0.024189872667193413,-0.01753649115562439,1.6302203011844538,0.39929158988980795,55845,0.7253981501268569,-0.0021100556063115257,0.012251927201249124,1.1772199941333383,0.0,0.0,0.3,0.0,-1.0,0.1,0.0,0.0,0.0,3.489149570465088,55845,nan,0.9934821724891663,56211.37605326177,52000,55078.37167444478,nan,0,nan,nan,nan,nan,0.033221952617168427
15.869383926008595,rising,0,0.010752527974545956,-0.03105548582971096,1.6197863817214966,0.0009275202755816281,0.02515600062906742,0.30365628004074097,0.024189872667193413,-0.01753649115562439,1.6362356116791488,0.39806640312879477,55673,0.6930713226594918,-0.0009456457164220889,0.013036972690304127,1.3212210033088923,0.0,0.0,0.3,0.0,-1.0,0.1,0.0,0.0,0.0,3.489149570465088,55673,nan,0.997356653213501,55820.55307960357,52000,55088.26742651357,nan,0,nan,nan,nan,nan,0.033221952617168427
15.888717291993089,rising,0,0.010508150793612003,-0.030772708356380463,1.6247040033340454,0.00015149248065426946,0.0261381808668375,0.3016054332256317,0.024189872667193413,-0.01753649115562439,1.642213904878008,0.4004206532256236,56003,0.755188739462362,-0.00016696661961869018,0.013592100679582941,0.7691969804000109,0.0,0.0,0.3,0.0,-1.0,0.1,0.0,0.0,0.0,3.489149570465088,56003,nan,0.9969599843025208,56173.76913997209,52000,55098.26742651357,nan,0,nan,nan,nan,nan,0.033221952617168427
15.90928206598619,rising,0,0.010041064582765102,-0.030377784743905067,1.6320924758911133,0.0002764105738606304,0.02726718783378601,0.300615519285202,0.024189872667193413,-0.01753649115562439,1.6482619420770788,0.3992425347095101,55838,0.7241038181928765,0.0007938818266414742,0.014037645525562636,0.8745990053284913,0.0,0.0,0.3,0.0,-1.0,0.1,0.0,0.0,0.0,3.4838709831237793,55838,nan,1.0001741647720337,55828.27668091883,52000,55108.00088323897,nan,0,nan,nan,nan,nan,0.033221952617168427
15.92861574399285,rising,0,0.009807009249925613,-0.030067434534430504,1.6370296478271484,0.00019172887550666928,0.027957651764154434,0.2995435297489166,0.024189872667193413,-0.01753649115562439,1.654164143090342,0.39888998831706496,55788,0.7148018025610785,0.0014520611403262605,0.014327246300178675,0.755821994971484,0.0,0.0,0.2958065485174304,0.0,-1.0,0.1,0.0,0.0,0.0,3.4838709831237793,55788,nan,1.006591796875,55422.66504972108,52000,55112.19640545873,nan,0,nan,nan,nan,nan,0.033221952617168427
15.94891413199366,rising,0,0.009480781853199005,-0.02978757955133915,1.6419956684112549,0.0006826173048466444,0.028742210939526558,0.2985244691371918,0.024189872667193413,-0.01753649115562439,1.6600364830492258,0.39752511861797757,55598,0.6787894094453168,0.002133440300420209,0.014457735666138172,0.8299019827973098,0.0,0.0,0.2897897689195817,0.0,-1.0,0.1,0.0,0.0,0.0,3.4838709831237793,55598,nan,1.010067105293274,55043.86758923019,52000,55111.28535457568,nan,0,nan,nan,nan,nan,0.033221952617168427
15.96855040898663,rising,0,0.009069044142961502,-0.02935679815709591,1.6493899822235107,0.0012531271204352379,0.02952411398291588,0.30025818943977356,0.024189872667193413,-0.01753649115562439,1.6657905867820153,0.3916005564518741,54769,0.522468507965014,0.0030051815072537746,0.014805693488670668,0.6052739918231964,0.0,0.0,0.28377041412168197,0.0,-1.0,0.1,0.0,0.0,0.0,3.4838709831237793,54769,nan,1.0051082372665405,54490.64883693321,52000,55103.01020100711,nan,0,nan,nan,nan,nan,0.033221952617168427
15.988889400992775,rising,0,0.008755601942539215,-0.02907843515276909,1.654329538345337,0.0012127673253417015,0.02966395951807499,0.30111485719680786,0.024189872667193413,-0.01753649115562439,1.671406981701849,0.38902049304324837,54408,0.45439295628623455,0.0033832916802521975,0.01524697217716775,0.8657180005684495,0.0,0.0,0.2777693485229976,0.0,-1.0,0.1,0.0,0.0,0.0,3.4838709831237793,54408,nan,1.0072990655899048,54013.7500952977,52000,55093.01020100711,nan,0,nan,nan,nan,nan,0.033221952617168427
16.008700236008735,rising,0,0.008365454152226448,-0.02866361103951931,1.6617929935455322,0.0016947358381003141,0.029937971383333206,0.30281445384025574,0.024189872667193413,-0.01753649115562439,1.6768643413998763,0.382686600123822,53522,0.287271771077096,0.004016181367194463,0.015655277598347617,0.8138830016832799,0.0,0.0,0.27181132272235137,0.0,-1.0,0.1,0.0,0.0,0.0,3.4838709831237793,53522,nan,1.0091667175292969,53035.83547724979,52000,55083.01020100711,nan,0,nan,nan,nan,nan,0.033221952617168427
16.028925663995324,rising,0,0.008114173077046871,-0.028441209346055984,1.6667274236679077,0.0015829713083803654,0.029619360342621803,0.30421894788742065,0.024189872667193413,-0.01753649115562439,1.6823076549283884,0.3795850648042249,53088,0.20543706607453416,0.0041155250414038405,0.016106929640013146,0.8037950028665364,0.0,0.0,0.2657355961157011,0.0,-1.0,0.1,0.0,0.0,0.0,3.4838709831237793,53088,nan,1.0086979866027832,52630.2230252251,52000,55073.01020100711,nan,0,nan,nan,nan,nan,0.033221952617168427
16.048714856995502,rising,0,0.007854778319597244,-0.028191672638058662,1.6716980934143066,0.0019138827919960022,0.02933783456683159,0.30372631549835205,0.024189872667193413,-0.01753649115562439,1.6875099562295544,0.37715231676360395,52748,0.14124846341962716,0.004257464901298322,0.016310476308985855,0.8000150264706463,0.0,0.0,0.25979612441733496,0.0,-1.0,0.1,0.0,0.0,0.0,3.4838709831237793,52748,nan,0.9932655692100525,53105.63623175891,52000,55063.01020100711,nan,0,nan,nan,nan,nan,0.033221952617168427
16.069004619988846,rising,0,0.007569846697151661,-0.027926336973905563,1.6766352653503418,0.0023043437395244837,0.028961490839719772,0.30241283774375916,0.024189872667193413,-0.01753649115562439,1.6926778538845753,0.37507958303691064,52458,0.0865589191796996,0.004363307901260204,0.01649629183839707,0.8780589851085097,0.0,0.0,0.25375832532008663,0.0,-1.0,0.1,0.0,0.0,0.0,3.4838709831237793,52458,nan,0.9883438348770142,53076.67043476593,52000,55053.01020100711,nan,0,nan,nan,nan,nan,0.033221952617168427
16.088738894002745,rising,0,0.007160712033510208,-0.02759586088359356,1.683957576751709,0.0026267473585903645,0.028327252715826035,0.2995659410953522,0.024189872667193413,-0.01753649115562439,1.6976604697944533,0.37060047037838617,51832,-0.03162347286580136,0.004430496955127403,0.016963325144320196,0.8092299976851791,0.0,0.0,0.24779773631598817,0.0,-1.0,0.1,0.0,0.0,0.0,3.4838709831237793,51832,nan,0.9778358340263367,53006.852680553304,52000,55043.01020100711,nan,0,nan,nan,nan,nan,0.033221952617168427
16.10902184000588,rising,0,0.006877893581986427,-0.02742484025657177,1.6887978315353394,0.0022404089104384184,0.027060700580477715,0.2943243682384491,0.024189872667193413,-0.01753649115562439,1.7025752456304544,0.3703052851482125,51791,-0.03941200136642742,0.0039346646330780674,0.01749108200390026,0.9879469871520996,0.0,0.0,0.2417743837169839,0.0,-1.0,0.1,0.0,0.0,0.0,3.5102639198303223,51791,nan,0.9832671284675598,52672.359830351736,52000,55033.01020100711,nan,0,nan,nan,nan,nan,0.033221952617168427
16.12849271899904,rising,0,0.006461692973971367,-0.02713547646999359,1.6959060430526733,0.0023749794345349073,0.026326173916459084,0.29063481092453003,0.024189872667193413,-0.01753649115562439,1.7073357633806063,0.3662280053222318,51220,-0.14699194400443893,0.003893413247473827,0.01806698518665728,0.622767984168604,0.0,0.0,0.2357934307219695,0.0,-1.0,0.1,0.0,0.0,0.0,3.5102639198303223,51220,nan,0.9831584692001343,52097.39996612237,52000,55023.01020100711,nan,0,nan,nan,nan,nan,0.033221952617168427
16.148619129002327,rising,0,0.00617603212594986,-0.026931770145893097,1.700589895248413,0.0018940422451123595,0.025319145992398262,0.28704798221588135,0.024189872667193413,-0.01753649115562439,1.7119765782732466,0.3649810903774307,51046,-0.17989207447412525,0.003578127435708002,0.018705423561977907,0.7285760075319558,0.0,0.0,0.22981308282178378,0.0,-1.0,0.1,0.0,0.0,0.0,3.5102639198303223,51046,nan,0.9750880002975464,52350.146842565395,52000,55013.01020100711,nan,0,nan,nan,nan,nan,0.033221952617168427
16.170066621998558,rising,0,0.005752912722527981,-0.026780083775520325,1.707404375076294,0.0017854649340733886,0.02477359026670456,0.2802565395832062,0.024189872667193413,-0.01753649115562439,1.716656525814541,0.3626162129055068,50715,-0.24228989695232883,0.0034679062769646177,0.01935415152051334,0.9153839782811701,0.0,0.0,0.2236204027169153,0.0,-1.0,0.1,0.0,0.0,0.0,3.5102639198303223,50715,nan,0.9553791284561157,53083.63820126047,52000,55003.01020100711,nan,0,nan,nan,nan,nan,0.033221952617168427
16.188922508998076,rising,0,0.005422838963568211,-0.026598399505019188,1.7118080854415894,0.0016275634989142418,0.024229060858488083,0.2713683843612671,0.024189872667193413,-0.01753649115562439,1.7209472278258122,0.3640056871877427,50910,-0.2056283063920148,0.003355136639569919,0.019729820058886238,0.9837669786065817,0.0,0.0,0.21778811561816855,0.0,-1.0,0.1,0.0,0.0,0.0,3.5102639198303223,50910,nan,0.954597532749176,53331.37605476798,52000,54993.01020100711,nan,0,nan,nan,nan,nan,0.033221952617168427
16.209141033992637,rising,0,0.005158260930329561,-0.026488171890378,1.7160372734069824,0.0009796196827664971,0.023238476365804672,0.26241034269332886,0.024189872667193413,-0.01753649115562439,1.7252812763163154,0.36559256636953064,51131,-0.16375814328415395,0.0029192172680772123,0.020288239607779257,0.937687000259757,0.0,0.0,0.21173387591552473,0.0,-1.0,0.1,0.0,0.0,0.0,3.5102639198303223,51131,nan,0.9549006223678589,53545.886139660164,52000,54983.01020100711,nan,0,nan,nan,nan,nan,0.033221952617168427
16.228625513991574,rising,0,0.004723511636257172,-0.02640162967145443,1.722197413444519,0.000981770223006606,0.02283969335258007,0.25426173210144043,0.024189872667193413,-0.01753649115562439,1.7294157042824123,0.3641678192624452,50932,-0.20135041523891495,0.0028066912664512587,0.020844071384622964,0.7108570134732872,0.0,0.0,0.20579255922057219,0.0,-1.0,0.1,0.0,0.0,0.0,3.5102639198303223,50932,nan,0.9534685015678406,53417.601018019704,52000,54973.01020100711,nan,0,nan,nan,nan,nan,0.033221952617168427
16.248968081985367,rising,0,0.004401963669806719,-0.02627730183303356,1.7261512279510498,0.00047815771540626884,0.02212868072092533,0.24351370334625244,0.024189872667193413,-0.01753649115562439,1.7334803734180293,0.36667780397903416,51283,-0.13512390556638287,0.0025352619265782764,0.021326965456921698,0.9929139923769981,0.0,0.0,0.19977931812172772,0.0,-1.0,0.1,0.0,0.0,0.0,3.5102639198303223,51283,nan,0.9405872821807861,54522.31916329815,52000,54967.00098717099,nan,0,nan,nan,nan,nan,0.033221952617168427
16.26929349298007,rising,0,0.0041023436933755875,-0.026182174682617188,1.7299129962921143,0.0006045553018338978,0.022149808704853058,0.2321251481771469,0.024189872667193413,-0.01753649115562439,1.7374276511059639,0.3695963720118157,51691,-0.058116833461328454,0.0026296586341295965,0.02141445651037266,1.242992002516985,0.0,0.0,0.19376121731766052,0.0,-1.0,0.1,0.0,0.0,0.0,3.5102639198303223,51691,nan,0.9499578475952148,54413.993348077456,52000,54959.627551983074,nan,0,nan,nan,nan,nan,0.033221952617168427
16.28838502598228,rising,0,0.0036524804309010506,-0.026067793369293213,1.7352919578552246,0.0007691012579016387,0.022358348593115807,0.22164630889892578,0.024189872667193413,-0.01753649115562439,1.741200497427417,0.36986535049635655,51729,-0.051019775821728786,0.0028642908144096944,0.02179651313383424,0.6233699969016016,0.0,0.0,0.18782891562150342,0.0,-1.0,0.1,0.0,0.0,0.0,3.5102639198303223,51729,nan,0.9486722350120544,54527.789568272434,52000,54953.86971220027,nan,0,nan,nan,nan,nan,0.033221952617168427
16.308873928996036,rising,0,0.003344785189256072,-0.025990769267082214,1.7387036085128784,0.00035341124748811126,0.022322118282318115,0.20990638434886932,0.024189872667193413,-0.01753649115562439,1.7449065142578573,0.37309929020972676,52181,0.03430844880545436,0.0029026585321131233,0.022160399811101295,0.9099589951802045,0.0,0.0,0.18181334231921956,0.0,-1.0,0.1,0.0,0.0,0.0,3.5208210945129395,52181,nan,0.9374348521232605,55663.60145647633,52000,54963.33280212395,nan,0,nan,nan,nan,nan,0.033221952617168427
16.328690455004107,rising,0,0.0029353145509958267,-0.025788966566324234,1.743475079536438,0.0007036423194222152,0.023068755865097046,0.19786500930786133,0.024189872667193413,-0.01753649115562439,1.748486820334818,0.37463001111184374,52395,0.07469686310933277,0.0035050335723248458,0.022320126011830865,0.7565819832962006,0.0,0.0,0.17580644982226676,0.0,-1.0,0.1,0.0,0.0,0.0,3.5208210945129395,52395,nan,0.9358918070793152,55984.03533792194,52000,54973.33280212395,nan,0,nan,nan,nan,nan,0.033221952617168427
16.34900572200422,rising,0,0.0026625818572938442,-0.025679314509034157,1.7465007305145264,0.0010227126767858863,0.02350836805999279,0.18560609221458435,0.024189872667193413,-0.01753649115562439,1.751978247476381,0.3783110566748403,52910,0.17182207585330467,0.0038193558503766063,0.022222627618191382,0.929985981201753,0.0,0.0,0.1697440765216017,0.0,-1.0,0.1,0.0,0.0,0.0,3.5208210945129395,52910,nan,0.9589301943778992,55176.070490016304,52000,54976.03597129585,nan,0,nan,nan,nan,nan,0.033221952617168427
16.368722081999294,rising,0,0.002290173899382353,-0.025543974712491035,1.7507569789886475,0.0023808078840374947,0.02428479678928852,0.17643511295318604,0.024189872667193413,-0.01753649115562439,1.7552742788349838,0.37872990360212333,52969,0.1828734459663135,0.004368197365596029,0.021874107332324977,0.8677400182932615,0.0,0.0,0.16381523952004517,0.0,-1.0,0.1,0.0,0.0,0.0,3.5208210945129395,52969,nan,0.9558027386665344,55418.33880273083,52000,54981.93334238166,nan,0,nan,nan,nan,nan,0.033221952617168427
16.38855487498222,rising,0,0.002042005769908428,-0.02544957958161831,1.7534152269363403,0.0035516773350536823,0.024450985714793205,0.1651795506477356,0.024189872667193413,-0.01753649115562439,1.758501154208752,0.38205501320006796,53434,0.2706072084450639,0.004515999195829589,0.021330512575742144,0.6682050006929785,0.0,0.0,0.1577951440151084,0.0,-1.0,0.1,0.0,0.0,0.0,3.5208210945129395,53434,nan,0.946519136428833,56453.16395990014,52000,54991.93334238166,nan,0,nan,nan,nan,nan,0.033221952617168427
16.409136884001782,rising,0,0.0018321246607229114,-0.0253301952034235,1.7559775114059448,0.005580118857324123,0.025182565674185753,0.1547735631465912,0.024189872667193413,-0.01753649115562439,1.761613258904327,0.38492283424673535,53835,0.34627530994024447,0.0049865483694020805,0.020335543182788962,0.9586889937054366,0.0,0.0,0.15176312021503707,0.0,-1.0,0.1,0.0,0.0,0.0,3.5208210945129395,53835,nan,0.9578574895858765,56203.55907356868,52000,55001.93334238166,nan,0,nan,nan,nan,nan,0.033221952617168427
16.42891772298026,rising,0,0.0015921827871352434,-0.025166742503643036,1.759572148323059,0.0077254860661923885,0.02603447064757347,0.1473504900932312,0.024189872667193413,-0.01753649115562439,1.7645802095517429,0.384852947473892,53825,0.34443133176495877,0.005600096097460313,0.019473548149278708,0.9313850023318082,0.0,0.0,0.14578022591886128,0.0,-1.0,0.1,0.0,0.0,0.0,3.5208210945129395,53825,nan,0.9693585634231567,55526.4089378077,52000,55008.926350320675,nan,0,nan,nan,nan,nan,0.033221952617168427
16.44922449599835,rising,0,0.0014587988844141364,-0.02503073774278164,1.7618380784988403,0.009374070912599564,0.0263218991458416,0.14111480116844177,0.024189872667193413,-0.01753649115562439,1.767462370811423,0.385707771343797,53945,0.36698605128751893,0.0058777431391529595,0.018713744335225657,0.9935710113495588,0.0,0.0,0.1397232175164392,0.0,-1.0,0.1,0.0,0.0,0.0,3.5208210945129395,53945,nan,0.9546400308609009,56508.21069314685,52000,55018.926350320675,nan,0,nan,nan,nan,nan,0.033221952617168427
16.468863401998533,rising,0,0.0013061469653621316,-0.024898314848542213,1.765034794807434,0.01155992690473795,0.026848161593079567,0.1326284259557724,0.024189872667193413,-0.01753649115562439,1.7701638116285938,0.3863628881823607,54036,0.3842714559989613,0.006277256697941897,0.017708384241410746,0.9339919779449701,0.0,0.0,0.13379728331638052,0.0,-1.0,0.1,0.0,0.0,0.0,3.5208210945129395,54036,nan,0.9648295044898987,56005.74997814625,52000,55028.926350320675,nan,0,nan,nan,nan,nan,0.033221952617168427
16.489007017982658,rising,0,0.0012942226603627205,-0.02485741302371025,1.7670702934265137,0.0132931899279356,0.026347817853093147,0.1254362016916275,0.024189872667193413,-0.01753649115562439,1.7727917287953574,0.38767884089755944,54220,0.41899316352399474,0.006039891568660982,0.01676626593209818,0.9447350166738033,0.0,0.0,0.12776917751471065,0.0,-1.0,0.1,0.0,0.0,0.0,3.5208210945129395,54220,nan,0.9730058312416077,55724.22924825884,52000,55038.197055626515,nan,0,nan,nan,nan,nan,0.033221952617168427
16.50856188699254,rising,0,0.001231593661941588,-0.024781174957752228,1.768977403640747,0.01574784517288208,0.02577981725335121,0.11946724355220795,0.024189872667193413,-0.01753649115562439,1.7752763671160512,0.38839034204901524,54320,0.4377662809766534,0.005814704819418842,0.015535878836296924,0.6680499936919659,0.0,0.0,0.12179564741964004,0.0,-1.0,0.1,0.0,0.0,0.0,3.499706745147705,54320,nan,0.9662517309188843,56217.234351904204,52000,55048.197055626515,nan,0,nan,nan,nan,nan,0.033221952617168427
16.52904418198159,rising,0,0.0013006251538172364,-0.0247232336550951,1.771708607673645,0.018259920179843903,0.02438785322010517,0.11316483467817307,0.024189872667193413,-0.01753649115562439,1.777685322519057,0.3880866781217399,54278,0.42975404015144747,0.005161434519482705,0.014182139662401338,0.83261399413459,0.0,0.0,0.11571001032134536,0.0,-1.0,0.1,0.0,0.0,0.0,3.499706745147705,54278,nan,0.9767146110534668,55572.01600727231,52000,55055.18130831513,nan,0,nan,nan,nan,nan,0.033221952617168427
16.549210887984373,rising,0,0.001397815765812993,-0.02467515505850315,1.773429036140442,0.02044869214296341,0.021567821502685547,0.10680181533098221,0.024189872667193413,-0.01753649115562439,1.7799228826310778,0.38892837544955905,54395,0.45196241291712447,0.0037493380888808524,0.012925835802284125,1.0656880040187389,0.0,0.0,0.10975550292059796,0.0,-1.0,0.1,0.0,0.0,0.0,3.499706745147705,54395,nan,0.971094012260437,56014.14416445999,52000,55065.18130831513,nan,0,nan,nan,nan,nan,0.033221952617168427
16.56950222500018,rising,0,0.0016255785012617707,-0.024758171290159225,1.7758393287658691,0.02365148440003395,0.01893741637468338,0.09961742907762527,0.024189872667193413,-0.01753649115562439,1.7820456051538407,0.38916853198116275,54429,0.4582989968644515,0.002309710832840496,0.011037655033757643,1.0867209930438548,0.0,0.0,0.10379131422087103,0.0,-1.0,0.1,0.0,0.0,0.0,3.499706745147705,54429,nan,0.9579635262489319,56817.40328165306,52000,55075.18130831513,nan,1,nan,nan,nan,nan,0.033221952617168427
16.589141047996236,rising,0,0.001804131898097694,-0.02485799603164196,1.7773476839065552,0.027166254818439484,0.015781482681632042,0.0921347588300705,0.024189872667193413,-0.01753649115562439,1.7840743962230847,0.3905317172661894,54619,0.4942669463374507,0.0005830611031724742,0.009016151297325692,0.9992770210374147,0.0,0.0,0.09775153331866039,0.0,-1.0,0.1,0.0,0.0,0.0,3.499706745147705,54619,nan,0.974841833114624,56028.57627220618,52000,55085.18130831513,nan,2,nan,nan,nan,nan,0.033221952617168427
16.609348850004608,rising,0,0.0020744754001498222,-0.025018360465765,1.7787278890609741,0.03062221221625805,0.011698662303388119,0.08646237850189209,0.024189872667193413,-0.01753649115562439,1.7859631762632984,0.3910079221548402,54686,0.5068317191250706,-0.0016701231627075748,0.006960826849650381,1.2553260021377355,0.0,0.0,0.0917719687160572,0.0,-1.0,0.1,0.0,0.0,0.0,3.499706745147705,54686,nan,0.9759678840637207,56032.581494689395,52000,55095.18130831513,nan,3,nan,nan,nan,nan,0.033221952617168427
16.628789301001234,rising,0,0.0025454815477132797,-0.025433853268623352,1.7807564735412598,0.034983448684215546,0.007949781604111195,0.08130590617656708,0.024189872667193413,-0.01753649115562439,1.7877426170872928,0.3902644012462442,54582,0.4872137531990539,-0.004020369159976278,0.004256272724157739,0.7631450134795159,0.0,0.0,0.08575797191879264,0.0,-1.0,0.1,0.0,0.0,0.0,3.499706745147705,54582,nan,0.9689022898674011,56333.85385792597,52000,55105.18130831513,nan,4,nan,nan,nan,nan,0.033221952617168427
16.649160722008673,rising,0,0.0029421309009194374,-0.025704681873321533,1.7819567918777466,0.03908243030309677,0.003442218527197838,0.07588949054479599,0.024189872667193413,-0.01753649115562439,1.789404328269227,0.3905394484854236,54621,0.4944709362908597,-0.006603315675604356,0.001747866946872234,0.9882420126814395,0.0,0.0,0.07973332451656479,0.0,-1.0,0.1,0.0,0.0,0.0,3.499706745147705,54621,nan,0.9751432538032532,56013.308595395814,52000,55115.18130831513,nan,5,nan,nan,nan,nan,0.033221952617168427
16.66836588899605,rising,0,0.0036308635026216507,-0.026278231292963028,1.783645749092102,0.04385770857334137,-0.0004564841801766306,0.07011967897415161,0.024189872667193413,-0.01753649115562439,1.7909174370754193,0.39025614168181777,54581,0.486995822739253,-0.009194082025661581,-0.001404047676246467,0.600798986852169,0.0,0.0,0.07382098451489601,0.0,-1.0,0.1,0.0,0.0,0.0,3.499706745147705,54581,nan,0.9729875922203064,56096.29602310656,52000,55125.18130831513,nan,6,nan,nan,nan,nan,0.033221952617168427
16.68868210798246,rising,0,0.004107073415070772,-0.02668273262679577,1.7847216129302979,0.04794656112790108,-0.0049864077009260654,0.06330416351556778,0.024189872667193413,-0.01753649115562439,1.7923346967041816,0.39110271645375616,54699,0.5093328879619019,-0.011904609099057165,-0.003978997244588944,0.8449680171906948,0.0,0.0,0.0678172690211797,0.0,-1.0,0.1,0.0,0.0,0.0,3.499706745147705,54699,nan,0.9710522294044495,56329.61682560281,52000,55135.18130831513,nan,7,nan,nan,nan,nan,0.033221952617168427
16.70891957200365,rising,0,0.004630269482731819,-0.02707197517156601,1.7856972217559814,0.05256883427500725,-0.008745544590055943,0.0579313188791275,0.024189872667193413,-0.01753649115562439,1.79363044207253,0.3912087645983001,54714,0.5121309920395802,-0.01422161793736621,-0.006875988017179813,1.0689310147427022,0.0,0.0,0.06182018081890436,0.0,-1.0,0.1,0.0,0.0,0.0,3.4944281578063965,54714,nan,0.9765336513519287,56028.79114739473,52000,55145.18130831513,nan,8,nan,nan,nan,nan,0.033221952617168427
16.729930492001586,rising,0,0.005564967170357704,-0.027822716161608696,1.7870569229125977,0.05670436844229698,-0.012250727973878384,0.05418962985277176,0.024189872667193413,-0.01753649115562439,1.7948199056979086,0.3898575799462455,54525,0.47647968195898294,-0.01684018268961525,-0.009980506437653025,1.2009410129394382,0.0,0.0,0.055749946917058146,0.0,-1.0,0.1,0.0,0.0,0.0,3.4944281578063965,54525,nan,0.991962730884552,54966.78282598281,52000,55142.80266188403,nan,9,nan,nan,nan,nan,0.033221952617168427
16.750459268980194,rising,0,0.006246601231396198,-0.02843036875128746,1.7878578901290894,0.05949343368411064,-0.01589740253984928,0.05228636786341667,0.024189872667193413,-0.01753649115562439,1.7958995229738977,0.3881104084105966,54281,0.4303801691450264,-0.01942247119683488,-0.012165338829601247,1.7390850116498768,0.0,0.0,0.04960127231897804,0.0,-1.0,0.1,0.0,0.0,0.0,3.4944281578063965,54281,nan,0.9844776391983032,55136.85414348572,52000,55142.723348305386,nan,10,nan,nan,nan,nan,0.033221952617168427
16.768810184003087,rising,0,0.0072675347328186035,-0.029335765168070793,1.7890440225601196,0.06234978139400482,-0.01840784214437008,0.04882878437638283,0.024189872667193413,-0.01753649115562439,1.7968012881258626,0.38661901857876924,54072,0.3910295139516933,-0.021734194902748784,-0.014746371637280431,0.9426729811821133,0.0,0.0,0.04380898451781849,0.0,-1.0,0.1,0.0,0.0,0.0,3.4944281578063965,54072,nan,0.9741443395614624,55507.174659909215,52000,55147.582699126775,nan,11,nan,nan,nan,nan,0.033221952617168427
16.788910322007723,rising,0,0.007976450026035309,-0.029900014400482178,1.7897201776504517,0.06378856301307678,-0.020979352295398712,0.04423652961850166,0.024189872667193413,-0.01753649115562439,1.797622428643051,0.38610254407068906,54000,0.3774022182239847,-0.023681120304313658,-0.01624599361834811,0.9059020085260272,0.0,0.0,0.03776960172108392,0.0,-1.0,0.1,0.0,0.0,0.0,3.4944281578063965,54000,nan,0.9811499714851379,55037.45764601285,52000,55146.114365085254,nan,12,nan,nan,nan,nan,0.033221952617168427
16.80943855800433,rising,0,0.009086688980460167,-0.03098750114440918,1.7906391620635986,0.06523644179105759,-0.022435739636421204,0.04036800190806389,0.024189872667193413,-0.01753649115562439,1.7983251956731727,0.38476284546520506,53813,0.3420539700581795,-0.025652868471563263,-0.018209663876481708,1.2066880008205771,0.0,0.0,0.031699883218971256,0.0,-1.0,0.1,0.0,0.0,0.0,3.4944281578063965,53813,nan,0.9824100136756897,54776.51820613933,52000,55141.18641629931,nan,13,nan,nan,nan,nan,0.033221952617168427
16.828478577983333,rising,0,0.009823246859014034,-0.03166282922029495,1.7911388874053955,0.06528283655643463,-0.02409030869603157,0.03660687804222107,0.024189872667193413,-0.01753649115562439,1.798891199268263,0.38379491241998426,53677,0.3165148395774189,-0.027284873333793747,-0.019047566261002125,0.6066640198696405,0.0,0.0,0.025793030823115435,0.0,-1.0,0.1,0.0,0.0,0.0,3.4944281578063965,53677,nan,0.9777386784553528,54899.12712136927,52000,55137.958959033575,nan,14,nan,nan,nan,nan,0.033221952617168427
16.849709768983303,rising,0,0.010541758500039577,-0.032290633767843246,1.7915900945663452,0.06570081412792206,-0.024913547560572624,0.03128742426633835,0.024189872667193413,-0.01753649115562439,1.7993508198626986,0.3834556473673426,53630,0.30756325507500115,-0.028394454163408616,-0.020032123513884725,1.502094994066283,0.0,0.0,0.01973595911986212,0.0,-1.0,0.1,0.0,0.0,0.0,3.4944281578063965,53630,nan,0.9712782502174377,55215.897182907145,52000,55138.99813535189,nan,15,nan,nan,nan,nan,0.033221952617168427
16.86948249899433,nav_to_wp,0,0.011629064567387104,-0.033335309475660324,1.7920893430709839,0.06583888083696365,-0.025493478402495384,0.02458924613893032,0.02418987266714362,-0.01753649115970511,1.7993508198627,0.376342624458023,52635,0.11988455034361323,-0.030350900756714504,-0.021640100908047577,1.5093859983608127,-1.9092215674297385e-08,-1.5646887190362633e-06,5.123750489864283e-10,0.0,-1.0,0.1,0.0,0.0,0.0,3.4944281578063965,52635,nan,0.9698950052261353,54268.76075903486,52000,55128.99813535189,nan,16,nan,nan,nan,nan,0.033221952617168427
16.888700976007385,nav_to_wp,0,0.012397676706314087,-0.034091658890247345,1.7923091650009155,0.06496105343103409,-0.026312904432415962,0.017965177074074745,0.024189139427378686,-0.017596583294013427,1.7993508395405502,0.3793599143942028,53057,0.19949642201062723,-0.0281096788976265,-0.021855072955238253,0.7802899926900864,-7.326501775546554e-05,-0.006004381510119685,1.9662027551880606e-06,0.0,-1.0,0.1,0.0,0.0,0.0,3.4944281578063965,53057,nan,0.9662240147590637,54911.69665580111,52000,55126.10078229121,nan,17,nan,nan,nan,nan,0.033221952617168427
16.908702035987517,nav_to_wp,0,0.013319442048668861,-0.03509064018726349,1.79256272315979,0.06434129923582077,-0.02621237374842167,0.01251288689672947,0.024186956747565925,-0.01777546323851821,1.7993508981168147,0.3817506733941396,53391,0.26257713441001407,-0.025611745935359767,-0.02239993378495142,0.8591669902671129,-0.0001461037672619968,-0.01197382851437745,3.920965810623353e-06,0.0,-1.0,0.1,0.0,0.0,0.0,3.5049853324890137,53391,nan,0.9785845279693604,54559.415639638726,52000,55118.544980389175,nan,18,nan,nan,nan,nan,0.033221952617168427
16.928865458001383,nav_to_wp,0,0.013972041197121143,-0.03576742485165596,1.7925902605056763,0.06240738555788994,-0.026134630665183067,0.007067627273499966,0.024183260338115853,-0.018078399800001605,1.799350997316824,0.3844101481554048,53763,0.3327479724381206,-0.022629875262192817,-0.02196006225801339,0.8236920111812651,-0.00022001427983181943,-0.018031111084879595,5.904491617403165e-06,0.0,-1.0,0.1,0.0,0.0,0.0,3.5049853324890137,53763,nan,0.9528159499168396,56425.37785465531,52000,55128.544980389175,nan,19,nan,nan,nan,nan,0.033221952617168427
16.949647959991125,nav_to_wp,0,0.014582710340619087,-0.03642028942704201,1.792507529258728,0.060416221618652344,-0.02491416409611702,-0.0006430231151171029,0.024178122982764023,-0.01849942804008723,1.7993511351872915,0.3883372081929268,54313,0.4363643322671962,-0.018916903398895436,-0.021384427192883138,1.2910960067529231,-0.00029328289932933503,-0.024035787773162502,7.870791032025145e-06,0.0,-1.0,0.1,0.0,0.0,0.0,3.5049853324890137,54313,nan,0.9834651947021484,55226.15369875819,52000,55129.84642996743,nan,20,nan,nan,nan,nan,0.033221952617168427
16.96888042098726,nav_to_wp,0,0.01538488082587719,-0.037365999072790146,1.792258858680725,0.057371824979782104,-0.02303376793861389,-0.0049407221376895905,0.024171559496175447,-0.019037333833625786,1.799351311330638,0.39076752365151574,54652,0.5004887506996223,-0.015196353500768865,-0.020558230402415,0.8721819904167205,-0.00036614694529457496,-0.030007307930387334,9.826232964888346e-06,0.0,-1.0,0.1,0.0,0.0,0.0,3.5049853324890137,54652,nan,0.9822800159454346,55637.90274955152,52000,55136.620514228554,nan,21,nan,nan,nan,nan,0.033221952617168427
16.989409336994868,nav_to_wp,0,0.01582026295363903,-0.0378933884203434,1.792022705078125,0.05260255187749863,-0.021055232733488083,-0.009650252759456635,0.024163479779064016,-0.019699501202407283,1.7993515281648453,0.39338158768391723,55018,0.569461416462195,-0.010891896334166032,-0.018484722586279645,1.370599988149479,-0.00043955892051741554,-0.03602373323339636,1.1796379596514309e-05,0.0,-1.0,0.1,0.0,0.0,0.0,3.5049853324890137,55018,nan,0.9669885039329529,56896.22966170726,52000,55146.620514228554,nan,22,nan,nan,nan,nan,0.033221952617168427
17.00943832300254,nav_to_wp,0,0.016180502250790596,-0.03839481621980667,1.7917461395263672,0.04772761091589928,-0.018096227198839188,-0.014409416355192661,0.024153978424692944,-0.02047817782400022,1.7993517831513275,0.39607747828094514,55395,0.6405930944840392,-0.006019367643313322,-0.0163072633171093,1.3100249925628304,-0.0005126087746131088,-0.042010481161487874,1.3756808035478594e-05,0.0,-1.0,0.1,0.0,0.0,0.0,3.5049853324890137,55395,nan,1.0012359619140625,55326.61840681531,52000,55149.02048612972,nan,23,nan,nan,nan,nan,0.033221952617168427
17.029226346989162,nav_to_wp,0,0.016629213467240334,-0.03919798508286476,1.7911972999572754,0.041761353611946106,-0.014678925275802612,-0.014755519106984138,0.02414298823905592,-0.021378870534564654,1.7993520780933605,0.3969159708867994,55512,0.6627169099419365,-0.0011610985225221572,-0.013766399462937784,1.1328679975122213,-0.0005858520464115156,-0.0480130804974338,1.572242719754141e-05,0.0,-1.0,0.1,0.0,0.0,0.0,3.5049853324890137,55512,nan,0.9968788027763367,55685.80638428408,52000,55156.17763143844,nan,24,nan,nan,nan,nan,0.033221952617168427
17.049281357001746,nav_to_wp,0,0.016834575682878494,-0.03967038542032242,1.7907698154449463,0.03415615111589432,-0.01174021977931261,-0.016616612672805786,0.024130445533729086,-0.02240679887278872,1.7993524147001412,0.3983679858052414,55715,0.7010286492148108,0.003910078172960881,-0.010153595389603698,1.1118980182800442,-0.0006595778014388795,-0.05405522139724808,1.7700994692699206e-05,0.0,-1.0,0.1,0.0,0.0,0.0,3.5049853324890137,55715,nan,0.9893820285797119,56312.92907147362,52000,55166.17763143844,nan,25,nan,nan,nan,nan,0.033221952617168427
17.068897449003998,nav_to_wp,0,0.016968220472335815,-0.04030543565750122,1.7900850772857666,0.026942847296595573,-0.008480848744511604,-0.018398478627204895,0.024116615007855027,-0.023540269611997552,1.799352785867977,0.4001178538896305,55960,0.747199311072043,0.00900040755423127,-0.006687268047211203,0.8951670024544001,-0.0007323187585886298,-0.0600166538996757,1.9653133308705837e-05,0.0,-1.0,0.1,0.0,0.0,0.0,3.5049853324890137,55960,nan,1.003597378730774,55759.41227623701,52000,55174.08742670242,nan,26,nan,nan,nan,nan,0.033221952617168427
17.08882661300595,nav_to_wp,0,0.016958599910140038,-0.04072068631649017,1.7896569967269897,0.018991636112332344,-0.006225925404578447,-0.018371302634477615,0.024101290085083642,-0.02479621256746942,1.7993531971407277,0.4006561422532771,56035,0.7614021702711629,0.01393834237577593,-0.0027512591435714384,0.8653620025143027,-0.0008052816583645929,-0.06599627554942036,2.1611228167084642e-05,0.0,-1.0,0.1,0.0,0.0,0.0,3.5049853324890137,56035,nan,1.002887487411499,55873.66549425104,52000,55183.41513426974,nan,27,nan,nan,nan,nan,0.033221952617168427
17.10895728500327,nav_to_wp,0,0.016866933554410934,-0.041106633841991425,1.789192795753479,0.012331916950643063,-0.0044547077268362045,-0.01935148797929287,0.02408444546301452,-0.026176701379120017,1.79935364919743,0.4017583720030003,56190,0.790484749419532,0.018760449962228535,0.0006096153323424947,0.9434070088900626,-0.0008785166250635627,-0.07199819424695213,2.3576624446387098e-05,0.0,-1.0,0.1,0.0,0.0,0.0,3.4785923957824707,56190,nan,0.9915022253990173,56671.58233294641,52000,55193.41513426974,nan,28,nan,nan,nan,nan,0.033221952617168427
17.12882059699041,nav_to_wp,0,0.016587277874350548,-0.04160310700535774,1.7884423732757568,0.006555942352861166,-0.003662216942757368,-0.021723074838519096,0.024066135724016422,-0.027677262788416854,1.799354140573265,0.40392277945544647,56492,0.8475931254735194,0.023019538180860527,0.0036888433358412964,0.8644750050734729,-0.0009517509766646741,-0.07800006253458402,2.55420042183967e-05,0.0,-1.0,0.1,0.0,0.0,0.0,3.4785923957824707,56492,nan,0.981627881526947,57549.302605510005,52000,55203.41513426974,nan,29,nan,nan,nan,nan,0.033221952617168427
17.149125416995957,nav_to_wp,0,0.01634914241731167,-0.04202471300959587,1.7879313230514526,0.0009944865014404058,-0.004349110648036003,-0.023915456607937813,0.024046111302924424,-0.029318349727847297,1.7993546779657767,0.4057039555482304,56741,0.8945898561538357,0.02677850828120347,0.0065928233101539835,0.877490994753316,-0.0010258756755981565,-0.08407489859351869,2.7531278113844926e-05,0.0,-1.0,0.1,0.0,0.0,0.0,3.4785923957824707,56741,nan,1.0037490129470825,56529.07177801766,52000,55213.41513426974,nan,30,nan,nan,nan,nan,0.033221952617168427
17.16864744698978,nav_to_wp,0,0.015858514234423637,-0.04259791597723961,1.7872045040130615,-0.0032144247088581324,-0.005414189770817757,-0.022810256108641624,0.02402514520591233,-0.031036611035842404,1.7993552406299098,0.4061101244792086,56798,0.9053067144909903,0.030273647778657806,0.00908610847271496,0.7324600010178983,-0.0010981372975544222,-0.08999704752704694,2.9470552880132258e-05,0.0,-1.0,0.1,0.0,0.0,0.0,3.4785923957824707,56798,nan,1.0151190757751465,55952.056616243724,52000,55223.26368736273,nan,31,nan,nan,nan,nan,0.033221952617168427
17.188877804001095,nav_to_wp,0,0.015486015938222408,-0.043045077472925186,1.7867205142974854,-0.007343896199017763,-0.007721639703959227,-0.021032068878412247,0.024002432122008196,-0.032898045390324857,1.7993558501776794,0.4058792910557582,56766,0.8992161228432227,0.03350885306511171,0.011434844930305,0.8614260004833341,-0.0011714005108168799,-0.09600128115124805,3.143670720840073e-05,0.0,-1.0,0.1,0.0,0.0,0.0,3.4785923957824707,56766,nan,1.0076104402542114,56337.24873442005,52000,55233.26368736273,nan,32,nan,nan,nan,nan,0.033221952617168427
17.208485566981835,nav_to_wp,0,0.015075363218784332,-0.04346213862299919,1.7862554788589478,-0.010210293345153332,-0.010174368508160114,-0.01942046917974949,0.02397836670745508,-0.03487030902449703,1.7993564960177522,0.4057121410854248,56743,0.8948058333885154,0.03679620313836558,0.013197903950171064,0.6479359872173518,-0.0012443282021527963,-0.10197801731876813,3.3393857182932555e-05,0.0,-1.0,0.1,0.0,0.0,0.0,3.4785923957824707,56743,nan,1.000002384185791,56742.8647144682,52000,55243.26368736273,nan,33,nan,nan,nan,nan,0.033221952617168427
17.228905489988392,nav_to_wp,0,0.014459735713899136,-0.04431283846497536,1.7856099605560303,-0.012434140779078007,-0.013373764231801033,-0.019539186730980873,0.023952674853465136,-0.03697586632570181,1.7993571855063464,0.4066293961137049,56871,0.9190078130265142,0.03933602506938179,0.014806298568112997,0.9040080185513943,-0.0013177377287023815,-0.10799424194253256,3.536393809986617e-05,0.0,-1.0,0.1,0.0,0.0,0.0,3.4785923957824707,56871,nan,1.0047669410705566,56601.18548427283,52000,55253.26368736273,nan,34,nan,nan,nan,nan,0.033221952617168427
17.248985327983974,nav_to_wp,0,0.014028607867658138,-0.044939298182725906,1.7852061986923218,-0.014461180195212364,-0.018040629103779793,-0.01873014122247696,0.023925495125791826,-0.03920336123789045,1.799357914924793,0.40677676200175805,56892,0.9228960950331935,0.04156417365231593,0.016158836827105505,0.9004400053527206,-0.0013911883092522475,-0.11401383111718028,3.7335120777106924e-05,0.0,-1.0,0.1,0.0,0.0,0.0,3.4785923957824707,56892,nan,1.0145539045333862,56075.87703894923,52000,55263.26368736273,nan,35,nan,nan,nan,nan,0.033221952617168427
17.26918927798397,nav_to_wp,0,0.013609254732728004,-0.045695800334215164,1.7848074436187744,-0.014947822317481041,-0.02335362136363983,-0.016713794320821762,0.02389677170692642,-0.041557368244597145,1.7993586857710582,0.40630675616422524,56826,0.9104948855996096,0.04354227426618649,0.016765479806905015,0.9732070029713213,-0.0014648132520416227,-0.12004771002298543,3.931098278871796e-05,0.0,-1.0,0.1,0.0,0.0,0.0,3.4785923957824707,56826,nan,1.0138421058654785,56050.147918733164,52000,55273.26368736273,nan,36,nan,nan,nan,nan,0.033221952617168427
17.289146494003944,nav_to_wp,0,0.012977504171431065,-0.046798981726169586,1.784266710281372,-0.014376180246472359,-0.029527446255087852,-0.014780215919017792,0.023866917393546513,-0.0440040568928406,1.7993594869669771,0.4060419626852876,56789,0.9035082502714396,0.04479322603664324,0.017051971163765334,1.065176009433344,-0.0015376051680355562,-0.12601331882061045,4.126448897990445e-05,0.0,-1.0,0.1,0.0,0.0,0.0,3.4785923957824707,56789,nan,1.0106298923492432,56191.68840137121,52000,55283.26368736273,nan,37,nan,nan,nan,nan,0.033221952617168427
17.310017765004886,nav_to_wp,0,0.012360760942101479,-0.04821522906422615,1.7838106155395508,-0.013321226462721825,-0.037189166992902756,-0.012776601128280163,0.023834271087767516,-0.046679561257657265,1.7993603630911947,0.40562267924920986,56730,0.8924453627759839,0.045369064255801915,0.01708804030928457,1.244687009602785,-0.0016134498845843251,-0.13222911767847295,4.329992274097144e-05,0.0,-1.0,0.1,0.0,0.0,0.0,3.462756633758545,56730,nan,1.018712043762207,55687.96437361273,52000,55288.65969651273,nan,38,nan,nan,nan,nan,0.033221952617168427
17.328876144980313,nav_to_wp,0,0.012025350704789162,-0.04922441765666008,1.7835502624511719,-0.01137965265661478,-0.045495495200157166,-0.01022669393569231,0.023802472728487876,-0.04928557278075638,1.7993612164591941,0.40467772028511384,56598,0.8675124085782002,0.04580748225773237,0.016433496454111518,0.8431019959971309,-0.0016840439191466298,-0.13801460069391971,4.5194444703956834e-05,0.0,-1.0,0.1,0.0,0.0,0.0,3.462756633758545,56598,nan,1.016114354133606,55700.423647945136,52000,55294.149882531834,nan,39,nan,nan,nan,nan,0.033221952617168427
17.34914333600318,nav_to_wp,0,0.011741132475435734,-0.05049213767051697,1.7833210229873657,-0.008403873071074486,-0.05390021577477455,-0.007308891974389553,0.023767619715212896,-0.0521419262614684,1.799362151804504,0.4035086514770038,56434,0.8366662658840038,0.0463598211812911,0.015216459767021462,0.8487029990646988,-0.0017581664438252984,-0.14408925856337457,4.7183660249241014e-05,0.0,-1.0,0.1,0.0,0.0,0.0,3.462756633758545,56434,nan,1.0165681838989258,55514.23002789064,52000,55297.08428446995,nan,40,nan,nan,nan,nan,0.033221952617168427
17.368740618985612,nav_to_wp,0,0.011284132488071918,-0.05240054801106453,1.7830495834350586,-0.005113675724714994,-0.0627966821193695,-0.005522152874618769,0.02373233839839235,-0.05503338104930486,1.7993630986441345,0.4029405083066206,56355,0.8216756809134704,0.045911847312619256,0.013987604172333246,0.807614007499069,-0.0018301448057606888,-0.14998819312688005,4.9115333207045356e-05,0.0,-1.0,0.1,0.0,0.0,0.0,3.462756633758545,56355,nan,1.006255865097046,56004.64251163891,52000,55306.51839416554,nan,41,nan,nan,nan,nan,0.033221952617168427
17.38944512998569,nav_to_wp,0,0.011060001328587532,-0.053911082446575165,1.7829349040985107,-0.0020043582189828157,-0.07229185849428177,-0.004496859852224588,0.02369462345946019,-0.058124281576148046,1.799364110794532,0.4025638917505434,56302,0.8117385686159206,0.04581719745426058,0.012604306171173363,1.182837993837893,-0.0019040815041989915,-0.15604762174128345,5.109956176021533e-05,0.0,-1.0,0.1,0.0,0.0,0.0,3.462756633758545,56302,nan,1.0131934881210327,55568.85299807054,52000,55310.01618888428,nan,42,nan,nan,nan,nan,0.033221952617168427
17.409464437980205,nav_to_wp,0,0.010780454613268375,-0.05626188963651657,1.7827985286712646,0.0018281041411682963,-0.08124589174985886,-0.00245976191945374,0.02365596500384475,-0.06129250732997085,1.799365148265951,0.40169873971011477,56181,0.7889113379977495,0.04524554483534873,0.010926772211550029,1.1315529991406947,-0.0019770002167467183,-0.16202362205871518,5.305647077229854e-05,0.0,-1.0,0.1,0.0,0.0,0.0,3.462756633758545,56181,nan,1.0108516216278076,55577.889769351,52000,55313.58783662383,nan,43,nan,nan,nan,nan,0.033221952617168427
17.42891534199589,nav_to_wp,0,0.010693581774830818,-0.057978514581918716,1.7828526496887207,0.005776088219136,-0.0901930183172226,0.001010520034469664,0.023616031016934293,-0.0645652683280068,1.7993662199686202,0.39989341909811543,55929,0.7412775487629393,0.04550676821856769,0.009012127069890852,0.9886650077532977,-0.0020496026460608122,-0.16797370161262065,5.500489173668258e-05,0.0,-1.0,0.1,0.0,0.0,0.0,3.462756633758545,55929,nan,1.0295512676239014,54323.666784538465,52000,55303.58783662383,nan,44,nan,nan,nan,nan,0.033221952617168427
17.44948341799318,nav_to_wp,0,0.010629666969180107,-0.05978170409798622,1.7828772068023682,0.009195389226078987,-0.09925220906734467,0.005104667507112026,0.023574072106455877,-0.06800398047166936,1.7993673460138724,0.3978168775798567,55638,0.6864875350885651,0.04586693643197646,0.007325148131562154,1.3212120102252811,-0.00212321356261627,-0.17400643100857555,5.698037732826919e-05,0.0,-1.0,0.1,0.0,0.0,0.0,3.462756633758545,55638,nan,1.0340601205825806,53805.3821944647,52000,55293.58783662383,nan,45,nan,nan,nan,nan,0.033221952617168427
17.46926775900647,nav_to_wp,0,0.01058751717209816,-0.06182870641350746,1.7830291986465454,0.012859906069934368,-0.1076132208108902,0.010278111323714256,0.023530832745666006,-0.07154763099397768,1.7993685064223854,0.39504671270492325,55251,0.613396113586365,0.046511456625920114,0.005483041688963519,1.1600580182857811,-0.0021964913693790287,-0.18001186063253288,5.894692330020853e-05,0.0,-1.0,0.1,0.0,0.0,0.0,3.462756633758545,55251,nan,1.0229716300964355,54010.29547104008,52000,55283.58783662383,nan,46,nan,nan,nan,nan,0.033221952617168427
17.48876297698007,nav_to_wp,0,0.010628973133862019,-0.06500528007745743,1.7832615375518799,0.016316192224621773,-0.11580627411603928,0.015356875956058502,0.023486484696424906,-0.07518214327597708,1.7993696965846113,0.39220683741496914,54854,0.5384653671495805,0.04617469435757496,0.003635660899332427,0.8793550077825785,-0.0022691912909579975,-0.18596993009445348,6.089796065049786e-05,0.0,-1.0,0.1,0.0,0.0,0.0,3.462756633758545,54854,nan,1.0166845321655273,53953.80598853172,52000,55273.58783662383,nan,47,nan,nan,nan,nan,0.033221952617168427
17.50962378899567,nav_to_wp,0,0.010741767473518848,-0.06851071864366531,1.783529281616211,0.019268302246928215,-0.12468132376670837,0.01677572727203369,0.023438614964153483,-0.07910527254217414,1.7993709812577385,0.3911479704389387,54706,0.5105269245102537,0.04537021909379981,0.0019329046642011516,0.950758985709399,-0.0023451364059865146,-0.1921939570370679,6.293608879114114e-05,0.0,-1.0,0.1,0.0,0.0,0.0,3.4680352210998535,54706,nan,1.0067752599716187,54337.84696054428,52000,55263.58783662383,nan,48,nan,nan,nan,nan,0.033221952617168427
17.528853230993263,nav_to_wp,0,0.010760778561234474,-0.0708090290427208,1.783762812614441,0.02193320356309414,-0.13362593948841095,0.017450131475925446,0.023392721261414742,-0.0828664577380223,1.7993722129004452,0.3905191632426208,54618,0.4939357056100473,0.04532256210587686,0.0004685946936795471,0.902604020666331,-0.0024157058323733224,-0.19797742330730012,6.48299503480563e-05,0.0,-1.0,0.1,0.0,0.0,0.0,3.4680352210998535,54618,nan,1.0071884393692017,54228.18398730535,52000,55253.58783662383,nan,49,nan,nan,nan,nan,0.033221952617168427
17.550917927001137,nav_to_wp,0,0.010867441073060036,-0.07337536662817001,1.7840802669525146,0.024454552680253983,-0.1424390822649002,0.01839655078947544,0.02334343381638189,-0.0869057746276198,1.7993735356205263,0.38965429710506305,54497,0.4711160186032455,0.045506198664655814,-0.0010223597083389713,1.1047649895772338,-0.0024892667271127857,-0.20400605320152468,6.680409351135393e-05,0.0,-1.0,0.1,0.0,0.0,0.0,3.4680352210998535,54497,nan,1.0106332302093506,53923.617758651235,52000,55243.58783662383,55694.194010778934,50,55694.194010778934,nan,nan,nan,0.033221952617168427
17.569193692004774,nav_to_wp,0,0.0110362833365798,-0.07730629295110703,1.7845193147659302,0.02598869800567627,-0.15091253817081451,0.020435739308595657,0.023292756020753008,-0.09105903669415326,1.7993748956532463,0.38807268563799413,54276,0.42938484532965937,0.044654682524375044,-0.002081289222608973,1.011670974548906,-0.002562701938099327,-0.2100243827747327,6.877486371783195e-05,0.0,-1.0,0.1,0.0,0.0,0.0,3.4680352210998535,54276,nan,1.0103026628494263,53722.51504011843,52000,55233.58783662383,55684.194010778934,50,55694.194010778934,nan,nan,nan,0.033221952617168427
17.58906328000012,nav_to_wp,0,0.01112268678843975,-0.08012663573026657,1.7848570346832275,0.025997571647167206,-0.15926137566566467,0.022942468523979187,0.023240949515335597,-0.09530480135458712,1.799376285976989,0.3864060487464766,54042,0.3854102571629703,0.04509670951498043,-0.002275693478365648,0.9783769783098251,-0.002635658637360767,-0.21600349626579676,7.073279217389335e-05,0.0,-1.0,0.1,0.0,0.0,0.0,3.4680352210998535,54042,nan,1.0105514526367188,53477.7322411385,52000,55223.58783662383,55674.194010778934,50,55694.194010778934,nan,nan,nan,0.033221952617168427
17.610424505983246,nav_to_wp,0,0.011224780231714249,-0.08439824730157852,1.785365104675293,0.025337060913443565,-0.16691641509532928,0.02417684532701969,0.02318431995931772,-0.09994583563666311,1.7993778057362475,0.385152784716988,53867,0.35234260466986633,0.04495021764690685,-0.0021451999706099123,1.069063990144059,-0.0027131640855297214,-0.2223553991817623,7.281279475084645e-05,0.0,-1.0,0.1,0.0,0.0,0.0,3.4680352210998535,53867,nan,1.0048704147338867,53605.91695225224,52000,55213.58783662383,55664.194010778934,50,55694.194010778934,nan,nan,nan,0.033221952617168427
17.629510291997576,nav_to_wp,0,0.011308825574815273,-0.08743059635162354,1.785685420036316,0.02352633699774742,-0.17382171750068665,0.024111831560730934,0.023132878238479405,-0.10416170464090276,1.7993791862703188,0.38479715451038504,53817,0.3429592219098936,0.045552801730934754,-0.0013825105274456462,1.464647997636348,-0.0027816980674534226,-0.22797205207402002,7.465203137714669e-05,0.0,-1.0,0.1,0.0,0.0,0.0,3.4680352210998535,53817,nan,0.9951706528663635,54078.16221769837,52000,55203.58783662383,55654.194010778934,50,55694.194010778934,nan,nan,nan,0.033221952617168427
17.649510846997146,nav_to_wp,0,0.011310706846415997,-0.0905318483710289,1.7860585451126099,0.020556628704071045,-0.18087376654148102,0.022414768114686012,0.02307620074139037,-0.10880666789877172,1.7993807073161652,0.3852004365328121,53874,0.35359990851746836,0.04657971939059499,6.18148830566767e-05,1.3584060070570558,-0.002855303486265499,-0.23400433090639464,7.662736942658406e-05,0.0,-1.0,0.1,0.0,0.0,0.0,3.4680352210998535,53874,nan,0.9939613938331604,54201.30030628023,52000,55193.58783662383,55644.194010778934,50,55694.194010778934,nan,nan,nan,0.033221952617168427
17.669166221981868,nav_to_wp,0,0.011280553415417671,-0.0952308401465416,1.786582350730896,0.017760606482625008,-0.18721945583820343,0.022038355469703674,0.02301859737163253,-0.11352751038118243,1.7993822532095232,0.38473466464676054,53809,0.3413104128432849,0.04646629707514818,0.0014489290998658255,1.0959139908663929,-0.0029282161483979202,-0.23997983536641854,7.858411606454101e-05,0.0,-1.0,0.1,0.0,0.0,0.0,3.4680352210998535,53809,nan,1.0133957862854004,53097.714366108376,52000,55183.58783662383,55634.194010778934,50,55694.194010778934,nan,nan,nan,0.033221952617168427
17.68904894098523,nav_to_wp,0,0.011213235557079315,-0.09853687882423401,1.7868773937225342,0.014417411759495735,-0.1938500553369522,0.02353009767830372,0.022958733230227263,-0.11843363276789463,1.7993838597748852,0.38365053411310834,53657,0.3127053855701405,0.047968301757056506,0.003165109192169613,0.8551559876650572,-0.003002114563546057,-0.24603612650148105,8.056731721455313e-05,0.0,-1.0,0.1,0.0,0.0,0.0,3.4680352210998535,53657,nan,1.0045374631881714,53414.633068740906,52000,55173.58783662383,55624.194010778934,50,55694.194010778934,nan,nan,nan,0.033221952617168427
17.70920982499956,nav_to_wp,0,0.011093305423855782,-0.10354861617088318,1.7873059511184692,0.011832457035779953,-0.19982308149337769,0.023843761533498764,0.02289883754443172,-0.12334234035228445,1.7993854671867993,0.3829612680172716,53561,0.29451894504674314,0.04791626945717484,0.004545818718084904,0.956704985583201,-0.0030742746815721977,-0.2519499567538717,8.250386793445122e-05,0.0,-1.0,0.1,0.0,0.0,0.0,3.4838709831237793,53561,nan,0.9944341778755188,53860.779518284675,52000,55163.58783662383,55614.194010778934,50,55871.887096449405,nan,nan,nan,0.033221952617168427
17.729227017000085,nav_to_wp,0,0.010953792370855808,-0.10695213079452515,1.7875977754592896,0.00893903523683548,-0.20538218319416046,0.021637624129652977,0.022836017601961106,-0.12849070327626927,1.7993871530765697,0.38374390822749405,53670,0.31516908251963116,0.049899620847527804,0.006085989025694349,1.1405269906390458,-0.0031481812409611346,-0.2580069153442952,8.448728765028359e-05,0.0,-1.0,0.1,0.0,0.0,0.0,3.4838709831237793,53670,nan,0.9831088781356812,54592.12218872148,52000,55155.9682946518,55604.194010778934,50,55871.887096449405,nan,nan,nan,0.033221952617168427
17.74888453600579,nav_to_wp,0,0.010773591697216034,-0.11049438267946243,1.7879059314727783,0.007114407606422901,-0.21101300418376923,0.017747174948453903,0.02277259794978057,-0.13368821497553646,1.7993888550606636,0.3853446775529724,53894,0.3574057401839674,0.05159122040070279,0.007091129844558175,0.8981089922599494,-0.0032210736835890804,-0.26398076272946214,8.644349166030394e-05,0.0,-1.0,0.1,0.0,0.0,0.0,3.4838709831237793,53894,nan,0.987675666809082,54566.49567374401,52000,55148.10865970637,55594.194010778934,50,55871.887096449405,nan,nan,nan,0.033221952617168427
17.770122324000113,nav_to_wp,0,0.010495933704078197,-0.11593442410230637,1.7881840467453003,0.005371068604290485,-0.21634788811206818,0.01525806449353695,0.02270768675216156,-0.13900796520181985,1.799390597073148,0.3862508653820218,54021,0.38131570928817204,0.05167894289676717,0.00815977555814218,1.2925680202897638,-0.003294010511056369,-0.26995824764201726,8.840088681988078e-05,0.0,-1.0,0.1,0.0,0.0,0.0,3.4838709831237793,54021,nan,0.9979751706123352,54130.605240262565,52000,55138.10865970637,55584.194010778934,50,55871.887096449405,nan,nan,nan,0.033221952617168427
17.790273380000144,nav_to_wp,0,0.010251191444694996,-0.11952384561300278,1.788364291191101,0.0037743463180959225,-0.22194044291973114,0.013442778959870338,0.02264042989492969,-0.14451995226418127,1.7993924020357623,0.3869841547431278,54123,0.4006637135389912,0.05381179322799329,0.009114821544884633,1.8325650016777217,-0.0033679172315170002,-0.2760152194329549,9.038431085837105e-05,0.0,-1.0,0.1,0.0,0.0,0.0,3.4838709831237793,54123,nan,0.9848246574401855,54956.99116701617,52000,55135.693759803835,55575.83130619543,50,55871.887096449405,nan,nan,nan,0.033221952617168427
17.8087904919812,nav_to_wp,0,0.009923573583364487,-0.12521947920322418,1.7884955406188965,0.0019070444395765662,-0.22465872764587402,0.011564448475837708,0.02257308796400659,-0.15003891147934162,1.7993942092814874,0.3877969734518991,54237,0.4221101174643547,0.0551781498885944,0.010289925238485598,0.6988669920247048,-0.0034403270921637003,-0.2819495171610811,9.232756388509544e-05,0.0,-1.0,0.1,0.0,0.0,0.0,3.4838709831237793,54237,nan,0.979138195514679,55392.589369359244,52000,55139.11903459791,55573.388080370954,50,55871.887096449405,nan,nan,nan,0.033221952617168427
17.82901904999744,nav_to_wp,0,0.00963119138032198,-0.1291472613811493,1.788510799407959,0.00048658487503416836,-0.230202779173851,0.007822141982614994,0.022503046607426976,-0.1557791001706759,1.7993960889713108,0.3896994482244933,54503,0.47230734101565375,0.057028577706926736,0.01115912277411657,0.9796509984880686,-0.0035140569099901854,-0.2879919910246572,9.430624041300954e-05,0.0,-1.0,0.1,0.0,0.0,0.0,3.4838709831237793,54503,nan,0.9797523617744446,55629.363221221305,52000,55145.65562375289,55574.134415582295,50,55871.887096449405,nan,nan,nan,0.033221952617168427
17.84927047099336,nav_to_wp,0,0.009392732754349709,-0.13311918079853058,1.788547396659851,-0.00128939317073673,-0.2364943027496338,0.003303748555481434,0.022432005646209348,-0.16160121073673034,1.79939799548738,0.391956527316291,54819,0.5318608790578079,0.05844385043723087,0.012134626971079365,1.1642109893728048,-0.003587291338611691,-0.2939938656244398,9.627162225200439e-05,0.0,-1.0,0.1,0.0,0.0,0.0,3.4838709831237793,54819,nan,0.9809961318969727,55880.9542846977,52000,55155.459605898825,55578.2253471705,50,55871.887096449405,nan,nan,nan,0.033221952617168427
17.86902917100815,nav_to_wp,0,0.008928438648581505,-0.13912752270698547,1.7884472608566284,-0.0023574824444949627,-0.2430565506219864,-0.0015189186669886112,0.022359379923776148,-0.16755319926135548,1.7993999445334585,0.39448840356006726,55173,0.5986650015848873,0.05771789851555571,0.01295844188250106,0.9431910002604127,-0.0036603050726995547,-0.29997765336342874,9.823108134350808e-05,0.0,-1.0,0.1,0.0,0.0,0.0,3.4838709831237793,55173,nan,0.9821659922599792,56174.82221416165,52000,55165.459605898825,55586.179972063714,50,55871.887096449405,nan,nan,nan,0.033221952617168427
17.889570534985978,nav_to_wp,0,0.008586947806179523,-0.14330625534057617,1.7883331775665283,-0.003750632517039776,-0.24992716312408447,-0.004694146569818258,0.022286239414972916,-0.17354737673039894,1.799401907394785,0.39618654312977786,55410,0.643470794980944,0.05583270423319216,0.013877196712114737,1.4057340158615261,-0.0036603050726995547,-0.29997765336342874,9.823108134350808e-05,0.0,-1.0,0.1,0.0,0.0,0.0,3.4838709831237793,55410,nan,0.9955548048019409,55657.40804296902,52000,55172.0189183931,55587.12967967579,50,55871.887096449405,nan,nan,nan,0.033221952617168427
17.908897194982274,nav_to_wp,0,0.008119868114590645,-0.14966467022895813,1.7881654500961304,-0.004398147109895945,-0.2573610544204712,-0.004724541679024696,0.022213894894465132,-0.1794763195547251,1.7994038488942876,0.39632850940223496,55430,0.6472166069191267,0.05162193310326227,0.014597447429387955,0.8223600161727518,-0.0036603050726995547,-0.29997765336342874,9.823108134350808e-05,0.0,-1.0,0.1,0.0,0.0,0.0,3.4680352210998535,55430,nan,1.0057917833328247,55110.81012843964,52000,55171.20280119372,55580.778752325976,50,55694.194010778934,nan,nan,nan,0.033221952617168427
17.928743544005556,nav_to_wp,0,0.007848826237022877,-0.15408113598823547,1.7879878282546997,-0.004782333038747311,-0.2642413377761841,-0.004762503318488598,0.02214010130673569,-0.18552401963454954,1.7994058292821993,0.3965372957626166,55459,0.652725481863234,0.04976776822111712,0.014982545038128237,0.805035000666976,-0.0036603050726995547,-0.29997765336342874,9.823108134350808e-05,0.0,-1.0,0.1,0.0,0.0,0.0,3.4680352210998535,55459,nan,0.993375301361084,55828.84930198309,52000,55179.97142120425,55584.08635965474,50,55694.194010778934,nan,nan,nan,0.033221952617168427
17.94931907899445,nav_to_wp,0,0.007566237822175026,-0.1586015522480011,1.787761926651001,-0.005346779245883226,-0.27144646644592285,-0.0067510041408240795,0.02206605475527139,-0.19159245117420068,1.7994078164588623,0.39777776537642173,55633,0.6854555508290687,0.04754406339164515,0.015429382080447862,1.0809300001710653,-0.0036603050726995547,-0.29997765336342874,9.823108134350808e-05,0.0,-1.0,0.1,0.0,0.0,0.0,3.4680352210998535,55633,nan,0.9958418011665344,55865.299021221246,52000,55189.10912253782,55587.83586180897,50,55694.194010778934,nan,nan,nan,0.033221952617168427
17.9687319159857,nav_to_wp,0,0.007123240269720554,-0.16544222831726074,1.7875218391418457,-0.005133615341037512,-0.2788006663322449,-0.007945872843265533,0.02199382813679357,-0.19751173142298398,1.7994097547942454,0.39859527429631303,55747,0.7070257070267285,0.042826673436506195,0.01566288631076307,0.8147989865392447,-0.0036603050726995547,-0.29997765336342874,9.823108134350808e-05,0.0,-1.0,0.1,0.0,0.0,0.0,3.4680352210998535,55747,nan,0.998461902141571,55832.876427663316,52000,55197.69268660616,55591.103069353696,50,55694.194010778934,nan,nan,nan,0.033221952617168427
17.989708699984476,nav_to_wp,0,0.006833212915807962,-0.17013102769851685,1.7873352766036987,-0.005141021218150854,-0.2862497866153717,-0.00889934878796339,0.02191925867417037,-0.20362301776824548,1.7994117560042,0.3992700690436925,55842,0.7248303177755258,0.04044580987550479,0.015856001476380666,1.296122994972393,-0.0036603050726995547,-0.29997765336342874,9.823108134350808e-05,0.0,-1.0,0.1,0.0,0.0,0.0,3.4680352210998535,55842,nan,1.0007516145706177,55800.05986196641,52000,55205.7242489443,55593.88915992187,50,55694.194010778934,nan,nan,nan,0.033221952617168427
18.009772716992302,nav_to_wp,0,0.006438332609832287,-0.17744697630405426,1.7870389223098755,-0.00439445860683918,-0.29445260763168335,-0.009692656807601452,0.02184440593693183,-0.20975751967960812,1.7994137648163548,0.3999589193796559,55938,0.7430057883814207,0.03508823335208697,0.015775424501978774,1.0064950038213283,-0.0036603050726995547,-0.29997765336342874,9.823108134350808e-05,0.0,-1.0,0.1,0.0,0.0,0.0,3.4680352210998535,55938,nan,0.9978663921356201,56057.604946772735,52000,55215.7242489443,55600.07203707988,50,55694.194010778934,nan,nan,nan,0.033221952617168427
18.028871885995613,nav_to_wp,0,0.006181062199175358,-0.18248316645622253,1.7868868112564087,-0.0033940772991627455,-0.3023930490016937,-0.009611585177481174,0.021773935093665816,-0.21553290664151786,1.7994156560322507,0.4000655854823763,55953,0.7458201974241749,0.031846008879184665,0.015457840171688053,0.8823279931675643,-0.0036603050726995547,-0.29997765336342874,9.823108134350808e-05,0.0,-1.0,0.1,0.0,0.0,0.0,3.4680352210998535,55953,nan,1.0116018056869507,55311.28917074626,52000,55216.998447901664,55596.2215988621,50,55694.194010778934,nan,nan,nan,0.033221952617168427
18.049441854003817,nav_to_wp,0,0.005889017600566149,-0.18747073411941528,1.7867274284362793,-0.0025326358154416084,-0.310586154460907,-0.00794619508087635,0.02170039307137291,-0.22155998985804237,1.7994176296689368,0.3993965546363242,55859,0.7281676685045948,0.0288358541342622,0.015271171796013894,1.3222369889263064,-0.0036603050726995547,-0.29997765336342874,9.823108134350808e-05,0.0,-1.0,0.1,0.0,0.0,0.0,3.4680352210998535,55859,nan,1.0126652717590332,55160.37881201462,52000,55216.24351942317,55590.41036170414,50,55694.194010778934,nan,nan,nan,0.033221952617168427
18.0746165580058,nav_to_wp,0,0.0055891769006848335,-0.19530493021011353,1.78652822971344,-0.0010729053756222129,-0.3184080719947815,-0.0060923220589756966,0.02160858485294328,-0.22908406596017072,1.7994200935129043,0.39867373263525074,55758,0.7090958478957958,0.024650830116680084,0.014775233681791011,0.9948450024239719,-0.0036603050726995547,-0.29997765336342874,9.823108134350808e-05,0.0,-1.0,0.1,0.0,0.0,0.0,3.4680352210998535,55758,nan,1.0071136951446533,55364.15627035177,52000,55218.21568943556,55587.39364048611,50,55694.194010778934,nan,nan,nan,0.033221952617168427
18.089213394996477,nav_to_wp,0,0.005401581060141325,-0.20057763159275055,1.7863845825195312,0.0008743445505388081,-0.3257157504558563,-0.005161063279956579,0.021554127811414546,-0.23354705338948256,1.7994215549687038,0.3983447416608844,55712,0.7004153472528856,0.020187230475368686,0.013943371577000985,1.1253550183027983,-0.0036603050726995547,-0.29997765336342874,9.823108134350808e-05,0.0,-1.0,0.1,0.0,0.0,0.0,3.4680352210998535,55712,nan,1.0133821964263916,54976.29640274297,52000,55214.99009894632,55579.2456773162,50,55694.194010778934,nan,nan,nan,0.033221952617168427
18.109119409986306,nav_to_wp,0,0.00515275401994586,-0.20860299468040466,1.786247730255127,0.0028714893851429224,-0.334249347448349,-0.0018094406696036458,0.021481246174012748,-0.23952001524015984,1.7994235108827354,0.39679526114963964,55495,0.6595319564548703,0.013894129584399036,0.013168476279698638,0.8435820054728538,-0.0036603050726995547,-0.29997765336342874,9.823108134350808e-05,0.0,-1.0,0.1,0.0,0.0,0.0,3.4680352210998535,55495,nan,1.0112919807434082,54875.34862009408,52000,55210.46154589496,55569.86038321991,50,55694.194010778934,nan,nan,nan,0.033221952617168427
18.128762278996874,nav_to_wp,0,0.005095204804092646,-0.21419672667980194,1.7862194776535034,0.004707058425992727,-0.3402707874774933,9.785986912902445e-05,0.02140807156211332,-0.24551698760377272,1.7994254746592817,0.3958616480259694,55365,0.6348983648013018,0.011291592075323773,0.012256290794625535,0.8626789785921574,-0.0036603050726995547,-0.29997765336342874,9.823108134350808e-05,0.0,-1.0,0.1,0.0,0.0,0.0,3.4680352210998535,55365,nan,1.017362117767334,54420.150930626376,52000,55200.46154589496,55559.86038321991,50,55694.194010778934,nan,nan,nan,0.033221952617168427
18.14861889000167,nav_to_wp,0,0.004974651616066694,-0.21972116827964783,1.7861982583999634,0.006501040421426296,-0.34643515944480896,0.0019372659735381603,0.02133479942151613,-0.25152195286123125,1.7994274410531916,0.3949566168016359,55238,0.6110189129719217,0.008682167349481767,0.011423756346912839,0.6843750015832484,-0.0036603050726995547,-0.29997765336342874,9.823108134350808e-05,0.0,-1.0,0.1,0.0,0.0,0.0,3.4680352210998535,55238,nan,1.0051792860031128,54953.38072439044,52000,55197.16713494157,55551.77398776885,50,55694.194010778934,nan,nan,nan,0.033221952617168427
18.169918505998794,nav_to_wp,0,0.004880005493760109,-0.22817833721637726,1.7862216234207153,0.009083393029868603,-0.3523170053958893,0.002279833424836397,0.021260417516547475,-0.2576178680546449,1.7994294372296884,0.3947404348165232,55208,0.6053149028106368,0.003313599212947404,0.01014209204256833,1.40011400799267,-0.0036603050726995547,-0.29997765336342874,9.823108134350808e-05,0.0,-1.0,0.1,0.0,0.0,0.0,3.4680352210998535,55208,nan,0.9935234785079956,55567.88661190728,52000,55202.110061301115,55551.98882275736,50,55694.194010778934,nan,nan,nan,0.033221952617168427
18.18874541000696,nav_to_wp,0,0.0049025495536625385,-0.23398013412952423,1.7861875295639038,0.009859488345682621,-0.3545815348625183,0.0015282375970855355,0.02118857077554009,-0.2635060157202462,1.7994313653703544,0.395158165070656,55267,0.616336809252136,0.0022512971460016563,0.009642996644125823,0.8337080071214586,-0.0036603050726995547,-0.29997765336342874,9.823108134350808e-05,0.0,-1.0,0.1,0.0,0.0,0.0,3.4680352210998535,55267,nan,1.0040541887283325,55043.84187669937,52000,55199.99981883976,55545.21353014325,50,55694.194010778934,nan,nan,nan,0.033221952617168427
18.209582459996454,nav_to_wp,0,0.004891545977443457,-0.23963329195976257,1.786238431930542,0.012924340553581715,-0.3600935637950897,0.0015141600742936134,0.02111505649837915,-0.269530825104559,1.7994333382624483,0.395097410691433,55258,0.6147337913306856,-0.00016241791438340042,0.008029688600556417,1.4174710086081177,-0.0036603050726995547,-0.29997765336342874,9.823108134350808e-05,0.0,-1.0,0.1,0.0,0.0,0.0,3.4680352210998535,55258,nan,1.0012363195419312,55189.76781153995,52000,55199.863392075764,55540.474253895205,50,55694.194010778934,nan,nan,nan,0.033221952617168427
18.229056699987268,nav_to_wp,0,0.005027583334594965,-0.24843432009220123,1.7862900495529175,0.015959324315190315,-0.3644576668739319,0.001573067274875939,0.021042140959220773,-0.275506565349163,1.7994352950862966,0.39500634482225816,55245,0.6123309979487619,-0.005233219329189508,0.0062832243970569746,1.0779860022012144,-0.0036603050726995547,-0.29997765336342874,9.823108134350808e-05,0.0,-1.0,0.1,0.0,0.0,0.0,3.4680352210998535,55245,nan,1.0035969018936157,55047.00133665432,52000,55197.825231336814,55533.89461499866,50,55694.194010778934,nan,nan,nan,0.033221952617168427
18.249319230992114,nav_to_wp,0,0.005122542381286621,-0.25424522161483765,1.7863482236862183,0.018462389707565308,-0.36821091175079346,0.0023864959366619587,0.02096877791857999,-0.2815189802539122,1.799437263919678,0.39453030544097334,55179,0.5997705921101133,-0.006937876132618984,0.004851243972493924,1.23264201101847,-0.0036603050726995547,-0.29997765336342874,9.823108134350808e-05,0.0,-1.0,0.1,0.0,0.0,0.0,3.4680352210998535,55179,nan,0.9971242547035217,55338.13839119434,52000,55199.69607346825,55531.2845320146,50,55694.194010778934,nan,nan,nan,0.033221952617168427
18.26940492700669,nav_to_wp,0,0.0052411844953894615,-0.2601872682571411,1.7864301204681396,0.020947841927409172,-0.37114521861076355,0.0029508578591048717,0.02089551734073595,-0.2875229978943044,1.79943923000328,0.3941501600353685,55126,0.5897403703263446,-0.00837061385986904,0.003399989283061622,1.2978949816897511,-0.0036603050726995547,-0.29997765336342874,9.823108134350808e-05,0.0,-1.0,0.1,0.0,0.0,0.0,3.4680352210998535,55126,nan,1.016847014427185,54212.678227760574,52000,55189.69607346825,55521.2845320146,50,55694.194010778934,nan,nan,nan,0.033221952617168427
18.28909992898116,nav_to_wp,0,0.005473024677485228,-0.26898297667503357,1.7865197658538818,0.0229345690459013,-0.37345680594444275,0.005460462067276239,0.020822317553394636,-0.2935220334930377,1.7994411944554558,0.3928008451128829,54937,0.5541383934797572,-0.012424474292885965,0.0020894632332455476,1.0284459858667105,-0.0036603050726995547,-0.29997765336342874,9.823108134350808e-05,0.0,-1.0,0.1,0.0,0.0,0.0,3.4680352210998535,54937,nan,1.0236018896102905,53670.279976638005,52000,55179.69607346825,55511.2845320146,50,55694.194010778934,nan,nan,nan,0.033221952617168427
18.31005916398135,nav_to_wp,0,0.005713379941880703,-0.27787500619888306,1.7867116928100586,0.023871758952736855,-0.3737785518169403,0.008858178742229939,0.020746270597591616,-0.29975440672262677,1.7994432353166827,0.39087996481769355,54668,0.5034555360869,-0.015372139050803573,0.0012964174292755537,1.0774479887913913,-0.0036603050726995547,-0.29997765336342874,9.823108134350808e-05,0.0,-1.0,0.1,0.0,0.0,0.0,3.4680352210998535,54668,nan,1.0095080137252808,54153.11147284949,52000,55169.69607346825,55501.2845320146,50,55694.194010778934,nan,nan,nan,0.033221952617168427
18.328984253981616,nav_to_wp,0,0.005936238449066877,-0.2837943732738495,1.78681218624115,0.024749647825956345,-0.37377581000328064,0.01099895965307951,0.020676221662985904,-0.305495216465606,1.7994451152098765,0.3896872784183575,54501,0.47198623795138417,-0.015601077894896329,0.0005491652626219423,1.0054410086013377,-0.0036603050726995547,-0.29997765336342874,9.823108134350808e-05,0.0,-1.0,0.1,0.0,0.0,0.0,3.4680352210998535,54501,nan,1.006226897239685,54163.72803143004,52000,55159.69607346825,55491.2845320146,50,55694.194010778934,nan,nan,nan,0.033221952617168427
18.348971356987022,nav_to_wp,0,0.0061302646063268185,-0.28971540927886963,1.786950945854187,0.024911299347877502,-0.3732436001300812,0.011886326596140862,0.02060286541217751,-0.3115070749145555,1.79944708386104,0.3890704249582092,54415,0.4557104210609282,-0.015258814862695093,0.00019204605102585148,0.9991660190280527,-0.0036603050726995547,-0.29997765336342874,9.823108134350808e-05,0.0,-1.0,0.1,0.0,0.0,0.0,3.4680352210998535,54415,nan,1.0009649991989136,54362.54019226356,52000,55149.69607346825,55481.2845320146,50,55694.194010778934,nan,nan,nan,0.033221952617168427
18.36964031800744,nav_to_wp,0,0.0064541338942945,-0.298555850982666,1.7871673107147217,0.02528887614607811,-0.372537225484848,0.011821841821074486,0.020528879673054366,-0.31757052262279545,1.799449069405691,0.388850756914293,54384,0.4499144304562783,-0.017761080145049644,-0.0004113093106219434,1.3569189759436995,-0.0036603050726995547,-0.29997765336342874,9.823108134350808e-05,0.0,-1.0,0.1,0.0,0.0,0.0,3.4680352210998535,54384,nan,0.9910795092582703,54873.49853565362,52000,55146.013439630726,55473.18071872979,50,55694.194010778934,nan,nan,nan,0.033221952617168427
18.38905737400637,nav_to_wp,0,0.006657123100012541,-0.30428773164749146,1.7873338460922241,0.02511778101325035,-0.3707846701145172,0.009918684139847755,0.020456561180965352,-0.3234973323068976,1.7994510102066728,0.38958915382257886,54488,0.4693971984849288,-0.016627420696871717,-0.0006053607932852145,1.1221450113225728,-0.0036603050726995547,-0.29997765336342874,9.823108134350808e-05,0.0,-1.0,0.1,0.0,0.0,0.0,3.4680352210998535,54488,nan,0.9888101816177368,55104.6105844655,52000,55145.46140156186,55468.26645027294,50,55694.194010778934,nan,nan,nan,0.033221952617168427
18.409280328982277,nav_to_wp,0,0.00701627554371953,-0.3129396140575409,1.7875497341156006,0.02532101236283779,-0.3695656359195709,0.008527345024049282,0.02038264914577799,-0.32955473966241855,1.799452993773342,0.39003156627057467,54550,0.4810703501470872,-0.018644574025376497,-0.001153019870237637,1.1675290006678551,-0.0036603050726995547,-0.29997765336342874,9.823108134350808e-05,0.0,-1.0,0.1,0.0,0.0,0.0,3.4680352210998535,54550,nan,1.0082613229751587,54103.037334641456,52000,55135.46140156186,55458.26645027294,50,55694.194010778934,nan,nan,nan,0.033221952617168427
18.428581465996103,nav_to_wp,0,0.007175179198384285,-0.3187059760093689,1.7876482009887695,0.02485998533666134,-0.36703670024871826,0.009328680112957954,0.020310123279102657,-0.3354985445806707,1.7994549401396058,0.38949999918994777,54475,0.4670448335078561,-0.017189001589327436,-0.0011555341480953274,0.7113970059435815,-0.0036603050726995547,-0.29997765336342874,9.823108134350808e-05,0.0,-1.0,0.1,0.0,0.0,0.0,3.4680352210998535,54475,nan,1.0051772594451904,54194.421419827566,52000,55125.46140156186,55448.26645027294,50,55694.194010778934,nan,nan,nan,0.033221952617168427
18.449197598005412,nav_to_wp,0,0.007392190396785736,-0.3243502378463745,1.7877395153045654,0.024455631151795387,-0.36462655663490295,0.009580126032233238,0.02023685409596074,-0.3415032674620225,1.7994569064541468,0.3892524023833484,54441,0.4605119362361041,-0.015590961933521101,-0.0012468051269511893,1.1373560118954629,-0.0036603050726995547,-0.29997765336342874,9.823108134350808e-05,0.0,-1.0,0.1,0.0,0.0,0.0,3.4680352210998535,54441,nan,1.0004115104675293,54418.606173931075,52000,55116.036665193446,55438.26645027294,50,55694.194010778934,nan,nan,nan,0.033221952617168427
18.470021487999475,nav_to_wp,0,0.007583237253129482,-0.33273664116859436,1.787890911102295,0.02350727468729019,-0.3609156906604767,0.009792721830308437,0.02016147095112473,-0.3476812385441936,1.7994589295007741,0.388961558231937,54400,0.4528379480722151,-0.015965679694125098,-0.0010340933081258719,1.1550479975994676,-0.0036603050726995547,-0.29997765336342874,9.823108134350808e-05,0.0,-1.0,0.1,0.0,0.0,0.0,3.4680352210998535,54400,nan,0.9999033808708191,54405.25658851444,52000,55106.55959750439,55428.26645027294,50,55694.194010778934,nan,nan,nan,0.033221952617168427
18.489111554983538,nav_to_wp,0,0.007811255753040314,-0.33834996819496155,1.787977695465088,0.022160604596138,-0.3570132851600647,0.009456535801291466,0.020090411948069216,-0.3535048277160154,1.7994608365010298,0.38901058025685925,54407,0.4541314051941736,-0.013740890757042344,-0.0006491326619531002,1.088037999579683,-0.0036603050726995547,-0.29997765336342874,9.823108134350808e-05,0.0,-1.0,0.1,0.0,0.0,0.0,3.4680352210998535,54407,nan,0.9942615628242493,54721.01309584393,52000,55101.41897748226,55418.83640554722,50,55694.194010778934,nan,nan,nan,0.033221952617168427
18.50891510900692,nav_to_wp,0,0.007890976965427399,-0.3438664376735687,1.788031816482544,0.020183075219392776,-0.35163697600364685,0.007637107744812965,0.020016940390274823,-0.3595261360655577,1.7994628082466704,0.3898395352775629,54523,0.47600356932883514,-0.010435214294784799,0.0002095972951039471,0.8934060169849545,-0.0036603050726995547,-0.29997765336342874,9.823108134350808e-05,0.0,-1.0,0.1,0.0,0.0,0.0,3.473313808441162,54523,nan,0.9857769012451172,55309.67496918722,52000,55104.19572403833,55417.38091972909,50,55753.42503933576,nan,nan,nan,0.033221952617168427
18.529414575983537,nav_to_wp,0,0.008115623146295547,-0.3519560694694519,1.7881016731262207,0.018694376572966576,-0.3468749523162842,0.005115967243909836,0.01994368343622431,-0.3655298567205735,1.799464774233021,0.39101404622161756,54687,0.5069933040004617,-0.010101972003646358,0.0006656738001529217,1.3627019943669438,-0.0036603050726995547,-0.29997765336342874,9.823108134350808e-05,0.0,-1.0,0.1,0.0,0.0,0.0,3.473313808441162,54687,nan,0.9881349205970764,55343.65688336934,52000,55107.388539496074,55416.39793257763,50,55753.42503933576,nan,nan,nan,0.033221952617168427
18.54919890698511,nav_to_wp,0,0.008190312422811985,-0.357250452041626,1.7881025075912476,0.01708809845149517,-0.34184208512306213,0.003463320666924119,0.01987018728857739,-0.37155318031368456,1.7994667466385759,0.3918310754682125,54801,0.528550803910619,-0.006767757352627795,0.0013328942720731707,1.0174369963351637,-0.0036603050726995547,-0.29997765336342874,9.823108134350808e-05,0.0,-1.0,0.1,0.0,0.0,0.0,3.473313808441162,54801,nan,1.0027225017547607,54652.209264376186,52000,55101.31948249447,55406.39793257763,50,55753.42503933576,nan,nan,nan,0.033221952617168427
18.568647815001896,nav_to_wp,0,0.00830454658716917,-0.365109920501709,1.788079857826233,0.015895448625087738,-0.33709296584129333,0.0031861807219684124,0.019797715221019727,-0.37749257616418125,1.7994686915610405,0.3919994496655105,54825,0.532993394868349,-0.0063010811901567845,0.001750301090714057,0.7838750025257468,-0.0036603050726995547,-0.29997765336342874,9.823108134350808e-05,0.0,-1.0,0.1,0.0,0.0,0.0,3.473313808441162,54825,nan,0.9945161938667297,55127.307466797094,52000,55101.66598895185,55402.67672636723,50,55753.42503933576,nan,nan,nan,0.033221952617168427
18.58883725097985,nav_to_wp,0,0.008315454237163067,-0.37022048234939575,1.7880781888961792,0.014236457645893097,-0.33226972818374634,0.001677306485362351,0.019724124403164973,-0.3835236583856648,1.7994706665072462,0.3927529384619931,54930,0.552874365751796,-0.002895330872789953,0.0025056885795116113,0.8342800138052553,-0.0036603050726995547,-0.29997765336342874,9.823108134350808e-05,0.0,-1.0,0.1,0.0,0.0,0.0,3.473313808441162,54930,nan,1.0002115964889526,54918.37946372651,52000,55099.22216861551,55396.21942953202,50,55753.42503933576,nan,nan,nan,0.033221952617168427
18.609191722993273,nav_to_wp,0,0.008380714803934097,-0.37532106041908264,1.7880654335021973,0.012542244046926498,-0.32753485441207886,0.0014025559648871422,0.01965082375234527,-0.38953096017777716,1.7994726336662807,0.3929079201967963,54952,0.5569635935830153,0.0004390865853324576,0.003226038185772717,1.1110950144939125,-0.0036603050726995547,-0.29997765336342874,9.823108134350808e-05,0.0,-1.0,0.1,0.0,0.0,0.0,3.473313808441162,54952,nan,0.9944555163383484,55258.37918053583,52000,55101.344262107785,55394.38155954541,50,55753.42503933576,nan,nan,nan,0.033221952617168427
18.628617902984843,nav_to_wp,0,0.008263329043984413,-0.38283437490463257,1.788059115409851,0.010466082021594048,-0.32218360900878906,0.00046683166874572635,0.01957806682896384,-0.39549370118116806,1.7994745862333803,0.3933882067302748,55019,0.5696360614848217,0.0015825219158440086,0.0043230146787220924,0.7351929962169379,-0.0036603050726995547,-0.29997765336342874,9.823108134350808e-05,0.0,-1.0,0.1,0.0,0.0,0.0,3.473313808441162,55019,nan,0.9986729621887207,55092.10931216037,52000,55101.22112944182,55390.35126291361,50,55753.42503933576,nan,nan,nan,0.033221952617168427
18.649405850999756,nav_to_wp,0,0.008269491605460644,-0.38780516386032104,1.7880457639694214,0.007651231251657009,-0.31631556153297424,0.0010486715473234653,0.019504014435667814,-0.4015626114839104,1.7994765735668197,0.39312498081137337,54982,0.5626907865797701,0.005686348070977223,0.005676347115253222,1.2250840081833303,-0.0036603050726995547,-0.29997765336342874,9.823108134350808e-05,0.0,-1.0,0.1,0.0,0.0,0.0,3.473313808441162,54982,nan,1.0072028636932373,54588.80428356864,52000,55094.388904830186,55380.35126291361,50,55753.42503933576,nan,nan,nan,0.033221952617168427
18.669575462001376,nav_to_wp,0,0.0081252446398139,-0.39515140652656555,1.7880645990371704,0.0052358172833919525,-0.31124699115753174,0.002892559627071023,0.019430093483905137,-0.4076207495909085,1.7994785573727816,0.3921884031498357,54851,0.5379789749297004,0.006971033929362967,0.00699341796252595,0.8358880004379898,-0.0036603050726995547,-0.29997765336342874,9.823108134350808e-05,0.0,-1.0,0.1,0.0,0.0,0.0,3.473313808441162,54851,nan,1.0157506465911865,54000.457872291285,52000,55084.388904830186,55370.35126291361,50,55753.42503933576,nan,nan,nan,0.033221952617168427
18.68940555700101,nav_to_wp,0,0.008032441139221191,-0.39993342757225037,1.7880617380142212,0.003023310797289014,-0.30602890253067017,0.005141913425177336,0.019357744007353423,-0.4135500985842287,1.799480499005289,0.3910865948439501,54697,0.5089075156715044,0.01083300406853266,0.008165540580599151,1.2401399726513773,-0.0036603050726995547,-0.29997765336342874,9.823108134350808e-05,0.0,-1.0,0.1,0.0,0.0,0.0,3.473313808441162,54697,nan,0.9986558556556702,54770.619618595774,52000,55080.20531434706,55362.35484098937,50,55753.42503933576,nan,nan,nan,0.033221952617168427
18.709980393003207,nav_to_wp,0,0.007869614288210869,-0.40721020102500916,1.7880237102508545,0.0007480948115698993,-0.30196988582611084,0.0045549930073320866,0.019282903835944137,-0.4196835706721486,1.7994825074802165,0.3914383722300342,54746,0.518189240897998,0.011729074752178624,0.009410651777712609,1.3434919819701463,-0.0036603050726995547,-0.29997765336342874,9.823108134350808e-05,0.0,-1.0,0.1,0.0,0.0,0.0,3.4680352210998535,54746,nan,0.9933176040649414,55114.295544510256,52000,55080.65985074924,55359.047383702986,50,55694.194010778934,nan,nan,nan,0.033221952617168427
18.72897036600625,nav_to_wp,0,0.007716340012848377,-0.41185861825942993,1.7879670858383179,-0.0007496142643503845,-0.2984195649623871,0.0031628073193132877,0.019211996988007476,-0.42549469008131574,1.799484410397107,0.3922263165820422,54856,0.5389793293414815,0.014702115066775,0.010239483275962025,0.9851290087681264,-0.0036603050726995547,-0.29997765336342874,9.823108134350808e-05,0.0,-1.0,0.1,0.0,0.0,0.0,3.4680352210998535,54856,nan,0.9967385530471802,55035.495348601624,52000,55080.057657387275,55354.73335656831,50,55694.194010778934,nan,nan,nan,0.033221952617168427
18.749184497981332,nav_to_wp,0,0.0075700050219893456,-0.4166458547115326,1.7879393100738525,-0.0021308124996721745,-0.2961125671863556,0.002818820998072624,0.019138542805715558,-0.4315145744341267,1.7994863816764437,0.392453888256266,54888,0.544983859004379,0.017126193331028286,0.011011749574414864,1.1550249764695764,-0.0036603050726995547,-0.29997765336342874,9.823108134350808e-05,0.0,-1.0,0.1,0.0,0.0,0.0,3.4680352210998535,54888,nan,0.9942734837532043,55204.1273320572,52000,55081.71191971621,55352.725276241494,50,55694.194010778934,nan,nan,nan,0.033221952617168427
18.76911594599369,nav_to_wp,0,0.00733804889023304,-0.42364710569381714,1.7878344058990479,-0.002687470056116581,-0.2941654622554779,0.00092819839483127,0.01906522725384663,-0.43752309743094514,1.7994883492353757,0.39353439351871866,55039,0.5734932326838678,0.01705975097259693,0.011425690478557904,0.8852860191836953,-0.0036603050726995547,-0.29997765336342874,9.823108134350808e-05,0.0,-1.0,0.1,0.0,0.0,0.0,3.4680352210998535,55039,nan,0.9981416463851929,55141.47235447573,52000,55082.508725513006,55349.908570617954,50,55694.194010778934,nan,nan,nan,0.033221952617168427
18.78897479598527,nav_to_wp,0,0.007172873709350824,-0.4282595217227936,1.787769079208374,-0.002627544803544879,-0.29295602440834045,0.00021346968424040824,0.018992407614665682,-0.44349097826229916,1.79949030348557,0.3939901912647416,55103,0.5855195584364523,0.01903056171435439,0.011475820585329588,1.0235109948553145,-0.0036603050726995547,-0.29997765336342874,9.823108134350808e-05,0.0,-1.0,0.1,0.0,0.0,0.0,3.4680352210998535,55103,nan,1.0012626647949219,55033.51112296409,52000,55081.85542414569,55345.68993798257,50,55694.194010778934,nan,nan,nan,0.033221952617168427
18.809292902995367,nav_to_wp,0,0.007074391935020685,-0.4330037236213684,1.7877262830734253,-0.0023598666302859783,-0.29191258549690247,5.278885510051623e-06,0.01891841842027772,-0.44955470914426665,1.7994922891229495,0.39416442146176844,55128,0.5901166612603799,0.020891124532298938,0.011359775167959718,1.0719500132836401,-0.0036603050726995547,-0.29997765336342874,9.823108134350808e-05,0.0,-1.0,0.1,0.0,0.0,0.0,3.4680352210998535,55128,nan,1.0032987594604492,54946.74390871026,52000,55080.05393727322,55340.37065759228,50,55694.194010778934,nan,nan,nan,0.033221952617168427
18.82858367098379,nav_to_wp,0,0.006877785548567772,-0.4399068355560303,1.7875840663909912,-0.001434112316928804,-0.29136210680007935,0.0004959257203154266,0.018846240480179962,-0.4554699999916395,1.7994942261519578,0.3940919419378895,55117,0.5882042727675305,0.020171426557751837,0.011018320394645231,0.6425800092983991,-0.0036603050726995547,-0.29997765336342874,9.823108134350808e-05,0.0,-1.0,0.1,0.0,0.0,0.0,3.4680352210998535,55117,nan,0.9992495179176331,55158.39538743038,52000,55081.09848994198,55337.94432065678,50,55694.194010778934,nan,nan,nan,0.033221952617168427
18.84911522900802,nav_to_wp,0,0.006728759501129389,-0.44452646374702454,1.7874889373779297,-0.00022340283612720668,-0.291493684053421,-0.00034348340705037117,0.0187727455953266,-0.46149322009341837,1.7994961985236233,0.3946417462541867,55194,0.602710982960069,0.021499536604786592,0.010465921133223643,1.0693090152926743,-0.0036603050726995547,-0.29997765336342874,9.823108134350808e-05,0.0,-1.0,0.1,0.0,0.0,0.0,3.4680352210998535,55194,nan,0.9938254952430725,55536.91293309043,52000,55087.17601585062,55340.59723548923,50,55694.194010778934,nan,nan,nan,0.033221952617168427
18.86911805398995,nav_to_wp,0,0.0067390804179012775,-0.44925984740257263,1.7873694896697998,0.0007147992146201432,-0.29150816798210144,-0.0021834587678313255,0.018698555058444657,-0.4675734518537738,1.7994981895644022,0.3957228278089501,55345,0.6312355622414252,0.02279514709059514,0.009877702996254678,0.8945050067268312,-0.0036603050726995547,-0.29997765336342874,9.823108134350808e-05,0.0,-1.0,0.1,0.0,0.0,0.0,3.4680352210998535,55345,nan,0.9977983832359314,55467.117335380135,52000,55092.24190011102,55342.28417015444,50,55694.194010778934,nan,nan,nan,0.033221952617168427
18.888674401008757,nav_to_wp,0,0.00657741678878665,-0.4562494158744812,1.7871545553207397,0.0020980676636099815,-0.2924862802028656,-0.002928628120571375,0.018626081640313624,-0.47351295838953383,1.799500134523112,0.3963504788874141,55433,0.6477962767127714,0.02120517520032942,0.009254041408290448,0.709457992343232,-0.0036603050726995547,-0.29997765336342874,9.823108134350808e-05,0.0,-1.0,0.1,0.0,0.0,0.0,3.4680352210998535,55433,nan,0.9914836287498474,55909.143018221046,52000,55102.24190011102,55349.84228812866,50,55694.194010778934,nan,nan,nan,0.033221952617168427
18.91044320000219,nav_to_wp,0,0.006566747557371855,-0.4633731245994568,1.786923885345459,0.0026283785700798035,-0.2921488881111145,-0.005284131970256567,0.018550112034078338,-0.47973899249127516,1.7995021733085197,0.39781147553104396,55638,0.6863450008191005,0.020394039614012767,0.008887766763244764,1.1446879943832755,-0.0036603050726995547,-0.29997765336342874,9.823108134350808e-05,0.0,-1.0,0.1,0.0,0.0,0.0,3.462756633758545,55638,nan,0.9983965158462524,55727.3579353796,52000,55110.576780581265,55354.87583009201,50,55634.96298222211,nan,nan,nan,0.033221952617168427
18.92915610500495,nav_to_wp,0,0.006534887477755547,-0.4680938124656677,1.7867439985275269,0.003662874922156334,-0.29352277517318726,-0.0071621364913880825,0.018479928722428964,-0.4854908150076226,1.799504056807971,0.3989783185593019,55801,0.7171324158127135,0.020679442482162427,0.008304758509017907,1.2019790010526776,-0.0036603050726995547,-0.29997765336342874,9.823108134350808e-05,0.0,-1.0,0.1,0.0,0.0,0.0,3.462756633758545,55801,nan,1.0059500932693481,55470.94271709462,52000,55115.38165973478,55356.42338858538,50,55634.96298222211,nan,nan,nan,0.033221952617168427
18.949408391985344,nav_to_wp,0,0.0065260231494903564,-0.47282329201698303,1.7866365909576416,0.004771719221025705,-0.295528382062912,-0.007081621792167425,0.01840631253865866,-0.49152397607435844,1.799506032434918,0.39907529287505694,55814,0.7196911048827683,0.020975963348193627,0.007682111886167187,1.2623700022231787,-0.0036603050726995547,-0.29997765336342874,9.823108134350808e-05,0.0,-1.0,0.1,0.0,0.0,0.0,3.462756633758545,55814,nan,0.9986411333084106,55889.94698735581,52000,55125.38165973478,55363.537036568996,50,55634.96298222211,nan,nan,nan,0.033221952617168427
18.97005385000375,nav_to_wp,0,0.00666591664776206,-0.480105459690094,1.7863763570785522,0.006296768318861723,-0.2983699142932892,-0.006821975577622652,0.018332658152347095,-0.49756026800271697,1.7995080090871012,0.3992494399748071,55839,0.7242860151664132,0.018294434000737474,0.006700828294993411,1.2104030174668878,-0.0036603050726995547,-0.29997765336342874,9.823108134350808e-05,0.0,-1.0,0.1,0.0,0.0,0.0,3.462756633758545,55839,nan,1.003819465637207,55626.5363558719,52000,55132.06372234995,55367.04369415971,50,55634.96298222211,nan,nan,nan,0.033221952617168427
18.98865097798989,nav_to_wp,0,0.0066811819560825825,-0.48498472571372986,1.7862117290496826,0.008180420845746994,-0.30185624957084656,-0.006189506035298109,0.01826020066017982,-0.5034984693376423,1.799509953618408,0.3991339793476612,55823,0.7212395606243049,0.017613771622584852,0.0056709640050924826,0.7126189884729683,-0.0036603050726995547,-0.29997765336342874,9.823108134350808e-05,0.0,-1.0,0.1,0.0,0.0,0.0,3.462756633758545,55823,nan,1.0090222358703613,55323.85512976159,52000,55134.62094111544,55366.4678466344,50,55634.96298222211,nan,nan,nan,0.033221952617168427
19.00892938900506,nav_to_wp,0,0.00680945161730051,-0.48986122012138367,1.7860548496246338,0.010007745586335659,-0.30463314056396484,-0.005422507878392935,0.01818699014069118,-0.5094983844817431,1.7995119183586012,0.3989449318737368,55796,0.7162515006262993,0.017356249523059093,0.0045555449348044785,0.948482018429786,-0.0036603050726995547,-0.29997765336342874,9.823108134350808e-05,0.0,-1.0,0.1,0.0,0.0,0.0,3.462756633758545,55796,nan,1.0024422407150269,55660.06472373068,52000,55141.62685821698,55370.38247166235,50,55634.96298222211,nan,nan,nan,0.033221952617168427
19.029178879980464,nav_to_wp,0,0.00695993285626173,-0.49728548526763916,1.7858493328094482,0.011960220523178577,-0.3078668713569641,-0.005320514086633921,0.018113202193453845,-0.5155456222991189,1.7995138985951398,0.399132398126443,55822,0.7211978397478358,0.014347218700067704,0.003350279565189407,1.0269350023008883,-0.0036603050726995547,-0.29997765336342874,9.823108134350808e-05,0.0,-1.0,0.1,0.0,0.0,0.0,3.462756633758545,55822,nan,0.9935218095779419,56185.98350016468,52000,55151.62685821698,55380.38247166235,50,55634.96298222211,nan,nan,nan,0.033221952617168427
19.048472135997145,nav_to_wp,0,0.007128793280571699,-0.5022991895675659,1.7857680320739746,0.013692268170416355,-0.31108760833740234,-0.006424333434551954,0.0180407755137051,-0.5214812984245816,1.7995158422995383,0.3997832069522588,55913,0.7383695765767477,0.013634977637300514,0.002236909842314949,0.6293330225162208,-0.0036603050726995547,-0.29997765336342874,9.823108134350808e-05,0.0,-1.0,0.1,0.0,0.0,0.0,3.462756633758545,55913,nan,0.9916226267814636,56385.3612149597,52000,55161.62685821698,55390.38247166235,50,55634.96298222211,nan,nan,nan,0.033221952617168427
19.070165723998798,nav_to_wp,0,0.007389500737190247,-0.5098877549171448,1.7855998277664185,0.015382222831249237,-0.31450751423835754,-0.007509852293878794,0.017963825941423442,-0.5277876449344772,1.7995179073841538,0.4005234542669978,56017,0.7579011679946639,0.010621266053631818,0.0010516851736512844,1.2360590044409037,-0.0036603050726995547,-0.29997765336342874,9.823108134350808e-05,0.0,-1.0,0.1,0.0,0.0,0.0,3.462756633758545,56017,nan,0.9942811131477356,56339.197495826,52000,55171.62685821698,55400.38247166235,50,55634.96298222211,nan,nan,nan,0.033221952617168427
19.089275087986607,nav_to_wp,0,0.007624352816492319,-0.5149917602539062,1.785517692565918,0.016989313066005707,-0.31794771552085876,-0.008075999096035957,0.01789420263802385,-0.5334935723799771,1.799519775854744,0.4009067930633222,56071,0.768015648108765,0.009495398169782529,-5.483493799518513e-05,1.2893549865111709,-0.0036603050726995547,-0.29997765336342874,9.823108134350808e-05,0.0,-1.0,0.1,0.0,0.0,0.0,3.462756633758545,56071,nan,1.0041218996047974,55840.82970610286,52000,55180.549562855456,55406.25510145489,50,55634.96298222211,nan,nan,nan,0.033221952617168427
19.10867618600605,nav_to_wp,0,0.007800034713000059,-0.5201134085655212,1.7854173183441162,0.018353870138525963,-0.3205289840698242,-0.007228086702525616,0.017820899128607695,-0.5395011084462933,1.7995217430904946,0.4006094649788751,56029,0.7601705799175473,0.009098301920090965,-0.0009847229639907695,0.7409190002363175,-0.0036603050726995547,-0.29997765336342874,9.823108134350808e-05,0.0,-1.0,0.1,0.0,0.0,0.0,3.4521994590759277,56029,nan,1.0187236070632935,54999.216285481554,52000,55178.13178582381,55400.82791724191,50,55516.50092510846,nan,nan,nan,0.033221952617168427
19.128698702988913,nav_to_wp,0,0.008159453980624676,-0.5278290510177612,1.785356044769287,0.019621893763542175,-0.3230021893978119,-0.004859021864831448,0.017747757803580042,-0.5454953528084182,1.7995237059737257,0.3994956309146874,55873,0.7307818183294827,0.00616185533953116,-0.002055388726877716,0.7596969953738153,-0.0036603050726995547,-0.29997765336342874,9.823108134350808e-05,0.0,-1.0,0.1,0.0,0.0,0.0,3.4521994590759277,55873,nan,1.0212419033050537,54710.837676340685,52000,55171.90119769737,55391.62804736323,50,55516.50092510846,nan,nan,nan,0.033221952617168427
19.148899025982246,nav_to_wp,0,0.0083317244425416,-0.5330305099487305,1.7854489088058472,0.020493753254413605,-0.3252469599246979,-0.0010526111582294106,0.0176744349420177,-0.5515044748658704,1.7995256737288268,0.39747874491521973,55591,0.6775658288976167,0.0058764071543869496,-0.0027516662459274865,0.886155990883708,-0.0036603050726995547,-0.29997765336342874,9.823108134350808e-05,0.0,-1.0,0.1,0.0,0.0,0.0,3.4521994590759277,55591,nan,1.015700340270996,54731.6937839835,52000,55166.03176551452,55382.8289238515,50,55516.50092510846,nan,nan,nan,0.033221952617168427
19.16891275800299,nav_to_wp,0,0.00871041789650917,-0.5407685041427612,1.7855178117752075,0.021209754049777985,-0.3275451362133026,0.002813127124682069,0.017600912689038146,-0.5575299379026257,1.7995276468349668,0.3954581811278475,55308,0.6242528002070564,0.003011914904708758,-0.003585251266976064,0.8706219960004091,-0.0036603050726995547,-0.29997765336342874,9.823108134350808e-05,0.0,-1.0,0.1,0.0,0.0,0.0,3.4521994590759277,55308,nan,1.024798035621643,53969.65848636716,52000,55156.03176551452,55372.8289238515,50,55516.50092510846,nan,nan,nan,0.033221952617168427
19.18908047900186,nav_to_wp,0,0.008978649042546749,-0.5461316108703613,1.7856181859970093,0.02145354263484478,-0.32975178956985474,0.00694616325199604,0.017527912000266103,-0.5635126565221971,1.799529605943963,0.39326884140135254,55002,0.5664865805106203,0.0025366880676454505,-0.004076266993653155,1.0148459987249225,-0.0036603050726995547,-0.29997765336342874,9.823108134350808e-05,0.0,-1.0,0.1,0.0,0.0,0.0,3.4521994590759277,55002,nan,1.0175583362579346,54052.92064361594,52000,55146.03176551452,55362.8289238515,50,55516.50092510846,nan,nan,nan,0.033221952617168427
19.20892977999756,nav_to_wp,0,0.009241608902812004,-0.5514364242553711,1.7857511043548584,0.02157740108668804,-0.33194077014923096,0.009515979327261448,0.017454942398437565,-0.5694928274338105,1.7995315642186835,0.39182054246015313,54800,0.5282728881306884,0.002118181255862224,-0.004497502258119734,0.939252000534907,-0.0036603050726995547,-0.29997765336342874,9.823108134350808e-05,0.0,-1.0,0.1,0.0,0.0,0.0,3.4521994590759277,54800,nan,1.0157068967819214,53952.57251242816,52000,55136.03176551452,55352.8289238515,50,55516.50092510846,nan,nan,nan,0.033221952617168427
19.228990170988254,nav_to_wp,0,0.009585677646100521,-0.5594026446342468,1.7860043048858643,0.021404365077614784,-0.33341842889785767,0.013102127239108086,0.01738107494570065,-0.5755465810668682,1.7995335465888997,0.38971327846332365,54505,0.4726722549689608,-0.0005916741496952708,-0.004861991315256109,0.7998149958439171,-0.0036603050726995547,-0.29997765336342874,9.823108134350808e-05,0.0,-1.0,0.1,0.0,0.0,0.0,3.4521994590759277,54505,nan,1.0190469026565552,53486.25255413742,52000,55126.03176551452,55342.8289238515,50,55516.50092510846,nan,nan,nan,0.033221952617168427
19.249198181991233,nav_to_wp,0,0.00978301465511322,-0.5646498203277588,1.7862529754638672,0.020749064162373543,-0.3346000015735626,0.016611948609352112,0.01730844650991274,-0.581498791962515,1.799535495707796,0.3876498542497355,54216,0.4182283443201964,-0.0004769333670257708,-0.004828347946149059,1.1296549928374588,-0.0036603050726995547,-0.29997765336342874,9.823108134350808e-05,0.0,-1.0,0.1,0.0,0.0,0.0,3.4521994590759277,54216,nan,1.0089540481567383,53734.855516014235,52000,55116.03176551452,55332.8289238515,50,55516.50092510846,nan,nan,nan,0.033221952617168427
19.26877237998997,nav_to_wp,0,0.010081704705953598,-0.5726023316383362,1.786550760269165,0.019880766049027443,-0.33546605706214905,0.018641548231244087,0.01723546720095793,-0.5874797584146367,1.7995374542430251,0.38626682554019287,54023,0.3817368216409722,-0.0029687375236907634,-0.0047809341610443035,0.86051897960715,-0.0036603050726995547,-0.29997765336342874,9.823108134350808e-05,0.0,-1.0,0.1,0.0,0.0,0.0,3.4521994590759277,54023,nan,1.001342535018921,53950.5694711942,52000,55106.03176551452,55322.8289238515,50,55516.50092510846,nan,nan,nan,0.033221952617168427
19.28969879198121,nav_to_wp,0,0.010364249348640442,-0.5780940651893616,1.7867337465286255,0.018559884279966354,-0.3357417583465576,0.01918129064142704,0.017160910344538434,-0.5935900116275965,1.799539455114669,0.3857696450987967,53953,0.36861860418988535,-0.002474152524845113,-0.004472563475257596,1.287942985072732,-0.0036603050726995547,-0.29997765336342874,9.823108134350808e-05,0.0,-1.0,0.1,0.0,0.0,0.0,3.4521994590759277,53953,nan,1.0006407499313354,53918.4517557398,52000,55096.03176551452,55312.8289238515,50,55516.50092510846,nan,nan,nan,0.033221952617168427
19.309333749988582,nav_to_wp,0,0.010560506954789162,-0.5833474397659302,1.7869584560394287,0.017418472096323967,-0.3358204662799835,0.019027376547455788,0.01708871241184275,-0.5995069409538641,1.7995413926802157,0.38556708056547123,53925,0.36327389354805284,-0.0018278754548048948,-0.004161345619450918,1.2083800102118403,-0.0036603050726995547,-0.29997765336342874,9.823108134350808e-05,0.0,-1.0,0.1,0.0,0.0,0.0,3.473313808441162,53925,nan,0.9897646903991699,54482.64675743501,52000,55087.85329874013,55302.8289238515,50,55753.42503933576,nan,nan,nan,0.033221952617168427
19.32855138098239,nav_to_wp,0,0.010857658460736275,-0.5912556052207947,1.7872461080551147,0.01644073985517025,-0.3353118598461151,0.017646722495555878,0.017015709424390145,-0.6054898479601377,1.7995433518509014,0.38590189306008976,53972,0.3721079963084364,-0.003558309248499602,-0.004034685634896951,0.6514510023407638,-0.0036603050726995547,-0.29997765336342874,9.823108134350808e-05,0.0,-1.0,0.1,0.0,0.0,0.0,3.473313808441162,53972,nan,0.9854854345321655,54766.918017029704,52000,55083.57416165066,55295.68344509388,50,55753.42503933576,nan,nan,nan,0.033221952617168427
19.34903325099731,nav_to_wp,0,0.011003456078469753,-0.5965636968612671,1.787381887435913,0.01565227098762989,-0.3348958492279053,0.015416932292282581,0.01694222931978224,-0.611511856757596,1.7995453238259116,0.38684810668795333,54104,0.3970740550911156,-0.002596325910875076,-0.0038439107022947283,0.9948489896487445,-0.0036603050726995547,-0.29997765336342874,9.823108134350808e-05,0.0,-1.0,0.1,0.0,0.0,0.0,3.473313808441162,54104,nan,0.9740130305290222,55547.511485153474,52000,55089.7599926307,55299.041152294674,50,55753.42503933576,nan,nan,nan,0.033221952617168427
19.36898145498708,nav_to_wp,0,0.011279948055744171,-0.6044896841049194,1.7875009775161743,0.015329967252910137,-0.33500152826309204,0.011741179041564465,0.016869181680315815,-0.6174984231873487,1.7995472841949167,0.3885427259803405,54341,0.4417869651804871,-0.004636041911790178,-0.004021089885814844,0.9466229821555316,-0.0036603050726995547,-0.29997765336342874,9.823108134350808e-05,0.0,-1.0,0.1,0.0,0.0,0.0,3.473313808441162,54341,nan,0.9951199889183044,54607.48513259057,52000,55083.3296611635,55289.82040536529,50,55753.42503933576,nan,nan,nan,0.033221952617168427
19.38925421098247,nav_to_wp,0,0.011429705657064915,-0.6098232865333557,1.787540316581726,0.01502667274326086,-0.3350788354873657,0.010003314353525639,0.016795943887937818,-0.6235005734613602,1.7995492496670284,0.38936395735773555,54456,0.4634553392542351,-0.003979152784144135,-0.004085906431170017,1.1683809862006456,-0.0036603050726995547,-0.29997765336342874,9.823108134350808e-05,0.0,-1.0,0.1,0.0,0.0,0.0,3.473313808441162,54456,nan,0.9983413815498352,54546.47178449315,52000,55076.171556141235,55279.909090420326,50,55753.42503933576,nan,nan,nan,0.033221952617168427
19.409997085982468,nav_to_wp,0,0.011614089831709862,-0.6151599287986755,1.787545919418335,0.014695092104375362,-0.3351616859436035,0.00847921147942543,0.016720480395810877,-0.6296851293476142,1.7995512748699245,0.3901205319222346,54562,0.4834177288188535,-0.003144512800941658,-0.00417442253418665,1.2454530224204063,-0.0036603050726995547,-0.29997765336342874,9.823108134350808e-05,0.0,-1.0,0.1,0.0,0.0,0.0,3.473313808441162,54562,nan,0.9782496690750122,55775.12748007501,52000,55085.49096846035,55286.51200228239,50,55753.42503933576,nan,nan,nan,0.033221952617168427
19.428837173007196,nav_to_wp,0,0.011821596883237362,-0.6230680346488953,1.7874630689620972,0.014087185263633728,-0.33514294028282166,0.004325191956013441,0.016650049684004884,-0.63545722736476,1.7995531650088181,0.39230697694726796,54868,0.541107571168018,-0.005295362558494667,-0.0041246310417870635,0.9541549952700734,-0.0036603050726995547,-0.29997765336342874,9.823108134350808e-05,0.0,-1.0,0.1,0.0,0.0,0.0,3.473313808441162,54868,nan,0.9797123074531555,56004.19590791298,52000,55095.49096846035,55296.08112102413,50,55753.42503933576,nan,nan,nan,0.033221952617168427
19.449421308003366,nav_to_wp,0,0.011896569281816483,-0.6281753182411194,1.787353515625,0.012959576211869717,-0.33371663093566895,7.082740921759978e-05,0.016576553459550624,-0.6414805572525607,1.7995551374164342,0.3945699764350697,55184,0.6008173201865343,-0.0036133328705742563,-0.003679919785135599,1.4210669905878603,-0.0036603050726995547,-0.29997765336342874,9.823108134350808e-05,0.0,-1.0,0.1,0.0,0.0,0.0,3.473313808441162,55184,nan,0.9819852709770203,56196.362237791014,52000,55105.49096846035,55306.08112102413,50,55753.42503933576,nan,nan,nan,0.033221952617168427
19.469478429004084,nav_to_wp,0,0.012126446701586246,-0.6360571384429932,1.7870612144470215,0.011809381656348705,-0.3324456512928009,-0.004121653735637665,0.016502828352432018,-0.6475226450534816,1.7995571159665416,0.39703567372028925,55529,0.6658752960498475,-0.0048041405933434665,-0.0033835429349362567,1.258906995644793,-0.0036603050726995547,-0.29997765336342874,9.823108134350808e-05,0.0,-1.0,0.1,0.0,0.0,0.0,3.473313808441162,55529,nan,0.9859294891357422,56321.471882006765,52000,55115.49096846035,55316.08112102413,50,55753.42503933576,nan,nan,nan,0.033221952617168427
19.488964964984916,nav_to_wp,0,0.012250269763171673,-0.6412638425827026,1.7868279218673706,0.010601308196783066,-0.3311412036418915,-0.007202417589724064,0.016429894874126764,-0.653499855487886,1.79955907327182,0.39886725563539305,55785,0.7142019956568078,-0.0033552848647489504,-0.0029595669138999803,0.9934940026141703,-0.0036603050726995547,-0.29997765336342874,9.823108134350808e-05,0.0,-1.0,0.1,0.0,0.0,0.0,3.473313808441162,55785,nan,0.995463490486145,56039.22246586544,52000,55125.49096846035,55325.723005622014,50,55753.42503933576,nan,nan,nan,0.033221952617168427
19.509831592993578,nav_to_wp,0,0.012445768341422081,-0.6491078734397888,1.7864084243774414,0.009993263520300388,-0.3303716778755188,-0.00759956194087863,0.016354530455473134,-0.6596762918793317,1.7995610958158956,0.39959472967376064,55887,0.7333965613129436,-0.004633324495830532,-0.0029209858041316927,0.876217003678903,-0.0036603050726995547,-0.29997765336342874,9.823108134350808e-05,0.0,-1.0,0.1,0.0,0.0,0.0,3.4521994590759277,55887,nan,0.9992713332176208,55927.7526956024,52000,55135.49096846035,55333.75006815509,50,55516.50092510846,nan,nan,nan,0.033221952617168427
19.528669813997112,nav_to_wp,0,0.012559125199913979,-0.6542638540267944,1.7861078977584839,0.010057895444333553,-0.32939788699150085,-0.007960798218846321,0.016283625895351088,-0.6654872237923075,1.7995629986713884,0.4001517857715119,55965,0.748094611385536,-0.003485448621526015,-0.0031334156727000906,0.7055460009723902,-0.0036603050726995547,-0.29997765336342874,9.823108134350808e-05,0.0,-1.0,0.1,0.0,0.0,0.0,3.4521994590759277,55965,nan,0.9923990964889526,56393.64263631512,52000,55145.49096846035,55343.75006815509,50,55516.50092510846,nan,nan,nan,0.033221952617168427
19.549198546999833,nav_to_wp,0,0.01269701961427927,-0.659555196762085,1.785857081413269,0.010387692600488663,-0.32840436697006226,-0.01046289224177599,0.01621025878072565,-0.6714999725775209,1.7995649676141026,0.40171789886300713,56184,0.7894168565437223,-0.0022588953940329316,-0.0034957534434114645,1.2080419983249158,-0.0036603050726995547,-0.29997765336342874,9.823108134350808e-05,0.0,-1.0,0.1,0.0,0.0,0.0,3.4521994590759277,56184,nan,0.9964703917503357,56383.00993701459,52000,55155.49096846035,55353.75006815509,50,55516.50092510846,nan,nan,nan,0.033221952617168427
19.5690572669846,nav_to_wp,0,0.012848961167037487,-0.6672448515892029,1.7854336500167847,0.010812569409608841,-0.3276727795600891,-0.011468135751783848,0.016137342015419658,-0.6774758133101657,1.799566924470857,0.40275447070423886,56329,0.8167670370511555,-0.0035919024811582223,-0.003921065360361187,1.1302250204607844,-0.0036603050726995547,-0.29997765336342874,9.823108134350808e-05,0.0,-1.0,0.1,0.0,0.0,0.0,3.4521994590759277,56329,nan,1.0030869245529175,56155.651739859146,52000,55165.49096846035,55363.75006815509,50,55516.50092510846,nan,nan,nan,0.033221952617168427
19.58869720000075,nav_to_wp,0,0.01286014262586832,-0.6723290681838989,1.7852343320846558,0.010570098645985126,-0.3265692889690399,-0.011005899868905544,0.016064000259359272,-0.6834864838525313,1.799568892733027,0.40277321321632825,56332,0.8172615624360997,-0.002123696218532963,-0.0038844232274997115,0.7593139889650047,-0.0036603050726995547,-0.29997765336342874,9.823108134350808e-05,0.0,-1.0,0.1,0.0,0.0,0.0,3.4521994590759277,56332,nan,1.0189458131790161,55284.588514328745,52000,55167.078935738595,55362.69458077074,50,55516.50092510846,nan,nan,nan,0.033221952617168427
19.60922875799588,nav_to_wp,0,0.012865928933024406,-0.677307665348053,1.7850390672683716,0.00914121512323618,-0.32436445355415344,-0.009104120545089245,0.015990377907991876,-0.6895201503802235,1.799570868525493,0.40206706326856445,56233,0.7986296376929918,1.8986920276825818e-05,-0.003259473081647535,1.0754530085250735,-0.0036603050726995547,-0.29997765336342874,9.823108134350808e-05,0.0,-1.0,0.1,0.0,0.0,0.0,3.4521994590759277,56233,nan,1.0217244625091553,55037.34329889955,52000,55165.349127247406,55358.356563679125,50,55516.50092510846,nan,nan,nan,0.033221952617168427
19.629269059980288,nav_to_wp,0,0.012898067943751812,-0.684990406036377,1.7848939895629883,0.006669159047305584,-0.32127803564071655,-0.004408050794154406,0.015917220898608007,-0.695515680142412,1.799572831829643,0.39990161782220235,55930,0.7414938739367365,-0.00012494805225844307,-0.002146108599253349,1.11942199873738,-0.0036603050726995547,-0.29997765336342874,9.823108134350808e-05,0.0,-1.0,0.1,0.0,0.0,0.0,3.4521994590759277,55930,nan,1.0349643230438232,54040.51014580893,52000,55155.349127247406,55348.356563679125,50,55516.50092510846,nan,nan,nan,0.033221952617168427
19.648955893993843,nav_to_wp,0,0.012840328738093376,-0.6899325847625732,1.7848345041275024,0.003194336546584964,-0.3176388442516327,0.002045414876192808,0.015843983508802718,-0.7015177974238687,1.7995747972909508,0.39675234075795573,55489,0.658399492294345,0.0027771692579043267,-0.0004271340161532411,0.8532429928891361,-0.0036603050726995547,-0.29997765336342874,9.823108134350808e-05,0.0,-1.0,0.1,0.0,0.0,0.0,3.4521994590759277,55489,nan,1.035050868988037,53609.92552399985,52000,55145.349127247406,55338.356563679125,50,55516.50092510846,nan,nan,nan,0.033221952617168427
19.669121093989816,nav_to_wp,0,0.012716410681605339,-0.6974027156829834,1.784875750541687,-0.0005455280188471079,-0.3143182694911957,0.00791882537305355,0.015771317734316382,-0.707473068385524,1.7995767474119004,0.39376711323640146,55072,0.5796335946280049,0.0029459567256492087,0.0015212231321704017,1.1101510026492178,-0.0036603050726995547,-0.29997765336342874,9.823108134350808e-05,0.0,-1.0,0.1,0.0,0.0,0.0,3.4521994590759277,55072,nan,1.0286973714828491,53535.66707438426,52000,55135.349127247406,55328.356563679125,50,55516.50092510846,nan,nan,nan,0.033221952617168427
19.68920045500272,nav_to_wp,0,0.012606208212673664,-0.7023133635520935,1.7849986553192139,-0.004188220016658306,-0.31211403012275696,0.0125975850969553,0.015698043196073277,-0.7134782301403182,1.7995787138701556,0.39128200968379295,54724,0.5140635800473063,0.005210289390961053,0.003430568188273364,1.142822002293542,-0.0036603050726995547,-0.29997765336342874,9.823108134350808e-05,0.0,-1.0,0.1,0.0,0.0,0.0,3.4521994590759277,54724,nan,1.0211066007614136,53592.837377795506,52000,55125.349127247406,55318.356563679125,50,55516.50092510846,nan,nan,nan,0.033221952617168427
19.710186329000862,nav_to_wp,0,0.012368572875857353,-0.70974200963974,1.785366415977478,-0.007550766691565514,-0.30900144577026367,0.016483429819345474,0.015622791588113976,-0.7196454212129485,1.7995807333867466,0.3888858387839628,54389,0.45084007345548294,0.005545709895451679,0.005348072661842229,1.4604759926442057,-0.0036603050726995547,-0.29997765336342874,9.823108134350808e-05,0.0,-1.0,0.1,0.0,0.0,0.0,3.4574780464172363,54389,nan,1.015763521194458,53544.94315373997,52000,55115.349127247406,55308.356563679125,50,55575.73195366529,nan,nan,nan,0.033221952617168427
19.72908117598854,nav_to_wp,0,0.012122072279453278,-0.7145076990127563,1.7855473756790161,-0.010114317759871483,-0.30624470114707947,0.019487347453832626,0.015551676765300653,-0.7254735850526263,1.7995826418850291,0.38717035668558236,54149,0.4055766935509837,0.008092182391959937,0.006877244796428039,1.1045479914173484,-0.0036603050726995547,-0.29997765336342874,9.823108134350808e-05,0.0,-1.0,0.1,0.0,0.0,0.0,3.4574780464172363,54149,nan,1.0129773616790771,53455.29135048432,52000,55105.349127247406,55298.356563679125,50,55575.73195366529,nan,nan,nan,0.033221952617168427
19.74907818500651,nav_to_wp,0,0.01191377080976963,-0.7193527221679688,1.7858047485351562,-0.012106605805456638,-0.3046025335788727,0.020488569512963295,0.015478281594478869,-0.7314886331631077,1.7995846115806835,0.3863612000976447,54036,0.38422691550513477,0.010170751679135304,0.008062657973383569,1.0204720019828528,-0.0036603050726995547,-0.29997765336342874,9.823108134350808e-05,0.0,-1.0,0.1,0.0,0.0,0.0,3.4574780464172363,54036,nan,1.0034769773483276,53848.769049778595,52000,55095.349127247406,55288.356563679125,50,55575.73195366529,nan,nan,nan,0.033221952617168427
19.76956797100138,nav_to_wp,0,0.011528429575264454,-0.7265923619270325,1.7863270044326782,-0.013380106538534164,-0.3031541109085083,0.0207565575838089,0.015404508848489195,-0.737534625173232,1.7995865914092684,0.38557831045782226,53927,0.36357019677631186,0.009704451947176045,0.009062853754055356,1.056550012435764,-0.0036603050726995547,-0.29997765336342874,9.823108134350808e-05,0.0,-1.0,0.1,0.0,0.0,0.0,3.4574780464172363,53927,nan,1.0067758560180664,53564.057657568905,52000,55085.349127247406,55278.356563679125,50,55575.73195366529,nan,nan,nan,0.033221952617168427
19.78864168198197,nav_to_wp,0,0.0112367644906044,-0.7313955426216125,1.7866952419281006,-0.014329332858324051,-0.30308300256729126,0.021711576730012894,0.01533212982220598,-0.7434663958934129,1.7995885338347977,0.38465044789331315,53797,0.33908833491591217,0.010938652747624834,0.009806337586739433,0.7505449757445604,-0.0036603050726995547,-0.29997765336342874,9.823108134350808e-05,0.0,-1.0,0.1,0.0,0.0,0.0,3.4574780464172363,53797,nan,1.000210165977478,53785.696076609725,52000,55075.349127247406,55268.356563679125,50,55575.73195366529,nan,nan,nan,0.033221952617168427
19.809130670997547,nav_to_wp,0,0.010867785662412643,-0.7386852502822876,1.7871752977371216,-0.015160124748945236,-0.30202624201774597,0.021156197413802147,0.015257384006105101,-0.7495921351603148,1.7995905397775254,0.3843308013726963,53752,0.33065438978090356,0.010286258742426163,0.010553092648768692,0.6256790074985474,-0.0036603050726995547,-0.29997765336342874,9.823108134350808e-05,0.0,-1.0,0.1,0.0,0.0,0.0,3.4574780464172363,53752,nan,1.0096896886825562,53236.15820038298,52000,55065.349127247406,55258.356563679125,50,55575.73195366529,nan,nan,nan,0.033221952617168427
19.828681579005206,nav_to_wp,0,0.010572360828518867,-0.7434577941894531,1.7875018119812012,-0.015836376696825027,-0.3016349673271179,0.0227923933416605,0.015185540603287277,-0.7554800092470066,1.7995924678286046,0.3831153181033897,53582,0.29858359111846156,0.011687876880216629,0.011173072687684193,0.7397009758278728,-0.0036603050726995547,-0.29997765336342874,9.823108134350808e-05,0.0,-1.0,0.1,0.0,0.0,0.0,3.4574780464172363,53582,nan,1.00890052318573,53109.29944887739,52000,55055.349127247406,55248.356563679125,50,55575.73195366529,nan,nan,nan,0.033221952617168427
19.84881160099758,nav_to_wp,0,0.010250837542116642,-0.7482345104217529,1.7878473997116089,-0.016472652554512024,-0.3009282946586609,0.02442038245499134,0.015112367210398027,-0.7614768817075223,1.7995944315724366,0.38188246200073594,53410,0.26605440635186994,0.013374084247893344,0.011802547782027828,0.870536983711645,-0.0036603050726995547,-0.29997765336342874,9.823108134350808e-05,0.0,-1.0,0.1,0.0,0.0,0.0,3.4574780464172363,53410,nan,0.999480664730072,53437.75210941609,52000,55045.349127247406,55238.356563679125,50,55575.73195366529,nan,nan,nan,0.033221952617168427
19.869021905004047,nav_to_wp,0,0.00987296923995018,-0.7555820941925049,1.7883191108703613,-0.01682836189866066,-0.29986801743507385,0.02374240756034851,0.015039457088447184,-0.767452177988803,1.799596388250904,0.3816322665141866,53375,0.2594529423268206,0.01250011375409725,0.01231637298665822,0.9615769959054887,-0.0036603050726995547,-0.29997765336342874,9.823108134350808e-05,0.0,-1.0,0.1,0.0,0.0,0.0,3.4574780464172363,53375,nan,0.9882715940475464,54008.43282502775,52000,55035.349127247406,55228.356563679125,50,55575.73195366529,nan,nan,nan,0.033221952617168427
19.889486038999166,nav_to_wp,0,0.009536727331578732,-0.7602591514587402,1.7885249853134155,-0.016991376876831055,-0.29851284623146057,0.02098759636282921,0.014965390925119244,-0.7735222168045462,1.7995983759538878,0.3827675715985423,53534,0.2894082215974212,0.014627243266560865,0.01263902419836116,1.2299109948799014,-0.0036603050726995547,-0.29997765336342874,9.823108134350808e-05,0.0,-1.0,0.1,0.0,0.0,0.0,3.4574780464172363,53534,nan,0.9868391752243042,54247.94773457586,52000,55025.349127247406,55218.356563679125,50,55575.73195366529,nan,nan,nan,0.033221952617168427
19.909984475991223,nav_to_wp,0,0.009125813841819763,-0.7674499750137329,1.7888165712356567,-0.017019817605614662,-0.2981467843055725,0.018241262063384056,0.014890534871636104,-0.7796569904963355,1.7996003848550401,0.3837754357338241,53675,0.31600094284496194,0.013678794449915078,0.012970946130266059,1.0369590017944574,-0.0036603050726995547,-0.29997765336342874,9.823108134350808e-05,0.0,-1.0,0.1,0.0,0.0,0.0,3.473313808441162,53675,nan,0.9836548566818237,54566.90386408766,52000,55019.23652373861,55209.670527684575,50,55753.42503933576,nan,nan,nan,0.033221952617168427
19.92886051698588,nav_to_wp,0,0.008855191059410572,-0.7723933458328247,1.7889882326126099,-0.016656644642353058,-0.29880163073539734,0.01517343521118164,0.014819805446088082,-0.7854535693820377,1.7996022830104716,0.38509992989529346,53860,0.3509480183454716,0.014177967619903146,0.012945348778982124,1.0028080141637474,-0.0036603050726995547,-0.29997765336342874,9.823108134350808e-05,0.0,-1.0,0.1,0.0,0.0,0.0,3.473313808441162,53860,nan,0.9964994192123413,54049.20360372345,52000,55009.23652373861,55199.670527684575,50,55753.42503933576,nan,nan,nan,0.033221952617168427
19.949279392982135,nav_to_wp,0,0.008570351637899876,-0.7772636413574219,1.7890467643737793,-0.01586708426475525,-0.29979264736175537,0.013289110735058784,0.01474633612838336,-0.7914746941466521,1.7996042546959952,0.3859740878452327,53982,0.3740128719058742,0.014825076135932515,0.012725937744742177,1.3346119958441705,-0.0036603050726995547,-0.29997765336342874,9.823108134350808e-05,0.0,-1.0,0.1,0.0,0.0,0.0,3.473313808441162,53982,nan,1.0017127990722656,53889.6977756452,52000,54999.23652373861,55189.670527684575,50,55753.42503933576,nan,nan,nan,0.033221952617168427
19.969794161996106,nav_to_wp,0,0.008254346437752247,-0.7846109867095947,1.789139986038208,-0.01450428832322359,-0.30085569620132446,0.011565065011382103,0.014671672273912336,-0.7975937163074928,1.7996062584391304,0.3867099761726227,54085,0.39342945046497846,0.012976133738873366,0.012246504236656408,1.0087359987664968,-0.0036603050726995547,-0.29997765336342874,9.823108134350808e-05,0.0,-1.0,0.1,0.0,0.0,0.0,3.473313808441162,54085,nan,0.9764344692230225,55390.30186330581,52000,55004.45072826617,55192.34561215953,50,55753.42503933576,nan,nan,nan,0.033221952617168427
19.989143971994054,nav_to_wp,0,0.008003205992281437,-0.7894567251205444,1.789096713066101,-0.012718325480818748,-0.3024902641773224,0.006331813521683216,0.014599948683826794,-0.8034717712284158,1.7996081832748125,0.38938042767394,54458,0.46388991224115905,0.013107941318200337,0.011429434392065563,1.1151250218972564,-0.0036603050726995547,-0.29997765336342874,9.823108134350808e-05,0.0,-1.0,0.1,0.0,0.0,0.0,3.473313808441162,54458,nan,0.9644650816917419,56464.459972440585,52000,55014.45072826617,55202.34561215953,50,55753.42503933576,nan,nan,nan,0.033221952617168427
20.00920148700243,nav_to_wp,0,0.007776119280606508,-0.7969470620155334,1.7888875007629395,-0.010662849992513657,-0.30412450432777405,-0.0001004952791845426,0.01452697325476099,-0.8094524197070423,1.7996101417059178,0.39284523228894697,54943,0.5553095590751163,0.010622704297592902,0.010439034811024372,1.2454609968699515,-0.0036603050726995547,-0.29997765336342874,9.823108134350808e-05,0.0,-1.0,0.1,0.0,0.0,0.0,3.473313808441162,54943,nan,0.9804030656814575,56041.2364294376,52000,55024.45072826617,55212.34561215953,50,55753.42503933576,nan,nan,nan,0.033221952617168427
20.029026831994997,nav_to_wp,0,0.007585844490677118,-0.8019190430641174,1.7887327671051025,-0.008170428685843945,-0.3066238760948181,-0.003970131743699312,0.01445309668059369,-0.8155069208803261,1.7996121243209244,0.39497057645618316,55240,0.6113872415879449,0.010396105479789183,0.00923860592081982,0.9216440084856004,-0.0036603050726995547,-0.29997765336342874,9.823108134350808e-05,0.0,-1.0,0.1,0.0,0.0,0.0,3.473313808441162,55240,nan,0.9954921007156372,55490.14398033816,52000,55030.65997162714,55216.04959040191,50,55753.42503933576,nan,nan,nan,0.033221952617168427
20.048976304999087,nav_to_wp,0,0.007503506727516651,-0.8070635795593262,1.7885311841964722,-0.005659821443259716,-0.30896198749542236,-0.00667131133377552,0.014380125230382236,-0.8214872432748236,1.7996140826452498,0.3965698079316504,55464,0.6535833227348391,0.010017884371814294,0.007944588202213776,0.9803450084291399,-0.0036603050726995547,-0.29997765336342874,9.823108134350808e-05,0.0,-1.0,0.1,0.0,0.0,0.0,3.473313808441162,55464,nan,0.9800869226455688,56590.898948314585,52000,55040.65997162714,55226.04959040191,50,55753.42503933576,nan,nan,nan,0.033221952617168427
20.068600767990574,nav_to_wp,0,0.007363650947809219,-0.8146650791168213,1.7881137132644653,-0.0029070419259369373,-0.31135687232017517,-0.010304616764187813,0.014307152652668924,-0.82746765807292,1.7996160409998334,0.39889712948078465,55789,0.7149902237674031,0.007132850544269,0.006585073801204544,0.7194030040409416,-0.0036603050726995547,-0.29997765336342874,9.823108134350808e-05,0.0,-1.0,0.1,0.0,0.0,0.0,3.473313808441162,55789,nan,0.9836979508399963,56713.54703174977,52000,55050.65997162714,55236.04959040191,50,55753.42503933576,nan,nan,nan,0.033221952617168427
20.088750080991304,nav_to_wp,0,0.0073823039419949055,-0.8199121952056885,1.7877638339996338,-7.808459486113861e-05,-0.31494808197021484,-0.0141158951446414,0.0142339234327779,-0.8334691057949655,1.7996180062418865,0.4012362349616568,56117,0.7767080464817084,0.006053102987975893,0.005044938893510098,0.8238269947469234,-0.0036603050726995547,-0.29997765336342874,9.823108134350808e-05,0.0,-1.0,0.1,0.0,0.0,0.0,3.473313808441162,56117,nan,0.9816884398460388,57163.757585656196,52000,55060.65997162714,55246.04959040191,50,55753.42503933576,nan,nan,nan,0.033221952617168427
20.15539512099349,nav_to_wp,0,0.007382398005574942,-0.8278138041496277,1.7872258424758911,0.002904287539422512,-0.3183034360408783,-0.017839545384049416,0.014157745533251078,-0.8397122104226781,1.7996200506172313,0.4037645486118898,56470,0.8434181691791487,0.002710029566597032,0.00346049023390238,0.9176669991575181,-0.0036603050726995547,-0.29997765336342874,9.823108134350808e-05,0.0,-1.0,0.1,0.0,0.0,0.0,3.4521994590759277,56470,nan,0.9878250360488892,57165.993915146326,52000,55070.65997162714,55256.04959040191,50,55516.50092510846,nan,nan,nan,0.033221952617168427
20.165671339986147,nav_to_wp,0,0.007382398005574942,-0.8278138041496277,1.7872258424758911,0.002904287539422512,-0.3183034360408783,-0.017839545384049416,0.013982503065589638,-0.8540740800413557,1.799624753574158,0.4038266223975554,56479,0.8450559999354965,0.016936272475691194,0.0032863754315795024,0.735611014533788,-0.0036603050726995547,-0.29997765336342874,9.823108134350808e-05,0.0,-1.0,0.1,0.0,0.0,0.0,3.4521994590759277,56479,nan,0.9878250360488892,57175.104840332024,52000,55080.65997162714,55266.04959040191,50,55516.50092510846,nan,nan,nan,0.033221952617168427
20.174617509008385,nav_to_wp,0,0.007447570562362671,-0.8304446339607239,1.7870285511016846,0.005901658907532692,-0.32135504484176636,-0.019801698625087738,0.013933298316551254,-0.8581066196405714,1.7996260740749386,0.4050533463080116,56650,0.8774233854356606,0.016762344044766155,0.001683478568784036,1.0558819922152907,-0.0036603050726995547,-0.29997765336342874,9.823108134350808e-05,0.0,-1.0,0.1,0.0,0.0,0.0,3.4521994590759277,56650,nan,0.9878250360488892,57348.21241886027,52000,55090.65997162714,55276.04959040191,50,55516.50092510846,nan,nan,nan,0.033221952617168427
20.193667729996378,nav_to_wp,0,0.00772622087970376,-0.8464882969856262,1.7856827974319458,0.014935142360627651,-0.32759374380111694,-0.015860436484217644,0.013857528588676777,-0.8643162728558997,1.7996281074962392,0.404715147586551,56603,0.8684999363206067,0.003973126222070904,-0.0031295306787555432,1.2870999926235527,-0.0036603050726995547,-0.29997765336342874,9.823108134350808e-05,0.0,-1.0,0.1,0.0,0.0,0.0,3.4521994590759277,56603,nan,1.002774715423584,56446.377366116794,52000,55100.65997162714,55286.04959040191,50,55516.50092510846,nan,nan,nan,0.033221952617168427
20.20937278799829,nav_to_wp,0,0.008086487650871277,-0.8575024604797363,1.784828782081604,0.016937408596277237,-0.31386467814445496,-0.014555267058312893,0.013794204275007181,-0.8695059711564965,1.7996298069217471,0.4051362482894258,56662,0.8796107728080678,0.004995920599821328,-0.0045329500410011825,1.1557329853530973,-0.0036603050726995547,-0.29997765336342874,9.823108134350808e-05,0.0,-1.0,0.1,0.0,0.0,0.0,3.4521994590759277,56662,nan,1.0010753870010376,56601.13187853381,52000,55110.65997162714,55296.04959040191,50,55516.50092510846,nan,nan,nan,0.033221952617168427
20.229238172003534,nav_to_wp,0,0.008452476933598518,-0.865877091884613,1.7842320203781128,0.018997810781002045,-0.3135496973991394,-0.015000453218817711,0.013721327513220001,-0.8754785334297064,1.7996317627049327,0.40610681640124263,56798,0.9052194301119414,0.0027731357170418308,-0.005969112647674635,1.1695249995682389,-0.0036603050726995547,-0.29997765336342874,9.823108134350808e-05,0.0,-1.0,0.1,0.0,0.0,0.0,3.4521994590759277,56798,nan,1.0150597095489502,55955.32899758049,52000,55120.65997162714,55304.83998249762,50,55516.50092510846,nan,nan,nan,0.033221952617168427
20.248990986990975,nav_to_wp,0,0.008737778291106224,-0.8716052770614624,1.7838839292526245,0.021755052730441093,-0.319119930267334,-0.01380868162959814,0.013648223856384659,-0.8814696907223902,1.799633724577268,0.405951698738251,56776,0.9011266157849853,0.000288984004709916,-0.0076829928986432705,1.0080180072691292,-0.0036603050726995547,-0.29997765336342874,9.823108134350808e-05,0.0,-1.0,0.1,0.0,0.0,0.0,3.4521994590759277,56776,nan,1.0060696601867676,56433.468025921844,52000,55130.65997162714,55314.83998249762,50,55516.50092510846,nan,nan,nan,0.033221952617168427
20.26918492099503,nav_to_wp,0,0.009153643622994423,-0.8801271915435791,1.7833117246627808,0.024349495768547058,-0.3256758451461792,-0.012932890094816685,0.013575082670377218,-0.8874639236912144,1.7996356874567685,0.4062435848620873,56817,0.9088280966249922,-0.005427912167734946,-0.009436312554123027,1.1520419793669134,-0.0036603050726995547,-0.29997765336342874,9.823108134350808e-05,0.0,-1.0,0.1,0.0,0.0,0.0,3.4521994590759277,56817,nan,1.0067849159240723,56434.09938045289,52000,55140.65997162714,55324.83998249762,50,55516.50092510846,nan,nan,nan,0.033221952617168427
20.289015387999825,nav_to_wp,0,0.009539183229207993,-0.8858561515808105,1.782985806465149,0.026975955814123154,-0.3322450518608093,-0.0118729118257761,0.013501856320161655,-0.8934651362310841,1.7996376526218085,0.40613909500665196,56802,0.9060711083549311,-0.008396480961878117,-0.011184044308316432,1.0167240106966347,-0.0036603050726995547,-0.29997765336342874,9.823108134350808e-05,0.0,-1.0,0.1,0.0,0.0,0.0,3.4521994590759277,56802,nan,0.9999235272407532,56806.34413787895,52000,55150.65997162714,55334.83998249762,50,55516.50092510846,nan,nan,nan,0.033221952617168427
20.30967221199535,nav_to_wp,0,0.009866870939731598,-0.8916290998458862,1.7826849222183228,0.029278041794896126,-0.3392462432384491,-0.011973178945481777,0.013428408587342297,-0.8994844920220388,1.7996396237280616,0.40658816671377174,56865,0.917919966062577,-0.011589236697739792,-0.012698827722166017,1.4437340141739696,-0.0036603050726995547,-0.29997765336342874,9.823108134350808e-05,0.0,-1.0,0.1,0.0,0.0,0.0,3.4416422843933105,56865,nan,1.0186257362365723,55825.214283407135,52000,55159.65402911754,55341.37830650975,50,55398.038867994816,nan,nan,nan,0.033221952617168427
20.329336283990415,nav_to_wp,0,0.010467619635164738,-0.9005000591278076,1.7823684215545654,0.031535763293504715,-0.3457745313644409,-0.009690173901617527,0.013354170510448102,-0.9055686198896948,1.799641616044665,0.4058900249505714,56767,0.8994993390652066,-0.017573893601317545,-0.014498507304791408,0.9819769766181707,-0.0036603050726995547,-0.29997765336342874,9.823108134350808e-05,0.0,-1.0,0.1,0.0,0.0,0.0,3.4416422843933105,56767,nan,1.0166934728622437,55834.92125722697,52000,55168.657592159,55347.95887918598,50,55398.038867994816,nan,nan,nan,0.033221952617168427
20.34888148799655,nav_to_wp,0,0.01079702377319336,-0.906382143497467,1.7822027206420898,0.03307301178574562,-0.3513661324977875,-0.006941976957023144,0.013282222470472196,-0.9114650694389541,1.7996435469038767,0.40475397794663887,56609,0.8695244840801806,-0.020373145072639088,-0.01569557082553885,0.9022479935083538,-0.0036603050726995547,-0.29997765336342874,9.823108134350808e-05,0.0,-1.0,0.1,0.0,0.0,0.0,3.4416422843933105,56609,nan,1.0193687677383423,55533.38673068973,52000,55173.52064733941,55350.43125053936,50,55398.038867994816,nan,nan,nan,0.033221952617168427
20.369726346980315,nav_to_wp,0,0.011228998191654682,-0.9123294949531555,1.782055377960205,0.03411748632788658,-0.35548070073127747,-0.0036282718647271395,0.013208425782432228,-0.9175130236024841,1.799645527374991,0.40330771357116396,56406,0.8313644741731903,-0.022387922968485532,-0.016771571976660793,1.5297560021281242,-0.0036603050726995547,-0.29997765336342874,9.823108134350808e-05,0.0,-1.0,0.1,0.0,0.0,0.0,3.4416422843933105,56406,nan,1.020298957824707,55283.796545532554,52000,55174.99099264865,55349.542787805934,50,55398.038867994816,nan,nan,nan,0.033221952617168427
20.38915313599864,nav_to_wp,0,0.011841710656881332,-0.9212765693664551,1.7818876504898071,0.034531425684690475,-0.35976675152778625,-0.00031677604420110583,0.013135837990721398,-0.9234619035422068,1.7996474754031282,0.40192224567189017,56213,0.794808592925861,-0.027584518910115895,-0.01771752584494224,1.1624969774857163,-0.0036603050726995547,-0.29997765336342874,9.823108134350808e-05,0.0,-1.0,0.1,0.0,0.0,0.0,3.4416422843933105,56213,nan,1.0219186544418335,55007.31369925255,52000,55172.755295403374,55344.97973329189,50,55398.038867994816,nan,nan,nan,0.033221952617168427
20.408816666982602,nav_to_wp,0,0.012202783487737179,-0.9272692799568176,1.7819039821624756,0.033891960978507996,-0.3622000217437744,0.0029428889974951744,0.013062663225100767,-0.9294588885039294,1.7996494391837998,0.40028988149008393,55984,0.7517382978913947,-0.02890929072461207,-0.017904235268634716,0.8705529908183962,-0.0036603050726995547,-0.29997765336342874,9.823108134350808e-05,0.0,-1.0,0.1,0.0,0.0,0.0,3.4416422843933105,55984,nan,1.0218298435211182,54787.986820863465,52000,55167.62504907618,55337.55316112618,50,55398.038867994816,nan,nan,nan,0.033221952617168427
20.428691848996095,nav_to_wp,0,0.012745842337608337,-0.9361027479171753,1.7818607091903687,0.03304826840758324,-0.3641258478164673,0.006458789110183716,0.012989380802653902,-0.9354646964029373,1.7996514058536421,0.3986377629121134,55753,0.7081467786837301,-0.03283525492407337,-0.0181736372598722,0.7833010167814791,-0.0036603050726995547,-0.29997765336342874,9.823108134350808e-05,0.0,-1.0,0.1,0.0,0.0,0.0,3.4416422843933105,55753,nan,1.0207699537277222,54618.57473018002,52000,55160.30437815757,55327.966782046904,50,55398.038867994816,nan,nan,nan,0.033221952617168427
20.448897116002627,nav_to_wp,0,0.01309399027377367,-0.9420506954193115,1.7819427251815796,0.03185955807566643,-0.3653125762939453,0.010273747146129608,0.012915998014644721,-0.9414787296889728,1.7996533752169808,0.3966374036104352,55473,0.655366849879556,-0.033532993351939086,-0.018090984029651702,0.842665001982823,-0.0036603050726995547,-0.29997765336342874,9.823108134350808e-05,0.0,-1.0,0.1,0.0,0.0,0.0,3.4416422843933105,55473,nan,1.0188822746276855,54444.95540004427,52000,55150.76639178273,55317.966782046904,50,55398.038867994816,nan,nan,nan,0.033221952617168427
20.46894007298397,nav_to_wp,0,0.013607333414256573,-0.9509387016296387,1.7821520566940308,0.029900850728154182,-0.3648364841938019,0.013660972006618977,0.012841911580465378,-0.9475504297876733,1.7996553634639705,0.3947193049206614,55205,0.6047573857694282,-0.036310586548062795,-0.01778167339515524,0.7418640016112477,-0.0036603050726995547,-0.29997765336342874,9.823108134350808e-05,0.0,-1.0,0.1,0.0,0.0,0.0,3.4416422843933105,55205,nan,1.0203866958618164,54102.03820167802,52000,55140.76639178273,55307.966782046904,50,55398.038867994816,nan,nan,nan,0.033221952617168427
20.488701669994043,nav_to_wp,0,0.013868268579244614,-0.9567838907241821,1.7823436260223389,0.02767138183116913,-0.36339208483695984,0.0176343135535717,0.01276967080035541,-0.9534708706427708,1.7996573021794071,0.3924804433312995,54892,0.5456845206147616,-0.03570398652351356,-0.017086463558140252,0.7425340008921921,-0.0036603050726995547,-0.29997765336342874,9.823108134350808e-05,0.0,-1.0,0.1,0.0,0.0,0.0,3.4416422843933105,54892,nan,1.0197750329971313,53827.558259267964,52000,55130.76639178273,55297.966782046904,50,55398.038867994816,nan,nan,nan,0.033221952617168427
20.508931547985412,nav_to_wp,0,0.014240670949220657,-0.9655380249023438,1.7826156616210938,0.02482023276388645,-0.36122894287109375,0.020232465118169785,0.012695592894773133,-0.9595418717864708,1.7996592901975161,0.39086205706616634,54666,0.5029830360466043,-0.037491650646894276,-0.016155094450182483,0.7541330123785883,-0.0036603050726995547,-0.29997765336342874,9.823108134350808e-05,0.0,-1.0,0.1,0.0,0.0,0.0,3.4521994590759277,54666,nan,1.0199757814407349,53595.39019915086,52000,55120.76639178273,55287.966782046904,50,55516.50092510846,nan,nan,nan,0.033221952617168427
20.52856294999947,nav_to_wp,0,0.014441235922276974,-0.9713113903999329,1.7828714847564697,0.022015325725078583,-0.35935690999031067,0.023628609254956245,0.012623552596829768,-0.9654458822706883,1.7996612235326417,0.388825394650997,54381,0.44924524145110745,-0.036589290838503596,-0.015077260073945942,0.7089629943948239,-0.0036603050726995547,-0.29997765336342874,9.823108134350808e-05,0.0,-1.0,0.1,0.0,0.0,0.0,3.4521994590759277,54381,nan,1.0102453231811523,53829.49938215023,52000,55110.76639178273,55277.966782046904,50,55516.50092510846,nan,nan,nan,0.033221952617168427
20.54881282398128,nav_to_wp,0,0.014583864249289036,-0.9770062565803528,1.7830934524536133,0.018611911684274673,-0.3561598062515259,0.024650951847434044,0.01255008854633989,-0.9714665753645219,1.7996631950768096,0.3880038721482107,54266,0.42756918596861837,-0.034680685763730415,-0.01357748174784179,0.8269640093203634,-0.0036603050726995547,-0.29997765336342874,9.823108134350808e-05,0.0,-1.0,0.1,0.0,0.0,0.0,3.4521994590759277,54266,nan,0.9976289868354797,54394.971192781784,52000,55101.22245579605,55267.966782046904,50,55516.50092510846,nan,nan,nan,0.033221952617168427
20.568839307001326,nav_to_wp,0,0.014685390517115593,-0.9826245903968811,1.7833179235458374,0.015299811027944088,-0.3515837490558624,0.023404574021697044,0.012477089307000038,-0.977449175196927,1.7996651541469078,0.38830579221442024,54308,0.4355354146285002,-0.03191914280451583,-0.012040656538478967,0.9131859987974167,-0.0036603050726995547,-0.29997765336342874,9.823108134350808e-05,0.0,-1.0,0.1,0.0,0.0,0.0,3.4521994590759277,54308,nan,0.9941637516021729,54626.81566540562,52000,55094.89703192418,55259.41810049168,50,55516.50092510846,nan,nan,nan,0.033221952617168427
20.588667578005698,nav_to_wp,0,0.014765569008886814,-0.9909240007400513,1.7836718559265137,0.011924800463020802,-0.3465687036514282,0.021008893847465515,0.012403635655435093,-0.983469016054393,1.7996671254120014,0.38905345811701647,54413,0.4552627471508295,-0.03162271007554932,-0.010440385903547345,0.746483012335375,-0.0036603050726995547,-0.29997765336342874,9.823108134350808e-05,0.0,-1.0,0.1,0.0,0.0,0.0,3.4521994590759277,54413,nan,0.9920150637626648,54850.981590555835,52000,55091.644826039264,55253.97228035921,50,55516.50092510846,nan,nan,nan,0.033221952617168427
20.609888841980137,nav_to_wp,0,0.0147901875898242,-0.9990513324737549,1.7839514017105103,0.008117356337606907,-0.3406994044780731,0.018581915646791458,0.012328199604619698,-0.9896513230078179,1.799669149878459,0.38990043130055224,54531,0.4776103245528276,-0.030537646129367196,-0.008567234273889612,1.270642998861149,-0.0036603050726995547,-0.29997765336342874,9.823108134350808e-05,0.0,-1.0,0.1,0.0,0.0,0.0,3.4521994590759277,54531,nan,0.999932050704956,54534.705594800595,52000,55084.21896962275,55244.382057885094,50,55516.50092510846,nan,nan,nan,0.033221952617168427
20.629179362003924,nav_to_wp,0,0.01466948352754116,-1.004347324371338,1.784092903137207,0.0045374659821391106,-0.33528193831443787,0.017131382599473,0.012256883823775185,-0.9954959562175136,1.7996710637698232,0.3904077820638407,54602,0.4909968882279845,-0.02715863787928622,-0.006671520224821315,1.0501400101929903,-0.0036603050726995547,-0.29997765336342874,9.823108134350808e-05,0.0,-1.0,0.1,0.0,0.0,0.0,3.4521994590759277,54602,nan,0.9880567789077759,55262.00635995686,52000,55086.58946816054,55244.617048579385,50,55516.50092510846,nan,nan,nan,0.033221952617168427
20.649023067991948,nav_to_wp,0,0.01462792232632637,-1.0096240043640137,1.7842484712600708,0.0009111070539802313,-0.32890811562538147,0.014555334113538265,0.01218383504594095,-1.001482615941376,1.7996730241693786,0.3914601682331524,54749,0.5187643333285568,-0.02310211505364025,-0.004832994149138514,0.9481349843554199,-0.0036603050726995547,-0.29997765336342874,9.823108134350808e-05,0.0,-1.0,0.1,0.0,0.0,0.0,3.4521994590759277,54749,nan,0.9966682195663452,54932.02143419556,52000,55084.528561041014,55240.44910705427,50,55516.50092510846,nan,nan,nan,0.033221952617168427
20.668543709005462,nav_to_wp,0,0.014373671263456345,-1.0173038244247437,1.78439462184906,-0.0028782279696315527,-0.32125282287597656,0.012682001106441021,0.012111039641658244,-1.007448510619183,1.7996749777691845,0.3921946693392324,54852,0.5381443097422789,-0.02090234014177671,-0.002706485957623128,0.6553010025527328,-0.0036603050726995547,-0.29997765336342874,9.823108134350808e-05,0.0,-1.0,0.1,0.0,0.0,0.0,3.4521994590759277,54852,nan,0.9983281493186951,54943.85792630762,52000,55082.652952577904,55236.494557977654,50,55516.50092510846,nan,nan,nan,0.033221952617168427
20.688591855985578,nav_to_wp,0,0.014170573092997074,-1.022233247756958,1.7843996286392212,-0.006143985781818628,-0.3152027726173401,0.011157415807247162,0.012037798836856062,-1.0134509077742386,1.7996769433221402,0.3929209435248438,54954,0.5573072170143476,-0.01669106001591944,-0.0009069855281720329,0.7028959807939827,-0.0036603050726995547,-0.29997765336342874,9.823108134350808e-05,0.0,-1.0,0.1,0.0,0.0,0.0,3.4521994590759277,54954,nan,1.0022720098495483,54829.427001806805,52000,55079.276606567626,55231.066990562045,50,55516.50092510846,nan,nan,nan,0.033221952617168427
20.70883893899736,nav_to_wp,0,0.013881097547709942,-1.0272215604782104,1.7844960689544678,-0.009288300760090351,-0.30817514657974243,0.009190676733851433,0.01196429802601315,-1.0194746135362027,1.7996789158528406,0.39376000921315685,55071,0.5794461533814452,-0.012033709969621529,0.0009114165229786586,0.8487819868605584,-0.0036603050726995547,-0.29997765336342874,9.823108134350808e-05,0.0,-1.0,0.1,0.0,0.0,0.0,3.4521994590759277,55071,nan,0.9788615107536316,56260.25683408524,52000,55089.276606567626,55241.066990562045,50,55516.50092510846,nan,nan,nan,0.033221952617168427
20.72863521098043,nav_to_wp,0,0.013443194329738617,-1.0344513654708862,1.7844552993774414,-0.01203321572393179,-0.3024308681488037,0.005661085247993469,0.011891134523160284,-1.0254706754659435,1.7996808793312549,0.39557202308176403,55324,0.6272565456929815,-0.010321776332017172,0.0026638877181042186,0.6812649953644723,-0.0036603050726995547,-0.29997765336342874,9.823108134350808e-05,0.0,-1.0,0.1,0.0,0.0,0.0,3.4521994590759277,55324,nan,0.9942529797554016,55643.785964423645,52000,55096.67006467238,55246.4365768802,50,55516.50092510846,nan,nan,nan,0.033221952617168427
20.74917200198979,nav_to_wp,0,0.013068865984678268,-1.0391255617141724,1.784449577331543,-0.015170562081038952,-0.2958366572856903,0.003211050294339657,0.011818020339245745,-1.0314626954977848,1.799682841486104,0.39679456666078816,55495,0.6595136322107678,-0.0056376330959823084,0.004540685498560126,1.2183939979877323,-0.0036603050726995547,-0.29997765336342874,9.823108134350808e-05,0.0,-1.0,0.1,0.0,0.0,0.0,3.4521994590759277,55495,nan,0.9854525923728943,56314.22600083916,52000,55106.67006467238,55256.4365768802,50,55516.50092510846,nan,nan,nan,0.033221952617168427
20.769783288007602,nav_to_wp,0,0.012468685396015644,-1.046127438545227,1.7843706607818604,-0.01844797469675541,-0.2897668480873108,5.806842818856239e-05,0.011742591502886925,-1.037644411195642,1.7996848657589481,0.39847305394581367,55730,0.7038008956679054,-0.0033906501949302883,0.006693341634868677,1.1862550163641572,-0.0036603050726995547,-0.29997765336342874,9.823108134350808e-05,0.0,-1.0,0.1,0.0,0.0,0.0,3.4521994590759277,55730,nan,0.9889965057373047,56350.047423527394,52000,55116.67006467238,55266.4365768802,50,55516.50092510846,nan,nan,nan,0.033221952617168427
20.788509951991728,nav_to_wp,0,0.012092123739421368,-1.0505902767181396,1.7843133211135864,-0.02187313139438629,-0.2838578522205353,-0.002679022029042244,0.011671764925540389,-1.0434489520866852,1.7996867665216283,0.3999196949347301,55932,0.7419708426050153,0.0009187951970370843,0.008687907825627894,0.6468720093835145,-0.0036603050726995547,-0.29997765336342874,9.823108134350808e-05,0.0,-1.0,0.1,0.0,0.0,0.0,3.4521994590759277,55932,nan,0.9987545609474182,56001.746762430725,52000,55126.67006467238,55276.24071268754,50,55516.50092510846,nan,nan,nan,0.033221952617168427
20.80926228800672,nav_to_wp,0,0.011592539958655834,-1.055064082145691,1.7842650413513184,-0.025308789685368538,-0.2768832743167877,-0.0031199699733406305,0.011598291735297155,-1.0494703942223906,1.7996887383110787,0.4002182528241098,55974,0.749848359475191,0.005950638668071456,0.010824299484576638,1.2621960195247084,-0.0036603050726995547,-0.29997765336342874,9.823108134350808e-05,0.0,-1.0,0.1,0.0,0.0,0.0,3.4521994590759277,55974,nan,1.0015039443969727,55889.94463092521,52000,55136.67006467238,55284.42343159738,50,55516.50092510846,nan,nan,nan,0.033221952617168427
20.829207265982404,nav_to_wp,0,0.010897534899413586,-1.0617152452468872,1.784203052520752,-0.028228409588336945,-0.2713776230812073,-0.0021519416477531195,0.011525138525266442,-1.0554656126113406,1.7996907015132662,0.39982997388276775,55920,0.7396035325268517,0.008054564973613634,0.012917505751386837,1.1916209768969566,-0.0036603050726995547,-0.29997765336342874,9.823108134350808e-05,0.0,-1.0,0.1,0.0,0.0,0.0,3.4521994590759277,55920,nan,1.0017439126968384,55822.65017159459,52000,55145.81646609801,55291.599788130676,50,55516.50092510846,nan,nan,nan,0.033221952617168427
20.848749145981856,nav_to_wp,0,0.010355554521083832,-1.0660669803619385,1.7841846942901611,-0.03040114790201187,-0.26594969630241394,-0.0010682266438379884,0.011451926933351383,-1.0614656156453728,1.7996926662822397,0.3993399928179654,55851,0.7266752722418293,0.012434754710031855,0.014491210923739839,0.7784939953126013,-0.0036603050726995547,-0.29997765336342874,9.823108134350808e-05,0.0,-1.0,0.1,0.0,0.0,0.0,3.4521994590759277,55851,nan,1.0068992376327515,55468.310941725686,52000,55150.11639243971,55293.955936845276,50,55516.50092510846,nan,nan,nan,0.033221952617168427
20.86840011100867,nav_to_wp,0,0.009516172111034393,-1.072416067123413,1.7840187549591064,-0.03166012465953827,-0.2605416774749756,6.653607852058485e-05,0.011379232890250078,-1.0674232033409106,1.79969461716183,0.3990036129042158,55804,0.7177998127761409,0.014764298897541165,0.015903253744242285,0.6157520110718906,-0.0036603050726995547,-0.29997765336342874,9.823108134350808e-05,0.0,-1.0,0.1,0.0,0.0,0.0,3.4521994590759277,55804,nan,1.0102461576461792,55238.02251326588,52000,55151.28847405073,55293.21015786422,50,55516.50092510846,nan,nan,nan,0.033221952617168427
20.90398991899565,nav_to_wp,0,0.009002131409943104,-1.0766505002975464,1.783949851989746,-0.03183120861649513,-0.2571267783641815,0.0012315948260948062,0.011250464550999926,-1.0779763193977856,1.7996980728992498,0.39857506867909814,55744,0.7064925772849104,0.022837647154334173,0.01639291343186433,0.6801600102335215,-0.0036603050726995547,-0.29997765336342874,9.823108134350808e-05,0.0,-1.0,0.1,0.0,0.0,0.0,3.4521994590759277,55744,nan,1.0109663009643555,55139.3255609273,52000,55151.12896854241,55291.15836323839,50,55516.50092510846,nan,nan,nan,0.033221952617168427
20.909505325980717,nav_to_wp,0,0.00848926231265068,-1.0809013843536377,1.78391432762146,-0.030955985188484192,-0.2557198703289032,0.002459524432197213,0.011233009771419401,-1.0794068132267274,1.7996985413306616,0.3979882388888732,55662,0.6910089416589216,0.020742925634040267,0.016475189436863102,0.6582109781447798,-0.0036603050726995547,-0.29997765336342874,9.823108134350808e-05,0.0,-1.0,0.1,0.0,0.0,0.0,3.4521994590759277,55662,nan,1.0005487203598022,55631.47387763753,52000,55157.53356733035,55295.69590343038,50,55516.50092510846,nan,nan,nan,0.033221952617168427
20.92936377300066,nav_to_wp,0,0.007753528188914061,-1.0872597694396973,1.7838244438171387,-0.028935512527823448,-0.25226011872291565,0.0028688462916761637,0.011158989599812706,-1.0854730828242392,1.7997005277993723,0.3979085195833657,55651,0.6889055299041065,0.02219280335790246,0.016128089626312292,1.2485549959819764,-0.0036603050726995547,-0.29997765336342874,9.823108134350808e-05,0.0,-1.0,0.1,0.0,0.0,0.0,3.4521994590759277,55651,nan,1.003638744354248,55449.234411338366,52000,55161.42291191712,55297.74308353582,50,55516.50092510846,nan,nan,nan,0.033221952617168427
20.94867773898295,nav_to_wp,0,0.007340685930103064,-1.0915838479995728,1.7838584184646606,-0.026533694937825203,-0.2519265413284302,0.0029333236161619425,0.011085988028874859,-1.0914558737410707,1.799702486932043,0.39784775674299544,55643,0.6873022887333882,0.024031973577581772,0.015264720121850539,0.7550759764853865,-0.0036603050726995547,-0.29997765336342874,9.823108134350808e-05,0.0,-1.0,0.1,0.0,0.0,0.0,3.4521994590759277,55643,nan,1.0003706216812134,55622.38513810702,52000,55167.56907493299,55302.07164426343,50,55516.50092510846,nan,nan,nan,0.033221952617168427
20.96871841198299,nav_to_wp,0,0.006674552336335182,-1.0980563163757324,1.7837952375411987,-0.023802969604730606,-0.2528577446937561,0.002916542114689946,0.011013024188342194,-1.09743557248985,1.7997044450521484,0.39792391693969875,55653,0.6893117926041867,0.02306335489198722,0.014485490768901155,0.8077739912550896,-0.0036603050726995547,-0.29997765336342874,9.823108134350808e-05,0.0,-1.0,0.1,0.0,0.0,0.0,3.4521994590759277,55653,nan,1.0044679641723633,55405.45043251388,52000,55170.7408263674,55303.45002810677,50,55516.50092510846,nan,nan,nan,0.033221952617168427
20.98891550800181,nav_to_wp,0,0.006341313011944294,-1.1023069620132446,1.7837554216384888,-0.02099837362766266,-0.2552793323993683,0.00385810574516654,0.01093940829006934,-1.103468710158849,1.7997064206714335,0.39750450947867627,55595,0.6782456326827493,0.023662824424104563,0.01335081578105024,0.8822959789540619,-0.0036603050726995547,-0.29997765336342874,9.823108134350808e-05,0.0,-1.0,0.1,0.0,0.0,0.0,3.4521994590759277,55595,nan,1.0049241781234741,55322.5817531968,52000,55172.765372058464,55303.70511777464,50,55516.50092510846,nan,nan,nan,0.033221952617168427
21.00961280099,nav_to_wp,0,0.005791099742054939,-1.1089454889297485,1.7838242053985596,-0.018256457522511482,-0.2581731975078583,0.004649878013879061,0.010863755918903394,-1.1096687454900576,1.7997084509432493,0.3970035794461763,55525,0.6650284814294523,0.021792122265054868,0.012464424374391658,0.868670002091676,-0.0036603050726995547,-0.29997765336342874,9.823108134350808e-05,0.0,-1.0,0.1,0.0,0.0,0.0,3.4521994590759277,55525,nan,1.0047112703323364,55264.63337236532,52000,55173.99027872922,55303.184161169185,50,55516.50092510846,nan,nan,nan,0.033221952617168427
21.028823000990087,nav_to_wp,0,0.005590198095887899,-1.1134138107299805,1.7838839292526245,-0.015558856539428234,-0.261190801858902,0.005614473018795252,0.010793148037395306,-1.1154553633219253,1.7997103458368207,0.3964417313952179,55446,0.6502039945967759,0.021630424294377667,0.011252560106058906,0.850507989525795,-0.0036603050726995547,-0.29997765336342874,9.823108134350808e-05,0.0,-1.0,0.1,0.0,0.0,0.0,3.4521994590759277,55446,nan,1.0078494548797607,55014.168764535236,52000,55171.85932520664,55299.3306225474,50,55516.50092510846,nan,nan,nan,0.033221952617168427
21.0491858900059,nav_to_wp,0,0.005213577765971422,-1.1177960634231567,1.7838339805603027,-0.013034358620643616,-0.2636912167072296,0.007004460319876671,0.01071961708025906,-1.1214815397015432,1.799712319176553,0.39581113259418466,55358,0.6335655038043431,0.02206266787739597,0.010301121439742378,1.0808479855768383,-0.0036603050726995547,-0.29997765336342874,9.823108134350808e-05,0.0,-1.0,0.1,0.0,0.0,0.0,3.4521994590759277,55358,nan,1.0054763555526733,55056.4910793668,52000,55170.32108192878,55296.09276197166,50,55516.50092510846,nan,nan,nan,0.033221952617168427
21.069083062000573,nav_to_wp,0,0.004960579797625542,-1.1245863437652588,1.783961296081543,-0.010815837420523167,-0.2659032940864563,0.007573967333883047,0.01064711271782672,-1.127423582255123,1.7997142649657103,0.39534965004123185,55293,0.6213891831459577,0.020110432377865715,0.009373408835426478,1.2252299929969013,-0.0036603050726995547,-0.29997765336342874,9.823108134350808e-05,0.0,-1.0,0.1,0.0,0.0,0.0,3.4521994590759277,55293,nan,0.9992925524711609,55332.14458895483,52000,55172.47872868913,55296.573452998105,50,55516.50092510846,nan,nan,nan,0.033221952617168427
21.08894601598149,nav_to_wp,0,0.00473663117736578,-1.1290810108184814,1.7839287519454956,-0.008637571707367897,-0.2681581974029541,0.00762619124725461,0.01057316286807634,-1.1334840886757904,1.7997162495472034,0.39536691710448235,55296,0.621844778482382,0.020553016195927636,0.008422822533051155,0.8844209951348603,-0.0036603050726995547,-0.29997765336342874,9.823108134350808e-05,0.0,-1.0,0.1,0.0,0.0,0.0,3.4521994590759277,55296,nan,1.0021554231643677,55177.07006503987,52000,55172.53994650714,55294.980074492,50,55516.50092510846,nan,nan,nan,0.033221952617168427
21.108885730995098,nav_to_wp,0,0.004508675076067448,-1.1360008716583252,1.7840731143951416,-0.0066393218003213406,-0.26996910572052,0.007387733552604914,0.01049972932980656,-1.139502281162707,1.7997182202725195,0.39529127236054223,55285,0.6198488749483424,0.018727755102258152,0.007569743712276145,0.6169269909150898,-0.0036603050726995547,-0.29997765336342874,9.823108134350808e-05,0.0,-1.0,0.1,0.0,0.0,0.0,3.446920871734619,55285,nan,1.0012954473495483,55213.47385163954,52000,55173.085731908905,55293.89332485397,50,55457.26989655164,nan,nan,nan,0.033221952617168427
21.12865794499521,nav_to_wp,0,0.004390322603285313,-1.1406373977661133,1.7840970754623413,-0.004431919660419226,-0.27294042706489563,0.006807062309235334,0.010427273744719622,-1.1454403262042432,1.7997201647526464,0.3955496876552958,55321,0.626667220456353,0.018529127510540297,0.0064950662778995305,0.7569989829789847,-0.0036603050726995547,-0.29997765336342874,9.823108134350808e-05,0.0,-1.0,0.1,0.0,0.0,0.0,3.446920871734619,55321,nan,0.9950852394104004,55594.232342124116,52000,55178.70102004511,55297.89784508424,50,55457.26989655164,nan,nan,nan,0.033221952617168427
21.14927578298375,nav_to_wp,0,0.0042611174285411835,-1.1453760862350464,1.7842152118682861,-0.0023091451730579138,-0.27617204189300537,0.005814438685774803,0.010353413499088788,-1.1514934891841373,1.7997221469294467,0.3958961192966587,55370,0.635807897009462,0.018208285941807276,0.005472893415777058,1.1268760135862976,-0.0036603050726995547,-0.29997765336342874,9.823108134350808e-05,0.0,-1.0,0.1,0.0,0.0,0.0,3.446920871734619,55370,nan,0.9925333857536316,55786.536548548946,52000,55186.8054937585,55304.413027797105,50,55457.26989655164,nan,nan,nan,0.033221952617168427
21.168716132990085,nav_to_wp,0,0.004191515035927296,-1.1524593830108643,1.7842516899108887,-3.656015178421512e-05,-0.2801676094532013,0.004549423232674599,0.010280416444976225,-1.1574759099278216,1.7997241059409,0.3964625460322945,55449,0.6507531934642348,0.015055395944274571,0.004315204313925625,0.7195150246843696,-0.0036603050726995547,-0.29997765336342874,9.823108134350808e-05,0.0,-1.0,0.1,0.0,0.0,0.0,3.446920871734619,55449,nan,0.9938947558403015,55789.60918565257,52000,55194.84287631708,55310.88230990184,50,55457.26989655164,nan,nan,nan,0.033221952617168427
21.1890757450019,nav_to_wp,0,0.00418690824881196,-1.1573148965835571,1.7843173742294312,0.0024780367966741323,-0.2847334146499634,0.0036945457104593515,0.010207355017154909,-1.1634636063722208,1.7997260666799413,0.3968016991579482,55496,0.6597018247479731,0.013882332103747556,0.0029750680942768337,1.0289889760315418,-0.0036603050726995547,-0.29997765336342874,9.823108134350808e-05,0.0,-1.0,0.1,0.0,0.0,0.0,3.446920871734619,55496,nan,0.9978271126747131,55616.849146583,52000,55200.46962658729,55314.961867724254,50,55457.26989655164,nan,nan,nan,0.033221952617168427
21.209614519990282,nav_to_wp,0,0.0042121228761971,-1.164658784866333,1.7843294143676758,0.004992999602109194,-0.28899991512298584,0.00305117666721344,0.010133098495953802,-1.169549245829702,1.7997280594915321,0.3970930501567507,55537,0.6673891861939492,0.01045551673603677,0.0016059953374407687,1.3458070170599967,-0.0036603050726995547,-0.29997765336342874,9.823108134350808e-05,0.0,-1.0,0.1,0.0,0.0,0.0,3.446920871734619,55537,nan,0.9977767467498779,55660.74793875907,52000,55206.606670749585,55319.57234867138,50,55457.26989655164,nan,nan,nan,0.033221952617168427
21.228941367997322,nav_to_wp,0,0.004224638920277357,-1.169646978378296,1.7844072580337524,0.007617497351020575,-0.29437288641929626,0.002212144900113344,0.010060980083458683,-1.1754596581354793,1.7997299949230066,0.39741041291841467,55582,0.6757628738367973,0.008671309139031188,0.00019872650157393146,0.9209140262100846,-0.0036603050726995547,-0.29997765336342874,9.823108134350808e-05,0.0,-1.0,0.1,0.0,0.0,0.0,3.446920871734619,55582,nan,0.9966055154800415,55771.31486496686,52000,55214.136113339155,55325.59558222199,50,55457.26989655164,nan,nan,nan,0.033221952617168427
21.2490771820012,nav_to_wp,0,0.004309555981308222,-1.1746978759765625,1.7843890190124512,0.009939540177583694,-0.2993581295013428,0.0013039790792390704,0.009987646358079298,-1.1814696705291954,1.7997319629696584,0.3978851421199107,55648,0.6882887102878801,0.007119261372830952,-0.00112779530314433,0.9693430038169026,-0.0036603050726995547,-0.29997765336342874,9.823108134350808e-05,0.0,-1.0,0.1,0.0,0.0,0.0,3.446920871734619,55648,nan,1.0017765760421753,55549.31242239107,52000,55218.605130793185,55328.57847342425,50,55457.26989655164,nan,nan,nan,0.033221952617168427
21.268477842007997,nav_to_wp,0,0.004507523030042648,-1.1823842525482178,1.7843855619430542,0.012240756303071976,-0.3049667477607727,0.001659917994402349,0.009914837791405508,-1.1874366439212383,1.7997339169227016,0.3977062173871613,55623,0.6835677410860477,0.002572607871543077,-0.0025578867904243463,0.6131050176918507,-0.0036603050726995547,-0.29997765336342874,9.823108134350808e-05,0.0,-1.0,0.1,0.0,0.0,0.0,3.446920871734619,55623,nan,1.0104711055755615,55046.6012269765,52000,55216.31174540896,55324.81877680494,50,55457.26989655164,nan,nan,nan,0.033221952617168427
21.28855515399482,nav_to_wp,0,0.004537582863122225,-1.1875395774841309,1.7843408584594727,0.014310671016573906,-0.3096703290939331,0.002823637332767248,0.00984155428183124,-1.193442540914986,1.799735883621719,0.39718303315156683,55550,0.6697634076930541,0.0010641270541305304,-0.0037076357783254466,0.6593980069737881,-0.0036603050726995547,-0.29997765336342874,9.823108134350808e-05,0.0,-1.0,0.1,0.0,0.0,0.0,3.446920871734619,55550,nan,0.9956128597259521,55794.77952433282,52000,55224.02464912795,55331.08492010531,50,55457.26989655164,nan,nan,nan,0.033221952617168427
21.31041809997987,nav_to_wp,0,0.0047979094088077545,-1.1927767992019653,1.7843838930130005,0.015713540837168694,-0.31319326162338257,0.0012184189399704337,0.009768115227601636,-1.1994611854583979,1.799737854495066,0.39793583169188806,55655,0.6896261660128769,7.698023770130564e-05,-0.004741201401548434,2.371965005295351,-0.0036603050726995547,-0.29997765336342874,9.823108134350808e-05,0.0,-1.0,0.1,0.0,0.0,0.0,3.446920871734619,55655,nan,0.998807966709137,55721.42178978765,52000,55230.656611003404,55336.28941170107,50,55457.26989655164,nan,nan,nan,0.033221952617168427
21.32865131399012,nav_to_wp,0,0.004973746836185455,-1.2006096839904785,1.7842919826507568,0.016928914934396744,-0.31658774614334106,-3.322554402984679e-05,0.00969480673273957,-1.2054691301033256,1.7997398218646101,0.3986831431115842,55760,0.7093441454243834,-0.003457042087830527,-0.005591988777252643,0.6681880040559918,-0.0036603050726995547,-0.29997765336342874,9.823108134350808e-05,0.0,-1.0,0.1,0.0,0.0,0.0,3.446920871734619,55760,nan,0.990289568901062,56306.76294195206,52000,55240.656611003404,55346.28941170107,50,55457.26989655164,nan,nan,nan,0.033221952617168427
21.34905125599471,nav_to_wp,0,0.005205311346799135,-1.2058935165405273,1.7842607498168945,0.01747683808207512,-0.31885409355163574,-0.0015801572008058429,0.009621960373447721,-1.2114392007620323,1.7997417768318882,0.39950009091176986,55874,0.730899496352766,-0.0038974905503663003,-0.006159659627580805,0.9716030035633594,-0.0036603050726995547,-0.29997765336342874,9.823108134350808e-05,0.0,-1.0,0.1,0.0,0.0,0.0,3.446920871734619,55874,nan,0.9909583926200867,56383.80018384985,52000,55250.656611003404,55356.28941170107,50,55457.26989655164,nan,nan,nan,0.033221952617168427
21.369153173000086,nav_to_wp,0,0.00540822884067893,-1.2139015197753906,1.7840481996536255,0.017815131694078445,-0.321576863527298,-0.0031742402352392673,0.00954874752598307,-1.2174393066937226,1.7997437416345567,0.4005738874243562,56024,0.7592318581624315,-0.007251635335682851,-0.006587795784143369,0.8982439758256078,-0.0036603050726995547,-0.29997765336342874,9.823108134350808e-05,0.0,-1.0,0.1,0.0,0.0,0.0,3.446920871734619,56024,nan,1.0003571510314941,56003.99811430568,52000,55260.656611003404,55364.9255277358,50,55457.26989655164,nan,nan,nan,0.033221952617168427
21.38857003598241,nav_to_wp,0,0.005637628957629204,-1.2192370891571045,1.784002661705017,0.017770247533917427,-0.3242325484752655,-0.004188188351690769,0.009475816178042721,-1.2234163425356126,1.7997456988826632,0.4011430374678394,56104,0.7742490097055246,-0.007925815524732416,-0.006857546900851608,0.7425910152960569,-0.0036603050726995547,-0.29997765336342874,9.823108134350808e-05,0.0,-1.0,0.1,0.0,0.0,0.0,3.446920871734619,56104,nan,1.0033409595489502,55917.18295366057,52000,55269.41029557217,55372.28896008147,50,55457.26989655164,nan,nan,nan,0.033221952617168427
21.410134753008606,nav_to_wp,0,0.005791415460407734,-1.2272502183914185,1.7838327884674072,0.017184607684612274,-0.32601457834243774,-0.003621188225224614,0.009398264229263974,-1.2297720563754024,1.7997477801331703,0.4010836921380371,56095,0.7726831698690511,-0.010468696619015514,-0.006797244791291179,0.8140940044540912,-0.0036603050726995547,-0.29997765336342874,9.823108134350808e-05,0.0,-1.0,0.1,0.0,0.0,0.0,3.446920871734619,56095,nan,1.0065186023712158,55731.70716154485,52000,55275.57425378514,55377.081202767644,50,55457.26989655164,nan,nan,nan,0.033221952617168427
21.42859842098551,nav_to_wp,0,0.006004234775900841,-1.232664942741394,1.783737063407898,0.01665046438574791,-0.3280559778213501,-0.0018835030496120453,0.009329304447818492,-1.2354236053593273,1.7997496307969172,0.40034032881826775,55991,0.7530693619595699,-0.0112714112073312,-0.006824561590053069,0.7187529990915209,-0.0036603050726995547,-0.29997765336342874,9.823108134350808e-05,0.0,-1.0,0.1,0.0,0.0,0.0,3.446920871734619,55991,nan,1.0008511543273926,55943.38354700498,52000,55284.47837769474,55384.63190069081,50,55457.26989655164,nan,nan,nan,0.033221952617168427
21.4491271910083,nav_to_wp,0,0.0060767317190766335,-1.238060712814331,1.7836475372314453,0.015710707753896713,-0.3294644057750702,-0.0017285585636273026,0.009255463133331638,-1.2414752168510168,1.799751612465665,0.40037659450236707,55996,0.7540262401679954,-0.011318697054160061,-0.006500700507504176,0.9742059919517487,-0.0036603050726995547,-0.29997765336342874,9.823108134350808e-05,0.0,-1.0,0.1,0.0,0.0,0.0,3.446920871734619,55996,nan,0.9989662170410156,56053.94761582905,52000,55294.47837769474,55393.55611022599,50,55457.26989655164,nan,nan,nan,0.033221952617168427
21.46920081099961,nav_to_wp,0,0.006209812592715025,-1.2434922456741333,1.7835569381713867,0.014820704236626625,-0.3315030038356781,-0.0028030488174408674,0.009182199898124228,-1.2474794522737005,1.799753578620582,0.40103094078087564,56088,0.7712913134795674,-0.01174569675561309,-0.006252044465190343,1.021784992190078,-0.0036603050726995547,-0.29997765336342874,9.823108134350808e-05,0.0,-1.0,0.1,0.0,0.0,0.0,3.446920871734619,56088,nan,0.9961493015289307,56304.81285678146,52000,55304.47837769474,55403.55611022599,50,55457.26989655164,nan,nan,nan,0.033221952617168427
21.48901435500011,nav_to_wp,0,0.006285613868385553,-1.251551628112793,1.7834129333496094,0.013493896462023258,-0.33175334334373474,-0.003618468763306737,0.009109198656680261,-1.2534622161870996,1.7997555377444103,0.401631115754641,56172,0.7871270647662527,-0.013921170270688326,-0.005730180994037992,1.0146429995074868,-0.0036603050726995547,-0.29997765336342874,9.823108134350808e-05,0.0,-1.0,0.1,0.0,0.0,0.0,3.446920871734619,56172,nan,0.9956274032592773,56418.69620715121,52000,55314.47837769474,55413.55611022599,50,55457.26989655164,nan,nan,nan,0.033221952617168427
21.50924362099613,nav_to_wp,0,0.006398600526154041,-1.2595840692520142,1.7832590341567993,0.011807105503976345,-0.3318976163864136,-0.004392114467918873,0.009035640060514835,-1.2594906577033522,1.799757511825887,0.4022236976314689,56255,0.8027624704873055,-0.015965525041342285,-0.0050685104891707855,1.1094520159531385,-0.0036603050726995547,-0.29997765336342874,9.823108134350808e-05,0.0,-1.0,0.1,0.0,0.0,0.0,3.4416422843933105,56255,nan,0.9958003163337708,56492.24957782052,52000,55324.47837769474,55423.55611022599,50,55398.038867994816,nan,nan,nan,0.033221952617168427
21.528873509989353,nav_to_wp,0,0.006439799442887306,-1.264949083328247,1.7832132577896118,0.009556282311677933,-0.33186405897140503,-0.004112130030989647,0.008962629075298663,-1.265474220160551,1.7997594712112075,0.4021375616125444,56243,0.8004897523098773,-0.015336839141718886,-0.004063758966527553,0.808850018074736,-0.0036603050726995547,-0.29997765336342874,9.823108134350808e-05,0.0,-1.0,0.1,0.0,0.0,0.0,3.4416422843933105,56243,nan,1.0141514539718628,55458.18603299112,52000,55326.26114643202,55424.01784252952,50,55398.038867994816,nan,nan,nan,0.033221952617168427
21.548674379999284,nav_to_wp,0,0.006417013704776764,-1.2702057361602783,1.7831456661224365,0.007158655673265457,-0.3307112455368042,-0.001795058255083859,0.008889944351345375,-1.271431044112057,1.7997614218407014,0.4010569525248466,56092,0.771977639178008,-0.014104747572966841,-0.002928814878981223,0.767484016250819,-0.0036603050726995547,-0.29997765336342874,9.823108134350808e-05,0.0,-1.0,0.1,0.0,0.0,0.0,3.4416422843933105,56092,nan,1.0206985473632812,54954.52123930187,52000,55321.30461433696,55417.757887819826,50,55398.038867994816,nan,nan,nan,0.033221952617168427
21.56921895299456,nav_to_wp,0,0.006379509344696999,-1.275552749633789,1.783097505569458,0.004942764062434435,-0.3294653296470642,0.0014169838977977633,0.008816100965191039,-1.2774828253857557,1.7997634035650463,0.3995055731027344,55875,0.7310441451908787,-0.012829995015190974,-0.0018672520799316583,1.0014160070568323,-0.0036603050726995547,-0.29997765336342874,9.823108134350808e-05,0.0,-1.0,0.1,0.0,0.0,0.0,3.4416422843933105,55875,nan,1.011531114578247,55238.04378800232,52000,55320.194469985836,55415.361699822264,50,55398.038867994816,nan,nan,nan,0.033221952617168427
21.588557643990498,nav_to_wp,0,0.006341234315186739,-1.2834910154342651,1.7830463647842407,0.002967469859868288,-0.3280237317085266,0.0030203016940504313,0.008743621090130422,-1.2834228610945069,1.7997653486970397,0.3987766974375341,55773,0.7118125972964116,-0.014134896777474064,-0.00091429697290768,0.6993740098550916,-0.0036603050726995547,-0.29997765336342874,9.823108134350808e-05,0.0,-1.0,0.1,0.0,0.0,0.0,3.4416422843933105,55773,nan,1.0061113834381104,55434.22022461473,52000,55321.71481338089,55415.6131468195,50,55398.038867994816,nan,nan,nan,0.033221952617168427
21.609320399991702,nav_to_wp,0,0.006242034491151571,-1.2887601852416992,1.783049464225769,0.0009164230432361364,-0.32534682750701904,0.004034215118736029,0.008668731094622779,-1.2895604164803514,1.7997673585090894,0.3982567519182289,55700,0.6980937181590718,-0.011936659571240434,0.00013893805469167297,0.9672470041550696,-0.0036603050726995547,-0.29997765336342874,9.823108134350808e-05,0.0,-1.0,0.1,0.0,0.0,0.0,3.4416422843933105,55700,nan,1.008068561553955,55254.17826158321,52000,55320.81432602359,55413.46068168302,50,55398.038867994816,nan,nan,nan,0.033221952617168427
21.628874391986756,nav_to_wp,0,0.006108699832111597,-1.2965642213821411,1.7830085754394531,-0.0008620817679911852,-0.3231540024280548,0.006108442787081003,0.00859712109481004,-1.2954291621926692,1.7997692802963658,0.39727761351691865,55563,0.6722589318448176,-0.012810779125464862,0.0010967744385013134,0.9238919883500785,-0.0036603050726995547,-0.29997765336342874,9.823108134350808e-05,0.0,-1.0,0.1,0.0,0.0,0.0,3.4416422843933105,55563,nan,1.014083743095398,54791.3329429767,52000,55313.75457424963,55405.16564516694,50,55398.038867994816,nan,nan,nan,0.033221952617168427
21.648941503983224,nav_to_wp,0,0.00594501756131649,-1.3016784191131592,1.7829506397247314,-0.00260291900485754,-0.3212715685367584,0.007672945503145456,0.008523812380391915,-1.3014371248311551,1.799771247671802,0.39656216772358216,55463,0.6533817341314538,-0.010982887360662684,0.002067875771408545,0.9435059910174459,-0.0036603050726995547,-0.29997765336342874,9.823108134350808e-05,0.0,-1.0,0.1,0.0,0.0,0.0,3.4416422843933105,55463,nan,1.0048011541366577,55197.98596136641,52000,55312.21099274453,55402.403249382936,50,55398.038867994816,nan,nan,nan,0.033221952617168427
21.669456231989898,nav_to_wp,0,0.005751711782068014,-1.3093883991241455,1.7830274105072021,-0.004400201607495546,-0.3198290169239044,0.008043200708925724,0.008450377239075272,-1.307455448694617,1.7997732184401387,0.396289065977514,55425,0.6461758833117148,-0.01197002219305841,0.00309735382009646,1.1711930274032056,-0.0036603050726995547,-0.29997765336342874,9.823108134350808e-05,0.0,-1.0,0.1,0.0,0.0,0.0,3.4416422843933105,55425,nan,0.99526047706604,55688.939003575346,52000,55317.23403288894,55406.223726105505,50,55398.038867994816,nan,nan,nan,0.033221952617168427
21.68878527500783,nav_to_wp,0,0.005535603035241365,-1.3144251108169556,1.7829557657241821,-0.0058547938242554665,-0.3186515271663666,0.0072776819579303265,0.008377354474958819,-1.3134399764830642,1.7997751781415678,0.3967581524832944,55490,0.658552835970827,-0.010406681126205481,0.0039711911592392735,0.8447419968433678,-0.0036603050726995547,-0.29997765336342874,9.823108134350808e-05,0.0,-1.0,0.1,0.0,0.0,0.0,3.4416422843933105,55490,nan,0.9927762150764465,55893.76453355816,52000,55324.921106231195,55412.724270204875,50,55398.038867994816,nan,nan,nan,0.033221952617168427
21.70863008798915,nav_to_wp,0,0.0053596291691064835,-1.3195593357086182,1.783029556274414,-0.007250020746141672,-0.31615033745765686,0.005468137562274933,0.008304174240890253,-1.3194374096074797,1.7997771420689954,0.39756660690908985,55603,0.679884087311077,-0.00825869641635885,0.004768429527915785,0.6962039915379137,-0.0036603050726995547,-0.29997765336342874,9.823108134350808e-05,0.0,-1.0,0.1,0.0,0.0,0.0,3.4416422843933105,55603,nan,0.9939144253730774,55943.44802786091,52000,55333.16813185292,55419.80058697362,50,55398.038867994816,nan,nan,nan,0.033221952617168427
21.72871544599184,nav_to_wp,0,0.0050072986632585526,-1.3269752264022827,1.7829616069793701,-0.008441170677542686,-0.31469497084617615,0.00527223153039813,0.008231240100081777,-1.3254146743368562,1.7997790993920535,0.39775620593863986,55630,0.6848867002279633,-0.008969788473361925,0.00564607564619779,0.8495140064042062,-0.0036603050726995547,-0.29997765336342874,9.823108134350808e-05,0.0,-1.0,0.1,0.0,0.0,0.0,3.4416422843933105,55630,nan,1.011766791343689,54983.0262032221,52000,55328.49957280451,55413.9769285236,50,55398.038867994816,nan,nan,nan,0.033221952617168427
21.749067361990456,nav_to_wp,0,0.00477559445425868,-1.3319188356399536,1.783009648323059,-0.009860873222351074,-0.3120463192462921,0.006992250680923462,0.008157644029713168,-1.3314461870243117,1.7997810744792202,0.3968332801920369,55501,0.6605350974152202,-0.006559094157595771,0.0065341090083226305,0.9988920064643025,-0.0036603050726995547,-0.29997765336342874,9.823108134350808e-05,0.0,-1.0,0.1,0.0,0.0,0.0,3.4416422843933105,55501,nan,1.007253885269165,55101.30148087605,52000,55325.47026491213,55409.80792255497,50,55398.038867994816,nan,nan,nan,0.033221952617168427
21.76880508600152,nav_to_wp,0,0.004377837758511305,-1.339150309562683,1.782990574836731,-0.011759155429899693,-0.3080551028251648,0.008452257141470909,0.008084271929748348,-1.3374593443794063,1.7997830435557252,0.3961313514691399,55403,0.6420145506369348,-0.0057858562141116015,0.007831683714263793,0.8095270022749901,-0.0036603050726995547,-0.29997765336342874,9.823108134350808e-05,0.0,-1.0,0.1,0.0,0.0,0.0,3.4416422843933105,55403,nan,1.0105953216552734,54822.1417740727,52000,55318.75921836761,55401.972373908546,50,55398.038867994816,nan,nan,nan,0.033221952617168427
21.789017500006594,nav_to_wp,0,0.004137494135648012,-1.3440135717391968,1.783063292503357,-0.0138190146535635,-0.30436789989471436,0.010846041142940521,0.008010915766826297,-1.343471195625694,1.79978501220453,0.39484500307382436,55223,0.608073959731513,-0.0027733571055305276,0.009069785963782051,0.9168139949906617,-0.0036603050726995547,-0.29997765336342874,9.823108134350808e-05,0.0,-1.0,0.1,0.0,0.0,0.0,3.4416422843933105,55223,nan,1.0216012001037598,54055.33978855079,52000,55308.75921836761,55391.972373908546,50,55398.038867994816,nan,nan,nan,0.033221952617168427
21.8097762989928,nav_to_wp,0,0.003646105295047164,-1.3511213064193726,1.7830774784088135,-0.016096817329525948,-0.29892697930336,0.013945052400231361,0.007936791964653078,-1.34954595819129,1.7997870014543593,0.39328518276301494,55005,0.5669177510030305,-0.0010679999411300658,0.010688572426654552,1.14121800288558,-0.0036603050726995547,-0.29997765336342874,9.823108134350808e-05,0.0,-1.0,0.1,0.0,0.0,0.0,3.4416422843933105,55005,nan,1.0212281942367554,53861.61517123956,52000,55298.75921836761,55381.972373908546,50,55398.038867994816,nan,nan,nan,0.033221952617168427
21.82918503199471,nav_to_wp,0,0.0033566232305020094,-1.3557837009429932,1.783157467842102,-0.018169919028878212,-0.2948928475379944,0.015697423368692398,0.007864830377823297,-1.3554435179631554,1.7997889326771261,0.39231794051936625,54869,0.5413968474766815,0.0022455054510040883,0.011993635700203509,1.1310400150250643,-0.0036603050726995547,-0.29997765336342874,9.823108134350808e-05,0.0,-1.0,0.1,0.0,0.0,0.0,3.4416422843933105,54869,nan,1.0037972927093506,54661.43453316457,52000,55290.261555898236,55372.365202698624,50,55398.038867994816,nan,nan,nan,0.033221952617168427
21.849567487981403,nav_to_wp,0,0.0029704461339861155,-1.3603496551513672,1.7831227779388428,-0.01999778114259243,-0.29009824991226196,0.014719371683895588,0.007791441865164183,-1.3614580204087334,1.799790902194096,0.39286539541404847,54946,0.5558415676529922,0.006158480042437048,0.013226018515151594,1.3809890078846365,-0.0036603050726995547,-0.29997765336342874,9.823108134350808e-05,0.0,-1.0,0.1,0.0,0.0,0.0,3.4416422843933105,54946,nan,0.9944931268692017,55250.25615106804,52000,55289.7281505005,55370.73708201022,50,55398.038867994816,nan,nan,nan,0.033221952617168427
21.8690725970082,nav_to_wp,0,0.002491760067641735,-1.367156744003296,1.7833266258239746,-0.02142227813601494,-0.28629082441329956,0.013090789318084717,0.007718750666064873,-1.3674153750261457,1.7997928529973626,0.393436235336599,55026,0.570903307034273,0.007221335771857007,0.01434383480750756,1.2010089994873852,-0.0036603050726995547,-0.29997765336342874,9.823108134350808e-05,0.0,-1.0,0.1,0.0,0.0,0.0,3.4416422843933105,55026,nan,0.9910179376602173,55524.72655531926,52000,55292.86146256475,55372.79027498768,50,55398.038867994816,nan,nan,nan,0.033221952617168427
21.88955817898386,nav_to_wp,0,0.0021516953129321337,-1.3716344833374023,1.783368468284607,-0.022275878116488457,-0.28309521079063416,0.01107791718095541,0.007645154745795482,-1.3734468754123286,1.799794828080501,0.3944078742465769,55162,0.5965402175877799,0.010400353888139924,0.015011669742488465,1.4210920198820531,-0.0036603050726995547,-0.29997765336342874,9.823108134350808e-05,0.0,-1.0,0.1,0.0,0.0,0.0,3.4416422843933105,55162,nan,0.9930881857872009,55545.92310075081,52000,55296.23561774057,55375.09871266452,50,55398.038867994816,nan,nan,nan,0.033221952617168427
21.90964472599444,nav_to_wp,0,0.0018474881071597338,-1.3760768175125122,1.783390760421753,-0.022711297497153282,-0.2797519266605377,0.008371599949896336,0.007571573507019258,-1.3794771725873631,1.7997968027696343,0.39575379963951757,55350,0.6320527609371371,0.013660254629289189,0.015413810797981098,1.360180991468951,-0.0036603050726995547,-0.29997765336342874,9.823108134350808e-05,0.0,-1.0,0.1,0.0,0.0,0.0,3.446920871734619,55350,nan,0.9948630928993225,55635.795915088056,52000,55300.76308837187,55378.5746753635,50,55457.26989655164,nan,nan,nan,0.033221952617168427
21.929589318984654,nav_to_wp,0,0.0013866405934095383,-1.3827600479125977,1.7834265232086182,-0.02266266755759716,-0.2775362432003021,0.007384324446320534,0.007499102343572355,-1.385416494342117,1.7997987476678354,0.39620935088511056,55414,0.6440725827205931,0.01401211760566851,0.015763676071316013,1.6085580282378942,-0.0036603050726995547,-0.29997765336342874,9.823108134350808e-05,0.0,-1.0,0.1,0.0,0.0,0.0,3.446920871734619,55414,nan,0.9966035485267639,55602.85238991586,52000,55304.79094572579,55381.56504489087,50,55457.26989655164,nan,nan,nan,0.033221952617168427
21.949202433985192,nav_to_wp,0,0.0010735008399933577,-1.3871289491653442,1.7834217548370361,-0.022089175879955292,-0.2752971649169922,0.007067852187901735,0.007425742904567094,-1.3914286140774332,1.7998007164045602,0.39639269185854364,55439,0.6489100754233146,0.01679419943420425,0.01570898560306655,1.1824679968412966,-0.0036603050726995547,-0.29997765336342874,9.823108134350808e-05,0.0,-1.0,0.1,0.0,0.0,0.0,3.446920871734619,55439,nan,0.9967361688613892,55620.5360374653,52000,55309.00088028232,55384.75132479187,50,55457.26989655164,nan,nan,nan,0.033221952617168427
21.969395082007395,nav_to_wp,0,0.0007633521454408765,-1.3914695978164673,1.783385157585144,-0.020833797752857208,-0.27305498719215393,0.005827704444527626,0.007351685873748546,-1.3974979044449782,1.799802703862456,0.39707913862557315,55535,0.667022127323829,0.019636559202918947,0.01528730137816292,1.100479974411428,-0.0036603050726995547,-0.29997765336342874,9.823108134350808e-05,0.0,-1.0,0.1,0.0,0.0,0.0,3.446920871734619,55535,nan,0.9952268600463867,55801.347641894994,52000,55315.565503770486,55390.30594235324,50,55457.26989655164,nan,nan,nan,0.033221952617168427
21.989282511989586,nav_to_wp,0,0.00039192987605929375,-1.3980472087860107,1.7833677530288696,-0.019035151228308678,-0.27230775356292725,0.003633342683315277,0.007278916889591366,-1.4034616338805173,1.7998046567532289,0.3981947100409641,55691,0.6964567293130344,0.01933992390838933,0.014641008963549362,1.113112986786291,-0.0036603050726995547,-0.29997765336342874,9.823108134350808e-05,0.0,-1.0,0.1,0.0,0.0,0.0,3.446920871734619,55691,nan,1.0004280805587769,55667.169966775095,52000,55320.25356327721,55393.99746267887,50,55457.26989655164,nan,nan,nan,0.033221952617168427
22.01094488200033,nav_to_wp,0,7.135132909752429e-05,-1.4045616388320923,1.783291220664978,-0.016788123175501823,-0.2719033658504486,0.0023528398014605045,0.007204058054212575,-1.4095966355605514,1.7998066657290386,0.398926582768777,55794,0.7157673553767001,0.019126428904981535,0.01373390187939827,1.1118870170321316,-0.0036603050726995547,-0.29997765336342874,9.823108134350808e-05,0.0,-1.0,0.1,0.0,0.0,0.0,3.446920871734619,55794,nan,0.9892767071723938,56398.78063992181,52000,55330.25356327721,55403.99746267887,50,55457.26989655164,nan,nan,nan,0.033221952617168427
22.028532294003526,nav_to_wp,0,-0.0001270011271117255,-1.4088976383209229,1.7832266092300415,-0.014200884848833084,-0.27278247475624084,2.5981476937886328e-05,0.007132862390027292,-1.4154314246963653,1.7998085763968494,0.400175005779061,55968,0.7487072764923735,0.020125508802578962,0.012525001154908066,0.6179420161060989,-0.0036603050726995547,-0.29997765336342874,9.823108134350808e-05,0.0,-1.0,0.1,0.0,0.0,0.0,3.446920871734619,55968,nan,0.9892475605010986,56576.33360414826,52000,55340.25356327721,55413.99746267887,50,55457.26989655164,nan,nan,nan,0.033221952617168427
22.049133055988932,nav_to_wp,0,-0.00022015246213413775,-1.413285732269287,1.7831593751907349,-0.01131490059196949,-0.27305662631988525,-0.0024767573922872543,0.0070593891118977195,-1.421452874034732,1.7998105481886584,0.4015182541970624,56156,0.7841491872575812,0.021548861734838994,0.011065067021412522,1.0311849764548242,-0.0036603050726995547,-0.29997765336342874,9.823108134350808e-05,0.0,-1.0,0.1,0.0,0.0,0.0,3.446920871734619,56156,nan,0.9975858330726624,56291.898038521664,52000,55350.25356327721,55423.99746267887,50,55457.26989655164,nan,nan,nan,0.033221952617168427
22.068765250995057,nav_to_wp,0,-0.0003343165444675833,-1.4199138879776,1.7831013202667236,-0.008448101580142975,-0.27422571182250977,-0.004480451345443726,0.0069861436401710345,-1.4274556536642082,1.7998125138668595,0.4025789415583057,56304,0.8121356611690143,0.020289276448126538,0.00965227763227472,0.7495739846490324,-0.0036603050726995547,-0.29997765336342874,9.823108134350808e-05,0.0,-1.0,0.1,0.0,0.0,0.0,3.446920871734619,56304,nan,0.994671642780304,56605.614937025035,52000,55360.25356327721,55433.99746267887,50,55457.26989655164,nan,nan,nan,0.033221952617168427
22.088604974996997,nav_to_wp,0,-0.0003639644128270447,-1.4243628978729248,1.7830662727355957,-0.005592546425759792,-0.2757419943809509,-0.004614314530044794,0.006913206618714623,-1.4334331544750014,1.7998144712672253,0.4026932200461777,56320,0.8151509247012569,0.02104863955203277,0.008188251913608058,0.6665709952358156,-0.0036603050726995547,-0.29997765336342874,9.823108134350808e-05,0.0,-1.0,0.1,0.0,0.0,0.0,3.446920871734619,56320,nan,1.0037037134170532,56112.17657874524,52000,55370.25356327721,55443.03985089309,50,55457.26989655164,nan,nan,nan,0.033221952617168427
22.109781210980145,nav_to_wp,0,-0.000350345391780138,-1.4309953451156616,1.782963752746582,-0.002769140526652336,-0.2762661576271057,-0.004290823359042406,0.006838205617112184,-1.4395798072850123,1.7998164840583295,0.40265149571083997,56315,0.8140500187556707,0.02030746077312346,0.006698615786368656,0.872520002303645,-0.0036603050726995547,-0.29997765336342874,9.823108134350808e-05,0.0,-1.0,0.1,0.0,0.0,0.0,3.4310851097106934,56315,nan,1.0094696283340454,55786.72049097519,52000,55375.80645564652,55447.62225942752,50,55279.57681088117,nan,nan,nan,0.033221952617168427
22.128659596986836,nav_to_wp,0,-0.00029135210206732154,-1.4354543685913086,1.782901406288147,-0.00021078898862469941,-0.2783965468406677,-0.002421758836135268,0.00676679690855303,-1.445432056318312,1.7998184004435813,0.40179678985869866,56195,0.7914984131582745,0.020677132563872838,0.005309565594002086,0.7143770053517073,-0.0036603050726995547,-0.29997765336342874,9.823108134350808e-05,0.0,-1.0,0.1,0.0,0.0,0.0,3.4310851097106934,56195,nan,1.0137490034103394,55432.853508072665,52000,55376.567083012196,55447.42534274278,50,55279.57681088117,nan,nan,nan,0.033221952617168427
22.14878618399962,nav_to_wp,0,-0.0002257934829685837,-1.4399241209030151,1.7828257083892822,0.0021286497358232737,-0.28037407994270325,0.0005542251747101545,0.006693134429241066,-1.4514690115026618,1.7998203773129553,0.4004086292637212,56001,0.7548714845309021,0.02132668133611166,0.004020354263327919,0.7320840086322278,-0.0036603050726995547,-0.29997765336342874,9.823108134350808e-05,0.0,-1.0,0.1,0.0,0.0,0.0,3.4310851097106934,56001,nan,1.018254041671753,54997.08099175179,52000,55371.50726846206,55441.42075139624,50,55279.57681088117,nan,nan,nan,0.033221952617168427
22.16898491498432,nav_to_wp,0,-6.277498323470354e-05,-1.4466969966888428,1.782895803451538,0.004379427991807461,-0.28201448917388916,0.004058002959936857,0.006620448651077804,-1.4574259218511836,1.7998223279707408,0.3985566836550155,55742,0.7060074843011996,0.019783247152013985,0.0026730052540906435,1.0484580125194043,-0.0036603050726995547,-0.29997765336342874,9.823108134350808e-05,0.0,-1.0,0.1,0.0,0.0,0.0,3.4310851097106934,55742,nan,1.0147284269332886,54932.924436209425,52000,55365.65949736536,55434.640800527086,50,55279.57681088117,nan,nan,nan,0.033221952617168427
22.189168496988714,nav_to_wp,0,0.00010589725570753217,-1.45126211643219,1.7829266786575317,0.006536105182021856,-0.28458383679389954,0.007688235491514206,0.006547111627883313,-1.4634362045149498,1.7998242961058957,0.396706018425829,55483,0.6571772671722673,0.020037350998469247,0.001354161109631713,1.1768729891628027,-0.0036603050726995547,-0.29997765336342874,9.823108134350808e-05,0.0,-1.0,0.1,0.0,0.0,0.0,3.4310851097106934,55483,nan,1.0305943489074707,53835.92492896679,52000,55355.65949736536,55424.640800527086,50,55279.57681088117,nan,nan,nan,0.033221952617168427
22.21058166999137,nav_to_wp,0,0.00042104735621251166,-1.4581918716430664,1.7831578254699707,0.008908985182642937,-0.2868880033493042,0.011796805076301098,0.006472837193208788,-1.4695233120581819,1.7998262893982275,0.39435013708795735,55154,0.5950168097086355,0.01813337331850351,-0.00023619141563835377,0.8978279947768897,-0.0036603050726995547,-0.29997765336342874,9.823108134350808e-05,0.0,-1.0,0.1,0.0,0.0,0.0,3.4310851097106934,55154,nan,1.0142160654067993,54380.91732246213,52000,55345.65949736536,55414.640800527086,50,55279.57681088117,nan,nan,nan,0.033221952617168427
22.229134648980107,nav_to_wp,0,0.0006260817172005773,-1.4628056287765503,1.7832926511764526,0.011385014280676842,-0.2899920642375946,0.01355552114546299,0.006400787063606875,-1.4754281282888606,1.799828222997204,0.39330356273615225,55007,0.5674027107164168,0.017916201128433965,-0.0017777161628451665,1.1255480058025569,-0.0036603050726995547,-0.29997765336342874,9.823108134350808e-05,0.0,-1.0,0.1,0.0,0.0,0.0,3.4310851097106934,55007,nan,1.0085597038269043,54540.152448367764,52000,55335.65949736536,55404.640800527086,50,55279.57681088117,nan,nan,nan,0.033221952617168427
22.248801106004976,nav_to_wp,0,0.0008431734750047326,-1.4675099849700928,1.7834794521331787,0.01394666824489832,-0.29272928833961487,0.01434376835823059,0.006327735068386856,-1.481415051691247,1.7998301834831039,0.3926794956122616,54920,0.5509365596902782,0.017857088293085008,-0.0033808043709675495,0.8744239748921245,-0.0036603050726995547,-0.29997765336342874,9.823108134350808e-05,0.0,-1.0,0.1,0.0,0.0,0.0,3.4310851097106934,54920,nan,1.0059452056884766,54595.41900437046,52000,55325.789624125435,55394.640800527086,50,55279.57681088117,nan,nan,nan,0.033221952617168427
22.269089754991,nav_to_wp,0,0.0012467297492548823,-1.4745550155639648,1.7836483716964722,0.016467895358800888,-0.2950381338596344,0.014983822591602802,0.006254638563795212,-1.4874056228269743,1.7998321451634955,0.39213902394789296,54844,0.5366760936119501,0.015628329266634582,-0.0051575727063593035,1.2084140034858137,-0.0036603050726995547,-0.29997765336342874,9.823108134350808e-05,0.0,-1.0,0.1,0.0,0.0,0.0,3.4310851097106934,54844,nan,0.9995092749595642,54870.926537643936,52000,55319.72478297235,55387.657943688646,50,55279.57681088117,nan,nan,nan,0.033221952617168427
22.28878558098222,nav_to_wp,0,0.0015352185582742095,-1.4793260097503662,1.7838562726974487,0.018702344968914986,-0.2982940375804901,0.013912073336541653,0.006181109052362646,-1.4934316807249934,1.7998341184644295,0.39241864597575454,54883,0.5440539835291425,0.015237185212499962,-0.0066617454936677145,0.8259169990196824,-0.0036603050726995547,-0.29997765336342874,9.823108134350808e-05,0.0,-1.0,0.1,0.0,0.0,0.0,3.4310851097106934,54883,nan,1.0009382963180542,54831.55175687333,52000,55313.21580929103,55380.24319453111,50,55279.57681088117,nan,nan,nan,0.033221952617168427
22.308962270995835,nav_to_wp,0,0.0020474176853895187,-1.486518144607544,1.7841230630874634,0.02065688744187355,-0.3011397123336792,0.012371556833386421,0.006107886256270716,-1.4994326019892328,1.799836083534088,0.392847946456065,54943,0.5553811729832443,0.012558723062495177,-0.00824565282984313,0.7311720110010356,-0.0036603050726995547,-0.29997765336342874,9.823108134350808e-05,0.0,-1.0,0.1,0.0,0.0,0.0,3.446920871734619,54943,nan,0.995674192905426,55181.70541276523,52000,55311.462337337354,55377.596024107566,50,55457.26989655164,nan,nan,nan,0.033221952617168427
22.328909129981184,nav_to_wp,0,0.002375772688537836,-1.4914071559906006,1.7842706441879272,0.022412849590182304,-0.3049829602241516,0.010506128892302513,0.006034882792953517,-1.5054155479946445,1.7998380427175444,0.3935990821752295,55048,0.575200057393916,0.011693648529457114,-0.009530112849926109,0.9284650150220841,-0.0036603050726995547,-0.29997765336342874,9.823108134350808e-05,0.0,-1.0,0.1,0.0,0.0,0.0,3.446920871734619,55048,nan,0.9985240697860718,55129.36709857553,52000,55309.03440082053,55374.28630510047,50,55457.26989655164,nan,nan,nan,0.033221952617168427
22.34892094298266,nav_to_wp,0,0.002754359971731901,-1.4962975978851318,1.7843856811523438,0.02384820580482483,-0.30723804235458374,0.0096226641908288,0.005961485114867583,-1.511430801586145,1.7998400124804859,0.39390416678982865,55091,0.5832497833727857,0.011681958860223062,-0.010710556365435941,0.9526099893264472,-0.0036603050726995547,-0.29997765336342874,9.823108134350808e-05,0.0,-1.0,0.1,0.0,0.0,0.0,3.446920871734619,55091,nan,0.9967901706695557,55268.402138230085,52000,55308.49263731933,55372.87451620887,50,55457.26989655164,nan,nan,nan,0.033221952617168427
22.368583884002874,nav_to_wp,0,0.003347876016050577,-1.5035901069641113,1.7845306396484375,0.025273796170949936,-0.3108455240726471,0.009119929745793343,0.005888710629238514,-1.5173949818908317,1.7998419655189009,0.39397042167395757,55100,0.5849979333498023,0.008499779336298158,-0.012109038457688515,0.7592960027977824,-0.0036603050726995547,-0.29997765336342874,9.823108134350808e-05,0.0,-1.0,0.1,0.0,0.0,0.0,3.446920871734619,55100,nan,1.0075005292892456,54689.79757149211,52000,55300.24336977497,55363.76682361265,50,55457.26989655164,nan,nan,nan,0.033221952617168427
22.388853285985533,nav_to_wp,0,0.0037203291431069374,-1.5085755586624146,1.7846394777297974,0.026373421773314476,-0.3138115704059601,0.009616800583899021,0.0058150239699972205,-1.5234339187237909,1.799843943037188,0.393592058388684,55047,0.5750147332106579,0.008071476543962387,-0.013132927643296544,0.8660870080348104,-0.0036603050726995547,-0.29997765336342874,9.823108134350808e-05,0.0,-1.0,0.1,0.0,0.0,0.0,3.446920871734619,55047,nan,1.0020020008087158,54937.016049440586,52000,55295.40033883718,55358.076813290354,50,55457.26989655164,nan,nan,nan,0.033221952617168427
22.408399867999833,nav_to_wp,0,0.004321643617004156,-1.5161380767822266,1.7847360372543335,0.027070313692092896,-0.31690600514411926,0.010464010760188103,0.005742350098888502,-1.5293898532382741,1.7998458933754256,0.3930476764058412,54971,0.5606510925024057,0.004872794794054201,-0.014191734830004687,0.6097779842093587,-0.0036603050726995547,-0.29997765336342874,9.823108134350808e-05,0.0,-1.0,0.1,0.0,0.0,0.0,3.446920871734619,54971,nan,0.9978177547454834,55091.22255899489,52000,55292.67796843928,55354.51875656642,50,55457.26989655164,nan,nan,nan,0.033221952617168427
22.428585888003,nav_to_wp,0,0.004724003840237856,-1.5211325883865356,1.7847546339035034,0.02726077474653721,-0.3180384635925293,0.010202220641076565,0.005668775745074975,-1.5354195861611737,1.799847867879788,0.3931620475882032,54987,0.5636688017995564,0.005348625163769896,-0.014768766003962153,0.6689089932478964,-0.0036603050726995547,-0.29997765336342874,9.823108134350808e-05,0.0,-1.0,0.1,0.0,0.0,0.0,3.446920871734619,54987,nan,0.9923802018165588,55409.206974651366,52000,55294.231688522115,55355.24793280755,50,55457.26989655164,nan,nan,nan,0.033221952617168427
22.449221925984602,nav_to_wp,0,0.005132152698934078,-1.5261480808258057,1.7846949100494385,0.027377823367714882,-0.3203789293766022,0.009278426878154278,0.005595247514865467,-1.5414455390574842,1.799849841146338,0.3937039093830329,55063,0.5779659467818696,0.005178957382508851,-0.01529734022538376,1.1216870043426752,-0.0036603050726995547,-0.29997765336342874,9.823108134350808e-05,0.0,-1.0,0.1,0.0,0.0,0.0,3.446920871734619,55063,nan,0.9931637644767761,55442.0146701673,52000,55296.202128277386,55356.404822639015,50,55457.26989655164,nan,nan,nan,0.033221952617168427
22.468988353997702,nav_to_wp,0,0.00576858501881361,-1.533761739730835,1.7847026586532593,0.027224676683545113,-0.3223525881767273,0.006725942716002464,0.005522458047544792,-1.5474109471758646,1.7998517945868144,0.39497264798202486,55241,0.6114418992618678,0.0024933912560028077,-0.01588897669004674,0.9959190210793167,-0.0036603050726995547,-0.29997765336342874,9.823108134350808e-05,0.0,-1.0,0.1,0.0,0.0,0.0,3.446920871734619,55241,nan,0.9941696524620056,55564.96304549103,52000,55299.78560717357,55359.18559894371,50,55457.26989655164,nan,nan,nan,0.033221952617168427
22.48953821900068,nav_to_wp,0,0.006131915841251612,-1.538842797279358,1.7846848964691162,0.026765236631035805,-0.3243919014930725,0.00527198938652873,0.005448987071824295,-1.5534322078219616,1.7998537663168341,0.39572543944273547,55346,0.6313044707845759,0.002408332758307541,-0.016068093742846346,1.5030750073492527,-0.0036603050726995547,-0.29997765336342874,9.823108134350808e-05,0.0,-1.0,0.1,0.0,0.0,0.0,3.446920871734619,55346,nan,0.9945095777511597,55651.55051110865,52000,55304.47580589271,55363.083797772575,50,55457.26989655164,nan,nan,nan,0.033221952617168427
22.509545199980494,nav_to_wp,0,0.006636294070631266,-1.5465418100357056,1.7845346927642822,0.02590511366724968,-0.3254648447036743,0.0030291173607110977,0.005375660813481505,-1.5594416082600975,1.799855734163094,0.3970367288845906,55529,0.6659031367965831,0.00015738892765505754,-0.01616378544664343,1.1121819843538105,-0.0036603050726995547,-0.29997765336342874,9.823108134350808e-05,0.0,-1.0,0.1,0.0,0.0,0.0,3.4416422843933105,55529,nan,0.9893322587013245,56127.756384788,52000,55314.47580589271,55373.083797772575,50,55398.038867994816,nan,nan,nan,0.033221952617168427
22.529089974996168,nav_to_wp,0,0.006983686704188585,-1.551581859588623,1.784381628036499,0.024778710678219795,-0.32737094163894653,0.0007548215216957033,0.005302784146824627,-1.565414162736972,1.7998576899437266,0.3983665610385167,55715,0.7009910564252415,0.0001362326232857968,-0.01596628589805027,1.1143589799758047,-0.0036603050726995547,-0.29997765336342874,9.823108134350808e-05,0.0,-1.0,0.1,0.0,0.0,0.0,3.4416422843933105,55715,nan,1.0068303346633911,55337.02956876735,52000,55314.77652273104,55372.603074719176,50,55398.038867994816,nan,nan,nan,0.033221952617168427
22.549062292993767,nav_to_wp,0,0.007343127392232418,-1.556719422340393,1.7842735052108765,0.023140806704759598,-0.3284860849380493,0.0012002408038824797,0.005229407504467588,-1.5714276923605337,1.7998596591421352,0.3982790784558956,55703,0.6986828088626797,0.0004560715339536536,-0.015581941845872915,0.9924490004777908,-0.0036603050726995547,-0.29997765336342874,9.823108134350808e-05,0.0,-1.0,0.1,0.0,0.0,0.0,3.4416422843933105,55703,nan,1.0103857517242432,55130.42905142094,52000,55312.3185564469,55369.37408774187,50,55398.038867994816,nan,nan,nan,0.033221952617168427
22.568206630006898,nav_to_wp,0,0.007723728660494089,-1.5643123388290405,1.784060001373291,0.02108762413263321,-0.32891082763671875,0.0016786283813416958,0.005156588330178756,-1.5773955350919913,1.7998616133798533,0.3983060405118297,55707,0.6993942087554004,-0.0013894311733937932,-0.01500521117813447,0.4435350128915161,-0.0036603050726995547,-0.29997765336342874,9.823108134350808e-05,0.0,-1.0,0.1,0.0,0.0,0.0,3.4416422843933105,55707,nan,0.9945043325424194,56014.83892743512,52000,55321.68549472675,55377.98028560445,50,55398.038867994816,nan,nan,nan,0.033221952617168427
22.588534604990855,nav_to_wp,0,0.007983306422829628,-1.5694109201431274,1.783897876739502,0.018527938053011894,-0.3292200565338135,0.0010532132582738996,0.005083396577140423,-1.5833939122452383,1.7998635776164138,0.3988180013174047,55778,0.7129024094302014,-0.000640164080894334,-0.014035967146023287,0.698662013746798,-0.0036603050726995547,-0.29997765336342874,9.823108134350808e-05,0.0,-1.0,0.1,0.0,0.0,0.0,3.4416422843933105,55778,nan,1.0000616312026978,55774.56254663031,52000,55327.7238554188,55383.2680490848,50,55398.038867994816,nan,nan,nan,0.033221952617168427
22.609908776998054,nav_to_wp,0,0.008201335556805134,-1.577042579650879,1.783701777458191,0.01531936414539814,-0.3290809392929077,-0.00011081928823841736,0.005006550005839494,-1.589691817384297,1.799865639936807,0.3996412879209086,55894,0.7346250111057664,-0.0019042674320180809,-0.012696346786392976,1.0360890009906143,-0.0036603050726995547,-0.29997765336342874,9.823108134350808e-05,0.0,-1.0,0.1,0.0,0.0,0.0,3.4416422843933105,55894,nan,1.0035394430160522,55696.86412326291,52000,55332.64572565672,55387.44933007384,50,55398.038867994816,nan,nan,nan,0.033221952617168427
22.628508697991492,nav_to_wp,0,0.008334306068718433,-1.5820157527923584,1.7835376262664795,0.011623332276940346,-0.3288396894931793,0.00033350574085488915,0.004936726948611383,-1.5954141155102568,1.799867513768162,0.39961833322380386,55890,0.7340193462745059,-0.0010337049079477897,-0.011050166164469966,0.6329900061246008,-0.0036603050726995547,-0.29997765336342874,9.823108134350808e-05,0.0,-1.0,0.1,0.0,0.0,0.0,3.4416422843933105,55890,nan,0.9987240433692932,55961.40432491204,52000,55341.0291736468,55395.10206333835,50,55398.038867994816,nan,nan,nan,0.033221952617168427
22.649568863998866,nav_to_wp,0,0.008418681100010872,-1.587111234664917,1.7834197282791138,0.007740464992821217,-0.32767215371131897,-0.0011524511501193047,0.004862790894459856,-1.6014734913226039,1.7998694979794245,0.4005037207630247,56014,0.757380495066613,0.0005143807542624269,-0.009244765138232358,1.3133199827279896,-0.0036603050726995547,-0.29997765336342874,9.823108134350808e-05,0.0,-1.0,0.1,0.0,0.0,0.0,3.4416422843933105,56014,nan,1.0023425817489624,55883.08929494203,52000,55348.25664193074,55401.60855975974,50,55398.038867994816,nan,nan,nan,0.033221952617168427
22.668854691000888,nav_to_wp,0,0.008451205678284168,-1.5946052074432373,1.7832635641098022,0.0038801974151283503,-0.3252836763858795,-0.0026423553936183453,0.004790261360207614,-1.6074175968144673,1.7998714444441146,0.4014401537799751,56145,0.7820884902368093,0.000158810451292527,-0.007404604047618335,0.8722750062588602,-0.0036603050726995547,-0.29997765336342874,9.823108134350808e-05,0.0,-1.0,0.1,0.0,0.0,0.0,3.4416422843933105,56145,nan,1.0033111572265625,55959.708606451415,52000,55356.40933479102,55409.04989371563,50,55398.038867994816,nan,nan,nan,0.033221952617168427
22.6892153499939,nav_to_wp,0,0.008504608646035194,-1.5995943546295166,1.7831169366836548,0.00043615474714897573,-0.3243434727191925,-0.0031476106960326433,0.004716849007872476,-1.613434053023442,1.7998734146008668,0.4018748447568782,56206,0.793557909152458,0.001649087959373983,-0.005808795891679486,1.144877984188497,-0.0036603050726995547,-0.29997765336342874,9.823108134350808e-05,0.0,-1.0,0.1,0.0,0.0,0.0,3.4416422843933105,56206,nan,1.0043549537658691,55962.286828230746,52000,55364.48770137021,55416.42638617583,50,55398.038867994816,nan,nan,nan,0.033221952617168427
22.710116253001615,nav_to_wp,0,0.008377495221793652,-1.6069971323013306,1.7829101085662842,-0.0026241184677928686,-0.3225294053554535,-0.0027442490682005882,0.004642269314746525,-1.6195461778021523,1.799875416085376,0.4019307978915381,56214,0.7950342451593162,0.0012670651348091217,-0.004232899726292594,1.0000679758377373,-0.0036603050726995547,-0.29997765336342874,9.823108134350808e-05,0.0,-1.0,0.1,0.0,0.0,0.0,3.4310851097106934,56214,nan,1.0069031715393066,55828.60555902576,52000,55370.67593947229,55421.922108480496,50,55279.57681088117,nan,nan,nan,0.033221952617168427
22.728888231999008,nav_to_wp,0,0.00826115719974041,-1.611946940422058,1.7828315496444702,-0.005282052792608738,-0.3216300308704376,-0.0017397352494299412,0.004570814775324766,-1.6254021828706304,1.7998773337005842,0.4015282423265448,56157,0.7844127262940574,0.002619061117049436,-0.0028685130556873606,0.9547290101181716,-0.0036603050726995547,-0.29997765336342874,9.823108134350808e-05,0.0,-1.0,0.1,0.0,0.0,0.0,3.4310851097106934,56157,nan,1.0089781284332275,55657.30159800622,52000,55374.49761491941,55425.060501674176,50,55279.57681088117,nan,nan,nan,0.033221952617168427
22.748942804988474,nav_to_wp,0,0.008130887523293495,-1.6168869733810425,1.7827831506729126,-0.007831918075680733,-0.32007870078086853,-0.0002849582815542817,0.004497561375397887,-1.6314056122500158,1.7998792995915533,0.40086524297656356,56065,0.7669193397510163,0.004458491095109679,-0.0015441800340905143,1.0262219875585288,-0.0036603050726995547,-0.29997765336342874,9.823108134350808e-05,0.0,-1.0,0.1,0.0,0.0,0.0,3.4310851097106934,56065,nan,1.0125287771224976,55371.26575239763,52000,55374.454523419125,55424.34323835049,50,55279.57681088117,nan,nan,nan,0.033221952617168427
22.769018599996343,nav_to_wp,0,0.007846368476748466,-1.6241815090179443,1.782581090927124,-0.010370193049311638,-0.3184208273887634,0.00113043247256428,0.00442456370277854,-1.6373880836829757,1.7998812586196056,0.40041128258878583,56001,0.754941493107804,0.0039809049944109776,-6.679210963400628e-05,0.8218979928642511,-0.0036603050726995547,-0.29997765336342874,9.823108134350808e-05,0.0,-1.0,0.1,0.0,0.0,0.0,3.4310851097106934,56001,nan,1.0170607566833496,55061.60731500456,52000,55370.28322730693,55419.50675937255,50,55279.57681088117,nan,nan,nan,0.033221952617168427
22.788659549987642,nav_to_wp,0,0.0077066500671207905,-1.6290463209152222,1.7825099229812622,-0.012773117050528526,-0.31759777665138245,0.0033491686917841434,0.004350955619252604,-1.6434205809000464,1.7998832340291675,0.3993966602491479,55859,0.7281704551226333,0.005572636645787865,0.0012025256592607114,0.7164160197135061,-0.0036603050726995547,-0.29997765336342874,9.823108134350808e-05,0.0,-1.0,0.1,0.0,0.0,0.0,3.4310851097106934,55859,nan,1.0114593505859375,55226.14425151236,52000,55368.361374296335,55416.92859260108,50,55279.57681088117,nan,nan,nan,0.033221952617168427
22.81010475900257,nav_to_wp,0,0.007451107259839773,-1.6364641189575195,1.7825865745544434,-0.014862659387290478,-0.31612810492515564,0.004742064047604799,0.004276509230743901,-1.6495217807953195,1.7998852319362,0.39860656935578126,55749,0.7073237297039903,0.00499988908476719,0.0024350642591819405,1.2616899912245572,-0.0036603050726995547,-0.29997765336342874,9.823108134350808e-05,0.0,-1.0,0.1,0.0,0.0,0.0,3.4310851097106934,55749,nan,1.0114823579788208,55116.13678700199,52000,55364.99837979908,55412.91803519309,50,55279.57681088117,nan,nan,nan,0.033221952617168427
22.82918231500662,nav_to_wp,0,0.007201203610748053,-1.641322374343872,1.7825225591659546,-0.0165734700858593,-0.31607526540756226,0.005922437645494938,0.004204843275881651,-1.6553951122632269,1.799887155225134,0.3981023400982842,55678,0.6940195276592132,0.0060527200974133805,0.0034767232383865476,1.2562500196509063,-0.0036603050726995547,-0.29997765336342874,9.823108134350808e-05,0.0,-1.0,0.1,0.0,0.0,0.0,3.4310851097106934,55678,nan,1.0079046487808228,55241.3366357115,52000,55363.34955654458,55410.63028320001,50,55279.57681088117,nan,nan,nan,0.033221952617168427
22.849026696989313,nav_to_wp,0,0.007018251810222864,-1.6462393999099731,1.7826250791549683,-0.01762893982231617,-0.3157810568809509,0.007156591862440109,0.004131402256087345,-1.6614139178930716,1.7998891261512306,0.3973639076769532,55575,0.6745358226109008,0.00732119140278236,0.0041246619129635675,0.9873519884422421,-0.0036603050726995547,-0.29997765336342874,9.823108134350808e-05,0.0,-1.0,0.1,0.0,0.0,0.0,3.4310851097106934,55575,nan,1.0051804780960083,55288.57872893532,52000,55362.35261217646,55409.00292914315,50,55279.57681088117,nan,nan,nan,0.033221952617168427
22.87133163199178,nav_to_wp,0,0.006718856748193502,-1.6534829139709473,1.7824780941009521,-0.018052635714411736,-0.3153635859489441,0.007773390039801598,0.004055132640292513,-1.6676645390611564,1.7998911729879516,0.3972403855126386,55558,0.671276662602601,0.0065338498113682725,0.004563943761110023,1.1215420090593398,-0.0036603050726995547,-0.29997765336342874,9.823108134350808e-05,0.0,-1.0,0.1,0.0,0.0,0.0,3.4310851097106934,55558,nan,1.0015318393707275,55473.02423745974,52000,55363.82823384691,55409.856546587376,50,55279.57681088117,nan,nan,nan,0.033221952617168427
22.888964143989142,nav_to_wp,0,0.006502335891127586,-1.6584645509719849,1.782504916191101,-0.01793069764971733,-0.31570500135421753,0.008210980333387852,0.003984883692034296,-1.673421740778282,1.799893058248883,0.3969922400706616,55523,0.6647292894633647,0.00714739712540098,0.0046527466123726935,0.9247229900211096,-0.0036603050726995547,-0.29997765336342874,9.823108134350808e-05,0.0,-1.0,0.1,0.0,0.0,0.0,3.4310851097106934,55523,nan,1.0021367073059082,55404.61655103436,52000,55364.37207807608,55409.78667998,50,55279.57681088117,nan,nan,nan,0.033221952617168427
22.910026744008064,nav_to_wp,0,0.006257273722440004,-1.6657623052597046,1.782492995262146,-0.017345627769827843,-0.3156459629535675,0.008557404391467571,0.003912086373427288,-1.6793877923431517,1.7998950119000634,0.396832773476173,55501,0.6605217276035091,0.00583764757341033,0.004533385048038241,0.9327919979114085,-0.0036603050726995547,-0.29997765336342874,9.823108134350808e-05,0.0,-1.0,0.1,0.0,0.0,0.0,3.436363697052002,55501,nan,1.0098718404769897,54958.458861260435,52000,55358.95990185187,55403.76897573041,50,55338.80783943799,nan,nan,nan,0.033221952617168427
22.92924425698584,nav_to_wp,0,0.005977422930300236,-1.6706801652908325,1.7824606895446777,-0.0164520014077425,-0.3161502778530121,0.008709218353033066,0.0038384698529191352,-1.6854209810069942,1.7998969875360475,0.39680146037190167,55496,0.6596955243245812,0.006708256210398308,0.0042912222661752875,1.1482170084491372,-0.0036603050726995547,-0.29997765336342874,9.823108134350808e-05,0.0,-1.0,0.1,0.0,0.0,0.0,3.436363697052002,55496,nan,1.0117515325546265,54851.41184800099,52000,55352.1925944672,55396.40421402736,50,55338.80783943799,nan,nan,nan,0.033221952617168427
22.948854771006154,nav_to_wp,0,0.005778924096375704,-1.6755781173706055,1.7825113534927368,-0.015780549496412277,-0.31644609570503235,0.009867412969470024,0.0037653615072143383,-1.6914125225725811,1.7998989495342175,0.39616387545627524,55407,0.6428727033317987,0.007673917320163325,0.004085754539353559,0.8815049950499088,-0.0036603050726995547,-0.29997765336342874,9.823108134350808e-05,0.0,-1.0,0.1,0.0,0.0,0.0,3.436363697052002,55407,nan,1.011782169342041,54761.78734799311,52000,55344.32052451421,55387.942655813575,50,55338.80783943799,nan,nan,nan,0.033221952617168427
22.969436184997903,nav_to_wp,0,0.005625589285045862,-1.6804348230361938,1.7824833393096924,-0.015395366586744785,-0.31669512391090393,0.01107837539166212,0.003692100420694802,-1.6974165819011051,1.7999009156314705,0.3955990651826521,55328,0.6279700575897635,0.008719131900943708,0.003977817556894303,1.3853889831807464,-0.0036603050726995547,-0.29997765336342874,9.823108134350808e-05,0.0,-1.0,0.1,0.0,0.0,0.0,3.436363697052002,55328,nan,1.0102275609970093,54767.85838766459,52000,55336.63436268955,55379.674865571586,50,55338.80783943799,nan,nan,nan,0.033221952617168427
22.989718462980818,nav_to_wp,0,0.005284430924803019,-1.6877963542938232,1.7825673818588257,-0.015412189066410065,-0.3160838186740875,0.012002677656710148,0.0036190917890215786,-1.7033999514753946,1.7999028749536292,0.3950312792752216,55249,0.612988899082362,0.007645629207333349,0.004263576925463974,1.7130970081780106,-0.0036603050726995547,-0.29997765336342874,9.823108134350808e-05,0.0,-1.0,0.1,0.0,0.0,0.0,3.436363697052002,55249,nan,1.0083199739456177,54793.12264717646,52000,55329.387539816045,55371.85416932632,50,55338.80783943799,nan,nan,nan,0.033221952617168427
23.00917513598688,nav_to_wp,0,0.004974637646228075,-1.69507896900177,1.7825390100479126,-0.01590239815413952,-0.3153582215309143,0.0122093940153718,0.00354583967383321,-1.709403275564965,1.7999048408101201,0.3949640810765982,55239,0.6112158595408488,0.006718734807962977,0.0047520941306387066,0.9842450090218335,-0.0036603050726995547,-0.29997765336342874,9.823108134350808e-05,0.0,-1.0,0.1,0.0,0.0,0.0,3.436363697052002,55239,nan,1.002385139465332,55107.56078194081,52000,55326.42984971104,55368.33025749451,50,55338.80783943799,nan,nan,nan,0.033221952617168427
23.029305461008335,nav_to_wp,0,0.004675643984228373,-1.7000254392623901,1.782606601715088,-0.016665365546941757,-0.31387344002723694,0.01211028266698122,0.003472044885523086,-1.7154510740375106,1.7999068212302516,0.3949384954667986,55236,0.6105407774880884,0.008586620767651706,0.005366867638459949,1.1431919992901385,-0.0036603050726995547,-0.29997765336342874,9.823108134350808e-05,0.0,-1.0,0.1,0.0,0.0,0.0,3.436363697052002,55236,nan,1.0096144676208496,54709.99254810928,52000,55318.210685689686,55359.55242136938,50,55338.80783943799,nan,nan,nan,0.033221952617168427
23.04928359799669,nav_to_wp,0,0.0044668735936284065,-1.7049096822738647,1.7826915979385376,-0.017793357372283936,-0.3122207820415497,0.012836710549890995,0.0033990671981511678,-1.7214319075939803,1.7999087797219626,0.39448047366548855,55172,0.5984557695379547,0.010546576475661096,0.006082690674106717,1.1435339984018356,-0.0036603050726995547,-0.29997765336342874,9.823108134350808e-05,0.0,-1.0,0.1,0.0,0.0,0.0,3.436363697052002,55172,nan,1.0050715208053589,54893.605935417356,52000,55312.54928901939,55353.339801556685,50,55338.80783943799,nan,nan,nan,0.033221952617168427
23.06902349498705,nav_to_wp,0,0.0042581153102219105,-1.7096593379974365,1.7826752662658691,-0.018989279866218567,-0.31110602617263794,0.012987608090043068,0.003325480263913931,-1.7274626715364008,1.7999107545639441,0.3944382470055584,55166,0.5973416096453388,0.01241233244976473,0.006826827461229756,0.814004015410319,-0.0036603050726995547,-0.29997765336342874,9.823108134350808e-05,0.0,-1.0,0.1,0.0,0.0,0.0,3.436363697052002,55166,nan,0.9990010857582092,55221.161204375276,52000,55311.33078122414,55351.57742026093,50,55338.80783943799,nan,nan,nan,0.033221952617168427
23.089111620007316,nav_to_wp,0,0.0038217538967728615,-1.7169407606124878,1.782781720161438,-0.02008085325360298,-0.309869647026062,0.011880324222147465,0.003252912702680053,-1.733409893502025,1.7999127020491588,0.39486041519385023,55225,0.6084806119749384,0.011673738470979855,0.007740972676604452,1.1557099933270365,-0.0036603050726995547,-0.29997765336342874,9.823108134350808e-05,0.0,-1.0,0.1,0.0,0.0,0.0,3.436363697052002,55225,nan,1.0073670148849487,54821.13190524433,52000,55304.79479621108,55344.50481339404,50,55338.80783943799,nan,nan,nan,0.033221952617168427
23.10921682600747,nav_to_wp,0,0.0034729100298136473,-1.7241555452346802,1.7828694581985474,-0.02091301791369915,-0.3082001805305481,0.01102572213858366,0.003179459958847851,-1.7394296599669112,1.7999146732898919,0.3951810578540058,55270,0.6169408404750865,0.011299616291654834,0.008434620019499794,0.8648319926578552,-0.0036603050726995547,-0.29997765336342874,9.823108134350808e-05,0.0,-1.0,0.1,0.0,0.0,0.0,3.4310851097106934,55270,nan,0.9975966215133667,55403.15475021829,52000,55306.106262264504,55345.2868125517,50,55279.57681088117,nan,nan,nan,0.033221952617168427
23.12909274100093,nav_to_wp,0,0.003133090678602457,-1.7289810180664062,1.782927393913269,-0.02125392109155655,-0.30607420206069946,0.00906372256577015,0.003106716274771361,-1.7453913159526462,1.7999166255016898,0.39610439242763634,55399,0.6413032302806414,0.013494375166336385,0.008856804860021938,1.128244010033086,-0.0036603050726995547,-0.29997765336342874,9.823108134350808e-05,0.0,-1.0,0.1,0.0,0.0,0.0,3.4310851097106934,55399,nan,0.9942673444747925,55718.41447660511,52000,55311.60370512238,55350.26184807241,50,55279.57681088117,nan,nan,nan,0.033221952617168427
23.149474640988046,nav_to_wp,0,0.0029026526026427746,-1.7337273359298706,1.7830191850662231,-0.021623272448778152,-0.3046070635318756,0.0076951985247433186,0.0030326375968545705,-1.7514623803924623,1.799918613540526,0.39668950373793166,55481,0.6567415234282752,0.015550309858434617,0.009187635956955154,1.2593870051205158,-0.0036603050726995547,-0.29997765336342874,9.823108134350808e-05,0.0,-1.0,0.1,0.0,0.0,0.0,3.4310851097106934,55481,nan,1.0000382661819458,55478.87703519722,52000,55313.83401619005,55351.97671723408,50,55279.57681088117,nan,nan,nan,0.033221952617168427
23.168511880998267,nav_to_wp,0,0.0024704281240701675,-1.7408579587936401,1.7830394506454468,-0.021959399804472923,-0.30369848012924194,0.006930321455001831,0.0029601280148257997,-1.7574048507142903,1.7999205594697611,0.39704652638364835,55531,0.666161646006552,0.01479696314686265,0.009711102476373634,0.6139179749879986,-0.0036603050726995547,-0.29997765336342874,9.823108134350808e-05,0.0,-1.0,0.1,0.0,0.0,0.0,3.4310851097106934,55531,nan,1.003204345703125,55353.627840476984,52000,55314.36460051387,55351.99873221065,50,55279.57681088117,nan,nan,nan,0.033221952617168427
23.188738094002474,nav_to_wp,0,0.002118525328114629,-1.7456756830215454,1.7830877304077148,-0.022448863834142685,-0.3026258647441864,0.007057737093418837,0.002887015251154531,-1.763396754351122,1.7999225215864953,0.39693774572027735,55515,0.6632914438067896,0.01652508192289244,0.010241351012490352,0.8320990018546581,-0.0036603050726995547,-0.29997765336342874,9.823108134350808e-05,0.0,-1.0,0.1,0.0,0.0,0.0,3.4310851097106934,55515,nan,1.0067468881607056,55142.956638708,52000,55312.079161023124,55349.21150429728,50,55279.57681088117,nan,nan,nan,0.033221952617168427
23.209239026007708,nav_to_wp,0,0.0017019138904288411,-1.7528855800628662,1.7831768989562988,-0.022877845913171768,-0.30156588554382324,0.0069083054549992085,0.0028143106554070936,-1.7693552068811371,1.7999244727492856,0.39690113291527424,55510,0.6623254067354658,0.015799479264828636,0.010805084606425153,0.9728039731271565,-0.0036603050726995547,-0.29997765336342874,9.823108134350808e-05,0.0,-1.0,0.1,0.0,0.0,0.0,3.4310851097106934,55510,nan,1.0065662860870361,55147.88322167204,52000,55309.889881831776,55346.52712719561,50,55279.57681088117,nan,nan,nan,0.033221952617168427
23.22864309398574,nav_to_wp,0,0.0013254882069304585,-1.7576663494110107,1.7831180095672607,-0.023292770609259605,-0.30112311244010925,0.007171797566115856,0.002740079954041172,-1.775438730292711,1.7999264648679532,0.39685785506379734,55504,0.6611835109181339,0.017337809968437548,0.011319986975273144,0.6295880011748523,-0.0036603050726995547,-0.29997765336342874,9.823108134350808e-05,0.0,-1.0,0.1,0.0,0.0,0.0,3.4310851097106934,55504,nan,1.0080476999282837,55060.886507601535,52000,55306.56983684204,55342.71858560102,50,55279.57681088117,nan,nan,nan,0.033221952617168427
23.24920987500809,nav_to_wp,0,0.0010674326913431287,-1.7624006271362305,1.7831708192825317,-0.023392779752612114,-0.30054834485054016,0.007275067735463381,0.0026672344987535533,-1.781408726864405,1.7999284198109706,0.39675478506746203,55490,0.658463985948865,0.018878277455202628,0.011560081905702901,1.148907991591841,-0.0036603050726995547,-0.29997765336342874,9.823108134350808e-05,0.0,-1.0,0.1,0.0,0.0,0.0,3.4310851097106934,55490,nan,1.007167100906372,55095.12766060698,52000,55303.750607825576,55339.41737326777,50,55279.57681088117,nan,nan,nan,0.033221952617168427
23.268788062006934,nav_to_wp,0,0.0006663735257461667,-1.7695749998092651,1.7831895351409912,-0.02308455854654312,-0.3008633255958557,0.007405099458992481,0.0025943015439312996,-1.7873858943971386,1.7999303771022006,0.39665979234635174,55477,0.6559575816979333,0.017516414507435282,0.011738343331338719,0.8754630107432604,-0.0036603050726995547,-0.29997765336342874,9.823108134350808e-05,0.0,-1.0,0.1,0.0,0.0,0.0,3.4310851097106934,55477,nan,0.9961612820625305,55690.781200747,52000,55308.911015731195,55344.10222430082,50,55279.57681088117,nan,nan,nan,0.033221952617168427
23.290016627986915,nav_to_wp,0,0.0003626395482569933,-1.7744500637054443,1.7832578420639038,-0.022405127063393593,-0.3012086749076843,0.007444895803928375,0.0025208914536307865,-1.7934021652227023,1.7999323471982467,0.39656346087977506,55463,0.6534158543476263,0.018497797899487325,0.01163084753269894,1.9174969929736108,-0.0036603050726995547,-0.29997765336342874,9.823108134350808e-05,0.0,-1.0,0.1,0.0,0.0,0.0,3.4310851097106934,55463,nan,1.00690495967865,55082.65647802631,52000,55305.8942885618,55340.616281017166,50,55279.57681088117,nan,nan,nan,0.033221952617168427
23.30934601899935,nav_to_wp,0,0.00013641401892527938,-1.7792961597442627,1.7832773923873901,-0.021183058619499207,-0.30185970664024353,0.007621974218636751,0.0024477572552798997,-1.7993958255231906,1.7999343098902205,0.39645709450049277,55448,0.650609353575005,0.01933225923619271,0.011171902836747627,1.2751730100717396,-0.0036603050726995547,-0.29997765336342874,9.823108134350808e-05,0.0,-1.0,0.1,0.0,0.0,0.0,3.4310851097106934,55448,nan,0.9951094388961792,55720.504532150204,52000,55311.422425142984,55345.68145769894,50,55279.57681088117,nan,nan,nan,0.033221952617168427
23.32911297600367,nav_to_wp,0,-0.00021198294416535646,-1.786506175994873,1.7832491397857666,-0.01972559466958046,-0.30316266417503357,0.006158387754112482,0.0023741019428060936,-1.8054321933545054,1.7999362865672588,0.39721108571836755,55554,0.670503580959565,0.017457099416159264,0.010693490133077521,1.0420239996165037,-0.0036603050726995547,-0.29997765336342874,9.823108134350808e-05,0.0,-1.0,0.1,0.0,0.0,0.0,3.4310851097106934,55554,nan,1.0036993026733398,55349.246384881066,52000,55311.926744606164,55345.728990061376,50,55279.57681088117,nan,nan,nan,0.033221952617168427
23.349295388004975,nav_to_wp,0,-0.0003802801657002419,-1.7913495302200317,1.7832926511764526,-0.0178962592035532,-0.3040975034236908,0.005014411173760891,0.002301088109859413,-1.8114159891953971,1.7999382460290034,0.39773244419188486,55627,0.6842597412106812,0.01811106254041137,0.009855372995897005,1.1816380138043314,-0.0036603050726995547,-0.29997765336342874,9.823108134350808e-05,0.0,-1.0,0.1,0.0,0.0,0.0,3.4310851097106934,55627,nan,0.9967960119247437,55805.801121322846,52000,55318.511736295724,55351.863285144864,50,55279.57681088117,nan,nan,nan,0.033221952617168427
23.36896826699376,nav_to_wp,0,-0.0006285050185397267,-1.7986384630203247,1.7832019329071045,-0.01574147865176201,-0.30561161041259766,0.0027534877881407738,0.002228293942803331,-1.8173817824771916,1.7999401995956061,0.3989609463064517,55798,0.7166740450251083,0.015969133569918893,0.008920676413130657,1.0149709996767342,-0.0036603050726995547,-0.29997765336342874,9.823108134350808e-05,0.0,-1.0,0.1,0.0,0.0,0.0,3.4310851097106934,55798,nan,1.0011389255523682,55734.52252814366,52000,55324.058546853696,55356.96540838484,50,55279.57681088117,nan,nan,nan,0.033221952617168427
23.38873020999017,nav_to_wp,0,-0.0007441913476213813,-1.80354642868042,1.7832247018814087,-0.013485768809914589,-0.30670517683029175,0.002105856081470847,0.002155143723251849,-1.8233767557835805,1.7999421627175383,0.3992585776969367,55840,0.7245271160141584,0.016498397496321794,0.00782665383599146,0.8441349782515317,-0.0036603050726995547,-0.29997765336342874,9.823108134350808e-05,0.0,-1.0,0.1,0.0,0.0,0.0,3.4310851097106934,55840,nan,1.0010768175125122,55779.93518894175,52000,55330.13690208153,55362.605005458936,50,55279.57681088117,nan,nan,nan,0.033221952617168427
23.414775733981514,nav_to_wp,0,-0.0009492031531408429,-1.810890793800354,1.7832127809524536,-0.011055152863264084,-0.30772069096565247,0.0016014028806239367,0.002081262676149165,-1.8294316235330463,1.7999441454525846,0.39951377716303527,55876,0.7312606111618791,0.014688025364523075,0.006736128754073034,1.2075600097887218,-0.0036603050726995547,-0.29997765336342874,9.823108134350808e-05,0.0,-1.0,0.1,0.0,0.0,0.0,3.4310851097106934,55876,nan,1.0046460628509521,55617.59714803131,52000,55333.96970536086,55366.00490069323,50,55279.57681088117,nan,nan,nan,0.033221952617168427
23.429590832995018,nav_to_wp,0,-0.001034121378324926,-1.8157869577407837,1.7831945419311523,-0.008816439658403397,-0.30913689732551575,0.0018247251864522696,0.0020079655795596264,-1.835438634040798,1.7999461125162348,0.39942704436566845,55864,0.7289721468514081,0.015094486589111646,0.005628245760390893,1.3407410006038845,-0.0036603050726995547,-0.29997765336342874,9.823108134350808e-05,0.0,-1.0,0.1,0.0,0.0,0.0,3.4310851097106934,55864,nan,1.016342282295227,54965.734451036675,52000,55329.05990196988,55360.66796136448,50,55279.57681088117,nan,nan,nan,0.033221952617168427
23.448915026005125,nav_to_wp,0,-0.0011198854772374034,-1.8207799196243286,1.7834221124649048,-0.0068158735521137714,-0.31008294224739075,0.004024754278361797,0.001935288505659584,-1.8413948310377266,1.7999480629404252,0.39804616854093555,55670,0.6925374285207262,0.015639462245749327,0.004655716171544144,0.9394859953317791,-0.0036603050726995547,-0.29997765336342874,9.823108134350808e-05,0.0,-1.0,0.1,0.0,0.0,0.0,3.4310851097106934,55670,nan,1.0144226551055908,54878.50623190719,52000,55323.05251970238,55354.239138305056,50,55279.57681088117,nan,nan,nan,0.033221952617168427
23.470551698002964,nav_to_wp,0,-0.0012497151037678123,-1.828136920928955,1.783555269241333,-0.0053047901019454,-0.31148606538772583,0.007109407801181078,0.0018586438367685296,-1.847676189410896,1.7999501198423924,0.3963284532816143,55430,0.6472151261639638,0.01391332425723987,0.003967024554640153,1.642589020775631,-0.0036603050726995547,-0.29997765336342874,9.823108134350808e-05,0.0,-1.0,0.1,0.0,0.0,0.0,3.4310851097106934,55430,nan,1.0208699703216553,54296.82683538545,52000,55313.05251970238,55344.239138305056,50,55279.57681088117,nan,nan,nan,0.033221952617168427
23.488970062986482,nav_to_wp,0,-0.0013222905108705163,-1.83307683467865,1.7837510108947754,-0.0048193917609751225,-0.31214800477027893,0.011363623663783073,0.0017888773286023688,-1.8533938530994065,1.7999519921561484,0.39395165873129473,55098,0.5845028688995964,0.012723677561282277,0.0037684575557284106,0.9327309962827712,-0.003618794484443815,-0.2965756831430863,9.711706765050213e-05,0.0,-1.0,0.1,0.0,0.0,0.0,3.4310851097106934,55098,nan,1.0252059698104858,53743.346822478146,52000,55303.05251970238,55334.239138305056,50,55279.57681088117,nan,nan,nan,0.033221952617168427
23.509617384988815,nav_to_wp,0,-0.001441257307305932,-1.8404591083526611,1.784152626991272,-0.005291244946420193,-0.31172025203704834,0.01580638252198696,0.00171701957992184,-1.8592829028908946,1.7999539205922257,0.3912122161285018,54715,0.5122220614380417,0.008428010262792447,0.004121780293471877,1.5287169953808188,-0.003545367534773333,-0.2905580306200575,9.514651915177627e-05,0.0,-1.0,0.1,0.0,0.0,0.0,3.4152493476867676,54715,nan,1.0253716707229614,53361.13875802903,52000,55293.05251970238,55324.239138305056,50,55101.8837252107,nan,nan,nan,0.033221952617168427
23.52913831998012,nav_to_wp,0,-0.0015585003420710564,-1.8454221487045288,1.784523606300354,-0.006483905948698521,-0.3112648129463196,0.020656190812587738,0.0016465939256414958,-1.865054586422186,1.7999558105953912,0.38832041504733544,54310,0.43592124135449595,0.006457112842097088,0.00485281412389349,0.9438630077056587,-0.0034718974923525162,-0.28453684646186006,9.3174814179101e-05,0.0,-1.0,0.1,0.0,0.0,0.0,3.4152493476867676,54310,nan,1.02852463722229,52803.791017270734,52000,55283.05251970238,55314.239138305056,50,55101.8837252107,nan,nan,nan,0.033221952617168427
23.548694611992687,nav_to_wp,0,-0.0016809678636491299,-1.8503339290618896,1.7849791049957275,-0.008156581781804562,-0.3109031021595001,0.026019521057605743,0.0015783719965874882,-1.8706456652473324,1.7999576414574994,0.385068204651641,53855,0.3501109406765419,0.0043112071542416395,0.005856683707298416,0.6917220016475767,-0.00339921256343763,-0.2785800057128745,9.122417918478357e-05,0.0,-1.0,0.1,0.0,0.0,0.0,3.4152493476867676,53855,nan,1.018129825592041,52896.00466098063,52000,55273.05251970238,55304.239138305056,50,55101.8837252107,nan,nan,nan,0.033221952617168427
23.569997671002056,nav_to_wp,0,-0.0019719600677490234,-1.8576538562774658,1.7855981588363647,-0.009746833704411983,-0.310184121131897,0.030303480103611946,0.0015088358167053804,-1.8763444525480062,1.7999595075899684,0.38215292782014865,53448,0.273190707655635,-0.00022428764913692286,0.007005071536228646,1.27942900871858,-0.0033234919568903695,-0.2723743782003704,8.919207614599562e-05,0.0,-1.0,0.1,0.0,0.0,0.0,3.4152493476867676,53448,nan,1.0144189596176147,52688.28967880019,52000,55263.05251970238,55294.239138305056,50,55101.8837252107,nan,nan,nan,0.033221952617168427
23.588716978993034,nav_to_wp,0,-0.0021623175125569105,-1.8624632358551025,1.7859585285186768,-0.011158931069076061,-0.30916261672973633,0.032360829412937164,0.001445654157418725,-1.8815224597118847,1.799961203187081,0.38067862748992065,53241,0.2342909627947396,-0.002329356450160834,0.007944691002941928,0.8018840162549168,-0.0032531631516937373,-0.2666106318656476,8.730467210539008e-05,0.0,-1.0,0.1,0.0,0.0,0.0,3.4152493476867676,53241,nan,1.0072736740112305,52856.5387676422,52000,55253.05251970238,55284.239138305056,50,55101.8837252107,nan,nan,nan,0.033221952617168427
23.609031200001482,nav_to_wp,0,-0.0023558519314974546,-1.867409586906433,1.786460041999817,-0.012224957346916199,-0.30817878246307373,0.03269790858030319,0.0013811514306618887,-1.8868087340042585,1.7999629342374917,0.3798897589512607,53131,0.21347648947917364,-0.004625528303749003,0.008696950795761271,0.9990690159611404,-0.0031797596097245975,-0.2605948977038427,8.533475179578205e-05,0.0,-1.0,0.1,0.0,0.0,0.0,3.4152493476867676,53131,nan,0.9968549609184265,53298.62626259003,52000,55243.05251970238,55274.239138305056,50,55101.8837252107,nan,nan,nan,0.033221952617168427
23.629440169985173,nav_to_wp,0,-0.002674272283911705,-1.8746720552444458,1.7870659828186035,-0.013153385370969772,-0.30769747495651245,0.03221818804740906,0.0013178227863053851,-1.8919987872231672,1.7999646337792214,0.3793900687029966,53061,0.20029205021099017,-0.00974972815663741,0.009505700641404324,1.1877079959958792,-0.0031060049676820095,-0.2545503893896005,8.335540906394701e-05,0.0,-1.0,0.1,0.0,0.0,0.0,3.4152493476867676,53061,nan,0.9915335178375244,53514.0759696383,52000,55233.05251970238,55264.239138305056,50,55101.8837252107,nan,nan,nan,0.033221952617168427
23.649537068005884,nav_to_wp,0,-0.0028959489427506924,-1.8795758485794067,1.7875829935073853,-0.013943493366241455,-0.30681344866752625,0.03008868731558323,0.0012566313689652726,-1.897013685548604,1.799966275964497,0.37982265615303107,53122,0.21170596709844425,-0.012305362407945034,0.010118377832224468,1.3656179944518954,-0.003033036160132936,-0.2485702835725859,8.139715565951003e-05,0.0,-1.0,0.1,0.0,0.0,0.0,3.4152493476867676,53122,nan,0.9882802963256836,53751.95700804893,52000,55223.05251970238,55254.239138305056,50,55101.8837252107,nan,nan,nan,0.033221952617168427
23.669130916998256,nav_to_wp,0,-0.003294341964647174,-1.886763572692871,1.7880624532699585,-0.014561353251338005,-0.30650460720062256,0.027345094829797745,0.0011967194121160138,-1.901923726615426,1.7999678838130753,0.38062959102569405,53235,0.2329971246884952,-0.017663151027278688,0.01081577843339021,1.0230350017081946,-0.0029598507174404183,-0.24257242357916364,7.94330884488534e-05,0.0,-1.0,0.1,0.0,0.0,0.0,3.4152493476867676,53235,nan,0.9948440790176392,53510.897961585106,52000,55213.05251970238,55244.239138305056,50,55101.8837252107,nan,nan,nan,0.033221952617168427
23.689349780004704,nav_to_wp,0,-0.003539197612553835,-1.8916679620742798,1.7884982824325562,-0.01509117428213358,-0.3056209683418274,0.02663436159491539,0.001138091097827136,-1.9067285676851515,1.7999694572127223,0.38046369200687047,53211,0.22861984186993212,-0.020474535063173,0.01133342089366085,1.1393919994588941,-0.002886437464616501,-0.23655589357128295,7.74629075304309e-05,0.0,-1.0,0.1,0.0,0.0,0.0,3.4152493476867676,53211,nan,0.9843594431877136,54056.47334238339,52000,55203.05251970238,55234.239138305056,50,55101.8837252107,nan,nan,nan,0.033221952617168427
23.709552801999962,nav_to_wp,0,-0.003786994144320488,-1.896410584449768,1.7886980772018433,-0.015355868265032768,-0.30364808440208435,0.02463459223508835,0.0010808195630824455,-1.9114222148691997,1.7999709942006719,0.38123409539061665,53319,0.24894710793183705,-0.0226130925779804,0.011687899616793729,1.2245939869899303,-0.002812873736740988,-0.2305270314894437,7.548868833466816e-05,0.0,-1.0,0.1,0.0,0.0,0.0,3.4521994590759277,53319,nan,0.9908591508865356,53810.87710831024,52000,55193.05251970238,55224.239138305056,50,55516.50092510846,nan,nan,nan,0.033221952617168427
23.728583761985647,nav_to_wp,0,-0.004121881444007158,-1.9035605192184448,1.7890013456344604,-0.015355500392615795,-0.3021751046180725,0.021666394546628,0.0010260890206829666,-1.915907616864448,1.7999724629963747,0.38239014715590613,53481,0.27944979303182294,-0.02765602126898942,0.011983185450535672,0.7327100029215217,-0.0027407294092803786,-0.2246144953414239,7.355256138390852e-05,0.0,-1.0,0.1,0.0,0.0,0.0,3.4521994590759277,53481,nan,0.9708573222160339,55086.364161035264,52000,55191.63000825349,55222.400805274796,50,55516.50092510846,nan,nan,nan,0.033221952617168427
23.749514205992455,nav_to_wp,0,-0.004309911280870438,-1.908294916152954,1.7891199588775635,-0.014916921965777874,-0.2997061312198639,0.01567715033888817,0.0009717565733463746,-1.9203603932669082,1.7999739211084578,0.3852593307575572,53882,0.35515384584583565,-0.02959079863654146,0.01184324885241761,1.417493011103943,-0.00266718035192556,-0.21858683557149144,7.157873589880187e-05,0.0,-1.0,0.1,0.0,0.0,0.0,3.4521994590759277,53882,nan,0.9722824096679688,55418.05494393396,52000,55194.64900739589,55225.009527123584,50,55516.50092510846,nan,nan,nan,0.033221952617168427
23.769173929991666,nav_to_wp,0,-0.004702845588326454,-1.9153496026992798,1.789061188697815,-0.014067493379116058,-0.2973182499408722,0.009912685491144657,0.0009182037906203706,-1.9247492728204316,1.7999753582967937,0.38827147680460145,54303,0.4346299948443644,-0.03402658993337859,0.011701845849146908,0.8665579953230917,-0.00259264575003208,-0.21247840621210654,6.957846149650879e-05,0.0,-1.0,0.1,0.0,0.0,0.0,3.4521994590759277,54303,nan,0.9748548865318298,55703.675234362134,52000,55201.43602375544,55231.391736553436,50,55516.50092510846,nan,nan,nan,0.033221952617168427
23.78878717200132,nav_to_wp,0,-0.00488241296261549,-1.9199860095977783,1.7890172004699707,-0.012875334359705448,-0.29425206780433655,0.004488628823310137,0.0008680649620176895,-1.9288583642343695,1.7999767038653331,0.39106238299988816,54694,0.5082686807358332,-0.035764569169691236,0.011177694565204233,0.8435920171905309,-0.00252086595593899,-0.20659574513241824,6.765211747535912e-05,0.0,-1.0,0.1,0.0,0.0,0.0,3.4521994590759277,54694,nan,0.9748416543006897,56105.52212116456,52000,55211.43602375544,55241.391736553436,50,55516.50092510846,nan,nan,nan,0.033221952617168427
23.80964541598223,nav_to_wp,0,-0.005061471834778786,-1.9245890378952026,1.7888957262039185,-0.0113966790959239,-0.2912462055683136,-0.0011917342199012637,0.0008182582702523124,-1.9329402356141654,1.799978040520364,0.39408011112215674,55116,0.5878921140410736,-0.03754767984857612,0.010510067230466769,1.5077859861776233,-0.002447478252153799,-0.20058130897751716,6.568262221281817e-05,0.0,-1.0,0.1,0.0,0.0,0.0,3.4521994590759277,55116,nan,0.9892926216125488,55712.535195259836,52000,55218.11734604216,55247.67364933619,50,55516.50092510846,nan,nan,nan,0.033221952617168427
23.828853176004486,nav_to_wp,0,-0.005345614161342382,-1.9313679933547974,1.788537621498108,-0.009779042564332485,-0.28757181763648987,-0.004939578473567963,0.0007702320732280062,-1.9368761878359555,1.7999793293925135,0.3964611833806805,55449,0.6507172395957905,-0.04135430742258673,0.009905882309227954,0.9220089996233582,-0.0023745670615050495,-0.19460592511187272,6.372591506485712e-05,0.0,-1.0,0.1,0.0,0.0,0.0,3.4521994590759277,55449,nan,0.9820595383644104,56461.95351083152,52000,55228.11734604216,55257.67364933619,50,55516.50092510846,nan,nan,nan,0.033221952617168427
23.84949430898996,nav_to_wp,0,-0.005503596272319555,-1.935823678970337,1.7881971597671509,-0.008198677562177181,-0.28331348299980164,-0.008798551745712757,0.0007228786507196064,-1.940757003309164,1.79998060020951,0.39883711554073936,55781,0.7134067424997177,-0.04259744322283379,0.009202488898428118,1.07567198574543,-0.0023004157851028565,-0.18852891091572332,6.17359279136996e-05,0.0,-1.0,0.1,0.0,0.0,0.0,3.4521994590759277,55781,nan,0.9734545946121216,57302.107677889435,52000,55238.11734604216,55267.67364933619,50,55516.50092510846,nan,nan,nan,0.033221952617168427
23.868581141985487,nav_to_wp,0,-0.005602144170552492,-1.942488431930542,1.7877488136291504,-0.006774021778255701,-0.2791893780231476,-0.014356250874698162,0.0006781665052130216,-1.944421354837114,1.7999818001429349,0.4022404890566177,56257,0.8032055160057432,-0.04611889922765823,0.008505714014125587,0.694959016982466,-0.002228136575332018,-0.1826053205855796,5.97961811457595e-05,0.0,-1.0,0.1,0.0,0.0,0.0,3.4521994590759277,56257,nan,0.9837533235549927,57186.0838006665,52000,55248.11734604216,55277.67364933619,50,55516.50092510846,nan,nan,nan,0.033221952617168427
23.889219714998035,nav_to_wp,0,-0.005730619188398123,-1.9468098878860474,1.7873249053955078,-0.005394647363573313,-0.27423739433288574,-0.018291210755705833,0.0006342125851697238,-1.9480235665459287,1.799982979727972,0.40475700303250395,56609,0.8696043016491792,-0.04707000168917836,0.007891033588212082,1.1943620047532022,-0.0021547211154423866,-0.1765886096992255,5.782594099663153e-05,0.0,-1.0,0.1,0.0,0.0,0.0,3.4521994590759277,56609,nan,0.9912630319595337,57107.950336950475,52000,55258.11734604216,55287.67364933619,50,55516.50092510846,nan,nan,nan,0.033221952617168427
23.911308551992988,nav_to_wp,0,-0.005820732098072767,-1.953189730644226,1.7867599725723267,-0.004038166254758835,-0.26933297514915466,-0.02116260677576065,0.0005918130922952999,-1.9514983863010176,1.7999841175970706,0.4069621140758555,56917,0.9277866510779802,-0.05021479155158878,0.00726452729701732,1.6127389972098172,-0.0020814497177777335,-0.17058370532826533,5.585956702473724e-05,0.0,-1.0,0.1,0.0,0.0,0.0,3.420527935028076,56917,nan,0.9937981963157654,57272.19088443126,52000,55268.11734604216,55297.67364933619,50,55161.11475376752,nan,nan,nan,0.033221952617168427
23.929016201000195,nav_to_wp,0,-0.005840005353093147,-1.9572970867156982,1.7862967252731323,-0.0024947249330580235,-0.26339617371559143,-0.022500287741422653,0.0005510188411979866,-1.9548416496279364,1.799985212386526,0.408222610666433,57094,0.9610451363174928,-0.05083227795201975,0.0065005884844249184,0.9825500019360334,-0.00200843076036493,-0.16459948951546088,5.38999677556126e-05,0.0,-1.0,0.1,0.0,0.0,0.0,3.420527935028076,57094,nan,1.0063375234603882,56734.44412931836,52000,55278.11734604216,55307.67364933619,50,55161.11475376752,nan,nan,nan,0.033221952617168427
23.949667607987067,nav_to_wp,0,-0.005811138078570366,-1.9612945318222046,1.7859159708023071,-0.0005045344005338848,-0.2563474178314209,-0.021574851125478745,0.0005111141143520279,-1.9581120126385612,1.7999862833039473,0.4082385626262094,57096,0.9614660323538082,-0.05106424627815974,0.005494217002441459,1.3060620112810284,-0.0019343389493525042,-0.15852734876229627,5.191157646857661e-05,0.0,-1.0,0.1,0.0,0.0,0.0,3.420527935028076,57096,nan,1.0138453245162964,56316.28278923157,52000,55288.11734604216,55317.67364933619,50,55161.11475376752,nan,nan,nan,0.033221952617168427
23.969220628001494,nav_to_wp,0,-0.0057749380357563496,-1.9671895503997803,1.7853529453277588,0.002042809035629034,-0.24897001683712006,-0.019121939316391945,0.00047342980362196155,-1.9612004030532668,1.79998729463238,0.4077580251643824,57029,0.9487869436512497,-0.05318301559073943,0.00421440509502613,1.0387029906269163,-0.0018616645840562268,-0.1525713737470292,4.996122496857408e-05,0.0,-1.0,0.1,0.0,0.0,0.0,3.420527935028076,57029,nan,1.0199247598648071,55914.908867943646,52000,55296.47456633419,55325.63678558429,50,55161.11475376752,nan,nan,nan,0.033221952617168427
23.988824214000488,nav_to_wp,0,-0.005691753700375557,-1.9710274934768677,1.7850775718688965,0.004997975658625364,-0.24075967073440552,-0.015291275456547737,0.00043706747032089613,-1.9641804517644599,1.7999882704830945,0.40618171519469715,56808,0.9071956515751207,-0.05313375434892556,0.0026938339979520887,0.8376319892704487,-0.0017887427309300505,-0.1465951160457634,4.800423167323825e-05,0.0,-1.0,0.1,0.0,0.0,0.0,3.420527935028076,56808,nan,1.0223945379257202,55563.67712532445,52000,55300.03726712073,55328.81065678083,50,55161.11475376752,nan,nan,nan,0.033221952617168427
24.01011587798712,nav_to_wp,0,-0.005481765605509281,-1.9765740633010864,1.7847574949264526,0.008088893257081509,-0.23270392417907715,-0.011590889655053616,0.00040096910090143753,-1.96713886750676,1.7999892392498482,0.4047683536769512,56611,0.8699037909485785,-0.05495463019890893,0.0009700825153244885,0.8762630168348551,-0.0017132829503764529,-0.14041086433881678,4.597912838416817e-05,0.0,-1.0,0.1,0.0,0.0,0.0,3.420527935028076,56611,nan,1.0217914581298828,55403.673175748954,52000,55301.41907923578,55329.808823700405,50,55161.11475376752,nan,nan,nan,0.033221952617168427
24.029418830992654,nav_to_wp,0,-0.0052927699871361256,-1.9800535440444946,1.7845458984375,0.01123637706041336,-0.22408831119537354,-0.0070922584272921085,0.0003683606154562154,-1.969811272333492,1.799990114359087,0.4027737542179303,56332,0.8172758368847042,-0.054644689964958,-0.00077276942729676,1.3326869811862707,-0.0016421402067650125,-0.13458041227033488,4.4069880795266625e-05,0.0,-1.0,0.1,0.0,0.0,0.0,3.420527935028076,56332,nan,1.0262572765350342,54890.71920658577,52000,55295.94308093378,55323.95429547221,50,55161.11475376752,nan,nan,nan,0.033221952617168427
24.04945702999248,nav_to_wp,0,-0.005085144191980362,-1.983526349067688,1.7844297885894775,0.017226198688149452,-0.20672830939292908,0.0037108759861439466,0.00033586128437363555,-1.9724747314934257,1.799990986538966,0.39742612411811973,55584,0.6761774173646344,-0.05050925062087169,-0.004001868901237771,1.0933830053545535,-0.0015680272720308224,-0.1285065403378398,4.208092261394459e-05,0.0,-1.0,0.1,0.0,0.0,0.0,3.420527935028076,55584,nan,1.033172369003296,53799.348170356156,52000,55285.94308093378,55313.95429547221,50,55161.11475376752,nan,nan,nan,0.033221952617168427
24.068961977987783,nav_to_wp,0,-0.004722568206489086,-1.9885175228118896,1.784408688545227,0.017226198688149452,-0.20672830939292908,0.0037108759861439466,0.0003058132426552,-1.9749372970074566,1.7999917929339444,0.3975695748003804,55604,0.6799623957883991,-0.05600256818571085,-0.004359340144198143,0.8093539800029248,-0.001496241800906215,-0.12262341400114181,4.0154426239115735e-05,0.0,-1.0,0.1,0.0,0.0,0.0,3.420527935028076,55604,nan,1.0276868343353271,54105.97678422413,52000,55275.94308093378,55303.95429547221,50,55161.11475376752,nan,nan,nan,0.033221952617168427
24.088557559996843,nav_to_wp,0,-0.0044924248941242695,-1.9917280673980713,1.7844306230545044,0.019879018887877464,-0.19852539896965027,0.007789173163473606,0.00027669139484727545,-1.9773239569698149,1.79999257447279,0.39550307864353623,55315,0.6254374312278674,-0.05600697752239937,-0.005948916434807661,0.7423569913953543,-0.0014232181253285077,-0.11663881151454712,3.819470034927746e-05,0.0,-1.0,0.1,0.0,0.0,0.0,3.420527935028076,55315,nan,1.0256849527359009,53929.815244391924,52000,55265.94308093378,55293.95429547221,50,55161.11475376752,nan,nan,nan,0.033221952617168427
24.109283035999397,nav_to_wp,0,-0.0040790303610265255,-1.9962736368179321,1.784523367881775,0.022313136607408524,-0.1905554085969925,0.011993075720965862,0.00024894944492890453,-1.9795975283992315,1.799993318979514,0.393322430375845,55010,0.5679005376212398,-0.057630344209113046,-0.007631046364457328,1.0170120222028345,-0.0013499858637178515,-0.11063711451057048,3.622937666604142e-05,0.0,-1.0,0.1,0.0,0.0,0.0,3.420527935028076,55010,nan,1.0198569297790527,53938.93829001844,52000,55255.94308093378,55283.95429547221,50,55161.11475376752,nan,nan,nan,0.033221952617168427
24.1293186910043,nav_to_wp,0,-0.0037884972989559174,-1.9992343187332153,1.784716010093689,0.024149935692548752,-0.1824401617050171,0.01514144241809845,0.00022260847181211976,-1.9817562837887255,1.7999940258884253,0.3915086805381143,54756,0.520044341375046,-0.057645127931381844,-0.008891002359824984,0.9170570119749755,-0.0012765695583083546,-0.10462033433024769,3.4259113825818297e-05,0.0,-1.0,0.1,0.0,0.0,0.0,3.420527935028076,54756,nan,1.0188826322555542,53741.22422597759,52000,55245.94308093378,55273.95429547221,50,55161.11475376752,nan,nan,nan,0.033221952617168427
24.148607979004737,nav_to_wp,0,-0.003485237481072545,-2.002049207687378,1.7849262952804565,0.025542214512825012,-0.17422950267791748,0.018465910106897354,0.00019775961551846133,-1.983792753823787,1.7999946927536115,0.3895830475143581,54487,0.4692360821730368,-0.05760084325655496,-0.009948971317889077,0.7012750138528645,-0.001203212802339925,-0.09860843448127314,3.229044910538936e-05,0.0,-1.0,0.1,0.0,0.0,0.0,3.420527935028076,54487,nan,1.0221267938613892,53307.47645716153,52000,55235.94308093378,55263.95429547221,50,55161.11475376752,nan,nan,nan,0.033221952617168427
24.168824221007526,nav_to_wp,0,-0.003019192488864064,-2.0060062408447266,1.7851982116699219,0.026264438405632973,-0.16510799527168274,0.021490653976798058,0.00017427676661944252,-1.9857172737113657,1.7999953229594534,0.3877485703872363,54230,0.420832991747659,-0.05838215196556981,-0.01083559356575492,0.7055879977997392,-0.0011295185991481752,-0.09256887938931338,3.0312728362310752e-05,0.0,-1.0,0.1,0.0,0.0,0.0,3.420527935028076,54230,nan,1.0067402124404907,53866.9254787571,52000,55225.94308093378,55253.95429547221,50,55161.11475376752,nan,nan,nan,0.033221952617168427
24.189271248993464,nav_to_wp,0,-0.0027182595804333687,-2.0085508823394775,1.785439133644104,0.026726413518190384,-0.1553298681974411,0.022247465327382088,0.00015213587317345137,-1.9875318146109306,1.7999959171514297,0.38704635531515924,54132,0.40230488958203736,-0.05733004331248072,-0.011389556674379353,0.8795099856797606,-0.0010553328463725246,-0.08648903970692692,2.8321815973672133e-05,0.0,-1.0,0.1,0.0,0.0,0.0,3.420527935028076,54132,nan,0.9954736828804016,54378.13267284891,52000,55215.94308093378,55243.95429547221,50,55161.11475376752,nan,nan,nan,0.033221952617168427
24.20983846799936,nav_to_wp,0,-0.00224141962826252,-2.0121009349823,1.7858072519302368,0.027035333216190338,-0.14605523645877838,0.02167062647640705,0.00013154532445423806,-1.9892192981303576,1.7999964697370274,0.38688342873491555,54109,0.3980060352220445,-0.05762187553636891,-0.012030128185281264,1.008941006148234,-0.0009813215766401537,-0.08042349965608353,2.6335586161397247e-05,0.0,-1.0,0.1,0.0,0.0,0.0,3.420527935028076,54109,nan,0.9977102875709534,54233.17838260937,52000,55205.94308093378,55233.95429547221,50,55161.11475376752,nan,nan,nan,0.033221952617168427
24.228785935993074,nav_to_wp,0,-0.001912637846544385,-2.01432466506958,1.7861130237579346,0.026920290663838387,-0.13563963770866394,0.02008792944252491,0.00011319700549228609,-1.9907230213326728,1.7999969621482272,0.38725695350412104,54161,0.4078615700295778,-0.055933635378389,-0.012281009936075282,0.8244230120908469,-0.0009103137628508308,-0.07460410566352799,2.442995966474589e-05,0.0,-1.0,0.1,0.0,0.0,0.0,3.420527935028076,54161,nan,1.0040075778961182,53944.81196396297,52000,55195.94308093378,55223.95429547221,50,55161.11475376752,nan,nan,nan,0.033221952617168427
24.24949511900195,nav_to_wp,0,-0.0015950072556734085,-2.016364097595215,1.7862826585769653,0.026698481291532516,-0.11502299457788467,0.019138509407639503,9.552833122355303e-05,-1.9921710447459966,1.7999974363199,0.38737959417587053,54179,0.41109747165885224,-0.049006006227563056,-0.012470606856920474,1.255994982784614,-0.0008362569406158636,-0.06853483239029949,2.244250736650356e-05,0.0,-1.0,0.1,0.0,0.0,0.0,3.420527935028076,54179,nan,1.001672625541687,54088.53014297056,52000,55185.94308093378,55213.95429547221,50,55161.11475376752,nan,nan,nan,0.033221952617168427
24.26867309998488,nav_to_wp,0,-0.0012021821457892656,-2.0192320346832275,1.7864916324615479,0.026698481291532516,-0.11502299457788467,0.019138509407639503,7.971610150016642e-05,-1.9934669245900682,1.7999978606704372,0.3872133399765657,54155,0.40671081732363135,-0.05371999461865448,-0.012860759932821653,0.7503029773943126,-0.0007639178629890808,-0.0626063356333467,2.0501153933514968e-05,0.0,-1.0,0.1,0.0,0.0,0.0,3.420527935028076,54155,nan,0.9898285865783691,54711.49321641895,52000,55179.61708274025,55207.25481441817,50,55161.11475376752,nan,nan,nan,0.033221952617168427
24.288667062995955,nav_to_wp,0,-0.0009626310202293098,-2.0210325717926025,1.7866415977478027,0.026117676869034767,-0.1045662984251976,0.016876807436347008,6.517360974924585e-05,-1.9946587439774839,1.799998250945199,0.3881202512633708,54282,0.4306398750229743,-0.05192152572375733,-0.01275556773744424,0.7329680083785206,-0.0006907319224870217,-0.056608434842303726,1.8537073363215187e-05,0.0,-1.0,0.1,0.0,0.0,0.0,3.420527935028076,54282,nan,1.0004373788833618,54258.26857907574,52000,55169.61708274025,55197.25481441817,50,55161.11475376752,nan,nan,nan,0.033221952617168427
24.308789868984604,nav_to_wp,0,-0.0007195898215286434,-2.0226516723632812,1.7867401838302612,0.023234518244862556,-0.08457121253013611,0.012569299899041653,5.206984097600245e-05,-1.9957326538644307,1.7999986026091588,0.39001681018610723,54547,0.480681007549002,-0.045047349035066506,-0.011440063684683865,0.7837499724701047,-0.0006174001993182775,-0.050598586538311806,1.656908044443484e-05,0.0,-1.0,0.1,0.0,0.0,0.0,3.4310851097106934,54547,nan,0.9988452792167664,54610.059370528776,52000,55162.1563132441,55189.425541832985,50,55279.57681088117,nan,nan,nan,0.033221952617168427
24.328626622998854,nav_to_wp,0,-0.0005025298451073468,-2.0248560905456543,1.7868341207504272,0.02091105841100216,-0.07454146444797516,0.00986203458160162,4.047557615819569e-05,-1.9966828534470995,1.799998913762778,0.3912332207252509,54718,0.5127762724340599,-0.0441218338734531,-0.010413101188619267,0.723621022189036,-0.000544339887813287,-0.04461098158080909,1.4608371361479704e-05,0.0,-1.0,0.1,0.0,0.0,0.0,3.4310851097106934,54718,nan,0.9906356334686279,55235.2430614771,52000,55163.13080322054,55190.036442094904,50,55279.57681088117,nan,nan,nan,0.033221952617168427
24.349025322007947,nav_to_wp,0,-0.0003626412944868207,-2.026129722595215,1.7868409156799316,0.02091105841100216,-0.07454146444797516,0.00986203458160162,3.0338053790244374e-05,-1.997513666756498,1.7999991858220092,0.3912876211371983,54725,0.5142116395039107,-0.04763329207075477,-0.010527676609755732,0.987717998214066,-0.0004712675082885864,-0.03862238759748436,1.2647338410813479e-05,0.0,-1.0,0.1,0.0,0.0,0.0,3.4310851097106934,54725,nan,0.9863560795783997,55481.99188207085,52000,55167.38228427188,55193.92918129458,50,55279.57681088117,nan,nan,nan,0.033221952617168427
24.368886726006167,nav_to_wp,0,-0.00026525475550442934,-2.027860403060913,1.7868402004241943,0.017502496019005775,-0.06447822600603104,0.0067765796557068825,2.160636279635586e-05,-1.9982292661729997,1.799999420153146,0.39280359699214307,54937,0.5542110024312148,-0.04642672233943753,-0.008822071284458444,0.8596729894634336,-0.000397708132544683,-0.03259388219144164,1.0673236012581451e-05,0.0,-1.0,0.1,0.0,0.0,0.0,3.4310851097106934,54937,nan,1.005555510520935,54633.48310978824,52000,55160.2636286121,55186.45656700783,50,55279.57681088117,nan,nan,nan,0.033221952617168427
24.389333804982016,nav_to_wp,0,-0.0003121532790828496,-2.0288593769073486,1.7868448495864868,0.013445397838950157,-0.053709667176008224,0.006507508456707001,1.4387418087302012e-05,-1.9988208895624635,1.7999996138869279,0.3928889927834338,54949,0.556464189536511,-0.044399305216229604,-0.006677179454311233,1.2335569772403687,-0.0003245376385198132,-0.02659724730525851,8.709569977170738e-06,0.0,-1.0,0.1,0.0,0.0,0.0,3.4310851097106934,54949,nan,1.0039595365524292,54732.285514905736,52000,55154.55725376269,55180.400952979806,50,55279.57681088117,nan,nan,nan,0.033221952617168427
24.409637106000446,nav_to_wp,0,-0.00038980701356194913,-2.029714345932007,1.7868071794509888,0.008691659197211266,-0.04279084503650665,0.006559664849191904,8.608512777528998e-06,-1.999294495565079,1.7999997689745795,0.39286799594973937,54946,0.5559101833704307,-0.04229536406326326,-0.004146883205946805,1.382257993100211,-0.00025103698129157057,-0.020573554132673668,6.737043399307143e-06,0.0,-1.0,0.1,0.0,0.0,0.0,3.4310851097106934,54946,nan,1.0008121728897095,54901.41056273414,52000,55151.181964548974,55176.68108110987,50,55279.57681088117,nan,nan,nan,0.033221952617168427
24.42898660400533,hold,0,-0.0006719017401337624,-2.0307302474975586,1.7867318391799927,0.003028443083167076,-0.031990062445402145,0.006068544927984476,8.60851277748523e-06,-1.9992944955686265,1.7999997689745795,0.39589040096315187,55369,0.6356570174974099,-0.1240186707585749,-0.0008423658610983153,1.002246019197628,-1.800032903273899e-11,-1.4588964403427003e-06,4.830722440319008e-13,0.0,-0.997,0.1,0.0,0.15,0.0,3.4310851097106934,55369,nan,0.9990870952606201,55419.592808929774,52000,55154.76077580738,55179.919904147464,50,55279.57681088117,nan,nan,nan,0.033221952617168427
24.44972423600848,hold,0,-0.0009567613014951348,-2.031292676925659,1.7866754531860352,-0.0027212623972445726,-0.02135639823973179,0.004541622009128332,8.607759027429446e-06,-1.999355323068814,1.7999997689948077,0.3963442322426917,55432,0.6476314575908084,-0.11591162724688159,0.0023474190118677463,1.5237719926517457,-7.486054950026391e-08,-0.006041233503028394,2.009021811255802e-09,0.0,-0.994,0.1,0.0,0.15,0.0,3.4310851097106934,55432,nan,0.9941081404685974,55760.53322918245,52000,55162.83774185238,55187.66141514794,50,55279.57681088117,nan,nan,nan,0.033221952617168427
24.46885556099005,hold,0,-0.0014745130902156234,-2.031841516494751,1.7865420579910278,-0.00893730390816927,-0.011625240556895733,0.0025124948006123304,8.605534016658911e-06,-1.9995338429812337,1.79999976905452,0.3971903733589349,55551,0.6699570807106827,-0.10809859947594147,0.0059938327250614876,0.9739559900481254,-1.491409460457119e-07,-0.011983674298043166,4.002474141017409e-09,0.0,-0.991,0.1,0.0,0.15,0.0,3.4310851097106934,55551,nan,0.9927107691764832,55958.89731918905,52000,55172.83774185238,55197.66141514794,50,55279.57681088117,nan,nan,nan,0.033221952617168427
24.48896516300738,hold,0,-0.0019041484920307994,-2.032011032104492,1.786442756652832,-0.014700688421726227,-0.002211836399510503,0.00020266555657144636,8.601758707291908e-06,-1.9998348403923256,1.7999997691558376,0.3981466627742778,55684,0.695188991405745,-0.09991183535011322,0.009306234613613462,1.0088230192195624,-2.250638266404344e-07,-0.018005746202881995,6.040005579223451e-09,0.0,-0.988,0.1,0.0,0.15,0.0,3.4310851097106934,55684,nan,0.9962065815925598,55896.0370558707,52000,55182.480399372624,55206.97309035757,50,55279.57681088117,nan,nan,nan,0.033221952617168427
24.509574639989296,hold,0,-0.002388591645285487,-2.0319979190826416,1.7863223552703857,-0.025321856141090393,0.017379404976963997,-0.0016330421203747392,8.5964180161868e-06,-2.0002578959388138,1.799999769299165,0.3987455890821844,55768,0.710991796363702,-0.08641709171645487,0.015105910454940918,1.3168779842089862,-3.018349479250714e-07,-0.02404246709876616,8.100301130952691e-09,0.0,-0.985,0.1,0.0,0.15,0.0,3.420527935028076,55768,nan,1.0045043230056763,55517.9293137645,52000,55186.95305156452,55211.11917333633,50,55161.11475376752,nan,nan,nan,0.033221952617168427
24.529156123986468,hold,0,-0.003155776299536228,-2.0316691398620605,1.7862005233764648,-0.025321856141090393,0.017379404976963997,-0.0016330421203747392,8.589510837862225e-06,-2.0008014607216285,1.7999997694845318,0.39877096495482944,55772,0.7116613444546012,-0.08250029943578692,0.01587454490823359,0.9398410038556904,-3.7915951107730694e-07,-0.03006957089580259,1.0175449322566223e-08,0.0,-0.982,0.1,0.0,0.15,0.0,3.420527935028076,55772,nan,1.009224772453308,55262.218608075535,52000,55187.956592318,55211.800499132856,50,55161.11475376752,nan,nan,nan,0.033221952617168427
24.549408046004828,hold,0,-0.0037669215817004442,-2.031202554702759,1.786063551902771,-0.029490508139133453,0.029682165011763573,-0.0009479040745645761,8.581146417657126e-06,-2.001455271290453,1.7999997697090064,0.39830208359618485,55706,0.6992898046486751,-0.07228490947998989,0.018600552242770352,1.2996949953958392,-4.560241187431882e-07,-0.03600646379638652,1.223825375487714e-08,0.0,-0.979,0.1,0.0,0.15,0.0,3.420527935028076,55706,nan,1.013059377670288,54987.89234655322,52000,55185.28906904114,55208.815057098465,50,55161.11475376752,nan,nan,nan,0.033221952617168427
24.569057888991665,hold,0,-0.004681010264903307,-2.0301966667175293,1.7860065698623657,-0.03307751193642616,0.044047266244888306,0.0005944553413428366,8.571115565131498e-06,-2.0022342483579156,1.799999769978203,0.3973082732177417,55567,0.67306789492722,-0.06039625153546545,0.021373515722290737,1.0485169768799096,-5.342683535720177e-07,-0.041998234195726465,1.4338083043140452e-08,0.0,-0.976,0.1,0.0,0.15,0.0,3.420527935028076,55567,nan,1.0150922536849976,54740.83739510389,52000,55179.36304672198,55202.57535493854,50,55161.11475376752,nan,nan,nan,0.033221952617168427
24.588926047988934,hold,0,-0.005371983628720045,-2.0292739868164062,1.7859493494033813,-0.03543012961745262,0.060617901384830475,0.002877186518162489,8.559368802850185e-06,-2.0031405218307716,1.7999997702934492,0.39597419643681736,55381,0.6378679798632536,-0.0473120768570064,0.02333222389085088,0.8685130160301924,-6.138182275220534e-07,-0.048037649393231734,1.6472951580910242e-08,0.0,-0.973,0.1,0.0,0.15,0.0,3.420527935028076,55381,nan,1.0230249166488647,54134.55635216806,52000,55169.36304672198,55192.57535493854,50,55161.11475376752,nan,nan,nan,0.033221952617168427
24.609410250006476,hold,0,-0.006040023639798164,-2.028197765350342,1.7859878540039062,-0.03795477747917175,0.09551571309566498,0.008451398462057114,8.545943074307676e-06,-2.0041694194277637,1.7999997706537536,0.3928353752215421,54942,0.5550494781409512,-0.024681480998347983,0.025484792812649815,1.0804580233525485,-6.941539537022869e-07,-0.054082846794243265,1.862890992207355e-08,0.0,-0.97,0.1,0.0,0.15,0.0,3.420527935028076,54942,nan,1.021153211593628,53803.87524243952,52000,55159.36304672198,55182.57535493854,50,55161.11475376752,nan,nan,nan,0.033221952617168427
24.628900915005943,hold,0,-0.0070793647319078445,-2.0262258052825928,1.7859628200531006,-0.03795477747917175,0.09551571309566498,0.008451398462057114,8.531102365680496e-06,-2.005298710163766,1.7999997710520317,0.39282506346923796,54940,0.5547774002437436,-0.018497942906752614,0.026544089134905358,0.8893930062185973,-7.738323834178146e-07,-0.060021069291643706,2.0767228492451443e-08,0.0,-0.967,0.1,0.0,0.15,0.0,3.420527935028076,54940,nan,1.016769289970398,54033.890029860675,52000,55149.36304672198,55172.57535493854,50,55161.11475376752,nan,nan,nan,0.033221952617168427
24.649102625000523,hold,0,-0.007763958070427179,-2.0247271060943604,1.7859855890274048,-0.038045477122068405,0.11244884878396988,0.010768458247184753,8.514456054434919e-06,-2.0065570765921925,1.7999997714987663,0.39158238896009306,54766,0.5219891546198685,-0.004025949068204497,0.02737419364148108,1.0558130161371082,-8.549091666830463e-07,-0.06601173089612422,2.294307447613255e-08,0.0,-0.964,0.1,0.0,0.15,0.0,3.420527935028076,54766,nan,1.010894775390625,54175.76718490566,52000,55139.36304672198,55162.57535493854,50,55161.11475376752,nan,nan,nan,0.033221952617168427
24.668936951988144,hold,0,-0.0087654460221529,-2.0221848487854004,1.7860461473464966,-0.03793806955218315,0.12580837309360504,0.01192566379904747,8.496093087185456e-06,-2.007935793990211,1.7999997719915706,0.39095482841246804,54679,0.5054308288250127,0.00988542536093425,0.02838817487140921,0.9561109764035791,-9.367603669719351e-07,-0.07200540989842501,2.513970337821221e-08,0.0,-0.961,0.1,0.0,0.15,0.0,3.420527935028076,54679,nan,1.0055737495422363,54375.92222837094,52000,55129.36304672198,55152.57535493854,50,55161.11475376752,nan,nan,nan,0.033221952617168427
24.688834526983555,hold,0,-0.00938935112208128,-2.020432710647583,1.7861359119415283,-0.03732074424624443,0.13663631677627563,0.01233520358800888,8.475974973048738e-06,-2.009436012876264,1.7999997725314776,0.3907156154732673,54645,0.4991191417748606,0.021841847745556097,0.028728362195873602,0.8720409823581576,-1.0194453027681208e-06,-0.07800583559062065,2.7358707120313208e-08,0.0,-0.958,0.1,0.0,0.15,0.0,3.420527935028076,54645,nan,1.008352279663086,54192.37016874516,52000,55119.36304672198,55142.57535493854,50,55161.11475376752,nan,nan,nan,0.033221952617168427
24.70897463898291,hold,0,-0.010359153151512146,-2.0175299644470215,1.7861156463623047,-0.03645288199186325,0.1454188972711563,0.012968480587005615,8.454054473077696e-06,-2.011059496448713,1.7999997731197548,0.39056402603333096,54624,0.4951194204045102,0.034072377086918695,0.029288498867568125,0.9487970091868192,-1.103039097059445e-06,-0.08401785839672178,2.9602101767266867e-08,0.0,-0.955,0.1,0.0,0.15,0.0,3.4258065223693848,54624,nan,1.004495620727539,54379.53025662448,52000,55109.49860952068,55132.57535493854,50,55220.345782324344,nan,nan,nan,0.033221952617168427
24.728522658988368,hold,0,-0.010929195210337639,-2.0154943466186523,1.7860255241394043,-0.0351751334965229,0.150875985622406,0.012301502749323845,8.430461350666207e-06,-2.012794521572962,1.79999977375292,0.3911564296596765,54707,0.5107501229466092,0.04373701801526366,0.029173643458961118,0.6291890167631209,-1.1870083689758394e-06,-0.09000008668898513,3.185557305329731e-08,0.0,-0.952,0.1,0.0,0.15,0.0,3.4258065223693848,54707,nan,1.0046800374984741,54452.161840712484,52000,55100.7341192699,55123.50317474886,50,55220.345782324344,nan,nan,nan,0.033221952617168427
24.74846424200223,hold,0,-0.011512680910527706,-2.013432264328003,1.7859673500061035,-0.03317791968584061,0.1556299477815628,0.011942889541387558,8.405094529058392e-06,-2.0146469680709975,1.7999997744336858,0.39158298505603145,54766,0.5220048827448913,0.05318301676497285,0.028717564435838616,0.6658670026808977,-1.2716756969080722e-06,-0.09597647369403621,3.412777796833075e-08,0.0,-0.949,0.1,0.0,0.15,0.0,3.4258065223693848,54766,nan,0.99928879737854,54804.97744362696,52000,55096.790696928,55119.256165000574,50,55220.345782324344,nan,nan,nan,0.033221952617168427
24.768681629997445,hold,0,-0.012269221246242523,-2.0103421211242676,1.7859045267105103,-0.030719010159373283,0.15844061970710754,0.010725552216172218,8.377802523541407e-06,-2.0166263617119027,1.7999997751661174,0.392482831096875,54892,0.5457475223449855,0.06273636511621528,0.028169467362539224,0.8547920151613653,-1.3574375520251605e-06,-0.10197607409178013,3.642935655216658e-08,0.0,-0.946,0.1,0.0,0.15,0.0,3.4258065223693848,54892,nan,0.9984797239303589,54975.57805573282,52000,55095.17452837873,55117.340456877006,50,55220.345782324344,nan,nan,nan,0.033221952617168427
24.788729307998437,hold,0,-0.012751790694892406,-2.00827693939209,1.7857753038406372,-0.0276944562792778,0.1609053611755371,0.009322432801127434,8.34858445655904e-06,-2.0187307553803215,1.7999997759502384,0.393557177729124,55043,0.5740943991853289,0.07113159806638973,0.027045512798775206,0.8434930059593171,-1.4441851621955414e-06,-0.1079896100932952,3.8757389702738055e-08,0.0,-0.943,0.1,0.0,0.15,0.0,3.4258065223693848,55043,nan,0.9985141754150391,55124.90594049004,52000,55095.570947206885,55117.441329991845,50,55220.345782324344,nan,nan,nan,0.033221952617168427
24.80958659099997,hold,0,-0.013412709347903728,-2.00526762008667,1.785611629486084,-0.02050330862402916,0.1601366400718689,0.005817365366965532,8.316329866907713e-06,-2.021040783684153,1.7999997768158502,0.395719628961036,55345,0.631151159921794,0.07890253219967894,0.023930247929307757,0.8990280039142817,-1.5347507961689095e-06,-0.11422684828999569,4.118788660955096e-08,0.0,-0.94,0.1,0.0,0.15,0.0,3.4258065223693848,55345,nan,0.9950346946716309,55621.17612216957,52000,55102.57901620639,55124.15779388755,50,55220.345782324344,nan,nan,nan,0.033221952617168427
24.828737270989222,hold,0,-0.01373965572565794,-2.0032718181610107,1.7853964567184448,-0.02050330862402916,0.1601366400718689,0.005817365366965532,8.284581066523577e-06,-2.0232908629409168,1.7999997776678882,0.3962255396222402,55416,0.644499726180479,0.08602460672529559,0.024229768853142764,0.8358240011148155,-1.6197811440947293e-06,-0.11999091809045288,4.346983383999494e-08,0.0,-0.9369999999999999,0.1,0.0,0.15,0.0,3.4258065223693848,55416,nan,0.9903176426887512,55957.80344732967,52000,55112.57901620639,55134.15779388755,50,55220.345782324344,nan,nan,nan,0.033221952617168427
24.848778879997553,hold,0,-0.01404008362442255,-2.001481533050537,1.7852897644042969,-0.01647607609629631,0.15667976438999176,0.0030366575811058283,8.249658383746657e-06,-2.0257528240720486,1.7999997786051032,0.3979225038257995,55653,0.6892745072770303,0.09123160787737261,0.02240374049680005,0.8516009838785976,-1.7088844229497767e-06,-0.12599602018603834,4.5861085732603164e-08,0.0,-0.9339999999999999,0.1,0.0,0.15,0.0,3.4258065223693848,55653,nan,0.9891093373298645,56265.771537691915,52000,55122.57901620639,55144.15779388755,50,55220.345782324344,nan,nan,nan,0.033221952617168427
24.86924210897996,hold,0,-0.014352971687912941,-1.9997152090072632,1.78498375415802,-0.0086679020896554,0.14239560067653656,-0.0033147656358778477,8.212348630717247e-06,-2.0283656114091544,1.7999997796063798,0.4014457783768163,56146,0.7822368964859159,0.09069624594554226,0.018627986539505148,0.9960779862012714,-1.7997821626289258e-06,-0.1320706988882255,4.830049531252642e-08,0.0,-0.9309999999999999,0.1,0.0,0.15,0.0,3.4258065223693848,56146,nan,0.9935587644577026,56509.99418302673,52000,55132.57901620639,55154.15779388755,50,55220.345782324344,nan,nan,nan,0.033221952617168427
24.889034719002666,hold,0,-0.01463795080780983,-1.9973667860031128,1.7847025394439697,-0.004777335096150637,0.13216911256313324,-0.007080161012709141,8.17389329816587e-06,-2.031036059534584,1.7999997806384,0.4037638050545952,56470,0.8433985502531698,0.09302891373051941,0.016875862359247762,1.0059379856102169,-1.8896033562220482e-06,-0.1380033998853521,5.071101377981308e-08,0.0,-0.9279999999999999,0.1,0.0,0.15,0.0,3.4258065223693848,56470,nan,0.9880071878433228,57155.45463112052,52000,55142.57901620639,55164.15779388755,50,55220.345782324344,nan,nan,nan,0.033221952617168427
24.909167523001088,hold,0,-0.014754362404346466,-1.9959489107131958,1.7843458652496338,-0.0009497549035586417,0.11856970936059952,-0.01119780633598566,8.132932237997383e-06,-2.033861832464877,1.799999781737666,0.406262585947447,56820,0.9093294445236673,0.09289722743734886,0.015002074190567871,1.15325502702035,-1.9813752748585484e-06,-0.14401528438993672,5.317388357481601e-08,0.0,-0.9249999999999999,0.1,0.0,0.15,0.0,3.4258065223693848,56820,nan,0.9876722693443298,57529.204538384154,52000,55152.57901620639,55174.15779388755,50,55220.345782324344,nan,nan,nan,0.033221952617168427
24.92899911099812,hold,0,-0.01493442989885807,-1.9942176342010498,1.7838553190231323,-0.0009497549035586417,0.11856970936059952,-0.01119780633598566,8.089977742030217e-06,-2.0368032533716898,1.7999997828904297,0.40716989898763467,56946,0.9332691025761122,0.1002646176676392,0.015145471032655733,0.979381991783157,-2.073897985400381e-06,-0.15001751458351187,5.5656902264311385e-08,0.0,-0.9219999999999999,0.1,0.0,0.15,0.0,3.4258065223693848,56946,nan,0.9889234900474548,57583.827842199775,52000,55162.57901620639,55184.15779388755,50,55220.345782324344,nan,nan,nan,0.033221952617168427
24.949220482987585,hold,0,-0.014988088980317116,-1.9934067726135254,1.7835520505905151,0.0031178444623947144,0.10402753204107285,-0.014726253226399422,8.044831771287855e-06,-2.0398724944994453,1.7999997841020057,0.40927588903232726,57241,0.988836122224992,0.09936845630828445,0.013131986869373558,1.102578011341393,-2.1675229926260526e-06,-0.1560346094886291,5.81695031315371e-08,0.0,-0.9189999999999999,0.1,0.0,0.15,0.0,3.4258065223693848,57241,nan,0.9868277311325073,58000.0,52000,55172.57901620639,55194.15779388755,50,55220.345782324344,nan,nan,nan,0.033221952617168427
24.968676022981526,hold,0,-0.014904167503118515,-1.9925036430358887,1.7829880714416504,0.00725193228572607,0.08758077770471573,-0.01814122125506401,7.997841012460655e-06,-2.0430424284140254,1.7999997853630898,0.4116204675316882,57569,1.050698351759582,0.09766496797814159,0.010966699209464803,0.7336899871006608,-2.2615422063689234e-06,-0.162014689787095,6.069268326242676e-08,0.0,-0.9159999999999999,0.1,0.0,0.15,0.0,3.4258065223693848,57569,nan,0.9952608942985535,57843.124681969806,52000,55182.57901620639,55204.15779388755,50,55220.345782324344,nan,nan,nan,0.033221952617168427
24.98899735699524,hold,0,-0.014860163442790508,-1.9922317266464233,1.782616376876831,0.015413631685078144,0.04803532734513283,-0.020896010100841522,7.94853178319546e-06,-2.0463448955020103,1.7999997866863946,0.41295991496741863,57756,1.086039972755108,0.08450798175976931,0.00693546745505591,0.9490629890933633,-2.356814463413859e-06,-0.16801857028132175,6.324949113638139e-08,0.0,-0.9129999999999999,0.1,0.0,0.15,0.0,3.4258065223693848,57756,nan,1.0016582012176514,57660.38747527824,52000,55192.57901620639,55214.15779388755,50,55220.345782324344,nan,nan,nan,0.033221952617168427
25.009247256006347,hold,0,-0.014740781858563423,-1.9922192096710205,1.7822571992874146,0.019131138920783997,0.025391116738319397,-0.018996404483914375,7.896415116986233e-06,-2.04981216014053,1.799999788085042,0.41229827433505156,57664,1.0685824362810425,0.07996838772847675,0.005027334733275657,0.9447339980397373,-2.4541073246785727e-06,-0.1740993932851493,6.586052567546937e-08,0.0,-0.9099999999999999,0.1,0.0,0.15,0.0,3.4258065223693848,57664,nan,1.0187952518463135,56600.18526342591,52000,55202.57901620639,55224.15779388755,50,55220.345782324344,nan,nan,nan,0.033221952617168427
25.02864184899954,hold,0,-0.014461243525147438,-1.992658257484436,1.7817604541778564,0.019131138920783997,0.025391116738319397,-0.018996404483914375,7.843502701664337e-06,-2.053299275027644,1.799999789505045,0.4131151109847181,57778,1.0901348544780483,0.08564163746129454,0.004746629581059647,0.738157017622143,-2.549920743670098e-06,-0.18000796558565335,6.84318566348325e-08,0.0,-0.9069999999999999,0.1,0.0,0.15,0.0,3.4258065223693848,57778,nan,1.0226798057556152,56496.666576211755,52000,55212.57901620639,55234.15779388755,50,55220.345782324344,nan,nan,nan,0.033221952617168427
25.049052332993597,hold,0,-0.01420507114380598,-1.9933099746704102,1.781487226486206,0.022898714989423752,0.00342898303642869,-0.01612267643213272,7.787740920133432e-06,-2.0569496646841796,1.799999791001516,0.41185424622834477,57602,1.0568666551014445,0.08104021323508954,0.0026826780079582946,1.0575880005490035,-2.647762072726506e-06,-0.18599220808397424,7.10576103252444e-08,0.0,-0.9039999999999999,0.1,0.0,0.15,0.0,3.4258065223693848,57602,nan,1.030701756477356,55886.19563128249,52000,55221.56057107407,55242.85163171948,50,55220.345782324344,nan,nan,nan,0.033221952617168427
25.06847881898284,hold,0,-0.013711155392229557,-1.9947220087051392,1.7812085151672363,0.027014970779418945,-0.018258048221468925,-0.012177912518382072,7.729677381453619e-06,-2.060722074169729,1.7999997925597588,0.41006153648620053,57351,1.0095656064960554,0.07602409296420184,0.00020487301884908327,0.6669569993391633,-2.746638272136007e-06,-0.19198059057887928,7.371113668263594e-08,0.0,-0.9009999999999999,0.1,0.0,0.15,0.0,3.4258065223693848,57351,nan,1.034442663192749,55441.44885033006,52000,55224.49241479748,55245.49959463429,50,55220.345782324344,nan,nan,nan,0.033221952617168427
25.089040991006186,hold,0,-0.013349157758057117,-1.996008038520813,1.7811458110809326,0.031139181926846504,-0.040445003658533096,-0.007130065467208624,7.668939068438414e-06,-2.064640039678488,1.799999794189784,0.40746335801853756,56988,0.9410120849218337,0.07114750107233858,-0.002173633042006351,1.070151018211618,-2.847072272909993e-06,-0.19800839998340836,7.640646953142713e-08,0.0,-0.8979999999999999,0.1,0.0,0.15,0.0,3.4258065223693848,56988,nan,1.0384738445281982,54876.68302892204,52000,55219.85495631914,55240.58204042479,50,55220.345782324344,nan,nan,nan,0.033221952617168427
25.110028847993817,hold,0,-0.01269147451967001,-1.9983625411987305,1.7812070846557617,0.036133963614702225,-0.061600424349308014,-0.0005583878955803812,7.605250295168403e-06,-2.0687198421470465,1.7999997958989906,0.40395436532744056,56497,0.8484265257899875,0.06600196164488942,-0.005316840205189077,1.2003869924228638,-2.94938297332128e-06,-0.20409607528031462,7.915216709874741e-08,0.0,-0.8949999999999999,0.1,0.0,0.15,0.0,3.3888564109802246,56497,nan,1.0401781797409058,54314.732899004506,52000,55209.85495631914,55230.58204042479,50,54805.72858242658,nan,nan,nan,0.033221952617168427
25.129259014007403,hold,0,-0.012219960801303387,-2.000260591506958,1.7814350128173828,0.04033062234520912,-0.08194966614246368,0.006059358362108469,7.5406939173866124e-06,-2.0728149900455994,1.7999997976314808,0.40024698638317496,55978,0.7506065008753282,0.061597076784364206,-0.007934518931122181,1.2781660188920796,-3.0504857651191663e-06,-0.21002927577758349,8.186544819615763e-08,0.0,-0.8919999999999999,0.1,0.0,0.15,0.0,3.3888564109802246,55978,nan,1.046464443206787,53492.500737493705,52000,55199.85495631914,55220.58204042479,50,54805.72858242658,nan,nan,nan,0.033221952617168427
25.14913923299173,hold,0,-0.01170363835990429,-2.0023694038391113,1.7817113399505615,0.047120351344347,-0.11983797699213028,0.023105405271053314,7.473161999863906e-06,-2.0770689753569007,1.7999997994438253,0.39110313542936537,54699,0.5093439427273179,0.048900863081567256,-0.012120517549342402,1.0962579981423914,-3.153458568846748e-06,-0.21602010987432937,8.462891453504877e-08,0.0,-0.8889999999999999,0.1,0.0,0.15,0.0,3.3888564109802246,54699,nan,1.0492656230926514,52130.746301187086,52000,55189.85495631914,55210.58204042479,50,54805.72858242658,nan,nan,nan,0.033221952617168427
25.16896540799644,hold,0,-0.010975083336234093,-2.0058932304382324,1.7823888063430786,0.047120351344347,-0.11983797699213028,0.023105405271053314,7.403232816105166e-06,-2.081439275508758,1.7999998013205045,0.3903392778218958,54593,0.48918938844052207,0.05293723035855348,-0.012891007321132575,1.009280007565394,-3.2574186315575466e-06,-0.22200645927742294,8.741887580142686e-08,0.0,-0.8859999999999999,0.1,0.0,0.15,0.0,3.3888564109802246,54593,nan,1.0489767789840698,52044.050062645925,52000,55179.85495631914,55200.58204042479,50,54805.72858242658,nan,nan,nan,0.033221952617168427
25.18922575400211,hold,0,-0.0104150315746665,-2.0084712505340576,1.7829874753952026,0.0493219830095768,-0.15390951931476593,0.040949903428554535,7.330256116542186e-06,-2.085967474787022,1.79999980327897,0.38046145048175506,53211,0.22856069872704587,0.04161159047615286,-0.01497218001898859,1.0590309975668788,-3.3631932850495035e-06,-0.2280433895720418,9.02575349798853e-08,0.0,-0.8829999999999999,0.1,0.0,0.15,0.0,3.3888564109802246,53211,nan,1.0473153591156006,50807.046356060055,52000,55169.85495631914,55190.58204042479,50,54805.72858242658,nan,nan,nan,0.033221952617168427
25.20990993498708,hold,0,-0.009643873199820518,-2.012645959854126,1.784081220626831,0.0493219830095768,-0.15390951931476593,0.040949903428554535,7.254375984058368e-06,-2.0906406676679867,1.799999805315354,0.3791619795434493,53029,0.19427386658177426,0.04548498673699958,-0.01583727013121905,1.1577440018299967,-3.470507500238856e-06,-0.23411045097500027,9.313751115441828e-08,0.0,-0.8799999999999999,0.1,0.0,0.15,0.0,3.3888564109802246,53029,nan,1.0428467988967896,50850.230404023394,52000,55159.85495631914,55180.58204042479,50,54805.72858242658,nan,nan,nan,0.033221952617168427
25.22920069299289,hold,0,-0.009140104986727238,-2.0156147480010986,1.7849500179290771,0.04750310629606247,-0.16969746351242065,0.0490042045712471,7.177585862858528e-06,-2.0953220413691622,1.7999998073761594,0.37399514379685944,52307,0.057945746618981886,0.042666592041334564,-0.015622291735881921,1.1250190145801753,-3.5768041673097207e-06,-0.24003442977216544,9.599017953629293e-08,0.0,-0.8769999999999999,0.1,0.0,0.15,0.0,3.3888564109802246,52307,nan,1.0390628576278687,50340.55410219783,52000,55149.85495631914,55170.58204042479,50,54805.72858242658,nan,nan,nan,0.033221952617168427
25.249632236984326,hold,0,-0.0086508858948946,-2.018742799758911,1.7859385013580322,0.04180392622947693,-0.19454403221607208,0.06222694739699364,7.096774193192691e-06,-2.100218372678044,1.7999998095448906,0.3660222960872204,51192,-0.15241962830553035,0.03524601132118339,-0.013382997846422384,1.285888982238248,-3.686000246207763e-06,-0.24607788657451665,9.892065901679691e-08,0.0,-0.8739999999999999,0.1,0.0,0.15,0.0,3.3888564109802246,51192,nan,1.0352134704589844,49450.67028281898,52000,55139.85495631914,55160.58204042479,50,54805.72858242658,nan,nan,nan,0.033221952617168427
25.269597809994593,hold,0,-0.008214792236685753,-2.021907329559326,1.786881446838379,0.03759297728538513,-0.20418177545070648,0.06715407222509384,7.012783776580815e-06,-2.105269485322877,1.7999998117989293,0.3623758156584045,50682,-0.24863283223207233,0.03572057341921693,-0.011674975988730019,1.07060102163814,-3.7969342050586705e-06,-0.25216065087056116,1.0189777773190386e-07,0.0,-0.8709999999999999,0.1,0.0,0.15,0.0,3.3888564109802246,50682,nan,1.0292651653289795,49240.955302126386,52000,55129.85495631914,55150.58204042479,50,54805.72858242658,nan,nan,nan,0.033221952617168427
25.28852360098972,hold,0,-0.007632978726178408,-2.0269243717193604,1.7884141206741333,0.033768653869628906,-0.21205025911331177,0.06985438615083694,6.92911083634704e-06,-2.1102410844581043,1.799999814044448,0.3590912973786741,50222,-0.335295583676146,0.03486959155463403,-0.010299926944746352,0.6272929895203561,-3.905469935364448e-06,-0.2580076613749739,1.0481053553211365e-07,0.0,-0.8679999999999999,0.1,0.0,0.15,0.0,3.3888564109802246,50222,nan,1.018410563468933,49314.09963868863,52000,55119.85495631914,55140.58204042479,50,54805.72858242658,nan,nan,nan,0.033221952617168427
25.309008418000303,hold,0,-0.007163692265748978,-2.0320115089416504,1.7898811101913452,0.02954130619764328,-0.21895664930343628,0.07022089511156082,6.839575303269581e-06,-2.1155396231557466,1.7999998164473003,0.35706668678704073,49939,-0.38871538820473184,0.03484567115555157,-0.00851630561325356,0.7474790036212653,-4.0188401120664855e-06,-0.26409671816650643,1.0785303467566476e-07,0.0,-0.8649999999999999,0.1,0.0,0.15,0.0,3.4416422843933105,49939,nan,1.0080047845840454,49542.423571538304,52000,55109.85495631914,55130.58204042479,50,55398.038867994816,nan,nan,nan,0.033221952617168427
25.32884414397995,hold,0,-0.006833690218627453,-2.0355162620544434,1.7908731698989868,0.02954130619764328,-0.21895664930343628,0.07022089511156082,6.749128119414518e-06,-2.1208353480935203,1.7999998188746185,0.3559003037791153,49776,-0.4194906654587012,0.04031983070430034,-0.008915288224167428,0.7653369975741953,-4.131271426436325e-06,-0.2700453878675301,1.108703377056989e-07,0.0,-0.8619999999999999,0.1,0.0,0.15,0.0,3.4416422843933105,49776,nan,1.000093698501587,49771.33650034794,52000,55099.85495631914,55120.58204042479,50,55398.038867994816,nan,nan,nan,0.033221952617168427
25.34869985000114,hold,0,-0.00659198546782136,-2.0390284061431885,1.7918198108673096,0.02213967591524124,-0.22972704470157623,0.06601309031248093,6.655952124939551e-06,-2.126245453673669,1.7999998213751691,0.35680228582373996,49902,-0.39569166691979163,0.03963911186228102,-0.005014920464145867,0.8420670055784285,-4.244848228992271e-06,-0.2759901716658368,1.1391838203760409e-07,0.0,-0.8589999999999999,0.1,0.0,0.15,0.0,3.4416422843933105,49902,nan,0.9836493730545044,50731.49169509501,52000,55089.85495631914,55110.58204042479,50,55398.038867994816,nan,nan,nan,0.033221952617168427
25.368633620004402,hold,0,-0.0062947203405201435,-2.0443334579467773,1.793086290359497,0.02213967591524124,-0.22972704470157623,0.06601309031248093,6.558844907814346e-06,-2.131844845994026,1.7999998239812216,0.35527615281915376,49689,-0.4359590285183721,0.04353361795613457,-0.005371328288987565,0.6868229829706252,-4.3608251958644325e-06,-0.2820110108627902,1.1703083923441697e-07,0.0,-0.8559999999999999,0.1,0.0,0.15,0.0,3.4416422843933105,49689,nan,0.9769542813301086,50861.13132371882,52000,55079.85495631914,55100.58204042479,50,55398.038867994816,nan,nan,nan,0.033221952617168427
25.388996986002894,hold,0,-0.006102218292653561,-2.0479354858398438,1.793871283531189,0.015674468129873276,-0.2356753647327423,0.05191950127482414,6.459219750608222e-06,-2.1375385117389407,1.7999998266548476,0.36136877050673943,50541,-0.2752039444132084,0.04514098847342808,-0.001915822912164078,0.9882340091280639,-4.477628763840092e-06,-0.2880041834666387,1.2016547980628149e-07,0.0,-0.8529999999999999,0.1,0.0,0.15,0.0,3.4416422843933105,50541,nan,0.960604727268219,52613.732334764994,52000,55069.85495631914,55090.58204042479,50,55398.038867994816,nan,nan,nan,0.033221952617168427
25.409397185983835,hold,0,-0.006005690898746252,-2.0514447689056396,1.7944074869155884,0.01234580110758543,-0.2364201545715332,0.0418953001499176,6.356224261022184e-06,-2.1433783478715496,1.7999998294189228,0.36579959590755223,51160,-0.15829562249202667,0.05003259589119399,-0.0001784053310334155,1.2617410102393478,-4.596126697001106e-06,-0.29402433806287626,1.2334559181318535e-07,0.0,-0.8499999999999999,0.1,0.0,0.15,0.0,3.4416422843933105,51160,nan,0.9596388339996338,53311.723314460534,52000,55059.85495631914,55080.58204042479,50,55398.038867994816,nan,nan,nan,0.033221952617168427
25.429139483982,hold,0,-0.00591338612139225,-2.0568299293518066,1.7951058149337769,0.01234580110758543,-0.2364201545715332,0.0418953001499176,6.2505721658014605e-06,-2.149315420845567,1.799999832254293,0.36500151445430523,51049,-0.1793531806251938,0.05402651080406832,-0.0002801319612937281,1.0680159903131425,-4.715223440385134e-06,-0.29999999996291776,1.2654177400400943e-07,0.0,-0.8469999999999999,0.1,0.0,0.15,0.0,3.4416422843933105,51049,nan,0.9646597504615784,52919.17691763718,52000,55049.85495631914,55070.58204042479,50,55398.038867994816,nan,nan,nan,0.033221952617168427
25.448690335993888,hold,0,-0.00581174623221159,-2.0603978633880615,1.7954190969467163,0.006898027844727039,-0.23740632832050323,0.025442643091082573,6.1429626817385415e-06,-2.155302710148062,1.799999835142193,0.3728677685989957,52149,0.028199699181943316,0.0549552772090416,0.0025387093414332984,0.7560160011053085,-4.741192831556066e-06,-0.2999999999625082,1.2723871082367908e-07,0.0,-0.8439999999999999,0.1,0.0,0.15,0.0,3.4416422843933105,52149,nan,0.9636207818984985,54117.76186194066,52000,55039.85495631914,55060.58204042479,50,55398.038867994816,nan,nan,nan,0.033221952617168427
25.470296018000226,hold,0,-0.00589427025988698,-2.065786600112915,1.7956875562667847,0.006898027844727039,-0.23740632832050323,0.025442643091082573,6.033826125651904e-06,-2.16131109094699,1.7999998380710753,0.3725465004361631,52104,0.01972296665337936,0.055669057794449056,0.0026293729858120063,1.201447012135759,-4.76744986305129e-06,-0.29999999996209176,1.2794336700540466e-07,0.0,-0.8409999999999999,0.1,0.0,0.15,0.0,3.4416422843933105,52104,nan,0.9589695334434509,54333.32153202602,52000,55030.43451066191,55050.88523364615,50,55398.038867994816,nan,nan,nan,0.033221952617168427
25.48956278100377,hold,0,-0.005861159414052963,-2.0693299770355225,1.795654296875,0.001959252869710326,-0.23829343914985657,0.009144230745732784,5.923456615523454e-06,-2.1673205613409223,1.799999841033046,0.3807734989337108,53255,0.23679416711637913,0.05659356769012834,0.005131744610450406,1.4639189757872373,-4.7939993403960835e-06,-0.2999999999616684,1.286558715143776e-07,0.0,-0.8379999999999999,0.1,0.0,0.15,0.0,3.4416422843933105,53255,nan,0.9647711515426636,55199.619013115764,52000,55032.69030402796,55052.86835070574,50,55398.038867994816,nan,nan,nan,0.033221952617168427
25.509262960986234,hold,0,-0.0060023292899131775,-2.074733018875122,1.7954487800598145,0.001959252869710326,-0.23829343914985657,0.009144230745732784,5.813028698550226e-06,-2.173256740539403,1.799999843996584,0.3810423917445098,53292,0.24388896423508655,0.057114205726088635,0.0052761885703331846,0.938320008572191,-4.820846176761248e-06,-0.2999999999612379,1.2937635620465687e-07,0.0,-0.8349999999999999,0.1,0.0,0.15,0.0,3.4416422843933105,53292,nan,0.9550673961639404,55799.203505479374,52000,55042.69030402796,55062.81948610272,50,55398.038867994816,nan,nan,nan,0.033221952617168427
25.52950390399201,hold,0,-0.006118888966739178,-2.078395366668701,1.7951751947402954,-0.00018611398991197348,-0.23974044620990753,-0.0008252611150965095,5.6989705193854215e-06,-2.17934059834196,1.7999998470575471,0.38640208395720416,54042,0.38530564530881506,0.058082203154689774,0.006433985813050436,1.2522350007202476,-4.847995395994222e-06,-0.29999999996080007,1.3010495590051427e-07,0.0,-0.8319999999999999,0.1,0.0,0.15,0.0,3.4416422843933105,54042,nan,0.9559268355369568,56533.61532595106,52000,55052.69030402796,55072.81948610272,50,55398.038867994816,nan,nan,nan,0.033221952617168427
25.549737316003302,hold,0,-0.006214193068444729,-2.0820634365081787,1.7948193550109863,-0.0037190206348896027,-0.2463754117488861,-0.018328947946429253,5.58397073790899e-06,-2.1854028987451923,1.7999998501437797,0.3955680106418134,55324,0.6271506765649963,0.055800496228069804,0.008167434383989258,1.3153900217730552,-4.875452135753166e-06,-0.29999999996035476,1.3084180848054375e-07,0.0,-0.8289999999999998,0.1,0.0,0.15,0.0,3.4416422843933105,55324,nan,0.9645733833312988,57355.92641892136,52000,55062.69030402796,55082.81948610272,50,55398.038867994816,nan,nan,nan,0.033221952617168427
25.57023799599847,hold,0,-0.00645790109410882,-2.0875942707061768,1.7940466403961182,-0.005204735789448023,-0.2505263686180115,-0.024264808744192123,5.4651990900846276e-06,-2.1916158249431583,1.7999998533312374,0.39946864219312256,55869,0.7300697148581143,0.05385812803797782,0.009075462788040278,1.0870030091609806,-4.9032216507481794e-06,-0.29999999995990184,1.3158705496464523e-07,0.0,-0.8259999999999998,0.1,0.0,0.15,0.0,3.4416422843933105,55869,nan,0.9727968573570251,57431.31217733322,52000,55072.69030402796,55092.81948610272,50,55398.038867994816,nan,nan,nan,0.033221952617168427
25.589047818997642,hold,0,-0.006624539382755756,-2.091373920440674,1.7935007810592651,-0.006629096809774637,-0.2555570602416992,-0.027387574315071106,5.353532743974589e-06,-2.1973137126414453,1.799999856328011,0.401699637752451,56181,0.788935033046199,0.052963683271798956,0.00990007173293872,1.0180849931202829,-4.931309316093899e-06,-0.2999999999594411,1.3234083960399794e-07,0.0,-0.8229999999999998,0.1,0.0,0.15,0.0,3.4416422843933105,56181,nan,0.9873778223991394,56899.191703020944,52000,55082.69030402796,55102.81948610272,50,55398.038867994816,nan,nan,nan,0.033221952617168427
25.61065756098833,hold,0,-0.006842530332505703,-2.0971784591674805,1.7925524711608887,-0.008010436780750751,-0.26037612557411194,-0.031396836042404175,5.235421779672765e-06,-2.2033235880383266,1.799999859497738,0.40484345220867946,56621,0.8718852825509078,0.050371619826464306,0.010720896764552679,1.104257011320442,-4.959720630778006e-06,-0.2999999999589724,1.331033099741443e-07,0.0,-0.8199999999999998,0.1,0.0,0.15,0.0,3.4416422843933105,56621,nan,0.9847243428230286,57499.34020893372,52000,55092.69030402796,55112.81948610272,50,55398.038867994816,nan,nan,nan,0.033221952617168427
25.629471945983823,hold,0,-0.007027521729469299,-2.1011195182800293,1.7918154001235962,-0.008010436780750751,-0.26037612557411194,-0.031396836042404175,5.114231083887293e-06,-2.2094363532349153,1.7999998627501153,0.4058089384612431,56756,0.8973598538586565,0.05239533037539432,0.010877609336901406,1.039958995534107,-4.988461221250326e-06,-0.2999999999584956,1.3387461707130976e-07,0.0,-0.8169999999999998,0.1,0.0,0.15,0.0,3.4416422843933105,56756,nan,0.9939435124397278,57101.83656281136,52000,55102.69030402796,55122.81948610272,50,55398.038867994816,nan,nan,nan,0.033221952617168427
25.64948918198934,hold,0,-0.007263801991939545,-2.1050784587860107,1.791124701499939,-0.009015368297696114,-0.27296438813209534,-0.03495250642299652,4.995445117143601e-06,-2.215320870939751,1.7999998659379572,0.4083625056534933,57113,0.9647362969259436,0.04778305713403317,0.011533119396085478,1.3344979961402714,-5.017536845137436e-06,-0.2999999999580103,1.346549154120916e-07,0.0,-0.8139999999999998,0.1,0.0,0.15,0.0,3.4416422843933105,57113,nan,0.9962517023086548,57327.88196762897,52000,55112.69030402796,55132.81948610272,50,55398.038867994816,nan,nan,nan,0.033221952617168427
25.668984533986077,hold,0,-0.007559926714748144,-2.111233949661255,1.79012930393219,-0.008877950720489025,-0.27906036376953125,-0.035126738250255585,4.87302837091916e-06,-2.2213384167383845,1.7999998692232377,0.4096346346325081,57291,0.9983017053432199,0.044520136380193656,0.011719249620684824,0.8764170052018017,-5.046953395087949e-06,-0.2999999999575165,1.3544436313665405e-07,0.0,-0.8109999999999998,0.1,0.0,0.15,0.0,3.4416422843933105,57291,nan,1.0055903196334839,56972.505484023895,52000,55122.69030402796,55142.81948610272,50,55398.038867994816,nan,nan,nan,0.033221952617168427
25.689172251004493,hold,0,-0.007736814208328724,-2.115501642227173,1.789538025856018,-0.008877950720489025,-0.27906036376953125,-0.035126738250255585,4.750084359080519e-06,-2.2273017978317835,1.7999998725226685,0.41040447812716674,57399,1.018614198605981,0.046091159591963596,0.011869546167390777,1.1997479887213558,-5.076716902753856e-06,-0.29999999995701393,1.3624312211557492e-07,0.0,-0.8079999999999998,0.1,0.0,0.15,0.0,3.4416422843933105,57399,nan,1.0160611867904663,56491.67662954624,52000,55132.69030402796,55152.81948610272,50,55398.038867994816,nan,nan,nan,0.033221952617168427
25.70976727400557,hold,0,-0.007816752418875694,-2.119797945022583,1.78896963596344,-0.008178718388080597,-0.286744624376297,-0.03269517049193382,4.624098933800775e-06,-2.2333581561290363,1.7999998759037212,0.4098609179174323,57323,1.004272240565495,0.044118004042794146,0.011621942811193664,1.432896009646356,-5.106833542913582e-06,-0.29999999995650245,1.3705135806049568e-07,0.0,-0.8049999999999998,0.1,0.0,0.15,0.0,3.394134998321533,57323,nan,1.0121514797210693,56634.80333575878,52000,55142.69030402796,55162.81948610272,50,54864.9596109834,nan,nan,nan,0.033221952617168427
25.728894063999178,hold,0,-0.00817900337278843,-2.1264493465423584,1.7881226539611816,-0.007210438139736652,-0.2934350371360779,-0.030585503205657005,4.4982889905899e-06,-2.239316457029449,1.7999998792800647,0.40979618910853904,57314,1.0025643564258306,0.040179377987437766,0.011504657574675559,0.8849969890434295,-5.137309637742661e-06,-0.2999999999559817,1.3786924063873275e-07,0.0,-0.8019999999999998,0.1,0.0,0.15,0.0,3.394134998321533,57314,nan,1.0274605751037598,55782.18900925912,52000,55151.21695343104,55171.07774641147,50,54864.9596109834,nan,nan,nan,0.033221952617168427
25.749626818986144,hold,0,-0.008336357772350311,-2.1309733390808105,1.7876075506210327,-0.004186984151601791,-0.3108319640159607,-0.021875934675335884,4.369324221823875e-06,-2.2453702011332823,1.7999998827410737,0.4059765119416986,56780,0.9017813177229161,0.03348866421446545,0.010278248580832594,1.3031989801675081,-5.168151661238266e-06,-0.29999999995545157,1.3869694359201813e-07,0.0,-0.7989999999999998,0.1,0.0,0.15,0.0,3.394134998321533,56780,nan,1.0206878185272217,55629.15415403841,52000,55157.58944943914,55177.185431846505,50,54864.9596109834,nan,nan,nan,0.033221952617168427
25.76949653599877,hold,0,-0.008474604226648808,-2.137993097305298,1.7870326042175293,-0.002483972581103444,-0.318162202835083,-0.016822269186377525,4.23987255082385e-06,-2.2513621527293277,1.7999998862151496,0.40410786056860376,56518,0.8524765321531316,0.028995638590563297,0.009619590746349882,0.9807659953366965,-5.199366243804063e-06,-0.29999999995491183,1.3953464485954234e-07,0.0,-0.7959999999999998,0.1,0.0,0.15,0.0,3.394134998321533,56518,nan,1.0301333665847778,54864.74065719789,52000,55153.684798875925,55173.019501517854,50,54864.9596109834,nan,nan,nan,0.033221952617168427
25.789376525994157,hold,0,-0.008583984337747097,-2.1427619457244873,1.7867344617843628,-0.0005410659359768033,-0.32672902941703796,-0.010964727029204369,4.108968913325478e-06,-2.257347150026175,1.7999998897281917,0.40151586000028444,56156,0.7840860158386391,0.02612568608675002,0.008822690777285258,1.1485160212032497,-5.2309601770022246e-06,-0.2999999999543622,1.4038252670548368e-07,0.0,-0.7929999999999998,0.1,0.0,0.15,0.0,3.394134998321533,56156,nan,1.0347663164138794,54269.25781138306,52000,55143.684798875925,55163.019501517854,50,54864.9596109834,nan,nan,nan,0.033221952617168427
25.80958640499739,hold,0,-0.00868409126996994,-2.1477210521698,1.7865982055664062,0.0012717156205326319,-0.3342083692550659,-0.005396033171564341,3.976124208579942e-06,-2.2633515549212895,1.7999998932933259,0.398873222135216,55786,0.7143594230927679,0.023595735828520405,0.008072405056113174,1.3039199984632432,-5.262940418479769e-06,-0.2999999999538025,1.4124077585121546e-07,0.0,-0.7899999999999998,0.1,0.0,0.15,0.0,3.394134998321533,55786,nan,1.0324623584747314,54031.994040357364,52000,55133.684798875925,55153.019501517854,50,54864.9596109834,nan,nan,nan,0.033221952617168427
25.829278961988166,hold,0,-0.008708491921424866,-2.15531325340271,1.7864832878112793,0.0012717156205326319,-0.3342083692550659,-0.005396033171564341,3.840557666417299e-06,-2.269417571720311,1.7999998969315056,0.3990029772146654,55804,0.7177830399647842,0.02205761836338469,0.008094090151734346,0.8931560150813311,-5.2953140970767045e-06,-0.2999999999532324,1.421095836123928e-07,0.0,-0.7869999999999998,0.1,0.0,0.15,0.0,3.394134998321533,55804,nan,1.0344163179397583,53947.33148752384,52000,55123.684798875925,55143.019501517854,50,54864.9596109834,nan,nan,nan,0.033221952617168427
25.849729612993542,hold,0,-0.008688578382134438,-2.1604561805725098,1.7864247560501099,0.004971355199813843,-0.34975528717041016,0.005748288240283728,3.7052948663975843e-06,-2.2753719984263157,1.7999999005615341,0.3934476702382809,55027,0.5712050194797058,0.015289514159388668,0.006307301973380586,1.3800229935441166,-5.328088518123876e-06,-0.2999999999526517,1.4298914604112995e-07,0.0,-0.7839999999999998,0.1,0.0,0.15,0.0,3.394134998321533,55027,nan,1.028742790222168,53489.560775552396,52000,55113.684798875925,55133.019501517854,50,54864.9596109834,nan,nan,nan,0.033221952617168427
25.87053853998077,hold,0,-0.008644022047519684,-2.1684110164642334,1.7865455150604248,0.006796117406338453,-0.35739052295684814,0.011266181245446205,3.563787512101306e-06,-2.2815815748224475,1.7999999043591466,0.3905080010990198,54616,0.4936411899477502,0.00970590353830882,0.005374406404098586,1.089575991500169,-5.361271168938777e-06,-0.2999999999520601,1.438796640734907e-07,0.0,-0.7809999999999998,0.1,0.0,0.15,0.0,3.394134998321533,54616,nan,1.0311311483383179,52967.07415736053,52000,55103.684798875925,55123.019501517854,50,54864.9596109834,nan,nan,nan,0.033221952617168427
25.88866839898401,hold,0,-0.008557820692658424,-2.1737358570098877,1.7867391109466553,0.006796117406338453,-0.35739052295684814,0.011266181245446205,3.42925824676431e-06,-2.2873044825187363,1.7999999079694893,0.3902674207152689,54583,0.48729342256645936,0.010119902529759684,0.005289212063824378,0.7220370171125978,-5.39486972452801e-06,-0.2999999999514574,1.447813436825246e-07,0.0,-0.7779999999999998,0.1,0.0,0.15,0.0,3.394134998321533,54583,nan,1.0205931663513184,53481.643616268266,52000,55093.684798875925,55113.019501517854,50,54864.9596109834,nan,nan,nan,0.033221952617168427
25.9096958579903,hold,0,-0.008431634865701199,-2.181915521621704,1.7870382070541382,0.010040735825896263,-0.36782512068748474,0.019351979717612267,3.2863533878139987e-06,-2.293396459817969,1.7999999118046064,0.38582899535268705,53962,0.3701845739495244,0.00266273085862308,0.003537158705802179,1.4341030037030578,-5.428892053505521e-06,-0.29999999995084314,1.4569439603709352e-07,0.0,-0.7749999999999998,0.1,0.0,0.15,0.0,3.409970760345459,53962,nan,1.023086428642273,52744.32197445175,52000,55083.684798875925,55103.019501517854,50,55042.65269665387,nan,nan,nan,0.033221952617168427
25.928459699003724,hold,0,-0.008385349065065384,-2.187417507171631,1.7872850894927979,0.010040735825896263,-0.36782512068748474,0.019351979717612267,3.145507127310839e-06,-2.2992757941185333,1.7999999155844773,0.3855207669796882,53919,0.36205189920021397,0.0030563843767259435,0.0034917982254061286,0.6359029794111848,-5.463346224236193e-06,-0.29999999995021726,1.4661903766674664e-07,0.0,-0.7719999999999998,0.1,0.0,0.15,0.0,3.409970760345459,53919,nan,1.0106754302978516,53349.47143625504,52000,55073.684798875925,55093.019501517854,50,55042.65269665387,nan,nan,nan,0.033221952617168427
25.94906805700157,hold,0,-0.008244507946074009,-2.1929523944854736,1.787574291229248,0.013292190618813038,-0.37672823667526245,0.022887535393238068,2.999575865671643e-06,-2.3053344132154985,1.7999999195008134,0.38338807597587343,53620,0.3057803687565528,-0.0010246548938937603,0.0016679327644244513,0.9346570004709065,-5.498240511214873e-06,-0.29999999994957927,1.4755549063291324e-07,0.0,-0.7689999999999998,0.1,0.0,0.15,0.0,3.409970760345459,53620,nan,1.0057666301727295,53312.56614746837,52000,55063.684798875925,55083.019501517854,50,55042.65269665387,nan,nan,nan,0.033221952617168427
25.969059883005684,hold,0,-0.00806847307831049,-2.1985788345336914,1.787981629371643,0.014708814211189747,-0.37713196873664856,0.023625226691365242,2.8530370805584627e-06,-2.31132425701576,1.7999999234334538,0.3825095759724088,53497,0.2826009491400736,-0.0008580828223449219,0.0007468072219241062,0.9586029918864369,-5.5335834016914255e-06,-0.29999999994892895,1.4850398270669865e-07,0.0,-0.7659999999999998,0.1,0.0,0.15,0.0,3.409970760345459,53497,nan,1.007516622543335,53097.883253731634,52000,55053.684798875925,55073.019501517854,50,55042.65269665387,nan,nan,nan,0.033221952617168427
25.98925516399322,hold,0,-0.00806847307831049,-2.1985788345336914,1.787981629371643,0.01667400822043419,-0.38106414675712585,0.024391939863562584,2.70455185837088e-06,-2.3173168121873537,1.7999999274183305,0.3821262142329965,53444,0.27248586366745187,0.0010800010677345965,-0.00028113309466548664,1.1002999963238835,-5.488658628893749e-06,-0.29565167456401975,1.4729834303375016e-07,0.0,-0.7629999999999998,0.1,0.0,0.15,0.0,3.409970760345459,53444,nan,1.0027741193771362,53296.150117233025,52000,55043.684798875925,55063.019501517854,50,55042.65269665387,nan,nan,nan,0.033221952617168427
26.00923531400622,hold,0,-0.00806847307831049,-2.1985788345336914,1.787981629371643,0.01876872032880783,-0.38426560163497925,0.0236700139939785,2.559388171499236e-06,-2.323028115416954,1.7999999313140673,0.38248739413479854,53494,0.282015676379908,0.0006844484614163086,-0.001376261258062783,1.1127599864266813,-5.356684501643061e-06,-0.2866760030687343,1.4375657234227073e-07,0.0,-0.7599999999999998,0.1,0.0,0.15,0.0,3.409970760345459,53494,nan,1.0020087957382202,53386.75691024131,52000,55033.684798875925,55053.019501517854,50,55042.65269665387,nan,nan,nan,0.033221952617168427
26.029558278998593,hold,0,-0.00806847307831049,-2.1985788345336914,1.787981629371643,0.01876872032880783,-0.38426560163497925,0.0236700139939785,2.416453836702997e-06,-2.3285197095183525,1.7999999351499756,0.38248786455081923,53494,0.28202808841211535,0.0017065770605763735,-0.00137633861229558,1.312013977440074,-5.221988043926758e-06,-0.2776475720681504,1.401417428592198e-07,0.0,-0.7569999999999998,0.1,0.0,0.15,0.0,3.409970760345459,53494,nan,0.9948760867118835,53769.510308364544,52000,55023.684798875925,55043.019501517854,50,55042.65269665387,nan,nan,nan,0.033221952617168427
26.049738126981538,hold,0,-0.007961476221680641,-2.201430320739746,1.7882161140441895,0.022738760337233543,-0.3876130282878876,0.022197503596544266,2.275466792741898e-06,-2.333808823828491,1.7999999389336248,0.38293349630578605,53557,0.29378618221071306,-0.0022532577958125494,-0.003560072688775451,0.8879759989213198,-5.0840502517440755e-06,-0.268541813671478,1.364399261487974e-07,0.0,-0.7539999999999998,0.1,0.0,0.15,0.0,3.409970760345459,53557,nan,0.9995437860488892,53581.444602548356,52000,55013.684798875925,55033.019501517854,50,55042.65269665387,nan,nan,nan,0.033221952617168427
26.069509258988546,hold,0,-0.006486712023615837,-2.234985589981079,1.7903178930282593,0.022821763530373573,-0.36073416471481323,0.018863698467612267,2.1404070466243618e-06,-2.3386886554417012,1.7999999425582036,0.38207501088824974,53437,0.27113485193270925,-0.02289746615472739,-0.0051555580592286265,1.0965639958158135,-4.947208157048169e-06,-0.2595896891687485,1.3276751451440192e-07,0.0,-0.7509999999999998,0.1,0.0,0.15,0.0,3.409970760345459,53437,nan,0.9962316155433655,53639.13287459197,52000,55003.684798875925,55023.019501517854,50,55042.65269665387,nan,nan,nan,0.033221952617168427
26.089116554998327,hold,0,-0.006065999157726765,-2.2405359745025635,1.7906663417816162,0.024274593219161034,-0.35934239625930786,0.016401873901486397,2.0096950219620533e-06,-2.343247734202848,1.7999999460661036,0.3829207855962253,53555,0.29345080728826467,-0.02779951909406515,-0.0063425476784446655,1.0875299922190607,-4.809767341333316e-06,-0.25070173407200463,1.2907903509004297e-07,0.0,-0.7479999999999998,0.1,0.0,0.15,0.0,3.409970760345459,53555,nan,0.9894891977310181,54123.8854580789,52000,54993.684798875925,55013.019501517854,50,55042.65269665387,nan,nan,nan,0.033221952617168427
26.1095018319902,hold,0,-0.005744214169681072,-2.2460596561431885,1.7909873723983765,0.02550622448325157,-0.35607194900512695,0.01387066300958395,1.8799905535491015e-06,-2.347663542512268,1.7999999495469636,0.38383490252054636,53683,0.3175699873495077,-0.031894644488930535,-0.007304613695751083,1.2611409765668213,-4.66759884899522e-06,-0.24166479777107103,1.2526367968740083e-07,0.0,-0.7449999999999998,0.1,0.0,0.15,0.0,3.4258065223693848,53683,nan,0.9887301325798035,54294.896282699345,52000,54984.36761866024,55003.44452526694,50,55220.345782324344,nan,nan,nan,0.033221952617168427
26.1291973409825,hold,0,-0.005215941928327084,-2.2542216777801514,1.7912712097167969,0.02550622448325157,-0.35607194900512695,0.01387066300958395,1.754790358130713e-06,-2.3517573099151687,1.7999999529069433,0.3836063654842009,53651,0.3115399863905246,-0.04084018567031379,-0.007859885745675754,1.12118199467659,-4.524752703138081e-06,-0.23269210137142354,1.2143013819463088e-07,0.0,-0.7419999999999998,0.1,0.0,0.15,0.0,3.4258065223693848,53651,nan,0.9817841649055481,54646.43036401128,52000,54979.86178859825,54998.6843364502,50,55220.345782324344,nan,nan,nan,0.033221952617168427
26.148866370000178,hold,0,-0.004738988820463419,-2.259634017944336,1.7915881872177124,0.02788349986076355,-0.3521415591239929,0.00688847666606307,1.6329780488331597e-06,-2.355590768318577,1.7999999561760027,0.3867743422105065,54094,0.3951277628101959,-0.04475595087479263,-0.00951816701891528,0.9182999783661216,-4.3797458681979394e-06,-0.22370860287268776,1.1753861059938012e-07,0.0,-0.7389999999999998,0.1,0.0,0.15,0.0,3.4258065223693848,54094,nan,0.9793044924736023,55237.16108292859,52000,54983.292445855994,55001.86402640325,50,55220.345782324344,nan,nan,nan,0.033221952617168427
26.169457705982495,hold,0,-0.00438042264431715,-2.264962673187256,1.791691780090332,0.02838040329515934,-0.3489185571670532,0.003313253400847316,1.5136061583976734e-06,-2.3592155242140835,1.799999959379569,0.38851994881127333,54338,0.44118598446631374,-0.04932346838428238,-0.010100431423325507,1.1632629903033376,-4.23108547988614e-06,-0.21464082897386164,1.1354903311722299e-07,0.0,-0.7359999999999998,0.1,0.0,0.15,0.0,3.4258065223693848,54338,nan,0.9804286360740662,55422.69778816931,52000,54989.15118375351,55007.475143226795,50,55220.345782324344,nan,nan,nan,0.033221952617168427
26.189118423993932,hold,0,-0.0037628759164363146,-2.27286434173584,1.7918448448181152,0.02847040817141533,-0.34499794244766235,-0.0007166702416725457,1.3998461239102134e-06,-2.3624743488228765,1.7999999624325307,0.39049481320209684,54614,0.4932932243297312,-0.05640823159460334,-0.010728102272956841,1.0898610053118318,-4.083028128687659e-06,-0.2057070506762626,1.0957563925543389e-07,0.0,-0.7329999999999998,0.1,0.0,0.15,0.0,3.4258065223693848,54614,nan,0.977555513381958,55867.92693855004,52000,54999.15118375351,55017.475143226795,50,55220.345782324344,nan,nan,nan,0.033221952617168427
26.20911315799458,hold,0,-0.003366784891113639,-2.277981758117676,1.7918888330459595,0.028056537732481956,-0.33921220898628235,-0.0040963878855109215,1.2891068054836686e-06,-2.3655027504430586,1.7999999654044259,0.39221345743110886,54855,0.5386400377601266,-0.059930911279631335,-0.010874049021011523,1.2054909893777221,-3.931822728777368e-06,-0.19671896127832628,1.0551776166266576e-07,0.0,-0.7299999999999998,0.1,0.0,0.15,0.0,3.4258065223693848,54855,nan,0.9842516779899597,55732.69645018535,52000,55008.93178730593,55027.01142731958,50,55220.345782324344,nan,nan,nan,0.033221952617168427
26.228854360990226,hold,0,-0.002738197334110737,-2.285562038421631,1.7919716835021973,0.02750246226787567,-0.33294397592544556,-0.004687467589974403,1.182103608504999e-06,-2.368268342948877,1.7999999682760552,0.39256236235166536,54903,0.547845972339454,-0.06618762600380046,-0.011222646990716623,0.9465820039622486,-3.77828784502025e-06,-0.18772052158335015,1.013973680465918e-07,0.0,-0.7269999999999998,0.1,0.0,0.15,0.0,3.4258065223693848,54903,nan,0.9842516779899597,55781.464464579825,52000,55018.93178730593,55037.01142731958,50,55220.345782324344,nan,nan,nan,0.033221952617168427
26.248906845983583,hold,0,-0.002298470353707671,-2.2904791831970215,1.7919816970825195,0.026845205575227737,-0.3254121243953705,-0.0034648252185434103,1.0789932380731273e-06,-2.370767301240002,1.7999999710432135,0.39202603099707345,54828,0.5336947492631499,-0.06950443243089938,-0.0113513927290525,0.9780009859241545,-3.6224725732966673e-06,-0.17871658918361957,9.721577598629945e-08,0.0,-0.7239999999999998,0.1,0.0,0.15,0.0,3.4258065223693848,54828,nan,1.003968596458435,54611.26990765384,52000,55013.496295577235,55031.33487372404,50,55220.345782324344,nan,nan,nan,0.033221952617168427
26.269544120994397,hold,0,-0.0017278229352086782,-2.2977073192596436,1.7919337749481201,0.026845205575227737,-0.3254121243953705,-0.0034648252185434103,9.79508661803474e-07,-2.3730167763004872,1.7999999737130667,0.3923705689376799,54877,0.5427854600970932,-0.07915495826997115,-0.011923227920401125,1.4257179864216596,-3.4636914284165393e-06,-0.1696759682857254,9.295458921423039e-08,0.0,-0.7209999999999998,0.1,0.0,0.15,0.0,3.4258065223693848,54877,nan,1.002230167388916,54754.88743565723,52000,55010.04817744497,55027.64890788315,50,55220.345782324344,nan,nan,nan,0.033221952617168427
26.28887304099044,hold,0,-0.001345012104138732,-2.302341938018799,1.7918989658355713,0.02517491579055786,-0.30589422583580017,-0.0022074063308537006,8.851747684779209e-07,-2.3749463904478194,1.7999999762446919,0.39170482633727954,54784,0.5252196922765044,-0.0766486719509912,-0.011481563786799098,1.025498000672087,-3.3044551917486446e-06,-0.160723880384461,8.868118920923894e-08,0.0,-0.7179999999999997,0.1,0.0,0.15,0.0,3.4258065223693848,54784,nan,1.0044077634811401,54543.58477888117,52000,55003.82866546413,55021.19471949646,50,55220.345782324344,nan,nan,nan,0.033221952617168427
26.308921322983224,hold,0,-0.0008706185035407543,-2.309040069580078,1.7917553186416626,0.02407793328166008,-0.29602155089378357,-0.0027780625969171524,7.938934424176735e-07,-2.3766628467103663,1.7999999786943959,0.3923121717546567,54868,0.5412446373260327,-0.08120894219530136,-0.011388243171052359,0.7029930129647255,-3.1407105193596265e-06,-0.1516650650902777,8.42867969625548e-08,0.0,-0.7149999999999997,0.1,0.0,0.15,0.0,3.4152493476867676,54868,nan,0.9985401630401611,54948.215435770326,52000,55003.08715573487,55020.221662380114,50,55101.8837252107,nan,nan,nan,0.033221952617168427
26.328757855982985,hold,0,-0.00046042597386986017,-2.313354015350342,1.7917590141296387,0.0226169191300869,-0.2854585349559784,-0.003191598691046238,7.078077113950366e-07,-2.3780665963885403,1.7999999810046663,0.39258176179427445,54906,0.5483578309834929,-0.08331710584820251,-0.011054038606411964,0.777907989686355,-2.9763034217069814e-06,-0.14268861959678855,7.98746273042455e-08,0.0,-0.7119999999999997,0.1,0.0,0.15,0.0,3.4152493476867676,54906,nan,0.9922437071800232,55335.19598329726,52000,55007.5152734357,55024.42131999235,50,55101.8837252107,nan,nan,nan,0.033221952617168427
26.34920440899441,hold,0,-6.484915502369404e-05,-2.3175208568573,1.791739583015442,0.02095703035593033,-0.27495959401130676,-0.003875717055052519,6.256293495226693e-07,-2.3792243819740095,1.799999983210075,0.3930215788235884,54968,0.5599625019416443,-0.08554519046902428,-0.01059956010548313,1.013092027278617,-2.808421874434301e-06,-0.13366140359745374,7.536921434067917e-08,0.0,-0.7089999999999997,0.1,0.0,0.15,0.0,3.4152493476867676,54968,nan,0.9890300631523132,55577.683680111535,52000,55015.117518858046,55031.7981514606,50,55101.8837252107,nan,nan,nan,0.033221952617168427
26.36859429400647,hold,0,0.00028684717835858464,-2.3234477043151855,1.791568398475647,0.019020548090338707,-0.26269635558128357,-0.003780541941523552,5.483794598440351e-07,-2.380092046953815,1.7999999852832194,0.39330397087091606,55007,0.5674134794436938,-0.08897364065706578,-0.009964867102326025,0.6470690132118762,-2.639005248414757e-06,-0.12467867429604718,7.082260468933764e-08,0.0,-0.7059999999999997,0.1,0.0,0.15,0.0,3.4152493476867676,55007,nan,0.9989403486251831,55065.350073910595,52000,55015.78728625875,55032.245510426605,50,55101.8837252107,nan,nan,nan,0.033221952617168427
26.388703523000004,hold,0,0.0005477102240547538,-2.327211380004883,1.7914605140686035,0.01702067255973816,-0.25060030817985535,-0.0018100928282365203,4.7571814265646103e-07,-2.3806906838947404,1.7999999872332206,0.3925119810038141,54896,0.5465166491771516,-0.09079872109656412,-0.009231751829968049,0.7698659901507199,-2.4670741977199674e-06,-0.11569610909664878,6.620851578424963e-08,0.0,-0.7029999999999997,0.1,0.0,0.15,0.0,3.4152493476867676,54896,nan,1.0075730085372925,54483.39677111168,52000,55008.68874605679,55024.92752723574,50,55101.8837252107,nan,nan,nan,0.033221952617168427
26.409686847007833,hold,0,0.0007740231230854988,-2.3307788372039795,1.791340947151184,0.014946941286325455,-0.23600409924983978,5.494148808793398e-06,4.069874758653755e-07,-2.381055714729132,1.7999999890777356,0.39177016559618927,54793,0.5269436832767607,-0.09142705450243527,-0.008421600437234611,1.3058679760433733,-2.290432817623844e-06,-0.10661412270374508,6.146801644578048e-08,0.0,-0.6999999999999997,0.1,0.0,0.15,0.0,3.4152493476867676,54793,nan,1.0070414543151855,54409.875348439025,52000,55000.70456742189,55016.726831518456,50,55101.8837252107,nan,nan,nan,0.033221952617168427
26.429036116984207,hold,0,0.0011510507902130485,-2.3358006477355957,1.7911497354507446,0.014946941286325455,-0.23600409924983978,5.494148808793398e-06,3.4431589571531423e-07,-2.381092917031155,1.7999999907596438,0.3923721901927303,54877,0.542828237275204,-0.10095967198911099,-0.00879302438151286,0.9707369899842888,-2.1146447809290705e-06,-0.09769467630870482,5.6750418161568176e-08,0.0,-0.6969999999999997,0.1,0.0,0.15,0.0,3.4152493476867676,54877,nan,1.0085762739181519,54410.36183293499,52000,54992.833330962065,55008.64196487068,50,55101.8837252107,nan,nan,nan,0.033221952617168427
26.44939131598221,hold,0,0.0012591250706464052,-2.3390824794769287,1.7911380529403687,0.011833147145807743,-0.2074711173772812,0.001170063973404467,2.8549094121872013e-07,-2.380910068106122,1.7999999923383208,0.391557726530965,54763,0.5213384308961722,-0.09473733245224165,-0.007331173288603665,1.0962279920931906,-1.932854950888324e-06,-0.08862256560521417,5.1871750611645134e-08,0.0,-0.6939999999999997,0.1,0.0,0.15,0.0,3.4152493476867676,54763,nan,0.9997704029083252,54775.57631301628,52000,54989.93657072279,55005.53442284596,50,55101.8837252107,nan,nan,nan,0.033221952617168427
26.46893344898126,hold,0,0.0015948882792145014,-2.343384027481079,1.790902853012085,0.01057090051472187,-0.19088129699230194,0.001618934329599142,2.3276383809146519e-07,-2.3804087539892,1.7999999937533504,0.39166266695107577,54778,0.5241073074162461,-0.09569750836249535,-0.007027515214238056,1.0226279846392572,-1.7519334588748056e-06,-0.0797166708094184,4.7016386524599254e-08,0.0,-0.6909999999999997,0.1,0.0,0.15,0.0,3.4152493476867676,54778,nan,1.001427173614502,54699.933697911336,52000,54986.069865751975,55001.459746513494,50,55101.8837252107,nan,nan,nan,0.033221952617168427
26.489205260993913,hold,0,0.0017456368077546358,-2.346034526824951,1.7908343076705933,0.009726851247251034,-0.1757759302854538,0.0004405224462971091,1.8450059907449215e-07,-2.3796691302800763,1.7999999950485839,0.3923469207642835,54873,0.5421614977383502,-0.09588394438963546,-0.00673863918896056,1.1567680048756301,-1.5657709610402109e-06,-0.07070022511081969,4.202037031734122e-08,0.0,-0.6879999999999997,0.1,0.0,0.15,0.0,3.4152493476867676,54873,nan,0.9980746507644653,54978.85349354437,52000,54985.973647455874,55001.15832980724,50,55101.8837252107,nan,nan,nan,0.033221952617168427
26.50918433300103,hold,0,0.0019327130867168307,-2.3497395515441895,1.7906252145767212,0.00903149414807558,-0.15987086296081543,-0.0008002769318409264,1.4172542104081052e-07,-2.378649974574402,1.7999999961965354,0.3932726257107246,55003,0.5665864303621255,-0.09694406793265556,-0.006559371874818254,1.0138360084965825,-1.3776396980204456e-06,-0.0617253210149797,3.6971518641673535e-08,0.0,-0.6849999999999997,0.1,0.0,0.15,0.0,3.4152493476867676,55003,nan,0.9975736141204834,55136.78311198489,52000,54987.984440316264,55002.96666023628,50,55101.8837252107,nan,nan,nan,0.033221952617168427
26.528923526988365,hold,0,0.00212361803278327,-2.351889133453369,1.7905217409133911,0.008475602604448795,-0.14291542768478394,-0.00222665723413229,1.0395820103162278e-07,-2.377378368274029,1.7999999972100886,0.39409079833178995,55117,0.5881740984641137,-0.09620835496483049,-0.006457346244689077,0.8294830040540546,-1.1845044939902287e-06,-0.052659083118427784,3.178837692005583e-08,0.0,-0.6819999999999997,0.1,0.0,0.15,0.0,3.4152493476867676,55117,nan,1.0030333995819092,54950.31374127145,52000,54987.482164329,55002.264621316746,50,55101.8837252107,nan,nan,nan,0.033221952617168427
26.54967634100467,hold,0,0.002247309312224388,-2.3538358211517334,1.7903538942337036,0.008119240403175354,-0.12620136141777039,-0.004620181396603584,7.192657958220223e-08,-2.3758274522105687,1.7999999980697168,0.39547754638027965,55311,0.624763756735609,-0.0955197502323519,-0.00637952268277675,1.3433370040729642,-9.891472478425843e-07,-0.043629447316715114,2.65456025733874e-08,0.0,-0.6789999999999997,0.1,0.0,0.15,0.0,3.4152493476867676,55311,nan,0.9959779977798462,55534.35931646564,52000,54994.773859690824,55009.359217252066,50,55101.8837252107,nan,nan,nan,0.033221952617168427
26.56910754198907,hold,0,0.002475966000929475,-2.356367826461792,1.7901537418365479,0.007758731488138437,-0.10800666362047195,-0.005796758458018303,4.578540987457376e-08,-2.373996446497973,1.7999999987712636,0.3963026024767418,55427,0.6465330468797301,-0.0950612412817067,-0.006415022938157877,0.9920239972416312,-7.923229934168026e-07,-0.034671776719616784,2.126345833633284e-08,0.0,-0.6759999999999997,0.1,0.0,0.15,0.0,3.4152493476867676,55427,nan,0.996864378452301,55601.34477475677,52000,55002.86147189171,55017.2523580188,50,55101.8837252107,nan,nan,nan,0.033221952617168427
26.588834131980548,hold,0,0.0024973955005407333,-2.3577775955200195,1.7899576425552368,0.007461952045559883,-0.09031273424625397,-0.005429760552942753,2.5319235829925418e-08,-2.371900862664393,1.7999999993205114,0.3963316550557971,55431,0.6472996056938527,-0.09419657270797277,-0.006286334114074865,0.8276900043711066,-5.915619596198227e-07,-0.025680389428159183,1.5875663316915115e-08,0.0,-0.6729999999999997,0.1,0.0,0.15,0.0,3.4152493476867676,55431,nan,1.0053907632827759,55133.78680644343,52000,55004.60714301907,55018.806150664466,50,55101.8837252107,nan,nan,nan,0.033221952617168427
26.609414648992242,hold,0,0.0026069313753396273,-2.3590219020843506,1.789809226989746,0.006998982280492783,-0.07171013206243515,-0.005460542161017656,1.0758841372978309e-08,-2.3695366956149706,1.7999999997112666,0.3964869362408863,55452,0.6513967345880278,-0.09295463224849554,-0.006160751758245153,1.330357015831396,-3.871755501932126e-07,-0.016672811128757677,1.0390574612605368e-08,0.0,-0.6699999999999997,0.1,0.0,0.15,0.0,3.4152493476867676,55452,nan,1.007442831993103,55042.329191319935,52000,55005.11010366308,55019.11979120654,50,55101.8837252107,nan,nan,nan,0.033221952617168427
26.62909609399503,landing,0,0.002756621455773711,-2.3604846000671387,1.789587378501892,0.006525744218379259,-0.05423218011856079,-0.004640437662601471,1.0758479237667906e-08,-2.3664794903614057,1.7999427788631996,0.3934005590483668,55021,0.5699619801679887,-0.10114105922507666,-0.006120500106558291,1.0557780042290688,-4.025926288208113e-11,0.006359615523131903,-0.00636134919321407,0.0,-0.6669999999999997,0.1,0.0,0.15,0.0,3.4152493476867676,55021,nan,1.006242275238037,54679.67442232956,52000,55000.770961245296,55014.593852954844,50,55101.8837252107,nan,nan,nan,0.033221952617168427
26.649199000996305,landing,0,0.0028469390235841274,-2.361168384552002,1.7894549369812012,0.006058232393115759,-0.03735605999827385,-0.0036436421796679497,1.0757218241710349e-08,-2.363280295222394,1.7997435294223754,0.38924587440932906,54440,0.46033969417754683,-0.10118831281169813,-0.006038425171645434,1.0032870050054044,-8.523288804975935e-11,0.013463942435068077,-0.013467612788111085,0.0,-0.6639999999999997,0.1,0.0,0.15,0.0,3.4152493476867676,54440,nan,1.0084412097930908,53984.30713791421,52000,54990.770961245296,55004.593852954844,50,55101.8837252107,nan,nan,nan,0.033221952617168427
26.668624537996948,landing,0,0.0029927557334303856,-2.361816883087158,1.7892125844955444,0.005594124086201191,-0.02064174972474575,-0.00351641234010458,1.0755091641439612e-08,-2.359944363585173,1.799407506208136,0.3855475061885296,53922,0.3627574192224152,-0.10125231106260946,-0.00600687781604714,0.7650449988432229,-1.2954792768853155e-10,0.020464234885041836,-0.020469813560615162,0.0,-0.6609999999999997,0.1,0.0,0.15,0.0,3.4152493476867676,53922,nan,1.0061277151107788,53593.59372588495,52000,54980.770961245296,54994.593852954844,50,55101.8837252107,nan,nan,nan,0.033221952617168427
26.689064376987517,landing,0,0.0030837166123092175,-2.3619909286499023,1.789038896560669,0.00519203208386898,-0.004906293470412493,-0.004302187357097864,1.0752042958135878e-08,-2.3564627737031048,1.7989257850417206,0.3820000162442563,53426,0.26915610143156243,-0.10149402523013791,-0.00594738767679015,1.0249449987895787,-1.744352344702249e-10,0.027554926382215218,-0.027562438023651943,0.0,-0.6579999999999997,0.1,0.0,0.15,0.0,3.420527935028076,53426,nan,1.0049512386322021,53162.7783978016,52000,54970.770961245296,54984.593852954844,50,55161.11475376752,nan,nan,nan,0.033221952617168427
26.70999341199058,landing,0,0.0031730050686746836,-2.36195969581604,1.7888466119766235,0.00519203208386898,-0.004906293470412493,-0.004302187357097864,1.0747950109631673e-08,-2.3528162406814395,1.7982790757712002,0.3781016870704581,52881,0.16629781188543724,-0.11028573354954235,-0.006103169052293245,1.2318180233705789,-2.207849733894957e-10,0.034876633190098726,-0.03488614077358526,0.0,-0.6549999999999997,0.1,0.0,0.15,0.0,3.420527935028076,52881,nan,0.994174063205719,53190.88674420349,52000,54960.770961245296,54974.593852954844,50,55161.11475376752,nan,nan,nan,0.033221952617168427
26.729446101991925,landing,0,0.0032794843427836895,-2.361555814743042,1.788535237312317,0.004801072645932436,0.010786090046167374,-0.006128348875790834,1.0743263449029323e-08,-2.349075905231045,1.7975385385008344,0.3750304492464468,52451,0.08526251309885957,-0.11002008917560518,-0.006058222537131508,1.1647109931800514,-2.640493921303497e-10,0.04171096271643681,-0.04172233337994578,0.0,-0.6519999999999997,0.1,0.0,0.15,0.0,3.420527935028076,52451,nan,1.0070041418075562,52086.18100204762,52000,54950.770961245296,54964.593852954844,50,55161.11475376752,nan,nan,nan,0.033221952617168427
26.748743937001564,landing,0,0.0033558171708136797,-2.361029863357544,1.7883009910583496,0.003765882458537817,0.04352749139070511,-0.009314470924437046,1.073755365805487e-08,-2.34517394943962,1.7966363368307456,0.3718792264971087,52011,0.0021167941189617068,-0.10071188413898502,-0.005634921412591698,0.8210799715016037,-3.086703434907787e-10,0.04875957897550401,-0.04877287113490916,0.0,-0.6489999999999997,0.1,0.0,0.15,0.0,3.420527935028076,52011,nan,0.9912782311439514,52468.61916858443,52000,54940.770961245296,54954.593852954844,50,55161.11475376752,nan,nan,nan,0.033221952617168427
26.76971300400328,landing,0,0.003330767620354891,-2.3598437309265137,1.7878555059432983,0.0029887252021580935,0.06067908927798271,-0.013790348544716835,1.0730812297502988e-08,-2.3411090401952968,1.7955711372856502,0.3696722864596425,51702,-0.056113813729750106,-0.09902921154944483,-0.005220993583410882,1.066631026333198,-3.541887550545218e-10,0.0559499638967821,-0.055965216199087724,0.0,-0.6459999999999997,0.1,0.0,0.15,0.0,3.420527935028076,51702,nan,0.9912782311439514,52156.900429796624,52000,54930.770961245296,54944.593852954844,50,55161.11475376752,nan,nan,nan,0.033221952617168427
26.789083607989596,landing,0,0.0034155321773141623,-2.358722686767578,1.7874219417572021,0.0019639439415186644,0.07828951627016068,-0.019558783620595932,1.0723392585629283e-08,-2.3369369741555532,1.794398751733537,0.3680641640218896,51477,-0.09854448491056722,-0.09698564171501153,-0.004779069296245941,1.0109709983225912,-3.983190468068209e-10,0.06292107236665861,-0.06293822503576313,0.0,-0.6429999999999997,0.1,0.0,0.15,0.0,3.420527935028076,51477,nan,0.9777436852455139,52648.76754184712,52000,54920.770961245296,54934.593852954844,50,55161.11475376752,nan,nan,nan,0.033221952617168427
26.80922419100534,landing,0,0.0034076834563165903,-2.357409715652466,1.786960482597351,0.0005946822348050773,0.09649907797574997,-0.025322142988443375,1.0714953378584466e-08,-2.3326038620148184,1.7930652761782802,0.36621937303127966,51219,-0.1472197089372127,-0.09468879076683698,-0.004046781208987937,1.1038580269087106,-4.432035698030625e-10,0.0700113241189409,-0.07003040963403166,0.0,-0.6399999999999997,0.1,0.0,0.15,0.0,3.420527935028076,51219,nan,0.9840025305747986,52051.695405783925,52000,54910.770961245296,54924.593852954844,50,55161.11475376752,nan,nan,nan,0.033221952617168427
26.82976927800337,landing,0,0.003384978976100683,-2.355038642883301,1.7861263751983643,-0.0009319459786638618,0.11490239948034286,-0.03281563147902489,1.0705598092578093e-08,-2.328126040071487,1.7915870513716503,0.3654792185785046,51116,-0.1667488501713823,-0.09098520003434221,-0.0031947102239147096,1.0656169906724244,-4.881606684346168e-10,0.07711304039153215,-0.0771340618779075,0.0,-0.6369999999999997,0.1,0.0,0.15,0.0,3.420527935028076,51116,nan,0.9673949480056763,52838.81221974303,52000,54900.770961245296,54914.593852954844,50,55161.11475376752,nan,nan,nan,0.033221952617168427
26.848615911992965,landing,0,0.0033122433815151453,-2.353224277496338,1.7854965925216675,-0.0025089001283049583,0.13347028195858002,-0.040524039417505264,1.0695486435995536e-08,-2.323528736902888,1.7899893127684394,0.3645156982498129,50981,-0.19217155013686416,-0.0879221110648952,-0.002258102624155933,0.6965849897824228,-5.325012284730855e-10,0.0841173642101512,-0.08414029511803263,0.0,-0.6339999999999997,0.1,0.0,0.15,0.0,3.420527935028076,50981,nan,0.9673949480056763,52699.26218355739,52000,54890.770961245296,54904.593852954844,50,55161.11475376752,nan,nan,nan,0.033221952617168427
26.869095820991788,landing,0,0.0033076107501983643,-2.349961519241333,1.7842392921447754,-0.0038792998529970646,0.15131141245365143,-0.049591515213251114,1.0684412334779825e-08,-2.3187793997080552,1.78823949869359,0.3647692225859623,51016,-0.18548225366854254,-0.08356153259564378,-0.0015000727651357515,1.1064189893659204,-5.771671247276351e-10,0.0911730802575869,-0.09119793459681028,0.0,-0.6309999999999997,0.1,0.0,0.15,0.0,3.420527935028076,51016,nan,0.9579821228981018,53253.60336126695,52000,54880.770961245296,54894.593852954844,50,55161.11475376752,nan,nan,nan,0.033221952617168427
26.88888262299588,landing,0,0.0032731082756072283,-2.3475708961486816,1.783311367034912,-0.005074064247310162,0.16930678486824036,-0.058436449617147446,1.0672359758918295e-08,-2.3138754962817254,1.7863350762515433,0.3643223615243526,50954,-0.1972727829986134,-0.08043438730850988,-0.0008081478915615836,0.8332630095537752,-6.221459461602212e-10,0.09827822800539052,-0.09830501925133961,0.0,-0.6279999999999997,0.1,0.0,0.15,0.0,3.420527935028076,50954,nan,0.9618449211120605,52975.275828340695,52000,54870.770961245296,54884.593852954844,50,55161.11475376752,nan,nan,nan,0.033221952617168427
26.909266661008587,landing,0,0.00306152505800128,-2.3435683250427246,1.7816821336746216,-0.00578773720189929,0.18646162748336792,-0.06673876941204071,1.0659303572497873e-08,-2.308813055991265,1.7842720737272477,0.36422799052495963,50941,-0.19976278298259587,-0.07611653027858183,-0.00018411120153949412,0.6750219909008592,-6.674587061761726e-10,0.10543612686800621,-0.10546486940095752,0.0,-0.6249999999999997,0.1,0.0,0.15,0.0,3.446920871734619,50941,nan,0.9723821878433228,52387.83745410193,52000,54860.770961245296,54874.593852954844,50,55457.26989655164,nan,nan,nan,0.033221952617168427
26.930474128981587,landing,0,0.003011701162904501,-2.340660572052002,1.7805167436599731,-0.006096284370869398,0.2051059752702713,-0.07437913119792938,1.0645376017392448e-08,-2.303612968624858,1.7820713866035705,0.3630856021169073,50781,-0.22990495733753846,-0.07253154309896434,4.015726472239578e-05,1.4052600017748773,-7.126265877509699e-10,0.11257113978792518,-0.1126018273690308,0.0,-0.6219999999999997,0.1,0.0,0.15,0.0,3.446920871734619,50781,nan,0.9592085480690002,52940.520705563074,52000,54850.770961245296,54864.593852954844,50,55457.26989655164,nan,nan,nan,0.033221952617168427
26.949254314007703,landing,0,0.002912299009039998,-2.337474822998047,1.7791008949279785,-0.006127055734395981,0.22190628945827484,-0.08257397264242172,1.0631012062826556e-08,-2.298343944755783,1.7798017441847134,0.36257820038187055,50710,-0.24329286591370725,-0.06946969751005821,0.00016684854358861578,1.1542559950612485,-7.563896977332547e-10,0.11948424583259003,-0.11951681796867872,0.0,-0.6189999999999997,0.1,0.0,0.15,0.0,3.446920871734619,50710,nan,0.9592085480690002,52866.50134851821,52000,54840.770961245296,54854.593852954844,50,55457.26989655164,nan,nan,nan,0.033221952617168427
26.96978827798739,landing,0,0.002913985401391983,-2.3323917388916016,1.7769361734390259,-0.005870269611477852,0.23780126869678497,-0.09152001887559891,1.0615058048644844e-08,-2.2928237447078224,1.7772808571148078,0.36288089031483817,50752,-0.23530632414675168,-0.0651119972881653,2.33240370268728e-05,0.9385000157635659,-8.02203666524745e-10,0.1267213188996263,-0.12675586390608948,0.0,-0.6159999999999997,0.1,0.0,0.15,0.0,3.446920871734619,50752,nan,0.9617979526519775,52767.839503152274,52000,54830.770961245296,54844.593852954844,50,55457.26989655164,nan,nan,nan,0.033221952617168427
26.988869306980632,landing,0,0.002825562609359622,-2.3287224769592285,1.7752784490585327,-0.005236111115664244,0.25420400500297546,-0.1008949875831604,1.0598965887840419e-08,-2.287281722119075,1.774738141555158,0.36293572634116933,50760,-0.2338594632936868,-0.0619249571622487,-0.00022868718868118698,0.8593359962105751,-8.459044703058774e-10,0.13362458265072516,-0.133661009529102,0.0,-0.6129999999999997,0.1,0.0,0.15,0.0,3.446920871734619,50760,nan,0.9551975131034851,53140.84187162317,52000,54820.770961245296,54834.593852954844,50,55457.26989655164,nan,nan,nan,0.033221952617168427
27.009487131988863,landing,0,0.00280666071921587,-2.3248276710510254,1.7734252214431763,-0.004691733047366142,0.2613058388233185,-0.10611805319786072,1.058147287413318e-08,-2.2815184116768354,1.7719740778175934,0.3608975708639811,50475,-0.28763665266540706,-0.06436068983880422,-0.0005107089842451007,1.259247976122424,-8.909813789157958e-10,0.14074522488826668,-0.14078359289726192,0.0,-0.6099999999999997,0.1,0.0,0.15,0.0,3.446920871734619,50475,nan,0.9551975131034851,52842.47426064183,52000,54810.770961245296,54824.593852954844,50,55457.26989655164,nan,nan,nan,0.033221952617168427
27.029499675991246,landing,0,0.002883388428017497,-2.3187785148620605,1.7706037759780884,-0.003369636135175824,0.2767903804779053,-0.11497341841459274,1.0563377352694675e-08,-2.275659925186992,1.769114812086853,0.3616620025040797,50582,-0.26746695239895324,-0.05931518120853892,-0.0013256140898920687,1.4816729817539454,-9.35327699179638e-10,0.1477504586296235,-0.14779073630817532,0.0,-0.6069999999999997,0.1,0.0,0.15,0.0,3.446920871734619,50582,nan,0.940147876739502,53802.17437220822,52000,54800.770961245296,54814.593852954844,50,55457.26989655164,nan,nan,nan,0.033221952617168427
27.049316405988066,landing,0,0.0029287911020219326,-2.3144452571868896,1.7684836387634277,-0.0016908267280086875,0.2916949391365051,-0.1260634809732437,1.0544160485185576e-08,-2.2696243035643406,1.7660783629351837,0.3624599935549798,50693,-0.2464117795519858,-0.056748676045170546,-0.002299144243763873,1.1903989943675697,-9.802279318518396e-10,0.15484319198469595,-0.15488540318573413,0.0,-0.6039999999999996,0.1,0.0,0.15,0.0,3.446920871734619,50693,nan,0.940147876739502,53920.240904874285,52000,54790.770961245296,54804.593852954844,50,55457.26989655164,nan,nan,nan,0.033221952617168427
27.068806178984232,landing,0,0.0030388233717530966,-2.3076822757720947,1.7650593519210815,0.0004069528658874333,0.30499425530433655,-0.13534913957118988,1.0524235822988988e-08,-2.2634768740803555,1.762930075442674,0.3638489641333341,50888,-0.2097634793315546,-0.052400920393279427,-0.003564442368256593,0.894184981007129,-1.0247065761025832e-09,0.16186932848534188,-0.16191345505415664,0.0,-0.6009999999999996,0.1,0.0,0.15,0.0,3.446920871734619,50888,nan,0.9604884386062622,52981.37692718316,52000,54780.770961245296,54794.593852954844,50,55457.26989655164,nan,nan,nan,0.033221952617168427
27.08924257598119,landing,0,0.0031549371778964996,-2.3029513359069824,1.762635350227356,0.002745595294982195,0.31840938329696655,-0.14343008399009705,1.0503116738551676e-08,-2.2571407658755116,1.7595930577943328,0.36315115135152737,50790,-0.22817542608107289,-0.05080564379089331,-0.004987172541502272,1.1097120004706085,-1.069834664303874e-09,0.16899805538465953,-0.16904412528802096,0.0,-0.5979999999999996,0.1,0.0,0.15,0.0,3.446920871734619,50790,nan,0.9645293951034546,52657.80416630258,52000,54770.770961245296,54784.593852954844,50,55457.26989655164,nan,nan,nan,0.033221952617168427
27.109281163982814,landing,0,0.003341935807839036,-2.2981557846069336,1.7601546049118042,0.005307381972670555,0.32972705364227295,-0.15335768461227417,1.0481131985724473e-08,-2.250667911050484,1.7561192562478423,0.3633059174072541,50812,-0.22409188899065846,-0.05031680180926974,-0.0066012251689475665,1.0352050012443215,-1.1148736793816977e-09,0.1761127117129299,-0.17616072111511424,0.0,-0.5949999999999996,0.1,0.0,0.15,0.0,3.4416422843933105,50812,nan,0.9576881527900696,53056.93701229096,52000,54760.770961245296,54774.593852954844,50,55398.038867994816,nan,nan,nan,0.033221952617168427
27.12879844600684,landing,0,0.00364016555249691,-2.290571928024292,1.756044864654541,0.007772732526063919,0.3405296802520752,-0.16330380737781525,1.0458390157987618e-08,-2.244075463739083,1.7525258296133361,0.36533180905215384,51095,-0.1706382835843332,-0.046904979727393645,-0.008240845106539663,0.6733849877491593,-1.1596244528261144e-09,0.18318183551439773,-0.18323177200295976,0.0,-0.5919999999999996,0.1,0.0,0.15,0.0,3.4416422843933105,51095,nan,0.9553415775299072,53483.488211733835,52000,54750.770961245296,54764.593852954844,50,55398.038867994816,nan,nan,nan,0.033221952617168427
27.14915919600753,landing,0,0.0037513168063014746,-2.2853353023529053,1.7531325817108154,0.009995325468480587,0.3510782718658447,-0.173420250415802,1.0434890378756249e-08,-2.237363285470253,1.748812639382009,0.36586759183792394,51170,-0.15650153461942296,-0.046525638918203785,-0.009565321793316484,0.9700069786049426,-1.2041207514687835e-09,0.19021076081784088,-0.1902626134344242,0.0,-0.5889999999999996,0.1,0.0,0.15,0.0,3.4416422843933105,51170,nan,0.9639086127281189,53085.94541465423,52000,54740.770961245296,54754.593852954844,50,55398.038867994816,nan,nan,nan,0.033221952617168427
27.169400802988093,landing,0,0.0042072441428899765,-2.2773351669311523,1.7486644983291626,0.011855917051434517,0.36106130480766296,-0.18183402717113495,1.0410408094430847e-08,-2.23049590429406,1.7449442039340575,0.3672485203087692,51363,-0.12006542720925673,-0.04352076104312931,-0.011039280683746933,1.3137790083419532,-1.2487922535906625e-09,0.19726736240461185,-0.1973211386939405,0.0,-0.5859999999999996,0.1,0.0,0.15,0.0,3.4416422843933105,51363,nan,0.9639086127281189,53286.17186501632,52000,54730.770961245296,54744.593852954844,50,55398.038867994816,nan,nan,nan,0.033221952617168427
27.189159664005274,landing,0,0.00439568841829896,-2.2718513011932373,1.7454792261123657,0.013095762580633163,0.37135279178619385,-0.18875941634178162,1.0384663752293788e-08,-2.2234291602414626,1.7408763512621623,0.36602875892597997,51192,-0.15224910485541088,-0.043683880102655115,-0.011959520212482921,0.7290080247912556,-1.2941043198421052e-09,0.20442515167566463,-0.20448087922212022,0.0,-0.5829999999999996,0.1,0.0,0.15,0.0,3.4416422843933105,51192,nan,0.9607668519020081,53282.43777213626,52000,54720.770961245296,54734.593852954844,50,55398.038867994816,nan,nan,nan,0.033221952617168427
27.20981930999551,landing,0,0.004845503717660904,-2.2634153366088867,1.7405884265899658,0.013967632316052914,0.3797158896923065,-0.19675226509571075,1.035763282991265e-08,-2.2161591795892295,1.7366052065870914,0.36714111522556775,51348,-0.12289933441773826,-0.04167621200925836,-0.01288838236751677,0.7594389899168164,-1.3400329224070844e-09,0.21168033304059722,-0.21173803839386005,0.0,-0.5799999999999996,0.1,0.0,0.15,0.0,3.4416422843933105,51348,nan,0.9607668519020081,53444.80807008229,52000,54710.770961245296,54724.593852954844,50,55398.038867994816,nan,nan,nan,0.033221952617168427
27.229104759986512,landing,0,0.005094404332339764,-2.2576510906219482,1.7370775938034058,0.014514194801449776,0.38875964283943176,-0.20510166883468628,1.0331657192580795e-08,-2.209055898640376,1.732500807058759,0.3672017296764195,51357,-0.12130000853774447,-0.04187643694685923,-0.013455127020376212,1.2488669890444726,-1.382731838990537e-09,0.21842533216093385,-0.2184848762422042,0.0,-0.5769999999999996,0.1,0.0,0.15,0.0,3.4416422843933105,51357,nan,0.9671812653541565,53099.663775222536,52000,54700.770961245296,54714.593852954844,50,55398.038867994816,nan,nan,nan,0.033221952617168427
27.249362150992965,landing,0,0.005361963529139757,-2.2518296241760254,1.7335582971572876,0.015009261667728424,0.3957664668560028,-0.21308746933937073,1.0303086353658712e-08,-2.2015426627361325,1.7279863408188088,0.36638530323709123,51242,-0.14284160324297623,-0.043916996005003706,-0.014047515373987185,1.0906550160143524,-1.4282232956668535e-09,0.2256114591125366,-0.22567296217595886,0.0,-0.5739999999999996,0.1,0.0,0.15,0.0,3.4416422843933105,51242,nan,0.9671812653541565,52980.76155480175,52000,54690.770961245296,54704.593852954844,50,55398.038867994816,nan,nan,nan,0.033221952617168427
27.26939984699129,landing,0,0.005750614684075117,-2.2429115772247314,1.728026270866394,0.01531784888356924,0.4031689167022705,-0.22044523060321808,1.0274151403332896e-08,-2.193971909421744,1.7234143414891157,0.3677083831584745,51427,-0.10793184278431589,-0.04210106854256904,-0.014587652394746353,0.8198879950214177,-1.4728631567995034e-09,0.23266306248245341,-0.23272648785607658,0.0,-0.5709999999999996,0.1,0.0,0.15,0.0,3.4416422843933105,51427,nan,0.9588162302970886,53635.929779855076,52000,54680.770961245296,54694.593852954844,50,55398.038867994816,nan,nan,nan,0.033221952617168427
27.288796645007096,landing,0,0.00602703494951129,-2.2368757724761963,1.7242019176483154,0.01583913527429104,0.40830495953559875,-0.2284611612558365,1.0244530960431084e-08,-2.1862928712328893,1.718734027765837,0.3671867122500611,51354,-0.12169624670023538,-0.0449717311628839,-0.015193501537593468,0.8287880045827478,-1.5172007226175665e-09,0.2396669133145047,-0.23973224798069492,0.0,-0.5679999999999996,0.1,0.0,0.15,0.0,3.436363697052002,51354,nan,0.9588162302970886,53559.794230942454,52000,54670.770961245296,54684.593852954844,50,55338.80783943799,nan,nan,nan,0.033221952617168427
27.3098334959941,landing,0,0.006457240786403418,-2.227722406387329,1.7182570695877075,0.01664847508072853,0.41666850447654724,-0.2406075894832611,1.021321812941237e-08,-2.178346492388272,1.7137863005080982,0.3708766258836004,51870,-0.02433704792611202,-0.042586768115718696,-0.015942870552737798,1.1097249807789922,-1.5627043241457138e-09,0.24685495874604726,-0.24692225291737874,0.0,-0.5649999999999996,0.1,0.0,0.15,0.0,3.436363697052002,51870,nan,0.9672363996505737,53627.01405647956,52000,54660.770961245296,54674.593852954844,50,55338.80783943799,nan,nan,nan,0.033221952617168427
27.329330334003316,landing,0,0.006735837087035179,-2.221559762954712,1.7142423391342163,0.017210934311151505,0.4215218126773834,-0.24688036739826202,1.0181692057294694e-08,-2.1703664285900297,1.7088048791140107,0.3693393493125015,51655,-0.06489843502634685,-0.04591592748701784,-0.01661561468225692,1.0890660050790757,-1.6072168426925783e-09,0.25388644625125767,-0.2539556572490823,0.0,-0.5619999999999996,0.1,0.0,0.15,0.0,3.436363697052002,51655,nan,0.9669458270072937,53420.779693390585,52000,54650.770961245296,54664.593852954844,50,55338.80783943799,nan,nan,nan,0.033221952617168427
27.34876898798393,landing,0,0.006994826719164848,-2.2152864933013916,1.7100111246109009,0.01769811287522316,0.42545801401138306,-0.2547856867313385,1.0149158011273136e-08,-2.1622271386652487,1.7036641881873684,0.3686888266773616,51565,-0.08206262065009184,-0.04972006341716074,-0.01719027324864353,0.6387899920810014,-1.651895438836618e-09,0.26094416845599877,-0.26101530343205614,0.0,-0.5589999999999996,0.1,0.0,0.15,0.0,3.436363697052002,51565,nan,0.956936776638031,53885.48257196397,52000,54640.770961245296,54654.593852954844,50,55338.80783943799,nan,nan,nan,0.033221952617168427
27.369110736006405,landing,0,0.007413842249661684,-2.2058193683624268,1.7035387754440308,0.018067223951220512,0.4278208911418915,-0.26114246249198914,1.0115595974101453e-08,-2.153925460559265,1.698361064811512,0.36980630194934616,51721,-0.05257778497767518,-0.05086586036940577,-0.017791273525349816,0.9235829929821193,-1.6967533940128827e-09,0.26803022338230253,-0.2681032900602657,0.0,-0.5559999999999996,0.1,0.0,0.15,0.0,3.436363697052002,51721,nan,0.9818901419639587,52674.935605880106,52000,54630.770961245296,54644.593852954844,50,55338.80783943799,nan,nan,nan,0.033221952617168427
27.389388837007573,landing,0,0.007675038650631905,-2.1994683742523193,1.6991662979125977,0.01818975992500782,0.42911550402641296,-0.2633524239063263,1.0081594499417553e-08,-2.145554366040161,1.6929885060991967,0.3662705385012775,51226,-0.14586969653621473,-0.056684024453255134,-0.01831525634705211,1.3506909890566021,-1.741020507888774e-09,0.27502294516645287,-0.2750979181031366,0.0,-0.5529999999999996,0.1,0.0,0.15,0.0,3.436363697052002,51226,nan,0.9818901419639587,52170.80588826229,52000,54620.770961245296,54634.593852954844,50,55338.80783943799,nan,nan,nan,0.033221952617168427
27.409561306994874,landing,0,0.008044852875173092,-2.189821243286133,1.6923789978027344,0.01818053424358368,0.43291378021240234,-0.2683880031108856,1.0045581341257928e-08,-2.136865492889657,1.6872980821270829,0.3665639212237625,51267,-0.13812872760521167,-0.05746042222977281,-0.018699177380278043,0.9489570220466703,-1.7867110637116054e-09,0.28224052311671216,-0.2823174636092824,0.0,-0.5499999999999996,0.1,0.0,0.15,0.0,3.436363697052002,51267,nan,0.9745156764984131,52607.6709039821,52000,54610.770961245296,54624.593852954844,50,55338.80783943799,nan,nan,nan,0.033221952617168427
27.428990629006876,landing,0,0.00826480332762003,-2.183276653289795,1.68771493434906,0.01805945672094822,0.4368491470813751,-0.27582865953445435,1.0010152973170704e-08,-2.1282689969899016,1.6817000605883214,0.36573479955958643,51151,-0.16000528866526764,-0.06147746136906546,-0.018915951148426702,0.9479539876338094,-1.8305472126638552e-09,0.28916516687304705,-0.2892439950658512,0.0,-0.5469999999999996,0.1,0.0,0.15,0.0,3.436363697052002,51151,nan,0.9690109491348267,52786.81324052091,52000,54600.770961245296,54614.593852954844,50,55338.80783943799,nan,nan,nan,0.033221952617168427
27.448985111986985,landing,0,0.008599315769970417,-2.1767730712890625,1.6830335855484009,0.017734093591570854,0.4409656822681427,-0.28132688999176025,9.973191840664797e-09,-2.1194303756339767,1.6758598475885107,0.363604464491411,50853,-0.2162146572187087,-0.06603108450009607,-0.019215856996651626,0.977588992100209,-1.8751879801452568e-09,0.29621691341571915,-0.296297663957754,0.0,-0.5439999999999996,0.1,0.0,0.15,0.0,3.436363697052002,50853,nan,0.9738516211509705,52218.42721779128,52000,54590.770961245296,54604.593852954844,50,55338.80783943799,nan,nan,nan,0.033221952617168427
27.46928787199431,landing,0,0.008793163113296032,-2.170146942138672,1.6781913042068481,0.0171049851924181,0.44427013397216797,-0.2873093783855438,9.935130197147889e-09,-2.110417910387034,1.6698457433067742,0.361697889994107,50587,-0.2665200529259373,-0.07112417742527885,-0.019183645978347208,1.171733980299905,-1.9200735347351948e-09,0.3033073281252643,-0.3033900115577085,0.0,-0.5409999999999996,0.1,0.0,0.15,0.0,3.436363697052002,50587,nan,0.9688886404037476,52211.36660134625,52000,54580.770961245296,54594.593852954844,50,55338.80783943799,nan,nan,nan,0.033221952617168427
27.48943643999519,landing,0,0.009091359563171864,-2.160120964050293,1.6707438230514526,0.01604682393372059,0.4474339783191681,-0.2946936786174774,9.895627262952936e-09,-2.101177769472102,1.6636039012912687,0.36332406424408104,50814,-0.22361308063110918,-0.07215841607753878,-0.018843536326905497,1.0257730027660728,-1.9655751266127903e-09,0.3104950560993093,-0.3105796989503539,0.0,-0.5379999999999996,0.1,0.0,0.15,0.0,3.4416422843933105,50814,nan,0.9564864635467529,53125.68649594508,52000,54570.770961245296,54584.593852954844,50,55398.038867994816,nan,nan,nan,0.033221952617168427
27.50903538800776,landing,0,0.009274186566472054,-2.15331768989563,1.6656733751296997,0.014450271613895893,0.45016831159591675,-0.30401867628097534,9.85666650592337e-09,-2.09202327439543,1.657447728461603,0.363283974547766,50809,-0.2246708562594737,-0.07707851330320711,-0.0181678492520978,1.056654000421986,-2.00944324546065e-09,0.3174247500286936,-0.31751128195668016,0.0,-0.5349999999999996,0.1,0.0,0.15,0.0,3.4416422843933105,50809,nan,0.9625862240791321,52783.842869356406,52000,54560.770961245296,54574.593852954844,50,55398.038867994816,nan,nan,nan,0.033221952617168427
27.529128561989637,landing,0,0.009415904060006142,-2.1430466175079346,1.6578264236450195,0.012310238555073738,0.4551219046115875,-0.31172066926956177,9.816006211580845e-09,-2.082600309329397,1.651023012456015,0.36536138865748014,51099,-0.16985781906385,-0.07687091369731545,-0.01704807274030018,1.118428015615791,-2.0542262170161142e-09,0.3244989600536085,-0.3245874204545084,0.0,-0.5319999999999996,0.1,0.0,0.15,0.0,3.4416422843933105,51099,nan,0.9625862240791321,53085.114581693066,52000,54550.770961245296,54564.593852954844,50,55398.038867994816,nan,nan,nan,0.033221952617168427
27.549511322984472,landing,0,0.009536879137158394,-2.1361114978790283,1.652415156364441,0.00955132395029068,0.45950421690940857,-0.3208340108394623,9.774159523960241e-09,-2.0729899338497684,1.6444108349476063,0.3649677567567657,51044,-0.18024388504576194,-0.08140072454689332,-0.015686996068817294,1.2792279885616153,-2.0993185757590363e-09,0.3316220428948435,-0.33171244509168524,0.0,-0.5289999999999996,0.1,0.0,0.15,0.0,3.4416422843933105,51044,nan,0.957128643989563,53330.344171119184,52000,54540.770961245296,54554.593852954844,50,55398.038867994816,nan,nan,nan,0.033221952617168427
27.569036083004903,landing,0,0.009567094035446644,-2.1255173683166504,1.6439788341522217,0.006194910500198603,0.46340101957321167,-0.33186691999435425,9.732052348111368e-09,-2.0633384099520735,1.6377574978038218,0.3691935821238171,51635,-0.06874453499163558,-0.08113549509239121,-0.01372173155016232,1.0238359973300248,-2.143734470729398e-09,0.3386382671102408,-0.33873058197270967,0.0,-0.5259999999999996,0.1,0.0,0.15,0.0,3.4416422843933105,51635,nan,0.9479418396949768,54470.641380925656,52000,54539.835900174374,54553.47448666113,50,55398.038867994816,nan,nan,nan,0.033221952617168427
27.589162558986573,landing,0,0.009539037011563778,-2.1184256076812744,1.6382699012756348,0.002409927546977997,0.4688341021537781,-0.342546284198761,9.688519328980037e-09,-2.0534616505576624,1.6308788637627467,0.36961998243935484,51695,-0.057493867035493196,-0.08497145026244576,-0.011627330549037307,1.1090789921581745,-2.188706952344951e-09,0.345742413379231,-0.34583666487541637,0.0,-0.5229999999999996,0.1,0.0,0.15,0.0,3.4416422843933105,51695,nan,0.9508001208305359,54369.99729748011,52000,54537.57138547178,54551.02812413872,50,55398.038867994816,nan,nan,nan,0.033221952617168427
27.608703453995986,landing,0,0.009308290667831898,-2.1075551509857178,1.6293854713439941,-0.0017375944880768657,0.4739418029785156,-0.35401028394699097,9.644413225743212e-09,-2.0434943630633198,1.6239096769432266,0.37418987931434294,52334,0.06308388692197653,-0.08400288890182411,-0.009021729178207982,0.7758930150885135,-2.2333480957565764e-09,0.35279421930629107,-0.35289039316789567,0.0,-0.5199999999999996,0.1,0.0,0.15,0.0,3.4416422843933105,52334,nan,0.9620895385742188,54396.184452392095,52000,54535.68622636405,54548.96354184877,50,55398.038867994816,nan,nan,nan,0.033221952617168427
27.628786741988733,landing,0,0.009156875312328339,-2.100174903869629,1.623262882232666,-0.006349502131342888,0.4802226722240448,-0.3638492822647095,9.599669341625524e-09,-2.033426327544798,1.6168397146349995,0.37754048669152496,52803,0.1514904140244031,-0.08315062944602375,-0.006338028399963003,0.7589659944642335,-2.237848949344288e-09,0.35350520346980124,-0.35360157115003665,0.0,-0.5169999999999996,0.1,0.0,0.15,0.0,3.4416422843933105,52803,nan,0.9626125693321228,54853.84430065736,52000,54539.92833402129,54553.02861863288,50,55398.038867994816,nan,nan,nan,0.033221952617168427
27.648759222996887,landing,0,0.008994479663670063,-2.092726469039917,1.6170670986175537,-0.01090602669864893,0.48720788955688477,-0.37178879976272583,9.554985517889057e-09,-2.02336777955549,1.6097792424423454,0.3803783367208529,53199,0.22636772350535317,-0.08159661190070872,-0.0037241511649541703,0.7994250045157969,-2.237848949344288e-09,0.3535052034698012,-0.35360157115003665,0.0,-0.5139999999999996,0.1,0.0,0.15,0.0,3.4416422843933105,53199,nan,0.9671235084533691,55007.452031722634,52000,54546.16198332398,54559.08759747408,50,55398.038867994816,nan,nan,nan,0.033221952617168427
27.669313185004285,landing,0,0.008556085638701916,-2.081331729888916,1.6075866222381592,-0.01558102946728468,0.4952714741230011,-0.3804403245449066,9.50999256442393e-09,-2.013260399419732,1.6026699247912988,0.3874724664921931,54192,0.4135479285539052,-0.07459131506987321,-0.0007903143163867643,0.8164620085153729,-2.2378489493442883e-09,0.35350520346980124,-0.3536015711500367,0.0,-0.5109999999999996,0.1,0.0,0.15,0.0,3.4416422843933105,54192,nan,0.9714741110801697,55783.26728619109,52000,54556.16198332398,54569.08759747408,50,55398.038867994816,nan,nan,nan,0.033221952617168427
27.689150849008,landing,0,0.008176750503480434,-2.0736207962036133,1.6011440753936768,-0.01992488093674183,0.5037024617195129,-0.385987788438797,9.464890609886194e-09,-2.0031358007642144,1.5955433839266195,0.3893280619272242,54451,0.4625082302697656,-0.07237903984266081,0.00183464742179007,0.9495959966443479,-2.2378489493442883e-09,0.35350520346980124,-0.3536015711500367,0.0,-0.5079999999999996,0.1,0.0,0.15,0.0,3.4258065223693848,54451,nan,0.9737285375595093,55920.10288254722,52000,54566.16198332398,54579.08759747408,50,55220.345782324344,nan,nan,nan,0.033221952617168427
27.70893250699737,landing,0,0.007576571777462959,-2.061748743057251,1.5912387371063232,-0.02412552945315838,0.5105544328689575,-0.39144253730773926,9.420809649271406e-09,-1.9931724849622965,1.5885781698822317,0.39556876242365663,55324,0.6271705124975355,-0.065828574628402,0.004536472102505851,0.9849750204011798,-2.2378489493442883e-09,0.35350520346980124,-0.3536015711500367,0.0,-0.5049999999999996,0.1,0.0,0.15,0.0,3.4258065223693848,55324,nan,0.9737285375595093,56816.65666147623,52000,54576.16198332398,54589.08759747408,50,55220.345782324344,nan,nan,nan,0.033221952617168427
27.72931120399153,landing,0,0.007098342292010784,-2.053745985031128,1.5846095085144043,-0.02800350822508335,0.5193765759468079,-0.3974660336971283,9.375823313142142e-09,-1.9830661501440343,1.5814698978336412,0.39791960691481026,55653,0.6891980716308765,-0.06311560071597352,0.006939568059952439,1.2013440136797726,-2.2378489493442883e-09,0.3535052034698012,-0.3536015711500367,0.0,-0.5019999999999996,0.1,0.0,0.15,0.0,3.4258065223693848,55653,nan,0.9964327812194824,55852.23714929288,52000,54586.16198332398,54599.08759747408,50,55220.345782324344,nan,nan,nan,0.033221952617168427
27.749650960002327,landing,0,0.006623437162488699,-2.0455963611602783,1.5778616666793823,-0.031545378267765045,0.5271807312965393,-0.3994722366333008,9.330515736039452e-09,-1.972909070008173,1.5743108666339678,0.3983644105922273,55715,0.700934316417607,-0.06114002355521267,0.009186954096060296,1.282532000914216,-2.2378489493442883e-09,0.35350520346980113,-0.3536015711500367,0.0,-0.49899999999999956,0.1,0.0,0.15,0.0,3.4258065223693848,55715,nan,0.9821920394897461,56725.15939850646,52000,54596.16198332398,54609.08759747408,50,55220.345782324344,nan,nan,nan,0.033221952617168427
27.76908012398053,landing,0,0.005740371998399496,-2.0332224369049072,1.5676931142807007,-0.034710198640823364,0.5338923335075378,-0.40380212664604187,9.286036740412486e-09,-1.9628828780018492,1.567282759244736,0.40432228571280837,56548,0.8581341876730431,-0.05458717963551974,0.01149082452613781,0.917203986318782,-2.2378489493442883e-09,0.35350520346980113,-0.3536015711500367,0.0,-0.49599999999999955,0.1,0.0,0.15,0.0,3.4258065223693848,56548,nan,0.9821920394897461,57573.26238296228,52000,54606.16198332398,54619.08759747408,50,55220.345782324344,nan,nan,nan,0.033221952617168427
27.789522154984297,landing,0,0.0052076466381549835,-2.024773359298706,1.5608733892440796,-0.037323787808418274,0.541233241558075,-0.40802353620529175,9.241327897516622e-09,-1.9528203778230802,1.5602183337852296,0.40608889139716386,56795,0.9047464748592038,-0.052321408568396635,0.013252910416062136,1.3512650039047003,-2.2378489493442883e-09,0.35350520346980113,-0.3536015711500367,0.0,-0.49299999999999955,0.1,0.0,0.15,0.0,3.4258065223693848,56795,nan,0.9756595492362976,58000.0,52000,54616.16198332398,54629.08759747408,50,55220.345782324344,nan,nan,nan,0.033221952617168427
27.809648542985087,landing,0,0.004564580973237753,-2.0162830352783203,1.554013729095459,-0.039226993918418884,0.546805202960968,-0.4081517457962036,9.196848666900701e-09,-1.9427941486963696,1.553190189265492,0.4059248894397539,56772,0.9004192464315004,-0.051110111906493644,0.014829813171076234,1.5135440044105053,-2.2378489493442887e-09,0.35350520346980113,-0.35360157115003676,0.0,-0.48999999999999955,0.1,0.0,0.15,0.0,3.4258065223693848,56772,nan,1.005030870437622,56487.81711081142,52000,54626.16198332398,54639.08759747408,50,55220.345782324344,nan,nan,nan,0.033221952617168427
27.82914007900399,landing,0,0.0036775111220777035,-2.0033273696899414,1.543757677078247,-0.040267013013362885,0.5528530478477478,-0.4073942303657532,9.151966699604733e-09,-1.9327043006591573,1.5460984084923486,0.4093949191287465,57258,0.9919767580144185,-0.04491559659757431,0.016079058873169405,1.0655710066203028,-2.2378489493442887e-09,0.35350520346980113,-0.35360157115003676,0.0,-0.48699999999999954,0.1,0.0,0.15,0.0,3.4258065223693848,57258,nan,1.0000507831573486,57255.09240563335,52000,54636.16198332398,54649.08759747408,50,55220.345782324344,nan,nan,nan,0.033221952617168427
27.849507290986367,landing,0,0.0030837315134704113,-1.9946156740188599,1.5369126796722412,-0.040533628314733505,0.5594274401664734,-0.40684446692466736,9.106979184101857e-09,-1.9225977795393536,1.5389899500914297,0.40876492780864954,57170,0.975354295742731,-0.04313155803638384,0.016815435247161226,1.2004860036540776,-2.2378489493442887e-09,0.35350520346980113,-0.35360157115003676,0.0,-0.48399999999999954,0.1,0.0,0.15,0.0,3.4258065223693848,57170,nan,1.0024067163467407,57032.73837625049,52000,54646.16198332398,54659.08759747408,50,55220.345782324344,nan,nan,nan,0.033221952617168427
27.86959936399944,landing,0,0.002223023446276784,-1.9813708066940308,1.5267304182052612,-0.03990812972187996,0.5632092356681824,-0.40562522411346436,9.061675131638101e-09,-1.9124412561784272,1.5318314758184717,0.4118600842794449,57602,1.0570206933890471,-0.037966991807304076,0.017221310334464945,0.857423001434654,-2.2378489493442887e-09,0.35350520346980113,-0.35360157115003676,0.0,-0.48099999999999954,0.1,0.0,0.15,0.0,3.4258065223693848,57602,nan,1.0024067163467407,57463.70117104742,52000,54656.16198332398,54669.08759747408,50,55220.345782324344,nan,nan,nan,0.033221952617168427
27.889575948996935,landing,0,0.0016653588972985744,-1.97245454788208,1.5199824571609497,-0.03881436213850975,0.5688637495040894,-0.40337836742401123,9.017935901757057e-09,-1.9025319223901742,1.5249202585035757,0.41051147122798043,57414,1.021437235566765,-0.036303104460238794,0.017288397670463196,1.492629002314061,-2.237848949344289e-09,0.35350520346980113,-0.3536015711500368,0.0,-0.47799999999999954,0.1,0.0,0.15,0.0,3.394134998321533,57414,nan,1.0174752473831177,56427.90834240459,52000,54666.16198332398,54679.08759747408,50,54864.9596109834,nan,nan,nan,0.033221952617168427
27.909959184005857,landing,0,0.0008236090652644634,-1.9590282440185547,1.5099694728851318,-0.03710854798555374,0.5735581517219543,-0.3996506631374359,8.972736974415884e-09,-1.892392005278682,1.5177783950070167,0.4121675765521685,57645,1.0651339459675047,-0.03068597256733549,0.01720809581717897,1.1508789903018624,-2.237848949344289e-09,0.3535052034698011,-0.3536015711500368,0.0,-0.47499999999999953,0.1,0.0,0.15,0.0,3.394134998321533,57645,nan,1.0286473035812378,56039.616104867826,52000,54676.16198332398,54689.08759747408,50,54864.9596109834,nan,nan,nan,0.033221952617168427
27.929176172998268,landing,0,0.00036260116030462086,-1.950079083442688,1.5034654140472412,-0.03495588153600693,0.5776862502098083,-0.39404958486557007,8.92839618166801e-09,-1.8823876446997687,1.5107721249965762,0.4087322342097389,57165,0.9744916678031359,-0.029955833227027554,0.016750475129660103,1.2324870040174574,-2.237848949344289e-09,0.3535052034698011,-0.3536015711500368,0.0,-0.47199999999999953,0.1,0.0,0.15,0.0,3.394134998321533,57165,nan,1.0322544574737549,55378.78726133127,52000,54685.53032036408,54698.28359299218,50,54864.9596109834,nan,nan,nan,0.033221952617168427
27.949395167990588,landing,0,2.936235978268087e-05,-1.9408798217773438,1.496914267539978,-0.03212213143706322,0.5811536908149719,-0.3884814977645874,8.883309927818296e-09,-1.8722655262272487,1.5036480649910073,0.40522409906849344,56674,0.881928735316448,-0.029413926196190855,0.015825692871387576,1.2638229818549007,-2.237848949344289e-09,0.3535052034698011,-0.3536015711500368,0.0,-0.46899999999999953,0.1,0.0,0.15,0.0,3.394134998321533,56674,nan,1.0297845602035522,55034.81231918795,52000,54690.18741368173,54702.77064267479,50,54864.9596109834,nan,nan,nan,0.033221952617168427
27.968734502996085,landing,0,-0.0005186257185414433,-1.927221655845642,1.487234115600586,-0.028468573465943336,0.5829291343688965,-0.3843797743320465,8.838723083528523e-09,-1.8622222977433285,1.4966029164799313,0.406419103426258,56841,0.9134591933049592,-0.024893190906554535,0.014520418438578986,0.7144540140870959,-2.237848949344289e-09,0.353505203469801,-0.3536015711500368,0.0,-0.4659999999999995,0.1,0.0,0.15,0.0,3.394134998321533,56841,nan,1.0297845602035522,55196.98216174899,52000,54696.94467698929,54709.36012959578,50,54864.9596109834,nan,nan,nan,0.033221952617168427
27.98865902199759,landing,0,-0.000857622129842639,-1.9180841445922852,1.4809025526046753,-0.024328898638486862,0.5831784009933472,-0.37958911061286926,8.79407665872711e-09,-1.85216965753352,1.4895483536772733,0.40312856254951873,56381,0.826637534288091,-0.02588055476651413,0.01292137814732186,0.7312529778573662,-2.2378489493442895e-09,0.3535052034698011,-0.3536015711500369,0.0,-0.4629999999999995,0.1,0.0,0.15,0.0,3.394134998321533,56381,nan,1.0091662406921387,55868.89228610242,52000,54706.94467698929,54719.36012959578,50,54864.9596109834,nan,nan,nan,0.033221952617168427
28.009099402988795,landing,0,-0.0010716263204813004,-1.9089477062225342,1.4746509790420532,-0.019708458334207535,0.5824498534202576,-0.37661677598953247,8.749200919354877e-09,-1.8420807932997265,1.4824575569757394,0.40060627218639855,56028,0.7600863373719928,-0.027358169848751807,0.010909544466784826,1.046121004037559,-2.2378489493442895e-09,0.3535052034698011,-0.3536015711500369,0.0,-0.4599999999999995,0.1,0.0,0.15,0.0,3.394134998321533,56028,nan,1.0091662406921387,55519.09857941055,52000,54716.94467698929,54729.36012959578,50,54864.9596109834,nan,nan,nan,0.033221952617168427
28.028543035994517,landing,0,-0.0012226812541484833,-1.8952105045318604,1.4653648138046265,-0.014885231852531433,0.5820871591567993,-0.3712274432182312,8.704617707103369e-09,-1.8320381385562394,1.475412982361502,0.40067878396049533,56039,0.7619995767940715,-0.023844082448764407,0.008650732898479285,0.6487499922513962,-2.2378489493442895e-09,0.3535052034698011,-0.3536015711500369,0.0,-0.4569999999999995,0.1,0.0,0.15,0.0,3.394134998321533,56039,nan,1.0342442989349365,54183.523233059044,52000,54709.83239107022,54722.08230430862,50,54864.9596109834,nan,nan,nan,0.033221952617168427
28.048786428000312,landing,0,-0.00130755256395787,-1.8860794305801392,1.4592554569244385,-0.009829903021454811,0.5805659294128418,-0.36485645174980164,8.659742650228157e-09,-1.8219493821341233,1.4683222935010358,0.3962869445022952,55424,0.6461199077122721,-0.02584293078294299,0.006280855439872113,0.805938005214557,-2.2378489493442895e-09,0.353505203469801,-0.3536015711500369,0.0,-0.4539999999999995,0.1,0.0,0.15,0.0,3.394134998321533,55424,nan,1.0271360874176025,53959.74367850857,52000,54699.83239107022,54712.08230430862,50,54864.9596109834,nan,nan,nan,0.033221952617168427
28.07003131500096,landing,0,-0.0012825564481317997,-1.8723115921020508,1.4502443075180054,-0.0047861142084002495,0.5797219276428223,-0.35966435074806213,8.613265790360412e-09,-1.811607594472807,1.4609785044235064,0.3957516444452233,55350,0.631995895652329,-0.022840340950791845,0.0037150870282947057,0.8340250060427934,-2.2378489493442895e-09,0.35350520346980097,-0.3536015711500369,0.0,-0.4509999999999995,0.1,0.0,0.15,0.0,3.394134998321533,55350,nan,1.014291763305664,54570.097088839204,52000,54698.10258704048,54710.18916810236,50,54864.9596109834,nan,nan,nan,0.033221952617168427
28.088703226996586,landing,0,-0.0012122152838855982,-1.8631867170333862,1.4442471265792847,0.000303855660604313,0.5781425833702087,-0.3571920096874237,8.5703231160477e-09,-1.801824089793056,1.454193150518897,0.3935520124816524,55042,0.5739581129723579,-0.02444032234542251,0.001077667069750765,0.7487309921998531,-2.2378489493442895e-09,0.35350520346980097,-0.3536015711500369,0.0,-0.4479999999999995,0.1,0.0,0.15,0.0,3.4046921730041504,55042,nan,1.014291763305664,54266.436927983515,52000,54692.34704491972,54704.27247156745,50,54983.42166809705,nan,nan,nan,0.033221952617168427
28.10938108098344,landing,0,-0.0010094154858961701,-1.8541021347045898,1.4384011030197144,0.0051587969064712524,0.5765547752380371,-0.35519924759864807,8.52538367408762e-09,-1.7917251626833544,1.4470922881982535,0.3910152783608159,54687,0.5070258142695483,-0.026449333704635904,-0.0016060510396367356,1.0546169942244887,-2.2378489493442895e-09,0.35350520346980097,-0.3536015711500369,0.0,-0.4449999999999995,0.1,0.0,0.15,0.0,3.4046921730041504,54687,nan,1.01556396484375,53848.89765009916,52000,54682.34704491972,54694.27247156745,50,54983.42166809705,nan,nan,nan,0.033221952617168427
28.129119386983803,landing,0,-0.0006086054490879178,-1.8404022455215454,1.4295637607574463,0.01035632286220789,0.5758128762245178,-0.3532677888870239,8.48051328312392e-09,-1.7816371433190268,1.4400023365965025,0.3922155164343389,54855,0.538694365022133,-0.023062336845737427,-0.004660259443346915,0.9402429859619588,-2.2378489493442895e-09,0.3535052034698009,-0.3536015711500369,0.0,-0.4419999999999995,0.1,0.0,0.15,0.0,3.4046921730041504,54855,nan,1.01556396484375,54014.32297614039,52000,54673.440057335996,54685.20647829509,50,54983.42166809705,nan,nan,nan,0.033221952617168427
28.148640216997592,landing,0,-0.00029414292657747865,-1.831277847290039,1.4237293004989624,0.015069529414176941,0.5747641921043396,-0.34931424260139465,8.436022659646873e-09,-1.771609114501729,1.4329723918955708,0.3887747971883609,54374,0.44791021605173675,-0.02473653905913126,-0.007449743646247287,0.6886170012876391,-2.23784894934429e-09,0.3535052034698009,-0.353601571150037,0.0,-0.4389999999999995,0.1,0.0,0.15,0.0,3.4046921730041504,54374,nan,1.0017666816711426,54278.107861696444,52000,54668.168961394134,54679.778496740444,50,54983.42166809705,nan,nan,nan,0.033221952617168427
28.16955325199524,landing,0,0.00019328958296682686,-1.8175857067108154,1.4150594472885132,0.019479840993881226,0.574826180934906,-0.3498954772949219,8.390455310786586e-09,-1.761410999126178,1.4257723142697505,0.3908899594043986,54670,0.5037192454986421,-0.020994948008073937,-0.010164880042710989,1.2183829967398196,-2.23784894934429e-09,0.3535052034698009,-0.353601571150037,0.0,-0.4359999999999995,0.1,0.0,0.15,0.0,3.4046921730041504,54670,nan,1.0020092725753784,54560.37333814925,52000,54666.73168641754,54678.186427959234,50,54983.42166809705,nan,nan,nan,0.033221952617168427
28.189180563989794,landing,0,0.0006763824494555593,-1.8084359169006348,1.40924870967865,0.022819040343165398,0.5744376182556152,-0.3492511808872223,8.346431419792588e-09,-1.7514566984134663,1.4188161177721375,0.38916440517311657,54428,0.45819011010861566,-0.022115511894313565,-0.012422725301660442,1.1702199990395457,-2.23784894934429e-09,0.3535052034698009,-0.353601571150037,0.0,-0.4329999999999995,0.1,0.0,0.15,0.0,3.4046921730041504,54428,nan,1.0020092725753784,54318.858607074944,52000,54662.093378692975,54673.39539034745,50,54983.42166809705,nan,nan,nan,0.033221952617168427
28.208908525994048,landing,0,0.0010632023913785815,-1.7993043661117554,1.403518557548523,0.02512342855334282,0.5750118494033813,-0.3458365797996521,8.301700827262142e-09,-1.7413907625206826,1.4117482556620193,0.385808357641562,53959,0.3696400433129803,-0.022979743379430175,-0.014126560391737764,0.9286499989684671,-2.23784894934429e-09,0.3535052034698009,-0.353601571150037,0.0,-0.4299999999999995,0.1,0.0,0.15,0.0,3.4046921730041504,53959,nan,1.007093071937561,53578.96057827852,52000,54652.093378692975,54663.39539034745,50,54983.42166809705,nan,nan,nan,0.033221952617168427
28.246402066986775,landing,1,0.0017561025451868773,-1.7855457067489624,1.3948782682418823,0.02614777907729149,0.5740780830383301,-0.34436124563217163,8.257182716264723e-09,-1.731358391595538,1.4047139676695561,0.385808357641562,53959,0.3696400433129803,-0.022979743379430175,-0.014126560391737764,18.57250402099453,-2.2378489493442904e-09,0.3535052034698009,-0.35360157115003704,0.0,-0.4269999999999995,0.1,0.0,0.15,0.0,3.4046921730041504,53959,nan,1.0078119039535522,53540.74484367953,52000,54642.093378692975,54653.39539034745,50,54983.42166809705,-0.2998976933490712,2.401499626307823e-12,1.977594540227066e-11,0.033221952617168427
28.25654233599198,landing,1,0.0021900769788771868,-1.7763797044754028,1.3891146183013916,0.025793053209781647,0.576192319393158,-0.3432570993900299,8.210177068332926e-09,-1.7209330731256616,1.3972866250124572,0.38517440092947214,53870,0.3529129532842248,-0.026781067476230627,-0.014200336270521113,7.791626005200669,-2.2378489493442904e-09,0.3535052034698009,-0.35360157115003704,0.0,-0.4239999999999995,0.1,0.0,0.15,0.0,3.4046921730041504,53870,nan,1.0094419717788696,53366.118614097875,52000,54632.093378692975,54643.39539034745,50,54983.42166809705,-0.29944355783733134,2.3983893564874783e-11,4.008680170645718e-11,0.033221952617168427
28.267789167992305,landing,1,0.002863517962396145,-1.762548804283142,1.3804696798324585,0.0247858427464962,0.5733466148376465,-0.3399370610713959,8.167793075310575e-09,-1.7112378213833048,1.3905895481035326,0.38454044421738215,53782,0.33618586325546396,-0.030582391573031074,-0.014274112149304465,0.06904199835844338,-2.2378489493442904e-09,0.3535052034698009,-0.35360157115003704,0.0,-0.4209999999999995,0.1,0.0,0.15,0.0,3.4046921730041504,53782,nan,0.9945669174194336,54075.79827765254,52000,54624.67611067911,54635.82742884485,50,54983.42166809705,-0.29944355783733134,2.3983893564874783e-11,4.008680170645718e-11,0.033221952617168427
28.305522040987853,landing,1,0.003293239278718829,-1.7532464265823364,1.374737024307251,0.023131312802433968,0.575867772102356,-0.3407919406890869,8.122639728532095e-09,-1.701105104474531,1.383454886772511,0.3839185996045322,53695,0.3197783536815866,-0.03431479102654501,-0.014270860551520798,17.588579998118803,-2.2378489493442904e-09,0.35350520346980085,-0.35360157115003704,0.0,-0.4179999999999995,0.1,0.0,0.15,0.0,3.409970760345459,53695,nan,1.0050244331359863,53426.56181248752,52000,54614.67611067911,54625.82742884485,50,55042.65269665387,-0.2951824851056168,7.015946207250347e-12,5.445457092629127e-11,0.033221952617168427
28.310066664998885,landing,1,0.003915591165423393,-1.7392867803573608,1.3660838603973389,0.021086672320961952,0.5795027613639832,-0.3399762213230133,8.075651166537788e-09,-1.690682485010685,1.376030243857208,0.38328868025885554,53606,0.30315779047112024,-0.03809314024224996,-0.014318960604781812,0.04667500616051257,-2.2378489493442904e-09,0.3535052034698008,-0.35360157115003704,0.0,-0.4149999999999995,0.1,0.0,0.15,0.0,3.409970760345459,53606,nan,1.0087589025497437,53140.54712628084,52000,54604.67611067911,54615.82742884485,50,55042.65269665387,-0.2951824851056168,7.015946207250347e-12,5.445457092629127e-11,0.033221952617168427
28.34440174899646,landing,1,0.004320816602557898,-1.7298988103866577,1.3602274656295776,0.019465623423457146,0.578852117061615,-0.33814185857772827,8.033172295422305e-09,-1.6809722457064429,1.3693181753006969,0.38267962346414447,53521,0.2870876903468176,-0.04181405815062688,-0.014156428328862726,16.504372004419565,-2.2378489493442904e-09,0.3535052034698008,-0.35360157115003704,0.0,-0.4119999999999995,0.1,0.0,0.15,0.0,3.409970760345459,53521,nan,0.9827174544334412,54462.24625251626,52000,54602.777045903604,54613.77967982714,50,55042.65269665387,-0.2907787804163151,7.201169843577758e-12,5.598728782608135e-11,0.033221952617168427
28.347657450998668,landing,1,0.004668461624532938,-1.7205601930618286,1.3544472455978394,0.017809098586440086,0.5832133889198303,-0.3414612114429474,7.98894853544547e-09,-1.6709863723867124,1.3623303975891796,0.38205387662866097,53434,0.2705772197535872,-0.04558092110486622,-0.014162401916287717,0.04663399886339903,-2.2378489493442904e-09,0.3535052034698008,-0.35360157115003704,0.0,-0.4089999999999995,0.1,0.0,0.15,0.0,3.409970760345459,53434,nan,0.9827174544334412,54373.716228339414,52000,54599.72290166942,54610.5788338073,50,55042.65269665387,-0.2907787804163151,7.201169843577758e-12,5.598728782608135e-11,0.033221952617168427
28.38250380998943,landing,1,0.005207969807088375,-1.7063312530517578,1.3456487655639648,0.0166055578738451,0.5848225951194763,-0.3447752594947815,7.944002863216976e-09,-1.6608864611032113,1.3552285508264448,0.3815167515362292,53359,0.2564050537263629,-0.049255613608260126,-0.01394443857937883,14.772102003917098,-2.2378489493442908e-09,0.35350520346980085,-0.3536015711500371,0.0,-0.4059999999999995,0.1,0.0,0.15,0.0,3.409970760345459,53359,nan,0.9967631697654724,53532.27488587364,52000,54589.72290166942,54600.5788338073,50,55042.65269665387,-0.2774170400391172,8.822837561751609e-13,7.208881661554185e-12,0.033221952617168427
28.38788067200221,landing,1,0.005469331983476877,-1.6966509819030762,1.339691400527954,0.015028221532702446,0.5902737379074097,-0.3465886414051056,7.899013646975026e-09,-1.6507796713235803,1.3481198236924603,0.38090366494975314,53273,0.24022862664256195,-0.053009309355235824,-0.013918421177613266,0.07264799205586314,-2.2378489493442908e-09,0.3535052034698008,-0.3536015711500371,0.0,-0.40299999999999947,0.1,0.0,0.15,0.0,3.409970760345459,53273,nan,0.9824128746986389,54226.69162020277,52000,54584.8824845832,54595.59367095925,50,55042.65269665387,-0.2774170400391172,8.822837561751609e-13,7.208881661554185e-12,0.033221952617168427
28.42648538199137,landing,1,0.005794367287307978,-1.6869975328445435,1.3336942195892334,0.013533910736441612,0.5924492478370667,-0.3491896688938141,7.854080696975604e-09,-1.6406817697262905,1.3410199871637898,0.3803707508147084,53198,0.22616756767040513,-0.056803580723470824,-0.013539551589103969,18.53548298822716,-2.2378489493442908e-09,0.3535052034698008,-0.3536015711500371,0.0,-0.39999999999999947,0.1,0.0,0.15,0.0,3.409970760345459,53198,nan,0.9796421527862549,54303.502405134976,52000,54581.130750190554,54591.69912074826,50,55042.65269665387,-0.2680154039873576,0.0,4.5787042845787345e-11,0.033221952617168427
28.428890131006483,landing,1,0.00593612901866436,-1.6822001934051514,1.3306976556777954,0.013533910736441612,0.5924492478370667,-0.3491896688938141,7.809047437629186e-09,-1.6305680226108614,1.3339043007973947,0.3797665722783913,53114,0.2102261814878954,-0.06056178487280868,-0.013474328388811324,0.05650799721479416,-2.2378489493442908e-09,0.3535052034698008,-0.3536015711500371,0.0,-0.39699999999999946,0.1,0.0,0.15,0.0,3.409970760345459,53114,nan,0.9796421527862549,54217.75680939771,52000,54576.28576431332,54586.713223263585,50,55042.65269665387,-0.2680154039873576,0.0,4.5787042845787345e-11,0.033221952617168427
28.463112081983127,landing,1,0.006397882476449013,-1.6626341342926025,1.3184921741485596,0.010052359662950039,0.6021721959114075,-0.35732588171958923,7.764434063685602e-09,-1.6205206033299389,1.3268549603468798,0.3793100792468791,53050,0.19818151047174304,-0.06422570539975267,-0.012910983731053115,15.123454009881243,-2.237848949344291e-09,0.3535052034698008,-0.35360157115003715,0.0,-0.39399999999999946,0.1,0.0,0.15,0.0,3.409970760345459,53050,nan,0.9638844132423401,55037.71953480293,52000,54582.43821458652,54592.72664075078,50,55042.65269665387,-0.2538455306551592,0.0,6.728241894084998e-11,0.033221952617168427
28.467773179989308,landing,1,0.006662765983492136,-1.6478114128112793,1.3091357946395874,0.008026570081710815,0.6098675727844238,-0.36414510011672974,7.720214334016838e-09,-1.6105353666639357,1.319867819462645,0.3787193266655443,52967,0.18259437112254062,-0.06797533831069108,-0.012800476761899967,0.05987298209220171,-2.237848949344291e-09,0.35350520346980074,-0.35360157115003715,0.0,-0.39099999999999946,0.1,0.0,0.15,0.0,3.409970760345459,52967,nan,0.9654196500778198,54864.22406642591,52000,54586.195359277706,54596.34660642644,50,55042.65269665387,-0.2538455306551592,0.0,6.728241894084998e-11,0.033221952617168427
28.502961947000585,landing,1,0.0068420665338635445,-1.6378140449523926,1.3028098344802856,0.006075271870940924,0.6125466227531433,-0.36887693405151367,7.67517474827016e-09,-1.6004206201890945,1.3127511334644062,0.378342664327553,52915,0.172656050858917,-0.07160454776397027,-0.011975084460331655,15.07920102449134,-2.237848949344291e-09,0.35350520346980074,-0.35360157115003715,0.0,-0.38799999999999946,0.1,0.0,0.15,0.0,3.4258065223693848,52915,nan,0.9779662489891052,54107.184225116835,52000,54579.80854415557,54589.824441342316,50,55220.345782324344,-0.23646454885337193,0.0,8.070743241144016e-11,0.033221952617168427
28.50788925398956,landing,1,0.007004078011959791,-1.6226338148117065,1.2931709289550781,0.0035405864473432302,0.6198970079421997,-0.37434449791908264,7.630483116752121e-09,-1.5903608388317285,1.3056894275674702,0.3777683802264754,52834,0.1575034360547587,-0.07534491733201182,-0.011809586311761957,0.0731839973013848,-2.237848949344291e-09,0.35350520346980074,-0.35360157115003715,0.0,-0.38499999999999945,0.1,0.0,0.15,0.0,3.4258065223693848,52834,nan,0.9670097827911377,54636.468979147336,52000,54580.56401662213,54590.446368513054,50,55220.345782324344,-0.23646454885337193,0.0,8.070743241144016e-11,0.033221952617168427
28.545158317981986,landing,1,0.006983418948948383,-1.612389326095581,1.2865573167800903,0.001148460665717721,0.6249569654464722,-0.38203540444374084,7.58561490770776e-09,-1.5802731641375987,1.298599820729876,0.3774648895023185,52792,0.14949576523267716,-0.07890732401150825,-0.010541926210884754,17.266661016037688,-2.237848949344291e-09,0.3535052034698007,-0.35360157115003715,0.0,-0.38199999999999945,0.1,0.0,0.15,0.0,3.4258065223693848,52792,nan,0.9762606620788574,54075.72183394575,52000,54573.83278751977,54583.58337471882,50,55220.345782324344,-0.21741136490116547,0.0,8.789586386027604e-11,0.033221952617168427
28.54863315698458,landing,1,0.006998579017817974,-1.6021182537078857,1.2800582647323608,0.001148460665717721,0.6249569654464722,-0.38203540444374084,7.540749146899212e-09,-1.5701858761827523,1.2915106007369928,0.37690865829303555,52714,0.13481948002732125,-0.08263582938698012,-0.010302950598827887,0.04883098881691694,-2.2378489493442916e-09,0.35350520346980074,-0.3536015711500372,0.0,-0.37899999999999945,0.1,0.0,0.15,0.0,3.4258065223693848,52714,nan,0.9762606620788574,53995.82513931308,52000,54566.12601887702,54575.74659824675,50,55220.345782324344,-0.21741136490116547,0.0,8.789586386027604e-11,0.033221952617168427
28.58533604099648,landing,1,0.006987691856920719,-1.5916181802749634,1.2732350826263428,-0.004972713068127632,0.6412407755851746,-0.39484211802482605,7.496124758239148e-09,-1.5601367169454348,1.2844595198557598,0.37663252296691585,52676,0.12753358751756672,-0.08648315177081208,-0.008478939772278218,17.4322169914376,-2.2378489493442916e-09,0.35350520346980074,-0.3536015711500372,0.0,-0.37599999999999945,0.1,0.0,0.15,0.0,3.4258065223693848,52676,nan,0.9670220017433167,54472.39039550018,52000,54564.87621056533,54574.368515543465,50,55220.345782324344,-0.20002220561740444,0.0,7.929220084727878e-11,0.033221952617168427
28.589143668999895,landing,1,0.0067947981879115105,-1.575661301612854,1.263028860092163,-0.008662017062306404,0.651732325553894,-0.4020920693874359,7.45024328027321e-09,-1.5498889796892643,1.2772098068220918,0.3760927679860543,52600,0.1132920312943071,-0.09021864638206982,-0.008146726794662952,0.049982016207650304,-2.2378489493442916e-09,0.35350520346980074,-0.3536015711500372,0.0,-0.37299999999999944,0.1,0.0,0.15,0.0,3.4258065223693848,52600,nan,0.965525209903717,54478.121814390855,52000,54563.71948528301,54573.085226194766,50,55220.345782324344,-0.20002220561740444,0.0,7.929220084727878e-11,0.033221952617168427
28.625649916997645,landing,1,0.006692458409816027,-1.564887523651123,1.2561315298080444,-0.012169301509857178,0.6589318513870239,-0.4080684185028076,7.4060294205087006e-09,-1.5399046702715897,1.2702235934389594,0.37590418252150803,52574,0.10831616151736156,-0.0937074001624793,-0.0056611035898902606,17.445981997298077,-2.2378489493442916e-09,0.3535052034698007,-0.3536015711500372,0.0,-0.36999999999999944,0.1,0.0,0.15,0.0,3.4258065223693848,52574,nan,0.954170286655426,55099.17960690568,52000,54570.85895357131,54580.09981793758,50,55220.345782324344,-0.18051549730937655,0.0,9.027308857074242e-11,0.033221952617168427
28.62973579298705,landing,1,0.006332769989967346,-1.548399567604065,1.2455179691314697,-0.01594124361872673,0.6720356345176697,-0.4179403483867645,7.360425059845938e-09,-1.5297007082705245,1.2630176675937987,0.37538291014676833,52501,0.09456227300180231,-0.09742990841421872,-0.0052155532318982865,0.05779101047664881,-2.2378489493442916e-09,0.35350520346980063,-0.3536015711500372,0.0,-0.36699999999999944,0.1,0.0,0.15,0.0,3.4258065223693848,52501,nan,0.975050151348114,53844.409877185906,52000,54561.17296588617,54570.290618727566,50,55220.345782324344,-0.18051549730937655,0.0,9.027308857074242e-11,0.033221952617168427
28.663237422995735,landing,1,0.006081676576286554,-1.5371873378753662,1.2383493185043335,-0.019293416291475296,0.6825870871543884,-0.4243645966053009,7.3162520072681474e-09,-1.519722845021993,1.2560379021370744,0.3753094360698044,52490,0.09262364300275294,-0.10110691504184126,-0.0023327418096261033,14.936477993614972,-2.2378489493442916e-09,0.35350520346980063,-0.3536015711500372,0.0,-0.36399999999999944,0.1,0.0,0.15,0.0,3.4258065223693848,52490,nan,0.9630255103111267,54505.30586987456,52000,54560.42807127268,54569.42415540953,50,55220.345782324344,-0.1580102429922163,0.0,1.0294953076933608e-10,0.033221952617168427
28.667764115001773,landing,1,0.005608248058706522,-1.520209550857544,1.227425217628479,-0.022642821073532104,0.6978495121002197,-0.43271636962890625,7.272602439025037e-09,-1.5098276747703676,1.2491408522198728,0.3748094874235302,52421,0.07943238584512358,-0.10482725654957513,-0.0017711314009541193,0.04661199636757374,-2.2378489493442916e-09,0.35350520346980063,-0.3536015711500372,0.0,-0.36099999999999943,0.1,0.0,0.15,0.0,3.4258065223693848,52421,nan,0.9630255103111267,54433.65667755181,52000,54558.73778602307,54567.61392237143,50,55220.345782324344,-0.1580102429922163,0.0,1.0294953076933608e-10,0.033221952617168427
28.71478829300031,landing,1,0.005204686429351568,-1.50860595703125,1.2199982404708862,-0.025168703868985176,0.7105236649513245,-0.44183120131492615,7.227346187014088e-09,-1.4996787022804687,1.2419899308763558,0.37482809319067256,52423,0.07992330318397123,-0.10833831498779702,0.0010966473405268646,26.678594993427396,-2.2378489493442916e-09,0.3535052034698006,-0.3536015711500372,0.0,-0.35799999999999943,0.1,0.0,0.15,0.0,3.4310851097106934,52423,nan,0.9701704382896423,54034.835458828136,52000,54551.75242166047,54560.51020952419,50,55279.57681088117,-0.13421515691138225,0.0,1.0857402487297457e-10,0.033221952617168427
28.71578426499036,landing,1,0.005204686429351568,-1.50860595703125,1.2199982404708862,-0.027591118589043617,0.7270058989524841,-0.45096075534820557,7.165877422018337e-09,-1.4869686955871093,1.2322772771757924,0.37435069038846003,52356,0.06732692317836353,-0.11204955723163906,0.0017585259375818485,0.06655399920418859,-2.237848949344292e-09,0.35350520346980063,-0.3536015711500373,0.0,-0.3549999999999994,0.1,0.0,0.15,0.0,3.4310851097106934,52356,nan,0.9426200985908508,55543.05502107206,52000,54561.75242166047,54570.51020952419,50,55279.57681088117,-0.13421515691138225,0.0,1.0857402487297457e-10,0.033221952617168427
28.743629823991796,landing,1,0.004186744336038828,-1.478972315788269,1.2009456157684326,-0.029185503721237183,0.7348588109016418,-0.4574156403541565,7.137823246295733e-09,-1.4795370751688042,1.227844448670661,0.374405760883188,52364,0.06877997053266327,-0.11581507704870407,0.004264297920656579,15.622052975231782,-2.237848949344292e-09,0.35350520346980063,-0.3536015711500373,0.0,-0.3519999999999994,0.1,0.0,0.15,0.0,3.4310851097106934,52364,nan,0.9691166281700134,54032.71234637583,52000,54554.69855399001,54563.33957134888,50,55279.57681088117,-0.11173607313552697,0.0,1.0362717622601913e-10,0.033221952617168427
28.74768033399596,landing,1,0.003724349197000265,-1.4667569398880005,1.1931252479553223,-0.03065613843500614,0.7520697116851807,-0.4675856828689575,7.0937296597139785e-09,-1.4695717648868643,1.2208772396025436,0.37394965701285304,52300,0.05674556762145144,-0.11952849039547504,0.004999932253152353,0.04193300264887512,-2.237848949344292e-09,0.35350520346980063,-0.3536015711500373,0.0,-0.3489999999999994,0.1,0.0,0.15,0.0,3.4310851097106934,52300,nan,0.9691166281700134,53966.67282322695,52000,54546.858210913175,54555.384014707255,50,55279.57681088117,-0.11173607313552697,0.0,1.0362717622601913e-10,0.033221952617168427
28.78538735100301,landing,1,0.0029169926419854164,-1.4480302333831787,1.1810764074325562,-0.0316690132021904,0.7672066688537598,-0.47896531224250793,7.048618809724064e-09,-1.459445761047752,1.2137492931712077,0.37421151092368177,52337,0.0636546417857975,-0.12290529625626005,0.0071814821518561625,17.48045501881279,-2.237848949344292e-09,0.3535052034698006,-0.3536015711500373,0.0,-0.3459999999999994,0.1,0.0,0.15,0.0,3.4310851097106934,52337,nan,0.9543068408966064,54842.94752705268,52000,54550.8060684617,54559.21819487186,50,55279.57681088117,-0.08367166265321416,0.0,1.2669158235613005e-10,0.033221952617168427
28.788107431988465,landing,1,0.002399031538516283,-1.4353419542312622,1.1729021072387695,-0.032722894102334976,0.7843798398971558,-0.48837798833847046,7.0042806015941726e-09,-1.4494418087519385,1.2067434315551675,0.37378199808227885,52277,0.052321849136644616,-0.12660624265910558,0.007970668912730008,0.058110017562285066,-2.2378489493442924e-09,0.3535052034698006,-0.3536015711500374,0.0,-0.3429999999999994,0.1,0.0,0.15,0.0,3.4310851097106934,52277,nan,0.9607820510864258,54410.88323921811,52000,54548.940430738454,54557.240395463145,50,55279.57681088117,-0.08367166265321416,0.0,1.2669158235613005e-10,0.033221952617168427
28.830250734987203,landing,1,0.0015665553510189056,-1.4159799814224243,1.1604528427124023,-0.03356428071856499,0.8010616898536682,-0.5000335574150085,6.958397733949928e-09,-1.4391938519731267,1.199493498939015,0.37412190559059655,52324,0.061290384976160794,-0.1301658481882062,0.010080302023823186,22.041610995074734,-2.2378489493442924e-09,0.3535052034698006,-0.3536015711500374,0.0,-0.3399999999999994,0.1,0.0,0.15,0.0,3.4310851097106934,52324,nan,0.9509073495864868,55025.33976917278,52000,54555.29242191758,54563.48172044594,50,55279.57681088117,-0.05566983025504726,0.0,1.2590134754355952e-10,0.033221952617168427
28.831011698988732,landing,1,0.0015665553510189056,-1.4159799814224243,1.1604528427124023,-0.034635961055755615,0.8194575905799866,-0.5110933184623718,6.90739494988239e-09,-1.4281371198310382,1.1914345704824756,0.37371892448539085,52268,0.050657638136961225,-0.13386192076781916,0.010915021417463217,0.06795002263970673,-2.2378489493442924e-09,0.3535052034698006,-0.3536015711500374,0.0,-0.3369999999999994,0.1,0.0,0.15,0.0,3.4310851097106934,52268,nan,0.9568282961845398,54626.31091536958,52000,54556.2393351636,54564.31944304492,50,55279.57681088117,-0.05566983025504726,0.0,1.2590134754355952e-10,0.033221952617168427
28.864573817001656,landing,1,0.0003552594280336052,-1.389196515083313,1.143233299255371,-0.03562953695654869,0.8312973380088806,-0.5173247456550598,6.8692319449852205e-09,-1.4191086428799258,1.185404450131681,0.3739951804263638,52307,0.0579467130966691,-0.13381998913572074,0.013181493053172618,16.507493011886254,-2.2378489493442924e-09,0.3535052034698005,-0.3536015711500374,0.0,-0.3339999999999994,0.1,0.0,0.15,0.0,3.4310851097106934,52307,nan,0.9624850749969482,54345.77777755759,52000,54553.43318106219,54561.40555417176,50,55279.57681088117,-0.03254489890161522,0.0,1.038826325566602e-10,0.033221952617168427
28.868154616997344,landing,1,-0.0006272033788263798,-1.368621826171875,1.1300135850906372,-0.03741798922419548,0.8519379496574402,-0.5273246765136719,6.825254997398669e-09,-1.4091617576537714,1.1784556711421321,0.37361411019361546,52253,0.04789208954130331,-0.13739548093431078,0.014062398003008436,0.04779800656251609,-2.2378489493442924e-09,0.3535052034698005,-0.3536015711500374,0.0,-0.3309999999999994,0.1,0.0,0.15,0.0,3.4310851097106934,52253,nan,0.9614877104759216,54345.98844132451,52000,54550.66725119902,54558.53332600046,50,55279.57681088117,-0.03254489890161522,0.0,1.038826325566602e-10,0.033221952617168427
28.90518788198824,landing,1,-0.0013333583483472466,-1.3546453714370728,1.121105432510376,-0.03937474265694618,0.8671941161155701,-0.5358526110649109,6.779690119113776e-09,-1.3989640325464099,1.1712559838908905,0.37406082889442027,52316,0.05967886264961031,-0.1101841268324883,0.01749356053854438,17.140784999355674,-2.2378489493442924e-09,0.3535052034698005,-0.3536015711500374,0.0,-0.3279999999999994,0.1,0.0,0.15,0.0,3.436363697052002,52316,nan,0.9512527585029602,54996.94958291908,52000,54556.61768228862,54564.37887609271,50,55338.80783943799,-0.006070478703225439,0.0,1.2017873744093964e-10,0.033221952617168427
28.909049727983074,landing,1,-0.0023888021241873503,-1.3332091569900513,1.1073858737945557,-0.04183290898799896,0.886834979057312,-0.5472491383552551,6.734283174769199e-09,-1.3887912557134716,1.1640812517151244,0.37370484317480995,52266,0.05028609959920516,-0.11282668390682339,0.01845174602128021,0.053279014537110925,-2.2378489493442924e-09,0.3535052034698005,-0.3536015711500374,0.0,-0.3249999999999994,0.1,0.0,0.15,0.0,3.436363697052002,52266,nan,0.9383769035339355,55698.301826447125,52000,54566.61768228862,54574.37887609271,50,55338.80783943799,-0.006070478703225439,0.0,1.2017873744093964e-10,0.033221952617168427
28.94374830898596,landing,1,-0.0031126069370657206,-1.3186101913452148,1.0980603694915771,-0.044400207698345184,0.903742253780365,-0.5594822764396667,6.690525021634028e-09,-1.3788789326846795,1.1571670443448039,0.374388817970111,52362,0.06833292797126411,-0.08190835809851024,0.02279701847897763,15.71380699169822,-2.237848949344293e-09,0.3535052034698005,-0.35360157115003743,0.0,-0.3219999999999994,0.1,0.0,0.15,0.0,3.436363697052002,52362,nan,0.9532603621482849,54929.37929570054,52000,54571.45450380078,54579.11221502082,50,55338.80783943799,0.025289054351019056,0.0,1.4013858922288175e-10,0.033221952617168427
28.94767867200426,landing,1,-0.00397708872333169,-1.3037632703781128,1.0885987281799316,-0.04707000032067299,0.9244648218154907,-0.5696002244949341,6.646167324140257e-09,-1.3688719017219406,1.1501581032225752,0.3740625454080695,52316,0.05972415324721503,-0.08359203280476968,0.023851977875283786,0.04601498949341476,-2.237848949344293e-09,0.35350520346980047,-0.35360157115003743,0.0,-0.3189999999999994,0.1,0.0,0.15,0.0,3.436363697052002,52316,nan,0.9427096843719482,55495.34588143533,52000,54581.45450380078,54589.11221502082,50,55338.80783943799,0.025289054351019056,0.0,1.4013858922288175e-10,0.033221952617168427
28.98270505099208,landing,1,-0.005250337067991495,-1.2810360193252563,1.074197769165039,-0.0496738962829113,0.9432565569877625,-0.5810038447380066,6.601104934695459e-09,-1.358753553026339,1.1430378140215884,0.374784658334385,52417,0.07877726475949842,-0.047634404023245175,0.02878386231702668,14.894286985509098,-2.237848949344293e-09,0.35350520346980047,-0.35360157115003743,0.0,-0.3159999999999994,0.1,0.0,0.15,0.0,3.436363697052002,52417,nan,0.9597715139389038,54614.04015303658,52000,54581.88897912392,54589.444587527694,50,55338.80783943799,0.055193796228132995,0.0,1.3456040924275085e-10,0.033221952617168427
28.987754408008186,landing,1,-0.006119249388575554,-1.265666127204895,1.0644913911819458,-0.051874373108148575,0.9647650122642517,-0.5909774899482727,6.556554274210771e-09,-1.3487160403720695,1.1359983828983333,0.37448672051527215,52375,0.07091610858237729,-0.048300746202807734,0.029943603471317602,0.05074799992144108,-2.237848949344293e-09,0.35350520346980047,-0.35360157115003743,0.0,-0.3129999999999994,0.1,0.0,0.15,0.0,3.436363697052002,52375,nan,0.9500568509101868,55128.279902221606,52000,54589.174191431885,54596.62905839028,50,55338.80783943799,0.055193796228132995,0.0,1.3456040924275085e-10,0.033221952617168427
29.026194098987617,landing,1,-0.007504901848733425,-1.2421212196350098,1.049569010734558,-0.05333052575588226,0.983526885509491,-0.6011151671409607,6.5093361514543334e-09,-1.3382571579942544,1.1285374671835693,0.37526140932503804,52484,0.09135644657092357,-0.00839438603353769,0.03429799179910992,17.299275001278147,-2.237848949344293e-09,0.3535052034698004,-0.35360157115003743,0.0,-0.3099999999999994,0.1,0.0,0.15,0.0,3.436363697052002,52484,nan,0.9758166074752808,53784.69642548025,52000,54579.174191431885,54586.62905839028,50,55338.80783943799,0.0842209697313835,0.0,1.3130779209514456e-10,0.033221952617168427
29.029362286994,landing,1,-0.008420201018452644,-1.2261964082717896,1.0394712686538696,-0.05333052575588226,0.983526885509491,-0.6011151671409607,6.465744979920411e-09,-1.328371212467367,1.1216496445058222,0.3749909747528195,52446,0.08422096973138338,-0.008020402511848138,0.03553964698349063,0.052324001444503665,-2.2378489493442933e-09,0.35350520346980047,-0.3536015711500375,0.0,-0.3069999999999994,0.1,0.0,0.15,0.0,3.436363697052002,52446,nan,0.9758166074752808,53745.754682012375,52000,54569.174191431885,54576.62905839028,50,55338.80783943799,0.0842209697313835,0.0,1.3130779209514456e-10,0.033221952617168427
29.064973216998624,landing,1,-0.009327873587608337,-1.2100812196731567,1.0291820764541626,-0.05373487249016762,1.0222692489624023,-0.6219145655632019,6.422065082080146e-09,-1.318471251154926,1.1147478022217323,0.37603926001122423,52593,0.11188021137794735,0.028772460119719886,0.036655093866484925,17.08685199264437,-2.2378489493442933e-09,0.35350520346980047,-0.3536015711500375,0.0,-0.3039999999999994,0.1,0.0,0.15,0.0,3.436363697052002,52593,nan,0.9583699107170105,54877.55762349865,52000,54573.28597052611,54580.64143925839,50,55338.80783943799,0.11188021137794693,0.0,1.2302745039061206e-10,0.033221952617168427
29.068911812006263,landing,1,-0.010695068165659904,-1.1855474710464478,1.013576626777649,-0.05270780995488167,1.0411018133163452,-0.6324061751365662,6.376644200441657e-09,-1.3082962726962157,1.1075708678200178,0.37603926001122423,52593,0.11188021137794735,0.028772460119719886,0.036655093866484925,0.047623005229979753,-2.2378489493442933e-09,0.35350520346980047,-0.3536015711500375,0.0,-0.3009999999999994,0.1,0.0,0.15,0.0,3.436363697052002,52593,nan,0.950541079044342,55329.539311311106,52000,54583.28597052611,54590.626744219095,50,55338.80783943799,0.11188021137794693,0.0,1.2302745039061206e-10,0.033221952617168427
29.102367966988822,landing,1,-0.0116102434694767,-1.1690274477005005,1.0030120611190796,-0.0508970245718956,1.0481857061386108,-0.6382532715797424,6.332371465132371e-09,-1.2983026629138132,1.100575351536821,0.37704151491166393,52733,0.13832493170617077,0.06264768326389689,0.03610900091752423,14.453498006332666,-2.2378489493442933e-09,0.35350520346980047,-0.3536015711500375,0.0,-0.2979999999999994,0.1,0.0,0.15,0.0,3.436363697052002,52733,nan,0.9660304188728333,54587.30798718429,52000,54583.33959741489,54590.5824941253,50,55338.80783943799,0.13832493170617008,0.0,1.2147493903212892e-10,0.033221952617168427
29.107905285985908,landing,1,-0.012897314503788948,-1.1441634893417358,0.9869486689567566,-0.04900925233960152,1.0629328489303589,-0.6472687125205994,6.288026095961574e-09,-1.288297579413312,1.0935683584077196,0.37704151491166393,52733,0.13832493170617077,0.06264768326389689,0.03610900091752423,0.06569499964825809,-2.2378489493442933e-09,0.35350520346980047,-0.3536015711500375,0.0,-0.2949999999999994,0.1,0.0,0.15,0.0,3.436363697052002,52733,nan,0.9476482272148132,55646.17596023473,52000,54593.33959741489,54600.5824941253,50,55338.80783943799,0.13832493170617008,0.0,1.2147493903212892e-10,0.033221952617168427
29.143893772008596,landing,1,-0.013740016147494316,-1.1274076700210571,0.976089596748352,-0.046926647424697876,1.0679761171340942,-0.6577596664428711,6.243199898031548e-09,-1.2782165410685773,1.0864853897286295,0.37875092089337103,52972,0.1834279919095252,0.09288657774853543,0.03475577696246921,16.149820003192872,-2.237848949344293e-09,0.3535052034698004,-0.35360157115003743,0.0,-0.29199999999999937,0.1,0.0,0.15,0.0,3.436363697052002,52972,nan,0.9668393135070801,54788.8353938062,52000,54595.94620803344,54603.09253278771,50,55338.80783943799,0.1834279919095255,5.142708668378609e-16,0.0008318379986648253,0.033221952617168427
29.14765429199906,landing,1,-0.014559800736606121,-1.1107243299484253,0.9650936126708984,-0.04442606121301651,1.0743343830108643,-0.6657600402832031,6.198605389115891e-09,-1.2681721018304044,1.079439030133242,0.37875092089337103,52972,0.1834279919095252,0.09288657774853543,0.03475577696246921,0.03528298111632466,-2.237848949344293e-09,0.35350520346980047,-0.35360157115003743,0.0,-0.28899999999999937,0.1,0.0,0.15,0.0,3.436363697052002,52972,nan,0.9500332474708557,55758.04861674068,52000,54605.94620803344,54613.09253278771,50,55338.80783943799,0.1834279919095255,5.142708668378609e-16,0.0008318379986648253,0.033221952617168427
29.197283401997993,landing,1,-0.015698064118623734,-1.085627555847168,0.9483547210693359,-0.041796885430812836,1.071372151374817,-0.6740619540214539,6.153394236487367e-09,-1.2580302535328536,1.0722952349241708,0.38096933818061696,53282,0.24196142956772881,0.11324627927807777,0.03260501709986896,29.331267985980958,-2.237848949344293e-09,0.35350520346980047,-0.35360157115003743,0.0,-0.28599999999999937,0.1,0.0,0.15,0.0,3.436363697052002,53282,nan,0.9476547837257385,56225.11584917022,52000,54615.94620803344,54623.09253278771,50,55338.80783943799,0.24196142956772904,1.8430886673259548e-15,0.0025161021087303378,0.033221952617168427
29.19795457998407,landing,1,-0.015698064118623734,-1.085627555847168,0.9483547210693359,-0.038585081696510315,1.071358323097229,-0.6832793951034546,6.086400994488418e-09,-1.2444475644506081,1.0617096609361658,0.38096933818061696,53282,0.24196142956772881,0.11324627927807777,0.03260501709986896,0.057281984481960535,-2.237848949344293e-09,0.35350520346980047,-0.35360157115003743,0.0,-0.28299999999999936,0.1,0.0,0.15,0.0,3.436363697052002,53282,nan,0.9476547837257385,56225.11584917022,52000,54625.94620803344,54633.09253278771,50,55338.80783943799,0.24196142956772904,1.8430886673259548e-15,0.0025161021087303378,0.033221952617168427
29.222229487990262,landing,1,-0.0174099151045084,-1.0441738367080688,0.9198684692382812,-0.034666210412979126,1.0578656196594238,-0.6870620250701904,6.064138092120217e-09,-1.2379307713114622,1.058191909097704,0.3830615415684425,53575,0.2971646851831782,0.12346615251026116,0.029202371686276086,14.484262996120378,-2.237848949344293e-09,0.3535052034698005,-0.35360157115003743,0.0,-0.27999999999999936,0.1,0.0,0.15,0.0,3.436363697052002,53575,nan,0.9654768109321594,55490.71649714073,52000,54635.94620803344,54643.09253278771,50,55338.80783943799,0.2971646851831787,1.2435813963336057e-13,0.0037663296780410657,0.033221952617168427
29.227786254981766,landing,1,-0.018031686544418335,-1.0277965068817139,0.9082518219947815,-0.030467038974165916,1.0506889820098877,-0.6963804364204407,6.019324417186664e-09,-1.2278517111808593,1.0511109191720194,0.3830615415684425,53575,0.2971646851831782,0.12346615251026116,0.029202371686276086,0.04102999810129404,-2.2378489493442924e-09,0.3535052034698005,-0.3536015711500374,0.0,-0.27699999999999936,0.1,0.0,0.15,0.0,3.436363697052002,53575,nan,0.951478898525238,56307.08162108434,52000,54645.94620803344,54653.09253278771,50,55338.80783943799,0.2971646851831787,1.2435813963336057e-13,0.0037663296780410657,0.033221952617168427
29.27109274698887,landing,1,-0.01861097849905491,-1.0115896463394165,0.8965495824813843,-0.02619563601911068,1.038543462753296,-0.7065373063087463,5.974307203261234e-09,-1.2177404987046931,1.0439977681358452,0.3854539773861423,53909,0.36028964079531,0.1254908365245093,0.0247795073445351,23.138674994697794,-2.2378489493442924e-09,0.3535052034698005,-0.3536015711500374,0.0,-0.27399999999999936,0.1,0.0,0.15,0.0,3.436363697052002,53909,nan,0.9679933190345764,55691.50007539916,52000,54655.94620803344,54663.09253278771,50,55338.80783943799,0.3602896407953098,7.414701580430012e-15,0.004762679295785257,0.033221952617168427
29.271728419000283,landing,1,-0.01861097849905491,-1.0115896463394165,0.8965495824813843,-0.021652042865753174,1.0289499759674072,-0.7146023511886597,5.921307505980831e-09,-1.2063683211381795,1.035623308262529,0.3854539773861423,53909,0.36028964079531,0.1254908365245093,0.0247795073445351,0.0602040090598166,-2.2378489493442924e-09,0.3535052034698005,-0.3536015711500374,0.0,-0.27099999999999935,0.1,0.0,0.15,0.0,3.436363697052002,53909,nan,0.9679933190345764,55691.50007539916,52000,54665.94620803344,54673.09253278771,50,55338.80783943799,0.3602896407953098,7.414701580430012e-15,0.004762679295785257,0.033221952617168427
29.310954310989473,landing,1,-0.019838321954011917,-0.9717947840690613,0.8667540550231934,-0.017295710742473602,0.9978569746017456,-0.7113531231880188,5.88475651547955e-09,-1.1975944884860854,1.0298479016283455,0.3871338890405673,54144,0.4046144865585024,0.11923582472747611,0.02021670302150828,22.976598993409425,-2.2378489493442924e-09,0.3535052034698005,-0.3536015711500374,0.0,-0.26799999999999935,0.1,0.0,0.15,0.0,3.4258065223693848,54144,nan,0.980490505695343,55221.34042654725,52000,54673.35146428029,54680.40250470451,50,55220.345782324344,0.4046144865585022,7.232128518572108e-15,0.0054459979743995265,0.033221952617168427
29.311669054004597,landing,1,-0.019838321954011917,-0.9717947840690613,0.8667540550231934,-0.012600977905094624,0.9844604134559631,-0.7184862494468689,5.8317686832526e-09,-1.1862241852007362,1.0214753165471344,0.3871338890405673,54144,0.4046144865585024,0.11923582472747611,0.02021670302150828,0.06553999264724553,-2.2378489493442924e-09,0.3535052034698006,-0.3536015711500374,0.0,-0.26499999999999935,0.1,0.0,0.15,0.0,3.4258065223693848,54144,nan,0.980490505695343,55221.34042654725,52000,54680.657983777186,54687.61501032908,50,55220.345782324344,0.4046144865585022,7.232128518572108e-15,0.0054459979743995265,0.033221952617168427
29.344538275996456,landing,1,-0.02076491340994835,-0.9335347414016724,0.8364301919937134,-0.008193828165531158,0.9535327553749084,-0.7192287445068359,5.795457426815765e-09,-1.177488222503742,1.0157377901916318,0.3890802061714712,54416,0.45596850056652194,0.11008815258739743,0.015411968138926656,16.68830800917931,-2.2378489493442924e-09,0.3535052034698006,-0.3536015711500374,0.0,-0.26199999999999934,0.1,0.0,0.15,0.0,3.4258065223693848,54416,nan,0.9855830073356628,55211.99086731757,52000,54687.74242222439,54694.60668842226,50,55220.345782324344,0.4559685005665221,1.9429546593816953e-15,0.006036185172673183,0.033221952617168427
29.348695274995407,landing,1,-0.021057577803730965,-0.9186300039291382,0.8241270780563354,-0.00304652308113873,0.9344905614852905,-0.7252263426780701,5.750195342936468e-09,-1.1673383287739143,1.0085859473570502,0.3890802061714712,54416,0.45596850056652194,0.11008815258739743,0.015411968138926656,0.09663699893280864,-2.2378489493442924e-09,0.3535052034698006,-0.3536015711500374,0.0,-0.25899999999999934,0.1,0.0,0.15,0.0,3.4258065223693848,54416,nan,0.9590235352516174,56741.047534065954,52000,54697.74242222439,54704.60668842226,50,55220.345782324344,0.4559685005665221,1.9429546593816953e-15,0.006036185172673183,0.033221952617168427
29.391471609997097,landing,1,-0.021443737670779228,-0.8968676924705505,0.8055102825164795,0.0008925333968363702,0.9105778932571411,-0.7355306148529053,5.705931442638743e-09,-1.1573461146275132,1.0015918270903135,0.3916976757806564,54783,0.5250310232363145,0.10081478545234256,0.010518263462137557,23.597583989612758,-2.237848949344292e-09,0.3535052034698006,-0.3536015711500373,0.0,-0.25599999999999934,0.1,0.0,0.15,0.0,3.4258065223693848,54783,nan,0.975276529788971,56171.76085623005,52000,54707.74242222439,54714.60668842226,50,55220.345782324344,0.5250310232363141,9.669472002090029e-15,0.006688405679034664,0.033221952617168427
29.39216569700511,landing,1,-0.021443737670779228,-0.8968676924705505,0.8055102825164795,0.005298282485455275,0.8895050883293152,-0.7438231110572815,5.651878042965849e-09,-1.1458074873643997,0.9930508721451923,0.3916976757806564,54783,0.5250310232363145,0.10081478545234256,0.010518263462137557,0.06283100810833275,-2.237848949344292e-09,0.35350520346980063,-0.3536015711500373,0.0,-0.25299999999999934,0.1,0.0,0.15,0.0,3.4258065223693848,54783,nan,0.975276529788971,56171.76085623005,52000,54717.74242222439,54724.60668842226,50,55220.345782324344,0.5250310232363141,9.669472002090029e-15,0.006688405679034664,0.033221952617168427
29.422729604993947,landing,1,-0.021783791482448578,-0.8688726425170898,0.7804287075996399,0.008430913090705872,0.8579737544059753,-0.7442554235458374,5.61632639073549e-09,-1.137191516697987,0.9874333705308327,0.3935081506073707,55036,0.5728008075823396,0.08197176830368297,0.006399459466758586,14.859204005915672,-2.237848949344292e-09,0.35350520346980063,-0.3536015711500373,0.0,-0.24999999999999933,0.1,0.0,0.15,0.0,3.4258065223693848,55036,nan,0.9989687204360962,55092.816095357055,52000,54722.743404532834,54729.51614718139,50,55220.345782324344,0.5728008075823395,3.018777148579073e-14,0.007025871815624173,0.033221952617168427
29.427742708998267,landing,1,-0.02193037047982216,-0.8485678434371948,0.7613790035247803,0.01181805320084095,0.8364004492759705,-0.7484760880470276,5.571908866603898e-09,-1.1271750351296648,0.9804149762267276,0.3935081506073707,55036,0.5728008075823396,0.08197176830368297,0.006399459466758586,0.05008300649933517,-2.237848949344292e-09,0.35350520346980063,-0.3536015711500373,0.0,-0.24699999999999933,0.1,0.0,0.15,0.0,3.4258065223693848,55036,nan,0.9989687204360962,55092.816095357055,52000,54727.67770707716,54734.360146490406,50,55220.345782324344,0.5728008075823395,3.018777148579073e-14,0.007025871815624173,0.033221952617168427
29.47553059400525,landing,1,-0.02200096659362316,-0.8354132175445557,0.7486528158187866,0.013194984756410122,0.8093383312225342,-0.7533084750175476,5.5265581527454946e-09,-1.117011140830761,0.973249129006429,0.3957022677322516,55343,0.6306930800066368,0.06825015223279661,0.0038070014161109833,27.41105799213983,-2.2378489493442916e-09,0.3535052034698006,-0.3536015711500372,0.0,-0.24399999999999933,0.1,0.0,0.15,0.0,3.4258065223693848,55343,nan,1.0007954835891724,55299.01054461429,52000,54735.29547824432,54741.88881846539,50,55220.345782324344,0.6306930800066369,6.095678093032635e-15,0.007371092438872835,0.033221952617168427
29.47669233600027,landing,1,-0.02200096659362316,-0.8354132175445557,0.7486528158187866,0.015791283920407295,0.7887827157974243,-0.7577913403511047,5.462625209486016e-09,-1.1039118764805074,0.9631471115349539,0.3957022677322516,55343,0.6306930800066368,0.06825015223279661,0.0038070014161109833,0.09839600534178317,-2.2378489493442916e-09,0.35350520346980063,-0.3536015711500372,0.0,-0.24099999999999933,0.1,0.0,0.15,0.0,3.4258065223693848,55343,nan,1.0007954835891724,55299.01054461429,52000,54742.811679129256,54749.31710814738,50,55220.345782324344,0.6306930800066369,6.095678093032635e-15,0.007371092438872835,0.033221952617168427
29.511824591987533,landing,1,-0.02199636958539486,-0.8038017749786377,0.716702938079834,0.017573870718479156,0.7583640813827515,-0.7513615489006042,5.437480367209523e-09,-1.096939833332657,0.9591739855838511,0.3971250320041782,55542,0.668233034411033,0.052544991487067684,0.0013480150135376985,23.984539991943166,-2.2378489493442916e-09,0.35350520346980063,-0.3536015711500372,0.0,-0.23799999999999932,0.1,0.0,0.15,0.0,3.409970760345459,55542,nan,0.9946720600128174,55839.50955582716,52000,54752.811679129256,54759.31710814738,50,55042.65269665387,0.6682330344110335,1.7768158568077628e-16,0.0073595042219553345,0.033221952617168427
29.513015034986893,landing,1,-0.02199636958539486,-0.8038017749786377,0.716702938079834,0.01934955269098282,0.7382545471191406,-0.7570654153823853,5.3820537025702036e-09,-1.085184276186266,0.9504160416190397,0.3971250320041782,55542,0.668233034411033,0.052544991487067684,0.0013480150135376985,0.11482200352475047,-2.2378489493442916e-09,0.35350520346980063,-0.3536015711500372,0.0,-0.23499999999999932,0.1,0.0,0.15,0.0,3.409970760345459,55542,nan,1.0117604732513428,54896.39244505472,52000,54754.7260893416,54761.144779306145,50,55042.65269665387,0.6682330344110335,1.7768158568077628e-16,0.0073595042219553345,0.033221952617168427
29.55436203800491,landing,1,-0.021807514131069183,-0.7738003730773926,0.6846680045127869,0.02068801037967205,0.7113568186759949,-0.7523307204246521,5.3478119976365835e-09,-1.0767752333314036,0.9450055242260174,0.3987819966366885,55773,0.711952417854576,0.0383245836619794,-0.00048312745076874213,26.437597000040114,-2.2378489493442916e-09,0.3535052034698007,-0.3536015711500372,0.0,-0.23199999999999932,0.1,0.0,0.15,0.0,3.409970760345459,55773,nan,0.9989647269248962,55830.80012413001,52000,54764.7260893416,54771.144779306145,50,55042.65269665387,0.7119524178545767,6.262614193745684e-17,0.007294926598203974,0.033221952617168427
29.555672646005405,landing,1,-0.021807514131069183,-0.7738003730773926,0.6846680045127869,0.024227900430560112,0.6935653686523438,-0.7539008855819702,5.287166483553636e-09,-1.0641952727171249,0.9354229520558915,0.3987819966366885,55773,0.711952417854576,0.0383245836619794,-0.00048312745076874213,0.06315001519396901,-2.2378489493442916e-09,0.35350520346980074,-0.3536015711500372,0.0,-0.22899999999999932,0.1,0.0,0.15,0.0,3.409970760345459,55773,nan,0.9989647269248962,55830.80012413001,52000,54774.7260893416,54781.144779306145,50,55042.65269665387,0.7119524178545767,6.262614193745684e-17,0.007294926598203974,0.033221952617168427
29.58369057800155,landing,1,-0.02135191671550274,-0.7452449798583984,0.6526926755905151,0.027365365996956825,0.6713548302650452,-0.7491734027862549,5.258539384959508e-09,-1.0566731496684572,0.9308995962488267,0.40016603918861904,55967,0.7484706909925851,0.027391649167427347,-0.004407731553150024,15.94715702231042,-2.2378489493442916e-09,0.35350520346980074,-0.3536015711500372,0.0,-0.2259999999999993,0.1,0.0,0.15,0.0,3.409970760345459,55967,nan,1.0235002040863037,54681.96271632667,52000,54773.489244368066,54779.82235179975,50,55042.65269665387,0.7484706909925858,9.209667248625517e-17,0.007072785433680355,0.033221952617168427
29.587680953991367,landing,1,-0.02108301781117916,-0.7341964840888977,0.639935314655304,0.031012648716568947,0.6577165126800537,-0.7507883906364441,5.213895110749917e-09,-1.0466208491801479,0.9238453732602777,0.40016603918861904,55967,0.7484706909925851,0.027391649167427347,-0.004407731553150024,0.03434100653976202,-2.2378489493442916e-09,0.35350520346980074,-0.3536015711500372,0.0,-0.2229999999999993,0.1,0.0,0.15,0.0,3.409970760345459,55967,nan,1.027161955833435,54487.02581141511,52000,54769.6697319287,54775.918397927955,50,55042.65269665387,0.7484706909925858,9.209667248625517e-17,0.007072785433680355,0.033221952617168427
29.62507689598715,landing,1,-0.020550386980175972,-0.7178892493247986,0.6208325624465942,0.03476753830909729,0.645859956741333,-0.7524092793464661,5.168239953199525e-09,-1.0364088629716839,0.9166314210202701,0.4020734866779504,56234,0.7987991207902461,0.023907276912585346,-0.008867145935072526,16.913614992517978,-2.237848949344291e-09,0.3535052034698007,-0.35360157115003715,0.0,-0.2199999999999993,0.1,0.0,0.15,0.0,3.409970760345459,56234,nan,1.0235891342163086,54938.05875836547,52000,54771.914918947856,54778.08026940045,50,55042.65269665387,0.7987991207902468,1.0808419073937945e-16,0.0067519732734042945,0.033221952617168427
29.627811354002915,landing,1,-0.02015899494290352,-0.7072092294692993,0.6081820130348206,0.04029296338558197,0.6341959834098816,-0.7504937052726746,5.12442408142335e-09,-1.0264874223302225,0.9097080935517635,0.4020734866779504,56234,0.7987991207902461,0.023907276912585346,-0.008867145935072526,0.033563002943992615,-2.237848949344291e-09,0.35350520346980074,-0.35360157115003715,0.0,-0.2169999999999993,0.1,0.0,0.15,0.0,3.409970760345459,56234,nan,1.0235891342163086,54938.05875836547,52000,54774.13017014009,54780.21331591999,50,55042.65269665387,0.7987991207902468,1.0808419073937945e-16,0.0067519732734042945,0.033221952617168427
29.674618538003415,landing,1,-0.01972133107483387,-0.6967126131057739,0.5955653190612793,0.04495381563901901,0.6240782737731934,-0.7515647411346436,5.079130302887724e-09,-1.016332521905936,0.9025512426578673,0.40336639774739685,56415,0.8329128693244545,0.019442186105823933,-0.01484778277066798,26.649033010471612,-2.237848949344291e-09,0.35350520346980074,-0.35360157115003715,0.0,-0.2139999999999993,0.1,0.0,0.15,0.0,3.409970760345459,56415,nan,1.0382156372070312,54338.42255715346,52000,54768.32073530027,54774.32277246977,50,55042.65269665387,0.832912869324455,1.3382985799066438e-16,0.006411924380510588,0.033221952617168427
29.67514153200318,landing,1,-0.01972133107483387,-0.6967126131057739,0.5955653190612793,0.05055509880185127,0.6151405572891235,-0.7486502528190613,5.018239672789859e-09,-1.003713841168589,0.8929299398093308,0.40336639774739685,56415,0.8329128693244545,0.019442186105823933,-0.01484778277066798,0.05124800372868776,-2.237848949344291e-09,0.35350520346980074,-0.35360157115003715,0.0,-0.2109999999999993,0.1,0.0,0.15,0.0,3.409970760345459,56415,nan,1.0382156372070312,54338.42255715346,52000,54762.58875959165,54768.51076959889,50,55042.65269665387,0.832912869324455,1.3382985799066438e-16,0.006411924380510588,0.033221952617168427
29.701560226007132,landing,1,-0.0182949248701334,-0.6708499193191528,0.5643808245658875,0.05394076183438301,0.598786473274231,-0.732833206653595,4.989714141202574e-09,-0.9962077623062054,0.8884226325622935,0.40362403164454974,56451,0.8397105974815222,0.015455113648754919,-0.020483350286763506,13.685616984730586,-2.237848949344291e-09,0.3535052034698008,-0.35360157115003715,0.0,-0.2079999999999993,0.1,0.0,0.15,0.0,3.3888564109802246,56451,nan,1.0321167707443237,54694.392727762446,52000,54761.679479167266,54767.522529041074,50,54805.72858242658,0.8397105974815214,1.576593265949568e-16,0.00593110857245065,0.033221952617168427
29.707779147982365,landing,1,-0.017281392589211464,-0.6555754542350769,0.545943021774292,0.057996634393930435,0.5940549969673157,-0.7306593656539917,4.9455383718580774e-09,-0.9862294698995009,0.8814424378304049,0.40362403164454974,56451,0.8397105974815222,0.015455113648754919,-0.020483350286763506,0.05383699317462742,-2.2378489493442908e-09,0.3535052034698008,-0.3536015711500371,0.0,-0.2049999999999993,0.1,0.0,0.15,0.0,3.3888564109802246,56451,nan,1.0241308212280273,55120.88771267526,52000,54766.46892228071,54772.234064822864,50,54805.72858242658,0.8397105974815214,1.576593265949568e-16,0.00593110857245065,0.033221952617168427
29.744753812003182,landing,1,-0.016565239056944847,-0.645440936088562,0.533714771270752,0.06014614179730415,0.5916410088539124,-0.7308089137077332,4.900252425788284e-09,-0.9760758067425593,0.8742868245411403,0.4052715385383022,56681,0.8831804363668123,0.02112980620258551,-0.02465231033351975,16.893944004550576,-2.2378489493442908e-09,0.3535052034698008,-0.3536015711500371,0.0,-0.2019999999999993,0.1,0.0,0.15,0.0,3.3888564109802246,56681,nan,1.0388308763504028,54562.29814725031,52000,54763.7466452803,54769.434919255225,50,54805.72858242658,0.8831804363668132,2.0370175206206374e-16,0.0052737561964595545,0.033221952617168427
29.74791231099516,landing,1,-0.01579764299094677,-0.6354423761367798,0.5216385722160339,0.06277762353420258,0.5892944931983948,-0.7264330983161926,4.855887643260289e-09,-0.9660676565816436,0.8672767639156341,0.4052715385383022,56681,0.8831804363668123,0.02112980620258551,-0.02465231033351975,0.03733401536010206,-2.2378489493442908e-09,0.3535052034698008,-0.3536015711500371,0.0,-0.1989999999999993,0.1,0.0,0.15,0.0,3.3888564109802246,56681,nan,1.034927487373352,54768.08828786304,52000,54763.804533848066,54769.41696417,50,54805.72858242658,0.8831804363668132,2.0370175206206374e-16,0.0052737561964595545,0.033221952617168427
29.785250671004178,landing,1,-0.014634881168603897,-0.6204160451889038,0.5036937594413757,0.06247172877192497,0.5870018005371094,-0.7202559113502502,4.810666115882432e-09,-0.9559241694210788,0.8601313293967852,0.40631544697270155,56827,0.910724194530383,0.02797520141571629,-0.02681400017931509,17.36147698829882,-2.2378489493442908e-09,0.35350520346980085,-0.3536015711500371,0.0,-0.19599999999999929,0.1,0.0,0.15,0.0,3.3888564109802246,56827,nan,1.0466022491455078,54296.65381131759,52000,54757.575857547665,54763.1134554653,50,54805.72858242658,0.9107241945303832,2.7904611638452803e-16,0.004570879508049144,0.033221952617168427
29.78824149898719,landing,1,-0.013783843256533146,-0.6104655265808105,0.4918767213821411,0.06298565864562988,0.5853138566017151,-0.7120881080627441,4.766462277211483e-09,-0.945941443000648,0.8531466994424309,0.40631544697270155,56827,0.910724194530383,0.02797520141571629,-0.02681400017931509,0.03726599970832467,-2.2378489493442904e-09,0.3535052034698008,-0.35360157115003704,0.0,-0.19299999999999928,0.1,0.0,0.15,0.0,3.3888564109802246,56827,nan,1.048088550567627,54219.65536139428,52000,54750.40358426562,54755.86734754436,50,54805.72858242658,0.9107241945303832,2.7904611638452803e-16,0.004570879508049144,0.033221952617168427
29.822222932998557,landing,1,-0.012532412074506283,-0.5955264568328857,0.4743245244026184,0.061825741082429886,0.5841460227966309,-0.703092634677887,4.720974365299263e-09,-0.9357558760030822,0.84595917361536,0.4069009740718512,56909,0.9261734583601893,0.035729559842534925,-0.027464180509408725,14.259816001867875,-2.2378489493442904e-09,0.3535052034698008,-0.35360157115003704,0.0,-0.18999999999999928,0.1,0.0,0.15,0.0,3.3888564109802246,56909,nan,1.050550103187561,54170.66718410449,52000,54742.67376559681,54748.064678698494,50,54805.72858242658,0.9261734583601887,3.709676406620852e-16,0.0038618069544345663,0.033221952617168427
29.827713028003927,landing,1,-0.011746254749596119,-0.5854609608650208,0.4627646505832672,0.06091610714793205,0.5850611329078674,-0.6960528492927551,4.676819875676568e-09,-0.9257809450799074,0.8389823412833621,0.4069009740718512,56909,0.9261734583601893,0.035729559842534925,-0.027464180509408725,0.052889983635395765,-2.2378489493442904e-09,0.3535052034698008,-0.35360157115003704,0.0,-0.18699999999999928,0.1,0.0,0.15,0.0,3.3888564109802246,56909,nan,1.0539369583129883,53996.58826946621,52000,54732.72595898174,54738.064678698494,50,54805.72858242658,0.9261734583601887,3.709676406620852e-16,0.0038618069544345663,0.033221952617168427
29.870273381995503,landing,1,-0.010907980613410473,-0.5754833221435547,0.4513329565525055,0.05910131335258484,0.5883700251579285,-0.6895028352737427,4.6316141654391325e-09,-0.9156399564979193,0.8318394060242177,0.40746885263287125,56988,0.94115706155333,0.044919566528609865,-0.02674714609826039,22.362842020811513,-2.2378489493442904e-09,0.35350520346980085,-0.35360157115003704,0.0,-0.18399999999999928,0.1,0.0,0.15,0.0,3.3888564109802246,56988,nan,1.0582798719406128,53849.64933283545,52000,54722.72595898174,54728.064678698494,50,54805.72858242658,0.9411570615533298,4.750656499811837e-16,0.0032748000228498535,0.033221952617168427
29.87078866700176,landing,1,-0.010907980613410473,-0.5754833221435547,0.4513329565525055,0.05751241371035576,0.5893811583518982,-0.679197371006012,4.580706293071798e-09,-0.9045982172265076,0.8237954745255034,0.40746885263287125,56988,0.94115706155333,0.044919566528609865,-0.02674714609826039,0.03474898403510451,-2.2378489493442904e-09,0.3535052034698009,-0.35360157115003704,0.0,-0.18099999999999927,0.1,0.0,0.15,0.0,3.3888564109802246,56988,nan,1.0582798719406128,53849.64933283545,52000,54712.72595898174,54718.064678698494,50,54805.72858242658,0.9411570615533298,4.750656499811837e-16,0.0032748000228498535,0.033221952617168427
29.9049881020037,landing,1,-0.008974776603281498,-0.5504874587059021,0.4234074354171753,0.05351083725690842,0.5873365998268127,-0.6639178991317749,4.54207697415168e-09,-0.8954960782734933,0.8176916720920944,0.40746527070307775,56988,0.9410625515323936,0.05374929728890946,-0.02466259114221107,17.051948991138488,-2.2378489493442904e-09,0.3535052034698009,-0.35360157115003704,0.0,-0.17799999999999927,0.1,0.0,0.15,0.0,3.3782992362976074,56988,nan,1.0602576732635498,53749.19836664498,52000,54702.72595898174,54708.064678698494,50,54687.26652531293,0.9410625515323932,5.357153292786912e-16,0.00264468640941538,0.033221952617168427
29.90874405298382,landing,1,-0.00785758439451456,-0.5355008244514465,0.4070490002632141,0.050899844616651535,0.5880842208862305,-0.6532589197158813,4.497179621592165e-09,-0.8854037998797899,0.8105974602999297,0.40746527070307775,56988,0.9410625515323936,0.05374929728890946,-0.02466259114221107,0.034164986573159695,-2.2378489493442904e-09,0.3535052034698009,-0.35360157115003704,0.0,-0.17499999999999927,0.1,0.0,0.15,0.0,3.3782992362976074,56988,nan,1.062826156616211,53619.30513776253,52000,54692.72595898174,54698.064678698494,50,54687.26652531293,0.9410625515323932,5.357153292786912e-16,0.00264468640941538,0.033221952617168427
29.945403102989076,landing,1,-0.0071767778135836124,-0.525546669960022,0.39634206891059875,0.04601472243666649,0.5861955285072327,-0.6385172009468079,4.452600018974211e-09,-0.875361715337542,0.8035534560423716,0.40755885031769723,57001,0.943531670651641,0.06247973883156052,-0.021469803082924312,17.502104019513354,-2.23784894934429e-09,0.3535052034698009,-0.353601571150037,0.0,-0.17199999999999926,0.1,0.0,0.15,0.0,3.3782992362976074,57001,nan,1.0593931674957275,nan,52000,54692.72595898174,54698.064678698494,50,54687.26652531293,0.9435316706516413,4.903875558055442e-16,0.0021850073190955383,0.033221952617168427
29.947898641985375,landing,1,-0.006531371269375086,-0.5155618190765381,0.3857532739639282,0.042255699634552,0.5854923129081726,-0.628790557384491,4.4083126839340234e-09,-0.865365799286504,0.7965556328618362,0.40755885031769723,57001,0.943531670651641,0.06247973883156052,-0.021469803082924312,0.032078009098768234,-2.23784894934429e-09,0.3535052034698009,-0.353601571150037,0.0,-0.16899999999999926,0.1,0.0,0.15,0.0,3.3782992362976074,57001,nan,1.0605578422546387,nan,52000,54692.72595898174,54698.064678698494,50,54687.26652531293,0.9435316706516413,4.903875558055442e-16,0.0021850073190955383,0.033221952617168427
29.988210987998173,landing,1,-0.0055429646745324135,-0.5006520748138428,0.3701736629009247,0.0373273566365242,0.5819557905197144,-0.6159985661506653,4.363286113566442e-09,-0.8552531088057622,0.7894410034181736,0.4080351540262964,57068,0.9560990508257614,0.06943416995331952,-0.017533520274835384,20.430817996384576,-2.23784894934429e-09,0.3535052034698009,-0.353601571150037,0.0,-0.16599999999999926,0.1,0.0,0.15,0.0,3.3782992362976074,57068,nan,1.0539504289627075,nan,52000,54692.72595898174,54698.064678698494,50,54687.26652531293,0.956099050825761,5.285269465055595e-16,0.002201330220199802,0.033221952617168427
29.98880312300753,landing,1,-0.0055429646745324135,-0.5006520748138428,0.3701736629009247,0.032997749745845795,0.5795261263847351,-0.6066076159477234,4.3167379087594166e-09,-0.844900051032903,0.7820859411567995,0.4080351540262964,57068,0.9560990508257614,0.06943416995331952,-0.017533520274835384,0.03706000279635191,-2.23784894934429e-09,0.3535052034698009,-0.353601571150037,0.0,-0.16299999999999926,0.1,0.0,0.15,0.0,3.3782992362976074,57068,nan,1.0539504289627075,nan,52000,54692.72595898174,54698.064678698494,50,54687.26652531293,0.956099050825761,5.285269465055595e-16,0.002201330220199802,0.033221952617168427
30.028591426991625,landing,1,-0.00444299029186368,-0.48086556792259216,0.3498743176460266,0.028517043218016624,0.575314462184906,-0.5952998399734497,4.273649221571623e-09,-0.8350934812078792,0.7752775158192178,0.40817613882404247,57087,0.9598189663335734,0.07260856333954854,-0.013287607060239489,20.725477021187544,-2.2378489493442895e-09,0.3535052034698009,-0.3536015711500369,0.0,-0.15999999999999925,0.1,0.0,0.15,0.0,3.3782992362976074,57087,nan,1.058552861213684,nan,52000,54692.72595898174,54698.064678698494,50,54687.26652531293,0.9598189663335736,0.0,0.0022861101259429722,0.033221952617168427
30.030093709006906,landing,1,-0.00423941295593977,-0.4759919047355652,0.34488368034362793,0.024705657735466957,0.5706946849822998,-0.5855072140693665,4.225085019231175e-09,-0.8244219633269521,0.7676039066356033,0.40817613882404247,57087,0.9598189663335734,0.07260856333954854,-0.013287607060239489,0.06531699909828603,-2.2378489493442895e-09,0.35350520346980097,-0.3536015711500369,0.0,-0.15699999999999925,0.1,0.0,0.15,0.0,3.3782992362976074,57087,nan,1.050645112991333,nan,52000,54692.72595898174,54698.064678698494,50,54687.26652531293,0.9598189663335736,0.0,0.0022861101259429722,0.033221952617168427
30.077399397006957,landing,1,-0.003269460052251816,-0.45658642053604126,0.3253122568130493,0.0204912256449461,0.5633112192153931,-0.5732451677322388,4.183887699328885e-09,-0.8149141662038546,0.761094335447213,0.4089085455163466,57190,0.9791436811700933,0.07497831603913863,-0.009492931312494918,29.341315006604418,-2.2378489493442895e-09,0.35350520346980097,-0.3536015711500369,0.0,-0.15399999999999925,0.1,0.0,0.15,0.0,3.3782992362976074,57190,nan,1.0624561309814453,nan,52000,54692.72595898174,54698.064678698494,50,54687.26652531293,0.9791436811700925,6.262472981557508e-16,0.0024869495070947356,0.033221952617168427
30.078163675992982,landing,1,-0.003269460052251816,-0.45658642053604126,0.3253122568130493,0.01709304377436638,0.5567595958709717,-0.5630773305892944,4.116971616096558e-09,-0.8013436656232069,0.750520953283466,0.4089085455163466,57190,0.9791436811700933,0.07497831603913863,-0.009492931312494918,0.06349998875521123,-2.2378489493442895e-09,0.35350520346980097,-0.3536015711500369,0.0,-0.15099999999999925,0.1,0.0,0.15,0.0,3.3782992362976074,57190,nan,1.0624561309814453,nan,52000,54692.72595898174,54698.064678698494,50,54687.26652531293,0.9791436811700925,6.262472981557508e-16,0.0024869495070947356,0.033221952617168427
30.10292405600194,landing,1,-0.002251573372632265,-0.4327385723590851,0.3015362024307251,0.013647220097482204,0.5475656986236572,-0.551818311214447,4.094962671593482e-09,-0.7948669893234079,0.7470433292204468,0.4098659416527509,57324,1.0044047929485718,0.07506020414181179,-0.006271131229615787,15.202885988401249,-2.2378489493442895e-09,0.353505203469801,-0.3536015711500369,0.0,-0.14799999999999924,0.1,0.0,0.15,0.0,3.383577823638916,57324,nan,1.046797752380371,nan,52000,54692.72595898174,54698.064678698494,50,54746.497553869754,1.004404792948572,6.658924288840661e-16,0.0027516088773192485,0.033221952617168427
30.107722585002193,landing,1,-0.0017775576561689377,-0.4188506603240967,0.2876465618610382,0.009963302873075008,0.5339161157608032,-0.5377206802368164,4.050216286541746e-09,-0.7847985587410458,0.7399729717406829,0.4098659416527509,57324,1.0044047929485718,0.07506020414181179,-0.006271131229615787,0.0691029999870807,-2.2378489493442895e-09,0.3535052034698011,-0.3536015711500369,0.0,-0.14499999999999924,0.1,0.0,0.15,0.0,3.383577823638916,57324,nan,1.046797752380371,nan,52000,54692.72595898174,54698.064678698494,50,54746.497553869754,1.004404792948572,6.658924288840661e-16,0.0027516088773192485,0.033221952617168427
30.149754630983807,landing,1,-0.0013922970974817872,-0.40972790122032166,0.27846089005470276,0.007253481075167656,0.5258309245109558,-0.5327760577201843,4.005025287993641e-09,-0.7746598941133764,0.7328323610693814,0.4113406870360751,57530,1.043316280635226,0.07140759973547622,-0.0032254077634589215,21.870909025892615,-2.2378489493442895e-09,0.3535052034698011,-0.3536015711500369,0.0,-0.14199999999999924,0.1,0.0,0.15,0.0,3.383577823638916,57530,nan,1.0486016273498535,nan,52000,54692.72595898174,54698.064678698494,50,54746.497553869754,1.0433162806352252,6.949329537226528e-16,0.003111507764825513,0.033221952617168427
30.15017072498449,landing,1,-0.0013922970974817872,-0.40972790122032166,0.27846089005470276,0.005031798034906387,0.5144153237342834,-0.5251266360282898,3.955304064062104e-09,-0.7638056055619371,0.7249759313908519,0.4113406870360751,57530,1.043316280635226,0.07140759973547622,-0.0032254077634589215,0.03157000173814595,-2.2378489493442895e-09,0.3535052034698011,-0.3536015711500369,0.0,-0.13899999999999924,0.1,0.0,0.15,0.0,3.383577823638916,57530,nan,1.0486016273498535,nan,52000,54692.72595898174,54698.064678698494,50,54746.497553869754,1.0433162806352252,6.949329537226528e-16,0.003111507764825513,0.033221952617168427
30.18064925298677,landing,1,-0.0006954468553885818,-0.3875475227832794,0.25617992877960205,0.00426811957731843,0.5020142197608948,-0.5172823071479797,3.915867588823305e-09,-0.7545759629368136,0.7187445905270529,0.4135708069937767,57842,1.1021584958780117,0.06613676510177785,-0.0019479490625073565,12.947214010637254,-2.237848949344289e-09,0.353505203469801,-0.3536015711500368,0.0,-0.13599999999999923,0.1,0.0,0.15,0.0,3.383577823638916,57842,nan,1.0517112016677856,nan,52000,54692.72595898174,54698.064678698494,50,54746.497553869754,1.1021584958780115,6.729622053013239e-16,0.0036141934032166106,0.033221952617168427
30.187755903985817,landing,1,-0.00041196669917553663,-0.3789488971233368,0.2474825382232666,0.004081035498529673,0.48791539669036865,-0.5090124011039734,3.87106670326783e-09,-0.7444989230997163,0.7116656214456183,0.4135708069937767,57842,1.1021584958780117,0.06613676510177785,-0.0019479490625073565,0.050665985327214,-2.237848949344289e-09,0.3535052034698011,-0.3536015711500368,0.0,-0.13299999999999923,0.1,0.0,0.15,0.0,3.383577823638916,57842,nan,1.0393339395523071,nan,52000,54692.72595898174,54698.064678698494,50,54746.497553869754,1.1021584958780115,6.729622053013239e-16,0.0036141934032166106,0.033221952617168427
30.224905462004244,landing,1,7.799536979291588e-05,-0.3663314878940582,0.23457865417003632,0.005448551382869482,0.47644102573394775,-0.5046899318695068,3.825325634654325e-09,-0.7342733658198646,0.704438094434666,0.41659418928553354,58265,1.1819311157132848,0.05940556057625447,-0.0029354225884345446,16.74093698966317,-2.237848949344289e-09,0.3535052034698011,-0.3536015711500368,0.0,-0.12999999999999923,0.1,0.0,0.15,0.0,3.383577823638916,58265,nan,1.050437331199646,nan,52000,54692.72595898174,54698.064678698494,50,54746.497553869754,1.1819311157132852,8.832777361486112e-16,0.004308337037982465,0.033221952617168427
30.227852320007514,landing,1,0.0003603618824854493,-0.35820478200912476,0.22618836164474487,0.007380858063697815,0.46300339698791504,-0.497860848903656,3.7816209862506844e-09,-0.7243694947471402,0.6975323413244683,0.41659418928553354,58265,1.1819311157132848,0.05940556057625447,-0.0029354225884345446,0.06644200766459107,-2.237848949344289e-09,0.3535052034698011,-0.3536015711500368,0.0,-0.12699999999999922,0.1,0.0,0.15,0.0,3.383577823638916,58265,nan,1.0354260206222534,nan,52000,54692.72595898174,54698.064678698494,50,54746.497553869754,1.1819311157132852,8.832777361486112e-16,0.004308337037982465,0.033221952617168427
30.275832832994638,landing,1,0.0007732219528406858,-0.35016730427742004,0.21787254512310028,0.009927397593855858,0.4490281939506531,-0.49280720949172974,3.73642915964006e-09,-0.714230699313319,0.6903915998113561,0.41898777187720737,58599,1.2450863292139136,0.04944822450147136,-0.005621156354358006,27.891073987120762,-2.237848949344289e-09,0.35350520346980113,-0.3536015711500368,0.0,-0.12399999999999922,0.1,0.0,0.15,0.0,3.383577823638916,58599,nan,1.029240608215332,nan,52000,54692.72595898174,54698.064678698494,50,54746.497553869754,1.2450863292139136,1.1331006085636144e-15,0.00495580262244507,0.033221952617168427
30.276352308981586,landing,1,0.0007732219528406858,-0.35016730427742004,0.21787254512310028,0.01180244144052267,0.4341910183429718,-0.4890739619731903,3.6730266335407315e-09,-0.7012152231142619,0.6803733933322402,0.41898777187720737,58599,1.2450863292139136,0.04944822450147136,-0.005621156354358006,0.03872800152748823,-2.2378489493442887e-09,0.35350520346980113,-0.35360157115003676,0.0,-0.12099999999999922,0.1,0.0,0.15,0.0,3.383577823638916,58599,nan,1.029240608215332,nan,52000,54692.72595898174,54698.064678698494,50,54746.497553869754,1.2450863292139136,1.1331006085636144e-15,0.00495580262244507,0.033221952617168427
30.30225006098044,landing,1,0.0017158298287540674,-0.3309604227542877,0.19740313291549683,0.013073252514004707,0.4178275763988495,-0.48330768942832947,3.645979769626413e-09,-0.693942724233561,0.6760997297422171,0.42332897751005755,59207,1.3596300134579806,0.038888419787016855,-0.007658337100637675,13.96059402031824,-2.2378489493442887e-09,0.35350520346980113,-0.35360157115003676,0.0,-0.11799999999999922,0.1,0.0,0.15,0.0,3.373020648956299,59207,nan,1.0321285724639893,nan,52000,54692.72595898174,54698.064678698494,50,54628.03549675611,1.3596300134579808,1.200737493299517e-15,0.006093278953124605,0.033221952617168427
30.307758370996453,landing,1,0.0023222968447953463,-0.3199840784072876,0.1853814721107483,0.015263074077665806,0.39811229705810547,-0.469384104013443,3.6027791809978994e-09,-0.6841184777277312,0.6692736229050578,0.42332897751005755,59207,1.3596300134579806,0.038888419787016855,-0.007658337100637675,0.041198014514520764,-2.2378489493442887e-09,0.35350520346980113,-0.35360157115003676,0.0,-0.11499999999999921,0.1,0.0,0.15,0.0,3.373020648956299,59207,nan,1.0260506868362427,nan,52000,54692.72595898174,54698.064678698494,50,54628.03549675611,1.3596300134579808,1.200737493299517e-15,0.006093278953124605,0.033221952617168427
30.346975952998037,landing,1,0.002813206985592842,-0.3129238784313202,0.17750364542007446,0.01692875474691391,0.38737890124320984,-0.4678744673728943,3.5574730070554224e-09,-0.6739616192442013,0.6621148134181392,0.42717798521425576,59745,1.461186944967169,0.028415837104245455,-0.010106331253095095,19.09289401373826,-2.2378489493442887e-09,0.35350520346980113,-0.35360157115003676,0.0,-0.11199999999999921,0.1,0.0,0.15,0.0,3.373020648956299,59745,nan,1.0459808111190796,nan,52000,54692.72595898174,54698.064678698494,50,54628.03549675611,1.4611869449671693,9.204503355546971e-16,0.007356432159782021,0.033221952617168427
30.349175493989605,landing,1,0.003271515481173992,-0.3060053884983063,0.16976222395896912,0.01759607531130314,0.37327295541763306,-0.46264341473579407,3.5112375640153244e-09,-0.6636579673582257,0.654809170511996,0.42717798521425576,59745,1.461186944967169,0.028415837104245455,-0.010106331253095095,0.03488999209366739,-2.2378489493442883e-09,0.35350520346980113,-0.3536015711500367,0.0,-0.10899999999999921,0.1,0.0,0.15,0.0,3.373020648956299,59745,nan,1.0459808111190796,nan,52000,54692.72595898174,54698.064678698494,50,54628.03549675611,1.4611869449671693,9.204503355546971e-16,0.007356432159782021,0.033221952617168427
30.38599808199797,landing,1,0.003957677632570267,-0.2959985136985779,0.1582353413105011,0.01930191181600094,0.3613393306732178,-0.45499375462532043,3.4682023233979898e-09,-0.6538598403017684,0.6480091902445306,0.4318227049001641,60000,1.5837389155716117,0.01984262248578458,-0.011748969672246057,18.24389401008375,-2.2378489493442883e-09,0.35350520346980113,-0.3536015711500367,0.0,-0.1059999999999992,0.1,0.0,0.15,0.0,3.373020648956299,60000,nan,1.0562461614608765,nan,52000,54692.72595898174,54698.064678698494,50,54628.03549675611,1.5837389155716122,0.0010419038690481573,0.008986493587239625,0.033221952617168427
30.38815989199793,landing,1,0.004489157348871231,-0.2895377278327942,0.15075387060642242,0.020082606002688408,0.3463505208492279,-0.44532766938209534,3.4237781461090485e-09,-0.6438423077573545,0.6409897446778314,0.4318227049001641,60000,1.5837389155716117,0.01984262248578458,-0.011748969672246057,0.038502010283991694,-2.2378489493442883e-09,0.35350520346980113,-0.3536015711500367,0.0,-0.1029999999999992,0.1,0.0,0.15,0.0,3.373020648956299,60000,nan,1.061726689338684,nan,52000,54692.72595898174,54698.064678698494,50,54628.03549675611,1.5837389155716122,0.0010419038690481573,0.008986493587239625,0.033221952617168427
30.425452375988243,landing,1,0.005127210170030594,-0.28008410334587097,0.13971947133541107,0.0211393591016531,0.33338579535484314,-0.43454527854919434,3.378242928275933e-09,-0.6336492680082446,0.6337947440620986,0.43513841633296607,60000,1.6712247053553035,0.010045087490023552,-0.013136282677090726,17.49738201033324,-2.2378489493442883e-09,0.3535052034698012,-0.3536015711500367,0.0,-0.0999999999999992,0.1,0.0,0.15,0.0,3.373020648956299,60000,nan,1.0601030588150024,nan,52000,54692.72595898174,54698.064678698494,50,54628.03549675611,1.6712247053553033,0.004576800624775385,0.010595573464173972,0.033221952617168427
30.427884289005306,landing,1,0.005568061023950577,-0.2739463448524475,0.13265785574913025,0.021317167207598686,0.3211621046066284,-0.42505910992622375,3.334129973146404e-09,-0.6236808981442787,0.6268244745778948,0.43513841633296607,60000,1.6712247053553035,0.010045087490023552,-0.013136282677090726,0.03428899799473584,-2.2378489493442883e-09,0.35350520346980124,-0.3536015711500367,0.0,-0.0969999999999992,0.1,0.0,0.15,0.0,3.373020648956299,60000,nan,1.072136402130127,nan,52000,54692.72595898174,54698.064678698494,50,54628.03549675611,1.6712247053553033,0.004576800624775385,0.010595573464173972,0.033221952617168427
30.473836933990242,landing,1,0.006089461967349052,-0.2679463028907776,0.12571822106838226,0.02103428915143013,0.31129908561706543,-0.4107319712638855,3.2889185787554072e-09,-0.6135390116563522,0.6196806411680371,0.4361343687948633,60000,1.697503134429109,0.0016352009711804556,-0.013497185152120771,25.92160800122656,-2.2378489493442883e-09,0.35350520346980124,-0.3536015711500367,0.0,-0.0939999999999992,0.1,0.0,0.15,0.0,3.373020648956299,60000,nan,1.0923950672149658,nan,52000,54692.72595898174,54698.064678698494,50,54628.03549675611,1.6975031344291092,0.007106756664683531,0.01172542015171854,0.033221952617168427
30.474248615995748,landing,1,0.006089461967349052,-0.2679463028907776,0.12571822106838226,0.019442548975348473,0.30214473605155945,-0.3954872190952301,3.2299852407005585e-09,-0.6012295175252411,0.6103686092118961,0.4361343687948633,60000,1.697503134429109,0.0016352009711804556,-0.013497185152120771,0.036246987292543054,-2.2378489493442883e-09,0.35350520346980124,-0.3536015711500367,0.0,-0.09099999999999919,0.1,0.0,0.15,0.0,3.373020648956299,60000,nan,1.0923950672149658,nan,52000,54692.72595898174,54698.064678698494,50,54628.03549675611,1.6975031344291092,0.007106756664683531,0.01172542015171854,0.033221952617168427
30.505452701996546,landing,1,0.007019638083875179,-0.25318655371665955,0.1095147430896759,0.01700007915496826,0.2936224937438965,-0.3729265034198761,3.1994983530899897e-09,-0.5934136100838152,0.6055513889246509,0.4354314849202052,60000,1.6789573857573927,-0.003305987698457244,-0.011896296004509324,17.63433398446068,-2.237848949344288e-09,0.3535052034698012,-0.35360157115003665,0.0,-0.08799999999999919,0.1,0.0,0.15,0.0,3.3519062995910645,60000,nan,1.0800971984863281,nan,52000,54692.72595898174,54698.064678698494,50,54391.11138252881,1.6789573857573932,0.009694845328316408,0.012851340914185135,0.033221952617168427
