t,state,mode,x,y,z,vx,vy,vz,carrot_x,carrot_y,carrot_z,force,cmd,az,roll,pitch,solve_ms,ref_vx,ref_vy,ref_vz,target_x,target_y,target_z,target_vx,target_vy,target_vz,vbat,cmd_ctrl,spool_ceil,accz,hover_raw,hover_cmd,hover_est,hover_b50,b50_n,hover_vbat,az_mpc,eps0,eps_max,z_ground
8.210227008006768,prespin,0,0.025264998897910118,-0.002254447666928172,0.03317895159125328,0.005078996531665325,0.0002828543074429035,-0.0008557792170904577,0.025264998897910118,-0.002254447666928172,0.03317895159125328,0.0,20000,-9.81,0.0,0.0,0.0,0.0,0.0,0.0,0.025264998897910118,-0.002254447666928172,0.03317895159125328,0.0,0.0,0.0,4.090909004211426,nan,20000.0,0.9988716244697571,nan,52000,nan,nan,0,nan,nan,nan,nan,0.03317895159125328
8.229394032008713,prespin,0,0.02526642568409443,-0.0022482178173959255,0.033168260008096695,0.004152907989919186,0.00023951804905664176,-0.0006851571961306036,0.02526642568409443,-0.0022482178173959255,0.033168260008096695,0.0,20000,-9.81,0.0,0.0,0.0,0.0,0.0,0.0,0.02526642568409443,-0.0022482178173959255,0.033168260008096695,0.0,0.0,0.0,4.090909004211426,nan,20000.0,1.0040147304534912,nan,52000,nan,nan,0,nan,nan,nan,nan,0.03317895159125328
8.249696945014875,prespin,0,0.025269078090786934,-0.0022532788570970297,0.03317629545927048,0.004369175992906094,0.00031835929257795215,-0.00035961385583505034,0.025269078090786934,-0.0022532788570970297,0.03317629545927048,0.0,20000,-9.81,0.0,0.0,0.0,0.0,0.0,0.0,0.025269078090786934,-0.0022532788570970297,0.03317629545927048,0.0,0.0,0.0,4.090909004211426,nan,20000.0,0.9992145299911499,nan,52000,nan,nan,0,nan,nan,nan,nan,0.03317895159125328
8.269463864009595,prespin,0,0.025264065712690353,-0.0022595422342419624,0.03317377343773842,0.004711064510047436,-7.862422353355214e-05,-0.0003930907987523824,0.025264065712690353,-0.0022595422342419624,0.03317377343773842,0.0,20000,-9.81,0.0,0.0,0.0,0.0,0.0,0.0,0.025264065712690353,-0.0022595422342419624,0.03317377343773842,0.0,0.0,0.0,4.090909004211426,nan,20000.0,1.0018413066864014,nan,52000,nan,nan,0,nan,nan,nan,nan,0.03317895159125328
8.289391138008796,prespin,0,0.025270376354455948,-0.0022600875236094,0.03318728506565094,0.004987123887985945,-0.001112140598706901,-0.0004514278843998909,0.025270376354455948,-0.0022600875236094,0.03318728506565094,0.0,20000,-9.81,0.0,0.0,0.0,0.0,0.0,0.0,0.025270376354455948,-0.0022600875236094,0.03318728506565094,0.0,0.0,0.0,4.090909004211426,nan,20000.0,0.9994661211967468,nan,52000,nan,nan,0,nan,nan,nan,nan,0.03317895159125328
8.309492394007975,prespin,0,0.025260943919420242,-0.0022508169058710337,0.03317192941904068,0.005351140163838863,-0.002137965988367796,-0.00016818608855828643,0.025260943919420242,-0.0022508169058710337,0.03317192941904068,0.0,20000,-9.81,0.0,0.0,0.0,0.0,0.0,0.0,0.025260943919420242,-0.0022508169058710337,0.03317192941904068,0.0,0.0,0.0,4.090909004211426,nan,20000.0,1.0054469108581543,nan,52000,nan,nan,0,nan,nan,nan,nan,0.03317895159125328
8.329478030005703,prespin,0,0.025266768410801888,-0.00225366884842515,0.033177342265844345,0.005696925800293684,-0.0031461806502193213,-0.00027119662263430655,0.025266768410801888,-0.00225366884842515,0.033177342265844345,0.0,20000,-9.81,0.0,0.0,0.0,0.0,0.0,0.0,0.025266768410801888,-0.00225366884842515,0.033177342265844345,0.0,0.0,0.0,4.090909004211426,nan,20000.0,0.9961387515068054,nan,52000,nan,nan,0,nan,nan,nan,nan,0.03317895159125328
8.349327528005233,prespin,0,0.02526278793811798,-0.002254520310088992,0.03316246345639229,0.005978429224342108,-0.00412218039855361,-0.0006571213016286492,0.02526278793811798,-0.002254520310088992,0.03316246345639229,0.0,20000,-9.81,0.0,0.0,0.0,0.0,0.0,0.0,0.02526278793811798,-0.002254520310088992,0.03316246345639229,0.0,0.0,0.0,4.090909004211426,nan,20000.0,1.0015612840652466,nan,52000,nan,nan,0,nan,nan,nan,nan,0.03317895159125328
8.369355138012907,prespin,0,0.025267774239182472,-0.0022491246927529573,0.03318238630890846,0.006113166455179453,-0.005029627121984959,-0.000580390973482281,0.025267774239182472,-0.0022491246927529573,0.03318238630890846,0.0,20000,-9.81,0.0,0.0,0.0,0.0,0.0,0.0,0.025267774239182472,-0.0022491246927529573,0.03318238630890846,0.0,0.0,0.0,4.090909004211426,nan,20000.0,0.9982036352157593,nan,52000,nan,nan,0,nan,nan,nan,nan,0.03317895159125328
8.389303320000181,prespin,0,0.025260912254452705,-0.002260345732793212,0.033178914338350296,0.006277650129050016,-0.005893174093216658,-0.00025242959964089096,0.025260912254452705,-0.002260345732793212,0.033178914338350296,0.0,20000,-9.81,0.0,0.0,0.0,0.0,0.0,0.0,0.025260912254452705,-0.002260345732793212,0.033178914338350296,0.0,0.0,0.0,3.9008798599243164,nan,20000.0,1.0072696208953857,nan,52000,nan,nan,0,nan,nan,nan,nan,0.03317895159125328
8.409354142000666,prespin,0,0.025250403210520744,-0.002258175052702427,0.0331750325858593,0.006405176129192114,-0.006650123279541731,-6.617663075303426e-06,0.025250403210520744,-0.002258175052702427,0.0331750325858593,0.0,20000,-9.81,0.0,0.0,0.0,0.0,0.0,0.0,0.025250403210520744,-0.002258175052702427,0.0331750325858593,0.0,0.0,0.0,3.9008798599243164,nan,20000.0,0.9943140745162964,nan,52000,nan,nan,0,nan,nan,nan,nan,0.03317895159125328
8.429557993018534,prespin,0,0.025252720341086388,-0.0022482946515083313,0.03318009153008461,0.00669074198231101,-0.007442329078912735,0.0003385903255548328,0.025252720341086388,-0.0022482946515083313,0.03318009153008461,0.0,20000,-9.81,0.0,0.0,0.0,0.0,0.0,0.0,0.025252720341086388,-0.0022482946515083313,0.03318009153008461,0.0,0.0,0.0,3.9008798599243164,nan,20000.0,0.9934934973716736,nan,52000,nan,nan,0,nan,nan,nan,nan,0.03317895159125328
8.449502478004433,prespin,0,0.02525484189391136,-0.00225233705714345,0.033182185143232346,0.006953688804060221,-0.008187143132090569,3.0288765628938563e-06,0.02525484189391136,-0.00225233705714345,0.033182185143232346,0.0,20000,-9.81,0.0,0.0,0.0,0.0,0.0,0.0,0.02525484189391136,-0.00225233705714345,0.033182185143232346,0.0,0.0,0.0,3.9008798599243164,nan,20000.0,1.0021651983261108,nan,52000,nan,nan,0,nan,nan,nan,nan,0.03317895159125328
8.469144934992073,prespin,0,0.025255005806684494,-0.0022495794110000134,0.03317965567111969,0.007049582898616791,-0.008814318105578423,0.0010242883581668139,0.025255005806684494,-0.0022495794110000134,0.03317965567111969,0.0,20000,-9.81,0.0,0.0,0.0,0.0,0.0,0.0,0.025255005806684494,-0.0022495794110000134,0.03317965567111969,0.0,0.0,0.0,3.9008798599243164,nan,20000.0,1.006911039352417,nan,52000,nan,nan,0,nan,nan,nan,nan,0.03317895159125328
8.489186635008082,prespin,0,0.02523834817111492,-0.0022480005864053965,0.0331881120800972,0.007252952083945274,-0.00946805626153946,0.001410159864462912,0.02523834817111492,-0.0022480005864053965,0.0331881120800972,0.0,20000,-9.81,0.0,0.0,0.0,0.0,0.0,0.0,0.02523834817111492,-0.0022480005864053965,0.0331881120800972,0.0,0.0,0.0,3.9008798599243164,nan,20000.0,1.002526044845581,nan,52000,nan,nan,0,nan,nan,nan,nan,0.03317895159125328
8.509220926003763,prespin,0,0.025242753326892853,-0.0022042577620595694,0.033232420682907104,0.00742244953289628,-0.010091060772538185,0.0017870693700388074,0.025242753326892853,-0.0022042577620595694,0.033232420682907104,0.0,20000,-9.81,0.0,0.0,0.0,0.0,0.0,0.0,0.025242753326892853,-0.0022042577620595694,0.033232420682907104,0.0,0.0,0.0,3.9008798599243164,nan,20000.0,0.9984750747680664,nan,52000,nan,nan,0,nan,nan,nan,nan,0.03317895159125328
8.529505108017474,prespin,0,0.025239503011107445,-0.002236101543530822,0.03318703547120094,0.007363404147326946,-0.010445344261825085,0.001828012871555984,0.025239503011107445,-0.002236101543530822,0.03318703547120094,0.0,20000,-9.81,0.0,0.0,0.0,0.0,0.0,0.0,0.025239503011107445,-0.002236101543530822,0.03318703547120094,0.0,0.0,0.0,3.9008798599243164,nan,20000.0,1.0056531429290771,nan,52000,nan,nan,0,nan,nan,nan,nan,0.03317895159125328
8.549421086994698,prespin,0,0.025234971195459366,-0.002232871949672699,0.03320177271962166,0.007337354589253664,-0.01080531906336546,0.002346673747524619,0.025234971195459366,-0.002232871949672699,0.03320177271962166,0.0,20000,-9.81,0.0,0.0,0.0,0.0,0.0,0.0,0.025234971195459366,-0.002232871949672699,0.03320177271962166,0.0,0.0,0.0,3.9008798599243164,nan,20000.0,0.9987280964851379,nan,52000,nan,nan,0,nan,nan,nan,nan,0.03317895159125328
8.56973193201702,prespin,0,0.025229712948203087,-0.0022279841359704733,0.03318892419338226,0.007478702813386917,-0.011306609027087688,0.0014459426747635007,0.025229712948203087,-0.0022279841359704733,0.03318892419338226,0.0,20000,-9.81,0.0,0.0,0.0,0.0,0.0,0.0,0.025229712948203087,-0.0022279841359704733,0.03318892419338226,0.0,0.0,0.0,3.9008798599243164,nan,20000.0,0.9906256794929504,nan,52000,nan,nan,0,nan,nan,nan,nan,0.03317895159125328
8.589471712009981,prespin,0,0.025226177647709846,-0.0022344731260091066,0.033190593123435974,0.007604959886521101,-0.011780429631471634,-0.0007154993363656104,0.025226177647709846,-0.0022344731260091066,0.033190593123435974,0.0,20000,-9.81,0.0,0.0,0.0,0.0,0.0,0.0,0.025226177647709846,-0.0022344731260091066,0.033190593123435974,0.0,0.0,0.0,3.916715621948242,nan,20000.0,0.9948058724403381,nan,52000,nan,nan,0,nan,nan,nan,nan,0.03317895159125328
8.611256514996057,spool,0,0.02521444298326969,-0.002237647073343396,0.0331992469727993,0.00747225247323513,-0.011913620866835117,-0.0019656475633382797,0.02521444298326969,-0.002237647073343396,0.0331992469727993,0.0,20000,-9.81,0.0,0.0,0.0,0.0,0.0,0.0,0.02521444298326969,-0.002237647073343396,0.0331992469727993,0.0,0.0,0.0,3.916715621948242,nan,20000.0,1.006027102470398,nan,52000,nan,nan,0,nan,nan,nan,nan,0.03317895159125328
8.62991926399991,spool,0,0.025235453620553017,-0.0022191526368260384,0.033192336559295654,0.00731777586042881,-0.011888088658452034,-0.001837266143411398,0.025235453620553017,-0.0022191526368260384,0.033192336559295654,0.0,20450,-9.81,0.0,0.0,0.0,0.0,0.0,0.0,0.025235453620553017,-0.0022191526368260384,0.033192336559295654,0.0,0.0,0.0,3.916715621948242,nan,20450.342199765146,0.9948503971099854,nan,52000,nan,nan,0,nan,nan,nan,nan,0.03317895159125328
8.649556921998737,spool,0,0.025225860998034477,-0.002229700330644846,0.03320528566837311,0.0074127367697656155,-0.012320050969719887,-0.0031383843161165714,0.025225860998034477,-0.002229700330644846,0.03320528566837311,0.0,20882,-9.81,0.0,0.0,0.0,0.0,0.0,0.0,0.025225860998034477,-0.002229700330644846,0.03320528566837311,0.0,0.0,0.0,3.916715621948242,nan,20882.192365534138,1.0065720081329346,nan,52000,nan,nan,0,nan,nan,nan,nan,0.03317895159125328
8.669592976017157,spool,0,0.025218764320015907,-0.0022076349705457687,0.033218324184417725,0.007461722940206528,-0.012715431861579418,-0.001825986779294908,0.025218764320015907,-0.0022076349705457687,0.033218324184417725,0.0,21322,-9.81,0.0,0.0,0.0,0.0,0.0,0.0,0.025218764320015907,-0.0022076349705457687,0.033218324184417725,0.0,0.0,0.0,3.916715621948242,nan,21322.92032369878,1.0157840251922607,nan,52000,nan,nan,0,nan,nan,nan,nan,0.03317895159125328
8.689594736002618,spool,0,0.025212978944182396,-0.002212482038885355,0.033209674060344696,0.0074851661920547485,-0.013072232715785503,0.0014192176749929786,0.025212978944182396,-0.002212482038885355,0.033209674060344696,0.0,21763,-9.81,0.0,0.0,0.0,0.0,0.0,0.0,0.025212978944182396,-0.002212482038885355,0.033209674060344696,0.0,0.0,0.0,3.916715621948242,nan,21763.037781696767,1.0367611646652222,nan,52000,nan,nan,0,nan,nan,nan,nan,0.03317895159125328
8.709660911990795,spool,0,0.02522740140557289,-0.002196775982156396,0.03321428224444389,0.00727218808606267,-0.013135489076375961,0.00584296602755785,0.02522740140557289,-0.002196775982156396,0.03321428224444389,0.0,22204,-9.81,0.0,0.0,0.0,0.0,0.0,0.0,0.02522740140557289,-0.002196775982156396,0.03321428224444389,0.0,0.0,0.0,3.916715621948242,nan,22204.44210799178,1.0481600761413574,nan,52000,nan,nan,0,nan,nan,nan,nan,0.03317895159125328
8.731000177998794,spool,0,0.02517901360988617,-0.0021899971179664135,0.03322676196694374,0.0072728428058326244,-0.013550195842981339,0.012923240661621094,0.02517901360988617,-0.0021899971179664135,0.03322676196694374,0.0,22662,-9.81,0.0,0.0,0.0,0.0,0.0,0.0,0.02517901360988617,-0.0021899971179664135,0.03322676196694374,0.0,0.0,0.0,3.916715621948242,nan,22662.4112901045,0.9870179295539856,nan,52000,nan,nan,0,nan,nan,nan,nan,0.03317895159125328
8.749539843003731,spool,0,0.025168031454086304,-0.0022053904831409454,0.03324244171380997,0.007039807736873627,-0.01358445268124342,0.014366863295435905,0.025168031454086304,-0.0022053904831409454,0.03324244171380997,0.0,23081,-9.81,0.0,0.0,0.0,0.0,0.0,0.0,0.025168031454086304,-0.0022053904831409454,0.03324244171380997,0.0,0.0,0.0,3.916715621948242,nan,23081.170399615075,0.9922360181808472,nan,52000,nan,nan,0,nan,nan,nan,nan,0.03317895159125328
8.76941834401805,spool,0,0.025138653814792633,-0.0022333040833473206,0.03323444724082947,0.007040069438517094,-0.013948881067335606,0.01102236658334732,0.025138653814792633,-0.0022333040833473206,0.03323444724082947,0.0,23518,-9.81,0.0,0.0,0.0,0.0,0.0,0.0,0.025138653814792633,-0.0022333040833473206,0.03323444724082947,0.0,0.0,0.0,3.916715621948242,nan,23518.88317015255,1.0008600950241089,nan,52000,nan,nan,0,nan,nan,nan,nan,0.03317895159125328
8.789509230991825,spool,0,0.02514701709151268,-0.002219979651272297,0.033242594450712204,0.006858624052256346,-0.013955214060842991,0.010008107870817184,0.02514701709151268,-0.002219979651272297,0.033242594450712204,0.0,23960,-9.81,0.0,0.0,0.0,0.0,0.0,0.0,0.02514701709151268,-0.002219979651272297,0.033242594450712204,0.0,0.0,0.0,3.890322685241699,nan,23960.68133978406,1.006125569343567,nan,52000,nan,nan,0,nan,nan,nan,nan,0.03317895159125328
8.809344378998503,spool,0,0.02512657456099987,-0.0022458024322986603,0.03326081112027168,0.0068585630506277084,-0.014233249239623547,0.009694629348814487,0.02512657456099987,-0.0022458024322986603,0.03326081112027168,0.0,24397,-9.81,0.0,0.0,0.0,0.0,0.0,0.0,0.02512657456099987,-0.0022458024322986603,0.03326081112027168,0.0,0.0,0.0,3.890322685241699,nan,24397.744714166038,1.0376200675964355,nan,52000,nan,nan,0,nan,nan,nan,nan,0.03317895159125328
8.829409105994273,spool,0,0.025136252865195274,-0.002190286759287119,0.0332602858543396,0.006658374331891537,-0.014213073998689651,0.015085172839462757,0.025136252865195274,-0.002190286759287119,0.0332602858543396,0.0,24839,-9.81,0.0,0.0,0.0,0.0,0.0,0.0,0.025136252865195274,-0.002190286759287119,0.0332602858543396,0.0,0.0,0.0,3.890322685241699,nan,24839.030701841693,0.953582227230072,nan,52000,nan,nan,0,nan,nan,nan,nan,0.03317895159125328
8.849340007000137,spool,0,0.025123324245214462,-0.0021784144919365644,0.03326008841395378,0.006912044249475002,-0.014893244951963425,0.010308949276804924,0.025123324245214462,-0.0021784144919365644,0.03326008841395378,0.0,25278,-9.81,0.0,0.0,0.0,0.0,0.0,0.0,0.025123324245214462,-0.0021784144919365644,0.03326008841395378,0.0,0.0,0.0,3.890322685241699,nan,25278.037753887475,1.0300486087799072,nan,52000,nan,nan,0,nan,nan,nan,nan,0.03317895159125328
8.86960465600714,spool,0,0.025091320276260376,-0.002188529819250107,0.03326135873794556,0.006819014437496662,-0.014868945814669132,0.010351967997848988,0.025091320276260376,-0.002188529819250107,0.03326135873794556,0.0,25722,-9.81,0.0,0.0,0.0,0.0,0.0,0.0,0.025091320276260376,-0.002188529819250107,0.03326135873794556,0.0,0.0,0.0,3.890322685241699,nan,25722.900699882302,0.9905011057853699,nan,52000,nan,nan,0,nan,nan,nan,nan,0.03317895159125328
8.889408359013032,spool,0,0.0250825397670269,-0.002209828235208988,0.03326566889882088,0.00686546741053462,-0.015031171031296253,0.010086516849696636,0.0250825397670269,-0.002209828235208988,0.03326566889882088,0.0,26159,-9.81,0.0,0.0,0.0,0.0,0.0,0.0,0.0250825397670269,-0.002209828235208988,0.03326566889882088,0.0,0.0,0.0,3.890322685241699,nan,26159.28332787007,0.9869192242622375,nan,52000,nan,nan,0,nan,nan,nan,nan,0.03317895159125328
8.909362695994787,spool,0,0.025067370384931564,-0.002225104719400406,0.03328413888812065,0.006433408707380295,-0.014470517635345459,0.008039009757339954,0.025067370384931564,-0.002225104719400406,0.03328413888812065,0.0,26598,-9.81,0.0,0.0,0.0,0.0,0.0,0.0,0.025067370384931564,-0.002225104719400406,0.03328413888812065,0.0,0.0,0.0,3.890322685241699,nan,26598.112003761344,1.0199310779571533,nan,52000,nan,nan,0,nan,nan,nan,nan,0.03317895159125328
8.929487407993292,spool,0,0.02507799305021763,-0.0022186043206602335,0.033269815146923065,0.006547149736434221,-0.01481286808848381,0.009976381435990334,0.02507799305021763,-0.0022186043206602335,0.033269815146923065,0.0,27040,-9.81,0.0,0.0,0.0,0.0,0.0,0.0,0.02507799305021763,-0.0022186043206602335,0.033269815146923065,0.0,0.0,0.0,3.890322685241699,nan,27040.2948440169,1.0159872770309448,nan,52000,nan,nan,0,nan,nan,nan,nan,0.03317895159125328
8.949302123015514,spool,0,0.025167949497699738,-0.0022090289276093245,0.033254366368055344,0.006604012101888657,-0.015130992978811264,0.009485399350523949,0.025167949497699738,-0.0022090289276093245,0.033254366368055344,0.0,27477,-9.81,0.0,0.0,0.0,0.0,0.0,0.0,0.025167949497699738,-0.0022090289276093245,0.033254366368055344,0.0,0.0,0.0,3.890322685241699,nan,27477.13711799588,0.9809725880622864,nan,52000,nan,nan,0,nan,nan,nan,nan,0.03317895159125328
8.969357298017712,spool,0,0.02514627017080784,-0.002219649963080883,0.033268727362155914,0.006477782037109137,-0.01496052835136652,0.0068129547871649265,0.02514627017080784,-0.002219649963080883,0.033268727362155914,0.0,27918,-9.81,0.0,0.0,0.0,0.0,0.0,0.0,0.02514627017080784,-0.002219649963080883,0.033268727362155914,0.0,0.0,0.0,3.890322685241699,nan,27918.081863608677,0.9952650666236877,nan,52000,nan,nan,0,nan,nan,nan,nan,0.03317895159125328
8.98933453601785,spool,0,0.025123052299022675,-0.002256421372294426,0.03328048065304756,0.00659332238137722,-0.015191460959613323,0.006377185229212046,0.025123052299022675,-0.002256421372294426,0.03328048065304756,0.0,28357,-9.81,0.0,0.0,0.0,0.0,0.0,0.0,0.025123052299022675,-0.002256421372294426,0.03328048065304756,0.0,0.0,0.0,3.8586511611938477,nan,28357.89510590257,1.0182396173477173,nan,52000,nan,nan,0,nan,nan,nan,nan,0.03317895159125328
9.009348385996418,spool,0,0.02509673871099949,-0.0022712848149240017,0.0332791805267334,0.006740971002727747,-0.015483195893466473,0.004270005971193314,0.02509673871099949,-0.0022712848149240017,0.0332791805267334,0.0,28797,-9.81,0.0,0.0,0.0,0.0,0.0,0.0,0.02509673871099949,-0.0022712848149240017,0.0332791805267334,0.0,0.0,0.0,3.8586511611938477,nan,28797.96570405597,0.9841012954711914,nan,52000,nan,nan,0,nan,nan,nan,nan,0.03317895159125328
9.02935883999453,spool,0,0.02504628337919712,-0.0022481633350253105,0.03328724950551987,0.0068237329833209515,-0.015726471319794655,0.003755314741283655,0.02504628337919712,-0.0022481633350253105,0.03328724950551987,0.0,29237,-9.81,0.0,0.0,0.0,0.0,0.0,0.0,0.02504628337919712,-0.0022481633350253105,0.03328724950551987,0.0,0.0,0.0,3.8586511611938477,nan,29237.74891573703,0.9955334067344666,nan,52000,nan,nan,0,nan,nan,nan,nan,0.03317895159125328
9.049356150004314,spool,0,0.025011923164129257,-0.0022353767417371273,0.033279575407505035,0.006871281657367945,-0.015887895599007607,0.003258416661992669,0.025011923164129257,-0.0022353767417371273,0.033279575407505035,0.0,29678,-9.81,0.0,0.0,0.0,0.0,0.0,0.0,0.025011923164129257,-0.0022353767417371273,0.033279575407505035,0.0,0.0,0.0,3.8586511611938477,nan,29678.0493260012,0.9823295474052429,nan,52000,nan,nan,0,nan,nan,nan,nan,0.03317895159125328
9.070728129008785,spool,0,0.024980060756206512,-0.0022429381497204304,0.03329404443502426,0.006410415284335613,-0.014989927411079407,0.0026378293987363577,0.024980060756206512,-0.0022429381497204304,0.03329404443502426,0.0,30135,-9.81,0.0,0.0,0.0,0.0,0.0,0.0,0.024980060756206512,-0.0022429381497204304,0.03329404443502426,0.0,0.0,0.0,3.8586511611938477,nan,30135.73710573837,1.0123125314712524,nan,52000,nan,nan,0,nan,nan,nan,nan,0.03317895159125328
9.089367906010011,spool,0,0.025006497278809547,-0.002232758328318596,0.03328170254826546,0.006518157199025154,-0.015210410580039024,0.0055666835978627205,0.025006497278809547,-0.002232758328318596,0.03328170254826546,0.0,30558,-9.81,0.0,0.0,0.0,0.0,0.0,0.0,0.025006497278809547,-0.002232758328318596,0.03328170254826546,0.0,0.0,0.0,3.8586511611938477,nan,30558.238701778464,1.0133435726165771,nan,52000,nan,nan,0,nan,nan,nan,nan,0.03317895159125328
9.10947162800585,spool,0,0.025076331570744514,-0.002233208855614066,0.0332893468439579,0.006656999234110117,-0.015372774563729763,0.0036692963913083076,0.025076331570744514,-0.002233208855614066,0.0332893468439579,0.0,31000,-9.81,0.0,0.0,0.0,0.0,0.0,0.0,0.025076331570744514,-0.002233208855614066,0.0332893468439579,0.0,0.0,0.0,3.8586511611938477,nan,31000.131339591462,1.013370156288147,nan,52000,nan,nan,0,nan,nan,nan,nan,0.03317895159125328
9.129564956994727,spool,0,0.025107834488153458,-0.0022254902869462967,0.033285822719335556,0.006607668939977884,-0.015104394406080246,0.003777226200327277,0.025107834488153458,-0.0022254902869462967,0.033285822719335556,0.0,31441,-9.81,0.0,0.0,0.0,0.0,0.0,0.0,0.025107834488153458,-0.0022254902869462967,0.033285822719335556,0.0,0.0,0.0,3.8586511611938477,nan,31441.175723681226,1.0161004066467285,nan,52000,nan,nan,0,nan,nan,nan,nan,0.03317895159125328
9.149423730006674,spool,0,0.025025349110364914,-0.002248840406537056,0.03329571709036827,0.006789717823266983,-0.0153048699721694,0.004061561077833176,0.025025349110364914,-0.002248840406537056,0.03329571709036827,0.0,31879,-9.81,0.0,0.0,0.0,0.0,0.0,0.0,0.025025349110364914,-0.002248840406537056,0.03329571709036827,0.0,0.0,0.0,3.8586511611938477,nan,31879.324093693867,1.002515435218811,nan,52000,nan,nan,0,nan,nan,nan,nan,0.03317895159125328
9.169478199008154,spool,0,0.024976836517453194,-0.0022354964166879654,0.033294279128313065,0.006943956017494202,-0.015481172129511833,0.002732375869527459,0.024976836517453194,-0.0022354964166879654,0.033294279128313065,0.0,32319,-9.81,0.0,0.0,0.0,0.0,0.0,0.0,0.024976836517453194,-0.0022354964166879654,0.033294279128313065,0.0,0.0,0.0,3.8586511611938477,nan,32319.874930020887,0.9750925898551941,nan,52000,nan,nan,0,nan,nan,nan,nan,0.03317895159125328
9.1894597139908,spool,0,0.02507595904171467,-0.0022443532943725586,0.03327656537294388,0.006891513708978891,-0.015207592397928238,-0.0005590986111201346,0.02507595904171467,-0.0022443532943725586,0.03327656537294388,0.0,32759,-9.81,0.0,0.0,0.0,0.0,0.0,0.0,0.02507595904171467,-0.0022443532943725586,0.03327656537294388,0.0,0.0,0.0,3.8217010498046875,nan,32759.99821780715,0.9900838136672974,nan,52000,nan,nan,0,nan,nan,nan,nan,0.03317895159125328
9.209545682009775,spool,0,0.02513640560209751,-0.0022535272873938084,0.03326580300927162,0.007117530331015587,-0.015359158627688885,0.00025616848142817616,0.02513640560209751,-0.0022535272873938084,0.03326580300927162,0.0,33201,-9.81,0.0,0.0,0.0,0.0,0.0,0.0,0.02513640560209751,-0.0022535272873938084,0.03326580300927162,0.0,0.0,0.0,3.8217010498046875,nan,33201.431077730376,1.0334737300872803,nan,52000,nan,nan,0,nan,nan,nan,nan,0.03317895159125328
9.23026237700833,spool,0,0.02511599287390709,-0.002182935131713748,0.03328024968504906,0.007191414479166269,-0.014981172978878021,0.00308875716291368,0.02511599287390709,-0.002182935131713748,0.03328024968504906,0.0,33657,-9.81,0.0,0.0,0.0,0.0,0.0,0.0,0.02511599287390709,-0.002182935131713748,0.03328024968504906,0.0,0.0,0.0,3.8217010498046875,nan,33657.71805186523,0.9988548159599304,nan,52000,nan,nan,0,nan,nan,nan,nan,0.03317895159125328
9.249562433018582,spool,0,0.025075698271393776,-0.002216797089204192,0.03328152000904083,0.007413170766085386,-0.01515126135200262,0.0009078342118300498,0.025075698271393776,-0.002216797089204192,0.03328152000904083,0.0,34082,-9.81,0.0,0.0,0.0,0.0,0.0,0.0,0.025075698271393776,-0.002216797089204192,0.03328152000904083,0.0,0.0,0.0,3.8217010498046875,nan,34082.446135929786,0.9967676997184753,nan,52000,nan,nan,0,nan,nan,nan,nan,0.03317895159125328
9.27058883200516,spool,0,0.025042137131094933,-0.0022707865573465824,0.03329038247466087,0.007609459571540356,-0.015378138981759548,-0.0009259397629648447,0.025042137131094933,-0.0022707865573465824,0.03329038247466087,0.0,34537,-9.81,0.0,0.0,0.0,0.0,0.0,0.0,0.025042137131094933,-0.0022707865573465824,0.03329038247466087,0.0,0.0,0.0,3.8217010498046875,nan,34537.1223136317,1.0296354293823242,nan,52000,nan,nan,0,nan,nan,nan,nan,0.03317895159125328
9.289396075997502,spool,0,0.025009799748659134,-0.002264154376462102,0.033289115875959396,0.0075891329906880856,-0.015145136043429375,0.0007200089166872203,0.025009799748659134,-0.002264154376462102,0.033289115875959396,0.0,34958,-9.81,0.0,0.0,0.0,0.0,0.0,0.0,0.025009799748659134,-0.002264154376462102,0.033289115875959396,0.0,0.0,0.0,3.8217010498046875,nan,34958.842755819205,1.0340824127197266,nan,52000,nan,nan,0,nan,nan,nan,nan,0.03317895159125328
9.309396513999673,spool,0,0.025000862777233124,-0.0022470434196293354,0.033303044736385345,0.007825657725334167,-0.015265480615198612,0.002322718733921647,0.025000862777233124,-0.0022470434196293354,0.033303044736385345,0.0,35398,-9.81,0.0,0.0,0.0,0.0,0.0,0.0,0.025000862777233124,-0.0022470434196293354,0.033303044736385345,0.0,0.0,0.0,3.8217010498046875,nan,35398.66739389254,1.0333707332611084,nan,52000,nan,nan,0,nan,nan,nan,nan,0.03317895159125328
9.330484970007092,spool,0,0.025054102763533592,-0.0022516967728734016,0.03329281136393547,0.007865517400205135,-0.014994202181696892,0.006320519372820854,0.025054102763533592,-0.0022516967728734016,0.03329281136393547,0.0,35843,-9.81,0.0,0.0,0.0,0.0,0.0,0.0,0.025054102763533592,-0.0022516967728734016,0.03329281136393547,0.0,0.0,0.0,3.8217010498046875,nan,35843.87213195441,0.9798697829246521,nan,52000,nan,nan,0,nan,nan,nan,nan,0.03317895159125328
9.349535443005152,spool,0,0.025120092555880547,-0.0022402992472052574,0.03328022360801697,0.008177741430699825,-0.015050644055008888,0.005827510729432106,0.025120092555880547,-0.0022402992472052574,0.03328022360801697,0.0,36281,-9.81,0.0,0.0,0.0,0.0,0.0,0.0,0.025120092555880547,-0.0022402992472052574,0.03328022360801697,0.0,0.0,0.0,3.8217010498046875,nan,36281.66245180182,0.9758992791175842,nan,52000,nan,nan,0,nan,nan,nan,nan,0.03317895159125328
9.36989648101735,spool,0,0.025112831965088844,-0.002225307747721672,0.03329676017165184,0.008337005041539669,-0.014656797051429749,0.005090706050395966,0.025112831965088844,-0.002225307747721672,0.03329676017165184,0.0,36729,-9.81,0.0,0.0,0.0,0.0,0.0,0.0,0.025112831965088844,-0.002225307747721672,0.03329676017165184,0.0,0.0,0.0,3.8217010498046875,nan,36729.102896060795,0.9613626003265381,nan,52000,nan,nan,0,nan,nan,nan,nan,0.03317895159125328
9.389428532012971,spool,0,0.025144757702946663,-0.0021970593370497227,0.03327729552984238,0.008538996800780296,-0.014678514562547207,0.0021781595423817635,0.025144757702946663,-0.0021970593370497227,0.03327729552984238,0.0,37159,-9.81,0.0,0.0,0.0,0.0,0.0,0.0,0.025144757702946663,-0.0021970593370497227,0.03327729552984238,0.0,0.0,0.0,3.790029287338257,nan,37159.74651591387,0.9738144874572754,nan,52000,nan,nan,0,nan,nan,nan,nan,0.03317895159125328
9.409493084996939,spool,0,0.02509804256260395,-0.002229817910119891,0.03328957408666611,0.008460196666419506,-0.014201739802956581,0.0008430321468040347,0.02509804256260395,-0.002229817910119891,0.03328957408666611,0.0,37600,-9.81,0.0,0.0,0.0,0.0,0.0,0.0,0.02509804256260395,-0.002229817910119891,0.03328957408666611,0.0,0.0,0.0,3.790029287338257,nan,37600.94747383846,0.9949790239334106,nan,52000,nan,nan,0,nan,nan,nan,nan,0.03317895159125328
9.429465890018037,spool,0,0.025072472169995308,-0.0022650514729321003,0.03329888731241226,0.008625204674899578,-0.01424513291567564,0.0008850605227053165,0.025072472169995308,-0.0022650514729321003,0.03329888731241226,0.0,38040,-9.81,0.0,0.0,0.0,0.0,0.0,0.0,0.025072472169995308,-0.0022650514729321003,0.03329888731241226,0.0,0.0,0.0,3.790029287338257,nan,38040.05548398709,0.9947022199630737,nan,52000,nan,nan,0,nan,nan,nan,nan,0.03317895159125328
9.449373286013724,spool,0,0.025065351277589798,-0.002280591754242778,0.033276259899139404,0.008807116188108921,-0.01424840185791254,-0.00012569267710205168,0.025065351277589798,-0.002280591754242778,0.033276259899139404,0.0,38478,-9.81,0.0,0.0,0.0,0.0,0.0,0.0,0.025065351277589798,-0.002280591754242778,0.033276259899139404,0.0,0.0,0.0,3.790029287338257,nan,38478.580515948124,0.9664715528488159,nan,52000,nan,nan,0,nan,nan,nan,nan,0.03317895159125328
9.469650979008293,spool,0,0.02508431300520897,-0.0023055539932101965,0.033273693174123764,0.008795582689344883,-0.013928948901593685,-0.0014417542843148112,0.02508431300520897,-0.0023055539932101965,0.033273693174123764,0.0,38924,-9.81,0.0,0.0,0.0,0.0,0.0,0.0,0.02508431300520897,-0.0023055539932101965,0.033273693174123764,0.0,0.0,0.0,3.790029287338257,nan,38924.603213963564,1.005068063735962,nan,52000,nan,nan,0,nan,nan,nan,nan,0.03317895159125328
9.489303928014124,spool,0,0.025067804381251335,-0.002306699752807617,0.03328584507107735,0.00899706594645977,-0.01400437206029892,0.0004223133728373796,0.025067804381251335,-0.002306699752807617,0.03328584507107735,0.0,39357,-9.81,0.0,0.0,0.0,0.0,0.0,0.0,0.025067804381251335,-0.002306699752807617,0.03328584507107735,0.0,0.0,0.0,3.790029287338257,nan,39357.25728160469,0.9827989339828491,nan,52000,nan,nan,0,nan,nan,nan,nan,0.03317895159125328
9.509278732002713,spool,0,0.02508016675710678,-0.0022751404903829098,0.03328724950551987,0.008975259028375149,-0.013537186197936535,-0.00046904501505196095,0.02508016675710678,-0.0022751404903829098,0.03328724950551987,0.0,39796,-9.81,0.0,0.0,0.0,0.0,0.0,0.0,0.02508016675710678,-0.0022751404903829098,0.03328724950551987,0.0,0.0,0.0,3.790029287338257,nan,39796.56575579429,0.9940099120140076,nan,52000,nan,nan,0,nan,nan,nan,nan,0.03317895159125328
9.529335333994823,spool,0,0.025118516758084297,-0.0022421698085963726,0.03328946232795715,0.009225156158208847,-0.013532686978578568,-0.00025883238413371146,0.025118516758084297,-0.0022421698085963726,0.03328946232795715,0.0,40237,-9.81,0.0,0.0,0.0,0.0,0.0,0.0,0.025118516758084297,-0.0022421698085963726,0.03328946232795715,0.0,0.0,0.0,3.790029287338257,nan,40237.25807381561,1.009543538093567,nan,52000,nan,nan,0,nan,nan,nan,nan,0.03317895159125328
9.549275493016466,spool,0,0.025210171937942505,-0.0022246032021939754,0.033271901309490204,0.0094908457249403,-0.013511748984456062,-0.0005375012988224626,0.025210171937942505,-0.0022246032021939754,0.033271901309490204,0.0,40676,-9.81,0.0,0.0,0.0,0.0,0.0,0.0,0.025210171937942505,-0.0022246032021939754,0.033271901309490204,0.0,0.0,0.0,3.790029287338257,nan,40676.68913170928,1.021630883216858,nan,52000,nan,nan,0,nan,nan,nan,nan,0.03317895159125328
9.56941231599194,spool,0,0.025203263387084007,-0.0022603566758334637,0.033272165805101395,0.009783160872757435,-0.013390361331403255,-0.00026405908283777535,0.025203263387084007,-0.0022603566758334637,0.033272165805101395,0.0,41119,-9.81,0.0,0.0,0.0,0.0,0.0,0.0,0.025203263387084007,-0.0022603566758334637,0.033272165805101395,0.0,0.0,0.0,3.790029287338257,nan,41119.42371004261,0.9837763905525208,nan,52000,nan,nan,0,nan,nan,nan,nan,0.03317895159125328
9.589562754990766,spool,0,0.025131426751613617,-0.0022830874659121037,0.03328535333275795,0.00989166833460331,-0.012545273639261723,-0.003363493364304304,0.025131426751613617,-0.0022830874659121037,0.03328535333275795,0.0,41562,-9.81,0.0,0.0,0.0,0.0,0.0,0.0,0.025131426751613617,-0.0022830874659121037,0.03328535333275795,0.0,0.0,0.0,3.763636350631714,nan,41562.5738898525,1.0116621255874634,nan,52000,nan,nan,0,nan,nan,nan,nan,0.03317895159125328
9.609696015017107,spool,0,0.025058357045054436,-0.0022879925090819597,0.03330234810709953,0.01026757713407278,-0.012182950042188168,-0.0018181739142164588,0.025058357045054436,-0.0022879925090819597,0.03330234810709953,0.0,42004,-9.81,0.0,0.0,0.0,0.0,0.0,0.0,0.025058357045054436,-0.0022879925090819597,0.03330234810709953,0.0,0.0,0.0,3.763636350631714,nan,42004.54337394331,0.9804399013519287,nan,52000,nan,nan,0,nan,nan,nan,nan,0.03317895159125328
9.629469372011954,spool,0,0.024951135739684105,-0.002228880301117897,0.03335556387901306,0.010398617945611477,-0.011369343847036362,-0.0025359480641782284,0.024951135739684105,-0.002228880301117897,0.03335556387901306,0.0,42440,-9.81,0.0,0.0,0.0,0.0,0.0,0.0,0.024951135739684105,-0.002228880301117897,0.03335556387901306,0.0,0.0,0.0,3.763636350631714,nan,42440.46255009016,1.0300889015197754,nan,52000,nan,nan,0,nan,nan,nan,nan,0.03317895159125328
9.649590665008873,spool,0,0.024917853996157646,-0.0021800328977406025,0.033359576016664505,0.011053238995373249,-0.010644675232470036,0.0007797894650138915,0.024917853996157646,-0.0021800328977406025,0.033359576016664505,0.0,42882,-9.81,0.0,0.0,0.0,0.0,0.0,0.0,0.024917853996157646,-0.0021800328977406025,0.033359576016664505,0.0,0.0,0.0,3.763636350631714,nan,42882.914626039565,1.0156723260879517,nan,52000,nan,nan,0,nan,nan,nan,nan,0.03317895159125328
9.669525022007292,spool,0,0.024925826117396355,-0.0021960861049592495,0.03340563550591469,0.011322597973048687,-0.009521469473838806,0.0018522136379033327,0.024925826117396355,-0.0021960861049592495,0.03340563550591469,0.0,43317,-9.81,0.0,0.0,0.0,0.0,0.0,0.0,0.024925826117396355,-0.0021960861049592495,0.03340563550591469,0.0,0.0,0.0,3.763636350631714,nan,43317.32842983911,0.9712890982627869,nan,52000,nan,nan,0,nan,nan,nan,nan,0.03317895159125328
9.689302757004043,spool,0,0.024982238188385963,-0.002305375412106514,0.033383287489414215,0.011862631887197495,-0.00875045731663704,-0.0011498575331643224,0.024982238188385963,-0.002305375412106514,0.033383287489414215,0.0,43757,-9.81,0.0,0.0,0.0,0.0,0.0,0.0,0.024982238188385963,-0.002305375412106514,0.033383287489414215,0.0,0.0,0.0,3.763636350631714,nan,43757.11718574166,1.0225955247879028,nan,52000,nan,nan,0,nan,nan,nan,nan,0.03317895159125328
9.709571112005506,spool,0,0.024998739361763,-0.002404517028480768,0.03341927006840706,0.012249316088855267,-0.00781978853046894,0.00164030643645674,0.024998739361763,-0.002404517028480768,0.03341927006840706,0.0,44202,-9.81,0.0,0.0,0.0,0.0,0.0,0.0,0.024998739361763,-0.002404517028480768,0.03341927006840706,0.0,0.0,0.0,3.763636350631714,nan,44202.344803721644,0.9864738583564758,nan,52000,nan,nan,0,nan,nan,nan,nan,0.03317895159125328
9.729333318013232,spool,0,0.025013519451022148,-0.00250346795655787,0.033405765891075134,0.012045858427882195,-0.006453175097703934,-0.0012033830862492323,0.025013519451022148,-0.00250346795655787,0.033405765891075134,0.0,44637,-9.81,0.0,0.0,0.0,0.0,0.0,0.0,0.025013519451022148,-0.00250346795655787,0.033405765891075134,0.0,0.0,0.0,3.763636350631714,nan,44637.628773692995,1.0220353603363037,nan,52000,nan,nan,0,nan,nan,nan,nan,0.03317895159125328
9.749331579019781,spool,0,0.02505483664572239,-0.0026745046488940716,0.0333862341940403,0.012070758268237114,-0.005251607857644558,0.0005699798348359764,0.02505483664572239,-0.0026745046488940716,0.0333862341940403,0.0,45077,-9.81,0.0,0.0,0.0,0.0,0.0,0.0,0.02505483664572239,-0.0026745046488940716,0.0333862341940403,0.0,0.0,0.0,3.763636350631714,nan,45077.66698754858,0.9797146916389465,nan,52000,nan,nan,0,nan,nan,nan,nan,0.03317895159125328
9.76928224999574,spool,0,0.02503870613873005,-0.0028363526798784733,0.033397361636161804,0.011712956242263317,-0.004074052907526493,0.0007391765248030424,0.02503870613873005,-0.0028363526798784733,0.033397361636161804,0.0,45516,-9.81,0.0,0.0,0.0,0.0,0.0,0.0,0.02503870613873005,-0.0028363526798784733,0.033397361636161804,0.0,0.0,0.0,3.763636350631714,nan,45516.68763603084,1.0481493473052979,nan,52000,nan,nan,0,nan,nan,nan,nan,0.03317895159125328
9.789717881998513,spool,0,0.024981077760457993,-0.003087798599153757,0.03359955921769142,0.011432326398789883,-0.0031808246858417988,0.008845455944538116,0.024981077760457993,-0.003087798599153757,0.03359955921769142,0.0,45965,-9.81,0.0,0.0,0.0,0.0,0.0,0.0,0.024981077760457993,-0.003087798599153757,0.03359955921769142,0.0,0.0,0.0,3.7319648265838623,nan,45965.13622964267,0.9841214418411255,nan,52000,nan,nan,0,nan,nan,nan,nan,0.03317895159125328
9.80952531399089,spool,0,0.024931272491812706,-0.0032575754448771477,0.03378100320696831,0.010958031751215458,-0.002868104027584195,0.007586785592138767,0.024931272491812706,-0.0032575754448771477,0.03378100320696831,0.0,46401,-9.81,0.0,0.0,0.0,0.0,0.0,0.0,0.024931272491812706,-0.0032575754448771477,0.03378100320696831,0.0,0.0,0.0,3.7319648265838623,nan,46401.32974582957,1.0524107217788696,nan,52000,nan,nan,0,nan,nan,nan,nan,0.03317895159125328
9.829217535007047,spool,0,0.024773502722382545,-0.003585400525480509,0.0341658890247345,0.009206133894622326,-0.002754420507699251,0.01773736998438835,0.024773502722382545,-0.003585400525480509,0.0341658890247345,0.0,46835,-9.81,0.0,0.0,0.0,0.0,0.0,0.0,0.024773502722382545,-0.003585400525480509,0.0341658890247345,0.0,0.0,0.0,3.7319648265838623,nan,46835.62732394785,1.027671217918396,nan,52000,nan,nan,0,nan,nan,nan,nan,0.03317895159125328
9.849249724007677,spool,0,0.02456769160926342,-0.00391407823190093,0.034517157822847366,0.006623032968491316,-0.003090502927079797,0.022025449201464653,0.02456769160926342,-0.00391407823190093,0.034517157822847366,0.0,47276,-9.81,0.0,0.0,0.0,0.0,0.0,0.0,0.02456769160926342,-0.00391407823190093,0.034517157822847366,0.0,0.0,0.0,3.7319648265838623,nan,47276.17945813108,1.0403754711151123,nan,52000,nan,nan,0,nan,nan,nan,nan,0.03317895159125328
9.869632193993311,spool,0,0.02400602400302887,-0.004369013011455536,0.0351836122572422,0.0021671864669770002,-0.003942918032407761,0.027285892516374588,0.02400602400302887,-0.004369013011455536,0.0351836122572422,0.0,47720,-9.81,0.0,0.0,0.0,0.0,0.0,0.0,0.02400602400302887,-0.004369013011455536,0.0351836122572422,0.0,0.0,0.0,3.7319648265838623,nan,47720.52909975173,0.971491813659668,nan,52000,nan,nan,0,nan,nan,nan,nan,0.03317895159125328
9.88924428500468,spool,0,0.02344799041748047,-0.004734273999929428,0.035612475126981735,-0.0051907869055867195,-0.005769378039985895,0.02435161918401718,0.02344799041748047,-0.004734273999929428,0.035612475126981735,0.0,48156,-9.81,0.0,0.0,0.0,0.0,0.0,0.0,0.02344799041748047,-0.004734273999929428,0.035612475126981735,0.0,0.0,0.0,3.7319648265838623,nan,48156.05256165145,1.0397647619247437,nan,52000,nan,nan,0,nan,nan,nan,nan,0.03317895159125328
9.909275055018952,spool,0,0.022841546684503555,-0.005256317555904388,0.03602441027760506,-0.016742436215281487,-0.008329438045620918,0.029393482953310013,0.022841546684503555,-0.005256317555904388,0.03602441027760506,0.0,48596,-9.81,0.0,0.0,0.0,0.0,0.0,0.0,0.022841546684503555,-0.005256317555904388,0.03602441027760506,0.0,0.0,0.0,3.7319648265838623,nan,48596.57765791053,1.0343360900878906,nan,52000,nan,nan,0,nan,nan,nan,nan,0.03317895159125328
9.929905355995288,spool,0,0.02154247835278511,-0.0060577429831027985,0.03697367385029793,-0.03029138408601284,-0.011230488307774067,0.03601257875561714,0.02154247835278511,-0.0060577429831027985,0.03697367385029793,0.0,49040,-9.81,0.0,0.0,0.0,0.0,0.0,0.0,0.02154247835278511,-0.0060577429831027985,0.03697367385029793,0.0,0.0,0.0,3.7319648265838623,nan,49040.07717553759,1.0265781879425049,nan,52000,nan,nan,0,nan,nan,nan,nan,0.03317895159125328
9.949299104016973,spool,0,0.020496314391493797,-0.006701846141368151,0.03770435228943825,-0.04612624645233154,-0.014429613947868347,0.04210090637207031,0.020496314391493797,-0.006701846141368151,0.03770435228943825,0.0,49476,-9.81,0.0,0.0,0.0,0.0,0.0,0.0,0.020496314391493797,-0.006701846141368151,0.03770435228943825,0.0,0.0,0.0,3.7319648265838623,nan,49476.78430407541,1.0483503341674805,nan,52000,nan,nan,0,nan,nan,nan,nan,0.03317895159125328
9.971866225008853,rising,0,0.019236642867326736,-0.007408693432807922,0.03858121111989021,-0.06467384099960327,-0.017954641953110695,0.05097629874944687,0.019236642867326736,-0.007408693432807922,0.038581457996674375,0.3392689660656677,47450,-0.8583122410114079,-0.01059221027254387,0.03813465154192075,1.1858110083267093,0.0,0.0,0.00038487149868160486,0.0,-1.0,0.1,0.0,0.0,0.0,3.7319648265838623,47450,nan,1.0483160018920898,nan,52000,nan,nan,0,nan,nan,nan,nan,0.03317895159125328
9.990298752993112,rising,0,0.017091495916247368,-0.00859877374023199,0.04009567201137543,-0.08312423527240753,-0.021010104566812515,0.06101633980870247,0.019236642867326736,-0.007408693432807922,0.03864121922609998,0.3354615099207114,46917,-0.9587728253110459,-0.013964556574093498,0.0521396021750129,0.892356998519972,0.0,0.0,0.006000405296799727,0.0,-1.0,0.1,0.0,0.0,0.0,3.7002933025360107,46917,nan,1.049128770828247,nan,52000,nan,nan,0,nan,nan,nan,nan,0.03317895159125328
10.010406090004835,rising,0,0.016257258132100105,-0.009065499529242516,0.04064236953854561,-0.10117465257644653,-0.02453797124326229,0.06987449526786804,0.019236642867326736,-0.007408693432807922,0.03882154570029592,0.3338248267544468,46688,-1.0019570777190836,-0.01672160412360711,0.06422956650204115,0.9405009914189577,0.0,0.0,0.012008361596963368,0.0,-1.0,0.1,0.0,0.0,0.0,3.7002933025360107,46688,nan,1.0447255373001099,nan,52000,nan,nan,0,nan,nan,nan,nan,0.03317895159125328
10.030197037995094,rising,0,0.012482001446187496,-0.011059589684009552,0.04315517097711563,-0.11820221692323685,-0.029367880895733833,0.0782465934753418,0.019236642867326736,-0.007408693432807922,0.03912044633680307,0.33025986117687334,46190,-1.0960194940138965,-0.022279379103534516,0.07984716000637482,0.8424730040132999,0.0,0.0,0.017987249098950997,0.0,-1.0,0.1,0.0,0.0,0.0,3.7002933025360107,46190,nan,1.0221705436706543,nan,52000,nan,nan,0,nan,nan,nan,nan,0.03317895159125328
10.050339348003035,rising,0,0.010352627374231815,-0.012209570966660976,0.04438648745417595,-0.132539302110672,-0.034293681383132935,0.08240450173616409,0.019236642867326736,-0.007408693432807922,0.03954071320830873,0.33052341696151766,46227,-1.0890655155272402,-0.02667487376876151,0.0910769566313081,0.8718140015844256,0.0,0.0,0.023993775298004037,0.0,-1.0,0.1,0.0,0.0,0.0,3.7002933025360107,46227,nan,1.029809594154358,nan,52000,nan,nan,0,nan,nan,nan,nan,0.03317895159125328
10.070075697993161,rising,0,0.006922094151377678,-0.014053341001272202,0.046472206711769104,-0.143779456615448,-0.04016583785414696,0.0873882845044136,0.019236642867326736,-0.007408693432807922,0.04008015197685172,0.3295098411065134,46085,-1.1158089417806512,-0.032621868881028276,0.10239646185898788,0.7379390008281916,0.0,0.0,0.029989406699314713,0.0,-1.0,0.1,0.0,0.0,0.0,3.7002933025360107,46085,nan,0.9891880750656128,nan,52000,nan,nan,0,nan,nan,nan,nan,0.03317895159125328
10.090589386003558,rising,0,0.004482933320105076,-0.01530793122947216,0.0477563701570034,-0.15141722559928894,-0.04489409551024437,0.08654603362083435,0.019236642867326736,-0.007408693432807922,0.04074609919046302,0.33248140239341306,46501,-1.0374036307806591,-0.036735269864516196,0.10904894183186453,1.0016029991675168,0.0,0.0,0.036040710902307184,0.0,-1.0,0.1,0.0,0.0,0.0,3.7002933025360107,46501,nan,0.9903090596199036,nan,52000,nan,nan,0,nan,nan,nan,nan,0.03317895159125328
10.110889255010989,rising,0,0.0021443332079797983,-0.01668645441532135,0.04897822439670563,-0.15618859231472015,-0.04882444441318512,0.08438097685575485,0.019236642867326736,-0.007408693432807922,0.041527439865806454,0.3362517612859613,47028,-0.9379218658057713,-0.040347463431821544,0.11347592133570394,1.2399879924487323,0.0,0.0,0.04204446750227362,0.0,-1.0,0.1,0.0,0.0,0.0,3.7002933025360107,47028,nan,1.0052374601364136,nan,52000,nan,nan,0,nan,nan,nan,nan,0.03317895159125328
10.130866685998626,rising,0,-0.0016265573212876916,-0.01878560148179531,0.050964079797267914,-0.15776018798351288,-0.04995187744498253,0.08345254510641098,0.019236642867326736,-0.007408693432807922,0.042434884406149065,0.33862705133647797,47360,-0.8752493051061236,-0.04325613500081882,0.11809513255146387,1.0439729958306998,0.0,0.0,0.04808538210054394,0.0,-1.0,0.1,0.0,0.0,0.0,3.7002933025360107,47360,nan,0.9905162453651428,nan,52000,nan,nan,0,nan,nan,nan,nan,0.03317895159125328
10.1510737700155,rising,0,-0.004075053613632917,-0.02012462541460991,0.05227537825703621,-0.15601423382759094,-0.04897765442728996,0.08036432415246964,0.019236642867326736,-0.007408693432807922,0.043456418760516036,0.3428644149092987,47953,-0.7634455169050494,-0.0437250006389617,0.11847977315271896,1.343281997833401,0.0,0.0,0.05408442090265453,0.0,-1.0,0.1,0.0,0.0,0.0,3.7002933025360107,47953,nan,0.9819117188453674,nan,52000,nan,nan,0,nan,nan,nan,nan,0.03317895159125328
10.170857312012231,rising,0,-0.007576334290206432,-0.022238781675696373,0.054101843386888504,-0.1509663164615631,-0.0476374514400959,0.07600097358226776,0.019236642867326736,-0.007408693432807922,0.0445804469842697,0.3471615395754597,48554,-0.6500649188533068,-0.04485884167779001,0.11814037227719054,1.415698992786929,0.0,0.0,0.0599961792002432,0.0,-1.0,0.1,0.0,0.0,0.0,3.7002933025360107,48554,nan,0.9757850170135498,nan,52000,nan,nan,0,nan,nan,nan,nan,0.03317895159125328
10.190777900017565,rising,0,-0.009770415723323822,-0.02366192638874054,0.05515225604176521,-0.14137867093086243,-0.04462265223264694,0.07179312407970428,0.019236642867326736,-0.007408693432807922,0.045862485282751254,0.3524418521133428,49292,-0.5107426883023027,-0.04406557911938403,0.11339216400215957,1.0520950017962605,0.0,0.0,0.06609663000272122,0.0,-1.0,0.1,0.0,0.0,0.0,3.7002933025360107,49292,nan,0.9643435478210449,nan,52000,nan,nan,0,nan,nan,nan,nan,0.03317895159125328
10.210906096996041,rising,0,-0.011837951838970184,-0.02495635114610195,0.05613104999065399,-0.1287173181772232,-0.04125908762216568,0.06728976964950562,0.019236642867326736,-0.007408693432807922,0.047236370739487395,0.3579364892376232,50061,-0.36576545547168315,-0.042921551901591304,0.10685146238555543,1.1717639863491058,0.0,0.0,0.07206313739879988,0.0,-1.0,0.1,0.0,0.0,0.0,3.7002933025360107,50061,nan,0.9888368248939514,nan,52000,nan,nan,0,nan,nan,nan,nan,0.03317895159125328
10.23032673401758,rising,0,-0.014652207493782043,-0.026789117604494095,0.05752765014767647,-0.11289313435554504,-0.038115907460451126,0.06233099848031998,0.019236642867326736,-0.007408693432807922,0.048729917162434744,0.3632817389049275,50808,-0.22472984419716546,-0.04254725581862745,0.09963070550689945,0.840421998873353,0.0,0.0,0.07803347759472672,0.0,-1.0,0.1,0.0,0.0,0.0,3.7002933025360107,50808,nan,0.9847011566162109,nan,52000,nan,nan,0,nan,nan,nan,nan,0.03317895159125328
10.251147050003055,rising,0,-0.016353702172636986,-0.02794826030731201,0.05846068263053894,-0.0952157974243164,-0.032739490270614624,0.058924995362758636,0.019236642867326736,-0.007408693432807922,0.05035378381728494,0.36852807560855966,51542,-0.08630407365278003,-0.04023653560406689,0.09042647454558339,1.5074760012794286,0.0,0.0,0.08404489049571566,0.0,-1.0,0.1,0.0,0.0,0.0,3.7002933025360107,51542,nan,1.0039020776748657,nan,52000,nan,nan,0,nan,nan,nan,nan,0.03317895159125328
10.270441663014935,rising,0,-0.017789404839277267,-0.02902199886739254,0.05938566476106644,-0.0768708810210228,-0.026809023693203926,0.05817204713821411,0.019236642867326736,-0.007408693432807922,0.05208187631749153,0.3725733536629924,52108,0.02043149506576114,-0.03772856542270783,0.08110540708342828,0.9813430078793317,0.0,0.0,0.09000221729802434,0.0,-1.0,0.1,0.0,0.0,0.0,3.7002933025360107,52108,nan,0.9812784194946289,nan,52000,nan,nan,0,nan,nan,nan,nan,0.03317895159125328
10.28996174299391,rising,0,-0.019664106890559196,-0.03051014058291912,0.060644812881946564,-0.05912061780691147,-0.01896744966506958,0.05393882468342781,0.019236642867326736,-0.007408693432807922,0.053940214176410956,0.37816536944610596,52890,0.16797808564923322,-0.03456419104209015,0.07247732148406127,0.5882479890715331,0.0,0.0,0.0959968845010735,0.0,-1.0,0.1,0.0,0.0,0.0,3.7002933025360107,52890,nan,1.0136555433273315,nan,52000,nan,nan,0,nan,nan,nan,nan,0.03317895159125328
10.310548656998435,rising,0,-0.020499302074313164,-0.03138286992907524,0.06172577291727066,-0.0415622778236866,-0.010351195000112057,0.056026164442300797,0.019236642867326736,-0.007408693432807922,0.055922143616877404,0.3809813869728097,53284,0.24227933965197046,-0.030671706390354322,0.06358092956426065,1.059764006640762,0.0,0.0,0.10200274260132573,0.0,-1.0,0.1,0.0,0.0,0.0,3.7002933025360107,53284,nan,1.0485198497772217,nan,52000,nan,nan,0,nan,nan,nan,nan,0.03317895159125328
10.331253487005597,rising,0,-0.02142351306974888,-0.032502997666597366,0.06318698078393936,-0.024020293727517128,-0.0026974324136972427,0.06426741182804108,0.019236642867326736,-0.007408693432807922,0.05810945696786095,0.3806714664488934,53240,0.23410201712119694,-0.02783190579045839,0.05537292180815556,1.0098330094479024,0.0,0.0,0.10824484980257694,0.0,-1.0,0.1,0.0,0.0,0.0,3.7002933025360107,53240,nan,1.0345723628997803,nan,52000,nan,nan,0,nan,nan,nan,nan,0.03317895159125328
10.350525959016522,rising,0,-0.021893737837672234,-0.03324946016073227,0.06451182812452316,-0.006400172132998705,0.004802193026989698,0.06885911524295807,0.019236642867326736,-0.007408693432807922,0.06026134797019604,0.382109663497212,53442,0.272049168791872,-0.024566047378337508,0.04642268701869279,0.8616209961473942,0.0,0.0,0.11405297940073068,0.0,-1.0,0.1,0.0,0.0,0.0,3.7002933025360107,53442,nan,1.0237290859222412,nan,52000,nan,nan,0,nan,nan,nan,nan,0.03317895159125328
10.371709742990788,rising,0,-0.02206026390194893,-0.03400208801031113,0.06654669344425201,0.011245178990066051,0.009823622182011604,0.07406183332204819,0.019236642867326736,-0.007408693432807922,0.06267833782619145,0.3829181961118789,53555,0.2933824831630307,-0.022666472730926028,0.03727436285710639,1.1484730057418346,0.0,0.0,0.12024257159500848,0.0,-1.0,0.1,0.0,0.0,0.0,3.7002933025360107,53555,nan,1.0540447235107422,nan,52000,nan,nan,0,nan,nan,nan,nan,0.03317895159125328
10.390279568004189,rising,0,-0.021844057366251945,-0.03447800502181053,0.06800486892461777,0.02978837676346302,0.014849266037344933,0.08372127264738083,0.019236642867326736,-0.007408693432807922,0.0650417427154741,0.3819596071330049,53421,0.2680898979684656,-0.020581712497934758,0.027426769414789165,0.8757470059208572,0.0,0.0,0.12600126569741404,0.0,-1.0,0.1,0.0,0.0,0.0,3.658064603805542,53421,nan,1.0746221542358398,nan,52000,nan,nan,0,nan,nan,nan,nan,0.03317895159125328
10.41094587999396,rising,0,-0.021487833932042122,-0.0348932184278965,0.06963129341602325,0.048502806574106216,0.019139990210533142,0.09538201242685318,0.019236642867326736,-0.007408693432807922,0.06763676808094986,0.380257142382253,53182,0.2231699837006058,-0.01884859382057976,0.01732921877057314,1.3220779947005212,0.0,0.0,0.13203535199572797,0.0,-1.0,0.1,0.0,0.0,0.0,3.658064603805542,53182,nan,1.032454013824463,nan,52000,nan,nan,0,nan,nan,nan,nan,0.03317895159125328
10.430830511002569,rising,0,-0.020445752888917923,-0.03528405353426933,0.07229337096214294,0.0655791163444519,0.021368004381656647,0.10094217956066132,0.019236642867326736,-0.007408693432807922,0.07032434379581426,0.38044217605363134,53208,0.22805213861824036,-0.01807659274503421,0.0072472489713957255,1.0447899985592812,0.0,0.0,0.13800680999702308,0.0,-1.0,0.1,0.0,0.0,0.0,3.658064603805542,53208,nan,1.0417314767837524,nan,52000,nan,nan,0,nan,nan,nan,nan,0.03317895159125328
10.450648532016203,rising,0,-0.019534744322299957,-0.03549136966466904,0.07421799749135971,0.08221808820962906,0.02465745620429516,0.10961297154426575,0.019236642867326736,-0.007408693432807922,0.07315721813892481,0.3802365829255314,53180,0.222627517824046,-0.01657359415139004,-0.002459162927838321,1.0681430285330862,0.0,0.0,0.14403334409580565,0.0,-1.0,0.1,0.0,0.0,0.0,3.658064603805542,53180,nan,1.058100700378418,nan,52000,nan,nan,0,nan,nan,nan,nan,0.03317895159125328
10.470891561999451,rising,0,-0.018375320360064507,-0.035733819007873535,0.07619047164916992,0.098220594227314,0.027499273419380188,0.12188474833965302,0.019236642867326736,-0.007408693432807922,0.07610348087238286,0.3783430378769481,52915,0.17266590704348417,-0.015411562058123468,-0.012156816391095004,1.1394800094421953,0.0,0.0,0.1500445328943897,0.0,-1.0,0.1,0.0,0.0,0.0,3.658064603805542,52915,nan,1.024688720703125,nan,52000,nan,nan,0,nan,nan,nan,nan,0.03317895159125328
10.490137245011283,rising,0,-0.016306770965456963,-0.036021970212459564,0.07943444699048996,0.11365699023008347,0.03139811381697655,0.12720149755477905,0.019236642867326736,-0.007408693432807922,0.07913309983889202,0.3784448174114478,52929,0.17535138288780416,-0.013653658383877044,-0.022499319561605446,0.7683599833399057,0.0,0.0,0.15598440060275606,0.0,-1.0,0.1,0.0,0.0,0.0,3.658064603805542,52929,nan,1.0476722717285156,nan,52000,nan,nan,0,nan,nan,nan,nan,0.03317895159125328
10.510030861012638,rising,0,-0.014654166996479034,-0.03626098483800888,0.08175186812877655,0.12870191037654877,0.033557720482349396,0.13567763566970825,0.019236642867326736,-0.007408693432807922,0.0823142844329949,0.3783844028346755,52921,0.1737573307302238,-0.012770107287159875,-0.032205779455352745,0.6748659943696111,0.0,0.0,0.16198717229417525,0.0,-1.0,0.1,0.0,0.0,0.0,3.658064603805542,52921,nan,1.032840371131897,nan,52000,nan,nan,0,nan,nan,nan,nan,0.03317895159125328
10.530093665001914,rising,0,-0.011953385546803474,-0.03662169724702835,0.08526591211557388,0.14449355006217957,0.03680800646543503,0.14097954332828522,0.019236642867326736,-0.007408693432807922,0.08561711066238811,0.37862651898944116,52954,0.1801456197741711,-0.011430174795409392,-0.04338801333342235,0.7193099881988019,0.0,0.0,0.1679926775948843,0.0,-1.0,0.1,0.0,0.0,0.0,3.658064603805542,52954,nan,1.0035898685455322,nan,52000,nan,nan,0,nan,nan,nan,nan,0.03317895159125328
10.550511258014012,rising,0,-0.010049253702163696,-0.036856770515441895,0.08758813887834549,0.1571224182844162,0.03496779501438141,0.1402570754289627,0.019236642867326736,-0.007408693432807922,0.08903980086095656,0.3835228974542157,53639,0.3093376636996208,-0.012495026990351026,-0.05141495275212438,1.07634998857975,0.0,0.0,0.17399756850209086,0.0,-1.0,0.1,0.0,0.0,0.0,3.658064603805542,53639,nan,0.9793434739112854,nan,52000,nan,nan,0,nan,nan,nan,nan,0.03317895159125328
10.571345748991007,rising,0,-0.0069626690819859505,-0.03743065148591995,0.09118954092264175,0.1685916781425476,0.031707994639873505,0.13632012903690338,0.019236642867326736,-0.007408693432807922,0.09267541358909144,0.3888150539186074,54379,0.4489723989078449,-0.014602149062244586,-0.059803416421193356,1.3111380103509873,0.0,0.0,0.18015693570196162,0.0,-1.0,0.1,0.0,0.0,0.0,3.658064603805542,54379,nan,0.9949292540550232,nan,52000,nan,nan,0,nan,nan,nan,nan,0.03317895159125328
10.590693878009915,rising,0,-0.0047699022106826305,-0.03785751014947891,0.09363885223865509,0.1761491745710373,0.02404216304421425,0.1359836310148239,0.019236642867326736,-0.007408693432807922,0.0962576870573029,0.3935050538260602,55035,0.5727190983129322,-0.018772845296201258,-0.06517163346538846,1.135761005571112,0.0,0.0,0.18602657219453247,0.0,-1.0,0.1,0.0,0.0,0.0,3.658064603805542,55035,nan,1.023330807685852,nan,52000,nan,nan,0,nan,nan,nan,nan,0.03317895159125328
10.610534539009677,rising,0,-0.0026205359026789665,-0.03835644572973251,0.09608177095651627,0.18019352853298187,0.014236416667699814,0.14027999341487885,0.019236642867326736,-0.007408693432807922,0.10002635605920675,0.3961606015088003,55407,0.6427863194934105,-0.02412014297040211,-0.06895556361816935,1.0530640138313174,0.0,0.0,0.19200803879939485,0.0,-1.0,0.1,0.0,0.0,0.0,3.658064603805542,55407,nan,1.0206284523010254,nan,52000,nan,nan,0,nan,nan,nan,nan,0.03317895159125328
10.631098968995502,rising,0,-0.00043300134711898863,-0.03900216892361641,0.09856832772493362,0.18066789209842682,0.005068705417215824,0.14354467391967773,0.019236642867326736,-0.007408693432807922,0.10395087409228372,0.399463970419659,55869,0.7299464490675174,-0.02917537495427673,-0.07081830449272575,1.4497330121230334,0.0,0.0,0.19804493879782967,0.0,-1.0,0.1,0.0,0.0,0.0,3.658064603805542,55869,nan,0.9919959306716919,nan,52000,nan,nan,0,nan,nan,nan,nan,0.03317895159125328
10.651049461012008,rising,0,0.0028474130667746067,-0.039962202310562134,0.10224549472332001,0.17663942277431488,-0.003896131180226803,0.14182275533676147,0.019236642867326736,-0.007408693432807922,0.10797176960587186,0.4038521595788369,56482,0.8457298041909453,-0.03426624243211779,-0.07130477785124012,1.3615470088552684,0.0,0.0,0.20404493400128557,0.0,-1.0,0.1,0.0,0.0,0.0,3.658064603805542,56482,nan,1.0324146747589111,nan,52000,nan,nan,0,nan,nan,nan,nan,0.03317895159125328
10.670569689013064,rising,0,0.0049229031428694725,-0.04070639610290527,0.1047334223985672,0.16861507296562195,-0.012937054969370365,0.14670656621456146,0.019236642867326736,-0.007408693432807922,0.11210865374770972,0.4064906633213211,56851,0.9153473171852529,-0.03923447513944088,-0.06893074056199433,0.9920400043483824,0.0,0.0,0.2100392000953434,0.0,-1.0,0.1,0.0,0.0,0.0,3.658064603805542,56851,nan,1.0207879543304443,nan,52000,nan,nan,0,nan,nan,nan,nan,0.03317895159125328
10.69121364300372,rising,0,0.007870743051171303,-0.041898325085639954,0.10863620042800903,0.16109886765480042,-0.017565889284014702,0.15170910954475403,0.019236642867326736,-0.007408693432807922,0.1163821785359158,0.4075013717445438,56993,0.9420150856080145,-0.0425871623014476,-0.06796229495911521,1.5347640146501362,0.0,0.0,0.21605689169664402,0.0,-1.0,0.1,0.0,0.0,0.0,3.658064603805542,56993,nan,1.0055125951766968,nan,52000,nan,nan,0,nan,nan,nan,nan,0.03317895159125328
10.710570819006534,rising,0,0.009660911746323109,-0.0428263284265995,0.11130854487419128,0.149518683552742,-0.023689433932304382,0.15584895014762878,0.019236642867326736,-0.007408693432807922,0.12073506116980885,0.4104784791014952,57409,1.0205667309101631,-0.046165453976321186,-0.063562429656149,0.9901290177367628,0.0,0.0,0.222018715494778,0.0,-1.0,0.1,0.0,0.0,0.0,3.658064603805542,57409,nan,1.027298927307129,nan,52000,nan,nan,0,nan,nan,nan,nan,0.03317895159125328
10.73031254101079,rising,0,0.011302021332085133,-0.04374207556247711,0.11405153572559357,0.1362757831811905,-0.028887812048196793,0.16258788108825684,0.019236642867326736,-0.007408693432807922,0.12522991660754976,0.4122464752916348,57657,1.0672157069032906,-0.049373196150144266,-0.058448103136623075,0.8616419800091535,0.0,0.0,0.22801145430130418,0.0,-1.0,0.1,0.0,0.0,0.0,3.658064603805542,57657,nan,1.0367629528045654,nan,52000,nan,nan,0,nan,nan,nan,nan,0.03317895159125328
10.75040337300743,rising,0,0.013436763547360897,-0.045150820165872574,0.11826310306787491,0.12310544401407242,-0.03257733955979347,0.1693377047777176,0.019236642867326736,-0.007408693432807922,0.1298498882767457,0.41235909961209083,57672,1.070187324857276,-0.05251234920571973,-0.05410823395751074,0.9313230111729354,0.0,0.0,0.2340111242956482,0.0,-1.0,0.1,0.0,0.0,0.0,3.658064603805542,57672,nan,1.029924988746643,nan,52000,nan,nan,0,nan,nan,nan,nan,0.03317895159125328
10.770277595991502,rising,0,0.014678959734737873,-0.046205054968595505,0.12118538469076157,0.1079893559217453,-0.037477388978004456,0.17558667063713074,0.019236642867326736,-0.007408693432807922,0.13458720257400872,0.41445613017986527,57966,1.1255179466982899,-0.05562023360358978,-0.04773076584831415,0.8496619993820786,0.0,0.0,0.24000748920079784,0.0,-1.0,0.1,0.0,0.0,0.0,3.658064603805542,57966,nan,1.0367425680160522,nan,52000,nan,nan,0,nan,nan,nan,nan,0.03317895159125328
10.790279915003339,rising,0,0.01627431809902191,-0.04775768145918846,0.12575308978557587,0.09223717451095581,-0.04135749116539955,0.18425209820270538,0.019236642867326736,-0.007408693432807922,0.13945283495192573,0.4134830081557695,57829,1.0998419038461602,-0.05912367615711851,-0.041761144449847354,0.8139779965858907,0.0,0.0,0.24601417499652597,0.0,-1.0,0.1,0.0,0.0,0.0,3.6263930797576904,57829,nan,1.049868106842041,nan,52000,nan,nan,0,nan,nan,nan,nan,0.03317895159125328
10.810559656994883,rising,0,0.01710369810461998,-0.04881037399172783,0.12888281047344208,0.07503337413072586,-0.04620999097824097,0.19486580789089203,0.019236642867326736,-0.007408693432807922,0.14442018925956296,0.413447428231138,57824,1.0989031195550911,-0.06248584321153859,-0.03423957147624468,1.108035008655861,0.0,0.0,0.25199878349667415,0.0,-1.0,0.1,0.0,0.0,0.0,3.6263930797576904,57824,nan,1.0527679920196533,nan,52000,nan,nan,0,nan,nan,nan,nan,0.03317895159125328
10.830073460994754,rising,0,0.018035976216197014,-0.05037889629602432,0.1338023692369461,0.058187056332826614,-0.049461670219898224,0.20174859464168549,0.019236642867326736,-0.007408693432807922,0.1495216125665046,0.41324042328537136,57796,1.093441247635127,-0.06560280786241482,-0.02700244199499191,0.6969200039748102,0.0,0.0,0.2580004667979665,0.0,-1.0,0.1,0.0,0.0,0.0,3.6263930797576904,57796,nan,1.0327149629592896,nan,52000,nan,nan,0,nan,nan,nan,nan,0.03317895159125328
10.850412646017503,rising,0,0.018404649570584297,-0.05126339569687843,0.137393519282341,0.04285772889852524,-0.05144603177905083,0.20846520364284515,0.019236642867326736,-0.007408693432807922,0.15474272305233644,0.4149147548389324,58030,1.1376188611855511,-0.06714029784172539,-0.019857789718485064,0.9433339873794466,0.0,0.0,0.2640017180994619,0.0,-1.0,0.1,0.0,0.0,0.0,3.6263930797576904,58030,nan,1.054702639579773,nan,52000,nan,nan,0,nan,nan,nan,nan,0.03317895159125328
10.870164691004902,rising,0,0.018671028316020966,-0.05226685106754303,0.1408890336751938,0.028140515089035034,-0.051567137241363525,0.22090570628643036,0.019236642867326736,-0.007408693432807922,0.1600721938220339,0.41398460283558774,57900,1.1130765919680137,-0.06831434858082959,-0.01304881983668671,0.7632739725522697,0.0,0.0,0.269989980594255,0.0,-1.0,0.1,0.0,0.0,0.0,3.6263930797576904,57900,nan,1.0685127973556519,nan,52000,nan,nan,0,nan,nan,nan,nan,0.03317895159125328
10.89012891301536,rising,0,0.018760550767183304,-0.05357673391699791,0.146636500954628,0.013251975178718567,-0.050366614013910294,0.23360727727413177,0.019236642867326736,-0.007408693432807922,0.1655538635484768,0.4103327432664656,57389,1.0167214582180897,-0.06961208019631908,-0.005995068567188566,0.6715709751006216,0.0,0.0,0.27601375229714903,0.0,-1.0,0.1,0.0,0.0,0.0,3.6263930797576904,57389,nan,1.0706254243850708,nan,52000,nan,nan,0,nan,nan,nan,nan,0.03317895159125328
10.910346270014998,rising,0,0.018592074513435364,-0.05436812341213226,0.15069741010665894,0.0003036454727407545,-0.046575888991355896,0.2460624873638153,0.019236642867326736,-0.007408693432807922,0.17111499647669323,0.40895601004519133,57196,0.9803960434087404,-0.06876316352966044,0.0004819546596637192,0.9449550125282258,0.0,0.0,0.28199338859994894,0.0,-1.0,0.1,0.0,0.0,0.0,3.6263930797576904,57196,nan,1.0508370399475098,nan,52000,nan,nan,0,nan,nan,nan,nan,0.03317895159125328
10.930030810006429,rising,0,0.018235094845294952,-0.05532924085855484,0.15703734755516052,-0.012557020410895348,-0.04169110953807831,0.25723063945770264,0.019236642867326736,-0.007408693432807922,0.17680487566481928,0.4055517741820255,56720,0.8905745166761321,-0.06787859485218319,0.0071804600547500375,0.7024279912002385,0.0,0.0,0.28798298339825124,0.0,-1.0,0.1,0.0,0.0,0.0,3.6263930797576904,56720,nan,1.0776035785675049,nan,52000,nan,nan,0,nan,nan,nan,nan,0.03317895159125328
10.95010359500884,rising,0,0.01781812123954296,-0.055841151624917984,0.16144205629825592,-0.023764774203300476,-0.034889694303274155,0.2713375389575958,0.019236642867326736,-0.007408693432807922,0.18264218425833348,0.40327193147819695,56401,0.8304203556252485,-0.06539510029878924,0.013193375060131851,0.7131930033210665,0.0,0.0,0.29400099299673454,0.0,-1.0,0.1,0.0,0.0,0.0,3.6263930797576904,56401,nan,1.0714510679244995,nan,52000,nan,nan,0,nan,nan,nan,nan,0.03317895159125328
10.970645947003504,rising,0,0.017312249168753624,-0.05622424557805061,0.16605006158351898,-0.033589549362659454,-0.026992499828338623,0.2851720154285431,0.019236642867326736,-0.007408693432807922,0.18859228951623663,0.4010027565019136,56084,0.7705476649581406,-0.062206934789390995,0.01867344401855986,1.1325899977236986,0.0,0.0,0.3,0.0,-1.0,0.1,0.0,0.0,0.0,3.6263930797576904,56084,nan,1.0691986083984375,nan,52000,nan,nan,0,nan,nan,nan,nan,0.03317895159125328
10.990005655010464,rising,0,0.016431616619229317,-0.05655872821807861,0.17318300902843475,-0.042322494089603424,-0.018501268699765205,0.2956905961036682,0.019236642867326736,-0.007408693432807922,0.19456483802059665,0.3942783424613258,55143,0.5931224923832659,-0.05930043343003971,0.02431646145582289,0.6813560030423105,0.0,0.0,0.3,0.0,-1.0,0.1,0.0,0.0,0.0,3.6263930797576904,55143,nan,1.0471287965774536,nan,52000,nan,nan,0,nan,nan,nan,nan,0.03317895159125328
11.010238251008559,rising,0,0.015852190554142,-0.05652270466089249,0.17805887758731842,-0.04894736781716347,-0.008595822378993034,0.3060077726840973,0.019236642867326736,-0.007408693432807922,0.2005732287216233,0.3904926819334788,54614,0.4932369903292546,-0.05476199859652619,0.028540272154738977,0.8607970084995031,0.0,0.0,0.3,0.0,-1.0,0.1,0.0,0.0,0.0,3.6263930797576904,54614,nan,1.0477924346923828,nan,52000,nan,nan,0,nan,nan,nan,nan,0.03317895159125328
11.030640837998362,rising,0,0.015185130760073662,-0.05636763200163841,0.1830601841211319,-0.053562212735414505,0.002256619744002819,0.3140079081058502,0.019236642867326736,-0.007408693432807922,0.20660985301656182,0.3877348981652481,54228,0.4204722471041702,-0.04938869724568938,0.03181330348483069,1.1015580093953758,0.0,0.0,0.3,0.0,-1.0,0.1,0.0,0.0,0.0,3.6263930797576904,54228,nan,1.012595772743225,nan,52000,nan,nan,0,nan,nan,nan,nan,0.03317895159125328
11.05000479600858,rising,0,0.014196956530213356,-0.05583025515079498,0.190801203250885,-0.05619990825653076,0.013399075716733932,0.31556886434555054,0.019236642867326736,-0.007408693432807922,0.21256969142123125,0.38467183549953865,53800,0.33965265170286507,-0.04342396548244138,0.03446699219305094,0.6621030042879283,0.0,0.0,0.3,0.0,-1.0,0.1,0.0,0.0,0.0,3.6263930797576904,53800,nan,1.0396698713302612,nan,52000,nan,nan,0,nan,nan,nan,nan,0.03317895159125328
11.07031512100366,rising,0,0.01357016060501337,-0.055213723331689835,0.19600267708301544,-0.05715695396065712,0.02596013993024826,0.3230695426464081,0.019236642867326736,-0.007408693432807922,0.2185890447173733,0.38187563083488646,53409,0.265874164508876,-0.03650940333047075,0.03587797118235203,0.8497929957229644,0.0,0.0,0.3,0.0,-1.0,0.1,0.0,0.0,0.0,3.6263930797576904,53409,nan,1.0293619632720947,nan,52000,nan,nan,0,nan,nan,nan,nan,0.03317895159125328
11.090113248996204,rising,0,0.012613401748239994,-0.05404185876250267,0.20399898290634155,-0.056496527045965195,0.03917596861720085,0.32788512110710144,0.019236642867326736,-0.007408693432807922,0.22457707651774397,0.37689160760308626,52712,0.1343695937489766,-0.028727033721905743,0.03701803859447428,0.7320109871216118,0.0,0.0,0.3,0.0,-1.0,0.1,0.0,0.0,0.0,3.6263930797576904,52712,nan,1.0214333534240723,nan,52000,nan,nan,0,nan,nan,nan,nan,0.03317895159125328
11.110337997000897,rising,0,0.01208430714905262,-0.05307289958000183,0.20932281017303467,-0.05470627546310425,0.05278638377785683,0.33161139488220215,0.019236642867326736,-0.007408693432807922,0.23061238441732712,0.37585812338232216,52567,0.10710088080005598,-0.020524100493377894,0.03673006495417552,0.8162379963323474,0.0,0.0,0.3,0.0,-1.0,0.1,0.0,0.0,0.0,3.6263930797576904,52567,nan,1.0144270658493042,nan,52000,nan,nan,0,nan,nan,nan,nan,0.03317895159125328
11.130619146017125,rising,0,0.0113373389467597,-0.051159247756004333,0.21748316287994385,-0.05149773508310318,0.06613676995038986,0.33387520909309387,0.019236642867326736,-0.007408693432807922,0.23659171952167524,0.37195459249423873,52021,0.004105342855902805,-0.011495387155097583,0.03619314773058657,0.907902984181419,0.0,0.0,0.3,0.0,-1.0,0.1,0.0,0.0,0.0,3.6263930797576904,52021,nan,1.0300981998443604,nan,52000,nan,nan,0,nan,nan,nan,nan,0.03317895159125328
11.150079329003347,rising,0,0.01097028236836195,-0.04974837601184845,0.2229137122631073,-0.04769864305853844,0.07845190912485123,0.3366296589374542,0.019236642867326736,-0.007408693432807922,0.24258545491902622,0.3712572800513896,51924,-0.0142934023380068,-0.0033568091453314314,0.03460898510415644,0.6741300167050213,0.0,0.0,0.3,0.0,-1.0,0.1,0.0,0.0,0.0,3.6263930797576904,51924,nan,1.0057752132415771,nan,52000,nan,nan,0,nan,nan,nan,nan,0.03317895159125328
11.170688143000007,rising,0,0.010576732456684113,-0.04824979230761528,0.22827520966529846,-0.0432504378259182,0.09026660025119781,0.3376345634460449,0.019236642867326736,-0.007408693432807922,0.24860948012210426,0.3715803996850029,51969,-0.005767818337655939,0.004622955743469677,0.03260720607527423,1.027667021844536,0.0,0.0,0.3,0.0,-1.0,0.1,0.0,0.0,0.0,3.6263930797576904,51969,nan,0.990687906742096,nan,52000,nan,nan,0,nan,nan,nan,nan,0.03317895159125328
11.190319356013788,rising,0,0.010096090845763683,-0.045666731894016266,0.23635897040367126,-0.03881020471453667,0.10105620324611664,0.33464300632476807,0.019236642867326736,-0.007408693432807922,0.25458449401485267,0.37046551492647595,51813,-0.035184302731506634,0.01325495013044458,0.03082627093805801,0.89848498464562,0.0,0.0,0.3,0.0,-1.0,0.1,0.0,0.0,0.0,3.658064603805542,51813,nan,0.9878489971160889,nan,52000,nan,nan,0,nan,nan,nan,nan,0.03317895159125328
11.21016978501575,rising,0,0.00978687684983015,-0.04379577562212944,0.24167540669441223,-0.03451906144618988,0.11086802929639816,0.33171963691711426,0.019236642867326736,-0.007408693432807922,0.2605884648161009,0.37282798983613197,52143,0.0271501276024253,0.020444908233284508,0.028659815523849108,0.7435610168613493,0.0,0.0,0.3,0.0,-1.0,0.1,0.0,0.0,0.0,3.658064603805542,52143,nan,0.9739298820495605,nan,52000,nan,nan,0,nan,nan,nan,nan,0.03317895159125328
11.230309581995243,rising,0,0.009450508281588554,-0.040873851627111435,0.249489888548851,-0.02988860011100769,0.11978115886449814,0.3251790404319763,0.019236642867326736,-0.007408693432807922,0.26658465271466414,0.37389190101189795,52292,0.05522166258305816,0.02828432468921175,0.026460397410621228,0.8577489934395999,0.0,0.0,0.3,0.0,-1.0,0.1,0.0,0.0,0.0,3.658064603805542,52292,nan,0.9797126054763794,nan,52000,nan,nan,0,nan,nan,nan,nan,0.03317895159125328
11.2504276749969,rising,0,0.00930609367787838,-0.03874439746141434,0.2547256648540497,-0.02573663368821144,0.12756507098674774,0.31872498989105225,0.019236642867326736,-0.007408693432807922,0.2725823136192048,0.37814160472227615,52887,0.16735104808116397,0.03433914755154957,0.024119088050032156,0.9615320013836026,0.0,0.0,0.3,0.0,-1.0,0.1,0.0,0.0,0.0,3.658064603805542,52887,nan,0.978746235370636,nan,52000,nan,nan,0,nan,nan,nan,nan,0.03317895159125328
11.270299872005126,rising,0,0.009278765879571438,-0.03766461834311485,0.25726333260536194,-0.02124655246734619,0.13398770987987518,0.312817245721817,0.019236642867326736,-0.007408693432807922,0.27860734531423076,0.38551133817666294,53917,0.3618031181177539,0.038136588688988796,0.021356277488914666,0.7742810121271759,0.0,0.0,0.3,0.0,-1.0,0.1,0.0,0.0,0.0,3.658064603805542,53917,nan,0.9808337092399597,nan,52000,nan,nan,0,nan,nan,nan,nan,0.03317895159125328
11.290174649009714,rising,0,0.009315971285104752,-0.03336741775274277,0.26726698875427246,-0.016556380316615105,0.1385011225938797,0.3061576783657074,0.019236642867326736,-0.007408693432807922,0.2845936146186432,0.38392837397990354,53696,0.3200362527679026,0.04512750182184053,0.018961820577460653,0.7417660090140998,0.0,0.0,0.3,0.0,-1.0,0.1,0.0,0.0,0.0,3.658064603805542,53696,nan,0.9736570119857788,nan,52000,nan,nan,0,nan,nan,nan,nan,0.03317895159125328
11.31061328999931,rising,0,0.009397720918059349,-0.031224898993968964,0.27214470505714417,-0.01173858717083931,0.1423008143901825,0.30253010988235474,0.019236642867326736,-0.007408693432807922,0.29062594621791504,0.3872582567387178,54162,0.40789595616669416,0.048917556284476665,0.016225766188007862,1.0109829891007394,0.0,0.0,0.3,0.0,-1.0,0.1,0.0,0.0,0.0,3.658064603805542,54162,nan,0.9830723404884338,nan,52000,nan,nan,0,nan,nan,nan,nan,0.03317895159125328
11.330435531010153,rising,0,0.009538340382277966,-0.02901826798915863,0.27704399824142456,-0.006012036930769682,0.14427201449871063,0.29916098713874817,0.019236642867326736,-0.007408693432807922,0.29661387811647727,0.39036568158029716,54596,0.48988605752762915,0.05180098811033926,0.013018234337621504,0.903231994016096,0.0,0.0,0.3,0.0,-1.0,0.1,0.0,0.0,0.0,3.658064603805542,54596,nan,0.9957971572875977,nan,52000,nan,nan,0,nan,nan,nan,nan,0.03317895159125328
11.350288792018546,rising,0,0.009871997870504856,-0.025667704641819,0.28421276807785034,0.0007410877151414752,0.14469365775585175,0.29547861218452454,0.019236642867326736,-0.007408693432807922,0.3025802532181842,0.39078153080495254,54654,0.5008583325844977,0.05539441199237734,0.00920640049223076,0.861050997627899,0.0,0.0,0.3,0.0,-1.0,0.1,0.0,0.0,0.0,3.658064603805542,54654,nan,0.9908212423324585,nan,52000,nan,nan,0,nan,nan,nan,nan,0.03317895159125328
11.37015082599828,rising,0,0.010136039927601814,-0.023562150076031685,0.2889251112937927,0.00701402360573411,0.14386242628097534,0.2921510636806488,0.019236642867326736,-0.007408693432807922,0.30856939741934186,0.3940834461806474,55116,0.587980110307317,0.056646375541858966,0.005677600764905533,0.7971150043886155,0.0,0.0,0.3,0.0,-1.0,0.1,0.0,0.0,0.0,3.658064603805542,55116,nan,0.9850934743881226,nan,52000,nan,nan,0,nan,nan,nan,nan,0.03317895159125328
11.390231027005939,rising,0,0.010735301300883293,-0.02050831913948059,0.2960267961025238,0.013337497599422932,0.14128701388835907,0.28787264227867126,0.019236642867326736,-0.007408693432807922,0.3145905444165692,0.3949241297482507,55234,0.6101617347823396,0.05831662861957286,0.0018561477316680897,0.8005600247997791,0.0,0.0,0.3,0.0,-1.0,0.1,0.0,0.0,0.0,3.631671667098999,55234,nan,0.9888965487480164,nan,52000,nan,nan,0,nan,nan,nan,nan,0.03317895159125328
11.410510573012289,rising,0,0.011169352568686008,-0.018502244725823402,0.3007115423679352,0.01852901093661785,0.1379479169845581,0.28564774990081787,0.019236642867326736,-0.007408693432807922,0.3205973715172149,0.39771178316911054,55624,0.6837145954910415,0.05824639098888848,-0.0012041035841867664,0.9482809982728213,0.0,0.0,0.3,0.0,-1.0,0.1,0.0,0.0,0.0,3.631671667098999,55624,nan,0.9797696471214294,nan,52000,nan,nan,0,nan,nan,nan,nan,0.03317895159125328
11.429964311013464,rising,0,0.011882401071488857,-0.015712058171629906,0.3078078031539917,0.023654673248529434,0.13291646540164948,0.28258755803108215,0.019236642867326736,-0.007408693432807922,0.3265675989154261,0.397862996273246,55645,0.6877043871568862,0.05850118416786472,-0.004497135896372129,0.6351780029945076,0.0,0.0,0.3,0.0,-1.0,0.1,0.0,0.0,0.0,3.631671667098999,55645,nan,0.9944135546684265,nan,52000,nan,nan,0,nan,nan,nan,nan,0.03317895159125328
11.450295449991245,rising,0,0.012401064857840538,-0.01400025375187397,0.3126077651977539,0.02798580564558506,0.12697960436344147,0.2809954881668091,0.019236642867326736,-0.007408693432807922,0.3325858494150452,0.40017520718883026,55968,0.7487125907343071,0.056905493091584394,-0.007154252178585896,0.8541510032955557,0.0,0.0,0.3,0.0,-1.0,0.1,0.0,0.0,0.0,3.631671667098999,55968,nan,1.0119951963424683,nan,52000,nan,nan,0,nan,nan,nan,nan,0.03317895159125328
11.470628222014057,rising,0,0.01296654436737299,-0.012342886067926884,0.31742408871650696,0.03217925503849983,0.11932554095983505,0.2840622067451477,0.019236642867326736,-0.007408693432807922,0.33861656941880935,0.40014164291918614,55964,0.7478269899521397,0.054739173295419316,-0.009816210727563446,0.985170976491645,0.0,0.0,0.3,0.0,-1.0,0.1,0.0,0.0,0.0,3.631671667098999,55964,nan,1.010460615158081,nan,52000,nan,nan,0,nan,nan,nan,nan,0.03317895159125328
11.491184256999986,rising,0,0.01387548167258501,-0.010131203569471836,0.3246995806694031,0.03556869551539421,0.11084597557783127,0.2851862609386444,0.019236642867326736,-0.007408693432807922,0.34459530871827154,0.39794977641099305,55657,0.6899941005539052,0.05300092980060846,-0.012487514937600697,1.1593980016186833,0.0,0.0,0.3,0.0,-1.0,0.1,0.0,0.0,0.0,3.631671667098999,55657,nan,1.0046387910842896,nan,52000,nan,nan,0,nan,nan,nan,nan,0.03317895159125328
11.510245003999444,rising,0,0.014592062681913376,-0.008820830844342709,0.3295578360557556,0.03855918347835541,0.10193342715501785,0.2863140404224396,0.019236642867326736,-0.007408693432807922,0.35062274251831693,0.3988145467509333,55778,0.7128112599190839,0.049727721805895395,-0.01467904043538959,0.6989780231378973,0.0,0.0,0.3,0.0,-1.0,0.1,0.0,0.0,0.0,3.631671667098999,55778,nan,1.026066780090332,nan,52000,nan,nan,0,nan,nan,nan,nan,0.03317895159125328
11.530516104015987,rising,0,0.014957125298678875,-0.008166451007127762,0.3320337235927582,0.041184425354003906,0.09259288012981415,0.2893235683441162,0.019236642867326736,-0.007408693432807922,0.3566082717181416,0.401651815490643,56175,0.787673231943085,0.045372954522566,-0.016246322914448497,0.9693999891169369,0.0,0.0,0.3,0.0,-1.0,0.1,0.0,0.0,0.0,3.631671667098999,56175,nan,1.0117138624191284,nan,52000,nan,nan,0,nan,nan,nan,nan,0.03317895159125328
11.550443898013327,rising,0,0.016411593183875084,-0.006040036212652922,0.34212517738342285,0.043548837304115295,0.08439385145902634,0.2931881248950958,0.019236642867326736,-0.007408693432807922,0.3626093682163628,0.3946185826919444,55191,0.6020998071753123,0.04418220861960308,-0.019208962969737398,0.699483003700152,0.0,0.0,0.3,0.0,-1.0,0.1,0.0,0.0,0.0,3.631671667098999,55191,nan,1.0368845462799072,nan,52000,nan,nan,0,nan,nan,nan,nan,0.03317895159125328
11.570666208019247,rising,0,0.01713927835226059,-0.005155550315976143,0.34729018807411194,0.04630507528781891,0.07384423911571503,0.29856690764427185,0.019236642867326736,-0.007408693432807922,0.36860532001592217,0.3929342783038799,54955,0.5576590581498646,0.03989945926884181,-0.021435427525178685,1.0199870157521218,0.0,0.0,0.3,0.0,-1.0,0.1,0.0,0.0,0.0,3.631671667098999,54955,nan,1.0356321334838867,nan,52000,nan,nan,0,nan,nan,nan,nan,0.03317895159125328
11.590031430008821,rising,0,0.01831577718257904,-0.004088032990694046,0.3552275002002716,0.04817993566393852,0.06522258371114731,0.3057897984981537,0.019236642867326736,-0.007408693432807922,0.3745640697161434,0.38684424185494704,54104,0.39697208060546174,0.03717314963395843,-0.023959326767668765,0.705352023942396,0.0,0.0,0.3,0.0,-1.0,0.1,0.0,0.0,0.0,3.621114492416382,54104,nan,1.042495608329773,nan,52000,nan,nan,0,nan,nan,nan,nan,0.03317895159125328
11.610530786012532,rising,0,0.01918708346784115,-0.0035154763609170914,0.36057955026626587,0.049735937267541885,0.05647864192724228,0.3144186735153198,0.019236642867326736,-0.007408693432807922,0.3805794849147787,0.38334497974503734,53614,0.3046432650405624,0.03354612613686957,-0.02589957913865515,1.0302570008207113,0.0,0.0,0.3,0.0,-1.0,0.1,0.0,0.0,0.0,3.621114492416382,53614,nan,1.0370019674301147,nan,52000,nan,nan,0,nan,nan,nan,nan,0.03317895159125328
11.63035113501246,rising,0,0.020417189225554466,-0.0029261207673698664,0.3688143789768219,0.050752412527799606,0.04672065004706383,0.32175496220588684,0.019236642867326736,-0.007408693432807922,0.3865880262193968,0.37688197211774704,52710,0.13411535930730878,0.029566840314537955,-0.028189483308155072,0.8912890043575317,0.0,0.0,0.3,0.0,-1.0,0.1,0.0,0.0,0.0,3.621114492416382,52710,nan,1.0198078155517578,nan,52000,nan,nan,0,nan,nan,nan,nan,0.03317895159125328
11.650117507000687,rising,0,0.021301062777638435,-0.002663964405655861,0.3743327558040619,0.051258668303489685,0.037657350301742554,0.3272061347961426,0.019236642867326736,-0.007408693432807922,0.3925885626144009,0.37474541299891473,52412,0.07774176778139008,0.02517570679580385,-0.02956437924198685,0.7041459903120995,0.0,0.0,0.3,0.0,-1.0,0.1,0.0,0.0,0.0,3.621114492416382,52412,nan,1.0117653608322144,nan,52000,nan,nan,0,nan,nan,nan,nan,0.03317895159125328
11.670534689998021,rising,0,0.02217583917081356,-0.002546746050938964,0.3798823654651642,0.05130481347441673,0.028772570192813873,0.3294505774974823,0.019236642867326736,-0.007408693432807922,0.3985928085166961,0.37418180896649206,52333,0.06287094898395829,0.020587414356888472,-0.030569157405643477,0.9874730021692812,0.0,0.0,0.3,0.0,-1.0,0.1,0.0,0.0,0.0,3.621114492416382,52333,nan,0.9919970035552979,nan,52000,nan,nan,0,nan,nan,nan,nan,0.03317895159125328
11.69028408601298,rising,0,0.023343447595834732,-0.0025123353116214275,0.38829949498176575,0.05113847181200981,0.01988336257636547,0.3306124210357666,0.019236642867326736,-0.007408693432807922,0.4045677267160499,0.3705480589210463,51825,-0.033006360922263056,0.016026309163289926,-0.0320402365995176,0.9101759933400899,0.0,0.0,0.3,0.0,-1.0,0.1,0.0,0.0,0.0,3.621114492416382,51825,nan,1.0101221799850464,nan,52000,nan,nan,0,nan,nan,nan,nan,0.03317895159125328
11.710423557000468,rising,0,0.02412169612944126,-0.0025899619795382023,0.3939807415008545,0.050560757517814636,0.012359404005110264,0.3342106342315674,0.019236642867326736,-0.007408693432807922,0.41061835501459426,0.3692130186967308,51638,-0.06823169665618067,0.011922193045020634,-0.03268660929412559,0.8344959933310747,0.0,0.0,0.3,0.0,-1.0,0.1,0.0,0.0,0.0,3.621114492416382,51638,nan,1.0088194608688354,nan,52000,nan,nan,0,nan,nan,nan,nan,0.03317895159125328
11.731578119011829,rising,0,0.025253543630242348,-0.002916662022471428,0.4024457633495331,0.049203060567379,0.004789574537426233,0.3355621099472046,0.019236642867326736,-0.007408693432807922,0.4165807674144162,0.36541540031943326,51107,-0.16843270924978349,0.007542928300263608,-0.03352257886951726,0.8675350109115243,0.0,0.0,0.3,0.0,-1.0,0.1,0.0,0.0,0.0,3.621114492416382,51107,nan,0.9993550777435303,51139.981312143645,52000,51139.981312143645,nan,0,nan,nan,nan,nan,0.03317895159125328
11.7501713540114,rising,0,0.025929521769285202,-0.0031460896134376526,0.4080716073513031,0.0470174103975296,-0.0014271957334131002,0.3343121409416199,0.019236642867326736,-0.007408693432807922,0.42258040891902054,0.3665083523979349,51260,-0.1395949235373397,0.003875430731889246,-0.03296738571406577,0.7352269894909114,0.0,0.0,0.3,0.0,-1.0,0.1,0.0,0.0,0.0,3.621114492416382,51260,nan,0.996310830116272,51449.80707879872,52000,51144.11232236571,nan,0,nan,nan,nan,nan,0.03317895159125328
11.77057446501567,rising,0,0.026616157963871956,-0.0035513918846845627,0.41365817189216614,0.04397132620215416,-0.007369538769125938,0.3340734839439392,0.019236642867326736,-0.007408693432807922,0.4285717206192203,0.36713458209433664,51347,-0.12307171255048566,0.00018807330466925193,-0.03199937209862025,1.025073986966163,0.0,0.0,0.3,0.0,-1.0,0.1,0.0,0.0,0.0,3.621114492416382,51347,nan,0.9887410998344421,51931.69375542061,52000,51154.11232236571,nan,0,nan,nan,nan,nan,0.03317895159125328
11.790254510007799,rising,0,0.02754812501370907,-0.004246709402650595,0.4219214916229248,0.04006655886769295,-0.011974870227277279,0.332013338804245,0.019236642867326736,-0.007408693432807922,0.4345722867175936,0.36533862882318663,51096,-0.17045834239613278,-0.0030950104506499887,-0.0310389443163257,0.8489040192216635,0.0,0.0,0.3,0.0,-1.0,0.1,0.0,0.0,0.0,3.647507429122925,51096,nan,0.9797035455703735,52154.552498074736,52000,51164.11232236571,nan,0,nan,nan,nan,nan,0.03317895159125328
11.810186907998286,rising,0,0.028055811300873756,-0.004726181738078594,0.42736175656318665,0.03579990938305855,-0.01609906367957592,0.3280803859233856,0.019236642867326736,-0.007408693432807922,0.4405732071172679,0.36800290890920817,51469,-0.10016071479661903,-0.005836166343486101,-0.029046379761864527,0.7855549920350313,0.0,0.0,0.3,0.0,-1.0,0.1,0.0,0.0,0.0,3.647507429122925,51469,nan,0.9851545691490173,52244.59350014409,52000,51174.11232236571,nan,0,nan,nan,nan,nan,0.03317895159125328
11.83104715301306,rising,0,0.028719037771224976,-0.005470976699143648,0.4353923797607422,0.030989188700914383,-0.02028992958366871,0.32370123267173767,0.019236642867326736,-0.007408693432807922,0.44671063561982005,0.36782618071547707,51444,-0.10482372782382576,-0.008928550211818646,-0.02716507171385496,0.8510439947713166,0.0,0.0,0.3,0.0,-1.0,0.1,0.0,0.0,0.0,3.647507429122925,51444,nan,0.9732517600059509,52857.85457987299,52000,51184.11232236571,nan,0,nan,nan,nan,nan,0.03317895159125328
11.851274401997216,rising,0,0.029147857800126076,-0.006031012162566185,0.44066572189331055,0.026136107742786407,-0.022998426109552383,0.3174932897090912,0.019236642867326736,-0.007408693432807922,0.4528056054172339,0.3719545931137084,52021,0.004105359200748282,-0.01088823629889906,-0.024714423423052523,0.8126069733407348,0.0,0.0,0.3,0.0,-1.0,0.1,0.0,0.0,0.0,3.647507429122925,52021,nan,0.9710957407951355,53569.38334154888,52000,51194.11232236571,nan,0,nan,nan,nan,nan,0.03317895159125328
11.870205403014552,rising,0,0.029515450820326805,-0.0066138943657279015,0.4458213150501251,0.021378958597779274,-0.024658367037773132,0.31035327911376953,0.019236642867326736,-0.007408693432807922,0.4585901409183861,0.3763096870132294,52630,0.11901548847570886,-0.012263877433794708,-0.022290176875159773,0.7548370049335063,0.0,0.0,0.3,0.0,-1.0,0.1,0.0,0.0,0.0,3.647507429122925,52630,nan,0.9898087382316589,53171.888635804564,52000,51204.11232236571,nan,0,nan,nan,nan,nan,0.03317895159125328
11.890501093002968,rising,0,0.02978680655360222,-0.00718062836676836,0.45092859864234924,0.0169023759663105,-0.025673357769846916,0.30822351574897766,0.019236642867326736,-0.007408693432807922,0.46457821441872504,0.3784773689435738,52934,0.17621026236342452,-0.013328702269023994,-0.020083239434592892,1.001719996565953,0.0,0.0,0.3,0.0,-1.0,0.1,0.0,0.0,0.0,3.647507429122925,52934,nan,0.9809710383415222,53960.818343315026,52000,51214.11232236571,nan,0,nan,nan,nan,nan,0.03317895159125328
11.910384346992942,rising,0,0.03010876476764679,-0.007869604043662548,0.4584294855594635,0.012861435301601887,-0.025368517264723778,0.3025933802127838,0.019236642867326736,-0.007408693432807922,0.47058440762048115,0.37942585898292147,53066,0.2012363847736527,-0.01386070812520468,-0.018242087442231547,0.9100959869101644,0.0,0.0,0.3,0.0,-1.0,0.1,0.0,0.0,0.0,3.647507429122925,53066,nan,0.9705413579940796,54676.70137177576,52000,51224.11232236571,nan,0,nan,nan,nan,nan,0.03317895159125328
11.931284855003469,rising,0,0.030342213809490204,-0.00861451681703329,0.4657762944698334,0.009057232178747654,-0.024157311767339706,0.2958260476589203,0.019236642867326736,-0.007408693432807922,0.4768046802171738,0.38140110898417134,53342,0.2533537990546524,-0.013934616392725339,-0.016397317453425764,0.8521959825884551,0.0,0.0,0.3,0.0,-1.0,0.1,0.0,0.0,0.0,3.647507429122925,53342,nan,0.9556524157524109,55817.36531058984,52000,51234.11232236571,nan,0,nan,nan,nan,nan,0.03317895159125328
11.950509518006584,rising,0,0.03045813739299774,-0.00907666515558958,0.4706301987171173,0.005239847581833601,-0.022598346695303917,0.28659459948539734,0.019236642867326736,-0.007408693432807922,0.48259787221613804,0.38718894810695637,54152,0.40606723237351794,-0.013397964010975082,-0.014299881364171707,0.9117489971686155,0.0,0.0,0.3,0.0,-1.0,0.1,0.0,0.0,0.0,3.647507429122925,54152,nan,0.9794447422027588,55288.46872791705,52000,51244.11232236571,nan,0,nan,nan,nan,nan,0.03317895159125328
11.970137254014844,rising,0,0.030494213104248047,-0.009481587447226048,0.4754425585269928,0.0015492007369175553,-0.02062958851456642,0.2823489010334015,0.019236642867326736,-0.007408693432807922,0.4886050887173041,0.39080525041912334,54658,0.5014841799240966,-0.012680443537416042,-0.012315571254670088,0.6381319835782051,0.0,0.0,0.3,0.0,-1.0,0.1,0.0,0.0,0.0,3.647507429122925,54658,nan,0.9845714569091797,55514.50797851216,52000,51254.11232236571,nan,0,nan,nan,nan,nan,0.03317895159125328
11.990293656999711,rising,0,0.030462902039289474,-0.010002234019339085,0.4825447201728821,-0.0021354323253035545,-0.01794455386698246,0.2797049880027771,0.019236642867326736,-0.007408693432807922,0.49457221861812284,0.3907079140370277,54644,0.4989159376524448,-0.011841800976764036,-0.010400328002446502,0.8561090216971934,0.0,0.0,0.3,0.0,-1.0,0.1,0.0,0.0,0.0,3.6263930797576904,54644,nan,1.0003466606140137,54625.063641897366,52000,51264.11232236571,nan,0,nan,nan,nan,nan,0.03317895159125328
12.011715771019226,rising,0,0.030415872111916542,-0.010287967510521412,0.4872952401638031,-0.005948553793132305,-0.015170161612331867,0.27999207377433777,0.019236642867326736,-0.007408693432807922,0.5006339019222651,0.3922042103792415,54853,0.5383960522227298,-0.010672929746924914,-0.008368138731120078,0.9799120016396046,0.0,0.0,0.3,0.0,-1.0,0.1,0.0,0.0,0.0,3.6263930797576904,54853,nan,0.9942111968994141,55172.3820563143,52000,51274.11232236571,nan,0,nan,nan,nan,nan,0.03317895159125328
12.030237633996876,rising,0,0.030271001160144806,-0.010590346530079842,0.4943543076515198,-0.00959764514118433,-0.01246934849768877,0.27605172991752625,0.019236642867326736,-0.007408693432807922,0.5065675890160491,0.3927697809803446,54932,0.5533187593758448,-0.009590006166728586,-0.006350363937939418,0.8361870131921023,0.0,0.0,0.3,0.0,-1.0,0.1,0.0,0.0,0.0,3.6263930797576904,54932,nan,1.0002893209457397,54916.111618650146,52000,51284.11232236571,nan,0,nan,nan,nan,nan,0.03317895159125328
12.05034601900843,rising,0,0.030114972963929176,-0.010735337622463703,0.49905824661254883,-0.013132326304912567,-0.009855849668383598,0.27736175060272217,0.019236642867326736,-0.007408693432807922,0.5125800216192147,0.3937555512151706,55070,0.5793285281047638,-0.008385654442843251,-0.004380566290082433,0.8954630175139755,0.0,0.0,0.3,0.0,-1.0,0.1,0.0,0.0,0.0,3.6263930797576904,55070,nan,1.0004788637161255,55043.64159723567,52000,51294.11232236571,nan,0,nan,nan,nan,nan,0.03317895159125328
12.070683046011254,rising,0,0.02991045080125332,-0.010835893452167511,0.5037940144538879,-0.0162135548889637,-0.006755074020475149,0.27918127179145813,0.019236642867326736,-0.007408693432807922,0.5186309511162107,0.394497684114363,55174,0.5989098710913705,-0.00689972524117584,-0.002602837472887476,0.9545529901515692,0.0,0.0,0.3,0.0,-1.0,0.1,0.0,0.0,0.0,3.6263930797576904,55174,nan,1.0166897773742676,54268.2745787943,52000,51304.11232236571,nan,0,nan,nan,nan,nan,0.03317895159125328
12.09038276199135,rising,0,0.029607463628053665,-0.010774912312626839,0.510944664478302,-0.01885553076863289,-0.00349253648892045,0.28419166803359985,0.019236642867326736,-0.007408693432807922,0.5245635267172474,0.3904783225355673,54612,0.4928581143949149,-0.0052371797212436375,-0.000966051602529161,0.9736139909364283,0.0,0.0,0.3,0.0,-1.0,0.1,0.0,0.0,0.0,3.6263930797576904,54612,nan,1.0154335498809814,53781.95353738416,52000,51314.11232236571,nan,0,nan,nan,nan,nan,0.03317895159125328
12.110250177007401,rising,0,0.029337136074900627,-0.010731346905231476,0.5157379508018494,-0.020807238295674324,8.576216350775212e-05,0.2878319323062897,0.019236642867326736,-0.007408693432807922,0.5305648428213317,0.39017974166831765,54570,0.4849799912484851,-0.0033623260036856686,0.00031075518564449567,0.8857590146362782,0.0,0.0,0.3,0.0,-1.0,0.1,0.0,0.0,0.0,3.6263930797576904,54570,nan,1.0075125694274902,54163.09598103466,52000,51324.11232236571,nan,0,nan,nan,nan,nan,0.03317895159125328
12.130281206016662,rising,0,0.029103880748152733,-0.010565115138888359,0.5205689668655396,-0.022094232961535454,0.0038418909534811974,0.28820937871932983,0.019236642867326736,-0.007408693432807922,0.5365960803203051,0.3915056943626626,54756,0.5199655504660292,-0.0012622829991045862,0.0012054781349986055,0.7887259998824447,0.0,0.0,0.3,0.0,-1.0,0.1,0.0,0.0,0.0,3.6263930797576904,54756,nan,1.0028971433639526,54597.82228149092,52000,51334.11232236571,nan,0,nan,nan,nan,nan,0.03317895159125328
12.149863450002158,rising,0,0.02865142561495304,-0.010281534865498543,0.5279259085655212,-0.023257523775100708,0.007770592346787453,0.2871328592300415,0.019236642867326736,-0.007408693432807922,0.5425482888182159,0.3903032784217411,54588,0.48823953619369576,0.001037611093286366,0.0022689853373312197,0.5665270145982504,0.0,0.0,0.3,0.0,-1.0,0.1,0.0,0.0,0.0,3.6263930797576904,54588,nan,1.0083131790161133,54137.94159991601,52000,51344.11232236571,nan,0,nan,nan,nan,nan,0.03317895159125328
12.170781355001964,rising,0,0.02831212431192398,-0.00999673455953598,0.5328588485717773,-0.024297205731272697,0.012117283418774605,0.2915528118610382,0.019236642867326736,-0.007408693432807922,0.548635239622672,0.3895547902827629,54483,0.46849050878002174,0.0035636837686061464,0.0031555268709066997,1.037270005326718,0.0,0.0,0.3,0.0,-1.0,0.1,0.0,0.0,0.0,3.6263930797576904,54483,nan,1.0209323167800903,53365.92750030038,52000,51354.11232236571,nan,0,nan,nan,nan,nan,0.03317895159125328
12.190214453992667,rising,0,0.027814578264951706,-0.009475895203649998,0.5403512716293335,-0.025423690676689148,0.016130009666085243,0.296841561794281,0.019236642867326736,-0.007408693432807922,0.5545805934176314,0.38499742124653946,53845,0.3482433046580322,0.006231623249635575,0.004295013340260168,0.7983069808688015,0.0,0.0,0.3,0.0,-1.0,0.1,0.0,0.0,0.0,3.6158359050750732,53845,nan,1.0224668979644775,52661.85155450449,52000,51364.11232236571,nan,0,nan,nan,nan,nan,0.03317895159125328
12.21027662101551,rising,0,0.02748175524175167,-0.009089585393667221,0.545330822467804,-0.026532979682087898,0.019524144008755684,0.29912111163139343,0.019236642867326736,-0.007408693432807922,0.5605867209174903,0.3851638985178914,53869,0.35263584479924326,0.008392671097184674,0.0052148191924050735,0.7787359936628491,0.0,0.0,0.3,0.0,-1.0,0.1,0.0,0.0,0.0,3.6158359050750732,53869,nan,1.0192795991897583,52850.071798573554,52000,51374.11232236571,nan,0,nan,nan,nan,nan,0.03317895159125328
12.230628171004355,rising,0,0.02690206468105316,-0.008328989148139954,0.5529797077178955,-0.0274980328977108,0.02242518961429596,0.302723228931427,0.019236642867326736,-0.007408693432807922,0.5665949706191895,0.3813368475908146,53333,0.2516582477787477,0.010796448000539432,0.0063813774756833475,1.0803540062624961,0.0,0.0,0.3,0.0,-1.0,0.1,0.0,0.0,0.0,3.6158359050750732,53333,nan,1.0277302265167236,51893.96849867989,52000,51381.043738049906,nan,0,nan,nan,nan,nan,0.03317895159125328
12.25061141201877,rising,0,0.026535872370004654,-0.007789410650730133,0.5581076145172119,-0.028422243893146515,0.025068236514925957,0.3067254424095154,0.019236642867326736,-0.007408693432807922,0.5726029833225766,0.3804614858249536,53211,0.22856163126526496,0.012778221348241867,0.007266915086782788,1.0189670138061047,0.0,0.0,0.3,0.0,-1.0,0.1,0.0,0.0,0.0,3.6158359050750732,53211,nan,1.02841055393219,51741.00926574948,52000,51385.843278419234,nan,0,nan,nan,nan,nan,0.03317895159125328
12.270619723014534,rising,0,0.02619207091629505,-0.007220244035124779,0.5632643103599548,-0.029036745429039,0.02760889381170273,0.3106834888458252,0.019236642867326736,-0.007408693432807922,0.5785867029218934,0.3795437896063051,53083,0.20434801072044984,0.014748072265786463,0.007970647871241576,1.066105003701523,0.0,0.0,0.3,0.0,-1.0,0.1,0.0,0.0,0.0,3.6158359050750732,53083,nan,1.0107961893081665,52516.0270304663,52000,51395.843278419234,nan,0,nan,nan,nan,nan,0.03317895159125328
12.290357763005886,rising,0,0.025640403851866722,-0.006276077590882778,0.5710111260414124,-0.029030978679656982,0.030117487534880638,0.3116662800312042,0.019236642867326736,-0.007408693432807922,0.5845729194203159,0.37688149805593035,52710,0.13410285107995534,0.017186045889302184,0.008609420847410787,0.9218979976139963,0.0,0.0,0.3,0.0,-1.0,0.1,0.0,0.0,0.0,3.6158359050750732,52710,nan,1.0050731897354126,52443.94193210547,52000,51405.843278419234,nan,0,nan,nan,nan,nan,0.03317895159125328
12.310417694010539,rising,0,0.0252063125371933,-0.005615184083580971,0.576204776763916,-0.028710873797535896,0.032949455082416534,0.31353986263275146,0.019236642867326736,-0.007408693432807922,0.5905870179180056,0.37700077625011996,52727,0.13725003298469396,0.0193846860370609,0.008897464834293212,0.9126359946094453,0.0,0.0,0.3,0.0,-1.0,0.1,0.0,0.0,0.0,3.6158359050750732,52727,nan,1.0013245344161987,52657.25365527109,52000,51415.843278419234,nan,0,nan,nan,nan,nan,0.03317895159125328
12.330243611999322,rising,0,0.024645963683724403,-0.004504717420786619,0.5839897394180298,-0.027873089537024498,0.03577573224902153,0.31331881880760193,0.019236642867326736,-0.007408693432807922,0.5965781331149628,0.3749036072633825,52434,0.08191575892829661,0.022186405489593494,0.009098169695470393,0.8023929840419441,0.0,0.0,0.3,0.0,-1.0,0.1,0.0,0.0,0.0,3.6158359050750732,52434,nan,1.00027596950531,52419.53380718665,52000,51425.843278419234,nan,0,nan,nan,nan,nan,0.03317895159125328
12.350596778996987,rising,0,0.02425512857735157,-0.0037277378141880035,0.5892037749290466,-0.026557624340057373,0.03852144628763199,0.31288638710975647,0.019236642867326736,-0.007408693432807922,0.6026022789214039,0.37616454661293974,52610,0.11518592646278947,0.024398727074722827,0.008783850320469133,1.0005460062529892,0.0,0.0,0.3,0.0,-1.0,0.1,0.0,0.0,0.0,3.6158359050750732,52610,nan,0.9998131990432739,52619.82943448112,52000,51435.843278419234,nan,0,nan,nan,nan,nan,0.03317895159125328
12.371102039993275,rising,0,0.0239094290882349,-0.002926645101979375,0.5943526029586792,-0.025442468002438545,0.04042945057153702,0.31264013051986694,0.019236642867326736,-0.007408693432807922,0.6086365920200478,0.3774253884174086,52786,0.1484535202482462,0.026177881939459753,0.008529945921975424,1.3014019932597876,0.0,0.0,0.3,0.0,-1.0,0.1,0.0,0.0,0.0,3.6158359050750732,52786,nan,0.9944690465927124,53079.58068766182,52000,51445.843278419234,nan,0,nan,nan,nan,nan,0.03317895159125328
12.390249296004185,rising,0,0.02340066060423851,-0.0018077476415783167,0.6021108627319336,-0.024130016565322876,0.04187702387571335,0.3106314241886139,0.019236642867326736,-0.007408693432807922,0.6145676790212746,0.3761782928193345,52612,0.11554862320143755,0.028224827515038818,0.008401424159226956,0.8568079792894423,0.0,0.0,0.3,0.0,-1.0,0.1,0.0,0.0,0.0,3.6263930797576904,52612,nan,0.9971792101860046,52760.82720395488,52000,51455.843278419234,nan,0,nan,nan,nan,nan,0.03317895159125328
12.410128204996,rising,0,0.02303394302725792,-0.0009850577916949987,0.607287585735321,-0.02266647480428219,0.042867764830589294,0.3087369501590729,0.019236642867326736,-0.007408693432807922,0.6205861464201007,0.3782041152163517,52895,0.16900040148685136,0.02946814602263879,0.00797031732606035,0.6913979887031019,0.0,0.0,0.3,0.0,-1.0,0.1,0.0,0.0,0.0,3.6263930797576904,52895,nan,0.9901522397994995,53421.077965456054,52000,51465.843278419234,nan,0,nan,nan,nan,nan,0.03317895159125328
12.430301537009655,rising,0,0.022548429667949677,0.0002819782239384949,0.6149550080299377,-0.02127763256430626,0.04333242028951645,0.30606335401535034,0.019236642867326736,-0.007408693432807922,0.6266047650162363,0.3775094126344263,52798,0.15067051805873888,0.03111181042720687,0.007763624261067248,0.7683000003453344,0.0,0.0,0.3,0.0,-1.0,0.1,0.0,0.0,0.0,3.6263930797576904,52798,nan,0.9762275218963623,54083.703661045845,52000,51475.843278419234,nan,0,nan,nan,nan,nan,0.03317895159125328
12.45079460600391,rising,0,0.02227814681828022,0.0011283927597105503,0.6200602054595947,-0.02019578404724598,0.042988888919353485,0.3039011061191559,0.019236642867326736,-0.007408693432807922,0.6326493954169564,0.37978387796671487,53116,0.2106827959555364,0.03163627744452904,0.007432072231838616,1.0320800065528601,0.0,0.0,0.3,0.0,-1.0,0.1,0.0,0.0,0.0,3.6263930797576904,53116,nan,0.9959651231765747,53331.18476135942,52000,51485.843278419234,nan,0,nan,nan,nan,nan,0.03317895159125328
12.470841770002153,rising,0,0.022000784054398537,0.0019453049171715975,0.6250407099723816,-0.018932050094008446,0.041901323944330215,0.3002338111400604,0.019236642867326736,-0.007408693432807922,0.6386709684156813,0.3829332664280002,53557,0.29378011683377636,0.03166135660460795,0.007000633467777906,1.013119996059686,0.0,0.0,0.3,0.0,-1.0,0.1,0.0,0.0,0.0,3.6263930797576904,53557,nan,0.9952301979064941,53813.680606415735,52000,51495.843278419234,nan,0,nan,nan,nan,nan,0.03317895159125328
12.490719562018057,rising,0,0.021591059863567352,0.003093872917816043,0.6325759291648865,-0.01741950213909149,0.04056872799992561,0.2986231744289398,0.019236642867326736,-0.007408693432807922,0.6445899597194511,0.38173617449584085,53389,0.262194577726671,0.03226621730065554,0.006659448564553472,1.0791489912662655,0.0,0.0,0.3,0.0,-1.0,0.1,0.0,0.0,0.0,3.6263930797576904,53389,nan,0.9828434586524963,54320.959792719885,52000,51505.843278419234,nan,0,nan,nan,nan,nan,0.03317895159125328
12.510340441018343,rising,0,0.021334640681743622,0.0038406499661505222,0.637610673904419,-0.015772439539432526,0.039040226489305496,0.2947334945201874,0.019236642867326736,-0.007408693432807922,0.6506119149154983,0.3849246561519186,53835,0.34632338131711293,0.031980553528873606,0.006014950474653835,0.7665300217922777,0.0,0.0,0.3,0.0,-1.0,0.1,0.0,0.0,0.0,3.6263930797576904,53835,nan,0.9810472726821899,54875.03150874141,52000,51515.843278419234,nan,0,nan,nan,nan,nan,0.03317895159125328
12.530852166004479,rising,0,0.021092766895890236,0.004580923356115818,0.6426153779029846,-0.013738489709794521,0.03695517033338547,0.29180386662483215,0.019236642867326736,-0.007408693432807922,0.6566273424163228,0.3876598975929095,54218,0.418493340182307,0.03144264401223001,0.005172723011688252,1.1256209982093424,0.0,0.0,0.3,0.0,-1.0,0.1,0.0,0.0,0.0,3.6263930797576904,54218,nan,0.9923592805862427,54635.454175397404,52000,51525.843278419234,nan,0,nan,nan,nan,nan,0.03317895159125328
12.550428207003279,rising,0,0.020786909386515617,0.005600382573902607,0.6500425338745117,-0.011719396337866783,0.03450506553053856,0.290950208902359,0.019236642867326736,-0.007408693432807922,0.6626132505218265,0.3862944870310155,54027,0.38246667628009057,0.03134071619396398,0.0044623426907561825,0.849464995553717,0.0,0.0,0.3,0.0,-1.0,0.1,0.0,0.0,0.0,3.6263930797576904,54027,nan,0.9866746068000793,54756.65394411735,52000,51535.843278419234,nan,0,nan,nan,nan,nan,0.03317895159125328
12.570849289011676,rising,0,0.02060333639383316,0.0062150196172297,0.654940128326416,-0.00970078818500042,0.03186583146452904,0.28893259167671204,0.019236642867326736,-0.007408693432807922,0.6686774025147315,0.3887639928744904,54372,0.44762514180713353,0.030415755517934094,0.003584393708831124,1.058257999829948,0.0,0.0,0.3,0.0,-1.0,0.1,0.0,0.0,0.0,3.6263930797576904,54372,nan,1.0059720277786255,54049.21657718809,52000,51545.843278419234,nan,0,nan,nan,nan,nan,0.03317895159125328
12.590487358014798,rising,0,0.020335085690021515,0.007065671030431986,0.6623463034629822,-0.007989899255335331,0.028599252924323082,0.2890448272228241,0.019236642867326736,-0.007408693432807922,0.6746068542153807,0.3868649069392836,54107,0.397517333490331,0.02975546856853914,0.0029948553956626878,0.9355069778393954,0.0,0.0,0.3,0.0,-1.0,0.1,0.0,0.0,0.0,3.6158359050750732,54107,nan,0.9958427548408508,54332.87508191696,52000,51555.843278419234,nan,0,nan,nan,nan,nan,0.03317895159125328
12.611158743005944,rising,0,0.02019442431628704,0.007581252604722977,0.6673194766044617,-0.006631869822740555,0.02469659224152565,0.28946197032928467,0.019236642867326736,-0.007408693432807922,0.6806324610224692,0.38796749569808026,54261,0.4266093851736201,0.028189932850327913,0.002431292117824224,1.4494959905277938,0.0,0.0,0.3,0.0,-1.0,0.1,0.0,0.0,0.0,3.6158359050750732,54261,nan,1.0043318271636963,54026.96452748777,52000,51565.843278419234,nan,0,nan,nan,nan,nan,0.03317895159125328
12.63084479700774,rising,0,0.01998126693069935,0.008248277008533478,0.6747739911079407,-0.005276387091726065,0.02048325538635254,0.28988808393478394,0.019236642867326736,-0.007408693432807922,0.6866851812170353,0.3859985995536667,53985,0.3746596188302558,0.026841297444506595,0.00196225654690263,0.6676339835394174,0.0,0.0,0.3,0.0,-1.0,0.1,0.0,0.0,0.0,3.6158359050750732,53985,nan,1.001678228378296,53894.552632336854,52000,51575.843278419234,nan,0,nan,nan,nan,nan,0.03317895159125328
12.6511178050132,rising,0,0.019834667444229126,0.008662761189043522,0.6797106266021729,-0.004020832013338804,0.01618822291493416,0.29164841771125793,0.019236642867326736,-0.007408693432807922,0.6926348979148316,0.38637927085064044,54039,0.38470371637573564,0.025020093174388594,0.0014621818918330032,1.3618920056615025,0.0,0.0,0.3,0.0,-1.0,0.1,0.0,0.0,0.0,3.6158359050750732,54039,nan,0.991216242313385,54517.87177526386,52000,51585.843278419234,nan,0,nan,nan,nan,nan,0.03317895159125328
12.671524272009265,rising,0,0.019668683409690857,0.009162922389805317,0.6872169375419617,-0.0028744051232934,0.011903850361704826,0.29268670082092285,0.019236642867326736,-0.007408693432807922,0.698759956221329,0.3841296411398985,53724,0.32534673192344243,0.02345626732036101,0.001046690591057775,0.8209549996536225,0.0,0.0,0.3,0.0,-1.0,0.1,0.0,0.0,0.0,3.6158359050750732,53724,nan,1.0144261121749878,52959.99319734846,52000,51595.843278419234,nan,0,nan,nan,nan,nan,0.03317895159125328
12.69037774699973,rising,0,0.019569724798202515,0.009376555681228638,0.6922167539596558,-0.001642068033106625,0.007545467931777239,0.2951684594154358,0.019236642867326736,-0.007408693432807922,0.704594708114746,0.3839270547496867,53696,0.32000144458276125,0.02142027519402086,0.0005083800171510333,0.880737992702052,0.0,0.0,0.3,0.0,-1.0,0.1,0.0,0.0,0.0,3.6158359050750732,53696,nan,1.003604769706726,53503.13352505396,52000,51605.843278419234,nan,0,nan,nan,nan,nan,0.03317895159125328
12.71048018601141,rising,0,0.019526999443769455,0.009549792855978012,0.6971914172172546,-0.00017096372903324664,0.003501069964841008,0.2967304289340973,0.019236642867326736,-0.007408693432807922,0.7106144769175444,0.38445060302774536,53769,0.3338153833178179,0.01946695182149135,-0.00021316102704904694,0.9211290162056684,0.0,0.0,0.3,0.0,-1.0,0.1,0.0,0.0,0.0,3.6158359050750732,53769,nan,0.9950723648071289,54035.26607878598,52000,51615.843278419234,nan,0,nan,nan,nan,nan,0.03317895159125328
12.73028716200497,rising,0,0.019412729889154434,0.00976781826466322,0.7047812938690186,0.0011467015137895942,-0.00017896421195473522,0.2974083721637726,0.019236642867326736,-0.007408693432807922,0.7165787835227093,0.3820798683486185,53437,0.2712630171139434,0.01788939716091336,-0.0007845876401193497,0.8492899942211807,0.0,0.0,0.3,0.0,-1.0,0.1,0.0,0.0,0.0,3.6158359050750732,53437,nan,1.0055809020996094,53140.4284711711,52000,51625.843278419234,nan,0,nan,nan,nan,nan,0.03317895159125328
12.750768118014093,rising,0,0.019323844462633133,0.00978991948068142,0.7098581194877625,0.002422051038593054,-0.003913117107003927,0.2994922995567322,0.019236642867326736,-0.007408693432807922,0.7226329767145216,0.3822601106158706,53463,0.27601874975911755,0.015950097117706973,-0.0013584755278961413,1.0036889871116728,0.0,0.0,0.3,0.0,-1.0,0.1,0.0,0.0,0.0,3.6158359050750732,53463,nan,1.0206314325332642,52382.278554073,52000,51635.843278419234,nan,0,nan,nan,nan,nan,0.03317895159125328
12.77082274001441,rising,0,0.01927018351852894,0.009784191846847534,0.7149051427841187,0.0034191433805972338,-0.007611332926899195,0.30088165402412415,0.019236642867326736,-0.007408693432807922,0.7286395140195964,0.38276767821642044,53534,0.28941103473404794,0.013990395234970261,-0.0018215888171317918,1.0494559828657657,0.0,0.0,0.3,0.0,-1.0,0.1,0.0,0.0,0.0,3.6158359050750732,53534,nan,0.9908604025840759,54027.79227062468,52000,51645.843278419234,nan,0,nan,nan,nan,nan,0.03317895159125328
12.790044515015325,rising,0,0.019179895520210266,0.009757373481988907,0.7225212454795837,0.003843138925731182,-0.011286790482699871,0.30119889974594116,0.019236642867326736,-0.007408693432807922,0.7345931844174629,0.3805336377315901,53221,0.2304653755036945,0.012112438349464731,-0.001960219150261233,0.6041500018909574,0.0,0.0,0.3,0.0,-1.0,0.1,0.0,0.0,0.0,3.6158359050750732,53221,nan,0.9860389232635498,53974.54273290895,52000,51655.843278419234,nan,0,nan,nan,nan,nan,0.03317895159125328
12.810910877014976,rising,0,0.019116399809718132,0.009612455032765865,0.727634072303772,0.003933669999241829,-0.014456541277468204,0.3002558946609497,0.019236642867326736,-0.007408693432807922,0.7406021211209008,0.3821303921579668,53444,0.27259609915479466,0.010251021992796514,-0.0019329455388059635,1.3253320066723973,0.0,0.0,0.3,0.0,-1.0,0.1,0.0,0.0,0.0,3.6158359050750732,53444,nan,1.0133020877838135,52742.415755687456,52000,51665.843278419234,nan,0,nan,nan,nan,nan,0.03317895159125328
12.830995674012229,rising,0,0.019014090299606323,0.009520879946649075,0.7327156662940979,0.004090695641934872,-0.017644913867115974,0.30201849341392517,0.019236642867326736,-0.007408693432807922,0.746638341320795,0.3824499503264718,53489,0.28102771309951713,0.008479256770754647,-0.001906441724838226,1.2678159982897341,0.0,0.0,0.3,0.0,-1.0,0.1,0.0,0.0,0.0,3.6158359050750732,53489,nan,1.019235610961914,52479.52428734236,52000,51675.843278419234,nan,0,nan,nan,nan,nan,0.03317895159125328
12.850493017991539,rising,0,0.018936248496174812,0.009168737567961216,0.7403416633605957,0.004219073336571455,-0.020404476672410965,0.30306315422058105,0.019236642867326736,-0.007408693432807922,0.7526174958213232,0.3798761476074661,53129,0.21311735112047536,0.006712979643258462,-0.0019049823504269092,0.8777719922363758,0.0,0.0,0.3,0.0,-1.0,0.1,0.0,0.0,0.0,3.6158359050750732,53129,nan,0.9911101460456848,53605.54547037302,52000,51685.843278419234,nan,0,nan,nan,nan,nan,0.03317895159125328
12.870820859010564,rising,0,0.018830014392733574,0.008918629959225655,0.7454441785812378,0.00396883487701416,-0.02267325110733509,0.30262547731399536,0.019236642867326736,-0.007408693432807922,0.7586180373153184,0.3812271933017434,53318,0.24876499476895297,0.005236486350544798,-0.0016554849311125608,1.1180319997947663,0.0,0.0,0.3,0.0,-1.0,0.1,0.0,0.0,0.0,3.6158359050750732,53318,nan,1.005662441253662,53017.78987940885,52000,51695.843278419234,nan,0,nan,nan,nan,nan,0.03317895159125328
12.89108598200255,rising,0,0.0186605267226696,0.008526517078280449,0.7530931830406189,0.0035609486512839794,-0.024723701179027557,0.30279794335365295,0.019236642867326736,-0.007408693432807922,0.7646375145151978,0.3791128469522082,53022,0.19297749214269544,0.0037702455097808913,-0.0012707124169302197,1.3454660074785352,0.0,0.0,0.3,0.0,-1.0,0.1,0.0,0.0,0.0,3.6158359050750732,53022,nan,0.9940715432167053,53338.21329240216,52000,51705.843278419234,nan,0,nan,nan,nan,nan,0.03317895159125328
12.911095484014368,rising,0,0.01853414811193943,0.00820949673652649,0.7582095861434937,0.0032363375648856163,-0.026851212605834007,0.30211371183395386,0.019236642867326736,-0.007408693432807922,0.7706928843166679,0.38063934042516434,53236,0.2332543647800609,0.00230410952172662,-0.0009622485866436215,1.142527995398268,0.0,0.0,0.3,0.0,-1.0,0.1,0.0,0.0,0.0,3.6158359050750732,53236,nan,0.9937046766281128,53573.2610020947,52000,51715.843278419234,nan,0,nan,nan,nan,nan,0.03317895159125328
12.931528145010816,rising,0,0.018351884558796883,0.007707145530730486,0.765834629535675,0.0028169269207865,-0.028443412855267525,0.3027473986148834,0.019236642867326736,-0.007408693432807922,0.7766248911182629,0.37821603206255333,52897,0.16931483014652393,0.0009456318405477961,-0.0005538688307669126,1.467080001020804,0.0,0.0,0.3,0.0,-1.0,0.1,0.0,0.0,0.0,3.6158359050750732,52897,nan,1.0083086490631104,52461.118972995304,52000,51725.780287680245,nan,0,nan,nan,nan,nan,0.03317895159125328
12.950726048002252,rising,0,0.018206605687737465,0.007302976679056883,0.7709707021713257,0.002028038026764989,-0.029387477785348892,0.3037312626838684,0.019236642867326736,-0.007408693432807922,0.782647574719158,0.3788438136123979,52985,0.18587898713450812,1.893257173505207e-05,1.6912686053860426e-05,0.9783529967535287,0.0,0.0,0.3,0.0,-1.0,0.1,0.0,0.0,0.0,3.6158359050750732,52985,nan,1.0011613368988037,52923.53794257205,52000,51735.780287680245,nan,0,nan,nan,nan,nan,0.03317895159125328
12.972018147993367,rising,0,0.01804198883473873,0.006881425157189369,0.7760761380195618,0.001663403701968491,-0.030269253998994827,0.30278563499450684,0.019236642867326736,-0.007408693432807922,0.7888713636202738,0.3807275414165615,53248,0.23558156771929895,-0.0008872576736220436,0.00038132485929365245,1.4349529810715467,0.0,0.0,0.3,0.0,-1.0,0.1,0.0,0.0,0.0,3.6158359050750732,53248,nan,0.9971442818641663,53400.49676708028,52000,51745.780287680245,nan,0,nan,nan,nan,nan,0.03317895159125328
12.990800764004234,rising,0,0.017776919528841972,0.006237521767616272,0.7836663722991943,0.0010443946812301874,-0.03143457695841789,0.3019011914730072,0.019236642867326736,-0.007408693432807922,0.794671491914778,0.3789440493722372,52999,0.1885237301381828,-0.00218615486489011,0.0009896196047411987,0.9761120018083602,0.0,0.0,0.3,0.0,-1.0,0.1,0.0,0.0,0.0,3.621114492416382,52999,nan,1.0125452280044556,52342.353244260994,52000,51753.73459376799,nan,0,nan,nan,nan,nan,0.03317895159125328
13.01050674499129,rising,0,0.017600027844309807,0.005733978468924761,0.7887921929359436,9.052755194716156e-05,-0.032052382826805115,0.3046054542064667,0.019236642867326736,-0.007408693432807922,0.8006302539171883,0.3786461334455624,52957,0.1806631515979511,-0.0030461455072559127,0.0016810967877711747,0.8478020026814193,0.0,0.0,0.3,0.0,-1.0,0.1,0.0,0.0,0.0,3.621114492416382,52957,nan,0.9933544993400574,53311.28014740194,52000,51763.73459376799,nan,0,nan,nan,nan,nan,0.03317895159125328
13.030854960990837,rising,0,0.017285635694861412,0.005172058939933777,0.7963299751281738,-0.0007274462841451168,-0.03207079693675041,0.3020583689212799,0.019236642867326736,-0.007408693432807922,0.8066242308181245,0.3780015817637787,52867,0.163656510917642,-0.003655713965958143,0.002449442267812074,1.1514540237840265,0.0,0.0,0.3,0.0,-1.0,0.1,0.0,0.0,0.0,3.621114492416382,52867,nan,0.9669355750083923,54674.7905097412,52000,51773.73459376799,nan,0,nan,nan,nan,nan,0.03317895159125328
13.050953722995473,rising,0,0.017121797427535057,0.004650058690458536,0.8014454245567322,-0.0011604975443333387,-0.03196427971124649,0.29745423793792725,0.019236642867326736,-0.007408693432807922,0.812588510120986,0.38137692048040317,53339,0.2527155799578651,-0.004114999381242199,0.0028267025677852775,1.0228260071016848,0.0,0.0,0.3,0.0,-1.0,0.1,0.0,0.0,0.0,3.621114492416382,53339,nan,1.0014231204986572,53263.20004818735,52000,51783.73459376799,nan,0,nan,nan,nan,nan,0.03317895159125328
13.070951861009235,rising,0,0.01676153764128685,0.004085327032953501,0.808906614780426,-0.0015477350680157542,-0.03126239776611328,0.29597392678260803,0.019236642867326736,-0.007408693432807922,0.8187042177160038,0.38044608668846736,53209,0.22815532159544283,-0.0043498574405962,0.0034159679306560164,0.6191660067997873,0.0,0.0,0.3,0.0,-1.0,0.1,0.0,0.0,0.0,3.621114492416382,53209,nan,0.9921061992645264,53632.36318797845,52000,51793.73459376799,nan,0,nan,nan,nan,nan,0.03317895159125328
13.090432947996305,rising,0,0.016553152352571487,0.003656157525256276,0.8139927983283997,-0.0018663746304810047,-0.02965855412185192,0.2968427538871765,0.019236642867326736,-0.007408693432807922,0.824584540820797,0.3810148422821646,53288,0.24316206549246822,-0.003952038208855018,0.0037968983027349967,0.9585079969838262,0.0,0.0,0.3,0.0,-1.0,0.1,0.0,0.0,0.0,3.621114492416382,53288,nan,1.0029566287994385,53130.91161657402,52000,51803.73459376799,nan,0,nan,nan,nan,nan,0.03317895159125328
13.110495211993111,rising,0,0.016383709385991096,0.0032350141555070877,0.8188795447349548,-0.0018033351516351104,-0.027613485231995583,0.2974916398525238,0.019236642867326736,-0.007408693432807922,0.83061254582135,0.38212802951684716,53444,0.27253376033897325,-0.0033110004938997567,0.0039302123195397165,0.8884500130079687,0.0,0.0,0.3,0.0,-1.0,0.1,0.0,0.0,0.0,3.621114492416382,53444,nan,1.0036594867706299,53249.135493115464,52000,51813.73459376799,nan,0,nan,nan,nan,nan,0.03317895159125328
13.130969660007395,rising,0,0.016171157360076904,0.002773554529994726,0.8239173293113708,-0.001963702030479908,-0.025186901912093163,0.29755768179893494,0.019236642867326736,-0.007408693432807922,0.8366268942219903,0.38332800910257475,53612,0.3041954908331057,-0.002516097946948419,0.004223378890574114,1.2369299947749823,0.0,0.0,0.3,0.0,-1.0,0.1,0.0,0.0,0.0,3.621114492416382,53612,nan,1.0015267133712769,53530.27461397872,52000,51823.73459376799,nan,0,nan,nan,nan,nan,0.03317895159125328
13.150348541006679,rising,0,0.015761220827698708,0.0023117344826459885,0.8313534259796143,-0.001638985937461257,-0.02333858236670494,0.29757028818130493,0.019236642867326736,-0.007408693432807922,0.8425843806209741,0.3814847067983918,53354,0.2555595461317086,-0.0020434731475302975,0.004503383175257891,0.8566789911128581,0.0,0.0,0.3,0.0,-1.0,0.1,0.0,0.0,0.0,3.621114492416382,53354,nan,1.0006167888641357,53321.11213181377,52000,51833.73459376799,nan,0,nan,nan,nan,nan,0.03317895159125328
13.170539628015831,rising,0,0.015379142947494984,0.0018237687181681395,0.8388211727142334,-0.0023646443150937557,-0.022032836452126503,0.29696986079216003,0.019236642867326736,-0.007408693432807922,0.8487044355162652,0.38011153973966955,53162,0.2193282253210942,-0.0018773249701197533,0.005303544014728434,0.6877609994262457,0.0,0.0,0.3,0.0,-1.0,0.1,0.0,0.0,0.0,3.621114492416382,53162,nan,1.0111955404281616,52573.4122378448,52000,51843.59696235568,nan,0,nan,nan,nan,nan,0.03317895159125328
13.190101479995064,rising,0,0.01514159794896841,0.0014979185070842505,0.8437320590019226,-0.0028710057958960533,-0.020021114498376846,0.29931020736694336,0.019236642867326736,-0.007408693432807922,0.8545828635164071,0.3801623219150611,53169,0.22066812440794337,-0.0011615714504264628,0.005819176400110537,0.6836449902039021,0.0,0.0,0.3,0.0,-1.0,0.1,0.0,0.0,0.0,3.6105573177337646,53169,nan,1.001275897026062,53101.24827524543,52000,51853.59696235568,nan,0,nan,nan,nan,nan,0.03317895159125328
13.210273161006626,rising,0,0.01487011183053255,0.0012193673755973577,0.8486778140068054,-0.0031219380907714367,-0.018202658742666245,0.29959577322006226,0.019236642867326736,-0.007408693432807922,0.8605865613208152,0.38135460078899563,53336,0.2521266698943432,-0.0004964174851846601,0.006217350737033334,0.798085005953908,0.0,0.0,0.3,0.0,-1.0,0.1,0.0,0.0,0.0,3.6105573177337646,53336,nan,0.9946646094322205,53622.094818921454,52000,51863.59696235568,nan,0,nan,nan,nan,nan,0.03317895159125328
13.230768281006021,rising,0,0.014432753436267376,0.0008916291990317404,0.8560859560966492,-0.003726755967363715,-0.016395889222621918,0.29819872975349426,0.019236642867326736,-0.007408693432807922,0.8666253201197833,0.3803538671161193,53196,0.22572208749654976,0.00010766872250899667,0.007011704229213489,1.0424729844089597,0.0,0.0,0.3,0.0,-1.0,0.1,0.0,0.0,0.0,3.6105573177337646,53196,nan,1.0058635473251343,52885.90101655705,52000,51873.59696235568,nan,0,nan,nan,nan,nan,0.03317895159125328
13.251338168018265,rising,0,0.014177792705595493,0.0005990591598674655,0.8610252737998962,-0.003925951197743416,-0.014841901138424873,0.2984444797039032,0.019236642867326736,-0.007408693432807922,0.8727013950207038,0.38166466999646487,53379,0.2603079154740051,0.0006150089300978811,0.0073592236269710565,1.3521969958674163,0.0,0.0,0.3,0.0,-1.0,0.1,0.0,0.0,0.0,3.6105573177337646,53379,nan,1.0001033544540405,53373.483612740965,52000,51883.59696235568,nan,0,nan,nan,nan,nan,0.03317895159125328
13.271369352005422,rising,0,0.013859987258911133,0.0004681695718318224,0.8659505248069763,-0.003987018018960953,-0.013469956815242767,0.2966177463531494,0.019236642867326736,-0.007408693432807922,0.8787950955185806,0.38405262260375617,53713,0.3233145805740403,0.0011893354636975948,0.007676278266128156,1.1146340111736208,0.0,0.0,0.3,0.0,-1.0,0.1,0.0,0.0,0.0,3.6105573177337646,53713,nan,0.9974234104156494,53851.7538681156,52000,51893.59696235568,nan,0,nan,nan,nan,nan,0.03317895159125328
13.290626364003401,rising,0,0.013394626788794994,0.00021785649005323648,0.8732637166976929,-0.0038053011521697044,-0.012011023238301277,0.29713186621665955,0.019236642867326736,-0.007408693432807922,0.8846233482152457,0.3819522749599694,53420,0.2678964369385053,0.0016976910560973064,0.008110700812469895,0.9674429893493652,0.0,0.0,0.3,0.0,-1.0,0.1,0.0,0.0,0.0,3.6105573177337646,53420,nan,1.0169851779937744,52527.80586771444,52000,51902.0530810938,nan,0,nan,nan,nan,nan,0.03317895159125328
13.310726229014108,rising,0,0.013130761682987213,8.048408199101686e-05,0.8781695365905762,-0.003947406075894833,-0.01038315985351801,0.2978309094905853,0.019236642867326736,-0.007408693432807922,0.8906267700192985,0.3829888383465132,53565,0.2952463943671013,0.002399737403018243,0.008438554134456933,0.9710610029287636,0.0,0.0,0.3,0.0,-1.0,0.1,0.0,0.0,0.0,3.6105573177337646,53565,nan,0.9997538924217224,53578.18599760438,52000,51912.0530810938,nan,0,nan,nan,nan,nan,0.03317895159125328
13.331149353005458,rising,0,0.01280484814196825,-7.119355723261833e-05,0.883016049861908,-0.0034705144353210926,-0.008782938122749329,0.2961990237236023,0.019236642867326736,-0.007408693432807922,0.896673530121916,0.3853196591059396,53891,0.3567456228480097,0.0030583866912411856,0.008478311027747765,1.2739290250465274,0.0,0.0,0.3,0.0,-1.0,0.1,0.0,0.0,0.0,3.6105573177337646,53891,nan,0.9750859141349792,55267.950463429595,52000,51922.0530810938,nan,0,nan,nan,nan,nan,0.03317895159125328
13.350994722015457,rising,0,0.012440227903425694,-0.00016624724958091974,0.8903539180755615,-0.0026457554195076227,-0.006902800407260656,0.29268866777420044,0.019236642867326736,-0.007408693432807922,0.9026169372198638,0.3853450431236083,53894,0.35741538584718313,0.003935372190568342,0.008428175157647155,1.317614980507642,0.0,0.0,0.3,0.0,-1.0,0.1,0.0,0.0,0.0,3.6105573177337646,53894,nan,1.0052233934402466,53613.953228401086,52000,51932.0530810938,nan,0,nan,nan,nan,nan,0.03317895159125328
13.371769466000842,rising,0,0.012153880670666695,-0.00024160672910511494,0.895115077495575,-0.0018764683045446873,-0.004772823303937912,0.29189833998680115,0.019236642867326736,-0.007408693432807922,0.9088641069160076,0.3876127947584165,54211,0.4172505213302493,0.004933643359339046,0.008277423296867648,1.2665510002989322,0.0,0.0,0.3,0.0,-1.0,0.1,0.0,0.0,0.0,3.6105573177337646,54211,nan,1.005676031112671,53905.03335355566,52000,51942.0530810938,nan,0,nan,nan,nan,nan,0.03317895159125328
13.390067672007717,rising,0,0.011737259104847908,-0.0003997017629444599,0.9023856520652771,-0.0008149443892762065,-0.0030959120485931635,0.29336804151535034,0.019236642867326736,-0.007408693432807922,0.9145825425192016,0.38495116193693735,53839,0.34702274239940145,0.005674745080764367,0.008216049926690117,0.646458996925503,0.0,0.0,0.3,0.0,-1.0,0.1,0.0,0.0,0.0,3.605278730392456,53839,nan,1.00326406955719,53663.83750168875,52000,51952.0530810938,nan,0,nan,nan,nan,nan,0.03317895159125328
13.410305413010065,rising,0,0.011479737237095833,-0.0004643193678930402,0.9072467684745789,-0.0002781299699563533,-0.0019563387613743544,0.292379230260849,0.019236642867326736,-0.007408693432807922,0.9205701687140391,0.3868680913164265,54107,0.3976013539954213,0.0061689671465860125,0.008164083321594795,0.885710003785789,0.0,0.0,0.3,0.0,-1.0,0.1,0.0,0.0,0.0,3.605278730392456,54107,nan,1.014571189880371,53329.91961498513,52000,51962.0530810938,nan,0,nan,nan,nan,nan,0.03317895159125328
13.431288102990948,rising,0,0.01109653152525425,-0.0004953048191964626,0.9145194888114929,0.0001472715666750446,-0.0011534934164956212,0.2930554151535034,0.019236642867326736,-0.007408693432807922,0.9266752566210925,0.3850842202238022,53858,0.3505335151398974,0.006582362798296323,0.008379018951525818,1.0288439807482064,0.0,0.0,0.3,0.0,-1.0,0.1,0.0,0.0,0.0,3.605278730392456,53858,nan,1.0176365375518799,52924.59342071754,52000,51972.0530810938,nan,0,nan,nan,nan,nan,0.03317895159125328
13.45003853100934,rising,0,0.010831987485289574,-0.000517828855663538,0.9193252325057983,0.0014810150023549795,-0.0005469865864142776,0.297694593667984,0.019236642867326736,-0.007408693432807922,0.9325789197202539,0.3841497763798986,53727,0.32587800474666473,0.006890681487459494,0.007980459398646333,0.6449460051953793,0.0,0.0,0.3,0.0,-1.0,0.1,0.0,0.0,0.0,3.605278730392456,53727,nan,1.0181677341461182,52768.31920533988,52000,51982.0530810938,nan,0,nan,nan,nan,nan,0.03317895159125328
13.471433928003535,rising,0,0.010614045895636082,-0.000530751422047615,0.9242108464241028,0.0017637613927945495,-0.0001656843232922256,0.29853445291519165,0.019236642867326736,-0.007408693432807922,0.9386858346202643,0.3852716257399235,53884,0.35547825171301994,0.007055153007126548,0.008036719120840807,1.494624011684209,0.0,0.0,0.3,0.0,-1.0,0.1,0.0,0.0,0.0,3.605278730392456,53884,nan,0.9893779158592224,54462.50531396246,52000,51992.0530810938,nan,0,nan,nan,nan,nan,0.03317895159125328
13.49073510299786,rising,0,0.010294562205672264,-0.00046339957043528557,0.9314327239990234,0.003168464871123433,0.00018792373884934932,0.29967913031578064,0.019236642867326736,-0.007408693432807922,0.9446094303217251,0.38308923506563974,53579,0.2978953843176697,0.007350273745689199,0.007682722389429575,1.1209379881620407,0.0,0.0,0.3,0.0,-1.0,0.1,0.0,0.0,0.0,3.605278730392456,53579,nan,1.004894495010376,53318.03514302939,52000,52002.0530810938,nan,0,nan,nan,nan,nan,0.03317895159125328
13.51096478800173,rising,0,0.010177583433687687,-0.0005347805563360453,0.9338481426239014,0.0039032178465276957,0.00048746884567663074,0.2997363209724426,0.019236642867326736,-0.007408693432807922,0.9506220129173016,0.38757309944385676,54206,0.4162031515529474,0.00734612678508134,0.00733540512568065,1.2594229774549603,0.0,0.0,0.3,0.0,-1.0,0.1,0.0,0.0,0.0,3.605278730392456,54206,nan,0.9740158319473267,55652.072812438004,52000,52012.0530810938,nan,0,nan,nan,nan,nan,0.03317895159125328
13.531541748991003,rising,0,0.009780008345842361,-0.0005057695088908076,0.943570077419281,0.005590868182480335,0.000552693207282573,0.29659387469291687,0.019236642867326736,-0.007408693432807922,0.9567513819143642,0.384665859823606,53799,0.33949498215319096,0.007465710068888866,0.006926794804754888,1.3977540074847639,0.0,0.0,0.3,0.0,-1.0,0.1,0.0,0.0,0.0,3.605278730392456,53799,nan,0.9952347874641418,54056.5911457736,52000,52022.0530810938,nan,0,nan,nan,nan,nan,0.03317895159125328
13.550723791995551,rising,0,0.00959992129355669,-0.0005282415077090263,0.9484284520149231,0.005973618011921644,0.0006209490820765495,0.2932564616203308,0.019236642867326736,-0.007408693432807922,0.9626176512218081,0.3876084760613395,54211,0.4171365715393005,0.007421057325723397,0.006862558663960572,1.0507679835427552,0.0,0.0,0.3,0.0,-1.0,0.1,0.0,0.0,0.0,3.605278730392456,54211,nan,1.0056065320968628,53908.758813410575,52000,52032.0530810938,nan,0,nan,nan,nan,nan,0.03317895159125328
13.570571276999544,rising,0,0.009440355002880096,-0.0004963289247825742,0.9532554745674133,0.006322615314275026,0.0006501458119601011,0.2936439514160156,0.019236642867326736,-0.007408693432807922,0.9685907616192708,0.3888627096438003,54386,0.45022980590502115,0.0074449646766643,0.006825063503650863,1.0243949946016073,0.0,0.0,0.3,0.0,-1.0,0.1,0.0,0.0,0.0,3.605278730392456,54386,nan,1.0137856006622314,53646.451443454745,52000,52042.0530810938,nan,0,nan,nan,nan,nan,0.03317895159125328
13.590976806997787,rising,0,0.009270312264561653,-0.000554176396690309,0.958164393901825,0.007844523526728153,0.0006950312526896596,0.29449933767318726,0.019236642867326736,-0.007408693432807922,0.9746179383218987,0.389847599212448,54524,0.47621633805931296,0.007389797162529639,0.006201508069265005,1.2542819895315915,0.0,0.0,0.3,0.0,-1.0,0.1,0.0,0.0,0.0,3.6000001430511475,54524,nan,1.0077623128890991,54104.02760913742,52000,52052.0530810938,nan,0,nan,nan,nan,nan,0.03317895159125328
13.610664581996389,rising,0,0.009055039845407009,-0.0005409099394455552,0.9654841423034668,0.009092065505683422,0.0004757878486998379,0.2946776747703552,0.019236642867326736,-0.007408693432807922,0.9806546556210378,0.3881686232747927,54289,0.4319161813929462,0.007322447323568065,0.00580737505141693,0.9101699979510158,0.0,0.0,0.3,0.0,-1.0,0.1,0.0,0.0,0.0,3.6000001430511475,54289,nan,1.0156676769256592,53451.538562621434,52000,52062.0530810938,nan,0,nan,nan,nan,nan,0.03317895159125328
13.631079386017518,rising,0,0.008833715692162514,-0.0006132059497758746,0.972809374332428,0.009561571292579174,-3.2495398045284674e-05,0.2966128885746002,0.019236642867326736,-0.007408693432807922,0.9865630023181439,0.385442811055069,53908,0.35999501464561945,0.007035452115011392,0.005834508534525051,0.9970639948733151,0.0,0.0,0.3,0.0,-1.0,0.1,0.0,0.0,0.0,3.6000001430511475,53908,nan,1.0056555271148682,53604.83639428405,52000,52072.0530810938,nan,0,nan,nan,nan,nan,0.03317895159125328
13.650702112994622,rising,0,0.008691019378602505,-0.0006655831821262836,0.9777597784996033,0.009850106202065945,-0.0006513772532343864,0.2993781268596649,0.019236642867326736,-0.007408693432807922,0.9925942512199981,0.3854250882670389,53905,0.35952739490867636,0.0066602600042982366,0.005833146240650455,1.126373012084514,0.0,0.0,0.3,0.0,-1.0,0.1,0.0,0.0,0.0,3.6000001430511475,53905,nan,0.9894205927848816,54481.38071219622,52000,52082.0530810938,nan,0,nan,nan,nan,nan,0.03317895159125328
13.671151157002896,rising,0,0.008566068485379219,-0.0006973963463678956,0.982689380645752,0.010498789139091969,-0.0011956762755289674,0.2984319031238556,0.019236642867326736,-0.007408693432807922,0.9986261070152977,0.3872906395548917,54166,0.4087503840340805,0.006314219635850778,0.005599110935848417,1.3876899902243167,0.0,0.0,0.3,0.0,-1.0,0.1,0.0,0.0,0.0,3.6000001430511475,54166,nan,1.0039916038513184,53950.65037617732,52000,52092.0530810938,nan,0,nan,nan,nan,nan,0.03317895159125328
13.690420097991591,rising,0,0.008398355916142464,-0.0007438547909259796,0.9901984930038452,0.010969148948788643,-0.0016217405209317803,0.29680678248405457,0.019236642867326736,-0.007408693432807922,1.0046043189184275,0.3862032250775582,54014,0.38005870917040063,0.006063226681799112,0.005544997622339176,0.8980910060927272,0.0,0.0,0.3,0.0,-1.0,0.1,0.0,0.0,0.0,3.6000001430511475,54014,nan,1.01615571975708,53155.23885739921,52000,52102.0530810938,nan,0,nan,nan,nan,nan,0.03317895159125328
13.710710014012875,rising,0,0.008213728666305542,-0.000809012446552515,0.9951694011688232,0.010991756804287434,-0.001792888855561614,0.29828977584838867,0.019236642867326736,-0.007408693432807922,1.0106179746158888,0.38678062167722865,54095,0.39529344794798504,0.005898292188237633,0.005715969814478861,1.0561599920038134,0.0,0.0,0.3,0.0,-1.0,0.1,0.0,0.0,0.0,3.6000001430511475,54095,nan,0.9999294877052307,54098.81463156397,52000,52112.0530810938,nan,0,nan,nan,nan,nan,0.03317895159125328
13.7309638930019,rising,0,0.008000418543815613,-0.0009221510263159871,1.0026931762695312,0.011502872221171856,-0.001913571497425437,0.29921025037765503,0.019236642867326736,-0.007408693432807922,1.0166495166224194,0.3844686255379554,53771,0.3342909112916974,0.005753267580826219,0.0057063881060259725,1.2169729743618518,0.0,0.0,0.3,0.0,-1.0,0.1,0.0,0.0,0.0,3.6000001430511475,53771,nan,1.0130658149719238,53077.49921607039,52000,52122.0530810938,nan,0,nan,nan,nan,nan,0.03317895159125328
13.75116533000255,rising,0,0.007882902398705482,-0.0009468346834182739,1.0077828168869019,0.0113466652110219,-0.0024768272414803505,0.2998451292514801,0.019236642867326736,-0.007408693432807922,1.0226093079225393,0.3852534447883166,53881,0.3549985432273495,0.005423506688555702,0.0058978741108499655,1.559741998789832,0.0,0.0,0.3,0.0,-1.0,0.1,0.0,0.0,0.0,3.6000001430511475,53881,nan,1.011183261871338,53285.098786431234,52000,52132.0530810938,nan,0,nan,nan,nan,nan,0.03317895159125328
13.771046406996902,rising,0,0.007708562538027763,-0.001056630164384842,1.0153594017028809,0.011795525439083576,-0.0029465765692293644,0.3013921082019806,0.019236642867326736,-0.007408693432807922,1.0287384420167656,0.3826832576449821,53522,0.2871835790232744,0.005099654110442213,0.005885128234035086,0.8748359978199005,0.0,0.0,0.3,0.0,-1.0,0.1,0.0,0.0,0.0,3.6000001430511475,53522,nan,1.0225441455841064,52341.99445680333,52000,52134.8522994366,nan,0,nan,nan,nan,nan,0.03317895159125328
13.790368665009737,rising,0,0.007611308246850967,-0.0010945003014057875,1.0204459428787231,0.011966871097683907,-0.0030324861872941256,0.30536484718322754,0.019236642867326736,-0.007408693432807922,1.0346073474152946,0.3816888984957517,53383,0.2609471898615219,0.005028235446708992,0.005912597370630435,0.8437890210188925,0.0,0.0,0.3,0.0,-1.0,0.1,0.0,0.0,0.0,3.6000001430511475,53383,nan,1.0100767612457275,52850.438747014385,52000,52144.39345207097,nan,0,nan,nan,nan,nan,0.03317895159125328
13.810381554998457,rising,0,0.007444239687174559,-0.0011456127976998687,1.0255802869796753,0.012664037756621838,-0.0029823915101587772,0.3088759481906891,0.019236642867326736,-0.007408693432807922,1.0406112108146772,0.3810348222831424,53291,0.24368924229927025,0.005009498301267507,0.00573219441957562,0.8211740059778094,0.0,0.0,0.3,0.0,-1.0,0.1,0.0,0.0,0.0,3.6000001430511475,53291,nan,1.0371087789535522,51384.19525651965,52000,52134.39345207097,nan,0,nan,nan,nan,nan,0.03317895159125328
13.83012699399842,rising,0,0.007353364955633879,-0.0012389873154461384,1.0306693315505981,0.012950235977768898,-0.003003968158736825,0.3146469295024872,0.019236642867326736,-0.007408693432807922,1.0465682037203805,0.37924989073163023,53042,0.1965934229981574,0.004923209678378183,0.005704090503197756,0.7589379965793341,0.0,0.0,0.3,0.0,-1.0,0.1,0.0,0.0,0.0,3.6000001430511475,53042,nan,1.0122658014297485,52399.2808263227,52000,52137.925283727665,nan,0,nan,nan,nan,nan,0.03317895159125328
13.850646587990923,rising,0,0.00717002060264349,-0.0013283644802868366,1.035822868347168,0.01245874259620905,-0.003377643646672368,0.31786447763442993,0.019236642867326736,-0.007408693432807922,1.0526033571222797,0.3787604224937666,52973,0.1836786937669288,0.004637872446833121,0.0061646229033875954,1.0518410126678646,0.0,0.0,0.3,0.0,-1.0,0.1,0.0,0.0,0.0,3.6000001430511475,52973,nan,0.9985523819923401,53049.79583976032,52000,52147.925283727665,nan,0,nan,nan,nan,nan,0.03317895159125328
13.870993527001701,rising,0,0.007012038957327604,-0.0013926881365478039,1.0434961318969727,0.01210066955536604,-0.004792458843439817,0.3152937889099121,0.019236642867326736,-0.007408693432807922,1.0586582943215035,0.37803759092528444,52872,0.16460662071990484,0.003830160872860128,0.006533014917748492,1.1578499979805201,0.0,0.0,0.3,0.0,-1.0,0.1,0.0,0.0,0.0,3.6000001430511475,52872,nan,0.9967929124832153,53042.110691061214,52000,52157.925283727665,nan,0,nan,nan,nan,nan,0.03317895159125328
13.890860236017033,rising,0,0.006802441086620092,-0.0014979119878262281,1.0512125492095947,0.012236022390425205,-0.005097507499158382,0.3153505027294159,0.019236642867326736,-0.007408693432807922,1.064629108819645,0.37584070470037034,52565,0.10664128497019298,0.0035782295979285917,0.006722250226514959,1.1303219944238663,0.0,0.0,0.3,0.0,-1.0,0.1,0.0,0.0,0.0,3.6000001430511475,52565,nan,0.9982449412345886,52657.416861025864,52000,52164.58517142498,nan,0,nan,nan,nan,nan,0.03317895159125328
13.910784252017038,rising,0,0.006660066079348326,-0.0015778382075950503,1.0563863515853882,0.011857307516038418,-0.0052477410063147545,0.31467169523239136,0.019236642867326736,-0.007408693432807922,1.0706304393213941,0.37722941864604814,52759,0.14328281387989605,0.003400657984298559,0.007049267909629453,1.0022159840445966,0.0,0.0,0.3,0.0,-1.0,0.1,0.0,0.0,0.0,3.6000001430511475,52759,nan,1.0130590200424194,52078.90059336409,52000,52163.442710384166,nan,0,nan,nan,nan,nan,0.03317895159125328
13.930306298017967,rising,0,0.006418693345040083,-0.0016298326663672924,1.0640950202941895,0.011982735246419907,-0.004946584813296795,0.3159734308719635,0.019236642867326736,-0.007408693432807922,1.0765786404226674,0.3743911891393632,52362,0.06839549180377702,0.0035317745204727635,0.007293593035870849,0.857379985973239,0.0,0.0,0.3,0.0,-1.0,0.1,0.0,0.0,0.0,3.6000001430511475,52362,nan,0.9899406433105469,52894.08042172273,52000,52173.18454653535,nan,0,nan,nan,nan,nan,0.03317895159125328
13.950788771006046,rising,0,0.0062953573651611805,-0.0017359950579702854,1.069187045097351,0.011517859995365143,-0.004461176227778196,0.31381314992904663,0.019236642867326736,-0.007408693432807922,1.0826261835172772,0.37668034613525,52682,0.12879541253957605,0.003655320041926904,0.007627077137784655,1.0893500002566725,0.0,0.0,0.3,0.0,-1.0,0.1,0.0,0.0,0.0,3.6000001430511475,52682,nan,0.9758843183517456,53983.857522148865,52000,52183.18454653535,nan,0,nan,nan,nan,nan,0.03317895159125328
13.970933136995882,rising,0,0.006165007129311562,-0.0017783103976398706,1.0743306875228882,0.011695525608956814,-0.003911902662366629,0.3110843896865845,0.019236642867326736,-0.007408693432807922,1.0886832651216536,0.37920126324124215,53035,0.19531037575836585,0.0038760921393550234,0.007620167489574836,0.9788459865376353,0.0,0.0,0.3,0.0,-1.0,0.1,0.0,0.0,0.0,3.6000001430511475,53035,nan,1.0121569633483887,52397.999441263666,52000,52186.048745131724,nan,0,nan,nan,nan,nan,0.03317895159125328
13.991008793003857,rising,0,0.005994034931063652,-0.0018649022094905376,1.0818935632705688,0.012218175455927849,-0.0032026278786361217,0.3120918571949005,0.019236642867326736,-0.007408693432807922,1.0946323782176477,0.3766933153621833,52684,0.1291376085008782,0.004186537697980896,0.007574956218252327,0.9610130218788981,0.0,0.0,0.3,0.0,-1.0,0.1,0.0,0.0,0.0,3.6105573177337646,52684,nan,1.0046037435531616,52442.567866274396,52000,52189.469000080295,nan,0,nan,nan,nan,nan,0.03317895159125328
14.01080493000336,rising,0,0.005815871991217136,-0.0018948445795103908,1.086890459060669,0.012000317685306072,-0.0028454172424972057,0.31113386154174805,0.019236642867326736,-0.007408693432807922,1.1006189907173392,0.37842425891513826,52926,0.17480894235193212,0.004324541827869182,0.007843776344841347,1.1214660189580172,0.0,0.0,0.3,0.0,-1.0,0.1,0.0,0.0,0.0,3.6105573177337646,52926,nan,0.9817839860916138,53907.988671411564,52000,52199.469000080295,nan,0,nan,nan,nan,nan,0.03317895159125328
14.032262263004668,rising,0,0.005587873514741659,-0.001904208562336862,1.094395399093628,0.012160053476691246,-0.002903352491557598,0.3092608153820038,0.019236642867326736,-0.007408693432807922,1.1068952829169574,0.3778378996890566,52844,0.15933772266640034,0.004290677215378441,0.008012773321409261,1.582657016115263,0.0,0.0,0.3,0.0,-1.0,0.1,0.0,0.0,0.0,3.6105573177337646,52844,nan,0.9847835898399353,53660.5204891657,52000,52209.469000080295,nan,0,nan,nan,nan,nan,0.03317895159125328
14.050759725010721,rising,0,0.0054405126720666885,-0.0019289376214146614,1.0993561744689941,0.01184347178786993,-0.0029782664496451616,0.3067556321620941,0.019236642867326736,-0.007408693432807922,1.1126241993217263,0.38006473247632216,53156,0.21809320518000241,0.004200096485462049,0.008287519223593165,1.06543701258488,0.0,0.0,0.3,0.0,-1.0,0.1,0.0,0.0,0.0,3.6105573177337646,53156,nan,0.9754775166511536,54492.286180501935,52000,52219.469000080295,nan,0,nan,nan,nan,nan,0.03317895159125328
14.070801298017614,rising,0,0.005333358887583017,-0.0019261949928477407,1.1043031215667725,0.012155934236943722,-0.003133209887892008,0.30300238728523254,0.019236642867326736,-0.007408693432807922,1.1186106039152945,0.38325456355155924,53602,0.3022576134976038,0.004087137249988529,0.008167317082913739,1.180491002742201,0.0,0.0,0.3,0.0,-1.0,0.1,0.0,0.0,0.0,3.6105573177337646,53602,nan,1.0003658533096313,53582.39670282829,52000,52229.469000080295,nan,0,nan,nan,nan,nan,0.03317895159125328
14.090261222998379,rising,0,0.005086136981844902,-0.0020216298289597034,1.1117019653320312,0.012351784855127335,-0.0032691757660359144,0.30118295550346375,0.019236642867326736,-0.007408693432807922,1.1245744434214429,0.3823836643447132,53480,0.27927874260456953,0.003925498164013571,0.00834209899147087,0.8196590060833842,0.0,0.0,0.3,0.0,-1.0,0.1,0.0,0.0,0.0,3.6105573177337646,53480,nan,1.009202003479004,52992.36408136266,52000,52239.469000080295,nan,0,nan,nan,nan,nan,0.03317895159125328
14.110177355993073,rising,0,0.0049458094872534275,-0.0020348152611404657,1.116634726524353,0.011941983364522457,-0.0030495841056108475,0.30074548721313477,0.019236642867326736,-0.007408693432807922,1.1305770807142834,0.38395494461169766,53700,0.32073732484690254,0.004010096580903514,0.008667627273112766,0.7634790090378374,0.0,0.0,0.3,0.0,-1.0,0.1,0.0,0.0,0.0,3.6105573177337646,53700,nan,1.0006084442138672,53667.34641360104,52000,52249.469000080295,nan,0,nan,nan,nan,nan,0.03317895159125328
14.130498756014276,rising,0,0.004724722355604172,-0.002078518969938159,1.1239135265350342,0.012198654934763908,-0.0028391527011990547,0.30060917139053345,0.019236642867326736,-0.007408693432807922,1.1365797621168894,0.3824411143187811,53488,0.2807945730549086,0.004090313784710878,0.008798951036377956,1.0094640019815415,0.0,0.0,0.3,0.0,-1.0,0.1,0.0,0.0,0.0,3.6105573177337646,53488,nan,1.0175381898880005,52566.08600202748,52000,52253.69056010625,nan,0,nan,nan,nan,nan,0.03317895159125328
14.149983076000353,rising,0,0.004583209287375212,-0.0020974501967430115,1.1288005113601685,0.012162345461547375,-0.002623263979330659,0.3048984706401825,0.019236642867326736,-0.007408693432807922,1.1425636419153307,0.3816820983778136,53382,0.2607677672246318,0.004191744263771958,0.008983786450172726,0.6259169895201921,0.0,0.0,0.3,0.0,-1.0,0.1,0.0,0.0,0.0,3.6105573177337646,53382,nan,1.0007755756378174,53340.63030662836,52000,52263.69056010625,nan,0,nan,nan,nan,nan,0.03317895159125328
14.170515528006945,rising,0,0.004395653028041124,-0.002105611376464367,1.1336976289749146,0.01256454735994339,-0.0026879857759922743,0.3066098988056183,0.019236642867326736,-0.007408693432807922,1.1485837014217395,0.3822448040560523,53460,0.2756148827454421,0.004143166109059635,0.008956386582758213,0.9930739761330187,0.0,0.0,0.3,0.0,-1.0,0.1,0.0,0.0,0.0,3.6105573177337646,53460,nan,0.9972838163375854,53605.602662164856,52000,52273.69056010625,nan,0,nan,nan,nan,nan,0.03317895159125328
14.190490512002725,rising,0,0.004119978751987219,-0.0021580776665359735,1.1410143375396729,0.012858545407652855,-0.0027356292121112347,0.30725622177124023,0.019236642867326736,-0.007408693432807922,1.1545818291197065,0.38028742078516836,53187,0.223968886152198,0.00408425191697037,0.009137838211330518,0.9939210140146315,0.0,0.0,0.3,0.0,-1.0,0.1,0.0,0.0,0.0,3.6000001430511475,53187,nan,0.9948941469192505,53459.95869479858,52000,52283.69056010625,nan,0,nan,nan,nan,nan,0.03317895159125328
14.210297804005677,rising,0,0.003921584226191044,-0.0022327983751893044,1.1458780765533447,0.012504839338362217,-0.0029142824932932854,0.3055714964866638,0.019236642867326736,-0.007408693432807922,1.1606339055142598,0.38263097624195314,53514,0.28580412247897335,0.0038877459629110033,0.009474167135370859,0.6976019940339029,0.0,0.0,0.3,0.0,-1.0,0.1,0.0,0.0,0.0,3.6000001430511475,53514,nan,0.9763562083244324,54809.91419293346,52000,52293.69056010625,nan,0,nan,nan,nan,nan,0.03317895159125328
14.230789657012792,rising,0,0.0036588110961019993,-0.0023466399870812893,1.153164029121399,0.012707410380244255,-0.003279084339737892,0.30359628796577454,0.019236642867326736,-0.007408693432807922,1.1665922484215114,0.3819727066471272,53422,0.2684355315864675,0.0035842124055372768,0.009659611663094925,1.1520140105858445,0.0,0.0,0.3,0.0,-1.0,0.1,0.0,0.0,0.0,3.6000001430511475,53422,nan,1.0004315376281738,53398.956341033634,52000,52303.69056010625,nan,0,nan,nan,nan,nan,0.03317895159125328
14.25058255600743,rising,0,0.0034561597276479006,-0.0023723922204226255,1.1580407619476318,0.012258732691407204,-0.0036117560230195522,0.30191853642463684,0.019236642867326736,-0.007408693432807922,1.1725969809194794,0.3842374307604142,53739,0.3281907852352024,0.0033631209129726175,0.010047203522961068,1.0065950045827776,0.0,0.0,0.3,0.0,-1.0,0.1,0.0,0.0,0.0,3.6000001430511475,53739,nan,1.0053927898406982,53450.751331243184,52000,52313.69056010625,nan,0,nan,nan,nan,nan,0.03317895159125328
14.27097166099702,rising,0,0.003251063171774149,-0.002424897626042366,1.1629189252853394,0.012398644350469112,-0.003989027813076973,0.3023695945739746,0.019236642867326736,-0.007408693432807922,1.1786353950214106,0.38547809609003675,53913,0.36092601820677217,0.0031020603953205066,0.010155104349403699,1.196260011056438,0.0,0.0,0.3,0.0,-1.0,0.1,0.0,0.0,0.0,3.6000001430511475,53913,nan,0.9881460666656494,54559.74761091883,52000,52323.69056010625,nan,0,nan,nan,nan,nan,0.03317895159125328
14.290980802994454,rising,0,0.002893673023208976,-0.002508134813979268,1.170243501663208,0.012528546154499054,-0.004465888720005751,0.30060580372810364,0.019236642867326736,-0.007408693432807922,1.1846276970172767,0.3847099058170727,53805,0.34065714556919957,0.0027737930566644094,0.010479461109865529,1.2333619815763086,0.0,0.0,0.3,0.0,-1.0,0.1,0.0,0.0,0.0,3.6000001430511475,53805,nan,1.0058224201202393,53493.53814718902,52000,52333.69056010625,nan,0,nan,nan,nan,nan,0.03317895159125328
14.310369826998794,rising,0,0.0026764858048409224,-0.002531616948544979,1.1751184463500977,0.012182113714516163,-0.004660509992390871,0.30007055401802063,0.019236642867326736,-0.007408693432807922,1.1906073024205397,0.3863752786276503,54038,0.3845983806767883,0.0026367877850094366,0.010838483473900373,0.8373169985134155,0.0,0.0,0.3,0.0,-1.0,0.1,0.0,0.0,0.0,3.6000001430511475,54038,nan,0.9919466376304626,54476.72077308979,52000,52343.69056010625,nan,0,nan,nan,nan,nan,0.03317895159125328
14.330704162013717,rising,0,0.0024508084170520306,-0.0025918539613485336,1.179994821548462,0.012581842020154,-0.00475937919691205,0.29655730724334717,0.019236642867326736,-0.007408693432807922,1.1966422695171786,0.38959658945728853,54489,0.4695933893743671,0.002502377049959461,0.01077536797650902,0.9620329947210848,0.0,0.0,0.3,0.0,-1.0,0.1,0.0,0.0,0.0,3.6000001430511475,54489,nan,0.9950044751167297,54762.56776996664,52000,52353.69056010625,nan,0,nan,nan,nan,nan,0.03317895159125328
14.35064114801935,rising,0,0.0020982655696570873,-0.0027426602318882942,1.187368631362915,0.013294870965182781,-0.004997794982045889,0.2963927388191223,0.019236642867326736,-0.007408693432807922,1.2027008715202099,0.3880500176532905,54272,0.42878674546940587,0.0022340050412157867,0.010814220664287166,0.7932279841043055,0.0,0.0,0.3,0.0,-1.0,0.1,0.0,0.0,0.0,3.6000001430511475,54272,nan,0.9933616518974304,54634.68405120581,52000,52363.69056010625,nan,0,nan,nan,nan,nan,0.03317895159125328
14.370749377005268,rising,0,0.001828041160479188,-0.0028316983953118324,1.1922816038131714,0.01317685004323721,-0.0055178930051624775,0.2937314808368683,0.019236642867326736,-0.007408693432807922,1.2086732844210928,0.39072232888865277,54646,0.4992962767454543,0.0018613332280780059,0.011077327476771037,0.9829069895204157,0.0,0.0,0.3,0.0,-1.0,0.1,0.0,0.0,0.0,3.6000001430511475,54646,nan,1.0032052993774414,54471.402846368175,52000,52373.69056010625,nan,0,nan,nan,nan,nan,0.03317895159125328
14.390753265004605,rising,0,0.0015175172593444586,-0.002849607029929757,1.199711799621582,0.013485356234014034,-0.005810496397316456,0.29293790459632874,0.019236642867326736,-0.007408693432807922,1.2146079165220725,0.38926523365325943,54442,0.46085049217043306,0.0016995550256383855,0.011279384122678815,1.166840986115858,0.0,0.0,0.3,0.0,-1.0,0.1,0.0,0.0,0.0,3.5894429683685303,54442,nan,0.9842168092727661,55315.0479519111,52000,52383.69056010625,nan,0,nan,nan,nan,nan,0.03317895159125328
14.410981722001452,rising,0,0.0012447956250980496,-0.002919330494478345,1.2047178745269775,0.013124804943799973,-0.005747325252741575,0.2924309968948364,0.019236642867326736,-0.007408693432807922,1.2206606946216196,0.39084495908124395,54663,0.5025319018797862,0.001653659902945321,0.011697431584805962,1.164711982710287,0.0,0.0,0.3,0.0,-1.0,0.1,0.0,0.0,0.0,3.5894429683685303,54663,nan,1.000720739364624,54623.63059918848,52000,52393.69056010625,nan,0,nan,nan,nan,nan,0.03317895159125328
14.431916963018011,rising,0,0.0008703804342076182,-0.003015256254002452,1.2122752666473389,0.013749470934271812,-0.005682473536580801,0.2947333753108978,0.019236642867326736,-0.007408693432807922,1.226797703714692,0.3879332702307807,54256,0.4257063385430264,0.0016005949135705893,0.011849250129373434,1.19689098210074,0.0,0.0,0.3,0.0,-1.0,0.1,0.0,0.0,0.0,3.5894429683685303,54256,nan,1.028397560119629,52757.80700382899,52000,52398.54544602256,nan,0,nan,nan,nan,nan,0.03317895159125328
14.450739388004877,rising,0,0.0006459768046624959,-0.003091696184128523,1.2173126935958862,0.013718899339437485,-0.0054220883175730705,0.29856085777282715,0.019236642867326736,-0.007408693432807922,1.232638983914512,0.38704092149223,54131,0.40216151694538205,0.0016598470931114334,0.012124303306186635,1.018759998260066,0.0,0.0,0.3,0.0,-1.0,0.1,0.0,0.0,0.0,3.5894429683685303,54131,nan,1.0148955583572388,53336.522713351085,52000,52408.54544602256,nan,0,nan,nan,nan,nan,0.03317895159125328
14.471046613994986,rising,0,0.00039378105429932475,-0.003100969595834613,1.2225139141082764,0.014446674846112728,-0.005052509251981974,0.2996481955051422,0.019236642867326736,-0.007408693432807922,1.2386369556217687,0.3875088639425641,54197,0.4145082834449614,0.001839027216084383,0.011994360988786257,1.2866579927504063,0.0,0.0,0.3,0.0,-1.0,0.1,0.0,0.0,0.0,3.5894429683685303,54197,nan,1.008479356765747,53741.308274086026,52000,52418.54544602256,nan,0,nan,nan,nan,nan,0.03317895159125328
14.490847586013842,rising,0,4.6009339712327346e-05,-0.003152312710881233,1.230301856994629,0.015182535164058208,-0.0047170743346214294,0.30041810870170593,0.019236642867326736,-0.007408693432807922,1.2446635056199737,0.3849367102417749,53837,0.34664143118139457,0.001972254253981151,0.012053562590648381,1.0104289976879954,0.0,0.0,0.3,0.0,-1.0,0.1,0.0,0.0,0.0,3.5894429683685303,53837,nan,1.0366483926773071,51933.712896575766,52000,52412.081012029936,nan,0,nan,nan,nan,nan,0.03317895159125328
14.510325509996619,rising,0,-0.0002138521522283554,-0.0032719941809773445,1.235501766204834,0.015033971518278122,-0.00467887707054615,0.30600613355636597,0.019236642867326736,-0.007408693432807922,1.2506007192161632,0.38308113096809093,53577,0.2976815558863031,0.0018767839696790733,0.012460877999504127,0.7915369933471084,0.0,0.0,0.3,0.0,-1.0,0.1,0.0,0.0,0.0,3.5894429683685303,53577,nan,1.0301868915557861,52007.06826999917,52000,52406.68084213619,nan,0,nan,nan,nan,nan,0.03317895159125328
14.530313504015794,rising,0,-0.00046230931184254587,-0.0032697091810405254,1.2407853603363037,0.015534595586359501,-0.0050309086218476295,0.31208834052085876,0.019236642867326736,-0.007408693432807922,1.2565997070196315,0.3809501199681074,53279,0.24145435272051152,0.0017048511820873316,0.012528639222696869,0.8237730071414262,0.0,0.0,0.3,0.0,-1.0,0.1,0.0,0.0,0.0,3.5894429683685303,53279,nan,1.0268296003341675,51886.89533556598,52000,52399.75036871526,nan,0,nan,nan,nan,nan,0.03317895159125328
14.55040244999691,rising,0,-0.0008487288141623139,-0.0034058685414493084,1.2487742900848389,0.016008948907256126,-0.005170908756554127,0.31571027636528015,0.019236642867326736,-0.007408693432807922,1.2626259990211108,0.3767006780983176,52685,0.1293318759450539,0.0015051607461330219,0.012828464926696315,0.7898469921201468,0.0,0.0,0.3,0.0,-1.0,0.1,0.0,0.0,0.0,3.5894429683685303,52685,nan,1.001673936843872,52596.95601744688,52000,52402.379777365015,nan,0,nan,nan,nan,nan,0.03317895159125328
14.57114661700325,rising,0,-0.0010680851992219687,-0.0033612982369959354,1.2541403770446777,0.015535377897322178,-0.005104136653244495,0.3183605670928955,0.019236642867326736,-0.007408693432807922,1.2686609562166267,0.3762286167871838,52619,0.11687643237951839,0.0015899485421478712,0.013329565933162923,0.9110539976973087,0.0,0.0,0.3,0.0,-1.0,0.1,0.0,0.0,0.0,3.5894429683685303,52619,nan,1.0157294273376465,51804.150380796746,52000,52394.40338541077,nan,0,nan,nan,nan,nan,0.03317895159125328
14.590174234006554,rising,0,-0.0014439052902162075,-0.003485627006739378,1.2622085809707642,0.016132643446326256,-0.004704051185399294,0.3230289816856384,0.019236642867326736,-0.007408693432807922,1.2746017935191047,0.37124851761248184,51923,-0.014524601253778968,0.0016928678553584904,0.013591558448074581,0.6741610122844577,0.0,0.0,0.3,0.0,-1.0,0.1,0.0,0.0,0.0,3.594721555709839,51923,nan,1.036885142326355,50075.94176101857,52000,52384.40338541077,nan,0,nan,nan,nan,nan,0.03317895159125328
14.610512876999564,rising,0,-0.001646591816097498,-0.0035494640469551086,1.2675620317459106,0.01582540199160576,-0.0038560659158974886,0.33008214831352234,0.019236642867326736,-0.007408693432807922,1.2806149707146686,0.36856215182941415,51547,-0.08540496492311078,0.002096134074822561,0.01407736744879462,0.8921920089051127,0.0,0.0,0.3,0.0,-1.0,0.1,0.0,0.0,0.0,3.594721555709839,51547,nan,1.0025746822357178,51414.62368175048,52000,52374.40338541077,nan,0,nan,nan,nan,nan,0.03317895159125328
14.630629337014398,rising,0,-0.0019980783108621836,-0.0035106372088193893,1.2757277488708496,0.016324585303664207,-0.00330748432315886,0.33103641867637634,0.019236642867326736,-0.007408693432807922,1.286599118716549,0.3653701201551593,51100,-0.16962743653933465,0.002457284895340275,0.014311925457975994,0.7988179859239608,0.0,0.0,0.3,0.0,-1.0,0.1,0.0,0.0,0.0,3.594721555709839,51100,nan,0.9960982799530029,51300.1588582313,52000,52364.40338541077,nan,0,nan,nan,nan,nan,0.03317895159125328
14.650427976011997,rising,0,-0.002199759939685464,-0.0035390642005950212,1.2810174226760864,0.01601547934114933,-0.0028016495052725077,0.33141374588012695,0.019236642867326736,-0.007408693432807922,1.292628009614418,0.3661193039594177,51205,-0.14986005384122159,0.002697561361672355,0.014671878579444408,0.8041860128287226,0.0,0.0,0.3,0.0,-1.0,0.1,0.0,0.0,0.0,3.594721555709839,51205,nan,0.9960294961929321,51409.12010710326,52000,52354.40338541077,nan,0,nan,nan,nan,nan,0.03317895159125328
14.671356300998013,rising,0,-0.0024561872705817223,-0.0035439408384263515,1.2864136695861816,0.016530808061361313,-0.0024574019480496645,0.3304886817932129,0.019236642867326736,-0.007408693432807922,1.2986348787206223,0.3673573763607003,51378,-0.11719323586542885,0.0028705965341625406,0.014621080608123505,1.2953779951203614,0.0,0.0,0.3,0.0,-1.0,0.1,0.0,0.0,0.0,3.594721555709839,51378,nan,0.9723712205886841,52837.845168736276,52000,52360.84927585511,nan,0,nan,nan,nan,nan,0.03317895159125328
14.691154619009467,rising,0,-0.0027246312238276005,-0.0036297140177339315,1.2943753004074097,0.017078211531043053,-0.0022853785194456577,0.326238751411438,0.019236642867326736,-0.007408693432807922,1.304807429719949,0.36725640463575193,51364,-0.11985739747356483,0.002871645523760896,0.014619373581368222,0.9670989820733666,0.0,0.0,0.3,0.0,-1.0,0.1,0.0,0.0,0.0,3.594721555709839,51364,nan,0.9856646060943604,52111.032173029846,52000,52357.518381150774,nan,0,nan,nan,nan,nan,0.03317895159125328
14.710511804994894,rising,0,-0.0028708644676953554,-0.0036102784797549248,1.2996119260787964,0.0168754942715168,-0.001980306813493371,0.3229963779449463,0.019236642867326736,-0.007408693432807922,1.310631256518536,0.36962400563082937,51695,-0.05738771422613986,0.003039383973344853,0.014793691552266175,0.837464991491288,0.0,0.0,0.3,0.0,-1.0,0.1,0.0,0.0,0.0,3.594721555709839,51695,nan,0.9820896983146667,52637.758128114125,52000,52361.254911110285,nan,0,nan,nan,nan,nan,0.03317895159125328
14.730842146003852,rising,0,-0.0032171832863241434,-0.0036121956072747707,1.3073447942733765,0.017592720687389374,-0.0017141125863417983,0.31863880157470703,0.019236642867326736,-0.007408693432807922,1.316615487920353,0.3696263587329356,51696,-0.05732562709932587,0.003181339773849434,0.014780291244348875,1.2112550029996783,0.0,0.0,0.3,0.0,-1.0,0.1,0.0,0.0,0.0,3.594721555709839,51696,nan,0.9505801200866699,54383.632591944566,52000,52371.254911110285,nan,0,nan,nan,nan,nan,0.03317895159125328
14.750085427018348,rising,0,-0.0034086729865521193,-0.003634050488471985,1.3124266862869263,0.01710367202758789,-0.001451569376513362,0.31099534034729004,0.019236642867326736,-0.007408693432807922,1.3226136456185484,0.37460577108204957,52392,0.07405728448679483,0.0032559123991147323,0.015049433764070974,0.5762220243923366,0.0,0.0,0.3,0.0,-1.0,0.1,0.0,0.0,0.0,3.594721555709839,52392,nan,0.9676750302314758,54142.143140210406,52000,52381.254911110285,nan,0,nan,nan,nan,nan,0.03317895159125328
14.770700755005237,rising,0,-0.0036313431337475777,-0.00365321128629148,1.31747305393219,0.01724126935005188,-0.0012641799403354526,0.30447033047676086,0.019236642867326736,-0.007408693432807922,1.3286748960148542,0.3791485665052875,53027,0.19391996056167393,0.0032955426940814133,0.01503145639229908,0.9258589998353273,0.0,0.0,0.3,0.0,-1.0,0.1,0.0,0.0,0.0,3.594721555709839,53027,nan,0.9883001446723938,53654.75284593592,52000,52391.254911110285,nan,0,nan,nan,nan,nan,0.03317895159125328
14.790777150017675,rising,0,-0.0038477149792015553,-0.003612834494560957,1.3248077630996704,0.017410868778824806,-0.0011709226528182626,0.301813006401062,0.019236642867326736,-0.007408693432807922,1.334623310418101,0.37875513431430957,52972,0.18353916396594983,0.0033908704528470375,0.015186039567052223,1.1675529822241515,0.0,0.0,0.3,0.0,-1.0,0.1,0.0,0.0,0.0,3.6000001430511475,52972,nan,0.9884894490242004,53588.83704048835,52000,52401.254911110285,nan,0,nan,nan,nan,nan,0.03317895159125328
14.810288319014944,rising,0,-0.004008157178759575,-0.0036044602748006582,1.329656958580017,0.016482947394251823,-0.0010568854631856084,0.29792138934135437,0.019236642867326736,-0.007408693432807922,1.340639757917961,0.3821745100829032,53451,0.27376016049876384,0.003429010276774804,0.0157037611121138,0.6555159925483167,0.0,0.0,0.3,0.0,-1.0,0.1,0.0,0.0,0.0,3.6000001430511475,53451,nan,1.0019257068634033,53348.266876325586,52000,52411.254911110285,nan,0,nan,nan,nan,nan,0.03317895159125328
14.830385528999614,rising,0,-0.004265289753675461,-0.0035971980541944504,1.3368330001831055,0.016654903069138527,-0.001219366560690105,0.2966558635234833,0.019236642867326736,-0.007408693432807922,1.3465863012184853,0.38128125240423394,53326,0.2501913563122393,0.003359434952479828,0.015920134553482956,0.8774000161793083,0.0,0.0,0.3,0.0,-1.0,0.1,0.0,0.0,0.0,3.6000001430511475,53326,nan,0.986427366733551,54059.73292953475,52000,52421.254911110285,nan,0,nan,nan,nan,nan,0.03317895159125328
14.850314403010998,rising,0,-0.0044366661459207535,-0.003654738189652562,1.3415486812591553,0.016167225316166878,-0.001350907958112657,0.29413512349128723,0.019236642867326736,-0.007408693432807922,1.3525853199214906,0.38415895214936857,53728,0.3261201094820194,0.0032058731801540208,0.016233260722117837,0.8529929909855127,0.0,0.0,0.3,0.0,-1.0,0.1,0.0,0.0,0.0,3.6000001430511475,53728,nan,0.9901595711708069,54261.96096500862,52000,52431.254911110285,nan,0,nan,nan,nan,nan,0.03317895159125328
14.870532700995682,rising,0,-0.004570792429149151,-0.0036065680906176567,1.3462234735488892,0.016715899109840393,-0.0015411931090056896,0.2910856008529663,0.019236642867326736,-0.007408693432807922,1.3585894542222376,0.38735636459139916,54175,0.4104845538627728,0.00313088400080022,0.015954446709301573,0.9319749951828271,0.0,0.0,0.3,0.0,-1.0,0.1,0.0,0.0,0.0,3.6000001430511475,54175,nan,1.005095362663269,53900.35812765949,52000,52441.254911110285,nan,0,nan,nan,nan,nan,0.03317895159125328
14.891079852997791,rising,0,-0.004728693049401045,-0.0036704870872199535,1.3531723022460938,0.017446402460336685,-0.0017047191504389048,0.29112157225608826,0.019236642867326736,-0.007408693432807922,1.3646357721183449,0.38622035750888856,54016,0.3805107522134179,0.002989185474577944,0.01578660213836436,1.3110669970046729,0.0,0.0,0.3,0.0,-1.0,0.1,0.0,0.0,0.0,3.6000001430511475,54016,nan,0.9870514273643494,54724.6055296581,52000,52451.254911110285,nan,0,nan,nan,nan,nan,0.03317895159125328
14.910641060996568,rising,0,-0.0048215570859611034,-0.0037041078321635723,1.357816219329834,0.017331505194306374,-0.0018528745276853442,0.28894299268722534,0.019236642867326736,-0.007408693432807922,1.37062429531652,0.38900367792869234,54406,0.4539492857174743,0.0028570425619130957,0.01582822062260325,0.9849700145423412,0.0,0.0,0.3,0.0,-1.0,0.1,0.0,0.0,0.0,3.6000001430511475,54406,nan,0.9961729049682617,54615.01685968199,52000,52461.254911110285,nan,0,nan,nan,nan,nan,0.03317895159125328
14.931262016994879,rising,0,-0.0049241650849580765,-0.003730234457179904,1.362422227859497,0.018320681527256966,-0.0021185600198805332,0.28793469071388245,0.019236642867326736,-0.007408693432807922,1.3766940108151173,0.39134882178101876,54734,0.5158264322168531,0.002677396585381645,0.015332669081936423,1.3110130093991756,0.0,0.0,0.3,0.0,-1.0,0.1,0.0,0.0,0.0,3.6000001430511475,54734,nan,1.01155424118042,54108.813716335055,52000,52471.254911110285,nan,0,nan,nan,nan,nan,0.03317895159125328
14.95077184899128,rising,0,-0.004972612485289574,-0.0037697376683354378,1.3693019151687622,0.019382847473025322,-0.002619540086016059,0.28923875093460083,0.019236642867326736,-0.007408693432807922,1.382660061921342,0.38956510093143143,54484,0.4687625575575556,0.002391843380414355,0.014907258686997382,0.9917349962051958,0.0,0.0,0.3,0.0,-1.0,0.1,0.0,0.0,0.0,3.6000001430511475,54484,nan,1.0035232305526733,54292.71425036555,52000,52481.254911110285,nan,0,nan,nan,nan,nan,0.03317895159125328
14.970202249998692,rising,0,-0.005023562349379063,-0.003796185599640012,1.373960018157959,0.019363127648830414,-0.0030098450370132923,0.2894721031188965,0.019236642867326736,-0.007408693432807922,1.3885792743152705,0.3910394242885196,54690,0.5076629099873244,0.0021561215649642416,0.01491326029587614,0.7690089987590909,0.0,0.0,0.3,0.0,-1.0,0.1,0.0,0.0,0.0,3.6000001430511475,54690,nan,1.0147827863693237,53893.30675943878,52000,52491.254911110285,nan,0,nan,nan,nan,nan,0.03317895159125328
14.990618617011933,rising,0,-0.005053388420492411,-0.003859585151076317,1.3809772729873657,0.020293498411774635,-0.0033604896161705256,0.2895168662071228,0.019236642867326736,-0.007408693432807922,1.3945756638160673,0.38975194435533805,54510,0.47369246320153024,0.0019182062369747874,0.014515672314233452,0.8546749886590987,0.0,0.0,0.3,0.0,-1.0,0.1,0.0,0.0,0.0,3.578885793685913,54510,nan,1.0025492906570435,54371.39151958866,52000,52501.254911110285,nan,0,nan,nan,nan,nan,0.03317895159125328
15.01038705999963,rising,0,-0.005044911522418261,-0.0038411288987845182,1.3856940269470215,0.020901760086417198,-0.0036638635210692883,0.2891682982444763,0.019236642867326736,-0.007408693432807922,1.4005746366194216,0.39154180642891434,54761,0.5209183754330944,0.0017733043395859755,0.014129918549125486,0.951549009187147,0.0,0.0,0.3,0.0,-1.0,0.1,0.0,0.0,0.0,3.578885793685913,54761,nan,0.9830507040023804,55705.16330139102,52000,52511.254911110285,nan,0,nan,nan,nan,nan,0.03317895159125328
15.029938902996946,rising,0,-0.005045248661190271,-0.004001998342573643,1.3927793502807617,0.022385021671652794,-0.003915731329470873,0.28759363293647766,0.019236642867326736,-0.007408693432807922,1.4065686057147102,0.390974522593613,54681,0.5059504642114234,0.0014824084964212693,0.013391943663946915,0.5955240048933774,0.0,0.0,0.3,0.0,-1.0,0.1,0.0,0.0,0.0,3.578885793685913,54681,nan,1.0262624025344849,53281.694686425566,52000,52521.254911110285,nan,0,nan,nan,nan,nan,0.03317895159125328
15.050364561000606,rising,0,-0.005042326636612415,-0.004069447983056307,1.3976054191589355,0.023174619302153587,-0.004469322971999645,0.2907814681529999,0.019236642867326736,-0.007408693432807922,1.412610240318463,0.3909127940778613,54673,0.5043217434791885,0.0011303568200931279,0.012987056778316353,0.7992849859874696,0.0,0.0,0.3,0.0,-1.0,0.1,0.0,0.0,0.0,3.578885793685913,54673,nan,1.0233145952224731,53427.362665646186,52000,52531.254911110285,nan,0,nan,nan,nan,nan,0.03317895159125328
15.071649616002105,rising,0,-0.004915811587125063,-0.004152408801019192,1.4048175811767578,0.02448284439742565,-0.005302759353071451,0.29357439279556274,0.019236642867326736,-0.007408693432807922,1.4189202180161373,0.3883987868930166,54321,0.4379891000795926,0.0006230199798155072,0.01226711451817164,0.9990970138460398,0.0,0.0,0.3,0.0,-1.0,0.1,0.0,0.0,0.0,3.578885793685913,54321,nan,1.0275264978408813,52865.789947162935,52000,52535.71537825766,nan,0,nan,nan,nan,nan,0.03317895159125328
15.090285234007752,rising,0,-0.004840390291064978,-0.004292218014597893,1.4096871614456177,0.025140957906842232,-0.006061146501451731,0.29664137959480286,0.019236642867326736,-0.007408693432807922,1.4245713231182888,0.38785509697183757,54245,0.4236437195735494,8.85982598947164e-05,0.011867137366750491,0.8606939809396863,0.0,0.0,0.3,0.0,-1.0,0.1,0.0,0.0,0.0,3.578885793685913,54245,nan,1.0153745412826538,53423.636101291224,52000,52545.71537825766,nan,0,nan,nan,nan,nan,0.03317895159125328
15.110860457993113,rising,0,-0.004768394399434328,-0.004398032557219267,1.4146770238876343,0.026130612939596176,-0.006910315249115229,0.2980011999607086,0.019236642867326736,-0.007408693432807922,1.4306028393155428,0.3884905541121781,54334,0.44041039873820687,-0.00045769448959579134,0.011264070152655181,1.231528993230313,0.0,0.0,0.3,0.0,-1.0,0.1,0.0,0.0,0.0,3.578885793685913,54334,nan,1.0239241123199463,53064.479433825676,52000,52552.6322323319,nan,0,nan,nan,nan,nan,0.03317895159125328
15.130600486008916,rising,0,-0.004622320178896189,-0.004572965670377016,1.4221458435058594,0.027225825935602188,-0.007867427542805672,0.300638347864151,0.019236642867326736,-0.007408693432807922,1.436576484015677,0.38531480348387254,53890,0.35661750617077814,-0.0011398974065722873,0.01063675020576138,0.9812170173972845,0.0,0.0,0.3,0.0,-1.0,0.1,0.0,0.0,0.0,3.578885793685913,53890,nan,1.0175262689590454,52961.77764052303,52000,52558.087504441115,nan,0,nan,nan,nan,nan,0.03317895159125328
15.150879705004627,rising,0,-0.004490912891924381,-0.004728951025754213,1.4272210597991943,0.027642780914902687,-0.008612141013145447,0.30398544669151306,0.019236642867326736,-0.007408693432807922,1.4426342835213288,0.3848837964294207,53830,0.3452452883752155,-0.0016902920669248328,0.010295409053090454,1.1121150164399296,0.0,0.0,0.3,0.0,-1.0,0.1,0.0,0.0,0.0,3.578885793685913,53830,nan,1.0187057256698608,52841.560269628906,52000,52561.867141310286,nan,0,nan,nan,nan,nan,0.03317895159125328
15.171311005018651,rising,0,-0.0044042738154530525,-0.0049399733543396,1.432257890701294,0.02876315638422966,-0.009273632429540157,0.30745410919189453,0.019236642867326736,-0.007408693432807922,1.4487011514167534,0.38445132627632406,53769,0.3338344663937729,-0.0022558887902612273,0.009633970379198775,1.3066770043224096,0.0,0.0,0.3,0.0,-1.0,0.1,0.0,0.0,0.0,3.578885793685913,53769,nan,0.9948158264160156,54049.200437141706,52000,52571.867141310286,nan,0,nan,nan,nan,nan,0.03317895159125328
15.191127881000284,rising,0,-0.004210343584418297,-0.005234833806753159,1.4399901628494263,0.029863430187106133,-0.009884757921099663,0.3083007037639618,0.019236642867326736,-0.007408693432807922,1.4546577888162573,0.38182113272269896,53401,0.26443621959627706,-0.002900450649098048,0.008920809846856947,1.0232639906462282,0.0,0.0,0.3,0.0,-1.0,0.1,0.0,0.0,0.0,3.5841643810272217,53401,nan,1.0088858604431152,52930.665493265624,52000,52576.65111933636,nan,0,nan,nan,nan,nan,0.03317895159125328
15.21086892700987,rising,0,-0.004106510430574417,-0.005432635545730591,1.4451375007629395,0.031001228839159012,-0.010630760341882706,0.31015312671661377,0.019236642867326736,-0.007408693432807922,1.460608633517404,0.3819131969280848,53414,0.26686535430302705,-0.0034975924114392797,0.00821404144404636,1.2316610082052648,0.0,0.0,0.3,0.0,-1.0,0.1,0.0,0.0,0.0,3.5841643810272217,53414,nan,1.0067216157913208,53057.36875234829,52000,52583.060687776524,nan,0,nan,nan,nan,nan,0.03317895159125328
15.231186109012924,rising,0,-0.004009182099252939,-0.005685950629413128,1.4503812789916992,0.03130242973566055,-0.011326119303703308,0.3106462359428406,0.019236642867326736,-0.007408693432807922,1.4666352060157803,0.3826614738262123,53519,0.2866088080794782,-0.004118995438199556,0.007938807947433846,1.4403810200747102,0.0,0.0,0.3,0.0,-1.0,0.1,0.0,0.0,0.0,3.5841643810272217,53519,nan,1.0092554092407227,53028.20228653826,52000,52588.99590909335,nan,0,nan,nan,nan,nan,0.03317895159125328
15.251106729992898,rising,0,-0.0037228865548968315,-0.006025194190442562,1.4581713676452637,0.03252565115690231,-0.011876313015818596,0.31272992491722107,0.019236642867326736,-0.007408693432807922,1.4726192802219884,0.3793750862406777,53059,0.19989673458252355,-0.004802411626973343,0.0070608321225047455,1.3533550081774592,0.0,0.0,0.3,0.0,-1.0,0.1,0.0,0.0,0.0,3.5841643810272217,53059,nan,0.999204695224762,53101.231663112696,52000,52595.82571914694,nan,0,nan,nan,nan,nan,0.03317895159125328
15.27089723100653,rising,0,-0.003592155175283551,-0.006281503476202488,1.4634023904800415,0.03264736384153366,-0.012392655946314335,0.31253376603126526,0.019236642867326736,-0.007408693432807922,1.4786054181226063,0.3804327334120222,53207,0.22780299240164048,-0.005330015162949614,0.006839755122476809,1.25166101497598,0.0,0.0,0.3,0.0,-1.0,0.1,0.0,0.0,0.0,3.5841643810272217,53207,nan,1.003738522529602,53008.82531230222,52000,52601.33238038901,nan,0,nan,nan,nan,nan,0.03317895159125328
15.28994073299691,rising,0,-0.0033237335737794638,-0.006610063370317221,1.4712598323822021,0.03362371772527695,-0.012883543968200684,0.313772052526474,0.019236642867326736,-0.007408693432807922,1.4845652787218568,0.377454370081081,52790,0.14921820794408802,-0.005980357597082982,0.006091918483685399,0.5864870036020875,0.0,0.0,0.3,0.0,-1.0,0.1,0.0,0.0,0.0,3.5841643810272217,52790,nan,1.009042501449585,52316.9241376475,52000,52597.54027048579,nan,0,nan,nan,nan,nan,0.03317895159125328
15.310449962009443,rising,0,-0.0031837094575166702,-0.006883789319545031,1.4765598773956299,0.03369159251451492,-0.013031731359660625,0.31388017535209656,0.019236642867326736,-0.007408693432807922,1.4906189400207948,0.37835679441694287,52917,0.17302887643648646,-0.006333815865064633,0.005893472426204971,0.8536200039088726,0.0,0.0,0.3,0.0,-1.0,0.1,0.0,0.0,0.0,3.5841643810272217,52917,nan,0.9859452843666077,53671.33535609434,52000,52607.54027048579,nan,0,nan,nan,nan,nan,0.03317895159125328
15.330752676993143,rising,0,-0.002977894153445959,-0.007213268429040909,1.4817842245101929,0.03414752334356308,-0.013139362446963787,0.311800479888916,0.019236642867326736,-0.007408693432807922,1.4966391441150335,0.3804062612285331,53203,0.22710451790324626,-0.0067027257219564075,0.005405589664473576,0.9847159963101149,0.0,0.0,0.3,0.0,-1.0,0.1,0.0,0.0,0.0,3.5841643810272217,53203,nan,0.9941880702972412,53514.019720728924,52000,52617.54027048579,nan,0,nan,nan,nan,nan,0.03317895159125328
15.35005276199081,rising,0,-0.002711168024688959,-0.007591312751173973,1.4896937608718872,0.03456203639507294,-0.01314943190664053,0.311016708612442,0.019236642867326736,-0.007408693432807922,1.5025880292145302,0.3783603840518105,52917,0.17312358975753206,-0.007143956163071359,0.0049337212077305015,0.625718996161595,0.0,0.0,0.3,0.0,-1.0,0.1,0.0,0.0,0.0,3.5841643810272217,52917,nan,1.007957935333252,52499.21464481009,52000,52615.96259547678,nan,0,nan,nan,nan,nan,0.03317895159125328
15.370783065009164,rising,0,-0.002518980298191309,-0.007827828638255596,1.4948642253875732,0.03426520153880119,-0.012863989919424057,0.3133378028869629,0.019236642867326736,-0.007408693432807922,1.5086609850171953,0.37834193240080494,52915,0.17263673880751718,-0.007243470866906456,0.004887685352513937,0.9786890004761517,0.0,0.0,0.3,0.0,-1.0,0.1,0.0,0.0,0.0,3.5841643810272217,52915,nan,1.013903260231018,52189.39722902489,52000,52610.27505725742,nan,0,nan,nan,nan,nan,0.03317895159125328
15.390418180992128,rising,0,-0.0022781859152019024,-0.008138665929436684,1.5027211904525757,0.034719742834568024,-0.012256724759936333,0.3148919641971588,0.019236642867326736,-0.007408693432807922,1.5146245902142252,0.3752093209124603,52476,0.08998208212296177,-0.007311612889170347,0.004429496519101628,0.7940629730001092,0.0,0.0,0.3,0.0,-1.0,0.1,0.0,0.0,0.0,3.5841643810272217,52476,nan,0.9981828331947327,52571.531241474084,52000,52609.75847304698,nan,0,nan,nan,nan,nan,0.03317895159125328
15.410462849016767,rising,0,-0.0020480675157159567,-0.008394189178943634,1.5078930854797363,0.034281063824892044,-0.011788459494709969,0.3148995637893677,0.019236642867326736,-0.007408693432807922,1.5206302059203152,0.3762604142477432,52623,0.11771541550773534,-0.007313927629471563,0.004405663439498886,0.8202679746318609,0.0,0.0,0.3,0.0,-1.0,0.1,0.0,0.0,0.0,3.5841643810272217,52623,nan,0.9940052628517151,52940.363564101426,52000,52614.166540927705,nan,0,nan,nan,nan,nan,0.03317895159125328
15.430712763016345,rising,0,-0.0017788426484912634,-0.008715568110346794,1.5156744718551636,0.03451332449913025,-0.011297948658466339,0.31303706765174866,0.019236642867326736,-0.007408693432807922,1.5266631078207864,0.3750166658372401,52450,0.08489883475567339,-0.007419370244071659,0.004009244045505289,0.9356140217278153,0.0,0.0,0.3,0.0,-1.0,0.1,0.0,0.0,0.0,3.5841643810272217,52450,nan,0.9958081841468811,52670.78623674342,52000,52614.92147020525,nan,0,nan,nan,nan,nan,0.03317895159125328
15.450245268002618,rising,0,-0.0015699276700615883,-0.00887982826679945,1.520796537399292,0.034037306904792786,-0.0105806365609169,0.3112807273864746,0.019236642867326736,-0.007408693432807922,1.5326006004208466,0.3769253369383157,52716,0.13525954982363153,-0.007175496156852448,0.0040198170992984394,0.7552870083600283,0.0,0.0,0.3,0.0,-1.0,0.1,0.0,0.0,0.0,3.5841643810272217,52716,nan,0.9877890944480896,53367.66754795382,52000,52624.92147020525,nan,0,nan,nan,nan,nan,0.03317895159125328
15.47133643401321,rising,0,-0.0013161762617528439,-0.009125643409788609,1.5284464359283447,0.03418521583080292,-0.009389301761984825,0.30929288268089294,0.019236642867326736,-0.007408693432807922,1.5388754136161877,0.3762093707129179,52616,0.11636862039360985,-0.00681715492609469,0.0036790354402573833,0.8410119917243719,0.0,0.0,0.3,0.0,-1.0,0.1,0.0,0.0,0.0,3.5841643810272217,52616,nan,0.9783334136009216,53781.25623486364,52000,52634.92147020525,nan,0,nan,nan,nan,nan,0.03317895159125328
15.491173757996876,rising,0,-0.0012079722946509719,-0.009113342501223087,1.5309813022613525,0.03470734879374504,-0.00788772851228714,0.30830979347229004,0.019236642867326736,-0.007408693432807922,1.5447529851167927,0.38089048863362424,53271,0.2398809665863908,-0.005931968771767316,0.0032460208751630137,1.0794800182338804,0.0,0.0,0.3,0.0,-1.0,0.1,0.0,0.0,0.0,3.5841643810272217,53271,nan,0.9668284058570862,55098.71211611295,52000,52644.92147020525,nan,0,nan,nan,nan,nan,0.03317895159125328
15.51057844000752,rising,0,-0.0009127624216489494,-0.009264583699405193,1.5385254621505737,0.03511638566851616,-0.006440235301852226,0.3035760223865509,0.019236642867326736,-0.007408693432807922,1.550620875021559,0.3811722410515537,53310,0.24731506732331532,-0.005326778964696519,0.002719207086903319,0.9322740079369396,0.0,0.0,0.3,0.0,-1.0,0.1,0.0,0.0,0.0,3.5841643810272217,53310,nan,0.9632821679115295,55342.039721943795,52000,52654.92147020525,nan,0,nan,nan,nan,nan,0.03317895159125328
15.530755231011426,rising,0,-0.0006946971989236772,-0.009220298379659653,1.5460764169692993,0.03440546616911888,-0.004792615305632353,0.29635027050971985,0.019236642867326736,-0.007408693432807922,1.5566207103140186,0.38285520056658917,53546,0.2917203315722716,-0.004396380927087211,0.0028508017376664974,1.082396978745237,0.0,0.0,0.3,0.0,-1.0,0.1,0.0,0.0,0.0,3.5841643810272217,53546,nan,0.9816966652870178,54544.34337346435,52000,52664.92147020525,nan,0,nan,nan,nan,nan,0.03317895159125328
15.55071742401924,rising,0,-0.00047579864622093737,-0.009259380400180817,1.550981879234314,0.033478666096925735,-0.0028670765459537506,0.2923980951309204,0.019236642867326736,-0.007408693432807922,1.5626221977145176,0.3862117695801537,54015,0.3802841577876954,-0.003401498765745829,0.0030792569234612266,1.0540139919612557,0.0,0.0,0.3,0.0,-1.0,0.1,0.0,0.0,0.0,3.5841643810272217,54015,nan,0.9954766035079956,54260.441490693614,52000,52674.92147020525,nan,0,nan,nan,nan,nan,0.03317895159125328
15.571064478019252,rising,0,-0.00032375333830714226,-0.00924875121563673,1.5559583902359009,0.03315960615873337,-0.0012734901392832398,0.29168781638145447,0.019236642867326736,-0.007408693432807922,1.5686039382155286,0.3878351240471666,54242,0.4231167294766891,-0.002554505350959145,0.003074087555155147,1.4898419904056937,0.0,0.0,0.3,0.0,-1.0,0.1,0.0,0.0,0.0,3.5841643810272217,54242,nan,0.9908328652381897,54743.844197134684,52000,52684.92147020525,nan,0,nan,nan,nan,nan,0.03317895159125328
15.591042425017804,rising,0,-0.00018285632540937513,-0.009204098954796791,1.5608839988708496,0.03274255990982056,-1.437027458450757e-05,0.29016390442848206,0.019236642867326736,-0.007408693432807922,1.5746701116178883,0.39003604644959894,54550,0.4811885606754327,-0.001848650154609662,0.003126094862616169,1.1617710115388036,0.0,0.0,0.3,0.0,-1.0,0.1,0.0,0.0,0.0,3.578885793685913,54550,nan,0.9706596732139587,56198.893912404,52000,52694.92147020525,nan,0,nan,nan,nan,nan,0.03317895159125328
15.610844634997193,rising,0,8.697459998074919e-05,-0.008979901671409607,1.5682847499847412,0.032422251999378204,0.001167650450952351,0.286891907453537,0.019236642867326736,-0.007408693432807922,1.5806171466218073,0.38986663187043363,54526,0.47671851900880213,-0.0010130517349870023,0.003014925083835829,1.1310449917800725,0.0,0.0,0.3,0.0,-1.0,0.1,0.0,0.0,0.0,3.578885793685913,54526,nan,0.9983053207397461,54618.56094245409,52000,52704.92147020525,nan,0,nan,nan,nan,nan,0.03317895159125328
15.631535869004438,rising,0,0.00030286319088190794,-0.008838118053972721,1.5756522417068481,0.03171619400382042,0.0025521093048155308,0.2859914004802704,0.019236642867326736,-0.007408693432807922,1.5867034029157365,0.38872637196102916,54367,0.4466325055680507,-0.00015781871113007025,0.003164887212181,1.2644770031329244,0.0,0.0,0.3,0.0,-1.0,0.1,0.0,0.0,0.0,3.578885793685913,54367,nan,1.020798921585083,53259.26472921782,52000,52712.31271365875,nan,0,nan,nan,nan,nan,0.03317895159125328
15.65095312599442,rising,0,0.00046238588402047753,-0.008683511056005955,1.5805902481079102,0.0319303497672081,0.0038084809202700853,0.28796303272247314,0.019236642867326736,-0.007408693432807922,1.592630051114247,0.3889881505561615,54404,0.4535395925108556,0.0006472438874690623,0.0028886083056396394,1.2298639921937138,0.0,0.0,0.3,0.0,-1.0,0.1,0.0,0.0,0.0,3.578885793685913,54404,nan,1.0280089378356934,52921.718866120784,52000,52715.10479569158,nan,0,nan,nan,nan,nan,0.03317895159125328
15.670387804013444,rising,0,0.0005921230767853558,-0.008469218388199806,1.5855776071548462,0.03117964044213295,0.004863011185079813,0.2912620007991791,0.019236642867326736,-0.007408693432807922,1.598602722614305,0.38858393588673174,54347,0.4428742978029465,0.001411265617000407,0.0031444476431341517,0.8489649917464703,0.0,0.0,0.3,0.0,-1.0,0.1,0.0,0.0,0.0,3.578885793685913,54347,nan,1.0124398469924927,53679.238486553746,52000,52725.10479569158,nan,0,nan,nan,nan,nan,0.03317895159125328
15.690848758007633,rising,0,0.0007537729106843472,-0.008043491281569004,1.593041181564331,0.031181300058960915,0.005995889659970999,0.2946506440639496,0.019236642867326736,-0.007408693432807922,1.6046717247168998,0.3851586187738595,53868,0.35249653756885024,0.0024542200522832402,0.0030036708360074993,1.0353219986427575,0.0,0.0,0.3,0.0,-1.0,0.1,0.0,0.0,0.0,3.578885793685913,53868,nan,1.012743353843689,53190.1787314165,52000,52731.30578150124,nan,0,nan,nan,nan,nan,0.03317895159125328
15.71055742201861,rising,0,0.0008695998694747686,-0.007788803428411484,1.5980607271194458,0.03009236603975296,0.007100511807948351,0.2976680397987366,0.019236642867326736,-0.007408693432807922,1.6105890744162024,0.38478618932976644,53816,0.34266990316006307,0.003295513846025214,0.003452168155835267,1.0108669812325388,0.0,0.0,0.3,0.0,-1.0,0.1,0.0,0.0,0.0,3.578885793685913,53816,nan,1.0264084339141846,52431.3696398362,52000,52727.30663294571,nan,0,nan,nan,nan,nan,0.03317895159125328
15.73032906500157,rising,0,0.001051755272783339,-0.007455614395439625,1.605652093887329,0.02966943569481373,0.007786305621266365,0.30127349495887756,0.019236642867326736,-0.007408693432807922,1.6165694517141673,0.3809817231976952,53284,0.24228821102098053,0.004038268358828038,0.0035174145648690924,0.6356009980663657,0.0,0.0,0.3,0.0,-1.0,0.1,0.0,0.0,0.0,3.578885793685913,53284,nan,1.0237435102462769,52048.19319165377,52000,52718.25178706181,nan,0,nan,nan,nan,nan,0.03317895159125328
15.751153824006906,rising,0,0.0011512897908687592,-0.007178537547588348,1.6107549667358398,0.028571629896759987,0.008490941487252712,0.3057793378829956,0.019236642867326736,-0.007408693432807922,1.6226155572163405,0.3799214978576713,53136,0.21431392764304213,0.004712214527807302,0.004000350897121141,1.4804820239078254,0.0,0.0,0.3,0.0,-1.0,0.1,0.0,0.0,0.0,3.578885793685913,53136,nan,1.016161561012268,52290.89747014992,52000,52712.553729502986,nan,0,nan,nan,nan,nan,0.03317895159125328
15.77195278700674,rising,0,0.0012955274432897568,-0.006655314937233925,1.6183807849884033,0.028204282745718956,0.009066478349268436,0.30815985798835754,0.019236642867326736,-0.007408693432807922,1.6287873129214858,0.37692586815480406,52717,0.13527356608981478,0.0056103225838088685,0.004073994379328427,1.1258290032856166,0.0,0.0,0.3,0.0,-1.0,0.1,0.0,0.0,0.0,3.578885793685913,52717,nan,1.0182387828826904,51772.72844661765,52000,52702.553729502986,nan,0,nan,nan,nan,nan,0.03317895159125328
15.790672660019482,rising,0,0.001378979766741395,-0.006342947483062744,1.6235198974609375,0.028472207486629486,0.009785049594938755,0.31240877509117126,0.019236642867326736,-0.007408693432807922,1.6346038209216203,0.3756605314637115,52540,0.10188737371270307,0.006344403546638835,0.0038562138203221963,1.0702529980335385,0.0,0.0,0.3,0.0,-1.0,0.1,0.0,0.0,0.0,3.578885793685913,52540,nan,1.009075403213501,52067.46674498372,52000,52694.08590304273,nan,0,nan,nan,nan,nan,0.03317895159125328
15.810887032013852,rising,0,0.0013752352679148316,-0.005951193161308765,1.6287158727645874,0.027755344286561012,0.010691513307392597,0.313742458820343,0.019236642867326736,-0.007408693432807922,1.6406338305154349,0.37605101974448907,52594,0.11219049457754693,0.007236653570047472,0.004237454142118402,1.136799983214587,0.0,0.0,0.3,0.0,-1.0,0.1,0.0,0.0,0.0,3.578885793685913,52594,nan,0.9898133873939514,53135.26839485682,52000,52699.96833626692,nan,0,nan,nan,nan,nan,0.03317895159125328
15.830521853000391,rising,0,0.0014799145283177495,-0.005472569726407528,1.6364103555679321,0.027360569685697556,0.011283657513558865,0.3121010661125183,0.019236642867326736,-0.007408693432807922,1.6466366010194178,0.3747698849996011,52415,0.07838746700794452,0.008088277228187927,0.004350889994843232,0.8479559910483658,0.0,0.0,0.3,0.0,-1.0,0.1,0.0,0.0,0.0,3.578885793685913,52415,nan,0.9844819903373718,53241.19741595061,52000,52707.18472399603,nan,0,nan,nan,nan,nan,0.03317895159125328
15.851281052018749,rising,0,0.001502298517152667,-0.005068874452263117,1.6415990591049194,0.026177791878581047,0.0121897142380476,0.3089839518070221,0.019236642867326736,-0.007408693432807922,1.6526765764852978,0.3760632173022922,52596,0.11251232987578241,0.008971781165047616,0.004941155742251402,1.317320973612368,0.0,0.0,0.2973113756801468,0.0,-1.0,0.1,0.0,0.0,0.0,3.578885793685913,52596,nan,0.9978217482566833,52710.81742995845,52000,52707.233160075535,nan,0,nan,nan,nan,nan,0.03317895159125328
15.870898647001013,rising,0,0.001548209460452199,-0.004487878642976284,1.6492241621017456,0.02548210136592388,0.012538471259176731,0.3075252175331116,0.019236642867326736,-0.007408693432807922,1.658544488654654,0.3716185724031996,51974,-0.004760622606871934,0.00989221884803048,0.005325251722730684,0.9637479961384088,0.0,0.0,0.2913302366854624,0.0,-1.0,0.1,0.0,0.0,0.0,3.578885793685913,51974,nan,1.003478765487671,51793.821441494736,52000,52697.233160075535,nan,0,nan,nan,nan,nan,0.03317895159125328
15.891856517991982,rising,0,0.0015596984885632992,-0.004131991416215897,1.654397964477539,0.024980733171105385,0.012800467200577259,0.3081069588661194,0.019236642867326736,-0.007408693432807922,1.6644127355158125,0.36915500087302244,51630,-0.06976250994663857,0.010485856352835735,0.005619975439366209,1.035427994793281,0.0,0.0,0.28522334878216504,0.0,-1.0,0.1,0.0,0.0,0.0,3.578885793685913,51630,nan,0.9920794367790222,52042.20356348357,52000,52688.49943212098,nan,0,nan,nan,nan,nan,0.03317895159125328
15.910924479016103,rising,0,0.0015596536686643958,-0.0038317758589982986,1.6594538688659668,0.024595631286501884,0.013078045099973679,0.30722010135650635,0.019236642867326736,-0.007408693432807922,1.669918940960816,0.36724849786560326,51363,-0.12006601937722472,0.011018499471651408,0.005858925890188882,1.173980999737978,0.0,0.0,0.27937185868213427,0.0,-1.0,0.1,0.0,0.0,0.0,3.578885793685913,51363,nan,0.9689288139343262,53010.08625333478,52000,52692.78725640383,nan,0,nan,nan,nan,nan,0.03317895159125328
15.931025622994639,rising,0,0.001452013966627419,-0.0032281538005918264,1.667035698890686,0.02358129434287548,0.013501138426363468,0.30332711338996887,0.019236642867326736,-0.007408693432807922,1.6754717621544752,0.36365883312163083,50861,-0.2147801287168658,0.012024027840118986,0.006593020279304751,1.0096349869854748,0.0,0.0,0.27334400067920805,0.0,-1.0,0.1,0.0,0.0,0.0,3.578885793685913,50861,nan,0.9930098652839661,51219.02790508082,52000,52682.78725640383,nan,0,nan,nan,nan,nan,0.03317895159125328
15.95098488900112,rising,0,0.001410057651810348,-0.0028390749357640743,1.6719988584518433,0.02330390177667141,0.01332378014922142,0.3017961084842682,0.019236642867326736,-0.007408693432807922,1.6808341514368441,0.36195928640092984,50623,-0.2596230501073933,0.012412510354005236,0.006823620751220449,1.34724797680974,0.0,0.0,0.2673939212807455,0.0,-1.0,0.1,0.0,0.0,0.0,3.578885793685913,50623,nan,0.9924367666244507,51008.79139351386,52000,52672.78725640383,nan,0,nan,nan,nan,nan,0.03317895159125328
15.970761338016018,rising,0,0.001343649229966104,-0.0025247600860893726,1.67689847946167,0.02205134928226471,0.013295694254338741,0.29939141869544983,0.019236642867326736,-0.007408693432807922,1.6861364949405457,0.3606696215760356,50443,-0.29365114575104023,0.012790020201728548,0.007616261507434219,1.0869840043596923,0.0,0.0,0.26137731928320146,0.0,-1.0,0.1,0.0,0.0,0.0,3.578885793685913,50443,nan,0.9761800765991211,51673.86756727976,52000,52662.78725640383,nan,0,nan,nan,nan,nan,0.03317895159125328
15.990115927008446,rising,0,0.0012270734878256917,-0.002043970860540867,1.6842241287231445,0.021545182913541794,0.012921871617436409,0.29660964012145996,0.019236642867326736,-0.007408693432807922,1.691265689979899,0.3563477054716613,49838,-0.40768587146012614,0.013275119518825335,0.008123590987350937,0.6962510233279318,0.0,0.0,0.255422367877327,0.0,-1.0,0.1,0.0,0.0,0.0,3.6000001430511475,49838,nan,0.9888749122619629,50398.689846423586,52000,52652.78725640383,nan,0,nan,nan,nan,nan,0.03317895159125328
16.010505264013773,rising,0,0.0011649838415905833,-0.0017489470774307847,1.6889139413833618,0.02016967162489891,0.012726891785860062,0.29322823882102966,0.019236642867326736,-0.007408693432807922,1.6963531996800987,0.35552320212156685,49723,-0.42944057726736595,0.013528281011936006,0.00898611472478894,0.8376920013688505,0.0,0.0,0.24937538008380222,0.0,-1.0,0.1,0.0,0.0,0.0,3.6000001430511475,49723,nan,0.9937843084335327,50033.99588626693,52000,52642.78725640383,nan,0,nan,nan,nan,nan,0.03317895159125328
16.030713617015863,rising,0,0.0010404270142316818,-0.0013828449882566929,1.6935957670211792,0.019587084650993347,0.012139412574470043,0.2901346683502197,0.019236642867326736,-0.007408693432807922,1.7012870062221124,0.35439085504228846,49565,-0.4593178089105958,0.013653258143251204,0.00948421707836844,0.9374479996040463,0.0,0.0,0.24336761548474906,0.0,-1.0,0.1,0.0,0.0,0.0,3.6000001430511475,49565,nan,0.9679946899414062,51203.79328010593,52000,52632.78725640383,nan,0,nan,nan,nan,nan,0.03317895159125328
16.050498957018135,rising,0,0.0008259945898316801,-0.0009298608638346195,1.7003644704818726,0.0190524160861969,0.011523101478815079,0.2832958996295929,0.019236642867326736,-0.007408693432807922,1.7060740413781281,0.3523546764702474,49280,-0.5130428371966413,0.013896679386113307,0.010085963332083114,0.949975015828386,0.0,0.0,0.23739329218224164,0.0,-1.0,0.1,0.0,0.0,0.0,3.6000001430511475,49280,nan,0.9652950167655945,51051.75013243315,52000,52622.78725640383,nan,0,nan,nan,nan,nan,0.03317895159125328
16.071498417994007,rising,0,0.0006437316769734025,-0.0005137937841936946,1.7068663835525513,0.017588211223483086,0.011148503981530666,0.2746966779232025,0.019236642867326736,-0.007408693432807922,1.7110105415125756,0.35154567078577514,49167,-0.5343886336207095,0.01418916084610224,0.011149627963205067,0.8118450059555471,0.0,0.0,0.23107071448466748,0.0,-1.0,0.1,0.0,0.0,0.0,3.6000001430511475,49167,nan,0.9537292718887329,51552.36548693881,52000,52612.78725640383,nan,0,nan,nan,nan,nan,0.03317895159125328
16.09077239999897,rising,0,0.00044031243305653334,-0.00019937253091484308,1.711084008216858,0.017078477889299393,0.010618338361382484,0.26391685009002686,0.019236642867326736,-0.007408693432807922,1.7153302195665683,0.35423031009750905,49542,-0.46355382328472317,0.01413740895904549,0.01158265743600917,1.158108003437519,0.0,0.0,0.22539269788539976,0.0,-1.0,0.1,0.0,0.0,0.0,3.6000001430511475,49542,nan,0.9455652832984924,52394.055571899386,52000,52609.87083394377,nan,0,nan,nan,nan,nan,0.03317895159125328
16.110706531995675,rising,0,0.00023763086937833577,0.00012212569708935916,1.7151918411254883,0.015921110287308693,0.010442972183227539,0.2535848915576935,0.019236642867326736,-0.007408693432807922,1.7197963413155888,0.35684088751791493,49907,-0.3946731525616123,0.014296249596770914,0.012373849446553509,1.0073029843624681,0.0,0.0,0.21936771688342568,0.0,-1.0,0.1,0.0,0.0,0.0,3.6000001430511475,49907,nan,0.9628368020057678,51833.29085057245,52000,52599.87083394377,nan,0,nan,nan,nan,nan,0.03317895159125328
16.131333063996863,rising,0,-4.86389035359025e-06,0.0005335668101906776,1.7210279703140259,0.01597844809293747,0.010115130804479122,0.24470402300357819,0.019236642867326736,-0.007408693432807922,1.724235780673172,0.3564624095430831,49855,-0.4046593788104733,0.014589278332556865,0.012626949070519977,1.1680210009217262,0.0,0.0,0.21321006448124544,0.0,-1.0,0.1,0.0,0.0,0.0,3.6000001430511475,49855,nan,0.9690402746200562,51447.81007120398,52000,52589.87083394377,nan,0,nan,nan,nan,nan,0.03317895159125328
16.15109097500681,rising,0,-0.00017777721222955734,0.0008339377236552536,1.7247190475463867,0.016349531710147858,0.01007648091763258,0.23817294836044312,0.019236642867326736,-0.007408693432807922,1.7283759136113122,0.35734071942767204,49977,-0.3814849755231666,0.014868064580282333,0.012581774379887056,0.9268819994758815,0.0,0.0,0.20730280228017373,0.0,-1.0,0.1,0.0,0.0,0.0,3.6000001430511475,49977,nan,0.9615817666053772,51973.73924469392,52000,52581.65574608711,nan,0,nan,nan,nan,nan,0.03317895159125328
16.17175715099438,rising,0,-0.0004639904364012182,0.0012718245852738619,1.7300620079040527,0.016064681112766266,0.010413098149001598,0.22920012474060059,0.019236642867326736,-0.007408693432807922,1.7325414206228034,0.35730446792900267,49972,-0.3824414794458413,0.015548433202146366,0.013062948436149968,1.083857991034165,0.0,0.0,0.2011843622807647,0.0,-1.0,0.1,0.0,0.0,0.0,3.6000001430511475,49972,nan,0.9509493708610535,52549.59047373047,52000,52581.22820912236,nan,0,nan,nan,nan,nan,0.03317895159125328
16.19108945899643,rising,0,-0.0005637233844026923,0.0014329019468277693,1.731727123260498,0.016640326008200645,0.01082942821085453,0.21874986588954926,0.019236642867326736,-0.007408693432807922,1.736393757354063,0.3623541329776347,50679,-0.24920493462705373,0.015739346459561487,0.012673249196675673,1.2514400004874915,0.0,0.0,0.19535543398524177,0.0,-1.0,0.1,0.0,0.0,0.0,3.594721555709839,50679,nan,0.9544979333877563,53094.92899594588,52000,52588.07755294668,nan,0,nan,nan,nan,nan,0.03317895159125328
16.21043367899256,rising,0,-0.0008215556154027581,0.0018667059484869242,1.736704707145691,0.01759210228919983,0.011394848115742207,0.2086266130208969,0.019236642867326736,-0.007408693432807922,1.7402145141345957,0.3629975002424616,50769,-0.23222954505378546,0.016501112121672476,0.012410483747490986,0.9173229918815196,0.0,0.0,0.18939717928005856,0.0,-1.0,0.1,0.0,0.0,0.0,3.594721555709839,50769,nan,0.9561878442764282,53095.215865684004,52000,52594.839397116506,nan,0,nan,nan,nan,nan,0.03317895159125328
16.231166195997503,rising,0,-0.0009842700092121959,0.0021194652654230595,1.739829421043396,0.01768503710627556,0.011928238905966282,0.19896283745765686,0.019236642867326736,-0.007408693432807922,1.743981187079573,0.3656077935459872,51134,-0.16335637081828125,0.016951740149939006,0.012449065290226269,1.295986003242433,0.0,0.0,0.18333381508127794,0.0,-1.0,0.1,0.0,0.0,0.0,3.594721555709839,51134,nan,0.9432147145271301,54212.470620367116,52000,52604.839397116506,nan,0,nan,nan,nan,nan,0.03317895159125328
16.251092502992833,rising,0,-0.0012165256775915623,0.0024888520129024982,1.7442958354949951,0.018744364380836487,0.011984942480921745,0.18737459182739258,0.019236642867326736,-0.007408693432807922,1.7475693085412305,0.3673239031940536,51374,-0.11807643287457559,0.01730567135843983,0.012067012448614411,1.3198959932196885,0.0,0.0,0.17736520198523076,0.0,-1.0,0.1,0.0,0.0,0.0,3.594721555709839,51374,nan,0.9484655261039734,54165.384598668315,52000,52614.839397116506,nan,0,nan,nan,nan,nan,0.03317895159125328
16.271598323015496,rising,0,-0.001304157543927431,0.0027433838695287704,1.7470991611480713,0.01890416443347931,0.011956176720559597,0.17735226452350616,0.019236642867326736,-0.007408693432807922,1.7511154927402874,0.3702171617621346,51778,-0.041737156671912246,0.017429921596242823,0.01198105829121432,1.4566199970431626,0.0,0.0,0.17126209258276512,0.0,-1.0,0.1,0.0,0.0,0.0,3.594721555709839,51778,nan,0.9715354442596436,53295.01904015176,52000,52623.908459023645,nan,0,nan,nan,nan,nan,0.03317895159125328
16.291062624019105,rising,0,-0.0014815798494964838,0.003088993951678276,1.7512056827545166,0.020166553556919098,0.01155020296573639,0.17033694684505463,0.019236642867326736,-0.007408693432807922,1.7544172683686787,0.3697786498510618,51717,-0.053307391792566605,0.01760480919639229,0.01150437488653222,1.2677140184678137,0.0,0.0,0.16537726258102348,0.0,-1.0,0.1,0.0,0.0,0.0,3.594721555709839,51717,nan,0.9699286818504333,53320.41516839581,52000,52633.19521514861,nan,0,nan,nan,nan,nan,0.03317895159125328
16.31076308200136,rising,0,-0.0015842481516301632,0.0033203165512531996,1.7537091970443726,0.02044820971786976,0.011259463615715504,0.1627381294965744,0.019236642867326736,-0.007408693432807922,1.7576576856497008,0.3715098925343169,51959,-0.007628165321456493,0.017615307777211656,0.011409673112382501,1.1095720110461116,0.0,0.0,0.159390679182252,0.0,-1.0,0.1,0.0,0.0,0.0,3.594721555709839,51959,nan,0.9713943600654602,53489.089638628946,52000,52643.19521514861,nan,0,nan,nan,nan,nan,0.03317895159125328
16.331715489010094,rising,0,-0.0016871062107384205,0.0036664949730038643,1.7573697566986084,0.021812256425619125,0.010806615464389324,0.1569211333990097,0.019236642867326736,-0.007408693432807922,1.7608711758414628,0.3707776602970778,51857,-0.026948277121958242,0.017779201402831585,0.010807356481861818,1.1697789886966348,0.0,0.0,0.15322302207932817,0.0,-1.0,0.1,0.0,0.0,0.0,3.594721555709839,51857,nan,0.9667954444885254,53638.02683972564,52000,52653.19521514861,nan,0,nan,nan,nan,nan,0.03317895159125328
16.35089416700066,rising,0,-0.0017394761089235544,0.0038801550399512053,1.7597568035125732,0.02307945117354393,0.010037131607532501,0.1491074413061142,0.019236642867326736,-0.007408693432807922,1.7638065696900649,0.37244033295117057,52089,0.01692171375120033,0.01751591793044661,0.01013483675057314,1.1430569866206497,0.0,0.0,0.14736369358142845,0.0,-1.0,0.1,0.0,0.0,0.0,3.594721555709839,52089,nan,0.960440456867218,54234.49171425456,52000,52663.19521514861,nan,0,nan,nan,nan,nan,0.03317895159125328
16.370065419992898,rising,0,-0.0017925765132531524,0.00408166041597724,1.7620922327041626,0.023161323741078377,0.009123182855546474,0.1404835730791092,0.019236642867326736,-0.007408693432807922,1.7666743593831007,0.3744408463355343,52369,0.0697057080615906,0.017149357560954197,0.01009368293524493,0.6130789988674223,0.0,0.0,0.14140503657981762,0.0,-1.0,0.1,0.0,0.0,0.0,3.594721555709839,52369,nan,0.9672460556030273,54142.376385655734,52000,52673.19521514861,nan,0,nan,nan,nan,nan,0.03317895159125328
16.390313993993914,rising,0,-0.0017529380274936557,0.004332999233156443,1.765365719795227,0.024213047698140144,0.007995232939720154,0.1340782642364502,0.019236642867326736,-0.007408693432807922,1.7694419607363405,0.3740115139882709,52309,0.05837767779078895,0.016834522316058836,0.009500446209226743,0.8082389831542969,0.0,0.0,0.1354061429854483,0.0,-1.0,0.1,0.0,0.0,0.0,3.5841643810272217,52309,nan,0.9537834525108337,54843.68580970515,52000,52683.19521514861,nan,0,nan,nan,nan,nan,0.03317895159125328
16.410547242005123,rising,0,-0.001747555797919631,0.004522127099335194,1.7675014734268188,0.024383924901485443,0.006889423355460167,0.12384148687124252,0.019236642867326736,-0.007408693432807922,1.7721044498423217,0.3767730134500819,52695,0.1312404604243227,0.016324826362037657,0.009334388165850749,0.8519830007571727,0.0,0.0,0.12937283368082725,0.0,-1.0,0.1,0.0,0.0,0.0,3.5841643810272217,52695,nan,0.9776668548583984,53898.72811800717,52000,52693.19521514861,nan,0,nan,nan,nan,nan,0.03317895159125328
16.431513096991694,rising,0,-0.0017063721315935254,0.004708154127001762,1.770605206489563,0.02548634447157383,0.00533199543133378,0.120182104408741,0.019236642867326736,-0.007408693432807922,1.774659160887743,0.3748817082219537,52431,0.08133794780880343,0.015774601880026246,0.008749370484161467,1.3340720033738762,0.0,0.0,0.12330654267861982,0.0,-1.0,0.1,0.0,0.0,0.0,3.5841643810272217,52431,nan,1.003919005393982,52226.32475159066,52000,52686.97027563451,nan,0,nan,nan,nan,nan,0.03317895159125328
16.45077674201457,rising,0,-0.0016636413056403399,0.004735004156827927,1.771594524383545,0.02660505659878254,0.003641959046944976,0.11965050548315048,0.019236642867326736,-0.007408693432807922,1.7770415348878823,0.3739177338585048,52296,0.05590326803442558,0.014939818721660014,0.008127819399142533,1.0530269937589765,0.0,0.0,0.11736728278046948,0.0,-1.0,0.1,0.0,0.0,0.0,3.5841643810272217,52296,nan,0.9993299841880798,52331.062639423,52000,52682.224840485025,nan,0,nan,nan,nan,nan,0.03317895159125328
16.470245510019595,rising,0,-0.0015871510840952396,0.0048818024806678295,1.7745788097381592,0.027635857462882996,0.001434402889572084,0.11959859728813171,0.019236642867326736,-0.007408693432807922,1.7793089540290639,0.37007228032605416,51758,-0.0455598858560915,0.014060495344215468,0.007572501426173384,0.8011619793251157,0.0,0.0,0.11142094768292744,0.0,-1.0,0.1,0.0,0.0,0.0,3.5841643810272217,51758,nan,0.9930146932601929,52122.08877803403,52000,52674.75635965235,nan,0,nan,nan,nan,nan,0.03317895159125328
16.490734827006236,rising,0,-0.0015199420740827918,0.0049747987650334835,1.7774518728256226,0.027655579149723053,-0.0010802126489579678,0.11872296780347824,0.019236642867326736,-0.007408693432807922,1.7814816686381811,0.3666264715610598,51276,-0.1364783229271822,0.012922202659144531,0.007559586552711162,1.1727639939635992,0.0,0.0,0.10540872268029497,0.0,-1.0,0.1,0.0,0.0,0.0,3.5841643810272217,51276,nan,0.9943925738334656,51565.147758824045,52000,52664.75635965235,nan,0,nan,nan,nan,nan,0.03317895159125328
16.51088434801204,rising,0,-0.001420833868905902,0.004948178306221962,1.779281497001648,0.02742670848965645,-0.0040247137658298016,0.1166430190205574,0.019236642867326736,-0.007408693432807922,1.783536264169623,0.36493517090244715,51040,-0.1811036701201285,0.011339039937547594,0.007611422625594777,1.1831930023618042,0.0,0.0,0.09938934298115791,0.0,-1.0,0.1,0.0,0.0,0.0,3.5841643810272217,51040,nan,0.9921684265136719,51442.878684768024,52000,52654.75635965235,nan,0,nan,nan,nan,nan,0.03317895159125328
16.530787632014835,rising,0,-0.0013419280294328928,0.004889014642685652,1.7820240259170532,0.027362003922462463,-0.0073830075562000275,0.11447318643331528,0.019236642867326736,-0.007408693432807922,1.7854621725364503,0.36199861972713443,50629,-0.25858523147402757,0.009510073835815678,0.00762172598553712,0.8304549846798182,0.0,0.0,0.09339537717751235,0.0,-1.0,0.1,0.0,0.0,0.0,3.5841643810272217,50629,nan,0.9820975661277771,51551.904562415795,52000,52644.75635965235,nan,0,nan,nan,nan,nan,0.03317895159125328
16.551529477001168,rising,0,-0.0012553953565657139,0.004795983899384737,1.7837152481079102,0.026966899633407593,-0.011019373312592506,0.11243607848882675,0.019236642867326736,-0.007408693432807922,1.7872886663071266,0.36015190918384726,50371,-0.30731110332856915,0.007436034678637888,0.007784114432691336,1.1869480076711625,0.0,0.0,0.08733155337977232,0.0,-1.0,0.1,0.0,0.0,0.0,3.5841643810272217,50371,nan,0.9914996027946472,50802.84435618932,52000,52634.75635965235,nan,0,nan,nan,nan,nan,0.03317895159125328
16.57123817599495,rising,0,-0.0011891721514984965,0.004701199941337109,1.785427212715149,0.025783024728298187,-0.014177680015563965,0.1082230806350708,0.019236642867326736,-0.007408693432807922,1.7889834691103932,0.35922282701537495,50241,-0.3318251447130631,0.0055912440559087485,0.008389657309192389,1.2541500036604702,0.0,0.0,0.08130140548455538,0.0,-1.0,0.1,0.0,0.0,0.0,3.5841643810272217,50241,nan,0.9787272214889526,51332.99544235379,52000,52624.75635965235,nan,0,nan,nan,nan,nan,0.03317895159125328
16.590711152995937,rising,0,-0.0010733650997281075,0.004457682371139526,1.787758708000183,0.02535531483590603,-0.016983723267912865,0.10398964583873749,0.019236642867326736,-0.007408693432807922,1.7905371975551756,0.3573919391892468,49985,-0.38013353062673616,0.003776968588383672,0.008542378870832756,0.9580389887560159,0.0,0.0,0.07535039128561047,0.0,-1.0,0.1,0.0,0.0,0.0,3.594721555709839,49985,nan,0.9722034335136414,51414.13646251913,52000,52614.75635965235,nan,0,nan,nan,nan,nan,0.03317895159125328
16.611168261995772,rising,0,-0.0010425322689116001,0.004322064109146595,1.7893240451812744,0.02413090504705906,-0.019278693944215775,0.09806230664253235,0.019236642867326736,-0.007408693432807922,1.7919865545228943,0.35720871515886377,49959,-0.3849679377608517,0.002342049185792651,0.009197802940626776,1.2595629959832877,0.0,0.0,0.06934022848436151,0.0,-1.0,0.1,0.0,0.0,0.0,3.594721555709839,49959,nan,0.9625099301338196,51904.91904125509,52000,52605.29186207372,nan,1,nan,nan,nan,nan,0.03317895159125328
16.63046183800907,rising,0,-0.0009444196475669742,0.003956685308367014,1.7913321256637573,0.02390286885201931,-0.02144729346036911,0.08958740532398224,0.019236642867326736,-0.007408693432807922,1.7933005006785503,0.357610056528616,50015,-0.37437845570934236,0.000717831330053543,0.00920527168125318,0.9105830104090273,0.0,0.0,0.0634011008805829,0.0,-1.0,0.1,0.0,0.0,0.0,3.594721555709839,50015,nan,0.954800546169281,52382.66798302879,52000,52602.323543686456,nan,2,nan,nan,nan,nan,0.03317895159125328
16.650813362008194,rising,0,-0.0009072727989405394,0.003764376975595951,1.7927165031433105,0.02305234596133232,-0.022856352850794792,0.07941129058599472,0.019236642867326736,-0.007408693432807922,1.7945052497724219,0.3594852171684288,50277,-0.3249019216773412,-0.00028387008684729854,0.0095891283917513,1.014252018649131,0.0,0.0,0.05741820387775087,0.0,-1.0,0.1,0.0,0.0,0.0,3.594721555709839,50277,nan,0.9591554999351501,52417.98645099705,52000,52599.86571578393,nan,3,nan,nan,nan,nan,0.03317895159125328
16.670730275014648,rising,0,-0.0007848974782973528,0.0034998166374862194,1.7938554286956787,0.02319403551518917,-0.024338210001587868,0.07146104425191879,0.019236642867326736,-0.007408693432807922,1.795598547946239,0.3603902169642466,50404,-0.30102329909639636,-0.0013992060755787304,0.009350581627129984,1.0970300063490868,0.0,0.0,0.05138940778269907,0.0,-1.0,0.1,0.0,0.0,0.0,3.594721555709839,50404,nan,0.9665836691856384,52146.54623998163,52000,52593.82145610657,nan,4,nan,nan,nan,nan,0.03317895159125328
16.6906468590023,rising,0,-0.0006958140875212848,0.0031864484772086143,1.7954760789871216,0.023601898923516273,-0.025078704580664635,0.06410466134548187,0.019236642867326736,-0.007408693432807922,1.7965668307830343,0.3602518203967064,50385,-0.30467492356975434,-0.0021588133951666814,0.009028815415395686,0.9354860230814666,0.0,0.0,0.04538613808399541,0.0,-1.0,0.1,0.0,0.0,0.0,3.594721555709839,50385,nan,0.978132426738739,51511.42996863136,52000,52583.82145610657,nan,5,nan,nan,nan,nan,0.03317895159125328
16.711005969002144,rising,0,-0.0006341190310195088,0.002964607672765851,1.7964041233062744,0.02349109947681427,-0.02503005973994732,0.058673929423093796,0.019236642867326736,-0.007408693432807922,1.797416894481744,0.35986197948645954,50330,-0.3149609634179562,-0.002380710675600391,0.009031598875262725,1.2258979841135442,0.0,0.0,0.03936830337916044,0.0,-1.0,0.1,0.0,0.0,0.0,3.594721555709839,50330,nan,0.9759202599525452,51571.83641463426,52000,52573.82145610657,nan,6,nan,nan,nan,nan,0.03317895159125328
16.730892152001616,rising,0,-0.0005189083749428391,0.0025552951265126467,1.7976593971252441,0.0243490319699049,-0.02511599287390709,0.054499704390764236,0.019236642867326736,-0.007408693432807922,1.7981421800533055,0.3582950777354863,50111,-0.3563040175333434,-0.0028960536434629964,0.008463555584580673,1.2354610080365092,0.0,0.0,0.03338700298045305,0.0,-1.0,0.1,0.0,0.0,0.0,3.594721555709839,50111,nan,0.9789299964904785,51189.56429944008,52000,52563.82145610657,nan,7,nan,nan,nan,nan,0.03317895159125328
16.75040777801769,rising,0,-0.00044425250962376595,0.0023248193319886923,1.7983007431030273,0.025305071845650673,-0.024905642494559288,0.048579271882772446,0.019236642867326736,-0.007408693432807922,1.798751226761112,0.3582065608409924,50098,-0.35863955564663996,-0.003036679630083439,0.007848467760217748,0.7864480139687657,0.0,0.0,0.027372686081798835,0.0,-1.0,0.1,0.0,0.0,0.0,3.594721555709839,50098,nan,0.9415048956871033,53210.55708737324,52000,52572.4445978568,nan,8,nan,nan,nan,nan,0.03317895159125328
16.771635279001202,rising,0,-0.0002850054588634521,0.0020100108813494444,1.7992055416107178,0.025596076622605324,-0.0241727065294981,0.03904912620782852,0.019236642867326736,-0.007408693432807922,1.7992567195258165,0.35934415507218315,50258,-0.32862387672340176,-0.002969551668996786,0.007484382525214439,1.1269990063738078,0.0,0.0,0.021117961182608357,0.0,-1.0,0.1,0.0,0.0,0.0,3.594721555709839,50258,nan,0.9503611922264099,52883.05163456922,52000,52576.58602501296,nan,9,nan,nan,nan,nan,0.03317895159125328
16.790527258010115,nav_to_wp,0,-0.0001705335162114352,0.0018914492102339864,1.7996554374694824,0.026374977082014084,-0.023263592272996902,0.029442695900797844,0.01923664286726037,-0.007408693439682511,1.7992567195258191,0.3530239701494056,49374,-0.4953833733666073,-0.002640838945000842,0.007047373605550522,0.8838940120767802,-1.9606492442810668e-08,-2.030901476066599e-06,7.575710117653473e-10,0.0,-1.0,0.1,0.0,0.0,0.0,3.5894429683685303,49374,nan,0.9587547183036804,51498.05164699179,52000,52566.58602501296,nan,10,nan,nan,nan,nan,0.03317895159125328
16.810878791002324,nav_to_wp,0,-8.38489067973569e-05,0.001787925255484879,1.8000023365020752,0.026284992694854736,-0.02175535447895527,0.02148091234266758,0.01923605334983766,-0.007469757488106347,1.7992567423040549,0.3565705768106612,49870,-0.40180536119627597,0.0015777559785729262,0.0068970776634653674,1.0379269951954484,-5.8434504230717486e-05,-0.006052827717223835,2.257838143216864e-06,0.0,-1.0,0.1,0.0,0.0,0.0,3.5894429683685303,49870,nan,0.9653588533401489,51659.54590611504,52000,52556.58602501296,nan,11,nan,nan,nan,nan,0.03317895159125328
16.830996136995964,nav_to_wp,0,6.990411202423275e-05,0.0016372976824641228,1.8002779483795166,0.026753000915050507,-0.020567776635289192,0.015651529654860497,0.019234326830336167,-0.007648595748660285,1.7992568090146677,0.3591448835729124,50230,-0.3338816999231575,0.005569642651327275,0.006381881027275771,1.0573140170890838,-0.00011582272075964456,-0.011997277699666473,4.475249002708451e-06,0.0,-1.0,0.1,0.0,0.0,0.0,3.5894429683685303,50230,nan,0.9892722368240356,50774.69894561949,52000,52546.58602501296,nan,12,nan,nan,nan,nan,0.03317895159125328
16.850852887000656,nav_to_wp,0,0.00021208581165410578,0.0015938933938741684,1.8003822565078735,0.027132727205753326,-0.019236387684941292,0.011065289378166199,0.019231423941921115,-0.007949285960547179,1.799256921178744,0.3613189021710491,50534,-0.27651973163458976,0.009886020070632207,0.005940540256616611,1.1306740052532405,-0.00017386475849799266,-0.018009452516786702,6.7179227181942705e-06,0.0,-1.0,0.1,0.0,0.0,0.0,3.5894429683685303,50534,nan,0.9541884064674377,52960.19073118397,52000,52552.100754428575,nan,13,nan,nan,nan,nan,0.03317895159125328
16.870946002018172,nav_to_wp,0,0.0004645311273634434,0.0015221508219838142,1.8003251552581787,0.026947038248181343,-0.01728155091404915,0.0024826722219586372,0.019227393413523634,-0.008366780629501573,1.799257076913457,0.3657019771451364,51147,-0.16087131543175737,0.014478007189411684,0.005658859145867723,1.0876070009544492,-0.00023146165852012938,-0.02397551858459629,8.94339685394757e-06,0.0,-1.0,0.1,0.0,0.0,0.0,3.5894429683685303,51147,nan,0.9715744853019714,52643.416200975254,52000,52553.31829371587,nan,14,nan,nan,nan,nan,0.03317895159125328
16.890649962006137,nav_to_wp,0,0.0006042250897735357,0.0015410662163048983,1.8001362085342407,0.02787153236567974,-0.015378238633275032,-0.00527599174529314,0.01922216513687065,-0.008908341788531046,1.7992572789277055,0.36984648014087323,51726,-0.0515176743832928,0.019207414043804667,0.004907334713674105,0.9963750198949128,-0.00028958179797497003,-0.02999578342045754,1.1189088324728296e-05,0.0,-1.0,0.1,0.0,0.0,0.0,3.5894429683685303,51726,nan,0.9474220871925354,54596.57390221707,52000,52563.31829371587,nan,15,nan,nan,nan,nan,0.03317895159125328
16.910663901013322,nav_to_wp,0,0.0007691512582823634,0.0015546816866844893,1.7998476028442383,0.028313226997852325,-0.012985756620764732,-0.015416143462061882,0.01921579723069815,-0.009567949318175051,1.7992575249758518,0.375318227178571,52492,0.092855598379181,0.024116753816671173,0.004387003736908923,1.019401999656111,-0.00034747902834598115,-0.03599295864002467,1.3426166859734766e-05,0.0,-1.0,0.1,0.0,0.0,0.0,3.5894429683685303,52492,nan,0.964394748210907,54429.9936280038,52000,52573.31829371587,nan,16,nan,nan,nan,nan,0.03317895159125328
16.931815768009983,nav_to_wp,0,0.0010364019544795156,0.0016434239223599434,1.7993183135986328,0.02976793237030506,-0.011241304688155651,-0.022834230214357376,0.019208037265839837,-0.010371750616696037,1.799257824811452,0.3797386787725115,53110,0.20949020507945804,0.028946431312553034,0.003248707899529135,1.1356449977029115,-0.0004070488751308195,-0.042163388670652134,1.572787325781335e-05,0.0,-1.0,0.1,0.0,0.0,0.0,3.5894429683685303,53110,nan,0.968305230140686,54848.40765786589,52000,52583.31829371587,nan,17,nan,nan,nan,nan,0.03317895159125328
16.95093674401869,nav_to_wp,0,0.0012178152101114392,0.0017113289795815945,1.798876404762268,0.031079161912202835,-0.010062054730951786,-0.028279557824134827,0.019199531134041877,-0.011252842207886232,1.7992581534780347,0.3830687366567892,53576,0.2973545292028792,0.03336378503484504,0.0023080131508412816,1.097014988772571,-0.000463635450991705,-0.048024802219079385,1.791430969728912e-05,0.0,-1.0,0.1,0.0,0.0,0.0,3.5894429683685303,53576,nan,0.9829304218292236,54506.4012774125,52000,52593.31829371587,nan,18,nan,nan,nan,nan,0.03317895159125328
16.97076220001327,nav_to_wp,0,0.0015294963959604502,0.0017693319823592901,1.7980643510818481,0.03146842122077942,-0.009234827011823654,-0.031340934336185455,0.019189858121866504,-0.012254802898319692,1.7992585272314556,0.38567806341839533,53941,0.3662022010130688,0.03772697089307555,0.0017277316899548811,1.0868689860217273,-0.0005205628271629934,-0.053921516923766996,2.011391424608965e-05,0.0,-1.0,0.1,0.0,0.0,0.0,3.5894429683685303,53941,nan,0.9811182618141174,54979.1009905997,52000,52603.31829371587,nan,19,nan,nan,nan,nan,0.03317895159125328
16.990693969011772,nav_to_wp,0,0.0017481630202382803,0.0018664548406377435,1.797468662261963,0.03221433609724045,-0.009569698944687843,-0.03509270399808884,0.019178645728095946,-0.013416217522852065,1.7992589604647082,0.3883655273364143,54317,0.43711153921937296,0.041741828214638094,0.0010644792084930632,0.9388750186190009,-0.0005795945631151445,-0.060036207760472866,2.239482869634024e-05,0.0,-1.0,0.1,0.0,0.0,0.0,3.5630500316619873,54317,nan,0.9881781339645386,54966.810267377565,52000,52613.31829371587,nan,20,nan,nan,nan,nan,0.03317895159125328
17.011026465013856,nav_to_wp,0,0.001962349284440279,0.0019288839539512992,1.7968698740005493,0.03212545067071915,-0.010282216593623161,-0.03668908029794693,0.019166527777650762,-0.014671432524607543,1.799259428687569,0.3899837064103971,54543,0.4798075570025606,0.04562252874003005,0.0008439489429545866,1.3215059880167246,-0.0006372748270790652,-0.06601090892468808,2.4623523913370896e-05,0.0,-1.0,0.1,0.0,0.0,0.0,3.5630500316619873,54543,nan,0.9997720718383789,54555.43471994215,52000,52623.31829371587,nan,21,nan,nan,nan,nan,0.03317895159125328
17.03123583100387,nav_to_wp,0,0.0022892607375979424,0.0020016669295728207,1.796022653579712,0.03227017819881439,-0.012575498782098293,-0.037312909960746765,0.019152894427966,-0.016083617293468126,1.7992599554636124,0.3914224076542523,54744,0.517768011985547,0.04893791773601919,0.0003886379614232993,1.1022819962818176,-0.000696481168238133,-0.07214368591186122,2.691118489636564e-05,0.0,-1.0,0.1,0.0,0.0,0.0,3.5630500316619873,54744,nan,0.9945074319839478,55046.34579833247,52000,52633.31829371587,nan,22,nan,nan,nan,nan,0.03317895159125328
17.05113258701749,nav_to_wp,0,0.0025378898717463017,0.0019957702606916428,1.7954514026641846,0.03165265917778015,-0.015005121938884258,-0.04040614515542984,0.019138673237103894,-0.017556692480043372,1.7992605049531236,0.3937502147059252,55070,0.579187723111481,0.05189818681689008,0.00040411898420811276,1.3010659895371646,-0.0007532978905969446,-0.07802893875044775,2.9106513916490234e-05,0.0,-1.0,0.1,0.0,0.0,0.0,3.5630500316619873,55070,nan,0.9965158700942993,55262.54187481107,52000,52643.31829371587,nan,23,nan,nan,nan,nan,0.03317895159125328
17.070942665013717,nav_to_wp,0,0.0027393896598368883,0.0019253948703408241,1.794867992401123,0.03179462254047394,-0.01913534663617611,-0.03981918469071388,0.01912302993440522,-0.019177074434335466,1.7992611093913058,0.3942443822508638,55139,0.5922264446138179,0.05435730826935298,8.19009805526072e-05,1.153088000137359,-0.0008112130014248797,-0.08402796608336281,3.134428333059617e-05,0.0,-1.0,0.1,0.0,0.0,0.0,3.5630500316619873,55139,nan,1.0119913816452026,54485.641874103785,52000,52653.31829371587,nan,24,nan,nan,nan,nan,0.03317895159125328
17.090525536012137,nav_to_wp,0,0.003054722910746932,0.0017689317464828491,1.7941268682479858,0.03186451271176338,-0.023787779733538628,-0.03731769323348999,0.019106388007181303,-0.020900897023318404,1.7992617524151246,0.3939767029928448,55101,0.5851636673573815,0.05664469669587724,-0.00031970359944999416,0.9585770021658391,-0.0008685963206082769,-0.08997190878352157,3.3561504962615334e-05,0.0,-1.0,0.1,0.0,0.0,0.0,3.5630500316619873,55101,nan,0.9903768301010132,55636.39851548222,52000,52663.31829371587,nan,25,nan,nan,nan,nan,0.03317895159125328
17.110904597007902,nav_to_wp,0,0.0032805216033011675,0.001593959517776966,1.7937092781066895,0.03100934624671936,-0.02889157645404339,-0.037612184882164,0.01908829453398239,-0.0227750752596362,1.7992624515249138,0.3947024059359508,55203,0.60431150226783,0.05874342670734263,-0.00016253424449286236,1.170278002973646,-0.0009269628999722216,-0.09601770063175492,3.581671857162777e-05,0.0,-1.0,0.1,0.0,0.0,0.0,3.5630500316619873,55203,nan,1.0091979503631592,54699.873280693086,52000,52673.31829371587,nan,26,nan,nan,nan,nan,0.03317895159125328
17.130433133017505,nav_to_wp,0,0.0035026497207581997,0.0013221504632383585,1.793291449546814,0.030873950570821762,-0.03613712266087532,-0.035574138164520264,0.01906911965775466,-0.024761268585539984,1.7992631924188003,0.3942406642542348,55138,0.5921283444389118,0.05993041118568837,-0.0003683340203004537,0.725527002941817,-0.0009850505309076168,-0.10203459813404955,3.806115395277191e-05,0.0,-1.0,0.1,0.0,0.0,0.0,3.5630500316619873,55138,nan,1.0091015100479126,54640.68723609582,52000,52683.31829371587,nan,27,nan,nan,nan,nan,0.03317895159125328
17.15082333801547,nav_to_wp,0,0.0037702505942434072,0.0006941651809029281,1.792810082435608,0.029189376160502434,-0.043233178555965424,-0.03229581564664841,0.0190490085455414,-0.02684444014712262,1.799263969487706,0.3932349382718516,54998,0.565592038835133,0.06098339345842486,0.00016561962606154168,1.143383007729426,-0.001042502626428185,-0.10798566490115125,4.0281033018775664e-05,0.0,-1.0,0.1,0.0,0.0,0.0,3.5630500316619873,54998,nan,1.0278940200805664,53505.516060584974,52000,52693.31829371587,nan,28,nan,nan,nan,nan,0.03317895159125328
17.171084214001894,nav_to_wp,0,0.003961149137467146,0.0001954467734321952,1.7926167249679565,0.027328671887516975,-0.05140861123800278,-0.026859095320105553,0.019027521396409564,-0.029070145893094246,1.799264799725004,0.39078780036547217,54655,0.5010237563449103,0.06202931121017602,0.0008718266569329725,1.3842750049661845,-0.001100576738353474,-0.11400116206232623,4.252494604181857e-05,0.0,-1.0,0.1,0.0,0.0,0.0,3.5630500316619873,54655,nan,1.0261672735214233,53261.297071426205,52000,52700.89134408534,nan,29,nan,nan,nan,nan,0.03317895159125328
17.19089035500656,nav_to_wp,0,0.004262048751115799,-0.000739069189876318,1.7924542427062988,0.02633744664490223,-0.06081963703036308,-0.021214734762907028,0.019004914563442898,-0.031411831973616376,1.7992656732255228,0.3881754740704276,54290,0.4320969411722295,0.06214128056773373,0.001025178934418003,0.7563039835076779,-0.001158538733912896,-0.12000504586157047,4.4764527024902107e-05,0.0,-1.0,0.1,0.0,0.0,0.0,3.552492618560791,54290,nan,1.0436575412750244,52018.97926562628,52000,52691.79918303923,nan,30,nan,nan,nan,nan,0.03317895159125328
17.210619888996007,nav_to_wp,0,0.004427674226462841,-0.001467541791498661,1.7924621105194092,0.025375088676810265,-0.0705074891448021,-0.015385993756353855,0.018981212969028317,-0.03386691685032789,1.799266589026292,0.3852630426830289,53883,0.3552517858318964,0.06248328234137317,0.001305935915214329,0.9393450163770467,-0.001216345302156876,-0.12599283001600203,4.699810248563336e-05,0.0,-1.0,0.1,0.0,0.0,0.0,3.552492618560791,53883,nan,1.0314310789108276,52241.0087321583,52000,52685.78864369415,nan,31,nan,nan,nan,nan,0.03317895159125328
17.230396536993794,nav_to_wp,0,0.0047444566152989864,-0.0028280005790293217,1.7926706075668335,0.024054884910583496,-0.07987605035305023,-0.00856312457472086,0.018956593835832727,-0.03641704324811405,1.7992675402796434,0.3815940003954147,53369,0.25844328220091484,0.06252975298707739,0.00162254973132403,0.7614000060129911,-0.0012736146747597732,-0.1319249697749052,4.9210921360426645e-05,0.0,-1.0,0.1,0.0,0.0,0.0,3.552492618560791,53369,nan,1.0362520217895508,51501.95017987482,52000,52675.78864369415,nan,32,nan,nan,nan,nan,0.03317895159125328
17.25025784500758,nav_to_wp,0,0.004920193925499916,-0.003875561524182558,1.7928704023361206,0.023704105988144875,-0.09035898745059967,-0.0001726416958263144,0.018930312091720185,-0.03913938805647061,1.7992685557742576,0.3771529364560388,52748,0.14126481414350245,0.06269222847747334,0.0015824320412711756,0.7446520030498505,-0.0013320371341654235,-0.1379765498516814,5.146829410625847e-05,0.0,-1.0,0.1,0.0,0.0,0.0,3.552492618560791,52748,nan,1.0325567722320557,51084.8424207957,52000,52665.78864369415,nan,33,nan,nan,nan,nan,0.03317895159125328
17.2707743869978,nav_to_wp,0,0.005011013709008694,-0.0044048018753528595,1.792988896369934,0.023067042231559753,-0.09953942149877548,0.007188198622316122,0.01890292361478438,-0.04197637169331331,1.7992696140316813,0.3733595667934588,52218,0.04117590484059974,0.06411971572568513,0.0017819119323392307,1.0216179944109172,-0.0013903100047532569,-0.1440126350533904,5.3719886922182234e-05,0.0,-1.0,0.1,0.0,0.0,0.0,3.552492618560791,52218,nan,1.0419472455978394,50115.78102501611,52000,52655.78864369415,nan,34,nan,nan,nan,nan,0.03317895159125328
17.290170146006858,nav_to_wp,0,0.0053757489658892155,-0.00697338068857789,1.7937843799591064,0.023870335891842842,-0.11006081104278564,0.01489346195012331,0.01887464186966584,-0.04490588282716452,1.7992707068039009,0.36848135996217823,51535,-0.08753667645967766,0.06289137116262393,0.0009115390150677971,0.6400219863280654,-0.001448024468630058,-0.14999087875096556,5.59499035822338e-05,0.0,-1.0,0.1,0.0,0.0,0.0,3.552492618560791,51535,nan,1.0351753234863281,49783.837414552356,52000,52645.78864369415,nan,35,nan,nan,nan,nan,0.03317895159125328
17.31080579099944,nav_to_wp,0,0.005448761396110058,-0.0076989904046058655,1.7939963340759277,0.023025892674922943,-0.11776375770568848,0.021870169788599014,0.018845100498236428,-0.04796586997254652,1.7992718482465484,0.36478163596333596,51018,-0.18515472392253507,0.06515958674008268,0.00123955617207816,1.1591429938562214,-0.0015059494666965182,-0.15599093023480276,5.818805502720604e-05,0.0,-1.0,0.1,0.0,0.0,0.0,3.552492618560791,51018,nan,1.0294078588485718,49560.5309027516,52000,52635.78864369415,nan,36,nan,nan,nan,nan,0.03317895159125328
17.330288713012123,nav_to_wp,0,0.005730748642235994,-0.010905980132520199,1.7950403690338135,0.02344709075987339,-0.12896983325481415,0.027370372787117958,0.018814582038811627,-0.051127066931864466,1.7992730274426871,0.36067314114644755,50443,-0.29355828109637194,0.06293978775896689,0.0006415990666672755,0.819308013888076,-0.001563538359002839,-0.16195616683849895,6.0413219754563605e-05,0.0,-1.0,0.1,0.0,0.0,0.0,3.552492618560791,50443,nan,1.0314970016479492,48902.71122398884,52000,52625.78864369415,nan,37,nan,nan,nan,nan,0.03317895159125328
17.35035349300597,nav_to_wp,0,0.005887540988624096,-0.012583322823047638,1.7955495119094849,0.02197914756834507,-0.13829897344112396,0.03178567811846733,0.01878262762559006,-0.054437004452194585,1.7992742621223334,0.357840738240002,50047,-0.3682918670184172,0.06341352190571237,0.0012236614520877431,0.8300209883600473,-0.001621646665109471,-0.16797520593934342,6.26584539991678e-05,0.0,-1.0,0.1,0.0,0.0,0.0,3.552492618560791,50047,nan,1.0134938955307007,49380.66249900168,52000,52615.78864369415,nan,38,nan,nan,nan,nan,0.03317895159125328
17.370520143012982,nav_to_wp,0,0.006106809712946415,-0.014501404017210007,1.7960352897644043,0.021129457280039787,-0.1498854160308838,0.03303493931889534,0.018749535620994337,-0.057864777225702504,1.7992755407571264,0.35658528889776825,49872,-0.40141717947841116,0.06220230082121658,0.00138889026575173,0.8704560168553144,-0.001679706148887951,-0.17398918787156895,6.490180180841682e-05,0.0,-1.0,0.1,0.0,0.0,0.0,3.552492618560791,49872,nan,1.0065217018127441,49548.85712864472,52000,52605.78864369415,nan,39,nan,nan,nan,nan,0.03317895159125328
17.390311104012653,nav_to_wp,0,0.006313593126833439,-0.017513446509838104,1.7967802286148071,0.020144883543252945,-0.16113552451133728,0.03353362902998924,0.0187154008494644,-0.061400563041934114,1.7992768596831648,0.3553609358602546,49700,-0.43372200896425994,0.06004328721428545,0.0016440577795373557,0.7494380115531385,-0.001737563662235967,-0.1799822490783487,6.71373457259805e-05,0.0,-1.0,0.1,0.0,0.0,0.0,3.5841643810272217,49700,nan,1.002813458442688,49560.56341443728,52000,52595.78864369415,nan,40,nan,nan,nan,nan,0.03317895159125328
17.410929928999394,nav_to_wp,0,0.006475997623056173,-0.019625328481197357,1.7971742153167725,0.018866898491978645,-0.17017626762390137,0.031298618763685226,0.018680044061254862,-0.0650629291470992,1.7992782258264408,0.3559908349273983,49789,-0.4171019808074341,0.05997318081248171,0.0021043627561156963,1.357549976091832,-0.0017955278762373686,-0.18598636267071397,6.937701242696283e-05,0.0,-1.0,0.1,0.0,0.0,0.0,3.5841643810272217,49789,nan,0.9827487468719482,50663.00024139078,52000,52585.78864369415,nan,41,nan,nan,nan,nan,0.03317895159125328
17.430509663012344,nav_to_wp,0,0.006711915135383606,-0.023065820336341858,1.797711730003357,0.018413938581943512,-0.18021221458911896,0.028628140687942505,0.01864334880007873,-0.06886393844565836,1.7992796436866836,0.3566187177322843,49876,-0.4005351521824725,0.058023659401779656,0.0020162488835264725,0.8046540024224669,-0.0018537707259614021,-0.19201933821796632,7.162744527323729e-05,0.0,-1.0,0.1,0.0,0.0,0.0,3.5841643810272217,49876,nan,0.9812672734260559,50828.1498330826,52000,52575.78864369415,nan,42,nan,nan,nan,nan,0.03317895159125328
17.450493931013625,nav_to_wp,0,0.006896351929754019,-0.025523360818624496,1.798012137413025,0.01801850087940693,-0.1878196895122528,0.02494800090789795,0.01860594339325673,-0.07273850683922803,1.7992810889860902,0.3580987505159828,50083,-0.3614841552511159,0.05844774358661694,0.0019488307766826196,0.8888699812814593,-0.0019113149258491498,-0.1979799454419245,7.385088313992076e-05,0.0,-1.0,0.1,0.0,0.0,0.0,3.5841643810272217,50083,nan,0.9798014760017395,51115.45678046221,52000,52565.78864369415,nan,43,nan,nan,nan,nan,0.03317895159125328
17.47116033200291,nav_to_wp,0,0.007066952995955944,-0.02803507260978222,1.7981374263763428,0.01851571351289749,-0.19629906117916107,0.017498087137937546,0.018567036266186113,-0.07676862808746769,1.7992825923101399,0.3616715143342541,50583,-0.26721598062654195,0.05818686663438264,0.0013908021978048524,1.3353999820537865,-0.0019693861532941413,-0.20399514381965766,7.609468471015467e-05,0.0,-1.0,0.1,0.0,0.0,0.0,3.5841643810272217,50583,nan,0.9490259289741516,53299.91358052527,52000,52575.57697618523,nan,44,nan,nan,nan,nan,0.03317895159125328
17.490968080004677,nav_to_wp,0,0.007366371341049671,-0.032089803367853165,1.7982231378555298,0.019084252417087555,-0.20415695011615753,0.009244007989764214,0.018527256013730065,-0.08088919037911378,1.799284129370692,0.3656684957182956,51142,-0.1617547303879796,0.0565891222583509,0.0006620618343180507,1.4173989766277373,-0.002027041241565947,-0.20996723720737098,7.832240716907457e-05,0.0,-1.0,0.1,0.0,0.0,0.0,3.5841643810272217,51142,nan,0.9598934650421143,53278.829226904054,52000,52584.95367286148,nan,45,nan,nan,nan,nan,0.03317895159125328
17.510122345993295,nav_to_wp,0,0.007552421186119318,-0.03471241146326065,1.798227310180664,0.019480543211102486,-0.2098316252231598,0.002175552537664771,0.018486137749422937,-0.08514834810037497,1.7992857181303943,0.3692370031929836,51641,-0.06759886034344298,0.05799362222649945,0.00016354230220971822,0.6663539970759302,-0.0020849605690351027,-0.2159667013131001,8.056033950906665e-05,0.0,-1.0,0.1,0.0,0.0,0.0,3.5841643810272217,51641,nan,0.9720138311386108,53127.844836845645,52000,52592.1922217146,nan,46,nan,nan,nan,nan,0.03317895159125328
17.53077459600172,nav_to_wp,0,0.00792785920202732,-0.039072319865226746,1.7979469299316406,0.020528066903352737,-0.21774959564208984,-0.002415406284853816,0.01844404315585267,-0.08950863704372551,1.7992873446142712,0.371860997373881,52008,0.001635814614273201,0.05653712393536443,-0.0008811535057768882,0.9893809910863638,-0.0021426338997778257,-0.2219406843126969,8.278876683486623e-05,0.0,-1.0,0.1,0.0,0.0,0.0,3.5841643810272217,52008,nan,0.9688842296600342,53678.23978128818,52000,52602.1922217146,nan,47,nan,nan,nan,nan,0.03317895159125328
17.550905398005852,nav_to_wp,0,0.008180004544556141,-0.04197556897997856,1.7977259159088135,0.021384190768003464,-0.22436662018299103,-0.008294368162751198,0.018400337501523915,-0.09403580467187894,1.7992890333475755,0.3751070972913821,52462,0.08728488895467201,0.05747214819160658,-0.0016765570706351873,1.3518659980036318,-0.002200915953889439,-0.22797772077236572,8.504071449097479e-05,0.0,-1.0,0.1,0.0,0.0,0.0,3.5841643810272217,52462,nan,0.966895341873169,54258.199132871225,52000,52612.1922217146,nan,48,nan,nan,nan,nan,0.03317895159125328
17.57044733001385,nav_to_wp,0,0.008454611524939537,-0.04496532678604126,1.797454833984375,0.02203279919922352,-0.22991688549518585,-0.015306142158806324,0.018355855771244538,-0.09864336066109486,1.7992907520675103,0.37899361986432173,53006,0.1898316586892257,0.05882200518046436,-0.0023689075167017126,0.9267319983337075,-0.0022586892692727464,-0.23396206049205093,8.727300510163011e-05,0.0,-1.0,0.1,0.0,0.0,0.0,3.5841643810272217,53006,nan,0.975101113319397,54359.49080148137,52000,52622.1922217146,nan,49,nan,nan,nan,nan,0.03317895159125328
17.59205121701234,nav_to_wp,0,0.008757065050303936,-0.04811754450201988,1.797067403793335,0.022801419720053673,-0.23683999478816986,-0.01990550383925438,0.01831020704029887,-0.10337179820944958,1.7992925158789308,0.381805291020995,53399,0.2640182327439291,0.05955105286284568,-0.003149053470693497,0.7242349965963513,-0.0023164807082818643,-0.23994827751327377,8.95059959871348e-05,0.0,-1.0,0.1,0.0,0.0,0.0,3.5630500316619873,53399,nan,0.9936923980712891,53737.95764528841,52000,52632.1922217146,52763.23391777224,50,52763.23391777224,nan,nan,nan,0.03317895159125328
17.610176285001216,nav_to_wp,0,0.009175585582852364,-0.05294100567698479,1.7964508533477783,0.023371590301394463,-0.24281632900238037,-0.02107258327305317,0.018263130693961866,-0.10824811260084395,1.799294334851673,0.3831662381583295,53589,0.29992712818811285,0.05941802438258845,-0.003951875634431001,0.6507470097858459,-0.0023746068166267975,-0.2459691606253379,9.175191808856605e-05,0.0,-1.0,0.1,0.0,0.0,0.0,3.5630500316619873,53589,nan,0.9921101927757263,54015.1692727485,52000,52642.1922217146,52773.23391777224,50,52763.23391777224,nan,nan,nan,0.03317895159125328
17.63078723300714,nav_to_wp,0,0.009512185119092464,-0.056245483458042145,1.7959789037704468,0.023649873211979866,-0.24806681275367737,-0.021314604207873344,0.018214804316858443,-0.1132539090674261,1.7992962021240833,0.3839341275170357,53697,0.32018806113550546,0.06148237821539928,-0.004520304897833283,1.0500859934836626,-0.0024328322174449303,-0.2520003287606397,9.40016767303475e-05,0.0,-1.0,0.1,0.0,0.0,0.0,3.5630500316619873,53697,nan,0.9958497285842896,53920.78589641855,52000,52652.1922217146,52783.23391777224,50,52763.23391777224,nan,nan,nan,0.03317895159125328
17.650468726991676,nav_to_wp,0,0.01005495060235262,-0.06137123331427574,1.7953022718429565,0.02412780001759529,-0.25534167885780334,-0.022247524932026863,0.018165760291303512,-0.1183340417929655,1.7992980971255563,0.38523614452847826,53879,0.35454207199151,0.06055186728918027,-0.005397604674692191,0.8732519927434623,-0.0024905309497697575,-0.25797694293512613,9.623108554237216e-05,0.0,-1.0,0.1,0.0,0.0,0.0,3.5630500316619873,53879,nan,1.0100619792938232,53342.271171982014,52000,52661.393274384835,52790.68774782837,50,52763.23391777224,nan,nan,nan,0.03317895159125328
17.670245857996633,nav_to_wp,0,0.010454257018864155,-0.06492216140031815,1.794826626777649,0.024681488052010536,-0.2614327371120453,-0.02079627849161625,0.018115367159214742,-0.12355391916987125,1.7993000442548643,0.3851549366194065,53867,0.3523993830977954,0.06225419035061158,-0.006183381809315103,0.6953490083105862,-0.0025484564922479474,-0.2639770508108238,9.846925802275123e-05,0.0,-1.0,0.1,0.0,0.0,0.0,3.5630500316619873,53867,nan,1.012434720993042,53205.40562572252,52000,52668.64677240267,52796.21731953363,50,52763.23391777224,nan,nan,nan,0.03317895159125328
17.690477104013553,nav_to_wp,0,0.010982520878314972,-0.07025808095932007,1.7941505908966064,0.025462090969085693,-0.2679925858974457,-0.019301462918519974,0.018063734668155893,-0.12890217320410385,1.799302039271495,0.3852572837856582,53882,0.3550998360331974,0.06196458117396204,-0.00721920469817805,0.8255840220954269,-0.0026064717846116213,-0.26998645525883985,0.0001007108983295021,0.0,-1.0,0.1,0.0,0.0,0.0,3.5630500316619873,53882,nan,0.9993472695350647,53917.193394712536,52000,52678.64677240267,52806.21731953363,50,52763.23391777224,nan,nan,nan,0.03317895159125328
17.710756523010787,nav_to_wp,0,0.011237629689276218,-0.07218873500823975,1.793965458869934,0.02615342102944851,-0.2734796404838562,-0.021621819585561752,0.01801076408522453,-0.13438903095682012,1.7993040859903673,0.3867547196165775,54091,0.3946100162685333,0.06569120561876174,-0.00789750634719577,0.9800099942367524,-0.0026646782739704633,-0.2760156644863615,0.00010295992625550708,0.0,-1.0,0.1,0.0,0.0,0.0,3.5630500316619873,54091,nan,0.9955033659934998,54335.32607498305,52000,52688.64677240267,52816.21731953363,50,52763.23391777224,nan,nan,nan,0.03317895159125328
17.73077258799458,nav_to_wp,0,0.011770304292440414,-0.07780840247869492,1.7933939695358276,0.027240188792347908,-0.2821941077709198,-0.022622250020503998,0.017956753523648627,-0.13998361293254277,1.799306172892749,0.38794459861401287,54258,0.42600524047527166,0.06406945302865036,-0.009068448490784364,0.9382129937876016,-0.002722746625532463,-0.2820305649711885,0.00010520361670512142,0.0,-1.0,0.1,0.0,0.0,0.0,3.5630500316619873,54258,nan,0.9947715401649475,54543.17680922319,52000,52698.64677240267,52826.21731953363,50,52763.23391777224,nan,nan,nan,0.03317895159125328
17.750219665991608,nav_to_wp,0,0.01241735927760601,-0.08385016024112701,1.7928534746170044,0.027561336755752563,-0.287149578332901,-0.022307151928544044,0.017902458002775287,-0.14560771187870092,1.7993082708056116,0.3884767879932891,54332,0.4400471766039331,0.06404878784421814,-0.009972981678282533,0.7442880014423281,-0.002779899027916215,-0.2879505885909398,0.00010741191599297061,0.0,-1.0,0.1,0.0,0.0,0.0,3.5630500316619873,54332,nan,1.0212652683258057,53200.673404930596,52000,52705.34046083638,52831.21006733892,50,52763.23391777224,nan,nan,nan,0.03317895159125328
17.770393184007844,nav_to_wp,0,0.012800974771380424,-0.08785037696361542,1.7926270961761475,0.027556221932172775,-0.29360535740852356,-0.02100232057273388,0.017846093067551073,-0.15144616720053633,1.7993104486781266,0.3881625889961058,54288,0.43175696559645793,0.06577418113454297,-0.010461785193206508,0.8319350017700344,-0.002838012410816058,-0.29397015356181716,0.00010965734639868727,0.0,-1.0,0.1,0.0,0.0,0.0,3.5630500316619873,54288,nan,1.0067846775054932,53922.155564096574,52000,52715.34046083638,52841.21006733892,50,52763.23391777224,nan,nan,nan,0.03317895159125328
17.790393133007456,nav_to_wp,0,0.01347266510128975,-0.09419485926628113,1.7923364639282227,0.0271892212331295,-0.30180439352989197,-0.018384011462330818,0.017788825529691566,-0.15737811691101203,1.799312661426109,0.3871926645455404,54152,0.4061652914390592,0.06437014101064832,-0.011081409169493295,0.9069560037460178,-0.002895862275596483,-0.29996242250617383,0.00011189259478490563,0.0,-1.0,0.1,0.0,0.0,0.0,3.552492618560791,54152,nan,1.0127755403518677,53468.90583592295,52000,52725.34046083638,52849.579344253376,50,52644.769185363715,nan,nan,nan,0.03317895159125328
17.810576768999454,nav_to_wp,0,0.013879249803721905,-0.09855661541223526,1.7921686172485352,0.02613070420920849,-0.30834096670150757,-0.013683180324733257,0.0177306752305621,-0.16340150577978702,1.799314908282913,0.38502556459373627,53849,0.34898587318565255,0.0630725642480077,-0.011076864125514563,0.8984390005934983,-0.002896089893812281,-0.29998599990900565,0.0001119013896758093,0.0,-1.0,0.1,0.0,0.0,0.0,3.552492618560791,53849,nan,1.0565292835235596,50967.82535019932,52000,52715.34046083638,52839.579344253376,50,52644.769185363715,nan,nan,nan,0.03317895159125328
17.83010431600269,nav_to_wp,0,0.014475690200924873,-0.10532854497432709,1.7920552492141724,0.024859566241502762,-0.3184048533439636,-0.005720367189496756,0.0176728278303426,-0.16939351943725692,1.7993171434360715,0.3810630082397625,53295,0.24443293508608122,0.05761709646327949,-0.011211704075326567,0.582969980314374,-0.002896089893812281,-0.29998599990900565,0.0001119013896758093,0.0,-1.0,0.1,0.0,0.0,0.0,3.552492618560791,53295,nan,1.04697585105896,50903.75288608134,52000,52705.34046083638,52829.579344253376,50,52644.769185363715,nan,nan,nan,0.03317895159125328
17.850222389999544,nav_to_wp,0,0.01479695737361908,-0.11000297963619232,1.7920664548873901,0.02324463054537773,-0.3265646994113922,0.00021271983860060573,0.0176153005928544,-0.17535236964310555,1.7993193662185318,0.3780325012395625,52871,0.16447232822064528,0.05511639602797866,-0.010847975286022438,0.7609919994138181,-0.002896089893812281,-0.29998599990900565,0.0001119013896758093,0.0,-1.0,0.1,0.0,0.0,0.0,3.552492618560791,52871,nan,1.028525710105896,51404.64597093684,52000,52695.34046083638,52819.579344253376,50,52644.769185363715,nan,nan,nan,0.03317895159125328
17.870437245001085,nav_to_wp,0,0.015229680575430393,-0.11483678221702576,1.7920544147491455,0.021514706313610077,-0.33600732684135437,0.005155748222023249,0.01755723613941188,-0.1813668663485913,1.7993216097583629,0.37551252871053337,52519,0.09798228787686902,0.05170931275645002,-0.010522178686225958,0.9292949980590492,-0.002896089893812281,-0.29998599990900565,0.0001119013896758093,0.0,-1.0,0.1,0.0,0.0,0.0,3.552492618560791,52519,nan,1.0282208919525146,51077.5460905782,52000,52685.34046083638,52809.579344253376,50,52644.769185363715,nan,nan,nan,0.03317895159125328
17.89063870901009,nav_to_wp,0,0.015708457678556442,-0.12229139357805252,1.79218590259552,0.019749902188777924,-0.346365749835968,0.008885784074664116,0.017499101843819163,-0.1873885975212486,1.7993238559968094,0.37336639615609557,52219,0.04135609910542293,0.044914174120429876,-0.010212507255905612,1.0838349990081042,-0.002896089893812281,-0.29998599990900565,0.0001119013896758093,0.0,-1.0,0.1,0.0,0.0,0.0,3.552492618560791,52219,nan,1.0351225137710571,50447.16862524886,52000,52675.34046083638,52799.579344253376,50,52644.769185363715,nan,nan,nan,0.03317895159125328
17.910851323016686,nav_to_wp,0,0.01598668284714222,-0.1273977905511856,1.7923167943954468,0.017992381006479263,-0.3549923002719879,0.013944940641522408,0.01744120409794697,-0.19338582613803185,1.7993260930952628,0.37062432188112665,51835,-0.030994145616713098,0.0415491054343917,-0.009702391034102531,1.1517890088725835,-0.002896089893812281,-0.29998599990900565,0.0001119013896758093,0.0,-1.0,0.1,0.0,0.0,0.0,3.552492618560791,51835,nan,1.0265573263168335,50494.013993332315,52000,52665.34046083638,52789.579344253376,50,52644.769185363715,nan,nan,nan,0.03317895159125328
17.93101412599208,nav_to_wp,0,0.016266359016299248,-0.1326165497303009,1.7924938201904297,0.01635689102113247,-0.3650760054588318,0.018210982903838158,0.017383087407697395,-0.19940573369448203,1.7993283386534606,0.36821297941044046,51498,-0.09461795750816826,0.03721058258994461,-0.009244522873682826,1.1340249911881983,-0.002896089893812281,-0.29998599990900565,0.0001119013896758093,0.0,-1.0,0.1,0.0,0.0,0.0,3.552492618560791,51498,nan,1.0209064483642578,50443.407505665586,52000,52655.34046083638,52779.579344253376,50,52644.769185363715,nan,nan,nan,0.03317895159125328
17.95042868301971,nav_to_wp,0,0.01676982454955578,-0.1408136636018753,1.792784571647644,0.014714066870510578,-0.37386173009872437,0.0204540453851223,0.017325493968512178,-0.20537144127803822,1.7993305639938737,0.3666480680726163,51279,-0.13590849412621964,0.03013812475955066,-0.008999933230786406,0.9117689915001392,-0.002896089893812281,-0.29998599990900565,0.0001119013896758093,0.0,-1.0,0.1,0.0,0.0,0.0,3.552492618560791,51279,nan,1.0219135284423828,50179.392456189795,52000,52645.34046083638,52769.579344253376,50,52644.769185363715,nan,nan,nan,0.03317895159125328
17.97068787700846,nav_to_wp,0,0.016920845955610275,-0.14630192518234253,1.7929468154907227,0.013741236180067062,-0.37612050771713257,0.021866487339138985,0.017267104359411013,-0.21141961861809025,1.7993328200973238,0.3657409018574293,51152,-0.15984427816809443,0.029589707455236036,-0.008719293480154988,0.9569009998813272,-0.002896089893812281,-0.29998599990900565,0.0001119013896758093,0.0,-1.0,0.1,0.0,0.0,0.0,3.552492618560791,51152,nan,1.0246422290802002,49921.815193892675,52000,52635.34046083638,52759.579344253376,50,52644.769185363715,nan,nan,nan,0.03317895159125328
17.990414522006176,nav_to_wp,0,0.017317792400717735,-0.15468652546405792,1.7932186126708984,0.01199395302683115,-0.3842935860157013,0.025916635990142822,0.017209298816437863,-0.21740729657178,1.7993350536331694,0.36331671264228166,50813,-0.22380705429336167,0.022646299181246592,-0.008316272662175717,0.7718010165262967,-0.002896089893812281,-0.29998599990900565,0.0001119013896758093,0.0,-1.0,0.1,0.0,0.0,0.0,3.5736072063446045,50813,nan,1.0104587078094482,50287.062308717606,52000,52625.34046083638,52749.579344253376,50,52881.695974885886,nan,nan,nan,0.03317895159125328
18.0107969600067,nav_to_wp,0,0.01754169911146164,-0.1603706181049347,1.7933450937271118,0.010352683253586292,-0.38995999097824097,0.026311462745070457,0.017151509807179006,-0.22339326191191244,1.7993372865301722,0.36294681406704854,50761,-0.2335669111596701,0.019878808105551163,-0.007730769884057187,1.1560599959921092,-0.002896089893812281,-0.29998599990900565,0.0001119013896758093,0.0,-1.0,0.1,0.0,0.0,0.0,3.5736072063446045,50761,nan,0.9860615134239197,51478.53283893176,52000,52615.34046083638,52739.579344253376,50,52881.695974885886,nan,nan,nan,0.03317895159125328
18.030718819005415,nav_to_wp,0,0.017802486196160316,-0.1691356897354126,1.7935986518859863,0.00902540236711502,-0.39652153849601746,0.02222517877817154,0.017093052777080606,-0.2294484229285812,1.7993395452386876,0.36464061261279,50998,-0.18887565665461814,0.013213708466753231,-0.007317055575987608,0.9479709842707962,-0.002896089893812281,-0.29998599990900565,0.0001119013896758093,0.0,-1.0,0.1,0.0,0.0,0.0,3.5736072063446045,50998,nan,0.9742327332496643,52346.83485730392,52000,52611.76038612261,52734.34275109405,50,52881.695974885886,nan,nan,nan,0.03317895159125328
18.050434769014828,nav_to_wp,0,0.018012192100286484,-0.17499810457229614,1.7936451435089111,0.007753671612590551,-0.4014551043510437,0.016644194722175598,0.017035692449958,-0.23538998403956285,1.7993417615719343,0.36736882132149745,51380,-0.11689125800798372,0.010515571260078576,-0.006861148228189062,0.8950739866122603,-0.002896089893812281,-0.29998599990900565,0.0001119013896758093,0.0,-1.0,0.1,0.0,0.0,0.0,3.5736072063446045,51380,nan,0.9801481366157532,52420.647533345735,52000,52609.21221475225,52730.16014819074,50,52881.695974885886,nan,nan,nan,0.03317895159125328
18.071746803994756,nav_to_wp,0,0.01825520768761635,-0.18395479023456573,1.7937018871307373,0.005944048520177603,-0.40823665261268616,0.011125769466161728,0.016975532701497577,-0.24162151792072206,1.7993440860714154,0.3700464294424441,51754,-0.04624196721783491,0.003828143626194225,-0.006161151466361536,0.8733650029171258,-0.002896089893812281,-0.29998599990900565,0.0001119013896758093,0.0,-1.0,0.1,0.0,0.0,0.0,3.5736072063446045,51754,nan,0.9955700039863586,51984.29019835067,52000,52600.879921200234,52720.21521552621,50,52881.695974885886,nan,nan,nan,0.03317895159125328
18.0909932370123,nav_to_wp,0,0.018413212150335312,-0.18996228277683258,1.7936612367630005,0.0050030960701406,-0.4111684560775757,0.0057123336009681225,0.01691978434674409,-0.2473961059194367,1.799346240120011,0.3728096891474998,52141,0.026667259828489165,0.001977016944040496,-0.005840032471326584,1.272023015189916,-0.002896089893812281,-0.29998599990900565,0.0001119013896758093,0.0,-1.0,0.1,0.0,0.0,0.0,3.5736072063446045,52141,nan,0.9853755235671997,52914.85200610845,52000,52605.06621566568,52722.81037273398,50,52881.695974885886,nan,nan,nan,0.03317895159125328
18.11072294600308,nav_to_wp,0,0.018576402217149734,-0.19606919586658478,1.7935664653778076,0.004195129498839378,-0.41158682107925415,0.004001529887318611,0.01686182036731427,-0.2534001952141479,1.7993484797776487,0.37379147413551983,52278,0.05257187692664367,0.00163793323525585,-0.005629041526531209,1.018875977024436,-0.002896089893812281,-0.29998599990900565,0.0001119013896758093,0.0,-1.0,0.1,0.0,0.0,0.0,3.5736072063446045,52278,nan,1.0065162181854248,51939.550556123395,52000,52596.192673538455,52712.81037273398,50,52881.695974885886,nan,nan,nan,0.03317895159125328
18.130757046019426,nav_to_wp,0,0.01876874454319477,-0.20517148077487946,1.7933378219604492,0.0039617451839149,-0.411236971616745,0.0034170933067798615,0.016803505552664157,-0.259440625112301,1.799350732991132,0.3743785135614361,52360,0.06806104383736233,-0.00144919055837897,-0.005763350402172129,0.9921499877236784,-0.002896089893812281,-0.29998599990900565,0.0001119013896758093,0.0,-1.0,0.1,0.0,0.0,0.0,3.5736072063446045,52360,nan,0.9906765818595886,52852.7684602331,52000,52599.61368402772,52714.6764805673,50,52881.695974885886,nan,nan,nan,0.03317895159125328
18.150408104003873,nav_to_wp,0,0.01891911029815674,-0.21122071146965027,1.7932617664337158,0.0034134997986257076,-0.4119565784931183,-0.0001405567891197279,0.016746097182281,-0.26538716269365614,1.799352951180712,0.37626139983795465,52624,0.1177414205265066,-0.001933622080132182,-0.0056639734514758455,0.8299839973915368,-0.002896089893812281,-0.29998599990900565,0.0001119013896758093,0.0,-1.0,0.1,0.0,0.0,0.0,3.5736072063446045,52624,nan,0.9884389042854309,53239.507036647155,52000,52608.145595395974,52721.674221315036,50,52881.695974885886,nan,nan,nan,0.03317895159125328
18.171382875996642,nav_to_wp,0,0.019019264727830887,-0.2171914130449295,1.7930984497070312,0.0031730204354971647,-0.4110372066497803,-0.0029236190021038055,0.016687573342352637,-0.27144924408033366,1.7993552124706778,0.3778658585261119,52848,0.1600754228525556,-0.001342056332783341,-0.005680614207464352,1.283091987716034,-0.002896089893812281,-0.29998599990900565,0.0001119013896758093,0.0,-1.0,0.1,0.0,0.0,0.0,3.5736072063446045,52848,nan,0.9443584680557251,55961.8002989957,52000,52618.145595395974,52731.674221315036,50,52881.695974885886,nan,nan,nan,0.03317895159125328
18.191183557995828,nav_to_wp,0,0.019236650317907333,-0.22645409405231476,1.7928358316421509,0.0030068487394601107,-0.410518616437912,-0.011233990080654621,0.01662989660581261,-0.27742357986300953,1.7993574410295996,0.3823625137233329,53477,0.27872067871590644,-0.004495115927016921,-0.005814643590859259,1.3450630067382008,-0.002896089893812281,-0.29998599990900565,0.0001119013896758093,0.0,-1.0,0.1,0.0,0.0,0.0,3.5577712059020996,53477,nan,0.9960808753967285,53687.40764016845,52000,52628.145595395974,52741.674221315036,50,52704.00021392054,nan,nan,nan,0.03317895159125328
18.21075891100918,nav_to_wp,0,0.019320981577038765,-0.23252367973327637,1.7926816940307617,0.00299073476344347,-0.40732380747795105,-0.014162316918373108,0.016571908125410584,-0.28343020704463545,1.7993596816339246,0.3840268412717427,53710,0.32263433434677147,-0.0028773289222617676,-0.005929292979836465,0.954947026912123,-0.002896089893812281,-0.29998599990900565,0.0001119013896758093,0.0,-1.0,0.1,0.0,0.0,0.0,3.5577712059020996,53710,nan,0.9849644303321838,54529.88792893369,52000,52638.145595395974,52751.674221315036,50,52704.00021392054,nan,nan,nan,0.03317895159125328
18.23114358301973,nav_to_wp,0,0.019515490159392357,-0.24147355556488037,1.792375922203064,0.002717551775276661,-0.4054482877254486,-0.015070906840264797,0.01651438487589214,-0.2893886441641722,1.7993619042622946,0.38487660796306944,53829,0.34505561907834803,-0.005005410107041379,-0.006036180185665652,1.4499770186375827,-0.002896089893812281,-0.29998599990900565,0.0001119013896758093,0.0,-1.0,0.1,0.0,0.0,0.0,3.5577712059020996,53829,nan,0.9915689826011658,54286.692045157884,52000,52648.145595395974,52761.674221315036,50,52704.00021392054,nan,nan,nan,0.03317895159125328
18.25098849699134,nav_to_wp,0,0.019625091925263405,-0.2475799024105072,1.7922204732894897,0.0025259123649448156,-0.40243086218833923,-0.018231140449643135,0.016456515769414745,-0.2953829062233549,1.7993641402541565,0.38665871347654823,54078,0.392076872732142,-0.003537484188545003,-0.00608248394206945,1.2933060061186552,-0.002896089893812281,-0.29998599990900565,0.0001119013896758093,0.0,-1.0,0.1,0.0,0.0,0.0,3.5577712059020996,54078,nan,1.0228370428085327,52870.5920265766,52000,52651.11154781172,52763.12645871853,50,52704.00021392054,nan,nan,nan,0.03317895159125328
18.27134417000343,nav_to_wp,0,0.019744470715522766,-0.2564619779586792,1.7919667959213257,0.0024484654422849417,-0.3987571597099304,-0.014902112074196339,0.016398370460083616,-0.3014057782332969,1.7993663869181606,0.3853235486195189,53891,0.3568482485361173,-0.004611067319349169,-0.006247650420454942,1.1829240247607231,-0.002896089893812281,-0.29998599990900565,0.0001119013896758093,0.0,-1.0,0.1,0.0,0.0,0.0,3.5577712059020996,53891,nan,1.0160105228424072,53041.77347418969,52000,52656.32037349676,52766.841752258144,50,52704.00021392054,nan,nan,nan,0.03317895159125328
18.291116500011412,nav_to_wp,0,0.019892454147338867,-0.26249438524246216,1.7918431758880615,0.002323754830285907,-0.3963073492050171,-0.010140102356672287,0.016340628005402858,-0.3073869213054153,1.7993686180163513,0.383105925433292,53581,0.2983357634113979,-0.00341233308702676,-0.0064335115705551615,1.2106869835406542,-0.002896089893812281,-0.29998599990900565,0.0001119013896758093,0.0,-1.0,0.1,0.0,0.0,0.0,3.5577712059020996,53581,nan,1.0308012962341309,51979.95015697952,52000,52647.3021039432,52756.841752258144,50,52704.00021392054,nan,nan,nan,0.03317895159125328
18.3115243310167,nav_to_wp,0,0.01991596259176731,-0.2682536244392395,1.791764736175537,0.0021082120947539806,-0.39228522777557373,-0.0036540720611810684,0.01628210159665017,-0.31344926877890705,1.7993708794055736,0.3799693528287593,53142,0.21557659178784405,-0.0010042806343613893,-0.00645952586992804,1.5573750133626163,-0.002896089893812281,-0.29998599990900565,0.0001119013896758093,0.0,-1.0,0.1,0.0,0.0,0.0,3.5577712059020996,53142,nan,1.021581768989563,52019.33081926693,52000,52638.92915348084,52747.008273151594,50,52704.00021392054,nan,nan,nan,0.03317895159125328
18.331229909992544,nav_to_wp,0,0.020056717097759247,-0.27420997619628906,1.7917098999023438,0.0012377621605992317,-0.39053356647491455,0.0010481507051736116,0.01622444166320668,-0.3194218640445751,1.799373107315244,0.377696488101367,52824,0.15560654621021008,-6.555172700683899e-05,-0.006247598296013734,1.3552180025726557,-0.002896089893812281,-0.29998599990900565,0.0001119013896758093,0.0,-1.0,0.1,0.0,0.0,0.0,3.5577712059020996,52824,nan,1.012953281402588,52148.505730547746,52000,52632.3901745084,52739.02823925021,50,52704.00021392054,nan,nan,nan,0.03317895159125328
18.35100591601804,nav_to_wp,0,0.020072516053915024,-0.283027708530426,1.791677713394165,0.0002335079771000892,-0.3882512152194977,0.0019511040300130844,0.01616692918712353,-0.3253791852181717,1.7993753295273414,0.3772953658712472,52768,0.14502284620704842,-0.001888347583574561,-0.005799611618614087,1.2975639838259667,-0.002896089893812281,-0.29998599990900565,0.0001119013896758093,0.0,-1.0,0.1,0.0,0.0,0.0,3.5577712059020996,52768,nan,1.0151842832565308,51978.74008719839,52000,52623.674840010935,52729.02823925021,50,52704.00021392054,nan,nan,nan,0.03317895159125328
18.370798732008552,nav_to_wp,0,0.020133577287197113,-0.28894880414009094,1.7917125225067139,-0.0010018132161349058,-0.38538050651550293,0.006719385739415884,0.01610913047883971,-0.3313661552134801,1.7993775627991029,0.3748764437180217,52430,0.08119904269186407,-0.00029866498906887837,-0.005304796871651085,1.2096809805370867,-0.002896089893812281,-0.29998599990900565,0.0001119013896758093,0.0,-1.0,0.1,0.0,0.0,0.0,3.5577712059020996,52430,nan,1.0156497955322266,51622.12430961534,52000,52613.674840010935,52719.02823925021,50,52704.00021392054,nan,nan,nan,0.03317895159125328
18.390596628014464,nav_to_wp,0,0.0201089046895504,-0.29768481850624084,1.7917875051498413,-0.002576871309429407,-0.38348114490509033,0.009608962573111057,0.01605085305850721,-0.33740271169189434,1.7993798145677153,0.37334773711173047,52216,0.04086377603510272,-0.00217459642338084,-0.00451876345570712,0.9192569996230304,-0.002896089893812281,-0.29998599990900565,0.0001119013896758093,0.0,-1.0,0.1,0.0,0.0,0.0,3.5577712059020996,52216,nan,1.0024465322494507,52088.563649204654,52000,52606.673357466854,52710.62204471628,50,52704.00021392054,nan,nan,nan,0.03317895159125328
18.411097350995988,nav_to_wp,0,0.020072998479008675,-0.30345436930656433,1.7918726205825806,-0.004265070427209139,-0.38022634387016296,0.009904833510518074,0.01599267261957418,-0.34342922253527697,1.7993820625890846,0.37310150949494797,52182,0.03436700514374458,-0.0001557964380416098,-0.0036406640101680487,1.256300020031631,-0.002896089893812281,-0.29998599990900565,0.0001119013896758093,0.0,-1.0,0.1,0.0,0.0,0.0,3.5577712059020996,52182,nan,1.011330246925354,51597.3888436974,52000,52596.673357466854,52700.62204471628,50,52704.00021392054,nan,nan,nan,0.03317895159125328
18.431188837013906,nav_to_wp,0,0.02006387896835804,-0.3121747672557831,1.7919830083847046,-0.006207981612533331,-0.3787146508693695,0.012024329975247383,0.01593412418604186,-0.3494938514039543,1.7993843248293175,0.37191374464067034,52016,0.0030275630783709317,-0.002199703829154716,-0.0026606296511140215,0.8101610001176596,-0.002896089893812281,-0.29998599990900565,0.0001119013896758093,0.0,-1.0,0.1,0.0,0.0,0.0,3.5577712059020996,52016,nan,1.0169769525527954,51147.66845937901,52000,52586.673357466854,52690.62204471628,50,52704.00021392054,nan,nan,nan,0.03317895159125328
18.450726526993094,nav_to_wp,0,0.02002798393368721,-0.31785956025123596,1.7921382188796997,-0.007886718958616257,-0.3761732578277588,0.015500788576900959,0.015877335486179034,-0.3553762015852387,1.7993865190755824,0.3699899416259167,51746,-0.0477324109256827,-0.000623788402688013,-0.0017895997836185895,1.0925469978246838,-0.002896089893812281,-0.29998599990900565,0.0001119013896758093,0.0,-1.0,0.1,0.0,0.0,0.0,3.5577712059020996,51746,nan,1.0180484056472778,50828.624368897035,52000,52576.673357466854,52680.62204471628,50,52704.00021392054,nan,nan,nan,0.03317895159125328
18.471275793010136,nav_to_wp,0,0.019969601184129715,-0.3236096203327179,1.7922720909118652,-0.009326099418103695,-0.3729327321052551,0.017045529559254646,0.01581907183097558,-0.36141133222876753,1.799388770312327,0.3690600695609123,51616,-0.07226729390732878,0.0014397081117271681,-0.0010139539099138783,1.4854850014671683,-0.002896089893812281,-0.29998599990900565,0.0001119013896758093,0.0,-1.0,0.1,0.0,0.0,0.0,3.5577712059020996,51616,nan,0.9966785907745361,51788.0091714304,52000,52566.673357466854,52670.62204471628,50,52704.00021392054,nan,nan,nan,0.03317895159125328
18.490958529000636,nav_to_wp,0,0.019840311259031296,-0.33210262656211853,1.7924847602844238,-0.010483626276254654,-0.3704235255718231,0.01579812727868557,0.015759833247644964,-0.36754744896036357,1.7993910592191085,0.36942715808351445,51668,-0.06258158090991017,0.0002447676896946159,-0.00031043719282308757,0.8411800081375986,-0.002896089893812281,-0.29998599990900565,0.0001119013896758093,0.0,-1.0,0.1,0.0,0.0,0.0,3.5577712059020996,51668,nan,0.9813547134399414,52649.66814994776,52000,52567.77995469993,52670.3426594527,50,52704.00021392054,nan,nan,nan,0.03317895159125328
18.511105548997875,nav_to_wp,0,0.01967734843492508,-0.33771246671676636,1.7925889492034912,-0.0113797876983881,-0.3670210838317871,0.012569103389978409,0.015702941490447694,-0.37344047414092435,1.7993932574473834,0.37092202637350313,51877,-0.023139145817861362,0.0023837545262314535,0.00028840774340954667,1.2585229997057468,-0.002896089893812281,-0.29998599990900565,0.0001119013896758093,0.0,-1.0,0.1,0.0,0.0,0.0,3.5577712059020996,51877,nan,0.9878418445587158,52515.491508839914,52000,52567.0827754218,52668.27797744453,50,52704.00021392054,nan,nan,nan,0.03317895159125328
18.5303374750074,nav_to_wp,0,0.019606588408350945,-0.3461288511753082,1.7927325963974,-0.012435405515134335,-0.36298397183418274,0.009879618883132935,0.015645552825088848,-0.3793849706145664,1.7993954748755852,0.37209637942192025,52041,0.007846422741957682,0.0018889032869971868,0.0008692611634542047,0.7830279937479645,-0.002896089893812281,-0.29998599990900565,0.0001119013896758093,0.0,-1.0,0.1,0.0,0.0,0.0,3.5577712059020996,52041,nan,0.9865056872367859,52752.86364112858,52000,52569.559853631225,52669.40578629365,50,52704.00021392054,nan,nan,nan,0.03317895159125328
18.55035390899866,nav_to_wp,0,0.019489645957946777,-0.35167598724365234,1.7928228378295898,-0.01355427224189043,-0.360469251871109,0.006190632935613394,0.015587896668138247,-0.38535717469935354,1.7993977026393364,0.373839593460664,52285,0.053841516112504095,0.003680266414287106,0.0015272244717330352,0.8434649789705873,-0.002896089893812281,-0.29998599990900565,0.0001119013896758093,0.0,-1.0,0.1,0.0,0.0,0.0,3.5577712059020996,52285,nan,0.9663963913917542,54103.05798503846,52000,52579.559853631225,52679.40578629365,50,52704.00021392054,nan,nan,nan,0.03317895159125328
18.571197248995304,nav_to_wp,0,0.019365597516298294,-0.36007675528526306,1.7929248809814453,-0.014282740652561188,-0.3575873374938965,0.0008717383025214076,0.015529837720174192,-0.39137110113025414,1.7993999459664425,0.37637985354165837,52640,0.12086684806486403,0.002650178863028077,0.0019741405097342124,1.0363890032749623,-0.002896089893812281,-0.29998599990900565,0.0001119013896758093,0.0,-1.0,0.1,0.0,0.0,0.0,3.5577712059020996,52640,nan,0.9823961853981018,53583.2699499626,52000,52589.559853631225,52689.40578629365,50,52704.00021392054,nan,nan,nan,0.03317895159125328
18.589988744992297,nav_to_wp,0,0.019163478165864944,-0.3655438721179962,1.7929697036743164,-0.0148428063839674,-0.3554929196834564,-0.001465430948883295,0.01547210204531173,-0.397351541927704,1.7994021768026693,0.37750416245959617,52797,0.1505319910183669,0.004295829976858382,0.0024179699988355896,0.5987890181131661,-0.002896089893812281,-0.29998599990900565,0.0001119013896758093,0.0,-1.0,0.1,0.0,0.0,0.0,3.5630500316619873,52797,nan,1.0195872783660889,51782.717497817706,52000,52579.559853631225,52679.40578629365,50,52763.23391777224,nan,nan,nan,0.03317895159125328
18.610658802004764,nav_to_wp,0,0.019115446135401726,-0.37109577655792236,1.7930291891098022,-0.015339188277721405,-0.35400938987731934,0.0007362867472693324,0.01541373088139246,-0.4033978086584389,1.79940443219342,0.3763408537481076,52635,0.1198378297653715,0.005622970683004555,0.002678249704035629,0.9470000222790986,-0.002896089893812281,-0.29998599990900565,0.0001119013896758093,0.0,-1.0,0.1,0.0,0.0,0.0,3.5630500316619873,52635,nan,0.9690548777580261,54315.80936032707,52000,52589.559853631225,52689.40578629365,50,52763.23391777224,nan,nan,nan,0.03317895159125328
18.632206547015812,nav_to_wp,0,0.018950842320919037,-0.379280686378479,1.793002724647522,-0.01574123464524746,-0.3523856997489929,-0.003329073777422309,0.015353893719766358,-0.409595927991846,1.7994067442285382,0.37841387787323,52925,0.17453503623297983,0.004350181926161544,0.0029868122085836557,1.384199014864862,-0.002896089893812281,-0.29998599990900565,0.0001119013896758093,0.0,-1.0,0.1,0.0,0.0,0.0,3.5630500316619873,52925,nan,0.9891451001167297,53505.80010329554,52000,52599.559853631225,52699.40578629365,50,52763.23391777224,nan,nan,nan,0.03317895159125328
18.650589260010747,nav_to_wp,0,0.018793189898133278,-0.3847062587738037,1.7929537296295166,-0.01610400900244713,-0.35077303647994995,-0.0032263032626360655,0.01529837724614362,-0.4153464970217377,1.7994088893175293,0.3784354673928247,52928,0.17510468054946315,0.005545754181231752,0.0032863225216976932,1.080421992810443,-0.002896089893812281,-0.29998599990900565,0.0001119013896758093,0.0,-1.0,0.1,0.0,0.0,0.0,3.5630500316619873,52928,nan,0.9907967448234558,53419.634527998904,52000,52609.559853631225,52709.00883618306,50,52763.23391777224,nan,nan,nan,0.03317895159125328
18.671812270011287,nav_to_wp,0,0.018702853471040726,-0.39289987087249756,1.7929385900497437,-0.016078976914286613,-0.3486265242099762,-0.0035838510375469923,0.015237477668354813,-0.4216546647260774,1.7994112424031152,0.3786409364483788,52956,0.18052602766170978,0.00468472547825893,0.0033024145978506336,1.294184010475874,-0.002896089893812281,-0.29998599990900565,0.0001119013896758093,0.0,-1.0,0.1,0.0,0.0,0.0,3.5630500316619873,52956,nan,1.0057390928268433,52653.814868780646,52000,52610.14992049988,52708.272916617694,50,52763.23391777224,nan,nan,nan,0.03317895159125328
18.690745419997256,nav_to_wp,0,0.01857716590166092,-0.3982793986797333,1.7928940057754517,-0.016133148223161697,-0.34737932682037354,-0.0020173119846731424,0.015181331761465577,-0.42747043241165633,1.799413411812642,0.37792499765999105,52856,0.16163582216335115,0.0058153689134076685,0.003410942693425678,0.8742490026634187,-0.002896089893812281,-0.29998599990900565,0.0001119013896758093,0.0,-1.0,0.1,0.0,0.0,0.0,3.5630500316619873,52856,nan,0.98630291223526,53590.027307343495,52000,52620.14992049988,52718.272916617694,50,52763.23391777224,nan,nan,nan,0.03317895159125328
18.710841374995653,nav_to_wp,0,0.018493233248591423,-0.40375134348869324,1.7928868532180786,-0.015823204070329666,-0.3451828360557556,-0.0030089712236076593,0.015123602437736154,-0.43345021533898986,1.7994156424034686,0.3784431775321665,52929,0.17530811430518334,0.007505019322783864,0.003270167861915585,0.9986310033127666,-0.002896089893812281,-0.29998599990900565,0.0001119013896758093,0.0,-1.0,0.1,0.0,0.0,0.0,3.5630500316619873,52929,nan,0.9881822466850281,53561.98229380913,52000,52630.14992049988,52728.272916617694,50,52763.23391777224,nan,nan,nan,0.03317895159125328
18.730669490993023,nav_to_wp,0,0.018325500190258026,-0.409145712852478,1.7928528785705566,-0.015745846554636955,-0.3445647060871124,-0.003936582710593939,0.015065956170974136,-0.43942139496727883,1.7994178697850751,0.3789616993096475,53001,0.18898942769518356,0.008429842070201992,0.00334106608225615,0.8666419889777899,-0.002896089893812281,-0.29998599990900565,0.0001119013896758093,0.0,-1.0,0.1,0.0,0.0,0.0,3.5630500316619873,53001,nan,1.0040961503982544,52784.78557952665,52000,52632.21172928691,52729.026418789814,50,52763.23391777224,nan,nan,nan,0.03317895159125328
18.750303406006424,nav_to_wp,0,0.01821778528392315,-0.4172627031803131,1.792791485786438,-0.01564360037446022,-0.3443688154220581,-0.0038309330120682716,0.015008542642713375,-0.4453684668176405,1.799420088173949,0.37898893488742774,53005,0.18970804452315804,0.00624232185749809,0.003339958707331947,0.798305991338566,-0.002896089893812281,-0.29998599990900565,0.0001119013896758093,0.0,-1.0,0.1,0.0,0.0,0.0,3.5630500316619873,53005,nan,0.9948022961616516,53281.94376361481,52000,52640.874823077946,52736.39865005414,50,52763.23391777224,nan,nan,nan,0.03317895159125328
18.770946756005287,nav_to_wp,0,0.0181160569190979,-0.4225439429283142,1.7927461862564087,-0.015145890414714813,-0.34331434965133667,-0.004863981623202562,0.01494993195769307,-0.4514395438890858,1.7994223528195037,0.3795749596160292,53087,0.2051704384176567,0.007620662061554377,0.0031179929215436886,1.1184579925611615,-0.002896089893812281,-0.29998599990900565,0.0001119013896758093,0.0,-1.0,0.1,0.0,0.0,0.0,3.5630500316619873,53087,nan,0.9941610097885132,53398.79504155282,52000,52650.874823077946,52745.23060194079,50,52763.23391777224,nan,nan,nan,0.03317895159125328
18.791574086004402,nav_to_wp,0,0.01799817569553852,-0.430679053068161,1.7926726341247559,-0.014950561337172985,-0.3429807424545288,-0.006084963213652372,0.014890967402350751,-0.4575472759492503,1.799424631138177,0.38028198584173667,53186,0.22382548395083468,0.0056493925152950805,0.0030714386990089437,0.9097839938476682,-0.002896089893812281,-0.29998599990900565,0.0001119013896758093,0.0,-1.0,0.1,0.0,0.0,0.0,3.552492618560791,53186,nan,0.9971980452537537,53335.443499055335,52000,52660.00240542431,52753.10010723565,50,52644.769185363715,nan,nan,nan,0.03317895159125328
18.810678636014927,nav_to_wp,0,0.017952783033251762,-0.43605881929397583,1.7926801443099976,-0.014719948172569275,-0.34306955337524414,-0.006928008049726486,0.014834639033160204,-0.4633819436475745,1.7994268075978248,0.38070438947550234,53245,0.23497069856206565,0.006074432806442766,0.0029353894818535675,0.9600810008123517,-0.002896089893812281,-0.29998599990900565,0.0001119013896758093,0.0,-1.0,0.1,0.0,0.0,0.0,3.552492618560791,53245,nan,0.9873925447463989,53924.85519897803,52000,52670.00240542431,52763.10010723565,50,52644.769185363715,nan,nan,nan,0.03317895159125328
18.830694795004092,nav_to_wp,0,0.01781853474676609,-0.444244384765625,1.7926851511001587,-0.013938620686531067,-0.34184280037879944,-0.008198535069823265,0.014776931450330755,-0.4693594745848604,1.7994290373486095,0.3813392288768042,53334,0.2517210785436461,0.004391593507166965,0.002601006881087775,1.0882980132009834,-0.002896089893812281,-0.29998599990900565,0.0001119013896758093,0.0,-1.0,0.1,0.0,0.0,0.0,3.552492618560791,53334,nan,0.9978092312812805,53451.098995660876,52000,52680.00240542431,52772.27342574799,50,52644.769185363715,nan,nan,nan,0.03317895159125328
18.85048898801324,nav_to_wp,0,0.017814796417951584,-0.44961920380592346,1.7927005290985107,-0.013421348296105862,-0.3416045308113098,-0.008084258995950222,0.014719101829254832,-0.4753496466233339,1.7994312718148038,0.38127349177824826,53325,0.24998659045509797,0.005162920635485934,0.0022733670456542843,0.9574739960953593,-0.002896089893812281,-0.29998599990900565,0.0001119013896758093,0.0,-1.0,0.1,0.0,0.0,0.0,3.552492618560791,53325,nan,1.0038306713104248,53121.50895966175,52000,52685.889159480816,52776.92989953351,50,52644.769185363715,nan,nan,nan,0.03317895159125328
18.870765086991014,nav_to_wp,0,0.01770128682255745,-0.4549824297428131,1.7927005290985107,-0.01260092481970787,-0.3422454297542572,-0.007367498707026243,0.014660823125900911,-0.48138633600109787,1.7994335236329906,0.38092512419232705,53276,0.24079483357063403,0.005538335499991651,0.0019026887380173552,1.073653984349221,-0.002896089893812281,-0.29998599990900565,0.0001119013896758093,0.0,-1.0,0.1,0.0,0.0,0.0,3.552492618560791,53276,nan,0.9977737665176392,53394.8694461473,52000,52695.342229969705,52785.169093488366,50,52644.769185363715,nan,nan,nan,0.03317895159125328
18.890761852992,nav_to_wp,0,0.017615895718336105,-0.4631042778491974,1.7928048372268677,-0.012265040539205074,-0.34279271960258484,-0.006456250324845314,0.014603123956293523,-0.4873629954706721,1.7994357530586986,0.38034430364988314,53195,0.22546975329506758,0.0030029280854394717,0.0017580959207650348,1.1384779936634004,-0.002896089893812281,-0.29998599990900565,0.0001119013896758093,0.0,-1.0,0.1,0.0,0.0,0.0,3.552492618560791,53195,nan,1.0071197748184204,52818.94103369268,52000,52696.990214019344,52785.619386024424,50,52644.769185363715,nan,nan,nan,0.03317895159125328
18.9110255150008,nav_to_wp,0,0.01759159192442894,-0.4685261845588684,1.7929103374481201,-0.011698386631906033,-0.3423529267311096,-0.004704226739704609,0.014545148569166406,-0.4933682664101546,1.7994379931571156,0.3793466515615942,53055,0.19914647919773465,0.0038578236902799025,0.0014284617712279069,1.3140130031388253,-0.002896089893812281,-0.29998599990900565,0.0001119013896758093,0.0,-1.0,0.1,0.0,0.0,0.0,3.552492618560791,53055,nan,1.0099247694015503,52533.61597561245,52000,52694.81189084059,52782.259340552264,50,52644.769185363715,nan,nan,nan,0.03317895159125328
18.931186645000707,nav_to_wp,0,0.017591606825590134,-0.47399190068244934,1.7929532527923584,-0.01145340595394373,-0.3430260717868805,-0.0032802140340209007,0.014486788685586309,-0.49941336468826886,1.7994402481120078,0.37859060438444164,52949,0.17919800486653337,0.0041220696665072425,0.0012402211543458552,1.338462985586375,-0.002896089893812281,-0.29998599990900565,0.0001119013896758093,0.0,-1.0,0.1,0.0,0.0,0.0,3.552492618560791,52949,nan,1.0153599977493286,52148.00673393479,52000,52687.521155415176,52773.8026391307,50,52644.769185363715,nan,nan,nan,0.03317895159125328
18.95036383601837,nav_to_wp,0,0.017585616558790207,-0.48203805088996887,1.7931207418441772,-0.011247780174016953,-0.3433142602443695,-0.0013595884665846825,0.01442911068920387,-0.5053878309693406,1.7994424767196082,0.3774273527299172,52787,0.14850534907433044,0.0017864648968700255,0.0010803026981631714,0.7510509749408811,-0.002896089893812281,-0.29998599990900565,0.0001119013896758093,0.0,-1.0,0.1,0.0,0.0,0.0,3.552492618560791,52787,nan,1.017033576965332,51902.90782484104,52000,52677.521155415176,52763.8026391307,50,52644.769185363715,nan,nan,nan,0.03317895159125328
18.970436625008006,nav_to_wp,0,0.017540283501148224,-0.487430214881897,1.7932626008987427,-0.010739289224147797,-0.34343770146369934,0.002549475757405162,0.014371407149383784,-0.5113649431191403,1.7994447063141759,0.3753048042027247,52490,0.09250143015104584,0.00235422535112361,0.000802252873630005,0.8948489848989993,-0.002896089893812281,-0.29998599990900565,0.0001119013896758093,0.0,-1.0,0.1,0.0,0.0,0.0,3.552492618560791,52490,nan,1.006598711013794,52145.90424731897,52000,52670.4329299739,52755.56399390655,50,52644.769185363715,nan,nan,nan,0.03317895159125328
18.99190977300168,nav_to_wp,0,0.017562253400683403,-0.4955887794494629,1.793567180633545,-0.010318404994904995,-0.3440474569797516,0.004102940671145916,0.014312301120068635,-0.5174873294934857,1.7994469900992314,0.3741549700199836,52329,0.06216279736104369,-0.00014130883558756435,0.000493063383436354,1.146444003097713,-0.002896089893812281,-0.29998599990900565,0.0001119013896758093,0.0,-1.0,0.1,0.0,0.0,0.0,3.552492618560791,52329,nan,0.996361494064331,52520.09467622133,52000,52668.42841992386,52752.424403004086,50,52644.769185363715,nan,nan,nan,0.03317895159125328
19.010627433017362,nav_to_wp,0,0.017580373212695122,-0.5010290741920471,1.793745756149292,-0.010012717917561531,-0.34424126148223877,0.005576323252171278,0.014255486442351372,-0.5233723705417406,1.799449185349249,0.37320347926059366,52196,0.0370575002795146,0.00023115065505216971,0.000250187639652788,1.0208150197286159,-0.002896089893812281,-0.29998599990900565,0.0001119013896758093,0.0,-1.0,0.1,0.0,0.0,0.0,3.552492618560791,52196,nan,1.0190715789794922,51219.169562426185,52000,52658.42841992386,52742.424403004086,50,52644.769185363715,nan,nan,nan,0.03317895159125328
19.031119615014177,nav_to_wp,0,0.01758631318807602,-0.5091770887374878,1.7940250635147095,-0.009266483597457409,-0.3439372479915619,0.007830069400370121,0.01419733295723553,-0.5293960894248949,1.7994514323291555,0.371736358428213,51991,-0.0016528119205023728,-0.001890183085172162,-0.0002192773195630604,0.8081389823928475,-0.002896089893812281,-0.29998599990900565,0.0001119013896758093,0.0,-1.0,0.1,0.0,0.0,0.0,3.552492618560791,51991,nan,1.02089524269104,50926.870677694365,52000,52648.42841992386,52732.424403004086,50,52644.769185363715,nan,nan,nan,0.03317895159125328
19.05020533100469,nav_to_wp,0,0.01755516044795513,-0.5144733786582947,1.7942088842391968,-0.008892012760043144,-0.3439880609512329,0.011227737180888653,0.014139701162183074,-0.5353657700284911,1.7994536591515928,0.36981540751636754,51722,-0.052337532549669774,-0.001199127464251334,-0.0004515743350441692,0.6965160137042403,-0.002896089893812281,-0.29998599990900565,0.0001119013896758093,0.0,-1.0,0.1,0.0,0.0,0.0,3.552492618560791,51722,nan,0.988867998123169,52304.251020526746,52000,52643.8393879319,52726.715424571055,50,52644.769185363715,nan,nan,nan,0.03317895159125328
19.070983140001772,nav_to_wp,0,0.01763053797185421,-0.5199140310287476,1.7944226264953613,-0.008496937341988087,-0.3439561724662781,0.010021356865763664,0.014081608880189667,-0.5413831493018423,1.7994559037666853,0.3701591339359391,51770,-0.04326823388023726,-0.0005575636570907685,-0.0008088472017253601,1.2208480038680136,-0.002896089893812281,-0.29998599990900565,0.0001119013896758093,0.0,-1.0,0.1,0.0,0.0,0.0,3.552492618560791,51770,nan,0.9829760193824768,52666.59509407243,52000,52644.1427973471,52725.9138201644,50,52644.769185363715,nan,nan,nan,0.03317895159125328
19.092352517007384,nav_to_wp,0,0.017629481852054596,-0.5279475450515747,1.7947050333023071,-0.008520727977156639,-0.34413594007492065,0.009103436954319477,0.014022682185526644,-0.5474869596350741,1.7994581806224679,0.3702740313897367,51786,-0.04023663879322825,-0.0027391168583119577,-0.000858262427328782,2.263458998640999,-0.002896089893812281,-0.29998599990900565,0.0001119013896758093,0.0,-1.0,0.1,0.0,0.0,0.0,3.552492618560791,51786,nan,1.012264370918274,51158.57229374024,52000,52634.1427973471,52715.9138201644,50,52644.769185363715,nan,nan,nan,0.03317895159125328
19.110519417998148,nav_to_wp,0,0.01773148588836193,-0.533332109451294,1.7947947978973389,-0.00856091734021902,-0.3436216115951538,0.009909452870488167,0.013965550759472683,-0.5534048104613356,1.7994603881112559,0.36976556465210997,51715,-0.0536526477015844,-0.0018877980279584051,-0.0010098523535924109,0.8111339993774891,-0.002896089893812281,-0.29998599990900565,0.0001119013896758093,0.0,-1.0,0.1,0.0,0.0,0.0,3.552492618560791,51715,nan,0.990454912185669,52213.38130968409,52000,52628.53264417826,52709.213386691335,50,52644.769185363715,nan,nan,nan,0.03317895159125328
19.131482416996732,nav_to_wp,0,0.01778721809387207,-0.5412824153900146,1.794994831085205,-0.008258599787950516,-0.3426506519317627,0.009596516378223896,0.013906685774667398,-0.5595022286955454,1.7994626625826446,0.36968086261560096,51703,-0.05588752993137369,-0.0033677926285458786,-0.0012976356960641144,1.4016329951118678,-0.002896089893812281,-0.29998599990900565,0.0001119013896758093,0.0,-1.0,0.1,0.0,0.0,0.0,3.552492618560791,51703,nan,1.0023006200790405,51584.32406828477,52000,52618.53264417826,52699.213386691335,50,52644.769185363715,nan,nan,nan,0.03317895159125328
19.150954261014704,nav_to_wp,0,0.017880087718367577,-0.546548068523407,1.795119047164917,-0.008028565905988216,-0.34181836247444153,0.010186892002820969,0.01384907700353634,-0.5654695244097441,1.7994648885154656,0.3692364522089872,51641,-0.06761339817975909,-0.00216092365552088,-0.0015868133437972887,0.9985110082197934,-0.002896089893812281,-0.29998599990900565,0.0001119013896758093,0.0,-1.0,0.1,0.0,0.0,0.0,3.552492618560791,51641,nan,1.0061112642288208,51327.325153826365,52000,52608.53264417826,52689.213386691335,50,52644.769185363715,nan,nan,nan,0.03317895159125328
19.170570012007374,nav_to_wp,0,0.017926298081874847,-0.5519468784332275,1.7952239513397217,-0.00766058498993516,-0.3403840661048889,0.0107387974858284,0.013792344875966887,-0.5713460146569042,1.799467080575846,0.36883582982710134,51585,-0.07818390957516463,-0.0008674845047958355,-0.0018997142574721515,0.9969139937311411,-0.002896089893812281,-0.29998599990900565,0.0001119013896758093,0.0,-1.0,0.1,0.0,0.0,0.0,3.552492618560791,51585,nan,0.9924174547195435,51979.134138242145,52000,52600.14066409911,52679.745663378686,50,52644.769185363715,nan,nan,nan,0.03317895159125328
19.19031178500154,nav_to_wp,0,0.01804763823747635,-0.5597243905067444,1.7952886819839478,-0.006755803246051073,-0.33923739194869995,0.008775726892054081,0.013734518628743378,-0.5773358372212497,1.7994693149116785,0.3697447278311688,51712,-0.054202431895284064,-0.002179079178387889,-0.0025782821429987113,0.8579909917898476,-0.002896089893812281,-0.29998599990900565,0.0001119013896758093,0.0,-1.0,0.1,0.0,0.0,0.0,3.5577712059020996,51712,nan,0.9641401767730713,53635.354324801054,52000,52610.14066409911,52689.745663378686,50,52704.00021392054,nan,nan,nan,0.03317895159125328
19.21081500101718,nav_to_wp,0,0.018106209114193916,-0.5649411082267761,1.795192003250122,-0.005659363232553005,-0.33725807070732117,0.004679820034652948,0.013675796612324917,-0.5834184463452285,1.7994715838589428,0.3719205434359766,52016,0.0032069508173222516,-0.00017067961144238313,-0.0032789598203217807,1.0162729886360466,-0.002896089893812281,-0.29998599990900565,0.0001119013896758093,0.0,-1.0,0.1,0.0,0.0,0.0,3.5577712059020996,52016,nan,0.9915188550949097,52460.92873848672,52000,52608.151171757614,52686.694771046794,50,52704.00021392054,nan,nan,nan,0.03317895159125328
19.231216650019633,nav_to_wp,0,0.018266035243868828,-0.5727402567863464,1.7951582670211792,-0.005040817894041538,-0.3363121747970581,0.002708957064896822,0.013618234653606832,-0.5893808930840744,1.7994738079829893,0.3729564754633348,52161,0.030540249692210253,-0.0016328586490515842,-0.003834705214326606,1.1875380005221814,-0.002896089893812281,-0.29998599990900565,0.0001119013896758093,0.0,-1.0,0.1,0.0,0.0,0.0,3.5577712059020996,52161,nan,0.9674469828605652,53916.132794966594,52000,52618.151171757614,52696.694771046794,50,52704.00021392054,nan,nan,nan,0.03317895159125328
19.250680552999256,nav_to_wp,0,0.01831355132162571,-0.5777778625488281,1.7951284646987915,-0.004535087384283543,-0.3347656726837158,-0.0030142092145979404,0.013560414867595589,-0.5953700463759548,1.7994760420691684,0.37586251451789887,52568,0.10721674189706576,0.00021534386280342812,-0.004186263909010446,1.0456180025357753,-0.002896089893812281,-0.29998599990900565,0.0001119013896758093,0.0,-1.0,0.1,0.0,0.0,0.0,3.5577712059020996,52568,nan,0.9718624949455261,54089.95642222668,52000,52628.151171757614,52706.694771046794,50,52704.00021392054,nan,nan,nan,0.03317895159125328
19.27019951600232,nav_to_wp,0,0.01842217706143856,-0.582924485206604,1.7949801683425903,-0.0038413014262914658,-0.3328568935394287,-0.00761095155030489,0.013502654561452741,-0.6013530385580461,1.7994782738571178,0.37835526305164424,52916,0.17298847101963588,0.0021071519096977622,-0.004701330785526148,0.71113501326181,-0.002896089893812281,-0.29998599990900565,0.0001119013896758093,0.0,-1.0,0.1,0.0,0.0,0.0,3.5577712059020996,52916,nan,1.0030969381332397,52752.628373561296,52000,52629.81086778166,52707.30721908032,50,52704.00021392054,nan,nan,nan,0.03317895159125328
19.291146039002342,nav_to_wp,0,0.018558328971266747,-0.5905560851097107,1.7947494983673096,-0.003386946627870202,-0.3310728967189789,-0.007148743141442537,0.01344373086421501,-0.6074565384086422,1.7994805505970837,0.378420453540852,52926,0.17470853669794195,0.0014344080193659714,-0.005146858413212829,1.153617980889976,-0.002896089893812281,-0.29998599990900565,0.0001119013896758093,0.0,-1.0,0.1,0.0,0.0,0.0,3.5577712059020996,52926,nan,1.0004116296768188,52904.22305176285,52000,52633.46969690141,52709.93276351609,50,52704.00021392054,nan,nan,nan,0.03317895159125328
19.311291665013414,nav_to_wp,0,0.018640361726284027,-0.5956225395202637,1.794510006904602,-0.0031322191935032606,-0.329704612493515,-0.007513442076742649,0.013385869846537824,-0.6134499626047382,1.7994827862764042,0.37891196353545303,52994,0.18767713813860176,0.0031333561025716676,-0.00542231747117361,1.3031779963057488,-0.002896089893812281,-0.29998599990900565,0.0001119013896758093,0.0,-1.0,0.1,0.0,0.0,0.0,3.5577712059020996,52994,nan,0.9977741241455078,53112.2212107715,52000,52639.853050419675,52715.29660947949,50,52704.00021392054,nan,nan,nan,0.03317895159125328
19.332202485995367,nav_to_wp,0,0.01880842074751854,-0.6031994223594666,1.794201374053955,-0.002815867308527231,-0.32769685983657837,-0.007482585031539202,0.013325617652009472,-0.6196910723371806,1.7994851143478887,0.37929098909254805,53047,0.1976778124682852,0.0027802064410673375,-0.005824494411241776,1.0870819969568402,-0.002896089893812281,-0.29998599990900565,0.0001119013896758093,0.0,-1.0,0.1,0.0,0.0,0.0,3.5577712059020996,53047,nan,0.9947497844696045,53326.97812876068,52000,52649.014718130886,52723.452363069904,50,52704.00021392054,nan,nan,nan,0.03317895159125328
19.351124125998467,nav_to_wp,0,0.018812622874975204,-0.6082261204719543,1.7939400672912598,-0.002855826634913683,-0.32582855224609375,-0.009401057846844196,0.013270451828343521,-0.6254053199538004,1.799487245888192,0.38058748558948086,53229,0.23188616331083978,0.004475197370808755,-0.005846050718934626,1.3000199978705496,-0.002896089893812281,-0.29998599990900565,0.0001119013896758093,0.0,-1.0,0.1,0.0,0.0,0.0,3.5577712059020996,53229,nan,0.9920394420623779,53656.13275349292,52000,52659.014718130886,52733.452363069904,50,52704.00021392054,nan,nan,nan,0.03317895159125328
19.37121543000103,nav_to_wp,0,0.01895907148718834,-0.6133642196655273,1.7937135696411133,-0.002757375594228506,-0.3237922489643097,-0.010062000714242458,0.013212419611256725,-0.6314164775172845,1.7994894881824497,0.38121437723276375,53316,0.24842683991460923,0.006452317504685711,-0.006102650344299798,1.3914649898651987,-0.002896089893812281,-0.29998599990900565,0.0001119013896758093,0.0,-1.0,0.1,0.0,0.0,0.0,3.5577712059020996,53316,nan,1.020855188369751,52226.80024298323,52000,52653.251858462245,52726.69700146875,50,52704.00021392054,nan,nan,nan,0.03317895159125328
19.390202323003905,nav_to_wp,0,0.018967708572745323,-0.6208600997924805,1.7933323383331299,-0.0028383354656398296,-0.32168474793434143,-0.008613516576588154,0.013155050833319921,-0.6373589139898884,1.7994917048422256,0.38097443838208167,53283,0.24209599952721916,0.005931715102999086,-0.006133295033948771,0.7033839938230813,-0.002896089893812281,-0.29998599990900565,0.0001119013896758093,0.0,-1.0,0.1,0.0,0.0,0.0,3.5472140312194824,53283,nan,0.9957061409950256,53512.77631646764,52000,52663.251858462245,52736.69700146875,50,52585.53815680689,nan,nan,nan,0.03317895159125328
19.41065891701146,nav_to_wp,0,0.019089901819825172,-0.6257657408714294,1.7930481433868408,-0.002838116604834795,-0.32036536931991577,-0.00877206027507782,0.01309696219456117,-0.6433759158856613,1.7994939493165478,0.38142349304527556,53346,0.25394440752705805,0.0077821249309512185,-0.006315254731739328,0.9722859831526875,-0.002896089893812281,-0.29998599990900565,0.0001119013896758093,0.0,-1.0,0.1,0.0,0.0,0.0,3.5472140312194824,53346,nan,1.0018768310546875,53246.06612954812,52000,52671.02271541006,52743.48858984314,50,52585.53815680689,nan,nan,nan,0.03317895159125328
19.43015215700143,nav_to_wp,0,0.019047170877456665,-0.6332713961601257,1.7926801443099976,-0.0033186960499733686,-0.3193913996219635,-0.0077393269166350365,0.01303925046462753,-0.6493538763928994,1.7994961792275717,0.38137315971654684,53339,0.2526163513600732,0.0066915520797822025,-0.00607977032244067,0.6857410189695656,-0.002896089893812281,-0.29998599990900565,0.0001119013896758093,0.0,-1.0,0.1,0.0,0.0,0.0,3.5472140312194824,53339,nan,0.982367753982544,54296.366899017536,52000,52681.02271541006,52753.48858984314,50,52585.53815680689,nan,nan,nan,0.03317895159125328
19.450498715013964,nav_to_wp,0,0.019100472331047058,-0.6383106708526611,1.7924810647964478,-0.00379155483096838,-0.3179527819156647,-0.009255784563720226,0.01298113256957516,-0.6553739087465712,1.7994984248323214,0.38239486376485377,53481,0.2795742418167215,0.008452085587456214,-0.005932758100743563,0.8834039908833802,-0.002896089893812281,-0.29998599990900565,0.0001119013896758093,0.0,-1.0,0.1,0.0,0.0,0.0,3.5472140312194824,53481,nan,0.9945727586746216,53772.838169496375,52000,52691.02271541006,52763.48858984314,50,52585.53815680689,nan,nan,nan,0.03317895159125328
19.470537487999536,nav_to_wp,0,0.01910136081278324,-0.6431792378425598,1.7922680377960205,-0.00452861562371254,-0.3178867995738983,-0.011126812547445297,0.012923358061020703,-0.6613583720586356,1.7995006571690346,0.3836100542142105,53651,0.3116373143591158,0.00962333595318116,-0.005590852231903032,0.9233710006810725,-0.002896089893812281,-0.29998599990900565,0.0001119013896758093,0.0,-1.0,0.1,0.0,0.0,0.0,3.5472140312194824,53651,nan,0.9902030229568481,54181.81802737038,52000,52701.02271541006,52773.48858984314,50,52585.53815680689,nan,nan,nan,0.03317895159125328
19.49029895901913,nav_to_wp,0,0.01905476488173008,-0.6506375670433044,1.7919683456420898,-0.0052012852393090725,-0.3175670802593231,-0.0125590730458498,0.012865065775104045,-0.6673964683604985,1.7995029095120354,0.38470587238189907,53805,0.3405507224775466,0.008285354782828401,-0.0052373772521991935,0.6672650051768869,-0.002896089893812281,-0.29998599990900565,0.0001119013896758093,0.0,-1.0,0.1,0.0,0.0,0.0,3.5472140312194824,53805,nan,1.0010426044464111,53748.96109417324,52000,52711.02271541006,52783.48858984314,50,52585.53815680689,nan,nan,nan,0.03317895159125328
19.51076675899094,nav_to_wp,0,0.019003303721547127,-0.6555556058883667,1.7917729616165161,-0.005546905100345612,-0.31735876202583313,-0.011520984582602978,0.012807158993379437,-0.6733946329389822,1.799505146959623,0.3844454762038928,53768,0.3336801109206533,0.009523224947477257,-0.005067827065771802,1.0243839933536947,-0.002896089893812281,-0.29998599990900565,0.0001119013896758093,0.0,-1.0,0.1,0.0,0.0,0.0,3.5472140312194824,53768,nan,1.0072530508041382,53380.82615592422,52000,52719.95342795025,52791.45309072422,50,52585.53815680689,nan,nan,nan,0.03317895159125328
19.53016209200723,nav_to_wp,0,0.01893146149814129,-0.6629461646080017,1.7915666103363037,-0.006012477446347475,-0.3176582157611847,-0.009478411637246609,0.012749731242393826,-0.6793431780234257,1.7995073658980458,0.38368685088317683,53662,0.31366361169331824,0.007882544431179021,-0.004820133264944904,0.7029380067251623,-0.002896089893812281,-0.29998599990900565,0.0001119013896758093,0.0,-1.0,0.1,0.0,0.0,0.0,3.5472140312194824,53662,nan,1.0179036855697632,52718.15080418256,52000,52719.92939296668,52790.47572690367,50,52585.53815680689,nan,nan,nan,0.03317895159125328
19.549982705008006,nav_to_wp,0,0.01883101649582386,-0.6680065393447876,1.7914760112762451,-0.006441881414502859,-0.31839045882225037,-0.008563881739974022,0.01269206699377725,-0.685316220268145,1.7995095939744492,0.38335497170097477,53616,0.3049069050389104,0.008459660524605991,-0.004555640767558433,0.6294779886957258,-0.002896089893812281,-0.29998599990900565,0.0001119013896758093,0.0,-1.0,0.1,0.0,0.0,0.0,3.5472140312194824,53616,nan,1.010741114616394,53046.22442350022,52000,52724.2799933738,52793.88570952496,50,52585.53815680689,nan,nan,nan,0.03317895159125328
19.57140973501373,nav_to_wp,0,0.018747474998235703,-0.6729320287704468,1.7914584875106812,-0.006959613878279924,-0.3190111219882965,-0.006033286452293396,0.012633033334894427,-0.6914311102879914,1.7995118749631993,0.38212518518092975,53444,0.2724587118978814,0.009407111007024321,-0.0042736697368428445,1.438414998119697,-0.002896089893812281,-0.29998599990900565,0.0001119013896758093,0.0,-1.0,0.1,0.0,0.0,0.0,3.5472140312194824,53444,nan,1.0287764072418213,51949.091779121256,52000,52714.2799933738,52783.88570952496,50,52585.53815680689,nan,nan,nan,0.03317895159125328
19.590603713993914,nav_to_wp,0,0.018569543957710266,-0.6805531978607178,1.7914392948150635,-0.007786768488585949,-0.3195243775844574,-0.0036795292980968952,0.012575903099230134,-0.6973488378099881,1.799514082405992,0.38097574572099985,53283,0.24213049395777908,0.007377439315179865,-0.0037254967634718916,1.0603730042930692,-0.002896089893812281,-0.29998599990900565,0.0001119013896758093,0.0,-1.0,0.1,0.0,0.0,0.0,3.541935443878174,53283,nan,1.0053932666778564,52997.17211759754,52000,52718.05188836345,52786.72952829927,50,52526.30712825007,nan,nan,nan,0.03317895159125328
19.610910579009214,nav_to_wp,0,0.018429294228553772,-0.6854816675186157,1.7915016412734985,-0.008515240624547005,-0.3192547559738159,-0.0019174107583239675,0.012517931471232724,-0.7033537193671223,1.7995163223591608,0.38003086734880887,53151,0.2171996661954836,0.00867068614313364,-0.003264779962549147,1.2588549870997667,-0.002896089893812281,-0.29998599990900565,0.0001119013896758093,0.0,-1.0,0.1,0.0,0.0,0.0,3.541935443878174,53151,nan,1.0027306079864502,53006.260681251915,52000,52721.89467226863,52789.65661033864,50,52526.30712825007,nan,nan,nan,0.03317895159125328
19.63064293601201,nav_to_wp,0,0.018318837508559227,-0.6931149959564209,1.791656732559204,-0.009145938791334629,-0.3185892403125763,-0.0004975940100848675,0.01246020895909791,-0.7093327967282976,1.7995185526867958,0.3791331042352384,53025,0.19351198509863643,0.007296931483946278,-0.002884166916770514,1.0689839837141335,-0.002896089893812281,-0.29998599990900565,0.0001119013896758093,0.0,-1.0,0.1,0.0,0.0,0.0,3.541935443878174,53025,nan,1.0092988014221191,52536.473763058944,52000,52719.422393479166,52786.28083904158,50,52526.30712825007,nan,nan,nan,0.03317895159125328
19.650892067991663,nav_to_wp,0,0.01815836876630783,-0.6955582499504089,1.791701316833496,-0.009598632343113422,-0.31931522488594055,-7.546578854089603e-05,0.012401387670435204,-0.7154256887801361,1.7995208254698187,0.3788885022334744,52991,0.1870581064241268,0.010771566295046567,-0.0025397576789254472,1.0293319937773049,-0.002896089893812281,-0.29998599990900565,0.0001119013896758093,0.0,-1.0,0.1,0.0,0.0,0.0,3.541935443878174,52991,nan,0.9958056211471558,53214.20051732086,52000,52726.019435130394,52791.986434751976,50,52526.30712825007,nan,nan,nan,0.03317895159125328
19.671074211015366,nav_to_wp,0,0.017909934744238853,-0.7031068801879883,1.791900396347046,-0.009804434143006802,-0.32024163007736206,0.00033613538835197687,0.012344078696788649,-0.7213619305383262,1.7995230398188298,0.37843594665154456,52928,0.1751173258982721,0.008590468789750571,-0.0022320138400167,1.3770009973086417,-0.002896089893812281,-0.29998599990900565,0.0001119013896758093,0.0,-1.0,0.1,0.0,0.0,0.0,3.541935443878174,52928,nan,1.0222188234329224,51777.56345970195,52000,52716.019435130394,52781.986434751976,50,52526.30712825007,nan,nan,nan,0.03317895159125328
19.69209080201108,nav_to_wp,0,0.017648011445999146,-0.7107343673706055,1.7922111749649048,-0.009453259408473969,-0.3189799189567566,0.0027143594343215227,0.012285645521768798,-0.7274146205717538,1.799525297605614,0.3768654669871746,52708,0.13367986773547713,0.00762434499423385,-0.002211699450630489,1.4434510085266083,-0.002896089893812281,-0.29998599990900565,0.0001119013896758093,0.0,-1.0,0.1,0.0,0.0,0.0,3.541935443878174,52708,nan,1.021067500114441,51620.4854175581,52000,52706.019435130394,52771.986434751976,50,52526.30712825007,nan,nan,nan,0.03317895159125328
19.711317578010494,nav_to_wp,0,0.01751616597175598,-0.7158421874046326,1.792441487312317,-0.009033582173287868,-0.31963464617729187,0.0045987931080162525,0.012227272003452118,-0.7334611311782959,1.7995275530873356,0.3756473787060679,52538,0.10154033525244976,0.00830005197459317,-0.0023640786785026346,1.261376979527995,-0.002896089893812281,-0.29998599990900565,0.0001119013896758093,0.0,-1.0,0.1,0.0,0.0,0.0,3.541935443878174,52538,nan,1.0000574588775635,52534.981398936,52000,52703.73892798114,52768.82636760777,50,52526.30712825007,nan,nan,nan,0.03317895159125328
19.731601823994424,nav_to_wp,0,0.017225142568349838,-0.7236051559448242,1.7928599119186401,-0.008864501491189003,-0.3195960521697998,0.0057520014233887196,0.012167948773158296,-0.7396060159056476,1.7995298452647726,0.3745524072607853,52385,0.07264926809459737,0.006616851586567963,-0.0022138313887418715,1.1148280173074454,-0.002896089893812281,-0.29998599990900565,0.0001119013896758093,0.0,-1.0,0.1,0.0,0.0,0.0,3.541935443878174,52385,nan,1.0185296535491943,51431.98317050259,52000,52693.73892798114,52758.82636760777,50,52526.30712825007,nan,nan,nan,0.03317895159125328
19.7507145999989,nav_to_wp,0,0.017041251063346863,-0.728667140007019,1.7931256294250488,-0.009238772094249725,-0.32073158025741577,0.009128672070801258,0.012112249883592269,-0.7453754801463763,1.7995319974020936,0.37254118740742215,52103,0.019582781198472787,0.00680258755280785,-0.0018872126704774228,1.023207005346194,-0.002896089893812281,-0.29998599990900565,0.0001119013896758093,0.0,-1.0,0.1,0.0,0.0,0.0,3.541935443878174,52103,nan,1.010080337524414,51583.025690509145,52000,52683.73892798114,52748.82636760777,50,52526.30712825007,nan,nan,nan,0.03317895159125328
19.77107477199752,nav_to_wp,0,0.016830576583743095,-0.733803391456604,1.793346881866455,-0.009832430630922318,-0.3220216929912567,0.011620680801570415,0.012054286807722404,-0.7513794758475368,1.7995342370248186,0.37102796418120293,51892,-0.020343953002562642,0.007070409399609899,-0.0014102654973309203,1.3008899986743927,-0.002896089893812281,-0.29998599990900565,0.0001119013896758093,0.0,-1.0,0.1,0.0,0.0,0.0,3.541935443878174,51892,nan,1.0089943408966064,51429.426208563316,52000,52673.73892798114,52738.82636760777,50,52526.30712825007,nan,nan,nan,0.03317895159125328
19.791050075000385,nav_to_wp,0,0.0165798868983984,-0.741554319858551,1.7937644720077515,-0.010519136674702168,-0.32364997267723083,0.011578837409615517,0.011996693232413182,-0.7573451975312407,1.7995364623704915,0.3705293214508711,51822,-0.033500753275170325,0.004273782920547076,-0.000833046477154209,1.0283539886586368,-0.002896089893812281,-0.29998599990900565,0.0001119013896758093,0.0,-1.0,0.1,0.0,0.0,0.0,3.5472140312194824,51822,nan,1.0073555707931519,51443.602936743984,52000,52663.73892798114,52728.82636760777,50,52585.53815680689,nan,nan,nan,0.03317895159125328
19.810339985007886,nav_to_wp,0,0.016456181183457375,-0.746799647808075,1.7940750122070312,-0.010814264416694641,-0.32429349422454834,0.012056668289005756,0.011938331660389705,-0.7633904707035722,1.799538717390623,0.36991132613659183,51735,-0.04980669824296058,0.004798007801787359,-0.0006042121515557053,0.7131279853638262,-0.002896089893812281,-0.29998599990900565,0.0001119013896758093,0.0,-1.0,0.1,0.0,0.0,0.0,3.5472140312194824,51735,nan,1.0122144222259521,51110.71218115032,52000,52653.73892798114,52718.82636760777,50,52585.53815680689,nan,nan,nan,0.03317895159125328
19.83121694700094,nav_to_wp,0,0.01626199670135975,-0.7520520687103271,1.7943323850631714,-0.010874365456402302,-0.3254569172859192,0.014625427313148975,0.0118802516780219,-0.7694065759434439,1.7995409615304727,0.3683135866872733,51512,-0.09196341194529545,0.005016451745957901,-0.00042638367752911854,1.3312160153873265,-0.002896089893812281,-0.29998599990900565,0.0001119013896758093,0.0,-1.0,0.1,0.0,0.0,0.0,3.5472140312194824,51512,nan,1.0031559467315674,51349.9423173773,52000,52643.73892798114,52708.82636760777,50,52585.53815680689,nan,nan,nan,0.03317895159125328
19.850414923013886,nav_to_wp,0,0.016034526750445366,-0.7599687576293945,1.7946953773498535,-0.010752160102128983,-0.3261778652667999,0.015426027588546276,0.011823027357070089,-0.7753340491121878,1.7995431726086066,0.36746362878951394,51393,-0.11438974170147986,0.0024702975121489164,-0.00030856310285609645,0.9336670045740902,-0.002896089893812281,-0.29998599990900565,0.0001119013896758093,0.0,-1.0,0.1,0.0,0.0,0.0,3.5472140312194824,51393,nan,0.9926573634147644,51773.15143586593,52000,52633.73892798114,52698.82636760777,50,52585.53815680689,nan,nan,nan,0.03317895159125328
19.872005828015972,nav_to_wp,0,0.01573306694626808,-0.7677326798439026,1.7950139045715332,-0.010443346574902534,-0.326845645904541,0.015246461145579815,0.01176255134113207,-0.7815983429624725,1.7995455093282782,0.36716161663160857,51351,-0.12235840022141176,0.0004748210351659624,-0.0002144965673775978,1.0671810014173388,-0.002896089893812281,-0.29998599990900565,0.0001119013896758093,0.0,-1.0,0.1,0.0,0.0,0.0,3.5472140312194824,51351,nan,0.9910340905189514,51815.57374389637,52000,52623.73892798114,52688.82636760777,50,52585.53815680689,nan,nan,nan,0.03317895159125328
19.89132562300074,nav_to_wp,0,0.015552997589111328,-0.7729939222335815,1.7952333688735962,-0.009732040576636791,-0.3271207809448242,0.013053357601165771,0.011706438817495975,-0.7874106527068476,1.7995476774479164,0.36799100940631185,51467,-0.1004746858492922,0.0009232183900859854,-0.0004658629528988545,1.0100260260514915,-0.002896089893812281,-0.29998599990900565,0.0001119013896758093,0.0,-1.0,0.1,0.0,0.0,0.0,3.5472140312194824,51467,nan,0.9885461926460266,52063.323274999486,52000,52616.266719274725,52680.48632637299,50,52585.53815680689,nan,nan,nan,0.03317895159125328
19.910908869991545,nav_to_wp,0,0.015435244888067245,-0.778235137462616,1.7954484224319458,-0.008778119459748268,-0.3263925313949585,0.010749864391982555,0.011649088450014694,-0.7933511821672001,1.7995498933963348,0.36888156209080997,51591,-0.076977253540635,0.0020741412235191084,-0.0009164369925065419,1.243075996171683,-0.002896089893812281,-0.29998599990900565,0.0001119013896758093,0.0,-1.0,0.1,0.0,0.0,0.0,3.5472140312194824,51591,nan,0.9938609600067139,51909.67557438969,52000,52606.845504009594,52670.48632637299,50,52585.53815680689,nan,nan,nan,0.03317895159125328
19.93133357699844,nav_to_wp,0,0.015307639725506306,-0.7834264636039734,1.7955888509750366,-0.007840556092560291,-0.32633325457572937,0.009897899813950062,0.011590757721330582,-0.7993932604904976,1.7995521472247171,0.3691398674468485,51628,-0.070161808790278,0.0030266862016293875,-0.0013487020957620999,1.387000986142084,-0.002896089893812281,-0.29998599990900565,0.0001119013896758093,0.0,-1.0,0.1,0.0,0.0,0.0,3.5472140312194824,51628,nan,0.996728777885437,51797.440934261926,52000,52596.845504009594,52660.48632637299,50,52585.53815680689,nan,nan,nan,0.03317895159125328
19.9512330229918,nav_to_wp,0,0.015187558718025684,-0.7912797927856445,1.7956973314285278,-0.006834658794105053,-0.32575953006744385,0.010028627701103687,0.011533390403081399,-0.8053355457641173,1.7995543638280926,0.36894441605104533,51600,-0.07531883770329095,0.0012673889200965093,-0.0018267085539551697,1.286646001972258,-0.002896089893812281,-0.29998599990900565,0.0001119013896758093,0.0,-1.0,0.1,0.0,0.0,0.0,3.5472140312194824,51600,nan,1.0037277936935425,51408.36023890605,52000,52586.845504009594,52650.48632637299,50,52585.53815680689,nan,nan,nan,0.03317895159125328
19.972193460009294,nav_to_wp,0,0.015092145651578903,-0.7991206645965576,1.7958496809005737,-0.005617520306259394,-0.3251330852508545,0.009999046102166176,0.011472579045953425,-0.811634575297985,1.7995567135049397,0.3687756099277426,51577,-0.07977282512552542,-6.468122828137522e-05,-0.0024501117737636413,1.1207560019101948,-0.002896089893812281,-0.29998599990900565,0.0001119013896758093,0.0,-1.0,0.1,0.0,0.0,0.0,3.5472140312194824,51577,nan,1.0037221908569336,51385.73249632534,52000,52576.845504009594,52640.48632637299,50,52585.53815680689,nan,nan,nan,0.03317895159125328
19.99085075399489,nav_to_wp,0,0.015063421800732613,-0.8043771982192993,1.7958873510360718,-0.0042297751642763615,-0.3232652246952057,0.009696273133158684,0.011417477231671583,-0.8173421926234884,1.7995588425719984,0.36888743959164955,51592,-0.07682217436281036,0.001437174856609357,-0.003230369804329669,1.2764050043188035,-0.002896089893812281,-0.29998599990900565,0.0001119013896758093,0.0,-1.0,0.1,0.0,0.0,0.0,3.552492618560791,51592,nan,1.0080673694610596,51179.119137228394,52000,52566.845504009594,52630.48632637299,50,52644.769185363715,nan,nan,nan,0.03317895159125328
20.01076295899111,nav_to_wp,0,0.014959234744310379,-0.809553861618042,1.795861840248108,-0.0028039237949997187,-0.3224443197250366,0.010301011614501476,0.011359468849350098,-0.82335088130784,1.7995610839453096,0.3686254698724593,51556,-0.08373430415674754,0.002786441426148174,-0.0039561655422146735,1.1308350076433271,-0.002896089893812281,-0.29998599990900565,0.0001119013896758093,0.0,-1.0,0.1,0.0,0.0,0.0,3.552492618560791,51556,nan,0.9858438968658447,52296.31198600992,52000,52563.23839043627,52626.03066850149,50,52644.769185363715,nan,nan,nan,0.03317895159125328
20.030504549009493,nav_to_wp,0,0.01500697061419487,-0.8147551417350769,1.7957814931869507,-0.001269798376597464,-0.32131946086883545,0.007223178166896105,0.011301574937960465,-0.8293477127369919,1.799563320895603,0.37027482391612654,51786,-0.04021572780668947,0.004241065077690604,-0.004881303385497082,0.9272379975300282,-0.002896089893812281,-0.29998599990900565,0.0001119013896758093,0.0,-1.0,0.1,0.0,0.0,0.0,3.552492618560791,51786,nan,0.9836380481719971,52647.41445925117,52000,52564.36073802047,52626.315785711486,50,52644.769185363715,nan,nan,nan,0.03317895159125328
20.050513313995907,nav_to_wp,0,0.015088086016476154,-0.8225107789039612,1.7956888675689697,0.00036648742388933897,-0.31952986121177673,0.003250749781727791,0.0112437700638914,-0.8353353214035157,1.7995655544056028,0.37238419060462413,52081,0.015440385346281005,0.0032790544799455763,-0.0058817063888907395,0.9892089874483645,-0.002896089893812281,-0.29998599990900565,0.0001119013896758093,0.0,-1.0,0.1,0.0,0.0,0.0,3.552492618560791,52081,nan,0.9815316200256348,53060.94978238174,52000,52570.981925278626,52632.11090566709,50,52644.769185363715,nan,nan,nan,0.03317895159125328
20.070557518018177,nav_to_wp,0,0.015130332671105862,-0.8277463316917419,1.7955853939056396,0.001962797250598669,-0.3180197477340698,-0.00030495223472826183,0.011185867464250213,-0.8413330527887894,1.7995677916916,0.37430286641134797,52350,0.06606507681656737,0.004883715062766171,-0.006811551435937702,1.014198991470039,-0.002896089893812281,-0.29998599990900565,0.0001119013896758093,0.0,-1.0,0.1,0.0,0.0,0.0,3.552492618560791,52350,nan,1.013393759727478,51658.10377012581,52000,52560.981925278626,52622.11090566709,50,52644.769185363715,nan,nan,nan,0.03317895159125328
20.09055740601616,nav_to_wp,0,0.01523059792816639,-0.8353140950202942,1.7952739000320435,0.0034407470375299454,-0.3175138235092163,-0.00015574783901683986,0.011127787476150872,-0.8473491586223514,1.7995700358316713,0.37462516168854837,52395,0.07456890998808241,0.00349283217230853,-0.007763815898757631,1.0254750086460263,-0.002896089893812281,-0.29998599990900565,0.0001119013896758093,0.0,-1.0,0.1,0.0,0.0,0.0,3.552492618560791,52395,nan,1.0135244131088257,51695.84404907094,52000,52550.981925278626,52612.11090566709,50,52644.769185363715,nan,nan,nan,0.03317895159125328
20.110341102001257,nav_to_wp,0,0.01528096478432417,-0.8404666185379028,1.7950963973999023,0.004432660527527332,-0.3166956901550293,-0.0004822989576496184,0.011070151111040509,-0.8533193126067614,1.79957226283069,0.37502154538783344,52450,0.0850275827924385,0.0047976175644367436,-0.008399817652899877,0.9005370084196329,-0.002896089893812281,-0.29998599990900565,0.0001119013896758093,0.0,-1.0,0.1,0.0,0.0,0.0,3.552492618560791,52450,nan,1.0013220310211182,52380.751022239136,52000,52548.71217990477,52609.02610722139,50,52644.769185363715,nan,nan,nan,0.03317895159125328
20.13011741201626,nav_to_wp,0,0.015385502018034458,-0.8480633497238159,1.7946820259094238,0.005051589570939541,-0.3158947229385376,-0.002358832396566868,0.011012284498203158,-0.8593133163669516,1.7995744987262008,0.37648503119232085,52655,0.12364198396624815,0.0035015909747749003,-0.008868524354120444,0.7253010116983205,-0.002896089893812281,-0.29998599990900565,0.0001119013896758093,0.0,-1.0,0.1,0.0,0.0,0.0,3.552492618560791,52655,nan,0.9895995259284973,53208.39250665177,52000,52557.50791759473,52617.0176592138,50,52644.769185363715,nan,nan,nan,0.03317895159125328
20.15057755599264,nav_to_wp,0,0.01556926779448986,-0.8531767725944519,1.794501781463623,0.005510288290679455,-0.31534749269485474,-0.005189573857933283,0.010954178659607506,-0.8653320998753334,1.7995767438651038,0.3781371636440222,52886,0.16723386923541383,0.004733512298506087,-0.00932826176901802,1.016747992252931,-0.002896089893812281,-0.29998599990900565,0.0001119013896758093,0.0,-1.0,0.1,0.0,0.0,0.0,3.552492618560791,52886,nan,1.0036370754241943,52694.34668667193,52000,52559.33243451577,52618.048712913245,50,52644.769185363715,nan,nan,nan,0.03317895159125328
20.170864183019148,nav_to_wp,0,0.015617414377629757,-0.8581782579421997,1.7941981554031372,0.005625727586448193,-0.3149290680885315,-0.006528356112539768,0.010895649256295296,-0.8713947575346155,1.799579005370032,0.37919759380073653,53034,0.19521355674766383,0.006060437816133423,-0.00947559629157757,1.09171200892888,-0.002896089893812281,-0.29998599990900565,0.0001119013896758093,0.0,-1.0,0.1,0.0,0.0,0.0,3.552492618560791,53034,nan,0.9944648146629333,53329.186933552286,52000,52569.33243451577,52627.530555855104,50,52644.769185363715,nan,nan,nan,0.03317895159125328
20.19012728900998,nav_to_wp,0,0.01580473966896534,-0.8657227158546448,1.7937487363815308,0.005646884441375732,-0.31387636065483093,-0.008122272789478302,0.010838439893643683,-0.8773206812760951,1.7995812158701954,0.38056342523407366,53225,0.23125132543729876,0.004890667497484201,-0.009709742436617264,0.7107850105967373,-0.002896089893812281,-0.29998599990900565,0.0001119013896758093,0.0,-1.0,0.1,0.0,0.0,0.0,3.541935443878174,53225,nan,0.9979709982872009,53333.21318089311,52000,52579.33243451577,52636.93965752228,50,52526.30712825007,nan,nan,nan,0.03317895159125328
20.210384923993843,nav_to_wp,0,0.01591821387410164,-0.8707868456840515,1.7935117483139038,0.005918195936828852,-0.31285861134529114,-0.010627680458128452,0.010780434511697546,-0.8833290591722349,1.7995834571275755,0.3821256265042695,53444,0.2724703563131783,0.006391881328285729,-0.009991563434908812,0.9085769997909665,-0.002896089893812281,-0.29998599990900565,0.0001119013896758093,0.0,-1.0,0.1,0.0,0.0,0.0,3.541935443878174,53444,nan,0.9967455267906189,53618.49997168505,52000,52589.33243451577,52646.93965752228,50,52526.30712825007,nan,nan,nan,0.03317895159125328
20.230601240997203,nav_to_wp,0,0.01602540723979473,-0.8756048083305359,1.793235182762146,0.006388803943991661,-0.31146520376205444,-0.014106604270637035,0.010722525453709863,-0.8893274595331284,1.7995856946631152,0.384226927739915,53738,0.32791366068377137,0.008311306186891278,-0.010353783850575393,1.0354199912399054,-0.002896089893812281,-0.29998599990900565,0.0001119013896758093,0.0,-1.0,0.1,0.0,0.0,0.0,3.541935443878174,53738,nan,0.9926733374595642,54134.62613746184,52000,52599.33243451577,52656.93965752228,50,52526.30712825007,nan,nan,nan,0.03317895159125328
20.250185520999366,nav_to_wp,0,0.016178850084543228,-0.8831114172935486,1.7928180694580078,0.006863093934953213,-0.3096248507499695,-0.013797336257994175,0.010664730145407525,-0.895314077347779,1.7995879278035056,0.3846031932861469,53790,0.3378415115078326,0.007679331576008568,-0.010810013506212579,0.7900009804870933,-0.002896089893812281,-0.29998599990900565,0.0001119013896758093,0.0,-1.0,0.1,0.0,0.0,0.0,3.541935443878174,53790,nan,1.0261791944503784,52417.7456441318,52000,52596.91127731065,52653.75040401041,50,52526.30712825007,nan,nan,nan,0.03317895159125328
20.27037917301641,nav_to_wp,0,0.016223091632127762,-0.8881779313087463,1.792632818222046,0.006901971530169249,-0.3087632656097412,-0.009707863442599773,0.01060665572077632,-0.9013296069000055,1.7995901717286111,0.38280513043197756,53539,0.2903992198410954,0.00915734253611315,-0.010988022250167262,0.9018210112117231,-0.002896089893812281,-0.29998599990900565,0.0001119013896758093,0.0,-1.0,0.1,0.0,0.0,0.0,3.541935443878174,53539,nan,1.0351717472076416,51719.92004652422,52000,52586.91127731065,52643.75040401041,50,52526.30712825007,nan,nan,nan,0.03317895159125328
20.290327424008865,nav_to_wp,0,0.01628369651734829,-0.8930618762969971,1.7924309968948364,0.006563929840922356,-0.30810055136680603,-0.005567339714616537,0.010548785864226161,-0.9073239466540586,1.7995924077494552,0.381002806952327,53287,0.2428445106154875,0.01071446788624528,-0.010986933297043588,0.8667969959788024,-0.002896089893812281,-0.29998599990900565,0.0001119013896758093,0.0,-1.0,0.1,0.0,0.0,0.0,3.541935443878174,53287,nan,1.0126019716262817,52623.835912958784,52000,52587.40360578596,52643.48487746306,50,52526.30712825007,nan,nan,nan,0.03317895159125328
20.31050324899843,nav_to_wp,0,0.0163104385137558,-0.9004961252212524,1.792118787765503,0.005830290727317333,-0.30844879150390625,-0.002832078142091632,0.010490522455141652,-0.9133590518038217,1.79959465897669,0.3800283784015604,53150,0.21713399476412576,0.009085790308225176,-0.010718464127817962,0.8804870012681931,-0.002896089893812281,-0.29998599990900565,0.0001119013896758093,0.0,-1.0,0.1,0.0,0.0,0.0,3.541935443878174,53150,nan,1.007987141609192,52728.84723028229,52000,52589.289520779246,52644.62304216732,50,52526.30712825007,nan,nan,nan,0.03317895159125328
20.330649181007175,nav_to_wp,0,0.016345173120498657,-0.9054560661315918,1.7919708490371704,0.00461857533082366,-0.3084544837474823,-0.0017603168962523341,0.010432875562883512,-0.9193302962229447,1.799596886382465,0.3796895996339688,53103,0.20819524100181397,0.010156353130233092,-0.010187055349800689,1.0653240024112165,-0.002896089893812281,-0.29998599990900565,0.0001119013896758093,0.0,-1.0,0.1,0.0,0.0,0.0,3.541935443878174,53103,nan,1.0042192935943604,52879.88424314239,52000,52593.164117077424,52647.75985818032,50,52526.30712825007,nan,nan,nan,0.03317895159125328
20.350071135995677,nav_to_wp,0,0.016386056318879128,-0.9129882454872131,1.7917619943618774,0.002944866893813014,-0.3098725974559784,-3.309850944788195e-05,0.010375038962144083,-0.9253211912366753,1.7995991211183449,0.3790867659794411,53019,0.19228933982694052,0.007797739949676419,-0.00942436272359437,0.6584810034837574,-0.002896089893812281,-0.29998599990900565,0.0001119013896758093,0.0,-1.0,0.1,0.0,0.0,0.0,3.541935443878174,53019,nan,1.0128964185714722,52343.950504608154,52000,52589.841268911165,52643.709066799354,50,52526.30712825007,nan,nan,nan,0.03317895159125328
20.370603376999497,nav_to_wp,0,0.01634955033659935,-0.9179925322532654,1.7916709184646606,0.0010270440252497792,-0.3117869198322296,0.001757148653268814,0.010316828658700209,-0.9313507955389888,1.7996013702936424,0.3783131464938973,52911,0.17187721619781726,0.00788568636111664,-0.008452662993767568,0.9738579974509776,-0.002896089893812281,-0.29998599990900565,0.0001119013896758093,0.0,-1.0,0.1,0.0,0.0,0.0,3.541935443878174,52911,nan,1.0070418119430542,52541.016045709126,52000,52589.19026593514,52642.33982651815,50,52526.30712825007,nan,nan,nan,0.03317895159125328
20.390514377009822,nav_to_wp,0,0.016358649358153343,-0.9205353856086731,1.7916040420532227,-0.0009307770524173975,-0.3146663010120392,0.0022967488039284945,0.010258769215463925,-0.9373647732717275,1.7996036136398852,0.3781421326099198,52887,0.16736497651503335,0.010038196737149271,-0.007492000716402325,0.848414987558499,-0.002896089893812281,-0.29998599990900565,0.0001119013896758093,0.0,-1.0,0.1,0.0,0.0,0.0,3.5366568565368652,52887,nan,1.012284517288208,52245.19302308218,52000,52584.603636030435,52637.044535805675,50,52467.076099693244,nan,nan,nan,0.03317895159125328
20.410687074007,nav_to_wp,0,0.016358649358153343,-0.9205353856086731,1.7916040420532227,-0.0029140396509319544,-0.316908597946167,0.0048651681281626225,0.010200763207937377,-0.9433732159674322,1.799605854921437,0.3768909632623477,52712,0.13435259267408028,0.0152589441561455,-0.006525977554900919,1.0719099955167621,-0.002896089893812281,-0.29998599990900565,0.0001119013896758093,0.0,-1.0,0.1,0.0,0.0,0.0,3.5366568565368652,52712,nan,1.0157105922698975,51896.67253759742,52000,52575.431221384664,52627.172909162895,50,52467.076099693244,nan,nan,nan,0.03317895159125328
20.43077577999793,nav_to_wp,0,0.016358649358153343,-0.9205353856086731,1.7916040420532227,-0.0049546342343091965,-0.3197724521160126,0.006500186398625374,0.0101427794627121,-0.9493793526647213,1.7996080953428009,0.37611447645970936,52603,0.11386481424035111,0.020155897928687126,-0.005516005739124807,1.067375997081399,-0.002896089893812281,-0.29998599990900565,0.0001119013896758093,0.0,-1.0,0.1,0.0,0.0,0.0,3.5366568565368652,52603,nan,1.0159424543380737,51777.538949558824,52000,52565.431221384664,52617.172909162895,50,52467.076099693244,nan,nan,nan,0.03317895159125328
20.450693432998378,nav_to_wp,0,0.016358649358153343,-0.9205353856086731,1.7916040420532227,-0.007033518049865961,-0.3225920498371124,0.008769677020609379,0.010084835642952334,-0.9553813537580986,1.799610334221493,0.3750304443328161,52451,0.08526238345161197,0.025113326365315145,-0.004485090529662283,0.9419459966011345,-0.002896089893812281,-0.29998599990900565,0.0001119013896758093,0.0,-1.0,0.1,0.0,0.0,0.0,3.5366568565368652,52451,nan,1.0007612705230713,52411.10097374697,52000,52563.37348474949,52614.42528335735,50,52467.076099693244,nan,nan,nan,0.03317895159125328
20.470420616999036,nav_to_wp,0,0.016358649358153343,-0.9205353856086731,1.7916040420532227,-0.009136015549302101,-0.32545968890190125,0.009122670628130436,0.010027292219266418,-0.9613418805806567,1.7996125576293682,0.3749130734768047,52435,0.08216552709247082,0.02995255682293382,-0.003426288194970928,0.891756993951276,-0.002896089893812281,-0.29998599990900565,0.0001119013896758093,0.0,-1.0,0.1,0.0,0.0,0.0,3.5366568565368652,52435,nan,0.9988495111465454,52495.395367227684,52000,52562.4671098492,52612.83821780896,50,52467.076099693244,nan,nan,nan,0.03317895159125328
20.490402604016708,nav_to_wp,0,0.016358649358153343,-0.9205353856086731,1.7916040420532227,-0.01123274490237236,-0.3282458782196045,0.010758203454315662,0.009969463548024181,-0.9673319542324021,1.7996147920588619,0.37416502875274515,52330,0.06242819928087329,0.03492936275063612,-0.0023742041309342543,0.9145369986072183,-0.002896089893812281,-0.29998599990900565,0.0001119013896758093,0.0,-1.0,0.1,0.0,0.0,0.0,3.5366568565368652,52330,nan,1.008280634880066,51900.23311934837,52000,52553.637323309194,52603.33681649616,50,52467.076099693244,nan,nan,nan,0.03317895159125328
20.510426188993733,nav_to_wp,0,0.016358649358153343,-0.9205353856086731,1.7916040420532227,-0.013410753570497036,-0.33117276430130005,0.012236944399774075,0.009911388222614502,-0.9733475770900651,1.7996170360187727,0.3735043162161085,52238,0.04499515082080485,0.039869634865212736,-0.0012743409568216624,0.8721649937797338,-0.002896089893812281,-0.29998599990900565,0.0001119013896758093,0.0,-1.0,0.1,0.0,0.0,0.0,3.5366568565368652,52238,nan,1.0147579908370972,51478.283957052336,52000,52543.637323309194,52593.33681649616,50,52467.076099693244,nan,nan,nan,0.03317895159125328
20.530030480993446,nav_to_wp,0,0.014779362827539444,-0.9694560170173645,1.7918200492858887,-0.015433106571435928,-0.3345416188240051,0.013103625737130642,0.009853824474139692,-0.9793102092174798,1.799619260211973,0.372526645691659,52101,0.019199094766726432,-0.007971192051077703,0.0014420127702248209,0.6528070080094039,-0.002896089893812281,-0.29998599990900565,0.0001119013896758093,0.0,-1.0,0.1,0.0,0.0,0.0,3.5366568565368652,52101,nan,1.001534104347229,52021.19406004444,52000,52536.67141313233,52585.70824641013,50,52467.076099693244,nan,nan,nan,0.03317895159125328
20.550106639013393,nav_to_wp,0,0.014475822448730469,-0.9747419953346252,1.7918596267700195,-0.01716628484427929,-0.3155674636363983,0.008923991583287716,0.009795852397228072,-0.9853151372745442,1.7996215001824871,0.374568271236843,52387,0.07306784266076427,0.0029713394831023744,0.002621824030495823,0.6871460063848644,-0.002896089893812281,-0.29998599990900565,0.0001119013896758093,0.0,-1.0,0.1,0.0,0.0,0.0,3.5366568565368652,52387,nan,0.9890297055244446,52968.07538477439,52000,52542.42346608756,52590.80647492166,50,52467.076099693244,nan,nan,nan,0.03317895159125328
20.570357214019168,nav_to_wp,0,0.014170762151479721,-0.9801108837127686,1.7918790578842163,-0.019090868532657623,-0.3213212788105011,0.0062779695726931095,0.009737715845601236,-0.9913371021342333,1.7996237465081042,0.37587752930843354,52570,0.10761291051275634,0.000594431118677366,0.0038995172785272203,0.8517609967384487,-0.002896089893812281,-0.29998599990900565,0.0001119013896758093,0.0,-1.0,0.1,0.0,0.0,0.0,3.5366568565368652,52570,nan,0.99466472864151,52851.97965328366,52000,52546.550881916846,52594.28878396649,50,52467.076099693244,nan,nan,nan,0.03317895159125328
20.590082287002588,nav_to_wp,0,0.013703261502087116,-0.9882590770721436,1.7919530868530273,-0.020935790613293648,-0.32759809494018555,0.0063413954339921474,0.009679943213788006,-0.9973213710476035,1.7996259787723026,0.37577092512430427,52555,0.10480013520591669,-0.005049715645764634,0.005318725100987187,0.6571879785042256,-0.002896089893812281,-0.29998599990900565,0.0001119013896758093,0.0,-1.0,0.1,0.0,0.0,0.0,3.5472140312194824,52555,nan,0.9957218766212463,52780.80278634967,52000,52549.67424064262,52596.7756373316,50,52585.53815680689,nan,nan,nan,0.03317895159125328
20.610477088019252,nav_to_wp,0,0.013388668186962605,-0.9937123656272888,1.7920011281967163,-0.022586878389120102,-0.3338180482387543,0.0041162483394145966,0.009621979512337732,-1.0033254315483287,1.7996282184191992,0.37684293451211537,52705,0.13308534332758093,-0.007751965331813961,0.006452287884059382,0.9312019974458963,-0.002896089893812281,-0.29998599990900565,0.0001119013896758093,0.0,-1.0,0.1,0.0,0.0,0.0,3.5472140312194824,52705,nan,0.9877326488494873,53359.58071386106,52000,52559.67424064262,52606.7756373316,50,52585.53815680689,nan,nan,nan,0.03317895159125328
20.630377796012908,nav_to_wp,0,0.012822701595723629,-1.0018999576568604,1.7919491529464722,-0.02392715960741043,-0.33901697397232056,0.0019667930901050568,0.009563862874262006,-1.0093453337004497,1.799630463975381,0.37801593141335244,52869,0.1640351296399043,-0.012772789773895588,0.007678795359279844,0.6911649834364653,-0.002896089893812281,-0.29998599990900565,0.0001119013896758093,0.0,-1.0,0.1,0.0,0.0,0.0,3.5472140312194824,52869,nan,0.9992402195930481,52909.199373031144,52000,52564.33457574114,52610.8079538076,50,52585.53815680689,nan,nan,nan,0.03317895159125328
20.65031803699094,nav_to_wp,0,0.012425407767295837,-1.007445216178894,1.7919272184371948,-0.025077132508158684,-0.343057245016098,0.0001431342971045524,0.009506227291169296,-1.0153154066810386,1.7996326909441835,0.37897720868638585,53003,0.18939864607878043,-0.014424523616486839,0.00862473198935887,0.8570360078010708,-0.002896089893812281,-0.29998599990900565,0.0001119013896758093,0.0,-1.0,0.1,0.0,0.0,0.0,3.5472140312194824,53003,nan,0.9948065280914307,53279.706659834665,52000,52573.872870195715,52619.726603221294,50,52585.53815680689,nan,nan,nan,0.03317895159125328
20.670717805012828,nav_to_wp,0,0.011874580755829811,-1.0157219171524048,1.7918833494186401,-0.026181234046816826,-0.3472723066806793,6.161756755318493e-05,0.009447716463347163,-1.0213761402332768,1.7996349517313774,0.3791160783776022,53023,0.19306275402644246,-0.018981902516609826,0.009723515862771981,0.8534349908586591,-0.002896089893812281,-0.29998599990900565,0.0001119013896758093,0.0,-1.0,0.1,0.0,0.0,0.0,3.5472140312194824,53023,nan,1.0056276321411133,52726.275914979655,52000,52575.90491079284,52621.147260711405,50,52585.53815680689,nan,nan,nan,0.03317895159125328
20.69033822399797,nav_to_wp,0,0.011499794200062752,-1.0212147235870361,1.7918370962142944,-0.027201276272535324,-0.35052016377449036,-0.0003863540478050709,0.009390337995066987,-1.0273195804617903,1.7996371687655766,0.37942093644165814,53066,0.2011065024184191,-0.020204054330002823,0.010588055294850518,0.8939250255934894,-0.002896089893812281,-0.29998599990900565,0.0001119013896758093,0.0,-1.0,0.1,0.0,0.0,0.0,3.5472140312194824,53066,nan,1.0043261051177979,52837.41976793072,52000,52579.39177555467,52624.030894141,50,52585.53815680689,nan,nan,nan,0.03317895159125328
20.710528794996208,nav_to_wp,0,0.011121304705739021,-1.026831865310669,1.7918503284454346,-0.027876069769263268,-0.35252875089645386,-0.0030205550137907267,0.009332094962945217,-1.0333525749023675,1.7996394192054703,0.3807394366452193,53250,0.23589542599523128,-0.02075259880522933,0.011242340120956706,0.9100660099647939,-0.002896089893812281,-0.29998599990900565,0.0001119013896758093,0.0,-1.0,0.1,0.0,0.0,0.0,3.5472140312194824,53250,nan,0.9764567613601685,54533.90473309305,52000,52589.39177555467,52634.030894141,50,52585.53815680689,nan,nan,nan,0.03317895159125328
20.730388113006484,nav_to_wp,0,0.010740820318460464,-1.0323305130004883,1.7918020486831665,-0.02828323468565941,-0.35335439443588257,-0.0038911725860089064,0.00927420517843082,-1.0393489788569454,1.7996416559963064,0.38124730849626526,53321,0.2492957386877368,-0.0206359403237251,0.011779458261163,0.8377570193260908,-0.002896089893812281,-0.29998599990900565,0.0001119013896758093,0.0,-1.0,0.1,0.0,0.0,0.0,3.5472140312194824,53321,nan,1.0178751945495605,52384.614818711736,52000,52586.661416130104,52630.70534646861,50,52585.53815680689,nan,nan,nan,0.03317895159125328
20.750543699017726,nav_to_wp,0,0.01015917956829071,-1.0406757593154907,1.7917808294296265,-0.028360387310385704,-0.3521890938282013,-0.0022236115764826536,0.009215818957763772,-1.0453968052124514,1.7996439119688317,0.3804684794026091,53212,0.22874615838018642,-0.022481699100233205,0.012394288168908751,0.7775580161251128,-0.002896089893812281,-0.29998599990900565,0.0001119013896758093,0.0,-1.0,0.1,0.0,0.0,0.0,3.5472140312194824,53212,nan,0.9848877191543579,54028.49377154258,52000,52596.661416130104,52640.70534646861,50,52585.53815680689,nan,nan,nan,0.03317895159125328
20.77081821099273,nav_to_wp,0,0.009851720184087753,-1.0462415218353271,1.7917606830596924,-0.02833019383251667,-0.35188841819763184,-0.0035935251507908106,0.009158265976992722,-1.0513583219876161,1.799646135745981,0.3811853825469222,53312,0.2476618086259137,-0.021866240369009134,0.012617395463910386,1.141065004048869,-0.002896089893812281,-0.29998599990900565,0.0001119013896758093,0.0,-1.0,0.1,0.0,0.0,0.0,3.5472140312194824,53312,nan,1.0082905292510986,52873.64946251865,52000,52600.35459008196,52643.81126801595,50,52585.53815680689,nan,nan,nan,0.03317895159125328
20.790193696011556,nav_to_wp,0,0.009256966412067413,-1.0544776916503906,1.7917568683624268,-0.0277024507522583,-0.3495465815067291,-0.002683364087715745,0.009100764274260577,-1.0573145272240032,1.7996483575418092,0.38075698671055086,53252,0.2363584884050347,-0.0230564027479035,0.012866281247066347,0.7812879921402782,-0.002896089893812281,-0.29998599990900565,0.0001119013896758093,0.0,-1.0,0.1,0.0,0.0,0.0,3.5313782691955566,53252,nan,1.0044461488723755,53016.28171881833,52000,52605.900285131785,52648.777540693314,50,52407.84507113642,nan,nan,nan,0.03317895159125328
20.810812092997367,nav_to_wp,0,0.008915693499147892,-1.059953212738037,1.7917826175689697,-0.0269026979804039,-0.34739893674850464,-0.0009476711275056005,0.009042345820187864,-1.0633656924159347,1.799650614759794,0.3798526805550723,53126,0.21249816768000684,-0.021373749275724756,0.012773674489281017,1.1102150019723922,-0.002896089893812281,-0.29998599990900565,0.0001119013896758093,0.0,-1.0,0.1,0.0,0.0,0.0,3.5313782691955566,53126,nan,1.0031105279922485,52961.2625104564,52000,52610.63844813612,52652.94400695682,50,52407.84507113642,nan,nan,nan,0.03317895159125328
20.830166922009084,nav_to_wp,0,0.008445392362773418,-1.0680392980575562,1.791840672492981,-0.025586800649762154,-0.3445379137992859,-0.0013375732814893126,0.008984877706369894,-1.0693184184081086,1.7996528352577874,0.3799904801896667,53145,0.216134041943711,-0.022106017284203142,0.012510998451588984,0.7370460079982877,-0.002896089893812281,-0.29998599990900565,0.0001119013896758093,0.0,-1.0,0.1,0.0,0.0,0.0,3.5313782691955566,53145,nan,1.0073121786117554,52759.21519507755,52000,52612.61947142867,52654.360956131764,50,52407.84507113642,nan,nan,nan,0.03317895159125328
20.850190719007514,nav_to_wp,0,0.008115204982459545,-1.07343590259552,1.7919117212295532,-0.02428814209997654,-0.34119004011154175,-0.0011600250145420432,0.008927021921923165,-1.0753113005299149,1.7996550707349024,0.379802634427366,53119,0.21117768937641124,-0.01972520515801004,0.012120110551083307,0.7860790065024048,-0.002896089893812281,-0.29998599990900565,0.0001119013896758093,0.0,-1.0,0.1,0.0,0.0,0.0,3.5313782691955566,53119,nan,0.9985796213150024,53194.556414088474,52000,52620.378630664134,52661.563562237854,50,52407.84507113642,nan,nan,nan,0.03317895159125328
20.870482252998045,nav_to_wp,0,0.007838640362024307,-1.0787737369537354,1.7919888496398926,-0.02294273115694523,-0.33834877610206604,-0.0010923038935288787,0.00886890382129405,-1.0813313541778655,1.7996573163475953,0.3796650482140984,53100,0.2075474462822786,-0.01751622752087658,0.011645879974091722,0.9343459969386458,-0.002896089893812281,-0.29998599990900565,0.0001119013896758093,0.0,-1.0,0.1,0.0,0.0,0.0,3.5313782691955566,53100,nan,1.0080828666687012,52674.24113205459,52000,52621.09679734934,52661.73259650208,50,52407.84507113642,nan,nan,nan,0.03317895159125328
20.890361171012046,nav_to_wp,0,0.0075071570463478565,-1.084057331085205,1.7920328378677368,-0.02167067676782608,-0.3355575203895569,0.0017647577915340662,0.008811050547850549,-1.0873239762021467,1.799659551727688,0.37817674799055756,52891,0.16827831109650404,-0.015358548041004744,0.011308378807037167,0.8925769943743944,-0.002896089893812281,-0.29998599990900565,0.0001119013896758093,0.0,-1.0,0.1,0.0,0.0,0.0,3.5313782691955566,52891,nan,1.0090911388397217,52414.49257082507,52000,52618.34207432902,52658.43606282639,50,52407.84507113642,nan,nan,nan,0.03317895159125328
20.910722428001463,nav_to_wp,0,0.00726532656699419,-1.0893001556396484,1.7921346426010132,-0.020312022417783737,-0.3319934010505676,0.003326829057186842,0.008753059397310855,-1.0933308799649384,1.7996617924351843,0.37726245037067696,52764,0.14415436334239828,-0.012695668531533347,0.010810402860288226,1.176783989649266,-0.002896089893812281,-0.29998599990900565,0.0001119013896758093,0.0,-1.0,0.1,0.0,0.0,0.0,3.5313782691955566,52764,nan,1.0168137550354004,51891.50888125331,52000,52608.65096508801,52648.43606282639,50,52407.84507113642,nan,nan,nan,0.03317895159125328
20.930294818012044,nav_to_wp,0,0.006919678766280413,-1.0970325469970703,1.792297601699829,-0.018754059448838234,-0.3276989459991455,0.006049675866961479,0.008695261329020577,-1.099317783667725,1.7996640256822172,0.3757036079497068,52546,0.1030239564566422,-0.012320506459330322,0.010332336244938123,0.8274660212919116,-0.002896089893812281,-0.29998599990900565,0.0001119013896758093,0.0,-1.0,0.1,0.0,0.0,0.0,3.5313782691955566,52546,nan,1.0193439722061157,51548.840659034155,52000,52598.65096508801,52638.43606282639,50,52407.84507113642,nan,nan,nan,0.03317895159125328
20.95005471300101,nav_to_wp,0,0.0067133656702935696,-1.1022242307662964,1.7924058437347412,-0.016932429745793343,-0.32180821895599365,0.007838920690119267,0.008637394611919829,-1.1053117982278424,1.7996662615817565,0.3746653154165609,52400,0.07562837510714715,-0.008353043932876288,0.009547010989470417,0.6435739924199879,-0.002896089893812281,-0.29998599990900565,0.0001119013896758093,0.0,-1.0,0.1,0.0,0.0,0.0,3.5313782691955566,52400,nan,1.006766438484192,52047.82161679377,52000,52591.30657377742,52630.561203545956,50,52407.84507113642,nan,nan,nan,0.03317895159125328
20.970163612015313,nav_to_wp,0,0.006416991353034973,-1.1098743677139282,1.792626976966858,-0.015269716270267963,-0.31698912382125854,0.008281176909804344,0.008579468215021183,-1.1113119946070686,1.7996684997872505,0.37417303953912395,52332,0.06263956567609164,-0.007551889482973728,0.008925710867720094,0.7375589921139181,-0.002896089893812281,-0.29998599990900565,0.0001119013896758093,0.0,-1.0,0.1,0.0,0.0,0.0,3.5313782691955566,52332,nan,1.0057954788208008,52030.4585792673,52000,52583.82860051729,52622.559835222244,50,52407.84507113642,nan,nan,nan,0.03317895159125328
20.99012935801875,nav_to_wp,0,0.0062033808790147305,-1.117370367050171,1.7928779125213623,-0.0131447222083807,-0.31120482087135315,0.010735279880464077,0.008521563773449429,-1.1173099167852403,1.7996707371444176,0.37263512788904857,52116,0.022061421874630227,-0.006086465045795018,0.007989132173966684,0.7110539881978184,-0.002896089893812281,-0.29998599990900565,0.0001119013896758093,0.0,-1.0,0.1,0.0,0.0,0.0,3.5366568565368652,52116,nan,1.0115814208984375,51519.332921034766,52000,52573.82860051729,52612.559835222244,50,52467.076099693244,nan,nan,nan,0.03317895159125328
21.01109764201101,nav_to_wp,0,0.006033286917954683,-1.1223597526550293,1.7930063009262085,-0.011074982583522797,-0.3072451949119568,0.015031135641038418,0.008463674681102413,-1.1233062490429675,1.7996729739085093,0.3703281214932257,51794,-0.03880945928164614,-0.0028981557141620727,0.0070422823657241285,1.6164490079972893,-0.002896089893812281,-0.29998599990900565,0.0001119013896758093,0.0,-1.0,0.1,0.0,0.0,0.0,3.5366568565368652,51794,nan,1.0251277685165405,50524.43372493065,52000,52563.82860051729,52602.559835222244,50,52467.076099693244,nan,nan,nan,0.03317895159125328
21.03011757900822,nav_to_wp,0,0.005969206802546978,-1.1273109912872314,1.793108582496643,-0.008752252906560898,-0.30301839113235474,0.018069738522171974,0.00840576843232646,-1.1293043584169715,1.7996752113355046,0.36868588756299425,51564,-0.08214016984184092,0.0005177085838646505,0.005820318711526884,0.7159459928516299,-0.002896089893812281,-0.29998599990900565,0.0001119013896758093,0.0,-1.0,0.1,0.0,0.0,0.0,3.5366568565368652,51564,nan,0.9947063326835632,51838.41532494152,52000,52554.156423509616,52592.559835222244,50,52467.076099693244,nan,nan,nan,0.03317895159125328
21.0500545760151,nav_to_wp,0,0.005819986574351788,-1.134554147720337,1.7933303117752075,-0.006736434996128082,-0.2994944453239441,0.017441285774111748,0.008347728905507055,-1.135316273145297,1.7996774539122011,0.368730321261085,51570,-0.08096777675237554,0.0010933894971634276,0.004825133041918228,0.6049390067346394,-0.002896089893812281,-0.29998599990900565,0.0001119013896758093,0.0,-1.0,0.1,0.0,0.0,0.0,3.5366568565368652,51570,nan,0.966270923614502,53370.12502362544,52000,52564.156423509616,52602.559835222244,50,52467.076099693244,nan,nan,nan,0.03317895159125328
21.070469396014232,nav_to_wp,0,0.005786591209471226,-1.139467716217041,1.7934439182281494,-0.004755500238388777,-0.29641279578208923,0.011998147703707218,0.008289714563061358,-1.1413255791978543,1.799679695515804,0.3713198077868906,51932,-0.012643594013441728,0.003925995058205516,0.0036979835472676914,0.9157999884337187,-0.002896089893812281,-0.29998599990900565,0.0001119013896758093,0.0,-1.0,0.1,0.0,0.0,0.0,3.5366568565368652,51932,nan,0.9839659333229065,52778.249979267894,52000,52567.01100425306,52604.902370476186,50,52467.076099693244,nan,nan,nan,0.03317895159125328
21.09035193300224,nav_to_wp,0,0.005776341538876295,-1.146762490272522,1.7935748100280762,-0.0027581374160945415,-0.29326045513153076,0.007407712750136852,0.008231890444513845,-1.1473151812673186,1.7996819297693873,0.37345941410718647,52232,0.043810398606501266,0.004193749044627347,0.0025561816632626577,0.8629799995105714,-0.002896089893812281,-0.29998599990900565,0.0001119013896758093,0.0,-1.0,0.1,0.0,0.0,0.0,3.5366568565368652,52232,nan,0.993623673915863,52567.18551617646,52000,52567.013331078706,52604.39947908553,50,52467.076099693244,nan,nan,nan,0.03317895159125328
21.11064877701574,nav_to_wp,0,0.005689963232725859,-1.1514745950698853,1.7935962677001953,-0.0007686312892474234,-0.29149144887924194,0.00719405896961689,0.008173765546787533,-1.1533359389797402,1.799684175644712,0.3735522333642858,52245,0.04625945552205124,0.006541168279311329,0.0015206157877905024,1.0767079947981983,-0.002896089893812281,-0.29998599990900565,0.0001119013896758093,0.0,-1.0,0.1,0.0,0.0,0.0,3.5366568565368652,52245,nan,1.001308798789978,52176.711183537955,52000,52561.80930244483,52598.69696847823,50,52467.076099693244,nan,nan,nan,0.03317895159125328
21.131269297999097,nav_to_wp,0,0.0057747457176446915,-1.1562095880508423,1.7936275005340576,0.001183950575068593,-0.28885358572006226,0.006877817213535309,0.008115477932157842,-1.1593735514151682,1.7996864278072198,0.37368810010772224,52264,0.04984433001905586,0.009345010425909555,0.0003218855352140615,1.427612005500123,-0.002896089893812281,-0.29998599990900565,0.0001119013896758093,0.0,-1.0,0.1,0.0,0.0,0.0,3.5366568565368652,52264,nan,0.9899826645851135,52792.84362206791,52000,52564.88976003981,52601.285590526095,50,52467.076099693244,nan,nan,nan,0.03317895159125328
21.15064620701014,nav_to_wp,0,0.005825340282171965,-1.1633951663970947,1.7935775518417358,0.002853925107046962,-0.2874232828617096,0.005405062809586525,0.008057642681026806,-1.1653643066322632,1.7996886624909523,0.374494111354806,52376,0.07111111754105437,0.008812536425791365,-0.0006864782463245067,0.9185329836327583,-0.002896089893812281,-0.29998599990900565,0.0001119013896758093,0.0,-1.0,0.1,0.0,0.0,0.0,3.5366568565368652,52376,nan,0.9705673456192017,53964.31297262037,52000,52574.88976003981,52611.285590526095,50,52467.076099693244,nan,nan,nan,0.03317895159125328
21.170191028009867,nav_to_wp,0,0.00584104098379612,-1.1681205034255981,1.7936087846755981,0.004482735879719257,-0.28487637639045715,0.000813395599834621,0.008000188378695908,-1.1713156019876436,1.7996908824552866,0.3767701662176846,52695,0.13116533555895948,0.011412960842870721,-0.001624615006422081,0.7363480108324438,-0.002896089893812281,-0.29998599990900565,0.0001119013896758093,0.0,-1.0,0.1,0.0,0.0,0.0,3.5366568565368652,52695,nan,0.9902096390724182,53216.003885159305,52000,52583.43794837474,52619.3485011212,50,52467.076099693244,nan,nan,nan,0.03317895159125328
21.190230598993367,nav_to_wp,0,0.006029670126736164,-1.1752663850784302,1.793513536453247,0.005954997148364782,-0.28305038809776306,-0.00022897825692780316,0.007942282761316189,-1.1773136459596616,1.7996931198578856,0.37741913031427005,52786,0.14828839879340272,0.011144450186099372,-0.002663281911704951,0.7653330103494227,-0.002896089893812281,-0.29998599990900565,0.0001119013896758093,0.0,-1.0,0.1,0.0,0.0,0.0,3.5366568565368652,52786,nan,1.0025516748428345,52651.65010898319,52000,52584.34744384952,52619.77918922603,50,52467.076099693244,nan,nan,nan,0.03317895159125328
21.21026348299347,nav_to_wp,0,0.006069387309253216,-1.1799876689910889,1.793371319770813,0.007429267279803753,-0.2826135456562042,6.037474304321222e-05,0.007884383486303631,-1.1833110329695604,1.799695357015423,0.3774695138955552,52793,0.14961778088536093,0.012726845951411046,-0.003547507078783596,0.8034220081754029,-0.002896089893812281,-0.29998599990900565,0.0001119013896758093,0.0,-1.0,0.1,0.0,0.0,0.0,3.5366568565368652,52793,nan,1.0058073997497559,52488.180155698654,52000,52583.065213340844,52618.02453544567,50,52467.076099693244,nan,nan,nan,0.03317895159125328
21.231715817993972,nav_to_wp,0,0.006214861758053303,-1.18695867061615,1.793180227279663,0.008794472552835941,-0.28174299001693726,0.00048265643999911845,0.007823171576833134,-1.1896515529610427,1.7996977221691253,0.37750715319372047,52798,0.15061090220898166,0.012518772003701311,-0.004489436135396874,1.073546998668462,-0.002896089893812281,-0.29998599990900565,0.0001119013896758093,0.0,-1.0,0.1,0.0,0.0,0.0,3.5366568565368652,52798,nan,1.0020437240600586,52690.31553441025,52000,52584.49521762177,52618.98841543187,50,52467.076099693244,nan,nan,nan,0.03317895159125328
21.250904525018996,nav_to_wp,0,0.006351360119879246,-1.1917545795440674,1.7930831909179688,0.009861296974122524,-0.28162410855293274,-0.0008633441757410765,0.007767779238356552,-1.195389263686355,1.7996998624616853,0.37831729586572665,52911,0.17198669830413138,0.013550740160559484,-0.005246703903442729,1.0958450147882104,-0.002896089893812281,-0.29998599990900565,0.0001119013896758093,0.0,-1.0,0.1,0.0,0.0,0.0,3.5366568565368652,52911,nan,1.002157211303711,52797.10548723971,52000,52587.33002121668,52621.36330972264,50,52467.076099693244,nan,nan,nan,0.03317895159125328
21.270699656015495,nav_to_wp,0,0.006439311895519495,-1.1965359449386597,1.7929216623306274,0.010537093505263329,-0.282114177942276,-0.00244657089933753,0.007709781997300179,-1.2013967983238096,1.7997021034045115,0.37932686479346595,53052,0.1986244008830056,0.01454943475507349,-0.005742964224629166,0.9304909908678383,-0.002896089893812281,-0.29998599990900565,0.0001119013896758093,0.0,-1.0,0.1,0.0,0.0,0.0,3.5366568565368652,53052,nan,0.9915879964828491,53502.05951279646,52000,52597.33002121668,52631.36330972264,50,52467.076099693244,nan,nan,nan,0.03317895159125328
21.29067307600053,nav_to_wp,0,0.0065885079093277454,-1.2036852836608887,1.7926803827285767,0.010666953399777412,-0.2826007902622223,-0.002119557000696659,0.007651833549577124,-1.2073992787960206,1.7997043424620227,0.37946772288624747,53072,0.20234097325191058,0.01307850791381036,-0.006027633221742379,0.8634209807496518,-0.002896089893812281,-0.29998599990900565,0.0001119013896758093,0.0,-1.0,0.1,0.0,0.0,0.0,3.5366568565368652,53072,nan,1.0145175457000732,52312.55016233098,52000,52593.53295643154,52627.112467757426,50,52467.076099693244,nan,nan,nan,0.03317895159125328
21.310775549005484,nav_to_wp,0,0.006698749028146267,-1.2084760665893555,1.7925190925598145,0.010098263621330261,-0.2826235890388489,-0.0030586577486246824,0.00759438227366635,-1.21335026066539,1.79970656230942,0.38015477633743827,53168,0.22046903265008488,0.014263763583801606,-0.005893995070449964,0.9895249968394637,-0.002896089893812281,-0.29998599990900565,0.0001119013896758093,0.0,-1.0,0.1,0.0,0.0,0.0,3.5366568565368652,53168,nan,0.9918184280395508,53606.58614207541,52000,52603.53295643154,52637.112467757426,50,52467.076099693244,nan,nan,nan,0.03317895159125328
21.330231113999616,nav_to_wp,0,0.006754877045750618,-1.2157021760940552,1.7922283411026,0.00915761012583971,-0.2843550443649292,-0.004549212753772736,0.00753679554181234,-1.2193152734827157,1.79970878739067,0.38126166103897724,53323,0.2496744337460992,0.01199073836317753,-0.005502738428091236,0.7928550185170025,-0.002896089893812281,-0.29998599990900565,0.0001119013896758093,0.0,-1.0,0.1,0.0,0.0,0.0,3.5366568565368652,53323,nan,0.9910793900489807,53802.95517734931,52000,52613.53295643154,52647.112467757426,50,52467.076099693244,nan,nan,nan,0.03317895159125328
21.35021771301399,nav_to_wp,0,0.006845081690698862,-1.2205954790115356,1.7921589612960815,0.007916651666164398,-0.28693002462387085,-0.005731002427637577,0.007479036559233111,-1.22529812856597,1.7997110191274786,0.3819476317698136,53419,0.26777392532489586,0.01176185998913926,-0.004998000127463209,0.7782470202073455,-0.002896089893812281,-0.29998599990900565,0.0001119013896758093,0.0,-1.0,0.1,0.0,0.0,0.0,3.5366568565368652,53419,nan,0.9905056953430176,53931.03770241392,52000,52623.53295643154,52657.112467757426,50,52467.076099693244,nan,nan,nan,0.03317895159125328
21.37128254401614,nav_to_wp,0,0.006962910294532776,-1.227845311164856,1.791874647140503,0.006296148989349604,-0.290008544921875,-0.0074980733916163445,0.007420856360603197,-1.2313246145180083,1.7997132671395628,0.38318456562717523,53592,0.3004107025639886,0.008839834276983854,-0.004319783850220249,1.1406110133975744,-0.002896089893812281,-0.29998599990900565,0.0001119013896758093,0.0,-1.0,0.1,0.0,0.0,0.0,3.5366568565368652,53592,nan,0.9975722432136536,53722.42498182862,52000,52633.53295643154,52667.112467757426,50,52467.076099693244,nan,nan,nan,0.03317895159125328
21.39095410599839,nav_to_wp,0,0.006929614115506411,-1.2327134609222412,1.7917500734329224,0.004919494967907667,-0.29325807094573975,-0.008383048698306084,0.007362318132915432,-1.23738818623356,1.7997155289854543,0.3837910042026644,53677,0.3164117203869221,0.008378348090703966,-0.0036218629129367574,1.1359839991200715,-0.002896089893812281,-0.29998599990900565,0.0001119013896758093,0.0,-1.0,0.1,0.0,0.0,0.0,3.5313782691955566,53677,nan,0.999427080154419,53707.77024743667,52000,52643.53295643154,52677.112467757426,50,52407.84507113642,nan,nan,nan,0.03317895159125328
21.411255742015783,nav_to_wp,0,0.00700007937848568,-1.237697958946228,1.791677713394165,0.0037356377579271793,-0.2955670952796936,-0.010266113094985485,0.007304028835658184,-1.2434259729607846,1.7997177812129768,0.3848328376936338,53822,0.3439007307027371,0.008250434474411948,-0.0031306260729986324,1.2544429919216782,-0.002896089893812281,-0.29998599990900565,0.0001119013896758093,0.0,-1.0,0.1,0.0,0.0,0.0,3.5313782691955566,53822,nan,0.9936978220939636,54163.34704908975,52000,52653.53295643154,52687.112467757426,50,52407.84507113642,nan,nan,nan,0.03317895159125328
21.43122186299297,nav_to_wp,0,0.0069428072310984135,-1.242586612701416,1.7915297746658325,0.0027461349964141846,-0.2967394292354584,-0.010479354299604893,0.0072463296979114,-1.2494026291301383,1.7997200106374538,0.38513648630690583,53865,0.3519125674645327,0.008765140648547725,-0.002614753923952051,1.3148169964551926,-0.002896089893812281,-0.29998599990900565,0.0001119013896758093,0.0,-1.0,0.1,0.0,0.0,0.0,3.5313782691955566,53865,nan,1.0280818939208984,52393.686065776026,52000,52650.0683312228,52683.20011573101,50,52407.84507113642,nan,nan,nan,0.03317895159125328
21.451164088008227,nav_to_wp,0,0.006855415180325508,-1.2500821352005005,1.7914503812789917,0.0018107487121596932,-0.2974728047847748,-0.007229404523968697,0.007189089011145611,-1.2553317975208025,1.7997222223479428,0.38361535735867536,53652,0.3117772390151803,0.006784216633321296,-0.0021060126258751755,1.4317559835035354,-0.002896089893812281,-0.29998599990900565,0.0001119013896758093,0.0,-1.0,0.1,0.0,0.0,0.0,3.5313782691955566,53652,nan,0.9978664517402649,53766.713878827846,52000,52660.0683312228,52693.20011573101,50,52407.84507113642,nan,nan,nan,0.03317895159125328
21.471088415011764,nav_to_wp,0,0.006765172816812992,-1.255043387413025,1.791451096534729,0.0005535263335332274,-0.2989126145839691,-0.007250275928527117,0.007130331106286605,-1.261418124081089,1.7997244926818927,0.3836366782738908,53655,0.31233979614487417,0.007206293335965702,-0.0014176436786330626,1.1488270247355103,-0.002896089893812281,-0.29998599990900565,0.0001119013896758093,0.0,-1.0,0.1,0.0,0.0,0.0,3.5313782691955566,53655,nan,1.005210041999817,53376.904087881936,52000,52669.626141311586,52702.316168693025,50,52407.84507113642,nan,nan,nan,0.03317895159125328
21.490288739994867,nav_to_wp,0,0.006599020678550005,-1.2626123428344727,1.7914581298828125,-0.0008488048915751278,-0.3008491098880768,-0.006191552616655827,0.007073462700298351,-1.2673087304707824,1.7997266900079054,0.38310305465906086,53580,0.2982600173894667,0.004452950599593046,-0.0005734232633112235,0.6388479960151017,-0.002896089893812281,-0.29998599990900565,0.0001119013896758093,0.0,-1.0,0.1,0.0,0.0,0.0,3.5313782691955566,53580,nan,1.005377173423767,53293.431973928455,52000,52677.94355241314,52710.19771276283,50,52407.84507113642,nan,nan,nan,0.03317895159125328
21.511419332993682,nav_to_wp,0,0.006496323272585869,-1.2677011489868164,1.791587233543396,-0.0024463478475809097,-0.3034796714782715,-0.003678233129903674,0.007013674806880267,-1.2735017464499472,1.79972900013936,0.3816956457137439,53384,0.2611252167214744,0.004248174279683874,0.00030650652585939575,1.1818080092780292,-0.002896089893812281,-0.29998599990900565,0.0001119013896758093,0.0,-1.0,0.1,0.0,0.0,0.0,3.5313782691955566,53384,nan,1.0321460962295532,51721.36017857611,52000,52667.94355241314,52700.19771276283,50,52407.84507113642,nan,nan,nan,0.03317895159125328
21.530299930018373,nav_to_wp,0,0.006152881309390068,-1.2753459215164185,1.7916864156723022,-0.004437504801899195,-0.306627482175827,0.0007654386572539806,0.006957611699292132,-1.279308937526359,1.7997311663496223,0.37935773292581326,53057,0.19943886347792095,0.0006772244307135032,0.0016611640483576995,0.8491350163239986,-0.002896089893812281,-0.29998599990900565,0.0001119013896758093,0.0,-1.0,0.1,0.0,0.0,0.0,3.5313782691955566,53057,nan,1.0098180770874023,52541.14696879979,52000,52666.2529312983,52698.077036176655,50,52407.84507113642,nan,nan,nan,0.03317895159125328
21.55022824401385,nav_to_wp,0,0.0060638063587248325,-1.2803493738174438,1.7918553352355957,-0.0063340929336845875,-0.3097418546676636,0.002063883701339364,0.006899717755957605,-1.2853057722644623,1.7997334033011503,0.37850880574735646,52938,0.17703972948169877,8.292684620457e-05,0.002699980536834845,0.7798229926265776,-0.002896089893812281,-0.29998599990900565,0.0001119013896758093,0.0,-1.0,0.1,0.0,0.0,0.0,3.5313782691955566,52938,nan,0.9925534129142761,53335.16495053561,52000,52675.17175822146,52706.571541701436,50,52407.84507113642,nan,nan,nan,0.03317895159125328
21.570121005002875,nav_to_wp,0,0.005834503564983606,-1.2855015993118286,1.792070746421814,-0.007951883599162102,-0.3124605417251587,0.002424815436825156,0.006841787049701703,-1.2913064150203182,1.7997356416731527,0.3780708418722305,52877,0.16548395441241226,-0.0004575420177277971,0.003740239329119266,0.698357995133847,-0.002896089893812281,-0.29998599990900565,0.0001119013896758093,0.0,-1.0,0.1,0.0,0.0,0.0,3.5313782691955566,52877,nan,1.0087796449661255,52416.79911352255,52000,52671.72678962548,52702.70790932572,50,52407.84507113642,nan,nan,nan,0.03317895159125328
21.590109066019068,nav_to_wp,0,0.005469716619700193,-1.2932195663452148,1.7924349308013916,-0.009159652516245842,-0.3132357597351074,0.005583564285188913,0.0067838854173416785,-1.2973040462116003,1.7997378789217753,0.3760492304787244,52594,0.11214328439905863,-0.0027022329422804045,0.004729132592873109,0.6937180005479604,-0.002896089893812281,-0.29998599990900565,0.0001119013896758093,0.0,-1.0,0.1,0.0,0.0,0.0,3.526099681854248,52594,nan,1.0329595804214478,50915.83542750205,52000,52661.72678962548,52692.70790932572,50,52348.6140425796,nan,nan,nan,0.03317895159125328
21.61047815499478,nav_to_wp,0,0.005239475984126329,-1.298283576965332,1.792678952217102,-0.009717129170894623,-0.31412750482559204,0.011837794445455074,0.006725782576171315,-1.3033225192373463,1.7997401239448614,0.37262741244463427,52115,0.021857848143383762,-0.002181095432758263,0.005256563117142621,0.8598529966548085,-0.002896089893812281,-0.29998599990900565,0.0001119013896758093,0.0,-1.0,0.1,0.0,0.0,0.0,3.526099681854248,52115,nan,1.0314463376998901,50526.13800172646,52000,52651.72678962548,52682.70790932572,50,52348.6140425796,nan,nan,nan,0.03317895159125328
21.63053694900009,nav_to_wp,0,0.0048942468129098415,-1.3060462474822998,1.7932852506637573,-0.009921894408762455,-0.31364569067955017,0.017828160896897316,0.006667343507698514,-1.309375819732963,1.7997423819593614,0.36888631825728957,51592,-0.07685176102138414,-0.003795574806012606,0.005731877421840226,0.8277719898615032,-0.002896089893812281,-0.29998599990900565,0.0001119013896758093,0.0,-1.0,0.1,0.0,0.0,0.0,3.526099681854248,51592,nan,1.0199497938156128,50582.88193480123,52000,52641.72678962548,52672.70790932572,50,52348.6140425796,nan,nan,nan,0.03317895159125328
21.650528794009006,nav_to_wp,0,0.004584904294461012,-1.3111703395843506,1.7936118841171265,-0.009821455925703049,-0.31406480073928833,0.02054569125175476,0.006609893966504852,-1.3153266219149382,1.7997446017397312,0.3671278254567868,51346,-0.12324998794757924,-0.0031413302527293747,0.005979067784356751,0.9168990072794259,-0.002896089893812281,-0.29998599990900565,0.0001119013896758093,0.0,-1.0,0.1,0.0,0.0,0.0,3.526099681854248,51346,nan,1.0086039304733276,50907.99118332192,52000,52631.72678962548,52662.70790932572,50,52348.6140425796,nan,nan,nan,0.03317895159125328
21.671326918003615,nav_to_wp,0,0.004326758906245232,-1.3161965608596802,1.7938499450683594,-0.00980547908693552,-0.3139418959617615,0.021860484033823013,0.006551328793597202,-1.3213929847001826,1.7997468646267532,0.36618094483816466,51214,-0.14823364543101292,-0.001946097544593454,0.006203819170963909,1.4475450152531266,-0.002896089893812281,-0.29998599990900565,0.0001119013896758093,0.0,-1.0,0.1,0.0,0.0,0.0,3.526099681854248,51214,nan,0.9912447929382324,51666.349588775396,52000,52621.72678962548,52652.70790932572,50,52348.6140425796,nan,nan,nan,0.03317895159125328
21.69092320499476,nav_to_wp,0,0.0038532179314643145,-1.3239697217941284,1.7944657802581787,-0.009845415130257607,-0.31359416246414185,0.020121490582823753,0.006494098697784684,-1.3273210560469622,1.7997490759280206,0.36629172713744207,51229,-0.14531062961894392,-0.003770581697136087,0.0066783805271568575,1.32770198979415,-0.002896089893812281,-0.29998599990900565,0.0001119013896758093,0.0,-1.0,0.1,0.0,0.0,0.0,3.526099681854248,51229,nan,0.9877395629882812,51864.88617000734,52000,52611.72678962548,52642.70790932572,50,52348.6140425796,nan,nan,nan,0.03317895159125328
21.71038531701197,nav_to_wp,0,0.0035543530248105526,-1.3289304971694946,1.794718861579895,-0.010221893899142742,-0.313955157995224,0.018669001758098602,0.006436244587368205,-1.333313764767508,1.799751311340453,0.3667094953849133,51288,-0.1342877207146902,-0.0028375389876712067,0.007139001570303893,0.8921129920054227,-0.002896089893812281,-0.29998599990900565,0.0001119013896758093,0.0,-1.0,0.1,0.0,0.0,0.0,3.526099681854248,51288,nan,0.990943193435669,51756.75088112865,52000,52601.72678962548,52632.70790932572,50,52348.6140425796,nan,nan,nan,0.03317895159125328
21.73052598099457,nav_to_wp,0,0.0031659731175750494,-1.3365768194198608,1.7951377630233765,-0.01073851715773344,-0.31448936462402344,0.015660900622606277,0.006378257129286954,-1.3393202860539681,1.799753551905277,0.3677020081600464,51426,-0.10810004854758937,-0.004904373044072877,0.007760163483003568,0.9893760143313557,-0.002896089893812281,-0.29998599990900565,0.0001119013896758093,0.0,-1.0,0.1,0.0,0.0,0.0,3.526099681854248,51426,nan,0.9674873948097229,53154.180897740815,52000,52609.09284440035,52639.66088250459,50,52348.6140425796,nan,nan,nan,0.03317895159125328
21.750251015997492,nav_to_wp,0,0.002829574281349778,-1.3416751623153687,1.7954636812210083,-0.01130544301122427,-0.31411662697792053,0.011273173615336418,0.006320270262059743,-1.3453267461379288,1.799755792447271,0.369495418212209,51677,-0.06078052210530416,-0.003695695023906386,0.008330778865499155,0.7262450235430151,-0.002896089893812281,-0.29998599990900565,0.0001119013896758093,0.0,-1.0,0.1,0.0,0.0,0.0,3.526099681854248,51677,nan,0.9826756119728088,52588.05588576053,52000,52608.812351618486,52638.97281588134,50,52348.6140425796,nan,nan,nan,0.03317895159125328
21.77055166399805,nav_to_wp,0,0.002502281218767166,-1.3466691970825195,1.7956035137176514,-0.01139728631824255,-0.3137964606285095,0.006893252953886986,0.006262250115927077,-1.3513366533544355,1.7997580342751216,0.3715170961110862,51960,-0.007438097332819638,-0.0024094282715403734,0.008624815932689378,0.9343120036646724,-0.002896089893812281,-0.29998599990900565,0.0001119013896758093,0.0,-1.0,0.1,0.0,0.0,0.0,3.526099681854248,51960,nan,0.9928288459777832,52335.30452958125,52000,52605.165580657995,52634.923905397336,50,52348.6140425796,nan,nan,nan,0.03317895159125328
21.790532601997256,nav_to_wp,0,0.0020809792913496494,-1.3542035818099976,1.7958394289016724,-0.011368196457624435,-0.3118934631347656,0.003722524968907237,0.006204634376764164,-1.3573046708390486,1.7997602604771787,0.3728161159705841,52142,0.02683683299694195,-0.003060770891468831,0.008969376697649079,0.9866399923339486,-0.002896089893812281,-0.29998599990900565,0.0001119013896758093,0.0,-1.0,0.1,0.0,0.0,0.0,3.5366568565368652,52142,nan,0.9652448892593384,54019.45203772085,52000,52615.165580657995,52644.923905397336,50,52467.076099693244,nan,nan,nan,0.03317895159125328
21.81044874401414,nav_to_wp,0,0.001733692130073905,-1.3591407537460327,1.7959418296813965,-0.011033615097403526,-0.3102594017982483,-0.0030030040070414543,0.006146487462939812,-1.3633277090473894,1.7997625072031787,0.37605626156183536,52595,0.1123288011038337,-0.001010257829671602,0.009021706437796873,0.9361009870190173,-0.002896089893812281,-0.29998599990900565,0.0001119013896758093,0.0,-1.0,0.1,0.0,0.0,0.0,3.5366568565368652,52595,nan,0.9676777720451355,54351.77030970058,52000,52625.165580657995,52654.923905397336,50,52467.076099693244,nan,nan,nan,0.03317895159125328
21.83035336600733,nav_to_wp,0,0.0014069720637053251,-1.3641310930252075,1.7960422039031982,-0.01072494126856327,-0.30829480290412903,-0.005228618625551462,0.006088693863394097,-1.3693141498637138,1.7997647402775445,0.37705052245976395,52734,0.13856259788295233,0.0010913108556078886,0.009119485189329923,0.8399200160056353,-0.002896089893812281,-0.29998599990900565,0.0001119013896758093,0.0,-1.0,0.1,0.0,0.0,0.0,3.5366568565368652,52734,nan,1.0232547521591187,51535.55347652051,52000,52615.165580657995,52644.923905397336,50,52467.076099693244,nan,nan,nan,0.03317895159125328
21.851047192991246,nav_to_wp,0,0.0009883632883429527,-1.371643304824829,1.796110987663269,-0.010142131708562374,-0.3069479465484619,-0.0043847085908055305,0.006029984357993809,-1.3753954630575127,1.7997670087413984,0.37654914251896787,52664,0.12533357569835957,0.0002880860679193866,0.0092043915077904,1.1731819831766188,-0.002896089893812281,-0.29998599990900565,0.0001119013896758093,0.0,-1.0,0.1,0.0,0.0,0.0,3.5366568565368652,52664,nan,0.9896178841590881,53216.49986625938,52000,52623.183371132676,52652.54491820883,50,52467.076099693244,nan,nan,nan,0.03317895159125328
21.870909966004547,nav_to_wp,0,0.0006405275198630989,-1.3765329122543335,1.7960675954818726,-0.009781158529222012,-0.3060681223869324,-0.0047871023416519165,0.005972103505068424,-1.3813909418503174,1.7997692451871288,0.37681215631644144,52701,0.13227325373196308,0.0019288637807083659,0.009314176330884827,1.0487010003998876,-0.002896089893812281,-0.29998599990900565,0.0001119013896758093,0.0,-1.0,0.1,0.0,0.0,0.0,3.5366568565368652,52701,nan,1.0023789405822754,52575.92499837071,52000,52622.55325949585,52651.52331927765,50,52467.076099693244,nan,nan,nan,0.03317895159125328
21.891141794010764,nav_to_wp,0,0.0002932135830633342,-1.3813461065292358,1.7959585189819336,-0.009548510424792767,-0.30492138862609863,-0.005286452826112509,0.005914115638699447,-1.3873975054284902,1.7997714857677285,0.37720744697556496,52756,0.14270308642651486,0.003800428125045649,0.009487879023128754,1.1770499986596406,-0.002896089893812281,-0.29998599990900565,0.0001119013896758093,0.0,-1.0,0.1,0.0,0.0,0.0,3.5366568565368652,52756,nan,1.0023305416107178,52633.33582075884,52000,52622.69702697936,52651.280819297404,50,52467.076099693244,nan,nan,nan,0.03317895159125328
21.911333313997602,nav_to_wp,0,-0.00015275012992788106,-1.3887475728988647,1.7959482669830322,-0.00898877065628767,-0.303354412317276,-0.0055059147998690605,0.005856660502261335,-1.3933488871832904,1.7997737057642917,0.377336082569272,52774,0.1460971654161458,0.0030924656136550087,0.009599813560573489,1.5887269983068109,-0.002896089893812281,-0.29998599990900565,0.0001119013896758093,0.0,-1.0,0.1,0.0,0.0,0.0,3.5366568565368652,52774,nan,1.0077894926071167,52366.094692528975,52000,52619.27566252002,52647.47833760716,50,52467.076099693244,nan,nan,nan,0.03317895159125328
21.930878300016047,nav_to_wp,0,-0.0005909805186092854,-1.3959084749221802,1.7958223819732666,-0.008363938890397549,-0.3014065623283386,-0.0022682107519358397,0.0057988826719440195,-1.3993336945738846,1.799775938229354,0.3758814261292137,52570,0.10771572900299908,0.0028892837017981676,0.00970937152939233,1.1883330007549375,-0.002896089893812281,-0.29998599990900565,0.0001119013896758093,0.0,-1.0,0.1,0.0,0.0,0.0,3.5366568565368652,52570,nan,1.0061873197555542,52246.73275824177,52000,52614.308423796305,52642.13506321562,50,52467.076099693244,nan,nan,nan,0.03317895159125328
21.950788006011862,nav_to_wp,0,-0.000886088702827692,-1.4007645845413208,1.7957580089569092,-0.007481156848371029,-0.3006121814250946,-0.00292240921407938,0.005741113063516575,-1.4053176503155504,1.7997781703767324,0.3762972529120171,52629,0.11868741192657062,0.0045072664664744565,0.009481726298050885,1.1386119876988232,-0.002896089893812281,-0.29998599990900565,0.0001119013896758093,0.0,-1.0,0.1,0.0,0.0,0.0,3.5366568565368652,52629,nan,1.0082186460494995,52199.98678482696,52000,52608.784135276714,52636.2397528371,50,52467.076099693244,nan,nan,nan,0.03317895159125328
21.9707155880169,nav_to_wp,0,-0.0010626575676724315,-1.403114676475525,1.795681118965149,-0.006713792681694031,-0.29931026697158813,-0.0013599465601146221,0.0056829554399781355,-1.4113417978693905,1.7997804175165426,0.3756298819559425,52535,0.10107867957631811,0.009121181027972852,0.009216079264521726,1.0292379884049296,-0.002896089893812281,-0.29998599990900565,0.0001119013896758093,0.0,-1.0,0.1,0.0,0.0,0.0,3.5366568565368652,52535,nan,1.0073832273483276,52149.96495254802,52000,52602.66654617367,52629.75608883325,50,52467.076099693244,nan,nan,nan,0.03317895159125328
21.990927700011525,nav_to_wp,0,-0.0016587446443736553,-1.4125630855560303,1.7954174280166626,-0.006039402913302183,-0.29775470495224,-0.003358452348038554,0.005625181270258663,-1.4173262260838735,1.7997826498401637,0.3769583055997788,52721,0.13612943535036237,0.006238446663778645,0.00939702096993722,1.254909991985187,-0.002896089893812281,-0.29998599990900565,0.0001119013896758093,0.0,-1.0,0.1,0.0,0.0,0.0,3.5313782691955566,52721,nan,0.9889402985572815,53310.59931212449,52000,52612.105649719684,52638.83399847714,50,52407.84507113642,nan,nan,nan,0.03317895159125328
22.010946533002425,nav_to_wp,0,-0.0018786032451316714,-1.4173389673233032,1.7953174114227295,-0.005679219961166382,-0.29454031586647034,-0.003901204327121377,0.0055673084655912895,-1.423320871213078,1.7997848859749193,0.37737060827359337,52779,0.14700813386789768,0.009227270159127787,0.009367561544904035,1.3024990039411932,-0.002896089893812281,-0.29998599990900565,0.0001119013896758093,0.0,-1.0,0.1,0.0,0.0,0.0,3.5313782691955566,52779,nan,0.9977354407310486,52898.79245076071,52000,52615.92814040023,52642.300111174256,50,52407.84507113642,nan,nan,nan,0.03317895159125328
22.0302609950013,nav_to_wp,0,-0.0022636877838522196,-1.4243953227996826,1.7951020002365112,-0.005205503199249506,-0.29363059997558594,-0.003002714365720749,0.00550963882730701,-1.4292944717363432,1.799787114259573,0.3771962190493017,52754,0.14240683507392227,0.008565631670500938,0.009467928045583163,0.8163030142895877,-0.002896089893812281,-0.29998599990900565,0.0001119013896758093,0.0,-1.0,0.1,0.0,0.0,0.0,3.5313782691955566,52754,nan,0.9993053674697876,52790.67011675481,52000,52618.2580334183,52644.27837791533,50,52407.84507113642,nan,nan,nan,0.03317895159125328
22.05076929400093,nav_to_wp,0,-0.0025519283954054117,-1.429091453552246,1.7949281930923462,-0.00439216336235404,-0.2938348352909088,-0.0047740815207362175,0.005451412134870149,-1.4353257736615308,1.7997893640681213,0.3783106178941497,52910,0.17181049852637642,0.009844240090611384,0.009253245071865646,1.127282012021169,-0.002896089893812281,-0.29998599990900565,0.0001119013896758093,0.0,-1.0,0.1,0.0,0.0,0.0,3.5313782691955566,52910,nan,0.9908235669136047,53400.02172618236,52000,52628.2580334183,52654.27837791533,50,52407.84507113642,nan,nan,nan,0.03317895159125328
22.07106125901919,nav_to_wp,0,-0.0028094532899558544,-1.4338411092758179,1.7947989702224731,-0.003587684128433466,-0.2937813401222229,-0.005062662530690432,0.005393545884046794,-1.4413197399231854,1.7997915999496443,0.37862879729381227,52955,0.18020573334596968,0.011178877624561389,0.009031444591769189,1.211579015944153,-0.002896089893812281,-0.29998599990900565,0.0001119013896758093,0.0,-1.0,0.1,0.0,0.0,0.0,3.5313782691955566,52955,nan,1.0033411979675293,52778.65606163793,52000,52630.26334046123,52655.936747031636,50,52407.84507113642,nan,nan,nan,0.03317895159125328
22.09049558400875,nav_to_wp,0,-0.003137377090752125,-1.4408482313156128,1.7944883108139038,-0.0030251669231802225,-0.2940192222595215,-0.004742245189845562,0.005335591371936123,-1.4473228485635294,1.799793839241476,0.3788602007546542,52987,0.18631136555815786,0.00998631951318315,0.009014008414582664,0.9066619968507439,-0.002896089893812281,-0.29998599990900565,0.0001119013896758093,0.0,-1.0,0.1,0.0,0.0,0.0,3.5313782691955566,52987,nan,0.9861243963241577,53732.57187177648,52000,52640.26334046123,52665.936747031636,50,52407.84507113642,nan,nan,nan,0.03317895159125328
22.11119543600944,nav_to_wp,0,-0.003342136973515153,-1.4456090927124023,1.7943745851516724,-0.0022066680248826742,-0.29433444142341614,-0.006967243272811174,0.005277473928663732,-1.4533428341204258,1.7997960848287697,0.38012668277897027,53164,0.2197277778092399,0.011112230524471016,0.00870762818241766,1.250618021003902,-0.002896089893812281,-0.29998599990900565,0.0001119013896758093,0.0,-1.0,0.1,0.0,0.0,0.0,3.5313782691955566,53164,nan,0.9805059432983398,54220.98699489853,52000,52650.26334046123,52675.936747031636,50,52407.84507113642,nan,nan,nan,0.03317895159125328
22.130611753003905,nav_to_wp,0,-0.0036515723913908005,-1.4526258707046509,1.7941691875457764,-0.0018490934744477272,-0.2945445775985718,-0.010664398781955242,0.005219669882970344,-1.4593303569812204,1.799798318306762,0.3822357279708334,53459,0.27537540820140727,0.00986376650434838,0.008735813667142045,1.0368539951741695,-0.002896089893812281,-0.29998599990900565,0.0001119013896758093,0.0,-1.0,0.1,0.0,0.0,0.0,3.5313782691955566,53459,nan,0.9977483153343201,53579.64446383179,52000,52660.26334046123,52685.936747031636,50,52407.84507113642,nan,nan,nan,0.03317895159125328
22.168896927993046,nav_to_wp,0,-0.003818623023107648,-1.4573390483856201,1.7939815521240234,-0.0012972441036254168,-0.29529625177383423,-0.010821911506354809,0.005110710675190587,-1.4706166906564768,1.7998025283579744,0.3825917931287897,53509,0.2847702672503871,0.01633466872402621,0.008499930051931726,0.8990640053525567,-0.002896089893812281,-0.29998599990900565,0.0001119013896758093,0.0,-1.0,0.1,0.0,0.0,0.0,3.5313782691955566,53509,nan,0.9997832775115967,53520.59911742157,52000,52670.26334046123,52695.936747031636,50,52407.84507113642,nan,nan,nan,0.03317895159125328
22.174072863999754,nav_to_wp,0,-0.0039543211460113525,-1.4597444534301758,1.7939295768737793,-0.0012972441036254168,-0.29529625177383423,-0.010821911506354809,0.00509738832861714,-1.4719966607556467,1.799803043117236,0.38265720763126054,53518,0.2864962435688785,0.015259810391263805,0.008626403752094003,0.910028989892453,-0.002896089893812281,-0.29998599990900565,0.0001119013896758093,0.0,-1.0,0.1,0.0,0.0,0.0,3.5313782691955566,53518,nan,0.9938673973083496,53848.229799005996,52000,52680.26334046123,52705.936747031636,50,52407.84507113642,nan,nan,nan,0.03317895159125328
22.190122861997224,nav_to_wp,0,-0.004245163407176733,-1.4691946506500244,1.7936385869979858,0.0004010752309113741,-0.2964377701282501,-0.011005830019712448,0.005046415440618525,-1.4772765910531094,1.799805012647607,0.38309523003815765,53579,0.29805356301207375,0.010291480932820334,0.007980342026608023,0.6199790223035961,-0.002896089893812281,-0.29998599990900565,0.0001119013896758093,0.0,-1.0,0.1,0.0,0.0,0.0,3.526099681854248,53579,nan,0.997385561466217,53719.44619013296,52000,52690.26334046123,52715.936747031636,50,52348.6140425796,nan,nan,nan,0.03317895159125328
22.21027891500853,nav_to_wp,0,-0.004381993319839239,-1.4739404916763306,1.7935532331466675,-0.00020024733385071158,-0.2892175316810608,-0.011918706819415092,0.004988350390590429,-1.4832911495547847,1.7998072562104894,0.3836936257686464,53663,0.3138423685658669,0.015362243161702399,0.008363460237140075,0.8383179956581444,-0.002896089893812281,-0.29998599990900565,0.0001119013896758093,0.0,-1.0,0.1,0.0,0.0,0.0,3.526099681854248,53663,nan,0.9857088923454285,54441.02251356633,52000,52700.26334046123,52725.936747031636,50,52348.6140425796,nan,nan,nan,0.03317895159125328
22.230401214997983,nav_to_wp,0,-0.004559783264994621,-1.4811673164367676,1.7934495210647583,0.0007528686546720564,-0.29009655117988586,-0.014496921561658382,0.0049303865182897776,-1.4892952277527234,1.7998094958639874,0.38511055068574507,53861,0.35122825028351023,0.013578907980397313,0.007962151638273074,0.9411840001121163,-0.002896089893812281,-0.29998599990900565,0.0001119013896758093,0.0,-1.0,0.1,0.0,0.0,0.0,3.526099681854248,53861,nan,1.0036001205444336,53667.78948848815,52000,52710.26334046123,52735.936747031636,50,52348.6140425796,nan,nan,nan,0.03317895159125328
22.250201136019314,nav_to_wp,0,-0.00468415766954422,-1.4858918190002441,1.793350100517273,0.0014766422100365162,-0.2914274334907532,-0.01385672390460968,0.00487252846053003,-1.4952883453513637,1.7998117314289404,0.3849264368916915,53836,0.3463703665353943,0.01421224399237405,0.007659013702384421,0.7858379976823926,-0.002896089893812281,-0.29998599990900565,0.0001119013896758093,0.0,-1.0,0.1,0.0,0.0,0.0,3.526099681854248,53836,nan,1.0118943452835083,53203.18297155466,52000,52716.83560220914,52742.166696691944,50,52348.6140425796,nan,nan,nan,0.03317895159125328
22.27024830901064,nav_to_wp,0,-0.004843894857913256,-1.4907625913619995,1.7933282852172852,0.0025548324920237064,-0.29282069206237793,-0.011378887109458447,0.004814476732448314,-1.5013015239243932,1.799813974477079,0.3837255133554721,53668,0.31468372969583314,0.014721424438974002,0.007227010461516414,0.7810630195308477,-0.002896089893812281,-0.29998599990900565,0.0001119013896758093,0.0,-1.0,0.1,0.0,0.0,0.0,3.526099681854248,53668,nan,1.009665846824646,53154.21945664842,52000,52722.667386935,52747.660733491364,50,52348.6140425796,nan,nan,nan,0.03317895159125328
22.29064620201825,nav_to_wp,0,-0.004961863160133362,-1.4980725049972534,1.793333888053894,0.0033997641876339912,-0.294704794883728,-0.009017178788781166,0.004756417135724838,-1.5073155175558126,1.7998162178292523,0.3825339062807091,53501,0.2832429097812419,0.012426821485262557,0.006870402687956023,1.0999439982697368,-0.002896089893812281,-0.29998599990900565,0.0001119013896758093,0.0,-1.0,0.1,0.0,0.0,0.0,3.526099681854248,53501,nan,1.0025639533996582,53364.176737633585,52000,52731.22084494431,52755.88094687993,50,52348.6140425796,nan,nan,nan,0.03317895159125328
22.31039272400085,nav_to_wp,0,-0.005101804621517658,-1.5029358863830566,1.7933902740478516,0.00430060550570488,-0.2967788577079773,-0.006988879293203354,0.004698608262138661,-1.5133035405047601,1.7998184514937887,0.3814580548052639,53350,0.2548563273156681,0.012553718758969552,0.006503581536162928,0.8819609938655049,-0.002896089893812281,-0.29998599990900565,0.0001119013896758093,0.0,-1.0,0.1,0.0,0.0,0.0,3.526099681854248,53350,nan,1.0071338415145874,52972.10539541509,52000,52734.43263895059,52758.76393952706,50,52348.6140425796,nan,nan,nan,0.03317895159125328
22.3307261299924,nav_to_wp,0,-0.0051776813343167305,-1.5053372383117676,1.7933763265609741,0.004470578860491514,-0.2991572916507721,-0.0050353300757706165,0.004640641267920366,-1.5193079420806397,1.7998206912679138,0.3805212553457601,53219,0.23013866347651835,0.015122314606141683,0.006449080744325153,1.1535880039446056,-0.002896089893812281,-0.29998599990900565,0.0001119013896758093,0.0,-1.0,0.1,0.0,0.0,0.0,3.526099681854248,53219,nan,0.9989610314369202,53274.35037525839,52000,52741.63154210136,52765.63842533681,50,52348.6140425796,nan,nan,nan,0.03317895159125328
22.35112218899303,nav_to_wp,0,-0.005267999600619078,-1.5103503465652466,1.793536901473999,0.0052261753007769585,-0.3014891743659973,-0.0042910100892186165,0.0045827849709225085,-1.5253008772940864,1.7998229267648331,0.37995554625378986,53140,0.2152123022108121,0.01494883941180344,0.006095121263071324,1.5457069966942072,-0.002896089893812281,-0.29998599990900565,0.0001119013896758093,0.0,-1.0,0.1,0.0,0.0,0.0,3.526099681854248,53140,nan,1.0109785795211792,52562.933653023814,52000,52739.24890358032,52762.935695039305,50,52348.6140425796,nan,nan,nan,0.03317895159125328
22.370955413003685,nav_to_wp,0,-0.005481848493218422,-1.5203392505645752,1.793858528137207,0.0058039468713104725,-0.3036375045776367,-0.001982988091185689,0.004524400076684847,-1.5313485662539101,1.7998251826861065,0.3783833745224794,52920,0.1737301984823052,0.009708536281632818,0.005979400019216374,1.2330350000411272,-0.002896089893812281,-0.29998599990900565,0.0001119013896758093,0.0,-1.0,0.1,0.0,0.0,0.0,3.526099681854248,52920,nan,1.0253103971481323,51613.63831596292,52000,52729.24890358032,52752.935695039305,50,52348.6140425796,nan,nan,nan,0.03317895159125328
22.392506511998363,nav_to_wp,0,-0.005575838498771191,-1.5253263711929321,1.7940809726715088,0.005857417825609446,-0.3042517602443695,0.0034563697408884764,0.004463245501043567,-1.537683147429017,1.7998275456244994,0.3753988534360497,52503,0.09498294026516163,0.010894316069726857,0.006033438240031552,1.109529985114932,-0.002896089893812281,-0.29998599990900565,0.0001119013896758093,0.0,-1.0,0.1,0.0,0.0,0.0,3.5208210945129395,52503,nan,0.9864240884780884,53225.585844121706,52000,52735.86672945421,52759.23769702707,50,52289.38301402277,nan,nan,nan,0.03317895159125328
22.410156130994437,nav_to_wp,0,-0.005723791662603617,-1.5330053567886353,1.7945220470428467,0.007104838732630014,-0.3065924346446991,0.003771544201299548,0.004408983726536395,-1.5433037508215945,1.7998296422334432,0.3746848143392793,52403,0.07614285855618164,0.0074679799346158045,0.005479097693521506,0.6962589977774769,-0.002896089893812281,-0.29998599990900565,0.0001119013896758093,0.0,-1.0,0.1,0.0,0.0,0.0,3.5208210945129395,52403,nan,1.0148087739944458,51638.30008458994,52000,52725.86672945421,52749.23769702707,50,52289.38301402277,nan,nan,nan,0.03317895159125328
22.43105924600968,nav_to_wp,0,-0.005853655748069286,-1.5379928350448608,1.7947829961776733,0.008465067483484745,-0.3076131045818329,0.00958933960646391,0.004350738339848642,-1.5493369891554407,1.7998318927643147,0.3714581414892534,51952,-0.00899362825189165,0.008109418346869044,0.004871432644892204,1.312050997512415,-0.002896089893812281,-0.29998599990900565,0.0001119013896758093,0.0,-1.0,0.1,0.0,0.0,0.0,3.5208210945129395,51952,nan,1.0268222093582153,50594.93213773692,52000,52715.86672945421,52739.23769702707,50,52289.38301402277,nan,nan,nan,0.03317895159125328
22.45108953100862,nav_to_wp,0,-0.005936665926128626,-1.543074369430542,1.7950702905654907,0.008342647925019264,-0.3087325096130371,0.012699441984295845,0.004292803272145918,-1.555338083683525,1.7998341313048383,0.3695529920169137,51685,-0.059261424355840475,0.008540754626639491,0.004989941383288343,1.3296650140546262,-0.002896089893812281,-0.29998599990900565,0.0001119013896758093,0.0,-1.0,0.1,0.0,0.0,0.0,3.5208210945129395,51685,nan,1.0092090368270874,51213.37415140035,52000,52705.86672945421,52729.23769702707,50,52289.38301402277,nan,nan,nan,0.03317895159125328
22.47149375799927,nav_to_wp,0,-0.006127674598246813,-1.550797462463379,1.795516848564148,0.009507847018539906,-0.309713751077652,0.016250401735305786,0.004234757414422427,-1.5613506541865891,1.7998363741261534,0.3672191813210894,51359,-0.12083954297917288,0.006197291721447994,0.004531874160544236,1.6824080084916204,-0.002896089893812281,-0.29998599990900565,0.0001119013896758093,0.0,-1.0,0.1,0.0,0.0,0.0,3.5208210945129395,51359,nan,1.0076349973678589,50969.84536479958,52000,52695.86672945421,52719.23769702707,50,52289.38301402277,nan,nan,nan,0.03317895159125328
22.49115623801481,nav_to_wp,0,-0.006209042854607105,-1.5560154914855957,1.795873999595642,0.011068647727370262,-0.31266796588897705,0.019514020532369614,0.004176438594523666,-1.567391498960856,1.7998386274943947,0.3651449835348768,51069,-0.17556771675786997,0.005515710449978911,0.003727966341697364,1.239789999090135,-0.002896089893812281,-0.29998599990900565,0.0001119013896758093,0.0,-1.0,0.1,0.0,0.0,0.0,3.5208210945129395,51069,nan,1.0027326345443726,50929.82739432334,52000,52685.86672945421,52709.23769702707,50,52289.38301402277,nan,nan,nan,0.03317895159125328
22.51052463799715,nav_to_wp,0,-0.006349865812808275,-1.5638129711151123,1.7964249849319458,0.011984352022409439,-0.31519943475723267,0.019032012671232224,0.0041193378729035834,-1.573306169326346,1.7998408337968006,0.3646981310546281,51006,-0.18735801966680476,0.0020691003140091003,0.003322186807620975,0.9728259756229818,-0.002896089893812281,-0.29998599990900565,0.0001119013896758093,0.0,-1.0,0.1,0.0,0.0,0.0,3.5208210945129395,51006,nan,0.9941612482070923,51305.56043296411,52000,52675.86672945421,52699.23769702707,50,52289.38301402277,nan,nan,nan,0.03317895159125328
22.530694784014486,nav_to_wp,0,-0.006523925811052322,-1.5715693235397339,1.7967920303344727,0.011855347082018852,-0.3159940242767334,0.018617255613207817,0.00406144556878865,-1.5793028342689845,1.799843070684991,0.36445203415414185,50972,-0.19385134157937145,-0.00029688750414413835,0.0035227236832886533,1.1157889966852963,-0.002896089893812281,-0.29998599990900565,0.0001119013896758093,0.0,-1.0,0.1,0.0,0.0,0.0,3.5208210945129395,50972,nan,0.995337188243866,51210.78625619626,52000,52665.86672945421,52689.23769702707,50,52289.38301402277,nan,nan,nan,0.03317895159125328
22.550498126016464,nav_to_wp,0,-0.006562064867466688,-1.576830506324768,1.7970746755599976,0.012453134171664715,-0.3183494210243225,0.016954360529780388,0.00400347946649866,-1.5853071434561556,1.7998453104246532,0.364935409152175,51040,-0.18109738384762686,-0.0007728239228249805,0.0031687110283913356,0.8888239972293377,-0.002896089893812281,-0.29998599990900565,0.0001119013896758093,0.0,-1.0,0.1,0.0,0.0,0.0,3.5208210945129395,51040,nan,0.9890216588973999,51606.55435685947,52000,52655.86672945421,52679.23769702707,50,52289.38301402277,nan,nan,nan,0.03317895159125328
22.57009961499716,nav_to_wp,0,-0.006735570728778839,-1.5821055173873901,1.7972663640975952,0.012032616883516312,-0.31922903656959534,0.01586044207215309,0.003945544781038883,-1.5913081983903266,1.7998475489504073,0.3652485008095339,51083,-0.17283639024976516,-0.00045869038759324573,0.0035228276283554294,0.6309680175036192,-0.002896089893812281,-0.29998599990900565,0.0001119013896758093,0.0,-1.0,0.1,0.0,0.0,0.0,3.5208210945129395,51083,nan,0.9702461957931519,52649.523617292754,52000,52655.78215462539,52678.84150929728,50,52289.38301402277,nan,nan,nan,0.03317895159125328
22.590689898002893,nav_to_wp,0,-0.006891490891575813,-1.5898935794830322,1.7973970174789429,0.011494203470647335,-0.32134583592414856,0.01054990291595459,0.0038877012847546837,-1.597299807666034,1.7998497839527225,0.3677485211402238,51433,-0.10687279313393638,-0.003560826413040321,0.0038983755105170825,1.184624998131767,-0.002896089893812281,-0.29998599990900565,0.0001119013896758093,0.0,-1.0,0.1,0.0,0.0,0.0,3.5366568565368652,51433,nan,0.9923482537269592,51829.58684799741,52000,52645.78215462539,52668.84150929728,50,52467.076099693244,nan,nan,nan,0.03317895159125328
22.610447248007404,nav_to_wp,0,-0.007052371744066477,-1.5950696468353271,1.7974233627319336,0.01107082236558199,-0.32301831245422363,0.006262691225856543,0.0038298492855667263,-1.6032922976989623,1.7998520192835799,0.36986492643530017,51729,-0.051030964767807774,-0.0035618858826237327,0.004216432728320063,0.9268370049539953,-0.002896089893812281,-0.29998599990900565,0.0001119013896758093,0.0,-1.0,0.1,0.0,0.0,0.0,3.5366568565368652,51729,nan,0.9707158803939819,53289.53718054441,52000,52654.36555497097,52677.117451580576,50,52467.076099693244,nan,nan,nan,0.03317895159125328
22.630782477004686,nav_to_wp,0,-0.007240658160299063,-1.602977991104126,1.7974797487258911,0.010386105626821518,-0.32477647066116333,0.0008127643959596753,0.00377198033552658,-1.6092865435538883,1.7998542552693972,0.3725310028318373,52102,0.019314058887527352,-0.006535609939178072,0.00469389849984525,0.9208619885612279,-0.002896089893812281,-0.29998599990900565,0.0001119013896758093,0.0,-1.0,0.1,0.0,0.0,0.0,3.5366568565368652,52102,nan,0.9718406796455383,53611.668137830246,52000,52664.36555497097,52687.117451580576,50,52467.076099693244,nan,nan,nan,0.03317895159125328
22.65106110801571,nav_to_wp,0,-0.007280515041202307,-1.6082687377929688,1.7974070310592651,0.010871604084968567,-0.32583802938461304,-0.005713027901947498,0.003713450538339774,-1.6153492420119264,1.7998565167895444,0.37588888031476003,52572,0.10791240936042179,-0.006220566169471538,0.004373773111982171,1.2796800001524389,-0.002896089893812281,-0.29998599990900565,0.0001119013896758093,0.0,-1.0,0.1,0.0,0.0,0.0,3.5366568565368652,52572,nan,0.9640840888023376,54530.51306479826,52000,52674.36555497097,52697.117451580576,50,52467.076099693244,nan,nan,nan,0.03317895159125328
22.670877222000854,nav_to_wp,0,-0.007436245214194059,-1.6133943796157837,1.7972657680511475,0.010420026257634163,-0.3254622220993042,-0.01209837943315506,0.0036555939545964925,-1.6213422069273562,1.799858752297543,0.3792616414498172,53043,0.1969034683329074,-0.0050522974275797735,0.004676241167174577,1.1513240169733763,-0.002896089893812281,-0.29998599990900565,0.0001119013896758093,0.0,-1.0,0.1,0.0,0.0,0.0,3.5366568565368652,53043,nan,1.004895806312561,52784.57693503559,52000,52675.8350400385,52698.28357802664,50,52467.076099693244,nan,nan,nan,0.03317895159125328
22.69082017801702,nav_to_wp,0,-0.0075638932175934315,-1.6212186813354492,1.79700767993927,0.009977582842111588,-0.3249342143535614,-0.012754715047776699,0.0035971670438937516,-1.6273942480833312,1.7998610098422816,0.37992216097037956,53136,0.2143314240205676,-0.006631531614204959,0.004973906613781942,0.9407870238646865,-0.002896089893812281,-0.29998599990900565,0.0001119013896758093,0.0,-1.0,0.1,0.0,0.0,0.0,3.5366568565368652,53136,nan,0.993604302406311,53478.02930333054,52000,52685.8350400385,52708.28357802664,50,52467.076099693244,nan,nan,nan,0.03317895159125328
22.71062612501555,nav_to_wp,0,-0.007706849370151758,-1.626373529434204,1.7967573404312134,0.010143344290554523,-0.3238780200481415,-0.013895528391003609,0.003539803247252636,-1.633336168577833,1.7998632263095864,0.380808226332523,53260,0.23771045732250506,-0.005234608675174552,0.004965181548742592,0.9264840045943856,-0.002896089893812281,-0.29998599990900565,0.0001119013896758093,0.0,-1.0,0.1,0.0,0.0,0.0,3.5366568565368652,53260,nan,1.0039209127426147,53051.987785072466,52000,52690.71707663896,52712.86630078725,50,52467.076099693244,nan,nan,nan,0.03317895159125328
22.730578860006062,nav_to_wp,0,-0.007861561141908169,-1.6340199708938599,1.7964670658111572,0.010527328588068485,-0.32158413529396057,-0.013754840940237045,0.003481841772925938,-1.6393399983861705,1.7998654658704296,0.3811078174566397,53301,0.24561523632294602,-0.00575074547547171,0.004861313995435879,0.905626016901806,-0.002896089893812281,-0.29998599990900565,0.0001119013896758093,0.0,-1.0,0.1,0.0,0.0,0.0,3.5366568565368652,53301,nan,1.0125480890274048,52640.46278651107,52000,52690.04701943726,52711.900920596905,50,52467.076099693244,nan,nan,nan,0.03317895159125328
22.751016641996102,nav_to_wp,0,-0.007974084466695786,-1.6391386985778809,1.7962050437927246,0.011174648068845272,-0.3171178698539734,-0.00958993285894394,0.0034234984897313983,-1.6453833771447106,1.799867720183903,0.37935371578786115,53056,0.199332870392114,-0.002447618865544345,0.004599643209256543,1.1335729795973748,-0.002896089893812281,-0.29998599990900565,0.0001119013896758093,0.0,-1.0,0.1,0.0,0.0,0.0,3.5366568565368652,53056,nan,0.9997783899307251,53067.760350047436,52000,52695.083197178734,52716.645712989586,50,52467.076099693244,nan,nan,nan,0.03317895159125328
22.77113008100423,nav_to_wp,0,-0.008104308508336544,-1.6467519998550415,1.7958604097366333,0.011174648068845272,-0.3171178698539734,-0.00958993285894394,0.003365985946976985,-1.6513407052243239,1.7998699423985767,0.3797936214791784,53118,0.21093988071710612,-0.004188890382818873,0.004670896349530995,1.0839099995791912,-0.002896089893812281,-0.29998599990900565,0.0001119013896758093,0.0,-1.0,0.1,0.0,0.0,0.0,3.5366568565368652,53118,nan,0.9920926094055176,53541.372545683415,52000,52705.083197178734,52726.645712989586,50,52467.076099693244,nan,nan,nan,0.03317895159125328
22.790891523007303,nav_to_wp,0,-0.00824141874909401,-1.651733636856079,1.7955065965652466,0.011014270596206188,-0.315605491399765,-0.010732307098805904,0.0033075808177164163,-1.6573904901907646,1.7998721991017066,0.38081219351485174,53260,0.23781513231798712,-0.002261397451112896,0.0048253046796613575,1.0536879999563098,-0.002896089893812281,-0.29998599990900565,0.0001119013896758093,0.0,-1.0,0.1,0.0,0.0,0.0,3.515542507171631,53260,nan,1.014328956604004,52507.62058328264,52000,52702.45036232678,52723.72537792682,50,52230.15198546595,nan,nan,nan,0.03317895159125328
22.81020388600882,nav_to_wp,0,-0.008320877328515053,-1.6567437648773193,1.7953182458877563,0.011241349391639233,-0.31470227241516113,-0.008723342791199684,0.0032503998975644474,-1.6633134677696562,1.7998744085028864,0.3800494589154139,53153,0.21769020884996948,-0.0008298312611071959,0.0047389352416926656,0.6950710085220635,-0.002896089893812281,-0.29998599990900565,0.0001119013896758093,0.0,-1.0,0.1,0.0,0.0,0.0,3.515542507171631,53153,nan,1.0007240772247314,53114.54097058114,52000,52707.94490377018,52728.93625249555,50,52230.15198546595,nan,nan,nan,0.03317895159125328
22.8304768250091,nav_to_wp,0,-0.00848796684294939,-1.6641993522644043,1.7949470281600952,0.011178629472851753,-0.3143713176250458,-0.008016067557036877,0.003192403258993764,-1.6693209399997693,1.7998766494224332,0.3801686149757026,53170,0.2208341682243411,-0.0021791356719292904,0.004885231135565826,0.9076330170501024,-0.002896089893812281,-0.29998599990900565,0.0001119013896758093,0.0,-1.0,0.1,0.0,0.0,0.0,3.515542507171631,53170,nan,1.0146397352218628,52402.836350947524,52000,52703.876789732545,52724.588253808244,50,52230.15198546595,nan,nan,nan,0.03317895159125328
22.85043459199369,nav_to_wp,0,-0.00850325170904398,-1.6691545248031616,1.7946429252624512,0.010231578722596169,-0.31312990188598633,-0.007711711805313826,0.0031345142940891607,-1.675317259056615,1.7998788861816006,0.38040460800299486,53203,0.2270608971766439,-0.00043030243424487446,0.005335325240996669,0.8621790038887411,-0.002896089893812281,-0.29998599990900565,0.0001119013896758093,0.0,-1.0,0.1,0.0,0.0,0.0,3.515542507171631,53203,nan,0.9942349791526794,53511.4948835751,52000,52713.876789732545,52734.588253808244,50,52230.15198546595,nan,nan,nan,0.03317895159125328
22.871170454018284,nav_to_wp,0,-0.00860828347504139,-1.6741771697998047,1.7944964170455933,0.009230831637978554,-0.3121918737888336,-0.0076302420347929,0.003076208578928378,-1.6813567464013577,1.799881139043491,0.38055664553859464,53224,0.23107244165157148,0.001131667199327414,0.005908254717685191,1.297968003200367,-0.002896089893812281,-0.29998599990900565,0.0001119013896758093,0.0,-1.0,0.1,0.0,0.0,0.0,3.515542507171631,53224,nan,1.0042998790740967,52996.1230793628,52000,52717.64007359428,52738.07538481564,50,52230.15198546595,nan,nan,nan,0.03317895159125328
22.890608293004334,nav_to_wp,0,-0.00875002145767212,-1.681511402130127,1.7941566705703735,0.008879140950739384,-0.3116440773010254,-0.007555897813290358,0.0030183976751980736,-1.687344979638949,1.7998833727864696,0.3809530522767131,53280,0.24153172234071363,4.765835912614627e-06,0.00617487225492841,0.9072310058400035,-0.002896089893812281,-0.29998599990900565,0.0001119013896758093,0.0,-1.0,0.1,0.0,0.0,0.0,3.515542507171631,53280,nan,1.0163017511367798,52425.37459017845,52000,52713.743200482066,52733.90604088714,50,52230.15198546595,nan,nan,nan,0.03317895159125328
22.911272950004786,nav_to_wp,0,-0.008846950717270374,-1.6863678693771362,1.7939770221710205,0.008770765736699104,-0.3102686405181885,-0.004419431090354919,0.002960660998328077,-1.693325524227456,1.7998856036614128,0.37961903065576,53093,0.206333262684959,0.00191388892138831,0.006294967189939493,1.5743560215923935,-0.002896089893812281,-0.29998599990900565,0.0001119013896758093,0.0,-1.0,0.1,0.0,0.0,0.0,3.515542507171631,53093,nan,1.0129716396331787,52413.11594787219,52000,52709.73483711393,52729.62883964694,50,52230.15198546595,nan,nan,nan,0.03317895159125328
22.93071616999805,nav_to_wp,0,-0.008940267376601696,-1.6937211751937866,1.793765902519226,0.008829902857542038,-0.3091394901275635,-0.0028543826192617416,0.002902820789080364,-1.6993167930216995,1.799887838536721,0.379108870353535,53022,0.19287256869485425,0.0010750402077774521,0.006309671904510816,1.0710869973991066,-0.002896089893812281,-0.29998599990900565,0.0001119013896758093,0.0,-1.0,0.1,0.0,0.0,0.0,3.515542507171631,53022,nan,1.0200172662734985,51981.47301340205,52000,52700.02467946444,52719.65342863034,50,52230.15198546595,nan,nan,nan,0.03317895159125328
22.95044817100279,nav_to_wp,0,-0.009068080224096775,-1.698613166809082,1.7936865091323853,0.008443784900009632,-0.30713918805122375,-0.00020407662668731064,0.00284481295707072,-1.7053254247030385,1.7998900798887687,0.37789453130084627,52852,0.16083196044449188,0.00331916742527518,0.006608194301696901,0.844009016873315,-0.002896089893812281,-0.29998599990900565,0.0001119013896758093,0.0,-1.0,0.1,0.0,0.0,0.0,3.515542507171631,52852,nan,0.9714955687522888,54402.718550614576,52000,52710.02467946444,52729.65342863034,50,52230.15198546595,nan,nan,nan,0.03317895159125328
22.970929495000746,nav_to_wp,0,-0.00917141605168581,-1.7058358192443848,1.793561339378357,0.008744624443352222,-0.3056221902370453,-0.002768349600955844,0.0027868144388930385,-1.7113330916286913,1.7998923208809412,0.3793413886072477,53054,0.1990076149669573,0.0028251458764851833,0.006472181900789353,1.2333979830145836,-0.002896089893812281,-0.29998599990900565,0.0001119013896758093,0.0,-1.0,0.1,0.0,0.0,0.0,3.515542507171631,53054,nan,1.0049779415130615,52791.20845192249,52000,52711.107129763885,52730.47416227424,50,52230.15198546595,nan,nan,nan,0.03317895159125328
22.990320483018877,nav_to_wp,0,-0.009207796305418015,-1.7106527090072632,1.7934788465499878,0.009146108292043209,-0.3042970895767212,-0.001959180925041437,0.0027290138713154666,-1.7173202542154302,1.7998945542245435,0.37905135153676006,53014,0.1913549218142485,0.004761471316050158,0.006242689264863932,0.7625290018040687,-0.002896089893812281,-0.29998599990900565,0.0001119013896758093,0.0,-1.0,0.1,0.0,0.0,0.0,3.5208210945129395,53014,nan,1.0021439790725708,52900.582258710514,52000,52713.633464816514,52732.74227022672,50,52289.38301402277,nan,nan,nan,0.03317895159125328
23.010679119004635,nav_to_wp,0,-0.009323561564087868,-1.7154408693313599,1.7933940887451172,0.009070719592273235,-0.30296075344085693,-0.0006231117295101285,0.0026710551193002766,-1.7233238020382733,1.7998967936802,0.37850316641949017,52937,0.17689093455119043,0.006758975097343812,0.006352657420616747,0.9441299771424383,-0.002896089893812281,-0.29998599990900565,0.0001119013896758093,0.0,-1.0,0.1,0.0,0.0,0.0,3.5208210945129395,52937,nan,1.0157526731491089,52116.03316374343,52000,52705.66546080221,52724.51948214028,50,52289.38301402277,nan,nan,nan,0.03317895159125328
23.030952461995184,nav_to_wp,0,-0.00940606091171503,-1.7226054668426514,1.793402910232544,0.008983256295323372,-0.30232933163642883,0.001055894885212183,0.002613035280141996,-1.7293336774574184,1.7998990354961895,0.37766002139602833,52819,0.15464436401130044,0.005885390784428891,0.006439087818413514,0.838063977425918,-0.002896089893812281,-0.29998599990900565,0.0001119013896758093,0.0,-1.0,0.1,0.0,0.0,0.0,3.5208210945129395,52819,nan,1.0198628902435303,51790.295053668924,52000,52695.66546080221,52714.51948214028,50,52289.38301402277,nan,nan,nan,0.03317895159125328
23.049971814994933,nav_to_wp,0,-0.009424244984984398,-1.727346420288086,1.7933341264724731,0.009757502004504204,-0.30117267370224,0.0030138250440359116,0.002555696050975772,-1.73527305317645,1.7999012510142367,0.37678020703299936,52696,0.13143026472293684,0.007785443087835767,0.006001566874278774,0.6096170109231025,-0.002896089893812281,-0.29998599990900565,0.0001119013896758093,0.0,-1.0,0.1,0.0,0.0,0.0,3.5208210945129395,52696,nan,0.9772944450378418,53920.29011068364,52000,52705.66546080221,52724.51948214028,50,52289.38301402277,nan,nan,nan,0.03317895159125328
23.070624367013806,nav_to_wp,0,-0.009526907466351986,-1.7344461679458618,1.7933542728424072,0.009664037264883518,-0.3011406660079956,0.003886387450620532,0.00249669999780313,-1.7413840478798577,1.7999035305499478,0.3763255506993949,52633,0.119434055393004,0.0067608631516472145,0.006104905235524649,0.788524019299075,-0.002896089893812281,-0.29998599990900565,0.0001119013896758093,0.0,-1.0,0.1,0.0,0.0,0.0,3.5208210945129395,52633,nan,1.0074354410171509,52244.5388131863,52000,52699.51710550066,52718.11973988755,50,52289.38301402277,nan,nan,nan,0.03317895159125328
23.090343326999573,nav_to_wp,0,-0.009628895670175552,-1.7392686605453491,1.7933751344680786,0.009664037264883518,-0.3011406660079956,0.003886387450620532,0.002439676419299975,-1.7472907275213314,1.7999057338716378,0.3763120513000351,52631,0.1190778707133262,0.00791359461635227,0.006152920178094101,0.8614480029791594,-0.002896089893812281,-0.29998599990900565,0.0001119013896758093,0.0,-1.0,0.1,0.0,0.0,0.0,3.5208210945129395,52631,nan,1.004701018333435,52384.73838446244,52000,52695.32005588681,52713.67465514855,50,52289.38301402277,nan,nan,nan,0.03317895159125328
23.1106616879988,nav_to_wp,0,-0.009624205529689789,-1.7440192699432373,1.79336416721344,0.010032329708337784,-0.3006870150566101,0.005095265340059996,0.0023814081824912563,-1.7533263327417856,1.79990798528541,0.3757353921185888,52550,0.10386258888097011,0.009535270825255177,0.005899296333732318,1.1084660072810948,-0.002896089893812281,-0.29998599990900565,0.0001119013896758093,0.0,-1.0,0.1,0.0,0.0,0.0,3.5208210945129395,52550,nan,1.0138897895812988,51830.09094282459,52000,52685.32005588681,52703.67465514855,50,52289.38301402277,nan,nan,nan,0.03317895159125328
23.13094034101232,nav_to_wp,0,-0.009739536792039871,-1.7511435747146606,1.7935223579406738,0.0105044636875391,-0.29935672879219055,0.007771962787955999,0.002322986875714559,-1.7593777934256696,1.7999102426136198,0.37420666750246756,52336,0.06352684703080591,0.009138387353491543,0.005731887435714178,1.072277023922652,-0.002896089893812281,-0.29998599990900565,0.0001119013896758093,0.0,-1.0,0.1,0.0,0.0,0.0,3.5208210945129395,52336,nan,1.0073450803756714,51954.390823532114,52000,52675.57433278875,52693.68420406033,50,52289.38301402277,nan,nan,nan,0.03317895159125328
23.150629384006606,nav_to_wp,0,-0.009808669798076153,-1.7558478116989136,1.7934513092041016,0.010956740006804466,-0.29878443479537964,0.009784801863133907,0.002265771410998905,-1.7653043492379237,1.7999124533495594,0.373303868748496,52210,0.03970629943261095,0.010776923187495336,0.005516205748337555,1.0305620089638978,-0.002896089893812281,-0.29998599990900565,0.0001119013896758093,0.0,-1.0,0.1,0.0,0.0,0.0,3.5208210945129395,52210,nan,1.0100866556167603,51688.63454405355,52000,52665.57433278875,52683.68420406033,50,52289.38301402277,nan,nan,nan,0.03317895159125328
23.171736296004383,nav_to_wp,0,-0.009892594069242477,-1.7630560398101807,1.7935900688171387,0.010956740006804466,-0.29878443479537964,0.009784801863133907,0.0022062237076702317,-1.771472485580481,1.7999147542003613,0.3731354324554455,52186,0.03526207006452431,0.009666739315744785,0.005544827835851196,1.1218939907848835,-0.002896089893812281,-0.29998599990900565,0.0001119013896758093,0.0,-1.0,0.1,0.0,0.0,0.0,3.5208210945129395,52186,nan,1.0157432556152344,51377.15629565367,52000,52655.57433278875,52673.68420406033,50,52289.38301402277,nan,nan,nan,0.03317895159125328
23.191183810005896,nav_to_wp,0,-0.009968273341655731,-1.7678377628326416,1.7936753034591675,0.010718774981796741,-0.29924869537353516,0.011341793462634087,0.0021493142873087213,-1.7773673403665378,1.7999169531111194,0.372263329743029,52064,0.012251444407096912,0.01063610274801158,0.005705836251278518,1.3254609948489815,-0.002896089893812281,-0.29998599990900565,0.0001119013896758093,0.0,-1.0,0.1,0.0,0.0,0.0,3.526099681854248,52064,nan,1.0087660551071167,51611.57013205757,52000,52645.57433278875,52663.68420406033,50,52348.6140425796,nan,nan,nan,0.03317895159125328
23.21047732399893,nav_to_wp,0,-0.010003084316849709,-1.772723913192749,1.7937896251678467,0.01080059539526701,-0.29963260889053345,0.010544250719249249,0.002092072992325708,-1.7832965717582339,1.7999191648451092,0.3725317042218747,52102,0.019332565220967268,0.011542387648181367,0.005633713705239796,0.9361290140077472,-0.002896089893812281,-0.29998599990900565,0.0001119013896758093,0.0,-1.0,0.1,0.0,0.0,0.0,3.526099681854248,52102,nan,0.9918769598007202,52528.69268227372,52000,52644.01591078188,52661.88431710318,50,52348.6140425796,nan,nan,nan,0.03317895159125328
23.23030247699353,nav_to_wp,0,-0.010138877667486668,-1.7798110246658325,1.7938288450241089,0.010511125437915325,-0.3005574643611908,0.009014280512928963,0.0020342563573112343,-1.7892853986600674,1.7999213988095375,0.3732503319214659,52202,0.03829371824448202,0.009847490916964593,0.005861543539376068,0.8382290252484381,-0.002896089893812281,-0.29998599990900565,0.0001119013896758093,0.0,-1.0,0.1,0.0,0.0,0.0,3.526099681854248,52202,nan,1.0041214227676392,51987.73655890809,52000,52635.26551942357,52652.895680327245,50,52348.6140425796,nan,nan,nan,0.03317895159125328
23.251100223016692,nav_to_wp,0,-0.010197964496910572,-1.7845568656921387,1.793775200843811,0.01067831739783287,-0.30191418528556824,0.010320735163986683,0.0019759216059309984,-1.7953278936667425,1.799923652793352,0.37267549185267473,52122,0.02312643410751214,0.010526348555529658,0.005781665374398948,1.3618789962492883,-0.002896089893812281,-0.29998599990900565,0.0001119013896758093,0.0,-1.0,0.1,0.0,0.0,0.0,3.526099681854248,52122,nan,0.9935701489448547,52459.305520956106,52000,52632.91938611067,52650.314478202294,50,52348.6140425796,nan,nan,nan,0.03317895159125328
23.270179497019853,nav_to_wp,0,-0.010245309211313725,-1.7894436120986938,1.7938398122787476,0.011370017193257809,-0.3034099340438843,0.00981126818805933,0.001918196666911693,-1.8013072224121627,1.7999258832147589,0.3728590018979293,52148,0.027968387808160244,0.010890971349458503,0.005396653133618701,0.6697649951092899,-0.002896089893812281,-0.29998599990900565,0.0001119013896758093,0.0,-1.0,0.1,0.0,0.0,0.0,3.526099681854248,52148,nan,1.0019283294677734,52047.63501167906,52000,52625.11559445158,52642.27875198198,50,52348.6140425796,nan,nan,nan,0.03317895159125328
23.290805702999933,nav_to_wp,0,-0.01036596018821001,-1.796799898147583,1.7938164472579956,0.011370017193257809,-0.3034099340438843,0.00981126818805933,0.0018601738476070155,-1.8073174065241417,1.7999281251458974,0.3728917808274417,52152,0.028833267214817937,0.00944596167529982,0.005463360782810067,1.116817002184689,-0.002896089893812281,-0.29998599990900565,0.0001119013896758093,0.0,-1.0,0.1,0.0,0.0,0.0,3.526099681854248,52152,nan,1.0028107166290283,52005.82635904627,52000,52616.85840464618,52633.79272007618,50,52348.6140425796,nan,nan,nan,0.03317895159125328
23.31051936201402,nav_to_wp,0,-0.010455869138240814,-1.8016860485076904,1.7938122749328613,0.011295740492641926,-0.30387061834335327,0.010134597308933735,0.001802335231220871,-1.8133085103248288,1.7999303599596594,0.372747874380435,52132,0.025036263336014386,0.010388228520022216,0.005539739792120857,0.9180359775200486,-0.002896089893812281,-0.29998599990900565,0.0001119013896758093,0.0,-1.0,0.1,0.0,0.0,0.0,3.526099681854248,52132,nan,1.0119476318359375,51516.4998265957,52000,52606.85840464618,52623.79272007618,50,52348.6140425796,nan,nan,nan,0.03317895159125328
23.33133702300256,nav_to_wp,0,-0.010587685741484165,-1.809055209159851,1.793764591217041,0.0111753074452281,-0.30484411120414734,0.010695932433009148,0.00174376438485015,-1.8193754607850265,1.799932623065897,0.37252937239836703,52102,0.019271039534748624,0.008473337751146403,0.005686295243342521,1.2037540145684034,-0.002896089893812281,-0.29998599990900565,0.0001119013896758093,0.0,-1.0,0.1,0.0,0.0,0.0,3.526099681854248,52102,nan,0.9822757244110107,53042.13339003287,52000,52612.662071118,52629.3705956756,50,52348.6140425796,nan,nan,nan,0.03317895159125328
23.351078552019317,nav_to_wp,0,-0.010648464784026146,-1.8139640092849731,1.7936546802520752,0.011527619324624538,-0.30608731508255005,0.008305501192808151,0.0016863142991604685,-1.8253263193675928,1.7999348428673057,0.3738720344829497,52289,0.05469747976120409,0.008892761295669741,0.005480966374781682,1.3490080018527806,-0.002896089893812281,-0.29998599990900565,0.0001119013896758093,0.0,-1.0,0.1,0.0,0.0,0.0,3.526099681854248,52289,nan,1.0222041606903076,51153.18642871554,52000,52602.662071118,52619.3705956756,50,52348.6140425796,nan,nan,nan,0.03317895159125328
23.371226934017614,nav_to_wp,0,-0.010750151239335537,-1.818978190422058,1.793696641921997,0.011592373251914978,-0.3080677390098572,0.007171271834522486,0.0016275799858978847,-1.831410202236937,1.799937112289705,0.3743960526638592,52363,0.06852381698836929,0.00896524503639967,0.005484593496683399,1.2058690190315247,-0.002896089893812281,-0.29998599990900565,0.0001119013896758093,0.0,-1.0,0.1,0.0,0.0,0.0,3.526099681854248,52363,nan,0.9943712949752808,52659.40425331938,52000,52603.41863354736,52619.90437777752,50,52348.6140425796,nan,nan,nan,0.03317895159125328
23.390998731018044,nav_to_wp,0,-0.010857914574444294,-1.8264358043670654,1.7934678792953491,0.011592373251914978,-0.3080677390098572,0.007171271834522486,0.0015701663707369112,-1.8373572830886933,1.7999393306819367,0.3746864196481835,52403,0.07618521499164821,0.007345637369616399,0.0055340952442912705,0.8829259895719588,-0.002896089893812281,-0.29998599990900565,0.0001119013896758093,0.0,-1.0,0.1,0.0,0.0,0.0,3.526099681854248,52403,nan,0.9758493900299072,53699.8849775312,52000,52613.41863354736,52629.90437777752,50,52348.6140425796,nan,nan,nan,0.03317895159125328
23.41075192100834,nav_to_wp,0,-0.010945361107587814,-1.8315316438674927,1.79343843460083,0.011828371323645115,-0.30965131521224976,0.004899108316749334,0.0015124973435356216,-1.8433308203140812,1.7999415589429788,0.37586860606326805,52569,0.10737746868780995,0.007413957896796814,0.005422802260810267,1.0191519977524877,-0.002896089893812281,-0.29998599990900565,0.0001119013896758093,0.0,-1.0,0.1,0.0,0.0,0.0,3.526099681854248,52569,nan,1.002855658531189,52419.308354897315,52000,52610.83049649869,52627.09643080579,50,52348.6140425796,nan,nan,nan,0.03317895159125328
23.430283168010646,nav_to_wp,0,-0.011075732298195362,-1.8391238451004028,1.793156623840332,0.011344602331519127,-0.31071004271507263,0.004298921208828688,0.0014551698146279476,-1.8492689840839371,1.7999437740089426,0.3765257434875544,52661,0.12471618700671172,0.005081423793273709,0.005747905301620504,0.6303889967966825,-0.002896089893812281,-0.29998599990900565,0.0001119013896758093,0.0,-1.0,0.1,0.0,0.0,0.0,3.526099681854248,52661,nan,0.9985033273696899,52739.93441636532,52000,52612.551882096916,52628.600937279916,50,52348.6140425796,nan,nan,nan,0.03317895159125328
23.450537135999184,nav_to_wp,0,-0.011218330822885036,-1.8442074060440063,1.7930070161819458,0.011442119255661964,-0.3128136992454529,0.0032736563589423895,0.001397016585919869,-1.8552926764075777,1.7999460209789417,0.3772302601113402,52759,0.14330501613034663,0.0021259325293262613,0.0058023092248276065,0.807281001470983,-0.0028446038796186264,-0.29465291840410757,0.00010991203273304039,0.0,-1.0,0.1,0.0,0.0,0.0,3.526099681854248,52759,nan,1.004105806350708,52543.267518535446,52000,52611.628090582766,52627.46315836333,50,52348.6140425796,nan,nan,nan,0.03317895159125328
23.470992420014227,nav_to_wp,0,-0.011384446173906326,-1.8520487546920776,1.7928310632705688,0.011227697134017944,-0.3171443045139313,0.002216164954006672,0.0013399751052010946,-1.8612012104162328,1.7999482249923515,0.3779929769273351,52866,0.16342947037823308,-0.0054312541663754915,0.006050530641037444,0.9782109991647303,-0.002785924751364596,-0.2885747517696104,0.0001076447426152093,0.0,-1.0,0.1,0.0,0.0,0.0,3.526099681854248,52866,nan,0.9967823624610901,53036.65272474527,52000,52617.295085704936,52632.919019248424,50,52348.6140425796,nan,nan,nan,0.03317895159125328
23.49060240201652,nav_to_wp,0,-0.011500011198222637,-1.8572076559066772,1.7926298379898071,0.011162566021084785,-0.31916847825050354,-0.0020781548228114843,0.0012857897968385872,-1.866813893207687,1.7999503186467365,0.38041087728246253,53204,0.22722631352143807,-0.009083153035485172,0.0061407780695881264,0.9618340118322521,-0.0027290155134008227,-0.28267991587687874,0.00010544583890467749,0.0,-1.0,0.1,0.0,0.0,0.0,3.526099681854248,53204,nan,0.9683785438537598,54941.324689278365,52000,52627.295085704936,52642.919019248424,50,52348.6140425796,nan,nan,nan,0.03317895159125328
23.511698221002007,nav_to_wp,0,-0.011657600291073322,-1.8624168634414673,1.7924247980117798,0.011162566021084785,-0.31916847825050354,-0.0020781548228114843,0.0012314895494952294,-1.8724384817363118,1.799952416742224,0.3806873810707851,53243,0.2345219279890518,-0.011810010901862428,0.006275449785337228,1.323962991591543,-0.002670769341829644,-0.276646596242366,0.00010319527770627118,0.0,-1.0,0.1,0.0,0.0,0.0,3.526099681854248,53243,nan,0.9967708587646484,53415.48614892986,52000,52637.295085704936,52652.919019248424,50,52348.6140425796,nan,nan,nan,0.03317895159125328
23.53065279801376,nav_to_wp,0,-0.011792412027716637,-1.8703862428665161,1.792233943939209,0.010383293963968754,-0.3213110566139221,-0.0036756624467670918,0.001178920068223694,-1.8778837921314186,1.7999544479630163,0.38177512941327907,53395,0.26322241195986784,-0.0186713865982867,0.006782173775140343,1.0180580138694495,-0.0026131431247427396,-0.2706774934217928,0.00010096867079480684,0.0,-1.0,0.1,0.0,0.0,0.0,3.526099681854248,53395,nan,1.010738730430603,52827.697596244514,52000,52639.83378584546,52655.24940027504,50,52348.6140425796,nan,nan,nan,0.03317895159125328
23.55095238800277,nav_to_wp,0,-0.01200786978006363,-1.8756060600280762,1.7920764684677124,0.00991309154778719,-0.3236633837223053,-0.005346702411770821,0.0011273089036795726,-1.8832298370989162,1.7999564421556165,0.3828512882484276,53545,0.29161710418014763,-0.02284672388380378,0.0072101530569088634,1.2660970096476376,-0.0025553034744041745,-0.2646862825210975,9.873381708219351e-05,0.0,-1.0,0.1,0.0,0.0,0.0,3.526099681854248,53545,nan,0.9802451133728027,54624.09275957899,52000,52649.83378584546,52665.24940027504,50,52348.6140425796,nan,nan,nan,0.03317895159125328
23.571048739016987,nav_to_wp,0,-0.012114180251955986,-1.8809385299682617,1.7919048070907593,0.00991309154778719,-0.3236633837223053,-0.005346702411770821,0.0010766099145405883,-1.8884813961004963,1.7999584011028686,0.3831056489052452,53581,0.298328467156864,-0.02606004101723657,0.007293774265016317,1.2381910055410117,-0.002497182049062144,-0.2586658844890411,9.648807592629635e-05,0.0,-1.0,0.1,0.0,0.0,0.0,3.526099681854248,53581,nan,0.9986032843589783,53655.94209355582,52000,52659.83378584546,52675.24940027504,50,52348.6140425796,nan,nan,nan,0.03317895159125328
23.590712688019266,nav_to_wp,0,-0.012263469398021698,-1.8862007856369019,1.79169762134552,0.009539840742945671,-0.3235926926136017,-0.0043078758753836155,0.0010271977338648375,-1.8935996634786498,1.7999603103294077,0.382890252386678,53551,0.29264518170654163,-0.029326589499265622,0.007627476265952504,0.9979069873224944,-0.0024392035486989726,-0.25266029107088395,9.42478572176782e-05,0.0,-1.0,0.1,0.0,0.0,0.0,3.515542507171631,53551,nan,1.0142734050750732,52797.40130427291,52000,52661.66801942449,52676.87809232834,50,52230.15198546595,nan,nan,nan,0.03317895159125328
23.610738115996355,nav_to_wp,0,-0.012519912794232368,-1.8941951990127563,1.7915370464324951,0.009539840742945671,-0.3235926926136017,-0.0043078758753836155,0.0009792782173082028,-1.8985633160641968,1.7999621618812214,0.3831792597325954,53591,0.3002707053455236,-0.0355846202466934,0.007869459405438484,1.1133879888802767,-0.0023816287487250353,-0.24669651419481228,9.202323700089705e-05,0.0,-1.0,0.1,0.0,0.0,0.0,3.515542507171631,53591,nan,1.017274260520935,52680.97511142829,52000,52661.92544731787,52676.93271924967,50,52230.15198546595,nan,nan,nan,0.03317895159125328
23.631438728014473,nav_to_wp,0,-0.012726265005767345,-1.9021141529083252,1.79142427444458,0.009402167052030563,-0.3225211799144745,-0.003152671968564391,0.0009304538222122197,-1.9036206987836057,1.7999640483964408,0.38283714117911993,53543,0.2912438305836389,-0.04130484392550331,0.008144426264868887,1.0632439807523042,-0.0023214986156221682,-0.24046804796451146,8.969988182121893e-05,0.0,-1.0,0.1,0.0,0.0,0.0,3.515542507171631,53543,nan,0.996495246887207,53731.31499347785,52000,52671.92544731787,52686.93271924967,50,52230.15198546595,nan,nan,nan,0.03317895159125328
23.650423300015973,nav_to_wp,0,-0.012802395969629288,-1.9047876596450806,1.7914148569107056,0.009764974936842918,-0.32053831219673157,-0.0022970896679908037,0.0008863205317166389,-1.908192162296143,1.7999657536530862,0.38243064078771644,53486,0.2805182265888231,-0.041345299087497456,0.008025951931512898,0.876326987054199,-0.0022657731283528305,-0.2346958286509378,8.754671679718993e-05,0.0,-1.0,0.1,0.0,0.0,0.0,3.515542507171631,53486,nan,1.0065940618515015,53135.62043235117,52000,52678.108047118316,52692.915222091025,50,52230.15198546595,nan,nan,nan,0.03317895159125328
23.671236838999903,nav_to_wp,0,-0.013055657967925072,-1.9126962423324585,1.7913222312927246,0.009764974936842918,-0.32053831219673157,-0.0022970896679908037,0.0008410089554452271,-1.91288567631457,1.7999675044372603,0.38266831087378883,53520,0.28678920511316086,-0.04786370383839696,0.0082690111706607,1.3345990155357867,-0.0022070965255151596,-0.22861792360692287,8.527952425837417e-05,0.0,-1.0,0.1,0.0,0.0,0.0,3.515542507171631,53520,nan,1.0275983810424805,52082.6044370612,52000,52670.167998984216,52684.77774495729,50,52230.15198546595,nan,nan,nan,0.03317895159125328
23.690530912019312,nav_to_wp,0,-0.013263051398098469,-1.9204931259155273,1.7913929224014282,0.009479479864239693,-0.31753599643707275,0.0010073205921798944,0.0007980220612839421,-1.9173383925287693,1.7999691653985463,0.3810376402878325,53292,0.2437635959850244,-0.053117204399903216,0.008656846875889634,0.9437970002181828,-0.002149950523488236,-0.22269856295604115,8.30714722725252e-05,0.0,-1.0,0.1,0.0,0.0,0.0,3.515542507171631,53292,nan,1.0233047008514404,52078.330096264,52000,52662.27682694794,52676.69177630804,50,52230.15198546595,nan,nan,nan,0.03317895159125328
23.711385192000307,nav_to_wp,0,-0.013453956693410873,-1.9257010221481323,1.791451334953308,0.009925397112965584,-0.31475335359573364,0.006110568530857563,0.0007553152111156765,-1.9217621009150536,1.7999708155392733,0.37847894044416114,52934,0.17625172675886702,-0.05603110848499317,0.008667177478656196,1.5118220180738717,-0.0020916313009489975,-0.21665767647502113,8.081808847359794e-05,0.0,-1.0,0.1,0.0,0.0,0.0,3.515542507171631,52934,nan,1.0197396278381348,51909.32916103395,52000,52652.27682694794,52666.69177630804,50,52230.15198546595,nan,nan,nan,0.03317895159125328
23.73109185800422,nav_to_wp,0,-0.013596024364233017,-1.9308009147644043,1.7915351390838623,0.010084232315421104,-0.3070322871208191,0.012912477366626263,0.0007141835705277502,-1.9260226441930883,1.7999724048158185,0.37498770146921356,52445,0.08413460340932666,-0.05652101571710051,0.008801629313262227,1.3459300098475069,-0.0020338828977756766,-0.2106759172395393,7.858676044042452e-05,0.0,-1.0,0.1,0.0,0.0,0.0,3.515542507171631,52445,nan,1.0284814834594727,50992.65358049258,52000,52642.27682694794,52656.69177630804,50,52230.15198546595,nan,nan,nan,0.03317895159125328
23.750620402017375,nav_to_wp,0,-0.013808946125209332,-1.9383939504623413,1.7917424440383911,0.01045624352991581,-0.3017326295375824,0.015882689505815506,0.0006742876323806331,-1.9301551895684725,1.7999739463463251,0.3733446442601184,52216,0.04078217045167065,-0.06084336823379951,0.008857329308248563,0.9608669788576663,-0.0019762578767256907,-0.20470693830819056,7.636019974237143e-05,0.0,-1.0,0.1,0.0,0.0,0.0,3.515542507171631,52216,nan,1.0115355253219604,51620.53006826452,52000,52632.27682694794,52646.69177630804,50,52230.15198546595,nan,nan,nan,0.03317895159125328
23.77071217400953,nav_to_wp,0,-0.013928738422691822,-1.9432944059371948,1.7918760776519775,0.01045624352991581,-0.3017326295375824,0.015882689505815506,0.0006352327705357735,-1.9342006136441792,1.7999754553786669,0.3732843465042313,52207,0.039191200639347556,-0.06500156291859246,0.00897640223631746,1.1157509870827198,-0.0019181716330751184,-0.19869018450517326,7.411581796422487e-05,0.0,-1.0,0.1,0.0,0.0,0.0,3.515542507171631,52207,nan,1.0094493627548218,51718.29506883368,52000,52622.27682694794,52636.69177630804,50,52230.15198546595,nan,nan,nan,0.03317895159125328
23.790421501995297,nav_to_wp,0,-0.014138933271169662,-1.9506696462631226,1.7922030687332153,0.010973602533340454,-0.2887961268424988,0.02242659404873848,0.0005974827328651226,-1.9381108799730762,1.79997691399419,0.3696197467310928,51695,-0.05750008625085101,-0.06564026540577361,0.009003388686085856,0.8820609946269542,-0.0018603030421831957,-0.19269597585193737,7.187984602384326e-05,0.0,-1.0,0.1,0.0,0.0,0.0,3.5208210945129395,51695,nan,1.0420461893081665,49609.125325165536,52000,52612.27682694794,52626.69177630804,50,52289.38301402277,nan,nan,nan,0.03317895159125328
23.810355063993484,nav_to_wp,0,-0.014236358925700188,-1.9554016590118408,1.7924087047576904,0.010973602533340454,-0.2887961268424988,0.02242659404873848,0.0005609642093244299,-1.9418935822375885,1.7999783250255057,0.36947858213649676,51675,-0.0612247457388726,-0.06994108478768925,0.009104030163644472,0.8601029985584319,-0.0018025552848192382,-0.18671428351139832,6.964854294395787e-05,0.0,-1.0,0.1,0.0,0.0,0.0,3.5208210945129395,51675,nan,0.9987254738807678,51740.94518607341,52000,52602.27682694794,52616.69177630804,50,52289.38301402277,nan,nan,nan,0.03317895159125328
23.83048909099307,nav_to_wp,0,-0.014407483860850334,-1.9622899293899536,1.7927218675613403,0.011726637370884418,-0.28143739700317383,0.020952602848410606,0.0005254354044716587,-1.9455737663617425,1.7999796978152955,0.3699024690991158,51734,-0.0500403931631741,-0.07260734315609918,0.008864432243481213,0.9496669808868319,-0.0017445390019953941,-0.1807047764684368,6.740686436703115e-05,0.0,-1.0,0.1,0.0,0.0,0.0,3.5208210945129395,51734,nan,0.99806147813797,51834.48227710117,52000,52592.27682694794,52606.69177630804,50,52289.38301402277,nan,nan,nan,0.03317895159125328
23.850532754004234,nav_to_wp,0,-0.014513074420392513,-1.9668018817901611,1.7929222583770752,0.013222847133874893,-0.2637488543987274,0.018845219165086746,0.0004910268330049379,-1.9491379132271205,1.7999810273206303,0.3705725144315536,51828,-0.03236109679278343,-0.06718617798115836,0.008149051145119657,0.8849859877955168,-0.0016864506210715212,-0.17468780128000272,6.516240000724479e-05,0.0,-1.0,0.1,0.0,0.0,0.0,3.5208210945129395,51828,nan,0.9999006390571594,51833.15019067334,52000,52582.27682694794,52596.69177630804,50,52289.38301402277,nan,nan,nan,0.03317895159125328
23.871073812013492,nav_to_wp,0,-0.014632799662649632,-1.973241925239563,1.7932149171829224,0.01361448597162962,-0.25469717383384705,0.020675763487815857,0.00045738684419143263,-1.9526224479104912,1.7999823271288664,0.3693415454976626,51656,-0.064840488188322,-0.06901128341392998,0.008089202682906249,0.8365239773411304,-0.0016276568539010318,-0.16859775998993778,6.289068038116878e-05,0.0,-1.0,0.1,0.0,0.0,0.0,3.5208210945129395,51656,nan,1.0132466554641724,50980.67654251094,52000,52572.27682694794,52586.69177630804,50,52289.38301402277,nan,nan,nan,0.03317895159125328
23.89044457001728,nav_to_wp,0,-0.01469746045768261,-1.977401852607727,1.7933673858642578,0.01361448597162962,-0.25469717383384705,0.020675763487815857,0.0004259823532628479,-1.9558754227691006,1.7999835405601845,0.3692681464552344,51646,-0.06677713838431742,-0.07320881098857178,0.008157639142930995,0.9154260042123497,-0.0015707852738212887,-0.16270682481797427,6.069323172545559e-05,0.0,-1.0,0.1,0.0,0.0,0.0,3.5208210945129395,51646,nan,0.9937028884887695,51973.28154952192,52000,52564.29022324893,52578.512973284225,50,52289.38301402277,nan,nan,nan,0.03317895159125328
23.910285220015794,nav_to_wp,0,-0.014779138378798962,-1.9814859628677368,1.7934880256652832,0.015078609809279442,-0.2332790195941925,0.01931711658835411,0.00039511462575000586,-1.959072798003427,1.7999847332516172,0.36961084284299617,51693,-0.05773501733519559,-0.06574228254659287,0.007444164507021345,0.7773950055707246,-0.0015128036716851366,-0.15670091010852324,5.845289316810353e-05,0.0,-1.0,0.1,0.0,0.0,0.0,3.5208210945129395,51693,nan,1.0035492181777954,51510.179135869475,52000,52554.29022324893,52568.512973284225,50,52289.38301402277,nan,nan,nan,0.03317895159125328
23.93084831300075,nav_to_wp,0,-0.014856326393783092,-1.9854131937026978,1.7936033010482788,0.015116821974515915,-0.2225976288318634,0.019183645024895668,0.0003652260778069308,-1.9621687467720368,1.799985888108743,0.3695018859460769,51678,-0.060609869496651925,-0.064147758825387,0.007508461213146855,1.0460210032761097,-0.0014544604174011448,-0.15065753434462742,5.6198580811799656e-05,0.0,-1.0,0.1,0.0,0.0,0.0,3.5208210945129395,51678,nan,1.0010491609573364,51623.838284404155,52000,52544.29022324893,52558.512973284225,50,52289.38301402277,nan,nan,nan,0.03317895159125328
23.9503250909911,nav_to_wp,0,-0.014901997521519661,-1.9909383058547974,1.7936954498291016,0.01563122868537903,-0.21095477044582367,0.017434464767575264,0.00033701745246987255,-1.9650906839314726,1.799986978055703,0.37025921768952336,51784,-0.04062750159569184,-0.06374479831849603,0.007265048644552685,0.8840689843054861,-0.001397163439355869,-0.14472253512813193,5.398469529630181e-05,0.0,-1.0,0.1,0.0,0.0,0.0,3.5208210945129395,51784,nan,0.992387056350708,52181.25293816772,52000,52539.449726114515,52553.48283948267,50,52289.38301402277,nan,nan,nan,0.03317895159125328
23.97006108800997,nav_to_wp,0,-0.014921179972589016,-1.9944922924041748,1.793688178062439,0.015670612454414368,-0.1996239721775055,0.015738556161522865,0.0003096584077926512,-1.9679246188834183,1.7999880351759001,0.37107233785651184,51898,-0.01917314362765765,-0.061502997713668794,0.007250300451336011,0.6285970157478005,-0.0013392524671191057,-0.13872393648336415,5.174708579232312e-05,0.0,-1.0,0.1,0.0,0.0,0.0,3.5208210945129395,51898,nan,0.9972541928291321,52040.894260639245,52000,52532.80231990818,52546.6483250981,50,52289.38301402277,nan,nan,nan,0.03317895159125328
23.99040457099909,nav_to_wp,0,-0.015002540312707424,-1.9994642734527588,1.7936638593673706,0.01629973016679287,-0.18741504848003387,0.011162889190018177,0.00028343916231686125,-1.9706404898885688,1.799989048255643,0.3733714211194405,52219,0.04148868389024862,-0.060214666628893646,0.006958772174594285,0.918142992304638,-0.0012813003500323288,-0.1327210759270449,4.9507886501402945e-05,0.0,-1.0,0.1,0.0,0.0,0.0,3.5208210945129395,52219,nan,0.9764482378959656,53478.51322105986,52000,52542.80231990818,52556.6483250981,50,52289.38301402277,nan,nan,nan,0.03317895159125328
24.01032955001574,nav_to_wp,0,-0.01505151018500328,-2.002678871154785,1.793639898300171,0.016232458874583244,-0.17515143752098083,0.006997969467192888,0.0002583886689054571,-1.9732352979193173,1.7999900161762283,0.37542786641745785,52507,0.09574845428648615,-0.05720370686561441,0.007012839551412853,0.8063649875111878,-0.001223369782766197,-0.1267204475681819,4.726951986933172e-05,0.0,-1.0,0.1,0.0,0.0,0.0,3.5208210945129395,52507,nan,0.9873309135437012,53180.75153905929,52000,52551.30830949686,52564.96970128425,50,52289.38301402277,nan,nan,nan,0.03317895159125328
24.03020084401942,nav_to_wp,0,-0.015067125670611858,-2.0071072578430176,1.793452501296997,0.01685446687042713,-0.1633005142211914,0.0027588438242673874,0.00023452388470769983,-1.975707286501396,1.7999909382824522,0.37776166802113353,52833,0.15732633301143828,-0.05581867921764924,0.006662094263483853,0.7815209974069148,-0.0011655061152645828,-0.12072674889502907,4.503373816276108e-05,0.0,-1.0,0.1,0.0,0.0,0.0,3.5208210945129395,52833,nan,0.9901134371757507,53360.552454174845,52000,52561.30830949686,52574.96970128425,50,52289.38301402277,nan,nan,nan,0.03317895159125328
24.050549259001855,nav_to_wp,0,-0.015096863731741905,-2.008593797683716,1.7934138774871826,0.01685446687042713,-0.1633005142211914,0.0027588438242673874,0.0002116229349678478,-1.9780794381121776,1.7999918231472853,0.37786516527135183,52848,0.16005713117023213,-0.058069591701675735,0.006698400735494658,0.8869130106177181,-0.001107139596671788,-0.11468096334166049,4.277852690187194e-05,0.0,-1.0,0.1,0.0,0.0,0.0,3.5208210945129395,52848,nan,0.9967173933982849,53022.05053311648,52000,52567.45153914512,52580.93077904201,50,52289.38301402277,nan,nan,nan,0.03317895159125328
24.0713112160156,nav_to_wp,0,-0.015153159387409687,-2.012573719024658,1.793107032775879,0.01726704277098179,-0.13947291672229767,-0.003829997731372714,0.0001900613220065725,-1.980312857053233,1.799992656261775,0.38138929518162956,53341,0.2530420892250529,-0.05000380212073392,0.006486947772340601,1.5710790175944567,-0.0010492232115883117,-0.10868180401739269,4.0540708252082336e-05,0.0,-1.0,0.1,0.0,0.0,0.0,3.5208210945129395,53341,nan,0.9907137155532837,53840.98268005774,52000,52577.45153914512,52590.93077904201,50,52289.38301402277,nan,nan,nan,0.03317895159125328
24.091200605995255,nav_to_wp,0,-0.015203225426375866,-2.0162808895111084,1.7928179502487183,0.01726704277098179,-0.13947291672229767,-0.003829997731372714,0.00016922134380494003,-1.9824715268211348,1.7999934614931756,0.38185398298156614,53406,0.2653029810439609,-0.054783111843320256,0.00654067252768864,1.092371006961912,-0.0009900305284291234,-0.10255044176833225,3.825357499758454e-05,0.0,-1.0,0.1,0.0,0.0,0.0,3.5208210945129395,53406,nan,0.9913693070411682,53870.94357338444,52000,52587.45153914512,52600.93077904201,50,52289.38301402277,nan,nan,nan,0.03317895159125328
24.110984566999832,nav_to_wp,0,-0.015219653025269508,-2.0186054706573486,1.7926208972930908,0.01771184615790844,-0.11724362522363663,-0.007917135953903198,0.000150426726699876,-1.9844183317242616,1.7999941876943122,0.38398979786153736,53705,0.3216569356606147,-0.04633639954703947,0.006299625468632941,1.2856489920523018,-0.0009334337929974167,-0.09668797585995652,3.606674600465391e-05,0.0,-1.0,0.1,0.0,0.0,0.0,3.5208210945129395,53705,nan,0.9951116442680359,53968.81878465329,52000,52597.45153914512,52610.93077904201,50,52289.38301402277,nan,nan,nan,0.03317895159125328
24.13077856300515,nav_to_wp,0,-0.01530416775494814,-2.020786762237549,1.792441725730896,0.016920056194067,-0.10739059001207352,-0.009094875305891037,0.0001323122828932946,-1.9862946821613539,1.79999488761438,0.38478096985033844,53815,0.3425321860247603,-0.04455802463624134,0.0067974126961440895,1.0608349984977394,-0.0008754293407402996,-0.0906796942638973,3.3825524546430674e-05,0.0,-1.0,0.1,0.0,0.0,0.0,3.5208210945129395,53815,nan,0.9939866662025452,54140.56529107815,52000,52607.45153914512,52620.93077904201,50,52289.38301402277,nan,nan,nan,0.03317895159125328
24.150817548012128,nav_to_wp,0,-0.015364404767751694,-2.0239102840423584,1.7921693325042725,0.016920056194067,-0.10739059001207352,-0.009094875305891037,0.00011538856882738896,-1.9880476931079691,1.7999955415260998,0.38521056525193237,53875,0.35386715704306937,-0.04905048563239843,0.006864872331293181,1.109717006329447,-0.0008175275751220394,-0.08468204926931255,3.158827077498877e-05,0.0,-1.0,0.1,0.0,0.0,0.0,3.5208210945129395,53875,nan,1.0071085691452026,53494.72901985846,52000,52617.45153914512,52630.93077904201,50,52289.38301402277,nan,nan,nan,0.03317895159125328
24.171045385999605,nav_to_wp,0,-0.015483636409044266,-2.0258123874664307,1.792035460472107,0.015783557668328285,-0.08816444128751755,-0.005946056451648474,9.958127424425367e-05,-1.9896850618517743,1.7999961523007288,0.3836983997540137,53664,0.3139683312404653,-0.04262624199272924,0.007622419408633174,1.2335249921306968,-0.0007594686589342998,-0.07866812612990148,2.9344944896755338e-05,0.0,-1.0,0.1,0.0,0.0,0.0,3.5208210945129395,53664,nan,1.0238895416259766,52411.90364614866,52000,52614.71090057184,52628.0104172701,50,52289.38301402277,nan,nan,nan,0.03317895159125328
24.191320117999567,nav_to_wp,0,-0.01555410772562027,-2.0284292697906494,1.7918264865875244,0.01569138653576374,-0.07846876233816147,-0.004747709259390831,8.461007767499376e-05,-1.9912358249624975,1.7999967307695481,0.3833569865796159,53616,0.30496006806374254,-0.041928419287646276,0.007766204550779809,0.934504991164431,-0.0007000548419505895,-0.0725138581514282,2.704926730034288e-05,0.0,-1.0,0.1,0.0,0.0,0.0,3.5049853324890137,53616,nan,1.0095455646514893,53109.04418515183,52000,52621.30201103291,52634.424200841866,50,52111.6899283523,nan,nan,nan,0.03317895159125328
24.21213485300541,nav_to_wp,0,-0.01564478501677513,-2.0300071239471436,1.7917371988296509,0.01569138653576374,-0.07846876233816147,-0.004747709259390831,7.16140729591537e-05,-1.9925819915569232,1.7999972329193574,0.38353116509450375,53640,0.30955580724284104,-0.04517931917263365,0.007872902158885697,1.09577999683097,-0.0006440509187195428,-0.06671279757482522,2.4885343849540742e-05,0.0,-1.0,0.1,0.0,0.0,0.0,3.5049853324890137,53640,nan,1.0232183933258057,52422.826201991804,52000,52618.65566691237,52631.60289419054,50,52111.6899283523,nan,nan,nan,0.03317895159125328
24.230555410002125,nav_to_wp,0,-0.015726033598184586,-2.031512975692749,1.7916786670684814,0.01683662086725235,-0.05932345241308212,0.004647849593311548,5.927415217409776e-05,-1.993860198936954,1.799997709718882,0.37881040689527073,52980,0.18499754341083552,-0.039046601980255904,0.007469797667986722,0.9173509897664189,-0.0005859407360402574,-0.06069356409274798,2.264003709645255e-05,0.0,-1.0,0.1,0.0,0.0,0.0,3.5049853324890137,52980,nan,1.0274031162261963,51566.90607928403,52000,52608.65566691237,52621.60289419054,50,52111.6899283523,nan,nan,nan,0.03317895159125328
24.25067369500175,nav_to_wp,0,-0.015908248722553253,-2.033587694168091,1.7916992902755737,0.01683662086725235,-0.05932345241308212,0.004647849593311548,4.81383862773431e-05,-1.9950136762079558,1.7999981399913267,0.37885741709241827,52987,0.18623791800575695,-0.04318421604175015,0.007680069473184004,1.039805996697396,-0.0005280399492505194,-0.05469602048826636,2.0402821145753755e-05,0.0,-1.0,0.1,0.0,0.0,0.0,3.5049853324890137,52987,nan,1.0196343660354614,51966.66743003559,52000,52600.09582375401,52612.87042133514,50,52111.6899283523,nan,nan,nan,0.03317895159125328
24.270634054002585,nav_to_wp,0,-0.016004327684640884,-2.034813642501831,1.7917499542236328,0.015461498871445656,-0.04445035755634308,0.01027309987694025,3.81724782753598e-05,-1.9960459759592042,1.799998525061886,0.37592439604025946,52576,0.10884949974299296,-0.03899756177091924,0.008594007610292387,1.0075010068248957,-0.0004702146925714686,-0.04870630052759709,1.816852358663055e-05,0.0,-1.0,0.1,0.0,0.0,0.0,3.5049853324890137,52576,nan,1.0019973516464233,52471.19656914282,52000,52598.37716702586,52610.98143663924,50,52111.6899283523,nan,nan,nan,0.03317895159125328
24.29009647501516,nav_to_wp,0,-0.01618449203670025,-2.0365371704101562,1.7918720245361328,0.015628665685653687,-0.03728358447551727,0.009240969084203243,2.935414253819879e-05,-1.9969594066055727,1.799998865791649,0.37629891869564164,52629,0.11873136400109807,-0.03919719349151331,0.00870950874085441,0.6395000091288239,-0.00041234023705285524,-0.0427114843980858,1.59323250442094e-05,0.0,-1.0,0.1,0.0,0.0,0.0,3.5049853324890137,52629,nan,0.9863449335098267,53357.60159757101,52000,52608.37716702586,52620.93637211833,50,52111.6899283523,nan,nan,nan,0.03317895159125328
24.3104691170156,nav_to_wp,0,-0.016275355592370033,-2.0376579761505127,1.7920814752578735,0.01602688990533352,-0.03020745888352394,0.012349909171462059,2.166905174437808e-05,-1.9977554522155867,1.7999991627342065,0.3744877289959159,52376,0.07094271757033965,-0.03916660150257213,0.00865880793659568,0.8927099988795817,-0.0003542753781040893,-0.0366969456890018,1.368876954492077e-05,0.0,-1.0,0.1,0.0,0.0,0.0,3.5049853324890137,52376,nan,1.0184770822525024,51425.80124057701,52000,52598.37716702586,52610.93637211833,50,52111.6899283523,nan,nan,nan,0.03317895159125328
24.330976971017662,nav_to_wp,0,-0.01647871546447277,-2.038895845413208,1.7922486066818237,0.0159132182598114,-0.024151399731636047,0.015374213457107544,1.513738654870464e-05,-1.9984320224142473,1.7999994151098022,0.37278464539975675,52137,0.026006474927617873,-0.03993206925011551,0.009001770192681224,1.295045018196106,-0.00029610549539795563,-0.03067152829243802,1.1441156055435245e-05,0.0,-1.0,0.1,0.0,0.0,0.0,3.5049853324890137,52137,nan,1.0286482572555542,50684.9641092108,52000,52588.37716702586,52600.93637211833,50,52111.6899283523,nan,nan,nan,0.03317895159125328
24.35038825200172,nav_to_wp,0,-0.016554420813918114,-2.039721965789795,1.7924535274505615,0.0165119431912899,-0.017588980495929718,0.017080700024962425,9.784111849021893e-06,-1.9989865312597783,1.799999621953823,0.37168209596641155,51983,-0.0030845391448153237,-0.04004707434615958,0.008813241987133846,0.7261639984790236,-0.0002380574193167724,-0.024658728004983786,9.198249025729437e-06,0.0,-1.0,0.1,0.0,0.0,0.0,3.5049853324890137,51983,nan,1.0132842063903809,51301.50028211618,52000,52578.37716702586,52590.93637211833,50,52111.6899283523,nan,nan,nan,0.03317895159125328
24.371014856005786,nav_to_wp,0,-0.01664002798497677,-2.0404224395751953,1.7926284074783325,0.017332427203655243,-0.0106436125934124,0.01713995449244976,5.607258450911201e-06,-1.999419182727463,1.7999997833423562,0.3714361458821248,51949,-0.009573987279029694,-0.03984798988562653,0.008496112217124763,1.198537996970117,-0.0001802172274322451,-0.018667461009273134,6.963374388439052e-06,0.0,-1.0,0.1,0.0,0.0,0.0,3.5049853324890137,51949,nan,1.0032960176467896,51778.33768526793,52000,52568.37716702586,52580.93637211833,50,52111.6899283523,nan,nan,nan,0.03317895159125328
24.39085137701477,hold,0,-0.016706882044672966,-2.041358709335327,1.792978048324585,0.017375657334923744,-0.0048425705172121525,0.018202899023890495,5.607258450892245e-06,-1.999419182729821,1.7999997833423562,0.3732430606212991,52201,0.03810186335881305,-0.12827308594600323,0.008600036165736569,1.3009789981879294,-9.561422800448855e-12,-1.1895055649417235e-06,3.694417430017171e-13,0.0,-0.997,0.1,0.0,0.15,0.0,3.515542507171631,52201,nan,0.9996383786201477,52219.883826445046,52000,52563.73058915145,52576.12233817603,50,52230.15198546595,nan,nan,nan,0.03317895159125328
24.410214981005993,hold,0,-0.016775822266936302,-2.0418541431427,1.7931880950927734,0.01832120679318905,0.0016372650861740112,0.01787155494093895,5.606779401492495e-06,-1.999478523408773,1.799999783360866,0.37286328409788105,52148,0.02808137461427407,-0.12214689399790693,0.008175528978116242,0.7458680192939937,-4.817033632380635e-08,-0.005966943001645538,1.8612431835574217e-09,0.0,-0.994,0.1,0.0,0.15,0.0,3.515542507171631,52148,nan,0.9986315369606018,52219.46040149676,52000,52559.14031998272,52571.36684568697,50,52230.15198546595,nan,nan,nan,0.03317895159125328
24.4308228949958,hold,0,-0.01686861552298069,-2.04240345954895,1.7934657335281372,0.01832120679318905,0.0016372650861740112,0.01787155494093895,5.605304555448869e-06,-1.999660169768195,1.7999997834178523,0.37239731374259494,52083,0.015786642284824737,-0.11942107053614645,0.008285405563555504,0.8166059851646423,-9.7494497486917e-08,-0.012024650699063189,3.767068754971518e-09,0.0,-0.991,0.1,0.0,0.15,0.0,3.515542507171631,52083,nan,0.9961757659912109,52282.942205662446,52000,52555.45767845845,52567.521183819976,50,52230.15198546595,nan,nan,nan,0.03317895159125328
24.450600884010782,hold,0,-0.016949443146586418,-2.0426242351531982,1.7935752868652344,0.01925227977335453,0.01335133146494627,0.014996271580457687,5.602852713071252e-06,-1.9999602147824467,1.7999997835125885,0.37328654832047325,52208,0.0392492960547024,-0.10949978066516153,0.007853385687056624,0.9344470163341612,-1.4671779045279603e-07,-0.018017192705285377,5.668996901977507e-09,0.0,-0.988,0.1,0.0,0.15,0.0,3.515542507171631,52208,nan,1.0013437271118164,52137.94083534527,52000,52549.890787216944,52561.79344584032,50,52230.15198546595,nan,nan,nan,0.03317895159125328
24.471676562010543,hold,0,-0.01703512854874134,-2.0427067279815674,1.7938060760498047,0.019649241119623184,0.02027248963713646,0.013635286130011082,5.599256970157373e-06,-2.0003974971323766,1.7999997836515238,0.3733899522859899,52222,0.04197763287572265,-0.10201343954881435,0.007730341958682274,1.2272629828657955,-1.9815578969708055e-07,-0.02422784849978387,7.656498604803301e-09,0.0,-0.985,0.1,0.0,0.15,0.0,3.515542507171631,52222,nan,1.004195213317871,52003.832827939885,52000,52542.61001442658,52554.35397093498,50,52230.15198546595,nan,nan,nan,0.03317895159125328
24.490417435008567,hold,0,-0.017091212794184685,-2.042611598968506,1.7939646244049072,0.019649241119623184,0.02027248963713646,0.013635286130011082,5.594939530975093e-06,-2.000918785164468,1.7999997838183444,0.37305892234047927,52176,0.03324333352187914,-0.09833198484835393,0.0077973073112431734,0.8677569858264178,-2.4641105552106964e-07,-0.029996024106081234,9.521023360908515e-09,0.0,-0.982,0.1,0.0,0.15,0.0,3.515542507171631,52176,nan,0.9981197714805603,52274.28760639093,52000,52539.032382319434,52550.619752741055,50,52230.15198546595,nan,nan,nan,0.03317895159125328
24.51034392300062,hold,0,-0.01711391471326351,-2.042353868484497,1.7940254211425781,0.01832975447177887,0.03865236043930054,0.008149965666234493,5.589470396018186e-06,-2.0015750350013883,1.799999784029665,0.37524672710259066,52482,0.09096905283880297,-0.08374710648837427,0.008479299955938213,0.9196840110234916,-2.967526371241383e-07,-0.03596541900647198,1.1466160820160688e-08,0.0,-0.979,0.1,0.0,0.15,0.0,3.515542507171631,52482,nan,0.9955166578292847,52718.354421548844,52000,52541.42334284249,52552.85621499182,50,52230.15198546595,nan,nan,nan,0.03317895159125328
24.531278195994673,hold,0,-0.017184294760227203,-2.041677713394165,1.7941601276397705,0.017031976953148842,0.050935640931129456,0.005160943139344454,5.58266640576095e-06,-2.002386498422258,1.799999784292563,0.37624270725864,52621,0.11724821262902196,-0.07206795642090495,0.009221533725438436,0.8321889908984303,-3.496941731564822e-07,-0.04219466099894303,1.3511757355025683e-08,0.0,-0.976,0.1,0.0,0.15,0.0,3.515542507171631,52621,nan,0.9919033646583557,53050.53080258923,52000,52548.21144230578,52559.49187615979,50,52230.15198546595,nan,nan,nan,0.03317895159125328
24.550366821000353,hold,0,-0.017201408743858337,-2.0410187244415283,1.794223427772522,0.016912881284952164,0.06614530831575394,0.004469500854611397,5.575273908392114e-06,-2.0032613766407104,1.7999997845782,0.3761986063092576,52615,0.11608459918885394,-0.05923767462725073,0.009304095901296217,0.7761349843349308,-3.996926192786395e-07,-0.04801370999900254,1.544363647681079e-08,0.0,-0.973,0.1,0.0,0.15,0.0,3.515542507171631,52615,nan,0.9938364028930664,52941.308898363226,52000,52553.45274171988,52564.582769789165,50,52230.15198546595,nan,nan,nan,0.03317895159125328
24.57068415801041,hold,0,-0.017183808609843254,-2.0397114753723145,1.7943342924118042,0.01652906835079193,0.08149122446775436,0.004779116250574589,5.566658742964107e-06,-2.0042745653666856,1.7999997849110796,0.3756403259445604,52537,0.10135424655832104,-0.04549116332070004,0.009503505515481958,0.8791800064500421,-4.513223118677578e-07,-0.05397434189901305,1.7438544977235148e-08,0.0,-0.97,0.1,0.0,0.15,0.0,3.5102639198303223,52537,nan,1.0113617181777954,51946.79515322934,52000,52545.36397387333,52556.34560156837,50,52170.920956909125,nan,nan,nan,0.03317895159125328
24.590611137013184,hold,0,-0.017182186245918274,-2.038546323776245,1.7943413257598877,0.017244894057512283,0.09743184596300125,0.004559681285172701,5.556746384691919e-06,-2.005432974805,1.799999785294081,0.3755406976698522,52523,0.09872553218607294,-0.031281804984397414,0.009123019217870176,0.7289420173037797,-5.045411058752098e-07,-0.06006892080264765,1.9494854422900436e-08,0.0,-0.967,0.1,0.0,0.15,0.0,3.5102639198303223,52523,nan,0.9950345754623413,52785.10043291236,52000,52548.56045999385,52559.39566598629,50,52170.920956909125,nan,nan,nan,0.03317895159125328
24.610247000004165,hold,0,-0.017186960205435753,-2.0373079776763916,1.7943707704544067,0.018079636618494987,0.11228705197572708,0.005885530728846788,5.545994131328937e-06,-2.006680323253456,1.799999785709535,0.37471943897167365,52408,0.07705643724732525,-0.017595042385838422,0.008702524068268547,0.6985979853197932,-5.569046174563837e-07,-0.06600518400429152,2.151811679629233e-08,0.0,-0.964,0.1,0.0,0.15,0.0,3.5102639198303223,52408,nan,1.0189154148101807,51435.08404940892,52000,52538.56045999385,52549.39566598629,50,52170.920956909125,nan,nan,nan,0.03317895159125328
24.63133231399115,hold,0,-0.017224090173840523,-2.0358026027679443,1.794346809387207,0.018828587606549263,0.1254129856824875,0.005955135449767113,5.533886043374036e-06,-2.0080761365255895,1.7999997861773767,0.37466448452158513,52400,0.07560645175686176,-0.004254282095022587,0.008343588288491244,1.0220429976470768,-6.108377164995518e-07,-0.07207060620453336,2.3602026119396087e-08,0.0,-0.961,0.1,0.0,0.15,0.0,3.5102639198303223,52400,nan,1.0065014362335205,52061.52531295799,52000,52532.19999136671,52542.890727945916,50,52170.920956909125,nan,nan,nan,0.03317895159125328
24.650579386012396,hold,0,-0.017232220619916916,-2.033406972885132,1.7943203449249268,0.018813511356711388,0.13614054024219513,0.007590459194034338,5.520931524522351e-06,-2.0095584082030706,1.7999997866779236,0.37389673170873394,52293,0.05534912160247707,0.008794524983124255,0.008377441967226451,1.0188620071858168,-6.640786425712782e-07,-0.07799702100172634,2.5659190721095413e-08,0.0,-0.958,0.1,0.0,0.15,0.0,3.5102639198303223,52293,nan,1.0238871574401855,51073.01094657485,52000,52522.19999136671,52532.890727945916,50,52170.920956909125,nan,nan,nan,0.03317895159125328
24.671151559014106,hold,0,-0.017209624871611595,-2.0306031703948975,1.7943170070648193,0.018586045131087303,0.145326629281044,0.00650456128641963,5.5061343296600115e-06,-2.011242257165034,1.7999997872496691,0.3745244005032461,52381,0.07191030351572714,0.02180603712620955,0.008460696017170033,0.8535789966117591,-7.203858503816046e-07,-0.08422496460244257,2.7834832718228965e-08,0.0,-0.955,0.1,0.0,0.15,0.0,3.5102639198303223,52381,nan,1.0040522813796997,52169.594125140204,52000,52517.498579817024,52528.04677324184,50,52170.920956909125,nan,nan,nan,0.03317895159125328
24.690769881999586,hold,0,-0.017199354246258736,-2.028651237487793,1.7942818403244019,0.018472135066986084,0.15318171679973602,0.007615505717694759,5.491257902506661e-06,-2.0129194936805983,1.7999997878244762,0.37413343617504863,52326,0.06159462203294375,0.033000370304544314,0.008519407172241866,1.1350409768056124,-7.733280831490318e-07,-0.09000103650281883,2.9880456174089815e-08,0.0,-0.952,0.1,0.0,0.15,0.0,3.5102639198303223,52326,nan,1.0040522813796997,52114.81610110701,52000,52512.12948010089,52522.53703094671,50,52170.920956909125,nan,nan,nan,0.03317895159125328
24.710662351018982,hold,0,-0.01717759668827057,-2.0266151428222656,1.7942264080047607,0.018150651827454567,0.15932916104793549,0.008809268474578857,5.474621003783062e-06,-2.0147847561285674,1.7999997884673058,0.3737656473827402,52275,0.05189043226227241,0.0437252135016649,0.008676487802766086,0.9725450072437525,-8.288336863447269e-07,-0.09601741529701108,3.202512514427871e-08,0.0,-0.949,0.1,0.0,0.15,0.0,3.5102639198303223,52275,nan,1.0141291618347168,51546.68849619355,52000,52502.12948010089,52512.53703094671,50,52170.920956909125,nan,nan,nan,0.03317895159125328
24.731069485016633,hold,0,-0.01722320355474949,-2.0234365463256836,1.7942025661468506,0.01709171198308468,0.16263476014137268,0.01016205083578825,5.456366370067254e-06,-2.016818759687604,1.7999997891726427,0.373322876957881,52213,0.04020783530028993,0.05444555764003399,0.009302924264117385,0.9441220026928931,-8.860795798758637e-07,-0.10217507609829157,3.423703681550416e-08,0.0,-0.946,0.1,0.0,0.15,0.0,3.5102639198303223,52213,nan,1.0118036270141602,51603.88696577511,52000,52492.12948010089,52502.53703094671,50,52170.920956909125,nan,nan,nan,0.03317895159125328
24.751119674998336,hold,0,-0.017213547602295876,-2.0213022232055664,1.7941421270370483,0.016575470566749573,0.16459961235523224,0.010107631795108318,5.437684355739787e-06,-2.0188822832273043,1.7999997898944928,0.3736231567990277,52255,0.04813078625402767,0.06311575305024139,0.009561415194922152,1.256443007150665,-9.41519070282813e-07,-0.10806414900169654,3.637915126797967e-08,0.0,-0.943,0.1,0.0,0.15,0.0,3.5102639198303223,52255,nan,0.9970707297325134,52408.518715636725,52000,52491.014669908036,52501.28345340925,50,52170.920956909125,nan,nan,nan,0.03317895159125328
24.770379977009725,hold,0,-0.01722676306962967,-2.0191595554351807,1.7940788269042969,0.016346992924809456,0.16490031778812408,0.00841250829398632,5.417661991041642e-06,-2.021078939679719,1.7999997906681326,0.3747538536597667,52413,0.07796447651099392,0.0709030412277272,0.009668561237830664,0.8106830064207315,-9.97881703208841e-07,-0.11399936039669302,3.855693482414458e-08,0.0,-0.94,0.1,0.0,0.15,0.0,3.5102639198303223,52413,nan,0.9862565398216248,53143.373842144014,52000,52499.71279220452,52509.84465859238,50,52170.920956909125,nan,nan,nan,0.03317895159125328
24.79028526399634,hold,0,-0.01721903122961521,-2.016002655029297,1.7939839363098145,0.016346992924809456,0.16490031778812408,0.00841250829398632,5.396279969054764e-06,-2.023408773017721,1.799999791494308,0.3751334152988427,52466,0.08797929548397576,0.0798931027791094,0.009650480174771658,0.7829280220903456,-1.0551212571217248e-06,-0.11997397290078061,4.0768601540234544e-08,0.0,-0.9369999999999999,0.1,0.0,0.15,0.0,3.5102639198303223,52466,nan,0.9932547211647034,52822.301149978615,52000,52504.01397030817,52514.0107451442,50,52170.920956909125,nan,nan,nan,0.03317895159125328
24.81106534600258,hold,0,-0.017239786684513092,-2.0139942169189453,1.793959617614746,0.015622952952980995,0.15838275849819183,0.008025484159588814,5.373361499546762e-06,-2.0258896084896785,1.7999997923798499,0.3755037393936695,52518,0.09775037978019618,0.08436356492217004,0.010048672806042713,1.2923249742016196,-1.1135756426914512e-06,-0.12602482079617627,4.30272078733799e-08,0.0,-0.9339999999999999,0.1,0.0,0.15,0.0,3.5102639198303223,52518,nan,1.0174883604049683,51615.33246345681,52000,52494.01397030817,52504.0107451442,50,52170.920956909125,nan,nan,nan,0.03317895159125328
24.830380374012748,hold,0,-0.01721748523414135,-2.011030912399292,1.7937560081481934,0.016119537875056267,0.15333770215511322,0.006067398935556412,5.349385654258533e-06,-2.0284650191354103,1.7999997933062473,0.37694753640885775,52720,0.13584528783265704,0.09044203803943243,0.009722970066076142,0.808217009762302,-1.1720313051962445e-06,-0.13201326389450604,4.528586354574251e-08,0.0,-0.9309999999999999,0.1,0.0,0.15,0.0,3.5102639198303223,52720,nan,0.9893797039985657,53285.912159843974,52000,52504.01397030817,52514.0107451442,50,52170.920956909125,nan,nan,nan,0.03317895159125328
24.85013610601891,hold,0,-0.017189335078001022,-2.009197235107422,1.793629765510559,0.016119537875056267,0.15333770215511322,0.006067398935556412,5.3242646445753896e-06,-2.0311431490163225,1.7999997942768926,0.3773930961127533,52782,0.1476014805475785,0.09830704239091817,0.009681594961843842,0.7230520131997764,-1.2307187465139084e-06,-0.13796513970042307,4.7553474869414014e-08,0.0,-0.9279999999999999,0.1,0.0,0.15,0.0,3.5102639198303223,52782,nan,1.0000629425048828,52778.67797780367,52000,52507.67615707478,52517.53964157966,50,52170.920956909125,nan,nan,nan,0.03317895159125328
24.87059920001775,hold,0,-0.01720501482486725,-2.007516384124756,1.7935715913772583,0.016869761049747467,0.13619813323020935,0.0045006307773292065,5.297458066837128e-06,-2.0339824508837414,1.799999795312666,0.3782099967329537,52896,0.1691555866214678,0.09700033474999335,0.009280465779233804,0.9869080095086247,-1.2907739042306591e-06,-0.14400680849505995,4.987393309055636e-08,0.0,-0.9249999999999999,0.1,0.0,0.15,0.0,3.5102639198303223,52896,nan,0.9938722252845764,53222.133242383585,52000,52517.20225154557,52526.934222923715,50,52170.920956909125,nan,nan,nan,0.03317895159125328
24.890300816012314,hold,0,-0.01725650765001774,-2.005988597869873,1.7934552431106567,0.016928866505622864,0.12465333938598633,0.0018206981476396322,5.269570037330325e-06,-2.0369131435197434,1.7999997963902257,0.3797602585199962,53113,0.21005959155662524,0.09837760522797209,0.00926562925778529,0.7740810106042773,-1.350862433860379e-06,-0.1499879210951816,5.219568076181005e-08,0.0,-0.9219999999999999,0.1,0.0,0.15,0.0,3.5102639198303223,53113,nan,0.9915054440498352,53568.036684759165,52000,52527.20225154557,52536.934222923715,50,52170.920956909125,nan,nan,nan,0.03317895159125328
24.91029161500046,hold,0,-0.017261020839214325,-2.0039737224578857,1.7932769060134888,0.016755059361457825,0.11094607412815094,0.0004890928976237774,5.240299876539809e-06,-2.039966715074085,1.799999797521189,0.38069937416317495,53244,0.2348383684215012,0.09941063801802655,0.009338764869117222,0.7802769832778722,-1.4115961026270233e-06,-0.1559760218975192,5.454235582433157e-08,0.0,-0.9189999999999999,0.1,0.0,0.15,0.0,3.5102639198303223,53244,nan,1.0058996677398682,52931.72043652491,52000,52532.59582734529,52542.19803910507,50,52170.920956909125,nan,nan,nan,0.03317895159125328
24.93089246301679,hold,0,-0.01726076938211918,-2.0022852420806885,1.7930728197097778,0.015994522720575333,0.09458371996879578,0.00011636034469120204,5.208945023623038e-06,-2.043218201566705,1.7999997987327023,0.3811400789443519,53306,0.24646646291165908,0.09911153452131968,0.00972673985227579,0.6614599842578173,-1.4742406469747525e-06,-0.16210925730030654,5.696286479421908e-08,0.0,-0.9159999999999999,0.1,0.0,0.15,0.0,3.5102639198303223,53306,nan,0.9976663589477539,53430.688047076415,52000,52542.59582734529,52552.19803910507,50,52170.920956909125,nan,nan,nan,0.03317895159125328
24.950343414006056,hold,0,-0.017307836562395096,-2.0014195442199707,1.7928804159164429,0.015994522720575333,0.09458371996879578,0.00011636034469120204,5.1773918082480635e-06,-2.0464578431053497,1.7999997999518802,0.3816758018731467,53381,0.26060163253685076,0.10639945328236786,0.009762351061662455,0.8272429986391217,-1.535259870477347e-06,-0.16799760779711082,5.932057334428462e-08,0.0,-0.9129999999999999,0.1,0.0,0.15,0.0,3.5102639198303223,53381,nan,0.985262393951416,54179.47576981432,52000,52552.59582734529,52562.19803910507,50,52170.920956909125,nan,nan,nan,0.03317895159125328
24.970908879011404,hold,0,-0.01736430637538433,-2.0007753372192383,1.7927831411361694,0.015480272471904755,0.06101134046912193,-0.008472559973597527,5.143640291167954e-06,-2.049903096989061,1.799999801255998,0.38568828912709335,53942,0.3664720086304296,0.09520353478233246,0.009985965273857422,1.1679530143737793,-1.5983046159343662e-06,-0.17404122659783625,6.175654559808428e-08,0.0,-0.9099999999999999,0.1,0.0,0.15,0.0,3.5102639198303223,53942,nan,0.9883377552032471,54578.50792000461,52000,52562.59582734529,52572.19803910507,50,52170.920956909125,nan,nan,nan,0.03317895159125328
24.990444487018976,hold,0,-0.01738227717578411,-2.0002596378326416,1.7926744222640991,0.015480272471904755,0.06101134046912193,-0.008472559973597527,5.108960571216963e-06,-2.053412811813812,1.79999980259598,0.386107028116968,54001,0.37752053079071146,0.102387204109936,0.009993684885269305,0.9120739996433258,-1.661090922824905e-06,-0.17998938149354188,6.41825321001342e-08,0.0,-0.9069999999999999,0.1,0.0,0.15,0.0,3.5049853324890137,54001,nan,0.9965385794639587,54188.56942703343,52000,52572.59582734529,52582.19803910507,50,52111.6899283523,nan,nan,nan,0.03317895159125328
25.010973596014082,hold,0,-0.01743103377521038,-2.0001602172851562,1.7925443649291992,0.01636284776031971,0.02626984193921089,-0.012311197817325592,5.072419270273345e-06,-2.0570861356190067,1.7999998040078913,0.38777624862393917,54234,0.4215632882305833,0.09097210451676066,0.009545670000379092,1.2608310207724571,-1.7251836675307396e-06,-0.18601121399914566,6.665899776973896e-08,0.0,-0.9039999999999999,0.1,0.0,0.15,0.0,3.5049853324890137,54234,nan,0.9841069579124451,55109.863378107664,52000,52582.59582734529,52592.19803910507,50,52111.6899283523,nan,nan,nan,0.03317895159125328
25.03081234401907,hold,0,-0.01745690405368805,-2.0005433559417725,1.792513370513916,0.01664862409234047,0.00692828418686986,-0.0100064966827631,5.034330553943002e-06,-2.0608863748524047,1.799999805479593,0.38655847815010763,54064,0.38943214116378755,0.08789513268927954,0.009454577224127236,1.0309919889550656,-1.790003611763433e-06,-0.1920424829910316,6.916356154423035e-08,0.0,-0.9009999999999999,0.1,0.0,0.15,0.0,3.5049853324890137,54064,nan,1.0163776874542236,53192.82454479794,52000,52590.73221024466,52600.20639251431,50,52111.6899283523,nan,nan,nan,0.03317895159125328
25.050582063995535,hold,0,-0.017467888072133064,-2.001072883605957,1.792520523071289,0.01664862409234047,0.00692828418686986,-0.0100064966827631,4.994884805586178e-06,-2.0647907221890063,1.7999998070037289,0.3867893360165405,54096,0.39552337774513013,0.09446563438896412,0.009460219185214447,0.8164559840224683,-1.8552300095435713e-06,-0.19804778129330908,7.168383018923644e-08,0.0,-0.8979999999999999,0.1,0.0,0.15,0.0,3.5049853324890137,54096,nan,1.0266271829605103,52692.93556401071,52000,52592.09492162821,52601.442781467595,50,52111.6899283523,nan,nan,nan,0.03317895159125328
25.071059831010643,hold,0,-0.017369931563735008,-2.002230405807495,1.7926089763641357,0.01750137098133564,-0.012008773162961006,-0.00710664177313447,4.95422653230874e-06,-2.0687816505343646,1.7999998085747149,0.3851055416014958,53861,0.351096084472184,0.09106418835305478,0.008956874774245005,0.8756479946896434,-1.9206479457741827e-06,-0.2040036290909886,7.421149964691149e-08,0.0,-0.8949999999999999,0.1,0.0,0.15,0.0,3.5049853324890137,53861,nan,1.02338707447052,52630.13511077087,52000,52592.60212415011,52601.825345858306,50,52111.6899283523,nan,nan,nan,0.03317895159125328
25.090414156002225,hold,0,-0.017320968210697174,-2.003413438796997,1.7927730083465576,0.01810297742486,-0.0521213673055172,-4.8635920393280685e-05,4.911812549415971e-06,-2.0729146180252433,1.7999998102135397,0.3809164192336111,53275,0.24056515128261324,0.07719593535497299,0.008687997103942635,0.8581930014770478,-1.9870499935632386e-06,-0.2099934788908721,7.6777193977772e-08,0.0,-0.8919999999999999,0.1,0.0,0.15,0.0,3.5049853324890137,53275,nan,1.0066102743148804,52925.150238765505,52000,52597.03609901165,52606.13634443041,50,52111.6899283523,nan,nan,nan,0.03317895159125328
25.11044521201984,hold,0,-0.017369430512189865,-2.0047667026519775,1.792888879776001,0.01854555308818817,-0.0722539946436882,0.004259753040969372,4.8678057321235426e-06,-2.077169680960049,1.7999998119139096,0.37850516476080026,52937,0.17694366123483363,0.07327133059648788,0.008560616221994888,0.9212690056301653,-2.054160836315692e-06,-0.2159868026927541,7.937027528358107e-08,0.0,-0.8889999999999999,0.1,0.0,0.15,0.0,3.5049853324890137,52937,nan,1.0214263200759888,51826.547798437154,52000,52587.03609901165,52596.13634443041,50,52111.6899283523,nan,nan,nan,0.03317895159125328
25.13068462899537,hold,0,-0.017346594482660294,-2.0063278675079346,1.7930299043655396,0.01817295141518116,-0.09278706461191177,0.006685427390038967,4.821821935909997e-06,-2.081584468476014,1.7999998136906674,0.37700243464094624,52727,0.13729378999858,0.06889504864601789,0.008768097485269744,0.9631289867684245,-2.122474728633468e-06,-0.2220341672961051,8.200984096076519e-08,0.0,-0.8859999999999999,0.1,0.0,0.15,0.0,3.5049853324890137,52727,nan,1.0214263200759888,51620.95293968672,52000,52577.03609901165,52586.13634443041,50,52111.6899283523,nan,nan,nan,0.03317895159125328
25.15032933000475,hold,0,-0.017356956377625465,-2.009209156036377,1.7934316396713257,0.01836811751127243,-0.11219364404678345,0.009288085624575615,4.77478157435861e-06,-2.086060014469417,1.7999998155082497,0.37507332360739243,52457,0.08639376272803112,0.06377140054214339,0.008720087679046085,0.7919540221337229,-2.190718107060372e-06,-0.22800109438941107,8.464668206700493e-08,0.0,-0.8829999999999999,0.1,0.0,0.15,0.0,3.5049853324890137,52457,nan,1.013282060623169,51769.39574726007,52000,52567.03609901165,52576.13634443041,50,52111.6899283523,nan,nan,nan,0.03317895159125328
25.170810044015525,hold,0,-0.017244068905711174,-2.0113883018493652,1.7937434911727905,0.018273912370204926,-0.13166221976280212,0.009457116946578026,4.72568200408532e-06,-2.090698437726528,1.7999998174053975,0.37450105540569134,52377,0.0712943378810369,0.05930663655595831,0.008663056756624377,1.0883850045502186,-2.2602139983662563e-06,-0.23402468458878625,8.733191874687424e-08,0.0,-0.8799999999999999,0.1,0.0,0.15,0.0,3.5102639198303223,52377,nan,1.0043129920959473,52152.0685405971,52000,52561.50319823279,52570.482107045966,50,52170.920956909125,nan,nan,nan,0.03317895159125328
25.19112995301839,hold,0,-0.01718701608479023,-2.015137195587158,1.7942297458648682,0.018907340243458748,-0.1504087597131729,0.010968652553856373,4.674999420371132e-06,-2.0954473821555686,1.7999998193637108,0.37302285272599706,52171,0.03229162865427426,0.05377613966344862,0.008296483189400572,1.3137790083419532,-2.33030534476902e-06,-0.24003524669128112,9.004016308715781e-08,0.0,-0.8769999999999999,0.1,0.0,0.15,0.0,3.5102639198303223,52171,nan,1.0026408433914185,52033.58744446549,52000,52554.4643215159,52563.3235115449,50,52170.920956909125,nan,nan,nan,0.03317895159125328
25.210663984995335,hold,0,-0.017172129824757576,-2.0178382396698,1.7945618629455566,0.019758911803364754,-0.1676062047481537,0.011199361644685268,4.622689597931061e-06,-2.1003088387258373,1.7999998213848987,0.3724256643564828,52087,0.016534679590574086,0.0501647478270795,0.007836378067751282,0.9359509858768433,-2.401034482516999e-06,-0.24603616318772695,9.277305090897815e-08,0.0,-0.8739999999999999,0.1,0.0,0.15,0.0,3.5102639198303223,52087,nan,0.9889361262321472,52669.731258025524,52000,52556.001214002696,52564.74228149797,50,52170.920956909125,nan,nan,nan,0.03317895159125328
25.231053399009397,hold,0,-0.017075486481189728,-2.0207910537719727,1.794979214668274,0.02070542611181736,-0.18317526578903198,0.009642057120800018,4.56794568787233e-06,-2.1053624424684148,1.7999998235001369,0.3726341708549099,52116,0.02203617031424443,0.047298700895567786,0.007220124897056701,1.0251479980070144,-2.4733479665109568e-06,-0.2521228982887268,9.556715594196555e-08,0.0,-0.8709999999999999,0.1,0.0,0.15,0.0,3.5102639198303223,52116,nan,0.9859810471534729,52856.9997876317,52000,52560.014528317755,52568.63904824643,50,52170.920956909125,nan,nan,nan,0.03317895159125328
25.25037432400859,hold,0,-0.016845665872097015,-2.0253822803497314,1.7954849004745483,0.02138889580965042,-0.1973845511674881,0.008479450829327106,4.512881367669175e-06,-2.1103899578114906,1.7999998256277552,0.37251910160976626,52100,0.01900004247404219,0.043323194602277716,0.006608523712312353,0.722049007890746,-2.5447100536495615e-06,-0.2580357824937737,9.832450015808879e-08,0.0,-0.8679999999999999,0.1,0.0,0.15,0.0,3.5102639198303223,52100,nan,0.9859810471534729,52840.772295180206,52000,52563.75796520926,52572.26749153888,50,52170.920956909125,nan,nan,nan,0.03317895159125328
25.27031541999895,hold,0,-0.016651006415486336,-2.0287675857543945,1.7958872318267822,0.02317696064710617,-0.2116342931985855,0.009853295050561428,4.455602087478546e-06,-2.115581965832548,1.7999998278409568,0.3712924936892248,51929,-0.013364282606207922,0.04094885081343387,0.005457366621198556,0.8003950060810894,-2.6173694710176687e-06,-0.26400316259397466,1.0113197163573359e-07,0.0,-0.8649999999999999,0.1,0.0,0.15,0.0,3.5102639198303223,51929,nan,1.0080986022949219,51511.82620607189,52000,52553.75796520926,52562.26749153888,50,52170.920956909125,nan,nan,nan,0.03317895159125328
25.29110376999597,hold,0,-0.01636570505797863,-2.034075975418091,1.7964527606964111,0.024256590753793716,-0.22408585250377655,0.0072023989632725716,4.395844428557446e-06,-2.120961340399976,1.79999983014992,0.3718632925911214,52008,0.0016963744359195232,0.03751313976675198,0.004561326199380655,1.2617550091817975,-2.6915642461394346e-06,-0.2700468377890772,1.0399876746880967e-07,0.0,-0.8619999999999999,0.1,0.0,0.15,0.0,3.5102639198303223,52008,nan,0.9843423366546631,52835.276979705865,52000,52557.51155206922,52565.90761804777,50,52170.920956909125,nan,nan,nan,0.03317895159125328
25.310682659008307,hold,0,-0.01620180904865265,-2.037820816040039,1.7968857288360596,0.02568225935101509,-0.2358645349740982,0.006822606548666954,4.334882500497494e-06,-2.126396952780975,1.7999998325054147,0.371496022258102,51957,-0.007994135670132962,0.0362438512388752,0.0036217224271088977,0.9534749842714518,-2.7658411199814093e-06,-0.27601931459279583,1.0686873549653976e-07,0.0,-0.8589999999999999,0.1,0.0,0.15,0.0,3.5102639198303223,51957,nan,0.9918420314788818,52384.34987729824,52000,52555.20272973894,52563.48684817112,50,52170.920956909125,nan,nan,nan,0.03317895159125328
25.330686986999353,hold,0,-0.015951257199048996,-2.0416839122772217,1.7972544431686401,0.026457112282514572,-0.2465151995420456,0.0077081904746592045,4.271752821501012e-06,-2.1319825059979283,1.7999998349446686,0.37058620566526845,51830,-0.03199985052062182,0.03568460777161994,0.002941886205952482,1.0111419833265245,-2.8412513603791323e-06,-0.2820248108912349,1.0978249542894288e-07,0.0,-0.8559999999999999,0.1,0.0,0.15,0.0,3.5102639198303223,51830,nan,1.0070737600326538,51465.94227449581,52000,52545.20272973894,52553.48684817112,50,52170.920956909125,nan,nan,nan,0.03317895159125328
25.350559982005507,hold,0,-0.015645472332835197,-2.047715187072754,1.7977067232131958,0.026457112282514572,-0.2465151995420456,0.0077081904746592045,4.206745014709157e-06,-2.1376859274122744,1.7999998374564914,0.37006293123330675,51757,-0.04580656376499448,0.03862702754783236,0.0026154113410248314,0.8862609975039959,-2.9174541254850563e-06,-0.28802785769196804,1.1272687755175428e-07,0.0,-0.8529999999999999,0.1,0.0,0.15,0.0,3.5102639198303223,51757,nan,0.9962787628173828,51950.31946042497,52000,52537.27095281476,52545.4446163345,50,52170.920956909125,nan,nan,nan,0.03317895159125328
25.37034488201607,hold,0,-0.015372266061604023,-2.0518505573272705,1.7980332374572754,0.028493698686361313,-0.26615142822265625,0.00926284771412611,4.140277086968736e-06,-2.1434631581129318,1.7999998400247312,0.36880462375207074,51581,-0.07900728886357022,0.033117062599047356,0.001223477365814185,0.8857169887050986,-2.994006042977915e-06,-0.29398364789013787,1.1568475049796033e-07,0.0,-0.8499999999999999,0.1,0.0,0.15,0.0,3.5102639198303223,51581,nan,1.0023189783096313,51461.66152315022,52000,52527.27095281476,52535.4446163345,50,52170.920956909125,nan,nan,nan,0.03317895159125328
25.390648475004127,hold,0,-0.014956616796553135,-2.0582122802734375,1.7983900308609009,0.028688156977295876,-0.27401599287986755,0.00987576600164175,4.071295963753445e-06,-2.1494146932574116,1.7999998426900778,0.3680366563609694,51473,-0.09927028071320976,0.03173279363080985,0.0006684917424131243,1.116783998440951,-3.0719709463173894e-06,-0.29999551048847967,1.1869721949800744e-07,0.0,-0.8469999999999999,0.1,0.0,0.15,0.0,3.5102639198303223,51473,nan,1.0023189783096313,51353.91139336406,52000,52517.27095281476,52525.4446163345,50,52170.920956909125,nan,nan,nan,0.03317895159125328
25.410909528000047,hold,0,-0.014614233747124672,-2.0626015663146973,1.7986992597579956,0.029513677582144737,-0.281998872756958,0.011550074443221092,4.001079104936241e-06,-2.155412431224001,1.7999998454031718,0.36678573019642774,51298,-0.13227624811536387,0.029243504808558717,-0.00015283957243772406,1.3554439938161522,-3.088940120236046e-06,-0.2999999999840736,1.193528877307221e-07,0.0,-0.8439999999999999,0.1,0.0,0.15,0.0,3.5102639198303223,51298,nan,0.9942650198936462,51593.88993237156,52000,52507.27095281476,52515.4446163345,50,52170.920956909125,nan,nan,nan,0.03317895159125328
25.430872975994134,hold,0,-0.014183578081429005,-2.0693435668945312,1.7990549802780151,0.02972354367375374,-0.28866636753082275,0.011788185685873032,3.9302959541433635e-06,-2.1613897299183673,1.7999998481381467,0.3661789676367744,51213,-0.14828581433313204,0.02481334904966323,-0.0007382363336103648,1.3994189794175327,-3.1060508081780333e-06,-0.2999999999838967,1.2001402389310885e-07,0.0,-0.8409999999999999,0.1,0.0,0.15,0.0,3.5102639198303223,51213,nan,0.9989163875579834,51268.55524434699,52000,52497.27095281476,52505.4446163345,50,52170.920956909125,nan,nan,nan,0.03317895159125328
25.454170556011377,hold,0,-0.013912743888795376,-2.073838949203491,1.799234390258789,0.02972354367375374,-0.28866636753082275,0.011788185685873032,3.8581063742902765e-06,-2.167426376119334,1.7999998509274642,0.36597146372027545,51184,-0.15376085170777287,0.026512556539776883,-0.0010347601171847298,0.8180699951481074,-3.1233521158456816e-06,-0.2999999999837168,1.206825253697557e-07,0.0,-0.8379999999999999,0.1,0.0,0.15,0.0,3.5102639198303223,51184,nan,1.0022114515304565,51071.058828791036,52000,52487.27095281476,52495.4446163345,50,52170.920956909125,nan,nan,nan,0.03317895159125328
25.470579626999097,hold,0,-0.013428262434899807,-2.0807647705078125,1.7993695735931396,0.0304331686347723,-0.29824098944664,0.007618445437401533,3.7847710912933665e-06,-2.1734952090205546,1.7999998537610502,0.3678352015240858,51445,-0.10458571176554798,0.020238682238435,-0.0019422922554808153,0.8154159877449274,-3.1408472464484334e-06,-0.2999999999835339,1.2135851592877796e-07,0.0,-0.8349999999999999,0.1,0.0,0.15,0.0,3.5102639198303223,51445,nan,0.977699875831604,52618.396781775526,52000,52489.0192972009,52497.08397854038,50,52170.920956909125,nan,nan,nan,0.03317895159125328
25.490848556015408,hold,0,-0.01309865154325962,-2.085583448410034,1.7996824979782104,0.030598914250731468,-0.30370691418647766,0.0042564598843455315,3.7114511787076576e-06,-2.17948411022466,1.7999998565940425,0.36911337372028336,51624,-0.07086085170756462,0.018474782122783463,-0.0023826559941035885,1.0276290122419596,-3.158539475369779e-06,-0.29999999998334786,1.2204212212700824e-07,0.0,-0.8319999999999999,0.1,0.0,0.15,0.0,3.5102639198303223,51624,nan,0.9804511666297913,52653.31079920344,52000,52491.20985056093,52499.167002815884,50,52170.920956909125,nan,nan,nan,0.03317895159125328
25.51101601801929,hold,0,-0.012752451002597809,-2.0902554988861084,1.7996535301208496,0.031210804358124733,-0.3086434006690979,-0.0007076173787936568,3.637172562197573e-06,-2.185485101424772,1.7999998594640778,0.3716241649657129,51975,-0.004613061590690748,0.017123487679489353,-0.003068591295060097,1.1497479863464832,-3.176432152211532e-06,-0.2999999999831587,1.22733473388985e-07,0.0,-0.8289999999999998,0.1,0.0,0.15,0.0,3.5102639198303223,51975,nan,0.981552004814148,52951.85557676204,52000,52497.35179357695,52505.2028504685,50,52170.920956909125,nan,nan,nan,0.03317895159125328
25.530281122017186,hold,0,-0.01225543487817049,-2.097489833831787,1.7997472286224365,0.03138158842921257,-0.31173592805862427,-0.003958997316658497,3.562694720971163e-06,-2.1914253207185954,1.799999862341811,0.3731159000031982,52184,0.03474670193135054,0.014009629546871506,-0.0036807883649758733,0.7521929801441729,-3.194528702907992e-06,-0.2999999999829662,1.2343270208864101e-07,0.0,-0.8259999999999998,0.1,0.0,0.15,0.0,3.5102639198303223,52184,nan,0.961330235004425,54283.115312356524,52000,52507.35179357695,52515.2028504685,50,52170.920956909125,nan,nan,nan,0.03317895159125328
25.550050051009748,hold,0,-0.011903495527803898,-2.1022627353668213,1.7996838092803955,0.03204210475087166,-0.3157241642475128,-0.006733213551342487,3.487133702120434e-06,-2.197386987923102,1.7999998652613969,0.3745791923891895,52388,0.07335599971476192,0.013094843018591582,-0.004395000537833704,0.6545690121129155,-3.212832631912783e-06,-0.2999999999827705,1.2413994363380016e-07,0.0,-0.8229999999999998,0.1,0.0,0.15,0.0,3.5102639198303223,52388,nan,0.974729597568512,53746.18779473119,52000,52517.35179357695,52525.2028504685,50,52170.920956909125,nan,nan,nan,0.03317895159125328
25.570365969993873,hold,0,-0.011532061733305454,-2.107185125350952,1.7997550964355469,0.03218827024102211,-0.3179175853729248,-0.009469660930335522,3.4101746749734067e-06,-2.2033975935153673,1.799999868235,0.3758592110480838,52567,0.107129579105111,0.013041231150423306,-0.004853196786525293,0.8496069931425154,-3.2313475244613034e-06,-0.2999999999825713,1.2485533655359595e-07,0.0,-0.8199999999999998,0.1,0.0,0.15,0.0,3.5049853324890137,52567,nan,1.004663348197937,52322.999633946376,52000,52514.76043144854,52522.50680758154,50,52111.6899283523,nan,nan,nan,0.03317895159125328
25.590676151012303,hold,0,-0.01096499152481556,-2.114467144012451,1.7996097803115845,0.03256263956427574,-0.32037773728370667,-0.008350085467100143,3.3320156773967837e-06,-2.2094366136196744,1.7999998712549685,0.3754714761270789,52513,0.09689910625537834,0.010419896410939176,-0.005661841192028838,1.006840990157798,-3.2500770489118663e-06,-0.29999999998236865,1.2557902258892998e-07,0.0,-0.8169999999999998,0.1,0.0,0.15,0.0,3.5049853324890137,52513,nan,1.004663348197937,52269.25028587186,52000,52511.486962840856,52519.13005395875,50,52111.6899283523,nan,nan,nan,0.03317895159125328
25.61111338500632,hold,0,-0.010639550164341927,-2.119455575942993,1.7997081279754639,0.03285595029592514,-0.32279759645462036,-0.004826565273106098,3.2531304334680573e-06,-2.215458648321063,1.7999998743029983,0.37358760110080763,52250,0.0471926411822583,0.010283668684430595,-0.006195969432318371,1.3025059888605028,-3.2690249591687234e-06,-0.29999999998216254,1.2631114678609493e-07,0.0,-0.8139999999999998,0.1,0.0,0.15,0.0,3.5049853324890137,52250,nan,1.0019053220748901,52150.63624154941,52000,52506.6756198903,52514.21680312662,50,52111.6899283523,nan,nan,nan,0.03317895159125328
25.630258071993012,hold,0,-0.010065424256026745,-2.1267247200012207,1.7995247840881348,0.032628703862428665,-0.3231671452522278,-0.00459782499819994,3.1742534715486945e-06,-2.221395516914117,1.7999998773507082,0.37369832283771726,52265,0.05011405904267008,0.008656721874469975,-0.006687152389583062,0.8283369825221598,-3.288195097190348e-06,-0.2999999999819527,1.2705185759369148e-07,0.0,-0.8109999999999998,0.1,0.0,0.15,0.0,3.5049853324890137,52265,nan,1.0019053220748901,52165.607716068516,52000,52502.128047839346,52509.568681965844,50,52111.6899283523,nan,nan,nan,0.03317895159125328
25.650343037006678,hold,0,-0.00975808221846819,-2.131622314453125,1.7994403839111328,0.032836493104696274,-0.32370930910110474,-0.004034592304378748,3.0933833061090764e-06,-2.227428768313232,1.799999880475433,0.3735270731129494,52241,0.04559559664773971,0.009586629358389909,-0.007130707951603865,0.7765720074530691,-3.307591395586494e-06,-0.29999999998173915,1.2780130696297547e-07,0.0,-0.8079999999999998,0.1,0.0,0.15,0.0,3.5049853324890137,52241,nan,0.9902506470680237,52755.33033447378,52000,52505.50407832781,52512.845503999284,50,52111.6899283523,nan,nan,nan,0.03317895159125328
25.671057464001933,hold,0,-0.00936916097998619,-2.1365485191345215,1.7993760108947754,0.03286118805408478,-0.32395926117897034,-0.003707881085574627,3.0115850958574755e-06,-2.2334591628192197,1.7999998836360163,0.3734499583850695,52230,0.04356090725776873,0.010637553038270733,-0.007562086648027266,1.2548109807539731,-3.3272178803077137e-06,-0.29999999998152177,1.285596504517775e-07,0.0,-0.8049999999999998,0.1,0.0,0.15,0.0,3.5049853324890137,52230,nan,1.0046809911727905,51986.650945819674,52000,52498.586036561035,52505.82957655689,50,52111.6899283523,nan,nan,nan,0.03317895159125328
25.690401388012106,hold,0,-0.008855532854795456,-2.1438872814178467,1.7993510961532593,0.03222931548953056,-0.32306793332099915,-0.003638378344476223,2.929499045955245e-06,-2.239427829017571,1.7999998868077214,0.3734438602058356,52230,0.04340000543101752,0.009647493266619452,-0.007774064924214619,0.8572869992349297,-3.3470786734312013e-06,-0.29999999998130056,1.2932704733214487e-07,0.0,-0.8019999999999998,0.1,0.0,0.15,0.0,3.5049853324890137,52230,nan,1.0008255243301392,52186.918429121775,52000,52494.43046846185,52501.57742792443,50,52111.6899283523,nan,nan,nan,0.03317895159125328
25.710989298997447,hold,0,-0.008497138507664204,-2.1487865447998047,1.7992262840270996,0.03157426044344902,-0.3232089579105377,-0.00728174252435565,2.8458698184874934e-06,-2.2454461497150695,1.799999890039053,0.3754265394898616,52507,0.09571344300426254,0.010713810014790626,-0.0077659962019627216,1.3047080137766898,-3.3671779960470124e-06,-0.29999999998107535,1.3010366070186118e-07,0.0,-0.7989999999999998,0.1,0.0,0.15,0.0,3.5049853324890137,52507,nan,0.9783703088760376,53667.81833385828,52000,52504.43046846185,52511.57742792443,50,52111.6899283523,nan,nan,nan,0.03317895159125328
25.7302683640155,hold,0,-0.007977470755577087,-2.15618634223938,1.7991578578948975,0.030219845473766327,-0.3216007947921753,-0.0074483598582446575,2.762036766704231e-06,-2.251393034411689,1.7999998932782602,0.3755930393323349,52530,0.10010657868957473,0.010017995455812105,-0.007594871594636121,0.8368040143977851,-3.3875201712489017e-06,-0.2999999999808459,1.3088965760000897e-07,0.0,-0.7959999999999998,0.1,0.0,0.15,0.0,3.5049853324890137,52530,nan,0.995977520942688,52742.15421075026,52000,52507.60011835903,52514.65178502877,50,52111.6899283523,nan,nan,nan,0.03317895159125328
25.750157524016686,hold,0,-0.007645655423402786,-2.1610748767852783,1.7990525960922241,0.029095366597175598,-0.3219127655029297,-0.010211692191660404,2.6763851945875764e-06,-2.2574102901185147,1.7999998965877326,0.3771105125968444,52742,0.14014545110407362,0.011009524242348419,-0.007319994477757108,0.6743999838363379,-3.4081096272342354e-06,-0.2999999999806124,1.3168520912674635e-07,0.0,-0.7929999999999998,0.1,0.0,0.15,0.0,3.5049853324890137,52742,nan,0.9773222208023071,53965.82506504644,52000,52517.60011835903,52524.65178502877,50,52111.6899283523,nan,nan,nan,0.03317895159125328
25.77125945701846,hold,0,-0.007357307709753513,-2.165961742401123,1.7990444898605347,0.029095366597175598,-0.3219127655029297,-0.010211692191660404,2.58897099957424e-06,-2.2634901075124056,1.7999998999653108,0.3771280216075004,52745,0.14060743027705414,0.012274462506221391,-0.0076256022993286265,1.4446289860643446,-3.428950900517633e-06,-0.2999999999803746,1.3249049056747837e-07,0.0,-0.7899999999999998,0.1,0.0,0.15,0.0,3.5049853324890137,52745,nan,0.990183413028717,53267.909062086364,52000,52527.60011835903,52534.56188205621,50,52111.6899283523,nan,nan,nan,0.03317895159125328
25.79007592299604,hold,0,-0.00692171324044466,-2.173328399658203,1.7989095449447632,0.025384368374943733,-0.32015928626060486,-0.009513827972114086,2.5025547882162275e-06,-2.269389608114192,1.7999999033043281,0.3769421532298787,52719,0.13570325144798545,0.011653798479582237,-0.006122668335632353,0.6812959909439087,-3.4500486392632595e-06,-0.2999999999801323,1.3330568152161268e-07,0.0,-0.7869999999999998,0.1,0.0,0.15,0.0,3.5049853324890137,52719,nan,1.0114359855651855,52122.92300490068,52000,52522.204423512914,52529.07336369414,50,52111.6899283523,nan,nan,nan,0.03317895159125328
25.8104769460042,hold,0,-0.006707243621349335,-2.1782419681549072,1.7989752292633057,0.02335032820701599,-0.32059338688850403,-0.009227019734680653,2.413418295802515e-06,-2.2754317272087836,1.7999999067484536,0.376720290659971,52688,0.12984935778287365,0.01262851769911792,-0.005274221665466428,0.8737810130696744,-3.4714076067408876e-06,-0.2999999999798855,1.3413096603609745e-07,0.0,-0.7839999999999998,0.1,0.0,0.15,0.0,3.5049853324890137,52688,nan,0.991281270980835,53151.4127648828,52000,52530.59386806451,52537.371222376656,50,52111.6899283523,nan,nan,nan,0.03317895159125328
25.830120038008317,hold,0,-0.006380314473062754,-2.1855697631835938,1.7988463640213013,0.02119058556854725,-0.3202194273471832,-0.007322130724787712,2.3241474664444894e-06,-2.2813900041079123,1.79999991019777,0.3759230008801625,52576,0.1088126881309357,0.011396873057019643,-0.0044843383299455475,0.7272140064742416,-3.4930326849111426e-06,-0.29999999997963417,1.3496653274395104e-07,0.0,-0.7809999999999998,0.1,0.0,0.15,0.0,3.5049853324890137,52576,nan,1.0201598405838013,51537.02185523459,52000,52520.59386806451,52527.371222376656,50,52111.6899283523,nan,nan,nan,0.03317895159125328
25.850559584010625,hold,0,-0.006142895203083754,-2.1904778480529785,1.7988433837890625,0.018604358658194542,-0.3195308446884155,-0.00415129354223609,2.232989117871247e-06,-2.28741385770833,1.7999999137200176,0.37434806413452765,52356,0.06725762887935538,0.013005008836903968,-0.0033752701314551103,1.0650490003172308,-3.514928878145587e-06,-0.29999999997937804,1.358125750080015e-07,0.0,-0.7779999999999998,0.1,0.0,0.15,0.0,3.5049853324890137,52356,nan,1.0313324928283691,50765.39366699941,52000,52510.59386806451,52517.371222376656,50,52111.6899283523,nan,nan,nan,0.03317895159125328
25.87091143100406,hold,0,-0.00606659147888422,-2.1953518390655518,1.7987157106399536,0.01594962365925312,-0.31767237186431885,-0.001223988365381956,2.1399122664486974e-06,-2.2935028863073277,1.7999999173163939,0.3730562298436262,52175,0.03317229138855282,0.015349378701776613,-0.002045643704222,1.0312329977750778,-3.5371013170876124e-06,-0.2999999999791171,1.366692910700667e-07,0.0,-0.7749999999999998,0.1,0.0,0.15,0.0,3.5049853324890137,52175,nan,1.0313324928283691,50589.89255435277,52000,52500.59386806451,52507.371222376656,50,52111.6899283523,nan,nan,nan,0.03317895159125328
25.8907983500103,hold,0,-0.005943337455391884,-2.2002711296081543,1.798793077468872,0.013976076617836952,-0.317455530166626,-0.004217295441776514,2.047479569816628e-06,-2.2994380293108203,1.7999999208878807,0.37446382127643035,52372,0.07031190702982393,0.01649274861576474,-0.0011156574375532635,1.1061400000471622,-3.559555262660381e-06,-0.2999999999788511,1.3753688420581633e-07,0.0,-0.7719999999999998,0.1,0.0,0.15,0.0,3.5049853324890137,52372,nan,0.988605797290802,52975.61489475525,52000,52506.92748175372,52513.6144713417,50,52111.6899283523,nan,nan,nan,0.03317895159125328
25.910190372000216,hold,0,-0.005748172290623188,-2.207552671432495,1.7986758947372437,0.011952821165323257,-0.3161725103855133,-0.002754964167252183,1.953622848018689e-06,-2.305393520711379,1.7999999245143903,0.3738758980206611,52290,0.054799420070212435,0.015786208663229894,-0.00024401232678150642,0.7809429953340441,-3.582296110228402e-06,-0.29999999997858,1.384155628855701e-07,0.0,-0.7689999999999998,0.1,0.0,0.15,0.0,3.5049853324890137,52290,nan,1.0055358409881592,52002.12450767904,52000,52500.19677543273,52506.794605159535,50,52111.6899283523,nan,nan,nan,0.03317895159125328
25.931238693010528,hold,0,-0.005723152309656143,-2.2125017642974854,1.798702597618103,0.010088587179780006,-0.3161725103855133,-0.0028282590210437775,1.8566667735682947e-06,-2.311506479111282,1.7999999282606551,0.3738881948068294,52292,0.055123873531117695,0.01703100937159981,0.0007263270581592263,1.275648013688624,-3.605329393919658e-06,-0.2999999999783036,1.3930554094129955e-07,0.0,-0.7659999999999998,0.1,0.0,0.15,0.0,3.5049853324890137,52292,nan,0.9750396609306335,53630.638932255875,52000,52510.19677543273,52516.794605159535,50,52111.6899283523,nan,nan,nan,0.03317895159125328
25.950938410998788,hold,0,-0.005602522753179073,-2.219970226287842,1.798775553703308,0.008041302673518658,-0.3145389258861542,-0.006925060413777828,1.760620323279203e-06,-2.3174404871796463,1.799999931971773,0.3758286159755329,52563,0.10632232125416508,0.013798102784110759,0.0016835817637785855,1.1226869828533381,-3.5745472259083166e-06,-0.2955261539793198,1.3811615542401566e-07,0.0,-0.7629999999999998,0.1,0.0,0.15,0.0,3.5049853324890137,52563,nan,0.9808933734893799,53586.86420014754,52000,52520.19677543273,52526.794605159535,50,52111.6899283523,nan,nan,nan,0.03317895159125328
25.97035501501523,hold,0,-0.005618549417704344,-2.2248499393463135,1.7986550331115723,0.006239471025764942,-0.3153788149356842,-0.008879685774445534,1.666628311290236e-06,-2.3231029697625405,1.79999993560351,0.3769396138050497,52718,0.13563624815434494,0.009404810662329722,0.0026516065744901507,0.8988550107460469,-3.4891317334453572e-06,-0.2865976589862069,1.3481580472585553e-07,0.0,-0.7599999999999998,0.1,0.0,0.15,0.0,3.5049853324890137,52718,nan,1.0056253671646118,52423.100810036085,52000,52518.90216256078,52525.41202122456,50,52111.6899283523,nan,nan,nan,0.03317895159125328
25.99122815800365,hold,0,-0.005708472337573767,-2.229851007461548,1.7986689805984497,0.004238561261445284,-0.3147503733634949,-0.009478350169956684,1.5731756901942087e-06,-2.3286208599381735,1.7999999392144055,0.37721323732584383,52757,0.14285586611724987,0.00547579663426323,0.0038058823984050694,1.3264949957374483,-3.4009920818155806e-06,-0.2775382568787562,1.3141019583215196e-07,0.0,-0.7569999999999998,0.1,0.0,0.15,0.0,3.5049853324890137,52757,nan,0.9965245127677917,52940.99575480622,52000,52524.53007712406,52530.95313767232,50,52111.6899283523,nan,nan,nan,0.03317895159125328
26.01061134901829,hold,0,-0.005796085111796856,-2.2374227046966553,1.7986912727355957,0.0025088703259825706,-0.315469890832901,-0.008168192580342293,1.4830211536527786e-06,-2.3337713759831376,1.7999999426978672,0.37652853179084367,52661,0.12478975701434436,-0.0022250400885146515,0.004824594912918423,0.9990420076064765,-3.3129816666903463e-06,-0.26858364508029153,1.280095804797334e-07,0.0,-0.7539999999999998,0.1,0.0,0.15,0.0,3.5049853324890137,52661,nan,1.0116252899169922,52055.83581675883,52000,52518.280820319196,52524.61824006014,50,52111.6899283523,nan,nan,nan,0.03317895159125328
26.030705840006704,hold,0,-0.005855454597622156,-2.2424392700195312,1.7986811399459839,0.0006008294294588268,-0.31582143902778625,-0.006212308537214994,1.3945631636583348e-06,-2.3386887914662275,1.7999999461157763,0.3755758785825062,52528,0.0996537884566262,-0.007313157035993577,0.005916093668995259,1.094644976546988,-3.223311401423551e-06,-0.2595895319828116,1.24544830537493e-07,0.0,-0.7509999999999998,0.1,0.0,0.15,0.0,3.5049853324890137,52528,nan,1.02142333984375,51426.277382730805,52000,52508.280820319196,52514.61824006014,50,52111.6899283523,nan,nan,nan,0.03317895159125328
26.050389523006743,hold,0,-0.006088070571422577,-2.2501134872436523,1.7986873388290405,-0.0009787705494090915,-0.3163182735443115,-0.002202999545261264,1.3083066365898913e-06,-2.3433354361275702,1.7999999494486234,0.37360332917510447,52252,0.0476076299499848,-0.01567413024852693,0.007041963248058725,0.8970559865701944,-3.1324585687670613e-06,-0.2505967643816233,1.2103438763022179e-07,0.0,-0.7479999999999998,0.1,0.0,0.15,0.0,3.5049853324890137,52252,nan,1.02142333984375,51156.066208544966,52000,52498.280820319196,52504.61824006014,50,52111.6899283523,nan,nan,nan,0.03317895159125328
26.07020004899823,hold,0,-0.006207671016454697,-2.255211353302002,1.7986403703689575,-0.002727551618590951,-0.317472368478775,-0.0021242944058030844,1.2242984743879018e-06,-2.3477111163897444,1.7999999526945967,0.3736705707812359,52261,0.049381814808333147,-0.021875798977033015,0.00810471511725619,0.7612209883518517,-3.040404198243151e-06,-0.2416057328821459,1.1747751876174303e-07,0.0,-0.7449999999999998,0.1,0.0,0.15,0.0,3.5049853324890137,52261,nan,1.0029805898666382,52105.69429558842,52000,52493.04633332278,52499.299254133846,50,52111.6899283523,nan,nan,nan,0.03317895159125328
26.090558552998118,hold,0,-0.0063990638591349125,-2.262817621231079,1.7985345125198364,-0.004065637942403555,-0.3188880681991577,-0.0015040813013911247,1.1417276198510334e-06,-2.351883457750333,1.799999955885034,0.37358935636919344,52250,0.04723895433227909,-0.03117797355896445,0.009027736934474673,0.7541369996033609,-2.946021233460408e-06,-0.23252940748526502,1.1383067584445572e-07,0.0,-0.7419999999999998,0.1,0.0,0.15,0.0,3.5049853324890137,52250,nan,0.9987704753875732,52314.32174616933,52000,52490.663338827406,52496.832887360986,50,52111.6899283523,nan,nan,nan,0.03317895159125328
26.11029045601026,hold,0,-0.006600822322070599,-2.2679800987243652,1.7985419034957886,-0.0048239571042358875,-0.3196695148944855,-0.0028434013947844505,1.0629831500939443e-06,-2.355667475566541,1.7999999589276245,0.3743389000908032,52355,0.06701583353042473,-0.03777814427140398,0.009630393226195855,0.8194990223273635,-2.8522969423096984e-06,-0.22360571248515895,1.1020928327485896e-07,0.0,-0.7389999999999998,0.1,0.0,0.15,0.0,3.5049853324890137,52355,nan,0.9987704753875732,52419.45100518077,52000,52489.71384104545,52495.80112893192,50,52111.6899283523,nan,nan,nan,0.03317895159125328
26.13126693799859,hold,0,-0.006809322629123926,-2.2757129669189453,1.798519253730774,-0.0053479732014238834,-0.31850433349609375,0.00041229045018553734,9.844532996917622e-07,-2.3593505232710865,1.7999999619619225,0.37287984020420667,52151,0.02851821119278597,-0.04656353555945139,0.010172799980094904,0.9469240030739456,-2.7543311068984428e-06,-0.21445205998904107,1.0642400259599863e-07,0.0,-0.7359999999999998,0.1,0.0,0.15,0.0,3.5049853324890137,52151,nan,1.0097839832305908,51645.69934368921,52000,52479.71384104545,52485.80112893192,50,52111.6899283523,nan,nan,nan,0.03317895159125328
26.150556095992215,hold,0,-0.007059488445520401,-2.2808127403259277,1.7984168529510498,-0.0052625518292188644,-0.3171384930610657,0.0015228354604914784,9.109309095869305e-07,-2.362562339293745,1.799999964802738,0.37256746714719213,52107,0.020276178026175984,-0.052667651608361926,0.010404043993232248,0.9390840132255107,-2.6586342899294954e-06,-0.20557868668762214,1.0272639402888618e-07,0.0,-0.7329999999999998,0.1,0.0,0.15,0.0,3.5049853324890137,52107,nan,1.0097839832305908,51602.125667803375,52000,52469.71384104545,52475.80112893192,50,52111.6899283523,nan,nan,nan,0.03317895159125328
26.171130380011164,hold,0,-0.007296403404325247,-2.285943031311035,1.7983709573745728,-0.00530643155798316,-0.31461530923843384,-0.0002221470494987443,8.383380759995254e-07,-2.3656241027456204,1.7999999676076368,0.3736167099966722,52254,0.04796068592802527,-0.058234548432763905,0.010651949677875194,1.2814090005122125,-2.5593705549336807e-06,-0.19653380968510614,9.889096408931768e-08,0.0,-0.7299999999999998,0.1,0.0,0.15,0.0,3.5049853324890137,52254,nan,0.9899485111236572,52784.56345238425,52000,52473.911835863306,52479.91795991129,50,52111.6899283523,nan,nan,nan,0.03317895159125328
26.190584927011514,hold,0,-0.007477383594959974,-2.293606996536255,1.7983907461166382,-0.005332217551767826,-0.31114161014556885,-0.0053568631410598755,7.688812432784801e-07,-2.3683690534751145,1.7999999702913643,0.37634713647949486,52636,0.12000360104207886,-0.06597911817366708,0.010780714854807805,0.8895020000636578,-2.4596393872614244e-06,-0.18755950498947174,9.503747311988736e-08,0.0,-0.7269999999999998,0.1,0.0,0.15,0.0,3.5049853324890137,52636,nan,0.9943608641624451,52934.50486341853,52000,52480.05307623072,52485.97911862472,50,52111.6899283523,nan,nan,nan,0.03317895159125328
26.210535060992697,hold,0,-0.0077341520227491856,-2.298626661300659,1.7983120679855347,-0.0051788524724543095,-0.3075534701347351,-0.005210248287767172,7.019299095156626e-07,-2.3708499664748253,1.7999999728782825,0.37651844479226715,52660,0.12452360929464668,-0.07152476123701096,0.010967120547818787,0.9293300099670887,-2.358400737800205e-06,-0.17857777048757592,9.112573488838304e-08,0.0,-0.7239999999999998,0.1,0.0,0.15,0.0,3.5049853324890137,52660,nan,0.9905052185058594,53164.788045675996,52000,52489.18287582332,52495.02990431873,50,52111.6899283523,nan,nan,nan,0.03317895159125328
26.23015797001426,hold,0,-0.008052940480411053,-2.306088924407959,1.7981209754943848,-0.005155040882527828,-0.3020262122154236,-0.006804983597248793,6.377263461469766e-07,-2.3730526480884375,1.79999997535903,0.3777643990315866,52834,0.15739839133473765,-0.07869933597035642,0.011255899358891375,0.746708014048636,-2.2559406563794275e-06,-0.16961253239186935,8.716680201215746e-08,0.0,-0.7209999999999998,0.1,0.0,0.15,0.0,3.5049853324890137,52834,nan,0.9782270789146423,54009.954476643725,52000,52499.18287582332,52505.02990431873,50,52111.6899283523,nan,nan,nan,0.03317895159125328
26.250169244012795,hold,0,-0.008183429017663002,-2.3109335899353027,1.7980588674545288,-0.004735300783067942,-0.2968330681324005,-0.01038565207272768,5.759637710402477e-07,-2.3750044098890655,1.7999999777454607,0.3797829267825676,53116,0.21065769874848428,-0.0833469901927305,0.01111244975080683,0.7546129927504808,-2.151586619122888e-06,-0.1606155473926367,8.313468898693779e-08,0.0,-0.7179999999999997,0.1,0.0,0.15,0.0,3.5049853324890137,53116,nan,1.0057916641235352,52810.14139870232,52000,52503.32898946171,52509.09805757718,50,52111.6899283523,nan,nan,nan,0.03317895159125328
26.271268554002745,hold,0,-0.008397821336984634,-2.3157639503479004,1.7979469299316406,-0.0042104399763047695,-0.28952494263648987,-0.00977810937911272,5.161827886821572e-07,-2.3767432178201555,1.7999999800553252,0.3797578156272472,53113,0.20999513528356673,-0.08757319332202348,0.011062576403086721,1.3374420232139528,-2.0442072565744416e-06,-0.15150600419061885,7.898568107354975e-08,0.0,-0.7149999999999997,0.1,0.0,0.15,0.0,3.5049853324890137,53113,nan,0.9972999691963196,53256.79498697011,52000,52513.32898946171,52519.06734996909,50,52111.6899283523,nan,nan,nan,0.03317895159125328
26.291296812996734,hold,0,-0.008571802638471127,-2.3226912021636963,1.797795295715332,-0.0029874530155211687,-0.2813413441181183,-0.01071005966514349,4.596209675790107e-07,-2.3781811924491225,1.799999982240805,0.3806253924259413,53234,0.23288634369238181,-0.09362699062280391,0.010577548084559796,0.9062259923666716,-1.935959700542052e-06,-0.14244747989572634,7.480312722032982e-08,0.0,-0.7119999999999997,0.1,0.0,0.15,0.0,3.5049853324890137,53234,nan,1.0043622255325317,53002.789876704424,52000,52519.85513462495,52525.5169836589,50,52111.6899283523,nan,nan,nan,0.03317895159125328
26.31069015400135,hold,0,-0.008841438218951225,-2.327209234237671,1.797600507736206,-0.0018244765233248472,-0.2707439959049225,-0.010802757926285267,4.069061978747002e-07,-2.3792776366493764,1.7999999842776397,0.3810126582578712,53288,0.24310443952166594,-0.09624768359181052,0.010239386536360806,0.9471140219829977,-1.8282191789281063e-06,-0.13354182119730848,7.064016456009671e-08,0.0,-0.7089999999999997,0.1,0.0,0.15,0.0,3.5049853324890137,53288,nan,0.9942034482955933,53598.68756375163,52000,52529.85513462495,52535.5169836589,50,52111.6899283523,nan,nan,nan,0.03317895159125328
26.331145253003342,hold,0,-0.008914799429476261,-2.331543445587158,1.7975457906723022,-0.0005083039868623018,-0.259784460067749,-0.010142149403691292,3.565145445014775e-07,-2.380149225304666,1.7999999862247118,0.38084889460076493,53265,0.2387834987009203,-0.09890933512334688,0.009629636298201127,1.2897840060759336,-1.7175765263571968e-06,-0.12454101659982045,6.636506709089878e-08,0.0,-0.7059999999999997,0.1,0.0,0.15,0.0,3.5049853324890137,53265,nan,1.0188989639282227,52277.018512850605,52000,52526.483979667966,52532.070337381454,50,52111.6899283523,nan,nan,nan,0.03317895159125328
26.350860614998965,hold,0,-0.009038383141160011,-2.3378524780273438,1.7974790334701538,0.0005988515913486481,-0.24719655513763428,-0.0067193820141255856,3.09236405712537e-07,-2.380742798474419,1.7999999880514816,0.37938825875821014,53061,0.20024429441187586,-0.10343653123688559,0.009213345138323836,1.2408109905663878,-1.6055763518283269e-06,-0.11556089699396996,6.20375166250309e-08,0.0,-0.7029999999999997,0.1,0.0,0.15,0.0,3.5049853324890137,53061,nan,1.0118860006332397,52437.72516547748,52000,52525.30052881209,52530.81240175607,50,52111.6899283523,nan,nan,nan,0.03317895159125328
26.3707372630015,hold,0,-0.009190671145915985,-2.3418378829956055,1.7973119020462036,0.002033521421253681,-0.23398004472255707,-0.0035284426994621754,2.649130516471584e-07,-2.3810746931563687,1.7999999897640822,0.3780744054285983,52877,0.1655779796463932,-0.1054407730353388,0.008647537406484718,1.0306900076102465,-1.4916176576370283e-06,-0.1065607061963183,5.763429134246556e-08,0.0,-0.6999999999999997,0.1,0.0,0.15,0.0,3.4944281578063965,52877,nan,1.0118860006332397,52255.886499970846,52000,52521.708341760874,52527.1467230656,50,51993.227871238654,nan,nan,nan,0.03317895159125328
26.390093324996997,hold,0,-0.009283995255827904,-2.3474791049957275,1.7972407341003418,0.0033053848892450333,-0.21964016556739807,-0.0017185634933412075,2.2399983127175847e-07,-2.381117365595744,1.7999999913449192,0.3773879925314554,52781,0.14746682141043088,-0.10872349830085565,0.00808814458943119,0.7195299840532243,-1.3767720691385338e-06,-0.0976195709967914,5.319679754301242e-08,0.0,-0.6969999999999997,0.1,0.0,0.15,0.0,3.4944281578063965,52781,nan,1.010322093963623,52241.75568895398,52000,52517.97563972345,52523.341509277445,50,51993.227871238654,nan,nan,nan,0.03317895159125328
26.41020628201659,hold,0,-0.009361074306070805,-2.3510820865631104,1.7972389459609985,0.004768447484821081,-0.20507022738456726,-0.00033597485162317753,1.8594000063409864e-07,-2.380915467147408,1.7999999928155046,0.3767486466721094,52692,0.13059753752267333,-0.11000572577335443,0.007407029376045315,0.7322060118895024,-1.2591264361007295e-06,-0.08860428720301486,4.865111342955741e-08,0.0,-0.6939999999999997,0.1,0.0,0.15,0.0,3.4944281578063965,52692,nan,0.9973809719085693,52830.36420794111,52000,52522.14082063302,52527.43514525963,50,51993.227871238654,nan,nan,nan,0.03317895159125328
26.43070935201831,hold,0,-0.009488096460700035,-2.3560025691986084,1.797109603881836,0.005715983919799328,-0.18951775133609772,-0.0004312199307605624,1.5127158388782656e-07,-2.380436004962578,1.7999999941550502,0.3770524796873905,52734,0.13861423977283494,-0.11217818995323989,0.007033228284240911,0.864296976942569,-1.1400368385019599e-06,-0.07961405040440737,4.40496362824327e-08,0.0,-0.6909999999999997,0.1,0.0,0.15,0.0,3.4944281578063965,52734,nan,1.015660285949707,51920.903799729014,52000,52514.12432702097,52519.348060652555,50,51993.227871238654,nan,nan,nan,0.03317895159125328
26.450067900004797,hold,0,-0.009510429576039314,-2.3590610027313232,1.7971361875534058,0.006578745320439339,-0.17389024794101715,-0.0007338942377828062,1.199386279148777e-07,-2.379688300001545,1.7999999953657173,0.37719355571703617,52754,0.1423365624547781,-0.1126586536660382,0.00659683853119164,0.6831609935034066,-1.019036574568407e-06,-0.07061883600390104,3.937433331296449e-08,0.0,-0.6879999999999997,0.1,0.0,0.15,0.0,3.4944281578063965,52754,nan,0.9879615306854248,53396.815930070166,52000,52524.12432702097,52529.348060652555,50,51993.227871238654,nan,nan,nan,0.03317895159125328
26.47074647899717,hold,0,-0.009587381035089493,-2.36318039894104,1.797083854675293,0.007357156369835138,-0.15773999691009521,-0.0023128909524530172,9.186688337438958e-08,-2.3786828116124936,1.7999999964503755,0.37811638630188443,52883,0.1666856544032811,-0.11406071604005687,0.006250441132863216,0.8128840127028525,-8.953084717564783e-07,-0.061565518206991146,3.4593629968375575e-08,0.0,-0.6849999999999997,0.1,0.0,0.15,0.0,3.4944281578063965,52883,nan,0.9879615306854248,53527.387815708775,52000,52534.12432702097,52539.348060652555,50,51993.227871238654,nan,nan,nan,0.03317895159125328
26.490643249999266,hold,0,-0.009587683714926243,-2.364521026611328,1.7970625162124634,0.007357156369835138,-0.15773999691009521,-0.0023128909524530172,6.752863167634817e-08,-2.3773925506872433,1.7999999973907759,0.37848070967006925,52934,0.1762984081812462,-0.12153271681617986,0.006244784485483379,1.0283929877914488,-7.706076070563648e-07,-0.05257822350887707,2.9775340288050117e-08,0.0,-0.6819999999999997,0.1,0.0,0.15,0.0,3.4944281578063965,52934,nan,0.9854199886322021,53717.19734797979,52000,52544.12432702097,52549.348060652555,50,51993.227871238654,nan,nan,nan,0.03317895159125328
26.509963235002942,hold,0,-0.009722968563437462,-2.368037700653076,1.7969691753387451,0.007867592386901379,-0.14093242585659027,-0.006300804205238819,4.6848180462974645e-08,-2.3758286336747965,1.7999999981898434,0.38063452109031354,53235,0.23312720554916844,-0.12206459302853348,0.006083455295408102,0.6215930043254048,-6.443845928755785e-07,-0.043621322709280076,2.4898236603890153e-08,0.0,-0.6789999999999997,0.1,0.0,0.15,0.0,3.4944281578063965,53235,nan,0.9875695705413818,53905.06308412964,52000,52554.12432702097,52559.348060652555,50,51993.227871238654,nan,nan,nan,0.03317895159125328
26.530402475997107,hold,0,-0.009582750499248505,-2.370042085647583,1.797011375427246,0.008696533739566803,-0.12264043092727661,-0.007748393341898918,2.969613078434409e-08,-2.3740056219454537,1.7999999988525777,0.3812632912027922,53323,0.24971744598396128,-0.12101199023998352,0.00549151435893469,0.8621859888080508,-5.15076515513865e-07,-0.034592294410573335,1.9901929832217043e-08,0.0,-0.6759999999999997,0.1,0.0,0.15,0.0,3.4944281578063965,53323,nan,0.9944598078727722,53620.065464548126,52000,52564.12432702097,52569.348060652555,50,51993.227871238654,nan,nan,nan,0.03317895159125328
26.550511123990873,hold,0,-0.009543860331177711,-2.372728109359741,1.7969998121261597,0.010269129648804665,-0.08388283848762512,-0.007904509082436562,1.639597855980321e-08,-2.3719076260486216,1.7999999993664795,0.3808900097647715,53271,0.2398683315243133,-0.11045301463096557,0.004630350404768224,0.9884210012387484,-3.84261876437456e-07,-0.02560125721025947,1.4847411349020134e-08,0.0,-0.6729999999999997,0.1,0.0,0.15,0.0,3.4944281578063965,53271,nan,1.0161221027374268,52425.78609055767,52000,52562.27981720146,52567.43390105129,50,51993.227871238654,nan,nan,nan,0.03317895159125328
26.57119000001694,hold,0,-0.009540430270135403,-2.3748555183410645,1.7969900369644165,0.01088437158614397,-0.06445556879043579,-0.008092436008155346,6.805887949414192e-09,-2.369550202377738,1.7999999997370288,0.38096975803706584,53282,0.241972507574296,-0.10975128222314948,0.004302850351175724,1.076424989150837,-2.485717914101599e-07,-0.01642798141339524,9.604511566554478e-09,0.0,-0.6699999999999997,0.1,0.0,0.15,0.0,3.4944281578063965,53282,nan,1.0161221027374268,52436.61156120767,52000,52560.60424045488,52565.689603186715,50,51993.227871238654,nan,nan,nan,0.03317895159125328
26.590699473017594,landing,0,-0.009526249021291733,-2.375905990600586,1.7969622611999512,0.011686345562338829,-0.044634539633989334,-0.009995369240641594,6.805660943182546e-09,-2.366493514919789,1.7999432972763645,0.37898698046546025,53005,0.18965647666121832,-0.11625083671952544,0.0038873022017986703,1.0795299895107746,-2.5351756483868664e-11,0.006330780521665617,-0.006332456005188793,0.0,-0.6669999999999997,0.1,0.0,0.15,0.0,3.4944281578063965,53005,nan,0.9941492080688477,53316.94635955416,52000,52570.60424045488,52575.689603186715,50,51993.227871238654,nan,nan,nan,0.03317895159125328
26.610988800995983,landing,0,-0.009560499340295792,-2.3767623901367188,1.7969192266464233,0.012496376410126686,-0.024053335189819336,-0.009428302757441998,6.8048654270701064e-09,-2.3632948605223114,1.7997445903036682,0.3748607341279305,52428,0.08078454163404736,-0.11465398961559206,0.003534459075718477,1.2244719837326556,-5.380536332956402e-11,0.013436147761386411,-0.013439703728002553,0.0,-0.6639999999999997,0.1,0.0,0.15,0.0,3.4944281578063965,52428,nan,0.9941492080688477,52736.55058463741,52000,52572.816858377315,52577.83441627272,50,51993.227871238654,nan,nan,nan,0.03317895159125328
26.630314569018083,landing,0,-0.009503030218183994,-2.37752103805542,1.7969416379928589,0.012813543900847435,-0.003617718815803528,-0.007370524108409882,6.803521854895973e-09,-2.3599593468645153,1.7994089878499324,0.369797269808666,51720,-0.05281610003519965,-0.1133755461388153,0.0033491548711022112,0.8337649924214929,-8.184746061160326e-11,0.020438753808535364,-0.020444163061805676,0.0,-0.6609999999999997,0.1,0.0,0.15,0.0,3.4944281578063965,51720,nan,1.0066252946853638,51379.595042031884,52000,52562.816858377315,52567.83441627272,50,51993.227871238654,nan,nan,nan,0.03317895159125328
26.650629811018007,landing,0,-0.009453642182052135,-2.3776965141296387,1.7969317436218262,0.013279150240123272,0.01675729639828205,-0.0064902822487056255,6.801584577440509e-09,-2.356475574531505,1.7989250874833298,0.3650985983987365,51062,-0.17679159897793006,-0.11157088870689175,0.0030830885452837187,0.9160389890894294,-1.1038081807728986e-10,0.027564036183996457,-0.027571331191033974,0.0,-0.6579999999999997,0.1,0.0,0.15,0.0,3.4944281578063965,51062,nan,1.0177541971206665,50171.249742285276,52000,52552.816858377315,52557.83441627272,50,51993.227871238654,nan,nan,nan,0.03317895159125328
26.670263328996953,landing,0,-0.009419562295079231,-2.377676486968994,1.7969661951065063,0.013065782375633717,0.036331191658973694,-0.003879410680383444,6.799110353342431e-09,-2.352857717155969,1.7983070665876955,0.35938025926256767,50263,-0.3276712595628588,-0.11035758066300809,0.0032129564485394724,0.7870779954828322,-1.3852463231795002e-10,0.03459204274888744,-0.03460119776499651,0.0,-0.6549999999999997,0.1,0.0,0.15,0.0,3.4944281578063965,50263,nan,1.0105445384979248,49738.53015396136,52000,52542.816858377315,52547.83441627272,50,51993.227871238654,nan,nan,nan,0.03317895159125328
26.690339869004674,landing,0,-0.009284732863307,-2.3771142959594727,1.7970085144042969,0.013048076070845127,0.056109361350536346,-0.0025316663086414337,6.796066245042194e-09,-2.3490975496486306,1.7975466978969286,0.3540703445674367,49520,-0.46777454967185683,-0.1084207790868878,0.0031188220742193185,0.9116669825743884,-1.6675643188787976e-10,0.04164202080159572,-0.04165304164167794,0.0,-0.6519999999999997,0.1,0.0,0.15,0.0,3.4944281578063965,49520,nan,1.0105445384979248,49003.28299592477,52000,52532.816858377315,52537.83441627272,50,51993.227871238654,nan,nan,nan,0.03317895159125328
26.710419076000107,landing,0,-0.009269841946661472,-2.3764123916625977,1.7969882488250732,0.012895344756543636,0.0757385641336441,-0.0054994081147015095,6.792436447602541e-09,-2.3451911252380313,1.79664003359503,0.3507865683464779,49061,-0.5544177217288162,-0.10592493570468633,0.0032181176694048297,0.9056699927896261,-1.9515269455190042e-10,0.048733068188228305,-0.048745965721558336,0.0,-0.6489999999999997,0.1,0.0,0.15,0.0,3.4944281578063965,49061,nan,0.9820764660835266,49956.395142684654,52000,52522.816858377315,52527.83441627272,50,51993.227871238654,nan,nan,nan,0.03317895159125328
26.732341541006463,landing,0,-0.00918916892260313,-2.3750245571136475,1.7968616485595703,0.012579192407429218,0.09566348046064377,-0.005284939892590046,6.7882310042574715e-09,-2.341140951896753,1.7955895823183339,0.34584193521572865,48369,-0.6848829758382955,-0.10308404444633819,0.0033536532564002464,0.8231280080508441,-2.235872060069608e-10,0.05583366697227375,-0.055848443726692974,0.0,-0.6459999999999997,0.1,0.0,0.15,0.0,3.4944281578063965,48369,nan,0.9833051562309265,49190.22308944414,52000,52512.816858377315,52517.83441627272,50,51993.227871238654,nan,nan,nan,0.03317895159125328
26.750710544001777,landing,0,-0.009154662489891052,-2.3736889362335205,1.7966691255569458,0.011848515830934048,0.1139417216181755,-0.010658586397767067,6.783461539134916e-09,-2.3369499323744627,1.7943982475847393,0.343631807632654,48060,-0.7431976877927724,-0.10054523656493078,0.003760325759354588,1.0114680044353008,-2.5198172602948596e-10,0.06292427919060377,-0.06294093252310061,0.0,-0.6429999999999997,0.1,0.0,0.15,0.0,3.4944281578063965,48060,nan,0.9833051562309265,48875.976796681454,52000,52502.816858377315,52507.83441627272,50,51993.227871238654,nan,nan,nan,0.03317895159125328
26.77952138299588,landing,0,-0.009293298237025738,-2.3714230060577393,1.7961972951889038,0.011848515830934048,0.1139417216181755,-0.010658586397767067,6.7780295391147365e-09,-2.332593466208368,1.7930414224207765,0.3391813219171854,47438,-0.8606247515254513,-0.10862207360513151,0.003973161970252548,1.3060460041742772,-2.808454098282485e-10,0.07013204987477677,-0.07015061079212492,0.0,-0.6399999999999997,0.1,0.0,0.15,0.0,3.526099681854248,47438,nan,0.9796764850616455,48422.10742356952,52000,52492.816858377315,52497.83441627272,50,52348.6140425796,nan,nan,nan,0.03317895159125328
26.808883466001134,landing,0,-0.009364355355501175,-2.370506763458252,1.795951008796692,0.011473790742456913,0.13286323845386505,-0.01597655564546585,6.770636428041656e-09,-2.3277472760398186,1.7911947436456177,0.33542694395557215,46912,-0.9596848560535065,-0.108461679756958,0.004325803845576681,0.9117099980358034,-3.1592071041821103e-10,0.07889097077667934,-0.07891184980118691,0.0,-0.6369999999999997,0.1,0.0,0.15,0.0,3.526099681854248,46912,nan,0.9803668260574341,47851.47635876012,52000,52482.816858377315,52487.83441627272,50,52348.6140425796,nan,nan,nan,0.03317895159125328
26.814209585019853,landing,0,-0.009248022921383381,-2.3695225715637207,1.7957696914672852,0.01126298401504755,0.15125662088394165,-0.02423619106411934,6.764857497045159e-09,-2.3233041750928702,1.7897512607723256,0.33475262486117174,46818,-0.977476916591776,-0.105523632546147,0.004321458290340585,1.1015349882654846,-3.4083353387903723e-10,0.08511214198451451,-0.08513466748370527,0.0,-0.6339999999999997,0.1,0.0,0.15,0.0,3.526099681854248,46818,nan,0.9803668260574341,47755.593881404144,52000,52472.816858377315,52477.83441627272,50,52348.6140425796,nan,nan,nan,0.03317895159125328
26.836793230992043,landing,0,-0.009299011901021004,-2.366267442703247,1.7948291301727295,0.012169449590146542,0.18666309118270874,-0.047342441976070404,6.757256906819361e-09,-2.318406173722225,1.7878527570828884,0.3408168926309009,47666,-0.8174698514274183,-0.08915186316913268,0.00377246711794732,0.7981639937497675,-3.710615506443165e-10,0.09266061066233484,-0.09268513391438589,0.0,-0.6309999999999997,0.1,0.0,0.15,0.0,3.526099681854248,47666,nan,0.9247310161590576,51545.79998623216,52000,52462.816858377315,52467.83441627272,50,52348.6140425796,nan,nan,nan,0.03317895159125328
26.8503894660098,landing,0,-0.009183794260025024,-2.3611953258514404,1.7931405305862427,0.01174731645733118,0.19890594482421875,-0.06116042286157608,6.751198428963875e-09,-2.3138932649964388,1.7863394479556614,0.34498641573667616,48249,-0.7074560491642181,-0.08355690392348082,0.0038380070187047366,0.7908880070317537,-3.934968159435497e-10,0.09826309192019804,-0.09828909790648767,0.0,-0.6279999999999997,0.1,0.0,0.15,0.0,3.526099681854248,48249,nan,0.934151291847229,51650.09182248247,52000,52452.816858377315,52457.83441627272,50,52348.6140425796,nan,nan,nan,0.03317895159125328
26.87112413701834,landing,0,-0.009107273072004318,-2.356851577758789,1.7914873361587524,0.012041169218719006,0.21579362452030182,-0.07512014359235764,6.7429346554933125e-09,-2.3088296550782785,1.7842752918892966,0.3477194410282978,48632,-0.6353445638971564,-0.07811765364361987,0.0035507954017430787,0.8539050177205354,-4.2218071811382977e-10,0.1054259679623578,-0.10545386965183065,0.0,-0.6249999999999997,0.1,0.0,0.15,0.0,3.526099681854248,48632,nan,0.944339394569397,51498.43401606197,52000,52442.816858377315,52447.83441627272,50,52348.6140425796,nan,nan,nan,0.03317895159125328
26.89004768599989,landing,0,-0.009152155369520187,-2.3536758422851562,1.7900853157043457,0.012834378518164158,0.2337854653596878,-0.09009517729282379,6.734408504940307e-09,-2.3037005249771707,1.7821455982996284,0.3507142702413088,49051,-0.5563253234483181,-0.07334727168444258,0.0031193222372509766,0.6445019971579313,-4.498624552461741e-10,0.11233858572731709,-0.11236831688744174,0.0,-0.6219999999999997,0.1,0.0,0.15,0.0,3.526099681854248,49051,nan,0.930138885974884,52735.135300347494,52000,52446.71443760359,52451.665094727054,50,52348.6140425796,nan,nan,nan,0.03317895159125328
26.910939932015026,landing,0,-0.009057290852069855,-2.350242853164673,1.7884825468063354,0.013877787627279758,0.2519863545894623,-0.10693831741809845,6.725071826380083e-09,-2.2983689917438133,1.7798134480103642,0.35454474220516513,49586,-0.455257461605143,-0.06842955781592297,0.002390000796980818,1.2903939932584763,-4.783416211634044e-10,0.11945033551778257,-0.11948194885018507,0.0,-0.6189999999999997,0.1,0.0,0.15,0.0,3.526099681854248,49586,nan,0.930138885974884,53310.31821987382,52000,52456.71443760359,52461.665094727054,50,52348.6140425796,nan,nan,nan,0.03317895159125328
26.93036476400448,landing,0,-0.008960030972957611,-2.346665859222412,1.786853313446045,0.014520340599119663,0.26931482553482056,-0.11757390201091766,6.71522109977399e-09,-2.2929090916512185,1.7773528968887125,0.3551893087289262,49676,-0.43825042931593394,-0.06464150445961302,0.0019143235809730985,0.828799995360896,-5.066562773068071e-10,0.1265210043175706,-0.12655448894989124,0.0,-0.6159999999999997,0.1,0.0,0.15,0.0,3.526099681854248,49676,nan,0.9404776096343994,52819.97092871888,52000,52461.557857485124,52466.44250584695,50,52348.6140425796,nan,nan,nan,0.03317895159125328
26.950652917003026,landing,0,-0.008925111964344978,-2.3408725261688232,1.7839511632919312,0.015248328447341919,0.28568097949028015,-0.1300036460161209,6.70480454155182e-09,-2.2873078934290096,1.7747510102419488,0.358108841227599,50085,-0.3612179095620327,-0.058697281723333605,0.0014531388070577744,1.0323830065317452,-5.349695984839065e-10,0.13359133975273846,-0.13362669559675003,0.0,-0.6129999999999997,0.1,0.0,0.15,0.0,3.526099681854248,50085,nan,0.9183712601661682,54536.76761502502,52000,52471.557857485124,52476.44250584695,50,52348.6140425796,nan,nan,nan,0.03317895159125328
26.9711123490124,landing,0,-0.008844810537993908,-2.3368120193481445,1.781762957572937,0.015865033492445946,0.3007773458957672,-0.14467529952526093,6.693719440336006e-09,-2.2815397482355033,1.771982132440252,0.36108372688653373,50501,-0.2827248842603254,-0.055690712214792756,0.0010106247289347614,1.2821400014217943,-5.635398584854963e-10,0.14072583734197158,-0.14076308137861854,0.0,-0.6099999999999997,0.1,0.0,0.15,0.0,3.515542507171631,50501,nan,0.957520604133606,52741.42382105172,52000,52475.15607033268,52479.97559004968,50,52230.15198546595,nan,nan,nan,0.03317895159125328
26.990569051005878,landing,0,-0.008712354116141796,-2.3304555416107178,1.7783355712890625,0.015623843297362328,0.30673813819885254,-0.1488984227180481,6.6822236211147505e-09,-2.2756690395154653,1.7691106639678988,0.36036458474917077,50400,-0.30169961083982244,-0.05585926867113525,0.0009994755776241426,0.8814150060061365,-5.917133753350073e-10,0.14776126117192165,-0.1478003671806691,0.0,-0.6069999999999997,0.1,0.0,0.15,0.0,3.515542507171631,50400,nan,0.9534928798675537,52858.286689042594,52000,52480.264478582154,52485.01973803626,50,52230.15198546595,nan,nan,nan,0.03317895159125328
27.010913436999545,landing,0,-0.008623682893812656,-2.325993537902832,1.7758238315582275,0.016361389309167862,0.32063886523246765,-0.15600168704986572,6.670151417217683e-09,-2.2696543973807572,1.7660952239879317,0.35971339003519903,50309,-0.3188815294142753,-0.05387173034327755,0.0004926084261607233,1.2824140139855444,-6.199227004452215e-10,0.15480562695583536,-0.15484659730323141,0.0,-0.6039999999999996,0.1,0.0,0.15,0.0,3.515542507171631,50309,nan,0.9759812355041504,51547.09759764234,52000,52470.264478582154,52475.01973803626,50,52230.15198546595,nan,nan,nan,0.03317895159125328
27.03123394100112,landing,0,-0.008551944978535175,-2.321335554122925,1.7732182741165161,0.016988901421427727,0.3379831314086914,-0.16428031027317047,6.6573689264178e-09,-2.263462384084725,1.7629023659041736,0.3594707322735253,50275,-0.32528410887796255,-0.049924097520080535,6.398362463388985e-05,1.338945992756635,-6.484555426622015e-10,0.16193078066461106,-0.16197363673172183,0.0,-0.6009999999999996,0.1,0.0,0.15,0.0,3.515542507171631,50275,nan,0.9441676735877991,53247.95733469356,52000,52480.264478582154,52485.01973803626,50,52230.15198546595,nan,nan,nan,0.03317895159125328
27.050582491996465,landing,0,-0.008432375267148018,-2.314127206802368,1.7691088914871216,0.01674622669816017,0.3417118787765503,-0.1692601591348648,6.6442375244746e-09,-2.2571832415252313,1.7596223554976096,0.3594977231514534,50279,-0.32457194851046545,-0.050711252768077,6.594559049921678e-05,0.980202981736511,-6.765152489169295e-10,0.16893778398267,-0.1689824945002022,0.0,-0.5979999999999996,0.1,0.0,0.15,0.0,3.515542507171631,50279,nan,0.9441676735877991,53252.19387033431,52000,52490.264478582154,52495.01973803626,50,52230.15198546595,nan,nan,nan,0.03317895159125328
27.071581780997803,landing,0,-0.008264783769845963,-2.309196710586548,1.7662875652313232,0.016624925658106804,0.3513001501560211,-0.18057914078235626,6.630090292914095e-09,-2.250650428402175,1.7560886073918671,0.3606440036625179,50439,-0.29432708014464737,-0.05102404919768935,-5.287516931273828e-05,1.4238579897210002,-7.054978678638591e-10,0.17617525487005523,-0.17622188083279672,0.0,-0.5949999999999996,0.1,0.0,0.15,0.0,3.515542507171631,50439,nan,0.940072774887085,53654.356713030415,52000,52500.264478582154,52505.01973803626,50,52230.15198546595,nan,nan,nan,0.03317895159125328
27.09057955001481,landing,0,-0.008140279911458492,-2.3015401363372803,1.761754035949707,0.01588374190032482,0.36277034878730774,-0.19807842373847961,6.615978883446507e-09,-2.24412656068723,1.752563807061698,0.36710328241266227,51343,-0.12389756167118193,-0.046415840151099216,0.00021619551956408856,0.8915890066418797,-7.332667862227219e-10,0.18310964332419927,-0.18315810451935144,0.0,-0.5919999999999996,0.1,0.0,0.15,0.0,3.515542507171631,51343,nan,0.940072774887085,54615.984391386046,52000,52510.264478582154,52515.01973803626,50,52230.15198546595,nan,nan,nan,0.03317895159125328
27.11102033199859,landing,0,-0.008022507652640343,-2.296374559402466,1.7586721181869507,0.015325084328651428,0.36550596356391907,-0.2028672844171524,6.601036201465546e-09,-2.237395109571142,1.7488313683920473,0.36521488307960326,51079,-0.17372340159358224,-0.05074810039928039,0.00039425744630872117,1.2724270054604858,-7.615685516724322e-10,0.19017709309052147,-0.19022742473365298,0.0,-0.5889999999999996,0.1,0.0,0.15,0.0,3.515542507171631,51079,nan,0.9866896867752075,51768.04894651449,52000,52500.368271487925,52505.06012748264,50,52230.15198546595,nan,nan,nan,0.03317895159125328
27.132617024995852,landing,0,-0.0077990079298615456,-2.288360595703125,1.7539207935333252,0.014695730991661549,0.37198641896247864,-0.20764519274234772,6.5850068733432185e-09,-2.2303923037570046,1.7448275032085059,0.36486621832005933,51030,-0.18292299947073154,-0.05013672799945917,0.0004945907506666014,1.1556989920791239,-7.908032028803053e-10,0.19747750087655616,-0.19752976462156935,0.0,-0.5859999999999996,0.1,0.0,0.15,0.0,3.515542507171631,51030,nan,0.9866896867752075,51718.387943002694,52000,52490.368271487925,52495.06012748264,50,52230.15198546595,nan,nan,nan,0.03317895159125328
27.150655061996076,landing,0,-0.007694097701460123,-2.282958507537842,1.750606656074524,0.014273528009653091,0.3787533938884735,-0.21284843981266022,6.569465006851328e-09,-2.223511225705478,1.7409453980036442,0.3633654461985298,50820,-0.2225212084820658,-0.05200865847635891,0.0006135309758472651,1.0457239986862987,-8.181519580022085e-10,0.20430696716334834,-0.20436103837241698,0.0,-0.5829999999999996,0.1,0.0,0.15,0.0,3.515542507171631,50820,nan,1.00304114818573,50665.9174371078,52000,52480.368271487925,52485.06012748264,50,52230.15198546595,nan,nan,nan,0.03317895159125328
27.171107278001728,landing,0,-0.007613391149789095,-2.277428150177002,1.7472139596939087,0.01417425274848938,0.386071115732193,-0.21165651082992554,6.552695727162479e-09,-2.2163236409405296,1.7367567049663033,0.35824281927811386,50104,-0.35768286865135046,-0.05449641059384767,0.0005876136596416615,1.267988991457969,-8.466703381941016e-10,0.21142850944950792,-0.21148446542250404,0.0,-0.5799999999999996,0.1,0.0,0.15,0.0,3.5049853324890137,50104,nan,0.991432785987854,50536.960960068376,52000,52470.368271487925,52475.06012748264,50,52111.6899283523,nan,nan,nan,0.03317895159125328
27.191247896000277,landing,0,-0.007379353977739811,-2.2690439224243164,1.742091417312622,0.01421559788286686,0.392232745885849,-0.21156376600265503,6.535221911952133e-09,-2.2089601212355645,1.7323920304265836,0.3555388592732102,49725,-0.42902745980975787,-0.05433157774037756,0.0003055206270377031,1.1151939979754388,-8.753990024412662e-10,0.2186025633713791,-0.21866041800585928,0.0,-0.5769999999999996,0.1,0.0,0.15,0.0,3.5049853324890137,49725,nan,0.9931772351264954,50066.59258925403,52000,52460.368271487925,52465.06012748264,50,52111.6899283523,nan,nan,nan,0.03317895159125328
27.210650908993557,landing,0,-0.0071095190942287445,-2.263368606567383,1.738694190979004,0.014259785413742065,0.3976821005344391,-0.2134418487548828,6.517816521038349e-09,-2.2016136882837065,1.7280444471620953,0.35187844724715217,49213,-0.5256082520540328,-0.057636741797280316,-2.3152934248038548e-05,1.0481380159035325,-9.031071027478967e-10,0.22552176448571562,-0.2255814503331752,0.0,-0.5739999999999996,0.1,0.0,0.15,0.0,3.5049853324890137,49213,nan,0.9847478866577148,49975.22783931171,52000,52450.368271487925,52455.06012748264,50,52111.6899283523,nan,nan,nan,0.03317895159125328
27.231815930019366,landing,0,-0.007011414971202612,-2.2546956539154053,1.7333141565322876,0.014171846210956573,0.4016173779964447,-0.217422217130661,6.4983833689958614e-09,-2.1937608876304884,1.7231903621826385,0.35079771442295105,49062,-0.5541236300012926,-0.05890363986081751,-8.495163959709728e-05,0.9820990089792758,-9.330715753617714e-10,0.2330044215428945,-0.23306608772572762,0.0,-0.5709999999999996,0.1,0.0,0.15,0.0,3.5049853324890137,49062,nan,0.9761620759963989,50260.09635738091,52000,52440.368271487925,52445.06012748264,50,52111.6899283523,nan,nan,nan,0.03317895159125328
27.25050865401863,landing,0,-0.006854515057057142,-2.2488675117492676,1.7296503782272339,0.013918403536081314,0.4071824550628662,-0.22280055284500122,6.4805881056992054e-09,-2.1863170966715435,1.7187453951446137,0.34922994424040976,48843,-0.5954895978783714,-0.06164311646467804,-0.00011989889437358237,0.9027910127770156,-9.596902712705777e-10,0.2396515791739185,-0.23971500457159864,0.0,-0.5679999999999996,0.1,0.0,0.15,0.0,3.5049853324890137,48843,nan,0.939140796661377,52008.17616872326,52000,52434.60571011773,52439.23500803251,50,52111.6899283523,nan,nan,nan,0.03317895159125328
27.270140200998867,landing,0,-0.006684531923383474,-2.2428905963897705,1.7258963584899902,0.013230446726083755,0.4113451838493347,-0.23191973567008972,6.461205407443694e-09,-2.178476895218386,1.7139039126996805,0.3489835891300387,48809,-0.6019897327166586,-0.0654769077747698,7.944732055609194e-05,0.6947630026843399,-9.878677518600785e-10,0.2466879928196211,-0.24675328045136308,0.0,-0.5649999999999996,0.1,0.0,0.15,0.0,3.5049853324890137,48809,nan,0.948792040348053,51443.30677784249,52000,52424.60571011773,52429.23500803251,50,52111.6899283523,nan,nan,nan,0.03317895159125328
27.290313876001164,landing,0,-0.006458644289523363,-2.233898878097534,1.7201403379440308,0.01218792051076889,0.4134550094604492,-0.24006839096546173,6.44116324554614e-09,-2.170472014068086,1.7088977069740183,0.3504839883858351,49018,-0.5624013618513182,-0.06690456174715328,0.00041621299668492817,0.8138480188790709,-1.0161826019324483e-09,0.25375871004689093,-0.2538258689913678,0.0,-0.5619999999999996,0.1,0.0,0.15,0.0,3.5049853324890137,49018,nan,0.9379597306251526,52260.23932533796,52000,52422.414158320666,52426.98173226325,50,52111.6899283523,nan,nan,nan,0.03317895159125328
27.31027076000464,landing,0,-0.00626150518655777,-2.227802038192749,1.7161694765090942,0.011229879222810268,0.41801753640174866,-0.2508980631828308,6.420593498047813e-09,-2.162335385492435,1.7037597189551652,0.3509871711061989,49089,-0.5491247729235127,-0.07056374924390088,0.0007368605866666655,0.8403200190514326,-1.0444449209448172e-09,0.26081630934240535,-0.26088533612786835,0.0,-0.5589999999999996,0.1,0.0,0.15,0.0,3.5049853324890137,49089,nan,0.972664475440979,50468.58525160427,52000,52412.414158320666,52416.98173226325,50,52111.6899283523,nan,nan,nan,0.03317895159125328
27.33021098401514,landing,0,-0.006051243282854557,-2.2185118198394775,1.7099777460098267,0.01009282749146223,0.42244723439216614,-0.25684088468551636,6.399381849150586e-09,-2.15403846282136,1.698461394417981,0.35152951305251184,49165,-0.5348149590366287,-0.07083510618363784,0.0011433869211350256,0.7579170051030815,-1.0728097170992297e-09,0.2678994989868637,-0.2679704003859704,0.0,-0.5559999999999996,0.1,0.0,0.15,0.0,3.5049853324890137,49165,nan,0.9391236305236816,52351.99967504195,52000,52411.608631876945,52416.115304833635,50,52111.6899283523,nan,nan,nan,0.03317895159125328
27.35026914800983,landing,0,-0.005886313039809465,-2.212176561355591,1.7056797742843628,0.008923467248678207,0.4282992482185364,-0.2660006284713745,6.377639618348721e-09,-2.1456090444950364,1.6930305391596845,0.3512236448365276,49122,-0.5428853605137842,-0.07398420879966272,0.0016224259254431495,0.789048004662618,-1.1011259672340933e-09,0.2749705658344201,-0.27504333863879094,0.0,-0.5529999999999996,0.1,0.0,0.15,0.0,3.5049853324890137,49122,nan,0.9702401161193848,50628.70436286485,52000,52401.608631876945,52406.115304833635,50,52111.6899283523,nan,nan,nan,0.03317895159125328
27.37038149300497,landing,0,-0.00573358777910471,-2.205801010131836,1.70133638381958,0.007830778136849403,0.43420928716659546,-0.27225399017333984,6.355331210180002e-09,-2.1370382416990346,1.6874582620133616,0.349353873744682,48860,-0.5922196901139323,-0.07756830516707805,0.002081792647792291,0.8562169969081879,-1.1294419384853415e-09,0.2820415630398212,-0.282116207231025,0.0,-0.5499999999999996,0.1,0.0,0.15,0.0,3.5208210945129395,48860,nan,0.9803745150566101,49838.096818723054,52000,52391.608631876945,52396.115304833635,50,52289.38301402277,nan,nan,nan,0.03317895159125328
27.39073707201169,landing,0,-0.005670453887432814,-2.199301242828369,1.6967467069625854,0.007044843398034573,0.4388922154903412,-0.2766467034816742,6.332421844366089e-09,-2.1283173691847095,1.6817358754317577,0.3466958914390322,48489,-0.6623511493659073,-0.08212329620829159,0.0024782989286498136,1.170092000393197,-1.1578001774345807e-09,0.2891231152345504,-0.28919963360603584,0.0,-0.5469999999999996,0.1,0.0,0.15,0.0,3.5208210945129395,48489,nan,0.9530049562454224,50880.113143412535,52000,52381.608631876945,52386.115304833635,50,52289.38301402277,nan,nan,nan,0.03317895159125328
27.410432053002296,landing,0,-0.00546978460624814,-2.18935489654541,1.6896964311599731,0.006648781709372997,0.44506484270095825,-0.284475177526474,6.308988362799601e-09,-2.1194656157272975,1.675882573268548,0.34853011248084337,48745,-0.6139548158088832,-0.0809454885854037,0.002462228150100554,0.9232909942511469,-1.1861059448579927e-09,0.296191564364257,-0.29626995344821,0.0,-0.5439999999999996,0.1,0.0,0.15,0.0,3.5208210945129395,48745,nan,0.9491797089576721,51354.869409849285,52000,52371.608631876945,52376.115304833635,50,52289.38301402277,nan,nan,nan,0.03317895159125328
27.430405621998943,landing,0,-0.00531130051240325,-2.179250478744507,1.6823537349700928,0.0065182410180568695,0.45138928294181824,-0.29442349076271057,6.284972020201395e-09,-2.110468311594974,1.669883681909464,0.3516003998809861,49175,-0.5329445941692335,-0.0794009242400403,0.0023346816967766415,0.8709499961696565,-1.214431389458941e-09,0.3032649272320845,-0.30334518832895885,0.0,-0.5409999999999996,0.1,0.0,0.15,0.0,3.5208210945129395,49175,nan,0.9491797089576721,51807.892157746195,52000,52364.092412221864,52368.5389962058,50,52289.38301402277,nan,nan,nan,0.03317895159125328
27.451244967000093,landing,0,-0.00531130051240325,-2.179250478744507,1.6823537349700928,0.006498794537037611,0.46162816882133484,-0.3054927885532379,6.260066068448425e-09,-2.101248856373732,1.6636625806676866,0.3460365981807349,48396,-0.6797467498486842,-0.08959336894586194,0.002383459836876156,1.3273679942358285,-1.2431245285726302e-09,0.310430109901852,-0.31051226731237414,0.0,-0.5379999999999996,0.1,0.0,0.15,0.0,3.5208210945129395,48396,nan,0.9445388317108154,51237.7028611325,52000,52354.092412221864,52358.5389962058,50,52289.38301402277,nan,nan,nan,0.03317895159125328
27.471349756000564,landing,0,-0.00531130051240325,-2.179250478744507,1.6823537349700928,0.006517817731946707,0.47333380579948425,-0.31799137592315674,6.234886771934882e-09,-2.091961142146964,1.6573732023551793,0.34114430003470714,47712,-0.8088311336488889,-0.09909676322663566,0.0024064880771457187,1.2839580012951046,-1.2714745356965998e-09,0.3175096064646921,-0.317593637511459,0.0,-0.5349999999999996,0.1,0.0,0.15,0.0,3.5208210945129395,47712,nan,0.9333303570747375,51120.16301445492,52000,52344.092412221864,52348.5389962058,50,52289.38301402277,nan,nan,nan,0.03317895159125328
27.49070697001298,landing,0,-0.00531130051240325,-2.179250478744507,1.6823537349700928,0.0062378994189202785,0.48519396781921387,-0.3319043219089508,6.209382317092181e-09,-2.082592230153169,1.6510026047861115,0.33691114334565175,47120,-0.9205239222783188,-0.10863756540941849,0.0026028926396799434,0.9475830011069775,-1.2995603106683528e-09,0.3245231196009592,-0.3246090068210146,0.0,-0.5319999999999996,0.1,0.0,0.15,0.0,3.5208210945129395,47120,nan,0.9611274600028992,49025.75564728727,52000,52334.092412221864,52338.5389962058,50,52289.38301402277,nan,nan,nan,0.03317895159125328
27.51096183800837,landing,0,-0.00531130051240325,-2.179250478744507,1.6823537349700928,0.005747928749769926,0.4976411461830139,-0.34215378761291504,6.182941112782261e-09,-2.072989395303397,1.6443980224518138,0.3305431631802433,46229,-1.088544507117593,-0.11918904230851843,0.002949503074826776,1.1220710002817214,-1.3280507067908203e-09,0.3316376737716503,-0.33172544390618164,0.0,-0.5289999999999996,0.1,0.0,0.15,0.0,3.5208210945129395,46229,nan,0.9315834641456604,49624.10967909981,52000,52324.092412221864,52328.5389962058,50,52289.38301402277,nan,nan,nan,0.03317895159125328
27.53174457800924,landing,0,-0.005231579300016165,-2.1757895946502686,1.6798094511032104,0.004854228813201189,0.4933534860610962,-0.3418405055999756,6.15559411046918e-09,-2.063160366723868,1.6375671865240717,0.32208019145696065,45046,-1.3118419140643631,-0.1375075816918224,0.0034829537675618027,1.4534159854520112,-1.3568879466630606e-09,0.3388388409411891,-0.3389285169129074,0.0,-0.5259999999999996,0.1,0.0,0.15,0.0,3.5208210945129395,45046,nan,0.9360615015029907,48122.90637706146,52000,52314.092412221864,52318.5389962058,50,52289.38301402277,nan,nan,nan,0.03317895159125328
27.550087693991372,landing,0,-0.004663174040615559,-2.1283910274505615,1.6436234712600708,0.0038565502036362886,0.48815757036209106,-0.3421695828437805,6.1291698841080375e-09,-2.0535617715672108,1.6309668450049521,0.3541624064926102,49533,-0.4653454751290198,-0.08886502495753511,0.0030888752445390466,0.6877449923194945,-1.3841815306212433e-09,0.34565453001578444,-0.34574600980532666,0.0,-0.5229999999999996,0.1,0.0,0.15,0.0,3.5208210945129395,49533,nan,0.9248515367507935,53557.785257102245,52000,52324.092412221864,52328.5389962058,50,52289.38301402277,nan,nan,nan,0.03317895159125328
27.570615000993712,landing,0,-0.004598901607096195,-2.120598077774048,1.637412190437317,0.0029192871879786253,0.49763092398643494,-0.3611374795436859,6.100973415558277e-09,-2.0435206162930912,1.6239238262418672,0.3590479209279407,50216,-0.33644008105697587,-0.088855517542214,0.003497326818277413,0.9525869973003864,-1.4127242411734785e-09,0.3527821480218428,-0.35287551418329255,0.0,-0.5199999999999996,0.1,0.0,0.15,0.0,3.552492618560791,50216,nan,0.9287852048873901,54066.32204707481,52000,52334.092412221864,52338.5389962058,50,52644.769185363715,nan,nan,nan,0.03317895159125328
27.590261010016548,landing,0,-0.004497058689594269,-2.112673044204712,1.6309581995010376,0.0018327353755012155,0.5085556507110596,-0.3799199163913727,6.072770487589695e-09,-2.0334778479882187,1.6168791940211296,0.36719155124492564,51355,-0.12156856873547284,-0.0836192236962974,0.0039006403439554305,0.740285002393648,-1.4156253600575652e-09,0.35350660855119903,-0.3536001664459865,0.0,-0.5169999999999996,0.1,0.0,0.15,0.0,3.552492618560791,51355,nan,0.9304225444793701,55195.35215984728,52000,52344.092412221864,52348.5389962058,50,52644.769185363715,nan,nan,nan,0.03317895159125328
27.610837576998165,landing,0,-0.0044351425021886826,-2.100433349609375,1.6209349632263184,0.0018327353755012155,0.5085556507110596,-0.3799199163913727,6.044211939051949e-09,-2.0233462749579694,1.6097457335722494,0.3707112047252615,51847,-0.028701722288616338,-0.08054114869332876,0.003796797679987085,1.1164520110469311,-1.4156253600575652e-09,0.353506608551199,-0.3536001664459865,0.0,-0.5139999999999996,0.1,0.0,0.15,0.0,3.552492618560791,51847,nan,0.9304225444793701,55724.14416184601,52000,52354.092412221864,52358.5389962058,50,52644.769185363715,nan,nan,nan,0.03317895159125328
27.63084209099179,landing,0,-0.004464197903871536,-2.0921428203582764,1.6140800714492798,-0.000451559986686334,0.5338256359100342,-0.40931788086891174,6.0159192052866476e-09,-2.0132810805624644,1.6026786693256636,0.3847783887918694,53815,0.34246408421818764,-0.06627153572976328,0.004875535552722354,1.0798640141729265,-1.4156253600575654e-09,0.35350660855119903,-0.3536001664459866,0.0,-0.5109999999999996,0.1,0.0,0.15,0.0,3.552492618560791,53815,nan,0.9406256079673767,57211.923154303964,52000,52364.092412221864,52368.5389962058,50,52644.769185363715,nan,nan,nan,0.03317895159125328
27.650049354997464,landing,0,-0.004368764813989401,-2.079352617263794,1.6034854650497437,-0.0010754164541140199,0.547917902469635,-0.4219338297843933,5.987937127680906e-09,-2.0032934624865772,1.5956892019297897,0.3953279896591485,55290,0.6208176691068186,-0.0545176252957649,0.00496448377431391,0.6444899772759527,-1.4156253600575654e-09,0.35350660855119903,-0.3536001664459866,0.0,-0.5079999999999996,0.1,0.0,0.15,0.0,3.552492618560791,55290,nan,0.9519596695899963,58000.0,52000,52374.092412221864,52378.5389962058,50,52644.769185363715,nan,nan,nan,0.03317895159125328
27.670607125997776,landing,0,-0.0043295822106301785,-2.070638656616211,1.5963094234466553,-0.0012289618607610464,0.5627573132514954,-0.43094637989997864,5.95953836643558e-09,-1.9932017911601447,1.5885956537449797,0.39980003317116836,55916,0.7388135401363662,-0.04785427463057477,0.004946561425596796,0.9808189934119582,-1.4156253600575654e-09,0.35350660855119903,-0.3536001664459866,0.0,-0.5049999999999996,0.1,0.0,0.15,0.0,3.552492618560791,55916,nan,0.9747780561447144,57362.80135516179,52000,52384.092412221864,52388.5389962058,50,52644.769185363715,nan,nan,nan,0.03317895159125328
27.69001396500971,landing,0,-0.004225807264447212,-2.057297706604004,1.5854732990264893,-0.0009632481378503144,0.5777665972709656,-0.43745943903923035,5.9313103947276426e-09,-1.9831527689920576,1.5815447660059008,0.40759496069556583,57006,0.9444844510703376,-0.03633360296061766,0.0046197365082270014,0.6094379932619631,-1.4156253600575654e-09,0.353506608551199,-0.3536001664459866,0.0,-0.5019999999999996,0.1,0.0,0.15,0.0,3.552492618560791,57006,nan,1.0001038312911987,57000.081607928216,52000,52394.092412221864,52398.5389962058,50,52644.769185363715,nan,nan,nan,0.03317895159125328
27.71041566200438,landing,0,-0.004230819176882505,-2.0482561588287354,1.5782214403152466,-0.00034956654417328537,0.5870625972747803,-0.4402790367603302,5.902912698011029e-09,-1.9730613634972114,1.574451483723031,0.40914805226110396,57223,0.9854631203457487,-0.032675759392433126,0.004307116938569777,0.8923909917939454,-1.4156253600575654e-09,0.3535066085511989,-0.3536001664459866,0.0,-0.49899999999999956,0.1,0.0,0.15,0.0,3.552492618560791,57223,nan,1.0066078901290894,56847.35889827131,52000,52404.092412221864,52408.5389962058,50,52644.769185363715,nan,nan,nan,0.03317895159125328
27.730873193009757,landing,0,-0.0042006028816103935,-2.0343737602233887,1.567360281944275,0.00028500656480900943,0.5996794104576111,-0.442892849445343,5.8742925060590376e-09,-1.9629143970197096,1.567302625752919,0.4149815815918746,58039,1.1393821000494597,-0.022531234931766,0.0039116098587048675,0.845766015117988,-1.4156253600575654e-09,0.3535066085511989,-0.3536001664459866,0.0,-0.49599999999999955,0.1,0.0,0.15,0.0,3.552492618560791,58039,nan,1.0367283821105957,55982.84083034638,52000,52414.092412221864,52418.5389962058,50,52644.769185363715,nan,nan,nan,0.03317895159125328
27.750230274017667,landing,0,-0.004090932663530111,-2.0249593257904053,1.5601718425750732,0.0008112612995319068,0.6113705635070801,-0.438854455947876,5.84629572722031e-09,-1.952923107786777,1.5603094862284033,0.4131642428499696,57785,1.0914312097617298,-0.017528412184366356,0.0035678934321590194,0.7506620022468269,-1.4156253600575654e-09,0.3535066085511989,-0.3536001664459866,0.0,-0.49299999999999955,0.1,0.0,0.15,0.0,3.552492618560791,57785,nan,1.033090591430664,55934.10730803102,52000,52424.092412221864,52428.5389962058,50,52644.769185363715,nan,nan,nan,0.03317895159125328
27.770529244997306,landing,0,-0.004040452651679516,-2.015486717224121,1.553182601928711,0.001009344938211143,0.6191048622131348,-0.4321107566356659,5.818039332538063e-09,-1.9428669879009346,1.5532514988931103,0.40968576483793134,57298,0.9996507872805083,-0.014470806011341568,0.0034521993384553085,1.039463997585699,-1.4156253600575658e-09,0.353506608551199,-0.35360016644598663,0.0,-0.48999999999999955,0.1,0.0,0.15,0.0,3.4574780464172363,57298,nan,1.0474814176559448,54700.731711519555,52000,52434.092412221864,52438.5389962058,50,51578.61067134089,nan,nan,nan,0.03317895159125328
27.790149436012143,landing,0,-0.0039843544363975525,-2.0010838508605957,1.5426615476608276,0.0005787035916000605,0.6266244649887085,-0.42320337891578674,5.7897712788397264e-09,-1.9328079565532366,1.5461905993254241,0.40952694405809537,57276,0.9954602653851001,-0.006560797153568675,0.0036090575212288645,0.712149019818753,-1.4156253600575658e-09,0.3535066085511989,-0.35360016644598663,0.0,-0.48699999999999954,0.1,0.0,0.15,0.0,3.4574780464172363,57276,nan,1.0418365001678467,54975.99670463884,52000,52444.092412221864,52448.5389962058,50,51578.61067134089,nan,nan,nan,0.03317895159125328
27.810753974015824,landing,0,-0.0038528197910636663,-1.9913978576660156,1.5359264612197876,0.00016197876539081335,0.6322414875030518,-0.4141981601715088,5.761179778775231e-09,-1.9226681549458533,1.5390489081216616,0.4045142973593782,56575,0.8632004580310859,-0.004313624653758945,0.0037297511918863435,1.0630250035319477,-1.4156253600575658e-09,0.3535066085511989,-0.35360016644598663,0.0,-0.48399999999999954,0.1,0.0,0.15,0.0,3.4574780464172363,56575,nan,1.056048035621643,53572.37369102922,52000,52454.092412221864,52458.5389962058,50,51578.61067134089,nan,nan,nan,0.03317895159125328
27.830263267009286,landing,0,-0.003791216528043151,-1.9767907857894897,1.5260343551635742,-0.00012329463788773865,0.6381577253341675,-0.40283283591270447,5.7331370685177985e-09,-1.9126653958279427,1.5320442956765856,0.40244542182054494,56286,0.8086127129431375,0.003180751592801895,0.003829466636080081,0.8147000044118613,-1.4156253600575658e-09,0.3535066085511989,-0.35360016644598663,0.0,-0.48099999999999954,0.1,0.0,0.15,0.0,3.4574780464172363,56286,nan,1.0640523433685303,52897.77363941725,52000,52460.00816191781,52464.395458115294,50,51578.61067134089,nan,nan,nan,0.03317895159125328
27.850988196005346,landing,0,-0.003630281426012516,-1.9670445919036865,1.5197131633758545,-0.00017126539023593068,0.64218670129776,-0.3903907537460327,5.7045105543661214e-09,-1.9025168505857248,1.524893858523927,0.39519550126589986,55272,0.6173219331371982,0.004870863262750907,0.0037611034202322813,1.1800419888459146,-1.4156253600575658e-09,0.35350660855119886,-0.35360016644598663,0.0,-0.47799999999999954,0.1,0.0,0.15,0.0,3.4574780464172363,55272,nan,1.0648534297943115,51905.735055646495,52000,52452.61785383419,52456.946652749044,50,51578.61067134089,nan,nan,nan,0.03317895159125328
27.870593674015254,landing,0,-0.003574719885364175,-1.9573842287063599,1.5136407613754272,-0.0005387776764109731,0.6438028812408447,-0.37759923934936523,5.676326566135192e-09,-1.892478811867234,1.5178539571412877,0.3875958230869978,54209,0.4168027199735551,0.005410570526370957,0.003967146750714079,0.964553008088842,-1.415625360057566e-09,0.35350660855119886,-0.3536001664459867,0.0,-0.47499999999999953,0.1,0.0,0.15,0.0,3.4574780464172363,54209,nan,1.0793176889419556,50225.24929906462,52000,52442.61785383419,52446.946652749044,50,51578.61067134089,nan,nan,nan,0.03317895159125328
27.89105684601236,landing,0,-0.0033679248299449682,-1.9426264762878418,1.5047401189804077,-0.0008140187128446996,0.6428918838500977,-0.3617117404937744,5.647633455325986e-09,-1.8823136362655946,1.5106868852278714,0.3818376795434206,53404,0.2648728111720473,0.009826187845855634,0.003954506500821076,1.1273720010649413,-1.415625360057566e-09,0.35350660855119886,-0.3536001664459867,0.0,-0.47199999999999953,0.1,0.0,0.15,0.0,3.4574780464172363,53404,nan,1.06401789188385,50190.885329426084,52000,52432.61785383419,52436.946652749044,50,51578.61067134089,nan,nan,nan,0.03317895159125328
27.91044324100949,landing,0,-0.003270634450018406,-1.9329087734222412,1.499002456665039,-0.0005144161405041814,0.6416008472442627,-0.349539190530777,5.619747147606276e-09,-1.8723499336185827,1.5037213395902513,0.37421791405437005,52338,0.06382358982506631,0.009073276337020755,0.0037709106492083144,0.8833799802232534,-1.415625360057566e-09,0.35350660855119886,-0.3536001664459867,0.0,-0.46899999999999953,0.1,0.0,0.15,0.0,3.4574780464172363,52338,nan,1.0420639514923096,50225.32439112616,52000,52422.61785383419,52426.946652749044,50,51578.61067134089,nan,nan,nan,0.03317895159125328
27.930603654007427,landing,0,-0.0029863561503589153,-1.9181971549987793,1.4906797409057617,3.328619641251862e-05,0.639320969581604,-0.3383043706417084,5.591416400096622e-09,-1.8622752465209662,1.496644780129247,0.3701790516090735,51773,-0.04274270160756011,0.012951212402291332,0.00320895849680336,0.97523900330998,-1.415625360057566e-09,0.3535066085511988,-0.3536001664459867,0.0,-0.4659999999999995,0.1,0.0,0.15,0.0,3.4574780464172363,51773,nan,1.0402518510818481,49769.67831987683,52000,52412.61785383419,52416.946652749044,50,51578.61067134089,nan,nan,nan,0.03317895159125328
27.951071129005868,landing,0,-0.002965289866551757,-1.9133894443511963,1.48795747756958,0.0011671651154756546,0.636985719203949,-0.33182117342948914,5.562886622715404e-09,-1.85215085815571,1.4895185062468297,0.3614090038271525,50546,-0.2741423792308062,0.006088417467088579,0.002636032746231587,1.232874987181276,-1.415625360057566e-09,0.3535066085511988,-0.3536001664459867,0.0,-0.4629999999999995,0.1,0.0,0.15,0.0,3.4574780464172363,50546,nan,1.0383528470993042,48679.020952466235,52000,52402.61785383419,52406.946652749044,50,51578.61067134089,nan,nan,nan,0.03317895159125328
27.970613528013928,landing,0,-0.0028482109773904085,-1.9036709070205688,1.4826560020446777,0.002323026303201914,0.6321250200271606,-0.3232297897338867,5.53473003388299e-09,-1.8421196615500541,1.4824854487878367,0.35494306550404886,49642,-0.4447476120303744,0.003108069950685682,0.001900816026386476,0.9371759952045977,-1.415625360057566e-09,0.3535066085511988,-0.3536001664459867,0.0,-0.4599999999999995,0.1,0.0,0.15,0.0,3.5049853324890137,49642,nan,1.0467206239700317,47426.21752470722,52000,52392.61785383419,52396.946652749044,50,52111.6899283523,nan,nan,nan,0.03317895159125328
27.991211985005066,landing,0,-0.0025502792559564114,-1.889238715171814,1.4749480485916138,0.0034810947254300117,0.6258095502853394,-0.31282830238342285,5.506223055165236e-09,-1.8320009664129842,1.4753648696403563,0.3504782469056013,49018,-0.562552852094953,0.004466738610304832,0.0009241507158415097,1.4354700106196105,-1.415625360057566e-09,0.3535066085511988,-0.3536001664459867,0.0,-0.4569999999999995,0.1,0.0,0.15,0.0,3.5049853324890137,49018,nan,1.0217939615249634,47972.48941150886,52000,52382.61785383419,52386.946652749044,50,52111.6899283523,nan,nan,nan,0.03317895159125328
28.011028400011128,landing,0,-0.0023496029898524284,-1.8796488046646118,1.469807505607605,0.00472113024443388,0.618579089641571,-0.3051336705684662,5.4780458251136675e-09,-1.82196461533102,1.4683266563408883,0.344253721384808,48147,-0.726788353962851,-0.0001719066838855524,-1.2731728316506263e-05,1.2829450133722275,-1.415625360057566e-09,0.35350660855119875,-0.3536001664459867,0.0,-0.4539999999999995,0.1,0.0,0.15,0.0,3.5049853324890137,48147,nan,1.0042030811309814,47945.48125243208,52000,52372.61785383419,52376.946652749044,50,52111.6899283523,nan,nan,nan,0.03317895159125328
28.03096474800259,landing,0,-0.001968006370589137,-1.8606806993484497,1.4596829414367676,0.005166058428585529,0.6174271106719971,-0.3050338327884674,5.449944254592527e-09,-1.8119471577676103,1.461307341560271,0.34810262454358254,48685,-0.6252341809081141,0.00945334333742678,-0.0007067090098182849,1.039241993566975,-1.4156253600575662e-09,0.35350660855119875,-0.35360016644598674,0.0,-0.4509999999999995,0.1,0.0,0.15,0.0,3.5049853324890137,48685,nan,0.9879343509674072,49279.59024030956,52000,52362.61785383419,52366.946652749044,50,52111.6899283523,nan,nan,nan,0.03317895159125328
28.050851430016337,landing,0,-0.0017008534632623196,-1.8512603044509888,1.4545869827270508,0.0061814566142857075,0.6057852506637573,-0.30520886182785034,5.421466086665815e-09,-1.8018356571929708,1.4541939588793105,0.345653452619308,48343,-0.6898561314166756,0.0019842731248462006,-0.0016083979129359882,1.1068529856856912,-1.4156253600575662e-09,0.35350660855119875,-0.35360016644598674,0.0,-0.4479999999999995,0.1,0.0,0.15,0.0,3.5049853324890137,48343,nan,0.9895583391189575,48853.10758236009,52000,52352.61785383419,52356.946652749044,50,52111.6899283523,nan,nan,nan,0.03317895159125328
28.071249211992836,landing,0,-0.00154677068348974,-1.8418465852737427,1.4494832754135132,0.006470535881817341,0.6018162369728088,-0.30788862705230713,5.392949853989002e-09,-1.791714651179185,1.4470710682435255,0.34446670016706654,48177,-0.7211688610272695,-0.0011346489761079857,-0.0019607046525267346,1.3787520001642406,-1.4156253600575662e-09,0.35350660855119875,-0.35360016644598674,0.0,-0.4449999999999995,0.1,0.0,0.15,0.0,3.5049853324890137,48177,nan,0.9784209132194519,49239.54440167847,52000,52342.61785383419,52346.946652749044,50,52111.6899283523,nan,nan,nan,0.03317895159125328
28.09084221799276,landing,0,-0.0011325145605951548,-1.8278887271881104,1.4416927099227905,0.0064934371039271355,0.598063051700592,-0.31241941452026367,5.364776012935743e-09,-1.7816791463898438,1.4400337014606572,0.34767234070702174,48625,-0.6365873164374225,0.0012294842953097943,-0.002432406805695342,1.1081609991379082,-1.4156253600575662e-09,0.3535066085511987,-0.35360016644598674,0.0,-0.4419999999999995,0.1,0.0,0.15,0.0,3.5049853324890137,48625,nan,0.989034116268158,49164.12811266082,52000,52332.61785383419,52336.946652749044,50,52111.6899283523,nan,nan,nan,0.03317895159125328
28.11084837000817,landing,0,-0.0009471690282225609,-1.8186136484146118,1.4363855123519897,0.006864555645734072,0.5939288139343262,-0.3151133954524994,5.336767691059263e-09,-1.7716849746568915,1.4330376786732486,0.3469057650313251,48518,-0.6568135875639829,-0.001980456266162606,-0.0028654554832951984,1.374304003547877,-1.4156253600575664e-09,0.35350660855119875,-0.3536001664459868,0.0,-0.4389999999999995,0.1,0.0,0.15,0.0,3.5049853324890137,48518,nan,0.9652485847473145,50264.7719630702,52000,52322.61785383419,52326.946652749044,50,52111.6899283523,nan,nan,nan,0.03317895159125328
28.13085499801673,landing,0,-0.0006762999692000449,-1.809430480003357,1.431015133857727,0.007214697543531656,0.5902115702629089,-0.3203495144844055,5.308140246856066e-09,-1.7615361971644132,1.425887009208863,0.34729795885419457,48573,-0.6464654655885358,-0.005231068552013402,-0.003375832992588812,1.0985109838657081,-1.4156253600575664e-09,0.35350660855119875,-0.3536001664459868,0.0,-0.4359999999999995,0.1,0.0,0.15,0.0,3.5049853324890137,48573,nan,0.9718754887580872,49978.62438332414,52000,52312.61785383419,52316.946652749044,50,52111.6899283523,nan,nan,nan,0.03317895159125328
28.170949907012982,landing,1,-0.0003255403717048466,-1.795553207397461,1.4227932691574097,0.007979992777109146,0.5878005623817444,-0.32485273480415344,5.279942280742666e-09,-1.7514946679222523,1.4188436163787634,0.34729795885419457,48573,-0.6464654655885358,-0.005231068552013402,-0.003375832992588812,21.431392000522465,-1.4156253600575664e-09,0.35350660855119875,-0.3536001664459868,0.0,-0.4329999999999995,0.1,0.0,0.15,0.0,3.5049853324890137,48573,nan,0.9736031889915466,49889.935190446195,52000,52302.61785383419,52306.946652749044,50,52111.6899283523,-0.32987162893089056,2.567555347900678e-12,2.1143328222561386e-11,0.03317895159125328
28.17157651699381,landing,1,-0.0003255403717048466,-1.795553207397461,1.4227932691574097,0.007979992777109146,0.5878005623817444,-0.32485273480415344,5.2487199089166865e-09,-1.7406978912562299,1.4110447762435063,0.34759793151442764,48615,-0.6385506196720954,-0.009526884110816342,-0.003409897075176863,0.06727801519446075,-1.4156253600575664e-09,0.3535066085511987,-0.3536001664459868,0.0,-0.4299999999999995,0.1,0.0,0.15,0.0,3.5049853324890137,48615,nan,0.9736031889915466,49933.07391521096,52000,52292.61785383419,52296.946652749044,50,52111.6899283523,-0.32987162893089056,2.567555347900678e-12,2.1143328222561386e-11,0.03317895159125328
28.205572384002153,landing,1,0.00011934031499549747,-1.7772537469863892,1.4113078117370605,0.010049189440906048,0.577000081539154,-0.3352760970592499,5.2235031903184694e-09,-1.7314008320752023,1.4047460505035345,0.3479237528261885,48660,-0.6299537512879034,-0.013755864505148645,-0.0035197743084080437,16.2179320177529,-1.4156253600575668e-09,0.3535066085511987,-0.3536001664459869,0.0,-0.4269999999999995,0.1,0.0,0.15,0.0,3.526099681854248,48660,nan,0.9497992396354675,51231.87929554006,52000,52282.61785383419,52286.946652749044,50,52348.6140425796,-0.3162311795759147,7.790098675779565e-13,6.362528043596214e-12,0.03317895159125328
28.209385410998948,landing,1,0.0004813200212083757,-1.7636263370513916,1.402451515197754,0.010771162807941437,0.5773959159851074,-0.34550464153289795,5.195351157024576e-09,-1.721370773067825,1.397714130943893,0.34823664981218544,48704,-0.6216978941375881,-0.018018262481716243,-0.0035917449663176587,0.06511001265607774,-1.4156253600575668e-09,0.3535066085511987,-0.3536001664459869,0.0,-0.4239999999999995,0.1,0.0,0.15,0.0,3.526099681854248,48704,nan,0.9459309577941895,51487.901520394844,52000,52272.61785383419,52276.946652749044,50,52348.6140425796,-0.3162311795759147,7.790098675779565e-13,6.362528043596214e-12,0.03317895159125328
28.25556645699544,landing,1,0.0007815504795871675,-1.7499536275863647,1.3932557106018066,0.011799801141023636,0.5702930688858032,-0.35517698526382446,5.1657123320168965e-09,-1.7109694359587742,1.3903108350213385,0.348647159945636,48761,-0.6108664921995786,-0.022153804497645847,-0.003806482821683317,25.297213986050338,-1.4156253600575668e-09,0.3535066085511987,-0.3536001664459869,0.0,-0.4209999999999995,0.1,0.0,0.15,0.0,3.526099681854248,48761,nan,0.9359031915664673,52100.474108210175,52000,52270.32260389254,52274.59368548853,50,52348.6140425796,-0.2904757316989665,0.0,1.0565312997177716e-10,0.03317895159125328
28.256357361999108,landing,1,0.0007815504795871675,-1.7499536275863647,1.3932557106018066,0.01183327753096819,0.5701810717582703,-0.3667285144329071,5.128765437344783e-09,-1.6987431450201136,1.3810821022829038,0.3489844602184964,48809,-0.6019667488523393,-0.02638448848405396,-0.003914145278956943,0.07456899038515985,-1.4156253600575668e-09,0.35350660855119864,-0.3536001664459869,0.0,-0.4179999999999995,0.1,0.0,0.15,0.0,3.526099681854248,48809,nan,0.9359031915664673,52151.76146403131,52000,52268.741788694395,52272.95592253577,50,52348.6140425796,-0.2904757316989665,0.0,1.0565312997177716e-10,0.03317895159125328
28.284603525011335,landing,1,0.001328854588791728,-1.7272510528564453,1.377174973487854,0.011537536978721619,0.5648144483566284,-0.37494927644729614,5.109190944228463e-09,-1.690855049009049,1.3761927126044473,0.349462515876377,48876,-0.5893531431035104,-0.03055719416292137,-0.004040422944138153,14.506798004731536,-1.4156253600575668e-09,0.3535066085511986,-0.3536001664459869,0.0,-0.4149999999999995,0.1,0.0,0.15,0.0,3.526099681854248,48876,nan,0.9421525001525879,51876.951971240545,52000,52263.51792446168,52267.67586985184,50,52348.6140425796,-0.2657166490217012,0.0,1.008684004798006e-10,0.03317895159125328
28.289292970992392,landing,1,0.001523531274870038,-1.7182360887527466,1.370559573173523,0.011206282302737236,0.5637110471725464,-0.3893362581729889,5.0820515119630205e-09,-1.6810778543296803,1.3694137242950548,0.34982327538007413,48926,-0.5798344226893377,-0.0347782150980727,-0.004151187936063044,0.062850012909621,-1.4156253600575668e-09,0.3535066085511986,-0.3536001664459869,0.0,-0.4119999999999995,0.1,0.0,0.15,0.0,3.526099681854248,48926,nan,0.9309086799621582,52557.249763735,52000,52267.43434898532,52271.536855103615,50,52348.6140425796,-0.2657166490217012,0.0,1.008684004798006e-10,0.03317895159125328
28.324947526998585,landing,1,0.001717887818813324,-1.7091542482376099,1.363722801208496,0.010528347454965115,0.5624779462814331,-0.4058346450328827,5.053591509334224e-09,-1.6709708899501674,1.3623048790097552,0.350436010473851,49012,-0.563667269819236,-0.038890315145459854,-0.004176497381285159,15.563858003588393,-1.4156253600575668e-09,0.3535066085511986,-0.3536001664459869,0.0,-0.4089999999999995,0.1,0.0,0.15,0.0,3.526099681854248,49012,nan,0.9395122528076172,52167.49420088311,52000,52266.10181367729,52270.14961971401,50,52348.6140425796,-0.23247448674204935,0.0,1.30874478948022e-10,0.03317895159125328
28.3295607129985,landing,1,0.0019827387295663357,-1.6954554319381714,1.3531489372253418,0.009504467248916626,0.5633964538574219,-0.4191643297672272,5.025299721235287e-09,-1.6609059317042245,1.3552380509752306,0.350828266926308,49067,-0.5533174953480753,-0.043097720969640665,-0.004276580429872202,0.06193900480866432,-1.415625360057567e-09,0.35350660855119864,-0.35360016644598696,0.0,-0.4059999999999995,0.1,0.0,0.15,0.0,3.526099681854248,49067,nan,0.9295720458030701,52784.504677752375,52000,52273.01385186496,52277.007687154524,50,52348.6140425796,-0.23247448674204935,0.0,1.30874478948022e-10,0.03317895159125328
28.361957107001217,landing,1,0.0021347643341869116,-1.6862767934799194,1.3459750413894653,0.008873389102518559,0.5630569458007812,-0.43389514088630676,4.9969298429636146e-09,-1.6508214729654933,1.3481517172869815,0.3515310921988069,49165,-0.5347732929074702,-0.04706170948802121,-0.004176310769001391,12.558160000480711,-1.415625360057567e-09,0.3535066085511986,-0.35360016644598696,0.0,-0.40299999999999947,0.1,0.0,0.15,0.0,3.526099681854248,49165,nan,0.942865252494812,52144.248470192215,52000,52271.29698010932,52275.23756426169,50,52348.6140425796,-0.19969677486428236,0.0,1.3155605232610513e-10,0.03317895159125328
28.369264823006233,landing,1,0.0023538987152278423,-1.6725765466690063,1.3348253965377808,0.008252639323472977,0.5667293667793274,-0.4454226493835449,4.968847660848367e-09,-1.6408088570288342,1.3411372454144839,0.35195440553326807,49224,-0.5236040756393656,-0.05124477358162199,-0.004256358546642649,0.05370299913920462,-1.415625360057567e-09,0.3535066085511986,-0.35360016644598696,0.0,-0.39999999999999947,0.1,0.0,0.15,0.0,3.515542507171631,49224,nan,0.934749960899353,52660.07174008331,52000,52276.48064357564,52280.36868660598,50,52230.15198546595,-0.19969677486428236,0.0,1.3155605232610513e-10,0.03317895159125328
28.402383437001845,landing,1,0.0024989976081997156,-1.6633766889572144,1.3272199630737305,0.00821959599852562,0.571511447429657,-0.4605956971645355,4.940370049246881e-09,-1.6306974953784112,1.334024001694507,0.35274221579048365,49334,-0.5028175253170559,-0.05512392638677896,-0.004271137224519652,13.034506002441049,-1.415625360057567e-09,0.3535066085511986,-0.35360016644598696,0.0,-0.39699999999999946,0.1,0.0,0.15,0.0,3.515542507171631,49334,nan,0.9607158303260803,51351.292903392,52000,52266.48064357564,52270.36868660598,50,52230.15198546595,-0.1676389980169358,0.0,1.2942724241846952e-10,0.03317895159125328
28.409345407009823,landing,1,0.0025971103459596634,-1.6541082859039307,1.3195008039474487,0.008124511688947678,0.5767384767532349,-0.4687989354133606,4.912100769597759e-09,-1.6206381578891902,1.3269627959042751,0.35319590386850774,49398,-0.4908468636277661,-0.05928166453967607,-0.004345745910513889,0.05729700205847621,-1.415625360057567e-09,0.35350660855119853,-0.35360016644598696,0.0,-0.39399999999999946,0.1,0.0,0.15,0.0,3.515542507171631,49398,nan,0.9574635028839111,51592.56708084603,52000,52257.495129405914,52261.331331862515,50,52230.15198546595,-0.1676389980169358,0.0,1.2942724241846952e-10,0.03317895159125328
28.44612105199485,landing,1,0.0027153354603797197,-1.6447722911834717,1.3116108179092407,0.008124511688947678,0.5767384767532349,-0.4687989354133606,4.883164881846272e-09,-1.6104123566051338,1.3197350822634484,0.35384120891917525,49488,-0.47382034514049565,-0.06357026285530977,-0.00443853431424209,16.338055982487276,-1.4156253600575672e-09,0.35350660855119853,-0.353600166445987,0.0,-0.39099999999999946,0.1,0.0,0.15,0.0,3.515542507171631,49488,nan,0.961175262928009,51486.9679950415,52000,52247.495129405914,52251.331331862515,50,52230.15198546595,-0.15319369287984927,0.0,6.232245399592389e-11,0.03317895159125328
28.450469984993106,landing,1,0.0028588599525392056,-1.6306816339492798,1.2995667457580566,0.007698237430304289,0.5856106281280518,-0.4847959280014038,4.8548512110037504e-09,-1.6003419338523457,1.3126627882758601,0.35430858392381676,49553,-0.4614885508227786,-0.06773734816268809,-0.004514441551503038,0.04221202107146382,-1.4156253600575672e-09,0.35350660855119853,-0.353600166445987,0.0,-0.38799999999999946,0.1,0.0,0.15,0.0,3.515542507171631,49553,nan,0.9536580443382263,51960.973112103726,52000,52243.674835841884,52247.4598889324,50,52230.15198546595,-0.15319369287984927,0.0,6.232245399592389e-11,0.03317895159125328
28.48445842199726,landing,1,0.002946567488834262,-1.6164542436599731,1.2871620655059814,0.007213088218122721,0.5868125557899475,-0.4905951917171478,4.826164974475844e-09,-1.5901784748799341,1.305497433445989,0.3552367583957593,49683,-0.4369984592147951,-0.07150703317246652,-0.004413022467760749,14.41719097783789,-1.4156253600575672e-09,0.35350660855119853,-0.353600166445987,0.0,-0.38499999999999945,0.1,0.0,0.15,0.0,3.515542507171631,49683,nan,0.9628239274024963,51601.334975164835,52000,52235.11030436619,52238.84489008217,50,52230.15198546595,-0.12279794965418296,0.0,1.26161050224099e-10,0.03317895159125328
28.4893050850078,landing,1,0.003018741961568594,-1.6068620681762695,1.2787681818008423,0.006532900035381317,0.5938310027122498,-0.500219464302063,4.7989027989763e-09,-1.5803706290511623,1.298687785875161,0.35573293336710715,49752,-0.4239067713164353,-0.07564928096124485,-0.004477846809958996,0.0553599966224283,-1.4156253600575672e-09,0.35350660855119853,-0.353600166445987,0.0,-0.38199999999999945,0.1,0.0,0.15,0.0,3.515542507171631,49752,nan,0.9628239274024963,51672.99916841577,52000,52227.615489220196,52231.30028045995,50,52230.15198546595,-0.12279794965418296,0.0,1.26161050224099e-10,0.03317895159125328
28.5275105110195,landing,1,0.0030402515549212694,-1.5971287488937378,1.2702754735946655,0.00559870945289731,0.5982854962348938,-0.5069096684455872,4.770523811193192e-09,-1.5702838955068334,1.2915991767792714,0.3566063659016357,49875,-0.40086105800433636,-0.07971406527694677,-0.004122220138574912,18.163897009799257,-1.4156253600575672e-09,0.3535066085511985,-0.353600166445987,0.0,-0.37899999999999945,0.1,0.0,0.15,0.0,3.515542507171631,49875,nan,0.9608317017555237,51908.154059523644,52000,52223.35600349091,52226.99166418081,50,52230.15198546595,-0.10067789317920518,0.0,9.106479079691239e-11,0.03317895159125328
28.53075118799461,landing,1,0.003073344938457012,-1.5874049663543701,1.2616233825683594,0.004468152765184641,0.6053972840309143,-0.5134172439575195,4.741242520789745e-09,-1.5599718410914587,1.2842851871796568,0.35712349962649353,49947,-0.38721636869410325,-0.08385200953944306,-0.004163686091129696,0.051453011110424995,-1.4156253600575672e-09,0.3535066085511985,-0.353600166445987,0.0,-0.37599999999999945,0.1,0.0,0.15,0.0,3.515542507171631,49947,nan,0.9747470617294312,51240.98544229745,52000,52213.35600349091,52216.99166418081,50,52230.15198546595,-0.10067789317920518,0.0,9.106479079691239e-11,0.03317895159125328
28.564820680010598,landing,1,0.0030394424684345722,-1.572551965713501,1.2484570741653442,0.0033896551467478275,0.610476016998291,-0.5184425711631775,4.713826090267559e-09,-1.550125475064162,1.277437009215675,0.35802384403875587,50073,-0.36346057945235266,-0.08788941969384806,-0.003536057831374853,15.426647005369887,-1.4156253600575672e-09,0.3535066085511985,-0.353600166445987,0.0,-0.37299999999999944,0.1,0.0,0.15,0.0,3.515542507171631,50073,nan,0.9678539633750916,51736.11091634722,52000,52206.99273566233,52210.579920876364,50,52230.15198546595,-0.08045569331617067,0.0,8.654501439448517e-11,0.03317895159125328
28.569321557006333,landing,1,0.0030308368150144815,-1.55754554271698,1.2350480556488037,0.0025891782715916634,0.6199408769607544,-0.5254979729652405,4.685775095778304e-09,-1.5401206472275217,1.2704303275043691,0.35856013829798394,50148,-0.3493103351455442,-0.09202233725093979,-0.0035440690733141555,0.0651360023766756,-1.4156253600575672e-09,0.3535066085511984,-0.353600166445987,0.0,-0.36999999999999944,0.1,0.0,0.15,0.0,3.515542507171631,50148,nan,0.9835588335990906,50986.27381190384,52000,52196.99273566233,52200.579920876364,50,52230.15198546595,-0.08045569331617067,0.0,8.654501439448517e-11,0.03317895159125328
28.60948834201554,landing,1,0.00298176147043705,-1.5473601818084717,1.2260173559188843,0.0016467777313664556,0.6277141571044922,-0.5316511392593384,4.6572898752149695e-09,-1.5300073854851863,1.263315183189608,0.3595544458772031,50287,-0.32307530667010376,-0.09595275065021103,-0.002955559988253256,20.117014995776117,-1.4156253600575674e-09,0.3535066085511984,-0.3536001664459871,0.0,-0.36699999999999944,0.1,0.0,0.15,0.0,3.515542507171631,50287,nan,0.9590921998023987,52431.87256695509,52000,52200.12446674624,52203.663822824084,50,52230.15198546595,-0.05848335846411623,0.0,9.321079151042032e-11,0.03317895159125328
28.610416092997184,landing,1,0.00298176147043705,-1.5473601818084717,1.2260173559188843,0.0011076637310907245,0.6385366916656494,-0.5398485660552979,4.627836876511447e-09,-1.5196524524802268,1.2559583036523017,0.3601115589237035,50365,-0.308375753991994,-0.10007646347285636,-0.002936456669874367,0.07448700489476323,-1.4156253600575674e-09,0.3535066085511984,-0.3536001664459871,0.0,-0.36399999999999944,0.1,0.0,0.15,0.0,3.515542507171631,50365,nan,0.9590921998023987,52513.199471726155,52000,52204.298800145974,52207.79096480945,50,52230.15198546595,-0.05848335846411623,0.0,9.321079151042032e-11,0.03317895159125328
28.646229378005955,landing,1,0.002803514013066888,-1.5212440490722656,1.2029625177383423,0.0005318624316714704,0.6489620208740234,-0.5459767580032349,4.600557937218486e-09,-1.5098404204367086,1.2491444687588178,0.36119704107491024,50517,-0.27973506398653925,-0.10389583747003156,-0.0024554285129013954,16.811348992632702,-1.4156253600575674e-09,0.3535066085511984,-0.3536001664459871,0.0,-0.36099999999999943,0.1,0.0,0.15,0.0,3.515542507171631,50517,nan,0.932705283164978,54161.80321031214,52000,52214.298800145974,52217.79096480945,50,52230.15198546595,-0.03524812958520884,0.0,9.81136118395281e-11,0.03317895159125328
28.649277952004923,landing,1,0.002694534370675683,-1.5105795860290527,1.1934949159622192,0.00016330713697243482,0.6614577770233154,-0.5592633485794067,4.572409305653739e-09,-1.4998112109010686,1.2421133988957318,0.36177616950077335,50598,-0.2644546305864566,-0.10800686950828231,-0.002417078326247753,0.042603001929819584,-1.4156253600575674e-09,0.35350660855119836,-0.3536001664459871,0.0,-0.35799999999999943,0.1,0.0,0.15,0.0,3.515542507171631,50598,nan,0.9669755101203918,52326.04080500484,52000,52215.78869354409,52219.23429601206,50,52230.15198546595,-0.03524812958520884,0.0,9.81136118395281e-11,0.03317895159125328
28.685207367001567,landing,1,0.0026122548151761293,-1.4998100996017456,1.1840139627456665,-0.0002501581911928952,0.671468198299408,-0.5651896595954895,4.543758366299042e-09,-1.4896565662550634,1.2349568607250374,0.3629859365997615,50767,-0.23253465435985632,-0.11215479485159999,-0.0020050010033989636,15.547299000900239,-1.4156253600575679e-09,0.3535066085511984,-0.35360016644598713,0.0,-0.3549999999999994,0.1,0.0,0.15,0.0,3.515542507171631,50767,nan,0.9710150361061096,52282.40358005366,52000,52216.67689203089,52220.07655313262,50,52230.15198546595,-0.009648832929028343,0.0,1.0429869474821055e-10,0.03317895159125328
28.6892761340132,landing,1,0.0024734539911150932,-1.4887641668319702,1.1743758916854858,-0.00042864910210482776,0.686326265335083,-0.5731302499771118,4.515847391325605e-09,-1.4796867037599353,1.227985153609056,0.36358932035920644,50851,-0.21661423854336626,-0.11626724586312255,-0.0019522766961224307,0.05447401781566441,-1.4156253600575679e-09,0.3535066085511984,-0.35360016644598713,0.0,-0.3519999999999994,0.1,0.0,0.15,0.0,3.515542507171631,50851,nan,0.9643160700798035,52732.71034028474,52000,52223.55733800761,52226.91167029465,50,52230.15198546595,-0.009648832929028343,0.0,1.0429869474821055e-10,0.03317895159125328
28.738945495017106,landing,1,0.002358261961489916,-1.4718900918960571,1.159774899482727,-0.0006296136416494846,0.6963798999786377,-0.5777998566627502,4.481453058892797e-09,-1.468097832611703,1.219394009358472,0.364784063910019,51018,-0.18509066200477697,-0.12006254374102591,-0.0016432957156395857,25.34978699986823,-1.4156253600575679e-09,0.3535066085511984,-0.35360016644598713,0.0,-0.3489999999999994,0.1,0.0,0.15,0.0,3.515542507171631,51018,nan,0.9874320030212402,51667.35516359659,52000,52216.14130901547,52219.45091687201,50,52230.15198546595,0.012641396673975087,0.0,9.504747045708333e-11,0.03317895159125328
28.740249443013454,landing,1,0.002253195270895958,-1.466168761253357,1.1548537015914917,-0.0005772929871454835,0.7077964544296265,-0.5819903612136841,4.443905501649143e-09,-1.455721545639812,1.210015240889351,0.36540856766201274,51106,-0.16861299044821365,-0.12416366785491922,-0.0015814193843199703,0.07205799920484424,-1.4156253600575679e-09,0.35350660855119836,-0.35360016644598713,0.0,-0.3459999999999994,0.1,0.0,0.15,0.0,3.515542507171631,51106,nan,0.9874320030212402,51756.475224249625,52000,52210.01242788526,52213.27790763705,50,52230.15198546595,0.012641396673975087,0.0,9.504747045708333e-11,0.03317895159125328
28.76257093701861,landing,1,0.0019313908414915204,-1.442751407623291,1.134958028793335,-0.0002554644597694278,0.724831223487854,-0.5867342352867126,4.430743513939022e-09,-1.4494347652751198,1.2067275906561918,0.36658297002158446,51270,-0.13762612080252268,-0.1282376578689029,-0.0015120721631038437,13.21553299203515,-1.4156253600575679e-09,0.3535066085511983,-0.35360016644598713,0.0,-0.3429999999999994,0.1,0.0,0.15,0.0,3.515542507171631,51270,nan,0.9801395535469055,52308.87766386465,52000,52211.33063103165,52214.55257105341,50,52230.15198546595,0.03198699412614929,0.0,8.46955812542329e-11,0.03317895159125328
28.76950452500023,landing,1,0.001741468207910657,-1.430710792541504,1.1249195337295532,-0.0010379888117313385,0.7344149351119995,-0.5894927382469177,4.402491364723189e-09,-1.4393797055570845,1.1996706637692869,0.3672258037271641,51360,-0.1206648093096554,-0.13233787751279924,-0.0014499468021210112,0.1181350089609623,-1.4156253600575679e-09,0.3535066085511983,-0.35360016644598713,0.0,-0.3399999999999994,0.1,0.0,0.15,0.0,3.5049853324890137,51360,nan,0.9728599190711975,52792.80088857406,52000,52219.08356779888,52222.262548620354,50,52111.6899283523,0.03198699412614929,0.0,8.46955812542329e-11,0.03317895159125328
28.80879383100546,landing,1,0.0013944096863269806,-1.4122554063796997,1.1096960306167603,-0.0021708833519369364,0.7545455694198608,-0.601119339466095,4.3740824619446094e-09,-1.4292855017110129,1.1925745823945892,0.3686056804589211,51553,-0.08425645227121237,-0.13619833556221805,-0.0002468279397061263,19.38813499873504,-1.4156253600575679e-09,0.3535066085511983,-0.35360016644598713,0.0,-0.3369999999999994,0.1,0.0,0.15,0.0,3.5049853324890137,51553,nan,0.9684611558914185,53231.871703257035,52000,52229.08356779888,52232.262548620354,50,52111.6899283523,0.05629580105811991,0.0,1.0285514062368735e-10,0.03317895159125328
28.809456776012667,landing,1,0.0013944096863269806,-1.4122554063796997,1.1096960306167603,-0.0021708833519369364,0.7545455694198608,-0.601119339466095,4.345984876381522e-09,-1.4192690392618799,1.185556262991612,0.3692715467590688,51646,-0.06668742060504584,-0.14029106265628694,-0.00014904653180354284,0.05077998503111303,-1.415625360057568e-09,0.3535066085511983,-0.35360016644598724,0.0,-0.3339999999999994,0.1,0.0,0.15,0.0,3.5049853324890137,51646,nan,0.9684611558914185,53327.900335313425,52000,52239.08356779888,52242.262548620354,50,52111.6899283523,0.05629580105811991,0.0,1.0285514062368735e-10,0.03317895159125328
28.846836166019784,landing,1,0.0008854543557390571,-1.386755347251892,1.089137315750122,-0.005322003737092018,0.7912610173225403,-0.6158869862556458,4.317035036250437e-09,-1.4090397538226709,1.178325064273528,0.37066116167961044,51840,-0.030022119271492897,-0.14411658669928223,0.0017635224875875313,17.115676979301497,-1.415625360057568e-09,0.3535066085511983,-0.35360016644598724,0.0,-0.3309999999999994,0.1,0.0,0.15,0.0,3.5049853324890137,51840,nan,0.9670178890228271,53608.10858668229,52000,52249.08356779888,52252.262548620354,50,52111.6899283523,0.07876200066680811,0.0,9.32303097005286e-11,0.03317895159125328
28.849337685009232,landing,1,0.0006024056929163635,-1.3736306428909302,1.0787484645843506,-0.006782496813684702,0.8126047849655151,-0.6230339407920837,4.289302083248337e-09,-1.399114346552146,1.1713978241475227,0.37134831470388735,51936,-0.011891432615110276,-0.14820145488008427,0.0019146800017103651,0.03859400749206543,-1.415625360057568e-09,0.3535066085511983,-0.35360016644598724,0.0,-0.3279999999999994,0.1,0.0,0.15,0.0,3.5049853324890137,51936,nan,0.9889305233955383,52517.33946048643,52000,52252.66031303472,52255.79690744524,50,52111.6899283523,0.07876200066680811,0.0,9.32303097005286e-11,0.03317895159125328
28.884805211011553,landing,1,8.386086119571701e-05,-1.3534513711929321,1.0630875825881958,-0.00919143296778202,0.8284454345703125,-0.6249220371246338,4.2604893492489525e-09,-1.3889192989310746,1.164200872308844,0.372717843158377,52128,0.024243882806780803,-0.1365805019948453,0.004502349864443804,15.173305000644177,-1.415625360057568e-09,0.3535066085511983,-0.35360016644598724,0.0,-0.3249999999999994,0.1,0.0,0.15,0.0,3.5049853324890137,52128,nan,1.0000320672988892,52126.32844944562,52000,52250.97588818687,52254.070661338585,50,52111.6899283523,0.0987671437395928,0.0,8.735289084331544e-11,0.03317895159125328
28.889278592017945,landing,1,-0.0005343590164557099,-1.3327207565307617,1.0472688674926758,-0.010901838541030884,0.8521450161933899,-0.6305913925170898,4.232668165982866e-09,-1.3789718590082156,1.1572515936994159,0.3734239510557154,52227,0.04287469803998256,-0.14022909736825728,0.004721188277139155,0.04429099499247968,-1.415625360057568e-09,0.35350660855119825,-0.35360016644598724,0.0,-0.3219999999999994,0.1,0.0,0.15,0.0,3.5049853324890137,52227,nan,0.9761248826980591,53504.42440893618,52000,52260.97588818687,52264.070661338585,50,52111.6899283523,0.0987671437395928,0.0,8.735289084331544e-11,0.03317895159125328
28.92529417699552,landing,1,-0.0008625604677945375,-1.3184773921966553,1.036733865737915,-0.013505320996046066,0.8705295324325562,-0.6338974237442017,4.204070149789717e-09,-1.3688304302086345,1.150108274872808,0.3748534811535625,52427,0.08059317027869284,-0.10530701444155637,0.007823668421091681,15.812084981007501,-1.4156253600575683e-09,0.35350660855119825,-0.3536001664459873,0.0,-0.3189999999999994,0.1,0.0,0.15,0.0,3.5049853324890137,52427,nan,0.9810494780540466,53439.710404811776,52000,52270.97588818687,52274.070661338585,50,52111.6899283523,0.11885941427170443,0.0,8.781474096849205e-11,0.03317895159125328
28.929408177995356,landing,1,-0.0015808907337486744,-1.296630620956421,1.0207030773162842,-0.015035057440400124,0.8929304480552673,-0.6398928165435791,4.175914970949026e-09,-1.3587995857027688,1.1430755696067905,0.37557862647723006,52528,0.09972629227519825,-0.10794059196496539,0.008118392142504325,0.060960010159760714,-1.4156253600575683e-09,0.35350660855119825,-0.3536001664459873,0.0,-0.3159999999999994,0.1,0.0,0.15,0.0,3.5049853324890137,52528,nan,0.9954259395599365,52769.37028908637,52000,52277.62114686553,52280.67465637522,50,52111.6899283523,0.11885941427170443,0.0,8.781474096849205e-11,0.03317895159125328
28.965399298002012,landing,1,-0.0020295600406825542,-1.2817177772521973,1.0099925994873047,-0.017034007236361504,0.9135988354682922,-0.6435025334358215,4.147356513010346e-09,-1.3486680352967033,1.1359421317880813,0.377092932919848,52740,0.13968160738385116,-0.06860557048355004,0.011091902863435739,15.821009990759194,-1.4156253600575683e-09,0.35350660855119825,-0.3536001664459873,0.0,-0.3129999999999994,0.1,0.0,0.15,0.0,3.5049853324890137,52740,nan,0.993174135684967,53102.47025676576,52000,52287.62114686553,52290.67465637522,50,52111.6899283523,0.1396816073838505,0.0,9.052303511876694e-11,0.03317895159125328
28.96927621800569,landing,1,-0.002528378739953041,-1.2664862871170044,0.9992724657058716,-0.01744919642806053,0.9398306608200073,-0.6478962302207947,4.119427541165086e-09,-1.3386936786654133,1.1289659293465346,0.377092932919848,52740,0.13968160738385116,-0.06860557048355004,0.011091902863435739,0.044707005145028234,-1.4156253600575683e-09,0.3535066085511982,-0.3536001664459873,0.0,-0.3099999999999994,0.1,0.0,0.15,0.0,3.4944281578063965,52740,nan,0.9978176951408386,52855.34647945477,52000,52295.19081796672,52298.20361401628,50,51993.227871238654,0.1396816073838505,0.0,9.052303511876694e-11,0.03317895159125328
29.00372703699395,landing,1,-0.0032557074446231127,-1.2430871725082397,0.9831300377845764,-0.018059715628623962,0.9615371823310852,-0.6497530937194824,4.0908662703705795e-09,-1.32856142583966,1.121831788922238,0.3777738544794273,52835,0.15764787544662973,-0.022971907402502725,0.01232704029244708,14.277815993409604,-1.4156253600575685e-09,0.35350660855119825,-0.35360016644598735,0.0,-0.3069999999999994,0.1,0.0,0.15,0.0,3.4944281578063965,52835,nan,1.0146023035049438,52074.59101707288,52000,52292.24948728814,52295.222112723706,50,51993.227871238654,0.15764787544663017,0.0,1.1854782229578614e-06,0.03317895159125328
29.00937022001017,landing,1,-0.0037642205134034157,-1.227123737335205,0.9723418951034546,-0.01820175163447857,0.9869200587272644,-0.6523264646530151,4.062702207053511e-09,-1.3185283627234177,1.1147968644586739,0.3777738544794273,52835,0.15764787544662973,-0.022971907402502725,0.01232704029244708,0.05492402124218643,-1.4156253600575685e-09,0.35350660855119825,-0.35360016644598735,0.0,-0.3039999999999994,0.1,0.0,0.15,0.0,3.4944281578063965,52835,nan,0.9770645499229431,54075.23996666021,52000,52302.24948728814,52305.222112723706,50,51993.227871238654,0.15764787544663017,0.0,1.1854782229578614e-06,0.03317895159125328
29.04652994099888,landing,1,-0.00447128526866436,-1.2026861906051636,0.9560967087745667,-0.018361147493124008,1.0085519552230835,-0.6572102904319763,4.0343764977417895e-09,-1.3084549337526434,1.1077215634574835,0.3795416030485645,53082,0.20429031790407493,0.022830637167240778,0.013090479705949747,17.17426802497357,-1.4156253600575685e-09,0.35350660855119825,-0.35360016644598735,0.0,-0.3009999999999994,0.1,0.0,0.15,0.0,3.4944281578063965,53082,nan,1.006407380104065,52744.04883091298,52000,52308.14014520314,52311.0731356329,50,51993.227871238654,0.20429031790407517,1.087587458785707e-15,0.0014783786711033697,0.03317895159125328
29.049266315996647,landing,1,-0.004909830167889595,-1.1860967874526978,0.9452968835830688,-0.017705142498016357,1.0327401161193848,-0.6590290665626526,4.006163080058808e-09,-1.2984095459811615,1.1006743110768773,0.3795416030485645,53082,0.20429031790407493,0.022830637167240778,0.013090479705949747,0.039538019336760044,-1.4156253600575685e-09,0.35350660855119825,-0.35360016644598735,0.0,-0.2979999999999994,0.1,0.0,0.15,0.0,3.4944281578063965,53082,nan,1.0085338354110718,52632.840006170074,52000,52312.4694766827,52315.36336057339,50,51993.227871238654,0.20429031790407517,1.087587458785707e-15,0.0014783786711033697,0.03317895159125328
29.084256272995844,landing,1,-0.005352028179913759,-1.1693676710128784,0.9344968795776367,-0.016825512051582336,1.0516550540924072,-0.6594609022140503,3.9777510897844e-09,-1.2883145711329524,1.0935774584959912,0.38058469031254655,53228,0.23181240930201774,0.062317578002533694,0.012626598915222111,14.916796993929893,-1.4156253600575685e-09,0.35350660855119825,-0.35360016644598735,0.0,-0.2949999999999994,0.1,0.0,0.15,0.0,3.4944281578063965,53228,nan,1.0081971883773804,52795.22757414804,52000,52318.90625131557,52321.76155008772,50,51993.227871238654,0.23181240930201846,1.5925768309299965e-15,0.00231110208738027,0.03317895159125328
29.089332011004444,landing,1,-0.006064906716346741,-1.1438206434249878,0.9183995127677917,-0.015029946342110634,1.070501685142517,-0.6586465239524841,3.949489453087226e-09,-1.2782571422235711,1.0865181617907171,0.38058469031254655,53228,0.23181240930201774,0.062317578002533694,0.012626598915222111,0.04505598917603493,-1.4156253600575683e-09,0.3535066085511982,-0.3536001664459873,0.0,-0.29199999999999937,0.1,0.0,0.15,0.0,3.4944281578063965,53228,nan,1.0044149160385132,52994.03578148279,52000,52327.90797838447,52330.72520650632,50,51993.227871238654,0.23181240930201846,1.5925768309299965e-15,0.00231110208738027,0.03317895159125328
29.12771711300593,landing,1,-0.006487199570983648,-1.126668095588684,0.9075897336006165,-0.014165045693516731,1.0760498046875,-0.6563645005226135,3.920938179419552e-09,-1.268127385856628,1.079386518485935,0.3814945232217019,53356,0.2558185546623175,0.09571810904981885,0.011650511601157328,18.234279996249825,-1.4156253600575683e-09,0.35350660855119825,-0.3536001664459873,0.0,-0.28899999999999937,0.1,0.0,0.15,0.0,3.4944281578063965,53356,nan,1.0039293766021729,53147.16477426418,52000,52337.90797838447,52340.72520650632,50,51993.227871238654,0.255818554662317,2.1980886767617816e-15,0.003073417384212542,0.03317895159125328
29.13071661401773,landing,1,-0.006977406330406666,-1.1093947887420654,0.8969739675521851,-0.01267292257398367,1.0878440141677856,-0.6567316651344299,3.892203385542065e-09,-1.2579518012580055,1.0722090348207245,0.3814945232217019,53356,0.2558185546623175,0.09571810904981885,0.011650511601157328,0.038124999264255166,-1.4156253600575683e-09,0.35350660855119825,-0.3536001664459873,0.0,-0.28599999999999937,0.1,0.0,0.15,0.0,3.4944281578063965,53356,nan,1.0349899530410767,51552.19124903178,52000,52327.90797838447,52330.72520650632,50,51993.227871238654,0.255818554662317,2.1980886767617816e-15,0.003073417384212542,0.03317895159125328
29.163803275994724,landing,1,-0.007606898434460163,-1.0834144353866577,0.8809595108032227,-0.012248052284121513,1.087931513786316,-0.6499395370483398,3.864257104866993e-09,-1.2479731223067736,1.0652285089153046,0.3822055897965667,53455,0.27458020571416064,0.1220723735434625,0.011107450310391398,14.280520001193509,-1.4156253600575683e-09,0.35350660855119825,-0.3536001664459873,0.0,-0.28299999999999936,0.1,0.0,0.15,0.0,3.4944281578063965,53455,nan,1.0019489526748657,53351.02138416651,52000,52337.90797838447,52340.72520650632,50,51993.227871238654,0.2745802057141601,1.3430950817493243e-15,0.003508175139155593,0.03317895159125328
29.169340351014398,landing,1,-0.008074693381786346,-1.066089391708374,0.8702898025512695,-0.011750027537345886,1.0896834135055542,-0.6505411267280579,3.836221039570992e-09,-1.2379720225528765,1.058225556273404,0.3822055897965667,53455,0.27458020571416064,0.1220723735434625,0.011107450310391398,0.04586501745507121,-1.415625360057568e-09,0.35350660855119825,-0.35360016644598724,0.0,-0.27999999999999936,0.1,0.0,0.15,0.0,3.4838709831237793,53455,nan,1.0001535415649414,53446.793695654866,52000,52347.90797838447,52350.72520650632,50,51874.76581412501,0.2745802057141601,1.3430950817493243e-15,0.003508175139155593,0.03317895159125328
29.204095538007095,landing,1,-0.008721329271793365,-1.0402439832687378,0.8543583154678345,-0.012340088374912739,1.0837770700454712,-0.646481990814209,3.80789450633926e-09,-1.2278983878347511,1.05115004947041,0.383144627440336,53586,0.2993569245471228,0.1389257645135233,0.011719107546355105,14.76896699750796,-1.415625360057568e-09,0.3535066085511983,-0.35360016644598724,0.0,-0.27699999999999936,0.1,0.0,0.15,0.0,3.4838709831237793,53586,nan,1.0208719968795776,52490.420115148896,52000,52349.808140208,52352.587805288225,50,51874.76581412501,0.29935692454712226,6.420948773659874e-15,0.0039506145463418406,0.03317895159125328
29.20937948601204,landing,1,-0.00909972470253706,-1.0230937004089355,0.8438591361045837,-0.012266482226550579,1.0787447690963745,-0.642829179763794,3.779523672554394e-09,-1.2178136904875305,1.0440634771105222,0.383144627440336,53586,0.2993569245471228,0.1389257645135233,0.011719107546355105,0.04283498856239021,-1.415625360057568e-09,0.3535066085511983,-0.35360016644598724,0.0,-0.27399999999999936,0.1,0.0,0.15,0.0,3.4838709831237793,53586,nan,1.031773567199707,51935.81392614612,52000,52344.28821735384,52347.030820233,50,51874.76581412501,0.29935692454712226,6.420948773659874e-15,0.0039506145463418406,0.03317895159125328
29.243329085002188,landing,1,-0.009747578762471676,-0.9977468252182007,0.8281235694885254,-0.01327551156282425,1.0664829015731812,-0.6389089226722717,3.751127067270171e-09,-1.2077225575425936,1.0369704674496938,0.38379136042300227,53677,0.3164211193404274,0.14787105766628686,0.01277778112164847,13.889922003727406,-1.415625360057568e-09,0.3535066085511983,-0.35360016644598724,0.0,-0.27099999999999935,0.1,0.0,0.15,0.0,3.4838709831237793,53677,nan,0.9978383779525757,53793.280741654446,52000,52354.28821735384,52357.030820233,50,51874.76581412501,0.31642111934042777,7.474029338233881e-15,0.004253307040565771,0.03317895159125328
29.2492397360038,landing,1,-0.0101609593257308,-0.9810310006141663,0.817681610584259,-0.014014686457812786,1.0554410219192505,-0.6404936909675598,3.72308848501761e-09,-1.1977208292602721,1.0299668861130242,0.38379136042300227,53677,0.3164211193404274,0.14787105766628686,0.01277778112164847,0.04215197986923158,-1.415625360057568e-09,0.3535066085511983,-0.35360016644598724,0.0,-0.26799999999999935,0.1,0.0,0.15,0.0,3.4838709831237793,53677,nan,1.0152066946029663,52872.97678921666,52000,52361.20406497867,52363.91009981945,50,51874.76581412501,0.31642111934042777,7.474029338233881e-15,0.004253307040565771,0.03317895159125328
29.282944712002063,landing,1,-0.010627716779708862,-0.964545488357544,0.8072718977928162,-0.015015104785561562,1.0399709939956665,-0.6385995149612427,3.6946442510345214e-09,-1.1876178025895792,1.0228619795786855,0.3847097711220743,53805,0.34065359161145636,0.1464900454994917,0.014209781890528638,13.612846989417449,-1.4156253600575679e-09,0.3535066085511983,-0.35360016644598713,0.0,-0.26499999999999935,0.1,0.0,0.15,0.0,3.4838709831237793,53805,nan,1.0254379510879517,52470.26399102441,52000,52362.658197325945,52365.32815170218,50,51874.76581412501,0.3406535916114572,7.176573898587323e-15,0.004624622295275262,0.03317895159125328
29.289316094014794,landing,1,-0.011257423087954521,-0.9402782917022705,0.791780412197113,-0.015103582292795181,1.0235239267349243,-0.6362004280090332,3.6663871556618264e-09,-1.1775615077289792,1.0158038172223267,0.3847097711220743,53805,0.34065359161145636,0.1464900454994917,0.014209781890528638,0.04651601193472743,-1.4156253600575679e-09,0.3535066085511983,-0.35360016644598713,0.0,-0.26199999999999934,0.1,0.0,0.15,0.0,3.4838709831237793,53805,nan,1.021691918373108,52662.64617779932,52000,52366.65803706559,52369.29239205014,50,51874.76581412501,0.3406535916114572,7.176573898587323e-15,0.004624622295275262,0.03317895159125328
29.324397592019523,landing,1,-0.011623055674135685,-0.924465000629425,0.7815550565719604,-0.015745457261800766,0.999374270439148,-0.6326990723609924,3.637915427396344e-09,-1.1674516152512742,1.0086920430638942,0.3854604622501903,53910,0.36046074538760564,0.14066833547306368,0.015121867406988104,14.994411991210654,-1.4156253600575679e-09,0.3535066085511983,-0.35360016644598713,0.0,-0.25899999999999934,0.1,0.0,0.15,0.0,3.4838709831237793,53910,nan,1.0312927961349487,52274.19429481369,52000,52365.4251871689,52368.024417420325,50,51874.76581412501,0.36046074538760536,5.1255089988604795e-15,0.004922890393886087,0.03317895159125328
29.329378284019185,landing,1,-0.012274089269340038,-0.9012452960014343,0.7662822604179382,-0.014688518829643726,0.9788293838500977,-0.6286210417747498,3.609671217072925e-09,-1.1573985380146297,1.0016370991830565,0.3854604622501903,53910,0.36046074538760564,0.14066833547306368,0.015121867406988104,0.047560984967276454,-1.4156253600575679e-09,0.35350660855119836,-0.35360016644598713,0.0,-0.25599999999999934,0.1,0.0,0.15,0.0,3.4838709831237793,53910,nan,1.0239267349243164,52650.25139126264,52000,52369.22286989015,52371.78744373823,50,51874.76581412501,0.36046074538760536,5.1255089988604795e-15,0.004922890393886087,0.03317895159125328
29.36407680399134,landing,1,-0.012658225372433662,-0.886151909828186,0.7561944127082825,-0.014177951030433178,0.945227324962616,-0.6191315054893494,3.5811789112836736e-09,-1.147283506966477,0.9945201850942192,0.38565483652095756,53937,0.36558935411497373,0.1263422485286503,0.014754186812960951,14.587564015528187,-1.4156253600575679e-09,0.3535066085511984,-0.35360016644598713,0.0,-0.25299999999999934,0.1,0.0,0.15,0.0,3.4838709831237793,53937,nan,1.0311106443405151,52309.61419712372,52000,52368.428087586595,52370.958467116696,50,51874.76581412501,0.3655893541149731,3.871681261703881e-15,0.00501346250259416,0.03317895159125328
29.369307551009115,landing,1,-0.013208561576902866,-0.8641917705535889,0.7411977052688599,-0.012371748685836792,0.9192636609077454,-0.6132236123085022,3.5531789614364734e-09,-1.1372914258768272,0.9875262535034157,0.38565483652095756,53937,0.36558935411497373,0.1263422485286503,0.014754186812960951,0.05791900912299752,-1.4156253600575679e-09,0.3535066085511984,-0.35360016644598713,0.0,-0.24999999999999933,0.1,0.0,0.15,0.0,3.4785923957824707,53937,nan,1.025362253189087,52602.87262598644,52000,52371.55401476526,52374.05065590163,50,51815.53478556818,0.3655893541149731,3.871681261703881e-15,0.00501346250259416,0.03317895159125328
29.405574639997212,landing,1,-0.01354815624654293,-0.8499715924263,0.7313382625579834,-0.011570814996957779,0.886093258857727,-0.606361985206604,3.524644377978802e-09,-1.1271658373495546,0.9803987791413505,0.3858735030443973,53968,0.3713589193772364,0.1080468328240403,0.013713229665076689,16.156359983142465,-1.4156253600575679e-09,0.3535066085511984,-0.35360016644598713,0.0,-0.24699999999999933,0.1,0.0,0.15,0.0,3.4785923957824707,53968,nan,1.0313829183578491,52325.86175261363,52000,52370.944784603234,52373.40813719112,50,51815.53478556818,0.371358919377237,1.1109805573411761e-15,0.005094056922119162,0.03317895159125328
29.409297245001653,landing,1,-0.013867002911865711,-0.8360092639923096,0.7215187549591064,-0.009724386036396027,0.8588934540748596,-0.5993878245353699,3.496562120838136e-09,-1.117153202677726,0.9733842885287248,0.3858735030443973,53968,0.3713589193772364,0.1080468328240403,0.013713229665076689,0.051763985538855195,-1.4156253600575674e-09,0.35350660855119836,-0.3536001664459871,0.0,-0.24399999999999933,0.1,0.0,0.15,0.0,3.4785923957824707,53968,nan,1.0341964960098267,52183.506914035424,52000,52368.44561299567,52370.87612088238,50,51815.53478556818,0.371358919377237,1.1109805573411761e-15,0.005094056922119162,0.03317895159125328
29.446739611012163,landing,1,-0.014272122643887997,-0.8159130811691284,0.7069076895713806,-0.009162554517388344,0.8268972039222717,-0.5913777947425842,3.466734098903244e-09,-1.106704619760586,0.9659337342941613,0.3859326673669242,53976,0.3729199832961516,0.08867077353351356,0.012706272728316445,16.393683006754145,-1.4156253600575674e-09,0.3535066085511984,-0.3536001664459871,0.0,-0.24099999999999933,0.1,0.0,0.15,0.0,3.4785923957824707,53976,nan,1.0423444509506226,51783.26603146749,52000,52360.64321857529,52363.04131969018,50,51815.53478556818,0.3729199832961511,0.0,0.005120350938624959,0.03317895159125328
29.44923632100108,landing,1,-0.01453334465622902,-0.8029089570045471,0.6972693800926208,-0.00783522892743349,0.7994685769081116,-0.584882378578186,3.4399411324588695e-09,-1.0970139437046051,0.9592412875058901,0.3859326673669242,53976,0.3729199832961516,0.08867077353351356,0.012706272728316445,0.03477200516499579,-1.4156253600575674e-09,0.3535066085511984,-0.3536001664459871,0.0,-0.23799999999999932,0.1,0.0,0.15,0.0,3.4785923957824707,53976,nan,1.034441590309143,52178.8765123696,52000,52358.21966249255,52360.585788925906,50,51815.53478556818,0.3729199832961511,0.0,0.005120350938624959,0.03317895159125328
29.48709987400798,landing,1,-0.014819743111729622,-0.7840043902397156,0.6829622983932495,-0.007293027359992266,0.769486665725708,-0.5784696340560913,3.41097989513846e-09,-1.0867818121863002,0.9520072419554755,0.38612226376046366,54003,0.3779225266613082,0.06918583450526096,0.011912845572328199,17.379500990500674,-1.4156253600575674e-09,0.3535066085511984,-0.3536001664459871,0.0,-0.23499999999999932,0.1,0.0,0.15,0.0,3.4785923957824707,54003,nan,1.043989896774292,51727.51208307461,52000,52349.810228100316,52352.144806181226,50,51815.53478556818,0.3779225266613082,0.0,0.0051597321225328825,0.03317895159125328
29.489673866017256,landing,1,-0.015062886290252209,-0.7718543410301208,0.673541247844696,-0.006072469055652618,0.7442782521247864,-0.5732504725456238,3.3833332343878795e-09,-1.076877953612231,0.9451015562289331,0.38612226376046366,54003,0.3779225266613082,0.06918583450526096,0.011912845572328199,0.03187899710610509,-1.4156253600575672e-09,0.3535066085511984,-0.353600166445987,0.0,-0.23199999999999932,0.1,0.0,0.15,0.0,3.4785923957824707,54003,nan,1.02375066280365,52750.148998299104,52000,52355.14807836963,52357.4515287428,50,51815.53478556818,0.3779225266613082,0.0,0.0051597321225328825,0.03317895159125328
29.524932833999628,landing,1,-0.015139882452785969,-0.759966254234314,0.6642300486564636,-0.004772786516696215,0.7177494168281555,-0.5679914951324463,3.354796199111039e-09,-1.0667517528224884,0.9379734694423588,0.3862422440095298,54020,0.3810882324414173,0.04888408618606884,0.010630345852271256,15.537838015006855,-1.4156253600575672e-09,0.3535066085511985,-0.353600166445987,0.0,-0.22899999999999932,0.1,0.0,0.15,0.0,3.4785923957824707,54020,nan,1.0343343019485474,52226.82830708945,52000,52353.4371480859,52355.70988578742,50,51815.53478556818,0.381088232441417,3.566728319064566e-11,0.00517181251927028,0.03317895159125328
29.529405184002826,landing,1,-0.015321395359933376,-0.742726743221283,0.6504034399986267,-0.0023555487859994173,0.6949864029884338,-0.5609956383705139,3.3265038532448716e-09,-1.0566866552922354,0.9309065020866614,0.3862422440095298,54020,0.3810882324414173,0.04888408618606884,0.010630345852271256,0.04165800055488944,-1.4156253600575672e-09,0.3535066085511985,-0.353600166445987,0.0,-0.2259999999999993,0.1,0.0,0.15,0.0,3.4785923957824707,54020,nan,1.038276195526123,52028.5452298428,52000,52349.10525584266,52351.34769037482,50,51815.53478556818,0.381088232441417,3.566728319064566e-11,0.00517181251927028,0.03317895159125328
29.564909553009784,landing,1,-0.015340096317231655,-0.7315860390663147,0.6412737369537354,-0.00013389188097789884,0.6669405698776245,-0.5508171319961548,3.2980849278365845e-09,-1.0465899486188368,0.9238079172222466,0.3860974196680489,53999,0.3772670097110513,0.03141505633505439,0.008076737543627689,15.444325021235272,-1.4156253600575672e-09,0.3535066085511985,-0.353600166445987,0.0,-0.2229999999999993,0.1,0.0,0.15,0.0,3.4785923957824707,53999,nan,1.0235463380813599,52756.7712285711,52000,52354.540802145704,52356.75333755078,50,51815.53478556818,0.3772670097110508,1.456076502553012e-16,0.005061327808160567,0.03317895159125328
29.569297175999964,landing,1,-0.01531103253364563,-0.7206709384918213,0.6322802305221558,0.003162441309541464,0.6455999612808228,-0.5452479124069214,3.270014554829467e-09,-1.0365802816246614,0.91679639507269,0.3860974196680489,53999,0.3772670097110513,0.03141505633505439,0.008076737543627689,0.03869200008921325,-1.4156253600575672e-09,0.35350660855119853,-0.353600166445987,0.0,-0.2199999999999993,0.1,0.0,0.15,0.0,3.4785923957824707,53999,nan,1.0159881114959717,53149.243961615095,52000,52364.540802145704,52366.75333755078,50,51815.53478556818,0.3772670097110508,1.456076502553012e-16,0.005061327808160567,0.03317895159125328
29.604395322006894,landing,1,-0.015179740265011787,-0.7047261595726013,0.6189743876457214,0.006374332122504711,0.6235325336456299,-0.5381366014480591,3.241606521249828e-09,-1.026486294832889,0.9097005308097362,0.3862287114044553,54018,0.3807311716215107,0.01737747933799858,0.0042569621920038915,15.026387991383672,-1.4156253600575672e-09,0.35350660855119853,-0.353600166445987,0.0,-0.2169999999999993,0.1,0.0,0.15,0.0,3.4785923957824707,54018,nan,1.0405125617980957,51914.79851685041,52000,52358.54423834177,52360.72727327477,50,51815.53478556818,0.3807311716215113,1.65665523428929e-15,0.005029332171818071,0.03317895159125328
29.60933791199932,landing,1,-0.015028531663119793,-0.6943159699440002,0.6102197170257568,0.010456171818077564,0.606990396976471,-0.531304121017456,3.21335540970023e-09,-1.0164314942384056,0.9026438631149616,0.3862287114044553,54018,0.3807311716215107,0.01737747933799858,0.0042569621920038915,0.04742800956591964,-1.4156253600575672e-09,0.35350660855119853,-0.353600166445987,0.0,-0.2139999999999993,0.1,0.0,0.15,0.0,3.4785923957824707,54018,nan,1.0429993867874146,51791.01798552641,52000,52350.977221637564,52353.13114943813,50,51815.53478556818,0.3807311716215113,1.65665523428929e-15,0.005029332171818071,0.03317895159125328
29.64458989800187,landing,1,-0.01468574907630682,-0.6790830492973328,0.5972411632537842,0.014675334095954895,0.5912179350852966,-0.5223159790039062,3.184945415489258e-09,-1.0063370178424251,0.8955475091182229,0.3861125701305006,54001,0.37766675806070005,0.009083300830879264,-0.000762641845269211,15.206151001621038,-1.4156253600575672e-09,0.35350660855119853,-0.353600166445987,0.0,-0.2109999999999993,0.1,0.0,0.15,0.0,3.4785923957824707,54001,nan,1.035021185874939,52173.81125812521,52000,52348.61500879073,52350.740217553954,50,51815.53478556818,0.37766675806069955,1.1012310680576412e-16,0.004905503581119855,0.03317895159125328
29.64932920099818,landing,1,-0.01435132510960102,-0.6691188216209412,0.5887344479560852,0.01905812695622444,0.580275297164917,-0.514552652835846,3.1568002068717212e-09,-0.9963086630770465,0.8885172942516191,0.3861125701305006,54001,0.37766675806070005,0.009083300830879264,-0.000762641845269211,0.06402400322258472,-1.415625360057567e-09,0.35350660855119853,-0.35360016644598696,0.0,-0.2079999999999993,0.1,0.0,0.15,0.0,3.4785923957824707,54001,nan,1.0376089811325073,52043.68985035205,52000,52344.54934001155,52346.64621265793,50,51815.53478556818,0.37766675806069955,1.1012310680576412e-16,0.004905503581119855,0.03317895159125328
29.686851637001382,landing,1,-0.01406004372984171,-0.6592149138450623,0.5803220272064209,0.022997790947556496,0.569185733795166,-0.5065209269523621,3.1281517391946517e-09,-0.9861546356525182,0.8813613734657536,0.3857707881413153,53954,0.36864876362309396,0.0036759722523338053,-0.005869726930184312,17.25479101878591,-1.415625360057567e-09,0.3535066085511986,-0.35360016644598696,0.0,-0.2049999999999993,0.1,0.0,0.15,0.0,3.4785923957824707,53954,nan,1.041609287261963,51798.69329105806,52000,52337.271259358844,52339.34017370327,50,51815.53478556818,0.3686487636230939,1.2701701930984886e-12,0.004755332524756537,0.03317895159125328
29.690642061003018,landing,1,-0.01347719319164753,-0.6445807218551636,0.5679559111595154,0.026977095752954483,0.5621681213378906,-0.49954143166542053,3.099546397166882e-09,-0.9760113774628848,0.8742162247649331,0.3857707881413153,53954,0.36864876362309396,0.0036759722523338053,-0.005869726930184312,0.04736802657134831,-1.415625360057567e-09,0.3535066085511986,-0.35360016644598696,0.0,-0.2019999999999993,0.1,0.0,0.15,0.0,3.4785923957824707,53954,nan,1.055830478668213,51101.006354784964,52000,52327.271259358844,52329.34017370327,50,51815.53478556818,0.3686487636230939,1.2701701930984886e-12,0.004755332524756537,0.03317895159125328
29.725311568006873,landing,1,-0.013043224811553955,-0.6349292397499084,0.5598625540733337,0.02992231957614422,0.5532617568969727,-0.48476743698120117,3.071726376114994e-09,-0.9660642277654002,0.867267236457689,0.38516347566007014,53869,0.3526246876007946,0.004080883882286188,-0.010393779762251991,15.93949701054953,-1.415625360057567e-09,0.3535066085511986,-0.35360016644598696,0.0,-0.1989999999999993,0.1,0.0,0.15,0.0,3.4785923957824707,53869,nan,1.040527105331421,51770.87624530651,52000,52319.85265917148,52321.893987991316,50,51815.53478556818,0.35262468760079374,1.55266486683082e-12,0.00453545099425042,0.03317895159125328
29.729457139997976,landing,1,-0.012225743383169174,-0.6205450296401978,0.5478976368904114,0.03274950385093689,0.548669159412384,-0.47735804319381714,3.0434109824482347e-09,-0.9559933747930282,0.8601945121366564,0.38516347566007014,53869,0.3526246876007946,0.004080883882286188,-0.010393779762251991,0.04457301110960543,-1.415625360057567e-09,0.35350660855119864,-0.35360016644598696,0.0,-0.19599999999999929,0.1,0.0,0.15,0.0,3.4785923957824707,53869,nan,1.0456351041793823,51517.97198151315,52000,52309.85265917148,52311.893987991316,50,51815.53478556818,0.35262468760079374,1.55266486683082e-12,0.00453545099425042,0.03317895159125328
29.76388990401756,landing,1,-0.011705795302987099,-0.611031174659729,0.5400959253311157,0.034742243587970734,0.5436604022979736,-0.4680390954017639,3.014948852162818e-09,-0.9458858791001488,0.8530851353973744,0.38488469517982205,53830,0.34526900210612155,0.007920125338724182,-0.01387559373869556,14.424396998947486,-1.4156253600575668e-09,0.3535066085511986,-0.3536001664459869,0.0,-0.19299999999999928,0.1,0.0,0.15,0.0,3.4785923957824707,53830,nan,1.0386910438537598,51824.84273695045,52000,52303.38586020854,52305.39997131077,50,51815.53478556818,0.34526900210612177,6.734032457581027e-13,0.004414924537345576,0.03317895159125328
29.769317158992635,landing,1,-0.011089295148849487,-0.6015291810035706,0.5323826670646667,0.037055853754282,0.5410224199295044,-0.46116986870765686,2.986901767606195e-09,-0.9358820276426156,0.8460794303235807,0.38488469517982205,53830,0.34526900210612155,0.007920125338724182,-0.01387559373869556,0.05582900485023856,-1.4156253600575668e-09,0.3535066085511986,-0.3536001664459869,0.0,-0.18999999999999928,0.1,0.0,0.15,0.0,3.4785923957824707,53830,nan,1.039278268814087,51795.560068262595,52000,52296.61484964926,52298.60210593679,50,51815.53478556818,0.34526900210612177,6.734032457581027e-13,0.004414924537345576,0.03317895159125328
29.805520366993733,landing,1,-0.01055939681828022,-0.5920815467834473,0.5247863531112671,0.03870954364538193,0.5379737615585327,-0.4512002170085907,2.958452795568052e-09,-0.9257778177960481,0.8389733403002319,0.3843918471757034,53761,0.33226509698425666,0.01143584876818093,-0.016780629192828682,16.136216989252716,-1.4156253600575668e-09,0.3535066085511986,-0.3536001664459869,0.0,-0.18699999999999928,0.1,0.0,0.15,0.0,3.4785923957824707,53761,nan,1.0532658100128174,51042.19608091691,52000,52286.61484964926,52288.60210593679,50,51815.53478556818,0.33226509698425655,2.539934705587414e-12,0.004237932881476881,0.03317895159125328
29.809257493005134,landing,1,-0.009635750204324722,-0.5778468251228333,0.513585090637207,0.04072578251361847,0.5373221635818481,-0.4419487416744232,2.9303586896023395e-09,-0.9157622242637216,0.8319558900440261,0.3843918471757034,53761,0.33226509698425666,0.01143584876818093,-0.016780629192828682,0.05538502591662109,-1.4156253600575668e-09,0.35350660855119864,-0.3536001664459869,0.0,-0.18399999999999928,0.1,0.0,0.15,0.0,3.4785923957824707,53761,nan,1.03761625289917,51812.02573667108,52000,52280.28699480955,52282.24775434658,50,51815.53478556818,0.33226509698425655,2.539934705587414e-12,0.004237932881476881,0.03317895159125328
29.846654835011577,landing,1,-0.008982564322650433,-0.5684316754341125,0.50623619556427,0.041754890233278275,0.5367655754089355,-0.4309591054916382,2.901776330237771e-09,-0.9056247052502522,0.8248164820382813,0.3838038317169903,53679,0.31675017722929333,0.020015621224549206,-0.01939161412297447,17.22950499970466,-1.4156253600575668e-09,0.3535066085511987,-0.3536001664459869,0.0,-0.18099999999999927,0.1,0.0,0.15,0.0,3.4785923957824707,53679,nan,1.0356954336166382,51828.94339173966,52000,52274.26908010195,52276.20369617848,50,51815.53478556818,0.31675017722929266,3.08893185294724e-12,0.004044844068321017,0.03317895159125328
29.84969562201877,landing,1,-0.008094633929431438,-0.5542895793914795,0.49542054533958435,0.0426926389336586,0.5382371544837952,-0.4228125810623169,2.8737066381862443e-09,-0.8956152083026925,0.8178051299803444,0.3838038317169903,53679,0.31675017722929333,0.020015621224549206,-0.01939161412297447,0.0346879824064672,-1.4156253600575668e-09,0.3535066085511987,-0.3536001664459869,0.0,-0.17799999999999927,0.1,0.0,0.15,0.0,3.4785923957824707,53679,nan,1.029488444328308,52141.4303343861,52000,52272.497896825735,52274.40671802125,50,51815.53478556818,0.31675017722929266,3.08893185294724e-12,0.004044844068321017,0.03317895159125328
29.88541858701501,landing,1,-0.007450756151229143,-0.5449252128601074,0.4883117079734802,0.042116113007068634,0.5383642315864563,-0.4139338433742523,2.845164515147727e-09,-0.8854877370091669,0.8106757723537396,0.3834162059120024,53624,0.3065225834301408,0.03015368517235886,-0.020424436140888246,15.995566005585715,-1.4156253600575668e-09,0.3535066085511987,-0.3536001664459869,0.0,-0.17499999999999927,0.1,0.0,0.15,0.0,3.4785923957824707,53624,nan,1.0447298288345337,51328.102749608646,52000,52262.497896825735,52264.40671802125,50,51815.53478556818,0.30652258343014166,1.6362101594027103e-12,0.0039036085210515602,0.03317895159125328
29.889305429998785,landing,1,-0.0065322197042405605,-0.5308368802070618,0.47778022289276123,0.041491102427244186,0.5398648381233215,-0.40736639499664307,2.8170158892273984e-09,-0.8754585288830372,0.8036447039005372,0.3834162059120024,53624,0.3065225834301408,0.03015368517235886,-0.020424436140888246,0.04314398393034935,-1.4156253600575664e-09,0.3535066085511987,-0.3536001664459868,0.0,-0.17199999999999926,0.1,0.0,0.15,0.0,3.4785923957824707,53624,nan,1.0117133855819702,53003.153624535415,52000,52272.373306528534,52274.25667677478,50,51815.53478556818,0.30652258343014166,1.6362101594027103e-12,0.0039036085210515602,0.03317895159125328
29.924352870002622,landing,1,-0.006013787351548672,-0.521409273147583,0.47087544202804565,0.03952696546912193,0.540826141834259,-0.40309739112854004,2.7886077310585955e-09,-0.8653645109791539,0.7965488085172387,0.38345149378246757,53629,0.3074536618065302,0.04077198360610917,-0.019681087243761552,15.0011719961185,-1.4156253600575664e-09,0.35350660855119875,-0.3536001664459868,0.0,-0.16899999999999926,0.1,0.0,0.15,0.0,3.4785923957824707,53629,nan,1.0497597455978394,51086.927484972504,52000,52262.373306528534,52264.25667677478,50,51815.53478556818,0.30745366180653083,5.157925191941274e-16,0.003858734050640635,0.03317895159125328
29.92934480999247,landing,1,-0.005175009835511446,-0.5072834491729736,0.4607264995574951,0.0376378670334816,0.5409483313560486,-0.3952699601650238,2.7603714255550904e-09,-0.8553134077153965,0.7894958391317135,0.38345149378246757,53629,0.3074536618065302,0.04077198360610917,-0.019681087243761552,0.0538520107511431,-1.4156253600575664e-09,0.35350660855119875,-0.3536001664459868,0.0,-0.16599999999999926,0.1,0.0,0.15,0.0,3.4785923957824707,53629,nan,1.0211619138717651,52517.62651102418,52000,52265.776682588476,52267.63494123144,50,51815.53478556818,0.30745366180653083,5.157925191941274e-16,0.003858734050640635,0.03317895159125328
29.96539648299222,landing,1,-0.004675789270550013,-0.4979027509689331,0.4540528357028961,0.03510582074522972,0.5426989197731018,-0.3937284052371979,2.7314278990952668e-09,-0.8450856989112059,0.7822662174659141,0.3835674979777803,53645,0.3105144585166286,0.051032742214012175,-0.017823695518504965,15.631115005817264,-1.4156253600575664e-09,0.35350660855119875,-0.3536001664459868,0.0,-0.16299999999999926,0.1,0.0,0.15,0.0,3.4785923957824707,53645,nan,1.0331251621246338,51924.976727581045,52000,52261.23268318838,52263.06616504944,50,51815.53478556818,0.3105144585166289,5.721517686179212e-16,0.0038140251244551788,0.03317895159125328
29.96933725901181,landing,1,-0.003950231242924929,-0.4837699234485626,0.4441751539707184,0.033092014491558075,0.5424820184707642,-0.3888337314128876,2.7038678349826963e-09,-0.835203465044265,0.7753821621696237,0.3835674979777803,53645,0.3105144585166286,0.051032742214012175,-0.017823695518504965,0.05281297490000725,-1.4156253600575662e-09,0.3535066085511987,-0.35360016644598674,0.0,-0.15999999999999925,0.1,0.0,0.15,0.0,3.4785923957824707,53645,nan,1.0372188091278076,51720.04164204255,52000,52254.016802639766,52255.82583807601,50,51815.53478556818,0.3105144585166289,5.721517686179212e-16,0.0038140251244551788,0.03317895159125328
30.00453698099591,landing,1,-0.00349686061963439,-0.47445788979530334,0.43763795495033264,0.030858447775244713,0.5428413152694702,-0.38405996561050415,2.675216953678969e-09,-0.8250488348946103,0.7682256384991168,0.3836468538546993,53657,0.3126082811266304,0.06026190411483556,-0.015985824455991803,15.061976999277249,-1.4156253600575662e-09,0.35350660855119875,-0.35360016644598674,0.0,-0.15699999999999925,0.1,0.0,0.15,0.0,3.4785923957824707,53657,nan,1.0274498462677002,52223.47367602775,52000,52253.609560951605,52255.39447591537,50,51815.53478556818,0.3126082811266298,6.053894070153329e-16,0.0037773209613154017,0.03317895159125328
30.009384559001774,landing,1,-0.003118580672889948,-0.4652118384838104,0.43120667338371277,0.028868168592453003,0.5435840487480164,-0.3806539475917816,2.647010428693742e-09,-0.8150051683512698,0.761180107802186,0.3836468538546993,53657,0.3126082811266304,0.06026190411483556,-0.015985824455991803,0.04121899837628007,-1.4156253600575662e-09,0.35350660855119875,-0.35360016644598674,0.0,-0.15399999999999925,0.1,0.0,0.15,0.0,3.4785923957824707,53657,nan,1.0497480630874634,51114.16909137882,52000,52243.609560951605,52245.39447591537,50,51815.53478556818,0.3126082811266298,6.053894070153329e-16,0.0037773209613154017,0.03317895159125328
30.04498615700868,landing,1,-0.002554067876189947,-0.45135435461997986,0.4216778874397278,0.026621825993061066,0.5432117581367493,-0.37386220693588257,2.6185905916091894e-09,-0.8049082340162357,0.7540812952158837,0.38367431044221667,53660,0.3133327293460848,0.06944982250779812,-0.014032918137718833,15.524625981925055,-1.4156253600575662e-09,0.35350660855119875,-0.35360016644598674,0.0,-0.15099999999999925,0.1,0.0,0.15,0.0,3.4785923957824707,53660,nan,1.0376464128494263,51713.18412082888,52000,52236.53722174997,52238.29833784755,50,51815.53478556818,0.313332729346085,5.015586688223319e-17,0.003673969718964475,0.03317895159125328
30.049289988004602,landing,1,-0.0022764725144952536,-0.44210582971572876,0.41544997692108154,0.024679912254214287,0.5427453517913818,-0.3687434196472168,2.5905198321861425e-09,-0.7948984705271904,0.7470696765459193,0.38367431044221667,53660,0.3133327293460848,0.06944982250779812,-0.014032918137718833,0.04758898285217583,-1.415625360057566e-09,0.35350660855119875,-0.3536001664459867,0.0,-0.14799999999999924,0.1,0.0,0.15,0.0,3.4785923957824707,53660,nan,1.0095444917678833,53152.68463902196,52000,52246.53722174997,52248.29833784755,50,51815.53478556818,0.313332729346085,5.015586688223319e-17,0.003673969718964475,0.03317895159125328
30.084660880995216,landing,1,-0.0019456465961411595,-0.43297821283340454,0.40921157598495483,0.022626502439379692,0.5411967635154724,-0.36798304319381714,2.5621079707033114e-09,-0.7848035278405081,0.739972856135072,0.3838501812058814,53685,0.3179731188886894,0.07474874709770624,-0.012039508638090805,15.313883981434628,-1.415625360057566e-09,0.3535066085511988,-0.3536001664459867,0.0,-0.14499999999999924,0.1,0.0,0.15,0.0,3.4785923957824707,53685,nan,1.0204263925552368,52610.36013148197,52000,52251.38819387973,52253.12582842934,50,51815.53478556818,0.3179731188886899,6.787066213876226e-17,0.003603320413944921,0.03317895159125328
30.08932863100199,landing,1,-0.001571494503878057,-0.4194832444190979,0.39998820424079895,0.020814115181565285,0.5379146933555603,-0.36462679505348206,2.533833127637122e-09,-0.7747428010679678,0.7329102606938374,0.3838501812058814,53685,0.3179731188886894,0.07474874709770624,-0.012039508638090805,0.04847699892707169,-1.415625360057566e-09,0.3535066085511988,-0.3536001664459867,0.0,-0.14199999999999924,0.1,0.0,0.15,0.0,3.4785923957824707,53685,nan,1.0077120065689087,nan,52000,52251.38819387973,52253.12582842934,50,51815.53478556818,0.3179731188886899,6.787066213876226e-17,0.003603320413944921,0.03317895159125328
30.127902901003836,landing,1,-0.0013490772107616067,-0.41054919362068176,0.3940492272377014,0.018366064876317978,0.5321840047836304,-0.3590812385082245,2.5053016345180866e-09,-0.7646179842527323,0.7257835582480483,0.38393446311956275,53697,0.32019691608344836,0.07814861894699134,-0.009891121325690764,18.425105983624235,-1.415625360057566e-09,0.3535066085511988,-0.3536001664459867,0.0,-0.13899999999999924,0.1,0.0,0.15,0.0,3.4785923957824707,53697,nan,1.040817141532898,nan,52000,52251.38819387973,52253.12582842934,50,51815.53478556818,0.3201969160834481,6.116629391699088e-17,0.0035171073738061364,0.03317895159125328
30.130031080014305,landing,1,-0.0011614577379077673,-0.4016736149787903,0.3880831003189087,0.016455398872494698,0.5269787907600403,-0.35253679752349854,2.477330501147546e-09,-0.7546330991453116,0.7187968245439389,0.38393446311956275,53697,0.32019691608344836,0.07814861894699134,-0.009891121325690764,0.036276993341743946,-1.415625360057566e-09,0.3535066085511988,-0.3536001664459867,0.0,-0.13599999999999923,0.1,0.0,0.15,0.0,3.4785923957824707,53697,nan,1.019622802734375,nan,52000,52251.38819387973,52253.12582842934,50,51815.53478556818,0.3201969160834481,6.116629391699088e-17,0.0035171073738061364,0.03317895159125328
30.165729241998633,landing,1,-0.0008904674905352294,-0.3886405825614929,0.37933066487312317,0.01388830691576004,0.5202754735946655,-0.3492092490196228,2.448828084972332e-09,-0.7445155433555475,0.7116773850453002,0.3839258040062636,53696,0.31996844343703224,0.07962190118537145,-0.007547790409734641,16.334357991581783,-1.415625360057566e-09,0.35350660855119886,-0.3536001664459867,0.0,-0.13299999999999923,0.1,0.0,0.15,0.0,3.4785923957824707,53696,nan,1.0164581537246704,nan,52000,52251.38819387973,52253.12582842934,50,51815.53478556818,0.31996844343703146,4.8305059387948583e-17,0.0034148986268871515,0.03317895159125328
30.1692431489937,landing,1,-0.0007534728501923382,-0.38010451197624207,0.3734600841999054,0.012108336202800274,0.5130365490913391,-0.34859076142311096,2.420683727137282e-09,-0.7344874010455544,0.7046473826903097,0.3839258040062636,53696,0.31996844343703224,0.07962190118537145,-0.007547790409734641,0.04168800660409033,-1.415625360057566e-09,0.35350660855119886,-0.3536001664459867,0.0,-0.12999999999999923,0.1,0.0,0.15,0.0,3.473313808441162,53696,nan,1.0232396125793457,nan,52000,52251.38819387973,52253.12582842934,50,51756.30375701136,0.31996844343703146,4.8305059387948583e-17,0.0034148986268871515,0.03317895159125328
30.207110782997916,landing,1,-0.0006434763199649751,-0.36749938130378723,0.3649866282939911,0.01009545847773552,0.5031389594078064,-0.3438379168510437,2.3915711721980194e-09,-0.7242174828502344,0.6973755404623825,0.38424212127357754,53740,0.328314545476978,0.07760890140134927,-0.005483991745221923,17.248346004635096,-1.415625360057566e-09,0.35350660855119886,-0.3536001664459867,0.0,-0.12699999999999922,0.1,0.0,0.15,0.0,3.473313808441162,53740,nan,1.0132157802581787,nan,52000,52251.38819387973,52253.12582842934,50,51756.30375701136,0.3283145454769782,3.820170582870551e-17,0.0033214865588286815,0.03317895159125328
30.209629117016448,landing,1,-0.0005957118701189756,-0.35930031538009644,0.3594270944595337,0.008586494252085686,0.4944630563259125,-0.3392783999443054,2.3640726679870496e-09,-0.7143506215759663,0.690506861827225,0.38424212127357754,53740,0.328314545476978,0.07760890140134927,-0.005483991745221923,0.03161601489409804,-1.4156253600575658e-09,0.35350660855119886,-0.35360016644598663,0.0,-0.12399999999999922,0.1,0.0,0.15,0.0,3.473313808441162,53740,nan,1.0240827798843384,nan,52000,52251.38819387973,52253.12582842934,50,51756.30375701136,0.3283145454769782,3.820170582870551e-17,0.0033214865588286815,0.03317895159125328
30.243066702008946,landing,1,-0.0005562055739574134,-0.3472881317138672,0.35112833976745605,0.007144697941839695,0.4839272201061249,-0.3339277505874634,2.335646367139197e-09,-0.7042520731252859,0.6834064346980899,0.38419941373622624,53734,0.3271876975257566,0.07398487080066522,-0.003828697349979479,13.763691997155547,-1.4156253600575658e-09,0.3535066085511989,-0.35360016644598663,0.0,-0.12099999999999922,0.1,0.0,0.15,0.0,3.473313808441162,53734,nan,1.0425430536270142,nan,52000,52251.38819387973,52253.12582842934,50,51756.30375701136,0.3271876975257565,4.0635818497287325e-17,0.0031774969465065937,0.03317895159125328
30.249348062003264,landing,1,-0.0004787651414517313,-0.3394688367843628,0.3456939160823822,0.006073276046663523,0.4740278124809265,-0.3293199837207794,2.307333794856687e-09,-0.6941819247022996,0.6763344151129065,0.38419941373622624,53734,0.3271876975257566,0.07398487080066522,-0.003828697349979479,0.05557801341637969,-1.4156253600575658e-09,0.3535066085511989,-0.35360016644598663,0.0,-0.11799999999999922,0.1,0.0,0.15,0.0,3.473313808441162,53734,nan,1.0089837312698364,nan,52000,52251.38819387973,52253.12582842934,50,51756.30375701136,0.3271876975257565,4.0635818497287325e-17,0.0031774969465065937,0.03317895159125328
30.284343085018918,landing,1,-0.0005166686023585498,-0.3319137990474701,0.3402656018733978,0.005117433145642281,0.4643636643886566,-0.32811713218688965,2.278847988180439e-09,-0.6840685165972373,0.6692191243966821,0.38431337525207476,53750,0.3301945976800713,0.06759372256847684,-0.002679542698272704,14.90893101436086,-1.4156253600575658e-09,0.3535066085511989,-0.35360016644598663,0.0,-0.11499999999999921,0.1,0.0,0.15,0.0,3.473313808441162,53750,nan,1.0187656879425049,nan,52000,52251.38819387973,52253.12582842934,50,51756.30375701136,0.33019459768007164,4.9153153743714646e-17,0.0030851468515065423,0.03317895159125328
30.289220013015438,landing,1,-0.0005549234338104725,-0.32080137729644775,0.33237624168395996,0.004591783508658409,0.4526381492614746,-0.3263944089412689,2.2508558299352223e-09,-0.6740783812079609,0.6622271390211949,0.38431337525207476,53750,0.3301945976800713,0.06759372256847684,-0.002679542698272704,0.04717998672276735,-1.4156253600575658e-09,0.353506608551199,-0.35360016644598663,0.0,-0.11199999999999921,0.1,0.0,0.15,0.0,3.473313808441162,53750,nan,1.0340566635131836,nan,52000,52251.38819387973,52253.12582842934,50,51756.30375701136,0.33019459768007164,4.9153153743714646e-17,0.0030851468515065423,0.03317895159125328
30.325626035017194,landing,1,-0.0005573746748268604,-0.3135617673397064,0.3271462023258209,0.003551692236214876,0.4382566213607788,-0.3191368877887726,2.2223965846882415e-09,-0.6639716059600396,0.6551184829175416,0.38430912742046924,53749,0.3300825176904798,0.05901265766490347,-0.0017555746199497695,16.282464988762513,-1.4156253600575654e-09,0.3535066085511989,-0.3536001664459866,0.0,-0.10899999999999921,0.1,0.0,0.15,0.0,3.473313808441162,53749,nan,1.0171678066253662,nan,52000,52251.38819387973,52253.12582842934,50,51756.30375701136,0.3300825176904804,4.6537005157399337e-17,0.002938927770551224,0.03317895159125328
30.329216439015,landing,1,-0.0007249183836393058,-0.30309638381004333,0.31947335600852966,0.0029454210307449102,0.4260793626308441,-0.312513142824173,2.1942075384009224e-09,-0.6539323041556995,0.648077318114769,0.38430912742046924,53749,0.3300825176904798,0.05901265766490347,-0.0017555746199497695,0.03810599446296692,-1.4156253600575654e-09,0.3535066085511989,-0.3536001664459866,0.0,-0.1059999999999992,0.1,0.0,0.15,0.0,3.473313808441162,53749,nan,1.0426119565963745,nan,52000,52251.38819387973,52253.12582842934,50,51756.30375701136,0.3300825176904804,4.6537005157399337e-17,0.002938927770551224,0.03317895159125328
30.364799695991678,landing,1,-0.0007815088611096144,-0.2963111698627472,0.31445375084877014,0.001819169265218079,0.4115898311138153,-0.30368921160697937,2.1656129933179226e-09,-0.6437917421535153,0.6409348663149617,0.383792336332615,53677,0.3164468689344311,0.04959809158231855,-0.000640184375797623,15.367029001936316,-1.4156253600575654e-09,0.3535066085511989,-0.3536001664459866,0.0,-0.1029999999999992,0.1,0.0,0.15,0.0,3.473313808441162,53677,nan,1.044370174407959,nan,52000,52251.38819387973,52253.12582842934,50,51756.30375701136,0.3164468689344309,4.587834698734627e-17,0.002775792480762179,0.03317895159125328
30.369366416009143,landing,1,-0.0008160945144481957,-0.28971806168556213,0.3094019591808319,0.0015088204527273774,0.40032240748405457,-0.29783716797828674,2.137391704763927e-09,-0.6337443888867851,0.6338856479189257,0.383792336332615,53677,0.3164468689344311,0.04959809158231855,-0.000640184375797623,0.043670006562024355,-1.4156253600575654e-09,0.353506608551199,-0.3536001664459866,0.0,-0.0999999999999992,0.1,0.0,0.15,0.0,3.473313808441162,53677,nan,1.0134921073913574,nan,52000,52251.38819387973,52253.12582842934,50,51756.30375701136,0.3164468689344309,4.587834698734627e-17,0.002775792480762179,0.03317895159125328
30.404883139999583,landing,1,-0.0010193700436502695,-0.2800842523574829,0.30206212401390076,0.0010948203271254897,0.387361079454422,-0.2922302782535553,2.109110751884673e-09,-0.6236821363862117,0.6268215263458643,0.3835668489160965,53645,0.3104973328785334,0.040999380856871014,-9.729068120301382e-05,15.537236002273858,-1.4156253600575654e-09,0.35350660855119903,-0.3536001664459866,0.0,-0.0969999999999992,0.1,0.0,0.15,0.0,3.473313808441162,53645,nan,1.0248245000839233,nan,52000,52251.38819387973,52253.12582842934,50,51756.30375701136,0.3104973328785331,5.316122650589164e-17,0.00262293506881956,0.03317895159125328
30.409303635999095,landing,1,-0.0010315115796402097,-0.2738777995109558,0.2972141206264496,0.001128550386056304,0.37626883387565613,-0.28734448552131653,2.080852648551031e-09,-0.613625589819994,0.619763112217272,0.3835668489160965,53645,0.3104973328785334,0.040999380856871014,-9.729068120301382e-05,0.043756008381024,-1.4156253600575654e-09,0.35350660855119903,-0.3536001664459866,0.0,-0.0939999999999992,0.1,0.0,0.15,0.0,3.473313808441162,53645,nan,1.0431623458862305,nan,52000,52251.38819387973,52253.12582842934,50,51756.30375701136,0.3104973328785331,5.316122650589164e-17,0.00262293506881956,0.03317895159125328
30.443682579993038,landing,1,-0.0012246656697243452,-0.26484444737434387,0.2901894748210907,0.0010705124586820602,0.3642750084400177,-0.27994924783706665,2.052110315051497e-09,-0.6034481224448303,0.6125837452772309,0.3832518223349136,53601,0.30218528588162386,0.03254054075579116,2.4540302410380875e-05,13.785842020297423,-1.4156253600575654e-09,0.35350660855119903,-0.3536001664459866,0.0,-0.09099999999999919,0.1,0.0,0.15,0.0,3.473313808441162,53601,nan,1.038804531097412,nan,52000,52251.38819387973,52253.12582842934,50,51756.30375701136,0.3021852858816237,5.01998003774203e-17,0.0024678420973299107,0.03317895159125328
30.449269748001825,landing,1,-0.0012861659051850438,-0.2589419186115265,0.2855067849159241,0.0012175139272585511,0.3541300892829895,-0.2734338939189911,2.0242500873788467e-09,-0.5934909324453361,0.605624714010744,0.3832518223349136,53601,0.30218528588162386,0.03254054075579116,2.4540302410380875e-05,0.0348839967045933,-1.4156253600575652e-09,0.353506608551199,-0.3536001664459865,0.0,-0.08799999999999919,0.1,0.0,0.15,0.0,3.473313808441162,53601,nan,1.0207815170288086,nan,52000,52251.38819387973,52253.12582842934,50,51756.30375701136,0.3021852858816237,5.01998003774203e-17,0.0024678420973299107,0.03317895159125328
30.4859620060015,landing,1,-0.0014600894646719098,-0.2531518042087555,0.2809906005859375,0.001202448271214962,0.34372374415397644,-0.2666785418987274,1.9957578920471182e-09,-0.5833759289803739,0.5985078275123974,0.3827185546411126,53527,0.2881148981823891,0.023683049375942244,7.205384608529378e-05,16.534577996935695,-1.4156253600575652e-09,0.35350660855119903,-0.3536001664459865,0.0,-0.08499999999999919,0.1,0.0,0.15,0.0,3.473313808441162,53527,nan,1.0376023054122925,nan,52000,52251.38819387973,52253.12582842934,50,51756.30375701136,0.28811489818238845,0.0,0.002349845552619239,0.03317895159125328
30.489532238018,landing,1,-0.0014559016562998295,-0.2446810007095337,0.2743111550807953,0.0014369422569870949,0.3348682224750519,-0.26305854320526123,1.9676597062806754e-09,-0.5733593166498825,0.5914893581883947,0.3827185546411126,53527,0.2881148981823891,0.023683049375942244,7.205384608529378e-05,0.03476397250778973,-1.4156253600575652e-09,0.35350660855119903,-0.3536001664459865,0.0,-0.08199999999999918,0.1,0.0,0.15,0.0,3.473313808441162,53527,nan,1.0255517959594727,nan,52000,52251.38819387973,52253.12582842934,50,51756.30375701136,0.28811489818238845,0.0,0.002349845552619239,0.03317895159125328
30.52663260701229,landing,1,-0.0016409860691055655,-0.2391076534986496,0.2699600160121918,0.00133035471662879,0.3254808187484741,-0.25675269961357117,1.9392901153798434e-09,-0.5632749296727162,0.5844030962807025,0.3825445969067823,53502,0.2835249843478156,0.017361860930094206,9.322077466531961e-05,17.351151996990666,-1.4156253600575652e-09,0.35350660855119903,-0.3536001664459865,0.0,-0.07899999999999918,0.1,0.0,0.15,0.0,3.473313808441162,53502,nan,1.0184659957885742,nan,52000,52251.38819387973,52253.12582842934,50,51756.30375701136,0.283524984347815,5.41231365844396e-17,0.0022019310830552323,0.03317895159125328
30.530149376019835,landing,1,-0.001624097116291523,-0.23098798096179962,0.26349690556526184,0.0017501910915598273,0.31853166222572327,-0.25202706456184387,1.9106957543377826e-09,-0.5531344136287988,0.5772606904513256,0.3825445969067823,53502,0.2835249843478156,0.017361860930094206,9.322077466531961e-05,0.036299985367804766,-1.415625360057565e-09,0.35350660855119903,-0.3536001664459864,0.0,-0.07599999999999918,0.1,0.0,0.15,0.0,3.473313808441162,53502,nan,1.0284000635147095,nan,52000,52251.38819387973,52253.12582842934,50,51756.30375701136,0.283524984347815,5.41231365844396e-17,0.0022019310830552323,0.03317895159125328
30.56530177401146,landing,1,-0.0017508172895759344,-0.22561268508434296,0.2592763602733612,0.0015807334566488862,0.31082648038864136,-0.24846775829792023,1.88259329339964e-09,-0.5431167337125662,0.5702411532590383,0.3824854196291484,53494,0.28196357860549703,0.012821332731307651,6.018779891494688e-06,15.969253989169374,-1.415625360057565e-09,0.3535066085511991,-0.3536001664459864,0.0,-0.07299999999999918,0.1,0.0,0.15,0.0,3.473313808441162,53494,nan,1.026349663734436,nan,52000,52251.38819387973,52253.12582842934,50,51756.30375701136,0.2819635786054963,5.643292279161958e-17,0.0020438098155120396,0.03317895159125328
30.56926223699702,landing,1,-0.0018007929902523756,-0.22035126388072968,0.2551850974559784,0.0022343273740261793,0.3058389723300934,-0.2454257756471634,1.8543950158133282e-09,-0.5330751266901286,0.5631976826280767,0.3824854196291484,53494,0.28196357860549703,0.012821332731307651,6.018779891494688e-06,0.03792901406995952,-1.415625360057565e-09,0.3535066085511991,-0.3536001664459864,0.0,-0.06999999999999917,0.1,0.0,0.15,0.0,3.473313808441162,53494,nan,1.0112793445587158,nan,52000,52251.38819387973,52253.12582842934,50,51756.30375701136,0.2819635786054963,5.643292279161958e-17,0.0020438098155120396,0.03317895159125328
30.604210635996424,landing,1,-0.0017375136958435178,-0.21252115070819855,0.24902576208114624,0.0028644734993577003,0.30108824372291565,-0.243005633354187,1.825762401777815e-09,-0.5229250581993818,0.5560457218237511,0.3826381620247352,53515,0.285993720969266,0.010909134498214235,-0.0007443059540040989,14.705959998536855,-1.415625360057565e-09,0.3535066085511991,-0.3536001664459864,0.0,-0.06699999999999917,0.1,0.0,0.15,0.0,3.473313808441162,53515,nan,1.0302413702011108,nan,52000,52251.38819387973,52253.12582842934,50,51756.30375701136,0.28599372096926584,6.598665815045877e-17,0.001866329004677151,0.03317895159125328
30.609221613005502,landing,1,-0.0018116795690730214,-0.20733319222927094,0.24505700170993805,0.004400481469929218,0.297013521194458,-0.23908336460590363,1.7978370907280605e-09,-0.5129516157332659,0.5490704337893182,0.3826381620247352,53515,0.285993720969266,0.010909134498214235,-0.0007443059540040989,0.043509004171937704,-1.4156253600575645e-09,0.35350660855119903,-0.35360016644598635,0.0,-0.06399999999999917,0.1,0.0,0.15,0.0,3.473313808441162,53515,nan,1.033141851425171,nan,52000,52251.38819387973,52253.12582842934,50,51756.30375701136,0.28599372096926584,6.598665815045877e-17,0.001866329004677151,0.03317895159125328
30.652074362995336,landing,1,-0.001690881559625268,-0.19950933754444122,0.23919393122196198,0.005759915802627802,0.2948588728904724,-0.23521339893341064,1.7680392513834221e-09,-0.5025105699410033,0.5416274186743824,0.38259438525955214,53509,0.2848386612019027,0.010993121198562737,-0.002445669203083036,21.76951599540189,-1.4156253600575645e-09,0.3535066085511991,-0.35360016644598635,0.0,-0.060999999999999166,0.1,0.0,0.15,0.0,3.473313808441162,53509,nan,1.018884539604187,nan,52000,52251.38819387973,52253.12582842934,50,51756.30375701136,0.2848386612019025,7.830085999055802e-17,0.0016903962689007821,0.03317895159125328
30.652532456995687,landing,1,-0.001690881559625268,-0.19950933754444122,0.23919393122196198,0.007240755017846823,0.2927477955818176,-0.22983825206756592,1.7366127690106237e-09,-0.4916628232731628,0.5337775950477543,0.38259438525955214,53509,0.2848386612019027,0.010993121198562737,-0.002445669203083036,0.03652999293990433,-1.4156253600575645e-09,0.3535066085511991,-0.35360016644598635,0.0,-0.05799999999999916,0.1,0.0,0.15,0.0,3.473313808441162,53509,nan,1.018884539604187,nan,52000,52251.38819387973,52253.12582842934,50,51756.30375701136,0.2848386612019025,7.830085999055802e-17,0.0016903962689007821,0.03317895159125328
30.683229529997334,landing,1,-0.0015803994610905647,-0.18923479318618774,0.23155577480793,0.008469379507005215,0.29082220792770386,-0.22426901757717133,1.712629607975335e-09,-0.4826738051620596,0.5277869919028417,0.38216268493845346,53449,0.2734481514103795,0.010917409301846067,-0.004077456176233247,13.826765993144363,-1.4156253600575645e-09,0.3535066085511991,-0.35360016644598635,0.0,-0.05499999999999916,0.1,0.0,0.15,0.0,3.473313808441162,53449,nan,1.0192047357559204,nan,52000,52251.38819387973,52253.12582842934,50,51756.30375701136,0.2734481514103792,7.886550767037618e-17,0.0015823360452598084,0.03317895159125328
30.68927791301394,landing,1,-0.0014778338372707367,-0.18147999048233032,0.22602805495262146,0.00958883948624134,0.28938576579093933,-0.22216038405895233,1.6845146824351455e-09,-0.4726530126149566,0.5207643412559055,0.38216268493845346,53449,0.2734481514103795,0.010917409301846067,-0.004077456176233247,0.04322701715864241,-1.4156253600575645e-09,0.35350660855119914,-0.35360016644598635,0.0,-0.05199999999999916,0.1,0.0,0.15,0.0,3.473313808441162,53449,nan,1.0050647258758545,nan,52000,52251.38819387973,52253.12582842934,50,51756.30375701136,0.2734481514103792,7.886550767037618e-17,0.0015823360452598084,0.03317895159125328
30.731306958012283,landing,1,-0.0012820448027923703,-0.17632056772708893,0.22235719859600067,0.009785361588001251,0.2894901931285858,-0.22200487554073334,1.6561007740067285e-09,-0.46255755876987603,0.5136670095513785,0.3825792864164178,53507,0.2844402748395183,0.013773087113513554,-0.004992154247561706,21.925751003436744,-1.4156253600575645e-09,0.3535066085511992,-0.35360016644598635,0.0,-0.048999999999999155,0.1,0.0,0.15,0.0,3.473313808441162,53507,nan,1.0291872024536133,nan,52000,52251.38819387973,52253.12582842934,50,51756.30375701136,0.2844402748395176,9.523997927731535e-17,0.0013498155628576347,0.03317895159125328
30.732099893997656,landing,1,-0.0012820448027923703,-0.17632056772708893,0.22235719859600067,0.010007833130657673,0.2883926033973694,-0.22060923278331757,1.6239652699851467e-09,-0.45153275689694916,0.5056400838608166,0.3825792864164178,53507,0.2844402748395183,0.013773087113513554,-0.004992154247561706,0.060816004406660795,-1.4156253600575645e-09,0.3535066085511992,-0.35360016644598635,0.0,-0.04599999999999915,0.1,0.0,0.15,0.0,3.473313808441162,53507,nan,1.0291872024536133,nan,52000,52251.38819387973,52253.12582842934,50,51756.30375701136,0.2844402748395176,9.523997927731535e-17,0.0013498155628576347,0.03317895159125328
30.766945102019235,landing,1,-0.0010271476348862052,-0.16337800025939941,0.21350838243961334,0.009807140566408634,0.2867524027824402,-0.21640916168689728,1.5995570632102221e-09,-0.4424375973715018,0.49954331121052276,0.3827332662568534,53529,0.28850306746314835,0.01583509262240916,-0.005136854297506196,17.651772999670357,-1.4156253600575645e-09,0.3535066085511992,-0.35360016644598635,0.0,-0.04299999999999915,0.1,0.0,0.15,0.0,3.473313808441162,53529,nan,1.0047409534454346,nan,52000,52251.38819387973,52253.12582842934,50,51756.30375701136,0.2885030674631484,1.746555485994385e-16,0.0011332991600852794,0.03317895159125328
30.769278360996395,landing,1,-0.0008244146592915058,-0.1581735461950302,0.21002784371376038,0.009955387562513351,0.2866259813308716,-0.21364599466323853,1.5713554348593138e-09,-0.4323951536040733,0.49249900361312027,0.3827332662568534,53529,0.28850306746314835,0.01583509262240916,-0.005136854297506196,0.04390999674797058,-1.4156253600575643e-09,0.3535066085511992,-0.3536001664459863,0.0,-0.03999999999999915,0.1,0.0,0.15,0.0,3.473313808441162,53529,nan,1.0268890857696533,nan,52000,52251.38819387973,52253.12582842934,50,51756.30375701136,0.2885030674631484,1.746555485994385e-16,0.0011332991600852794,0.03317895159125328
30.808943907992216,landing,1,-0.0006128406384959817,-0.15043918788433075,0.2049597054719925,0.01016823947429657,0.28559261560440063,-0.2061743587255478,1.542945368424531e-09,-0.422300659172534,0.48540263157604957,0.3824715974042254,53492,0.2815988761009329,0.01882703771655374,-0.005567656676598752,19.679252989590168,-1.4156253600575643e-09,0.3535066085511992,-0.3536001664459863,0.0,-0.036999999999999145,0.1,0.0,0.15,0.0,3.473313808441162,53492,nan,0.9944395422935486,nan,52000,52251.38819387973,52253.12582842934,50,51756.30375701136,0.2815988761009323,1.571236267285962e-16,0.0009748266040630287,0.03317895159125328
30.809393136005383,landing,1,-0.0006128406384959817,-0.15043918788433075,0.2049597054719925,0.010974829085171223,0.2845830023288727,-0.2026250660419464,1.5145722724646496e-09,-0.4122153969203324,0.4783154941616745,0.3824715974042254,53492,0.2815988761009329,0.01882703771655374,-0.005567656676598752,0.03886400372721255,-1.4156253600575643e-09,0.3535066085511992,-0.3536001664459863,0.0,-0.03399999999999914,0.1,0.0,0.15,0.0,3.473313808441162,53492,nan,0.9944395422935486,nan,52000,52251.38819387973,52253.12582842934,50,51756.30375701136,0.2815988761009323,1.571236267285962e-16,0.0009748266040630287,0.03317895159125328
30.84571621500072,landing,1,-0.00018550004460848868,-0.14006690680980682,0.19838158786296844,0.011929910629987717,0.2834242582321167,-0.2008076161146164,1.4861689457927742e-09,-0.40212258552640656,0.47122080560764457,0.38253573566948723,53501,0.2832911786144372,0.019869417051946316,-0.006811990216544646,16.330368991475552,-1.4156253600575643e-09,0.3535066085511992,-0.3536001664459863,0.0,-0.030999999999999143,0.1,0.0,0.15,0.0,3.473313808441162,53501,nan,1.0346219539642334,nan,52000,52251.38819387973,52253.12582842934,50,51756.30375701136,0.28329117861443665,1.4961254934685738e-16,0.0008157970763715553,0.03317895159125328
30.849360501015326,landing,1,0.00019894898287020624,-0.13216926157474518,0.19363494217395782,0.012903677299618721,0.2819890081882477,-0.19576981663703918,1.458117467160904e-09,-0.39211763679082035,0.46421400296539606,0.38253573566948723,53501,0.2832911786144372,0.019869417051946316,-0.006811990216544646,0.05366600817069411,-1.4156253600575643e-09,0.35350660855119925,-0.3536001664459863,0.0,-0.027999999999999144,0.1,0.0,0.15,0.0,3.473313808441162,53501,nan,1.0157486200332642,nan,52000,52251.38819387973,52253.12582842934,50,51756.30375701136,0.28329117861443665,1.4961254934685738e-16,0.0008157970763715553,0.03317895159125328
30.883726272993954,landing,1,0.00041497981874272227,-0.12692001461982727,0.1905122697353363,0.013383227400481701,0.2816464900970459,-0.19019944965839386,1.4296342129145189e-09,-0.38200486607249173,0.4570993498045941,0.3822230728017679,53457,0.2750414987273846,0.022620143568028425,-0.007976320020769293,14.42487700842321,-1.4156253600575643e-09,0.35350660855119925,-0.3536001664459863,0.0,-0.024999999999999144,0.1,0.0,0.15,0.0,3.473313808441162,53457,nan,1.0359728336334229,nan,52000,52251.38819387973,52253.12582842934,50,51756.30375701136,0.27504149872738454,1.4882934684524265e-16,0.0006816412630823891,0.03317895159125328
30.88922586501576,landing,1,0.0007008739048615098,-0.12163680046796799,0.18739037215709686,0.013742712326347828,0.28124862909317017,-0.18552128970623016,1.4014578959400214e-09,-0.3719687430019689,0.45006136457691204,0.3822230728017679,53457,0.2750414987273846,0.022620143568028425,-0.007976320020769293,0.0424790196120739,-1.4156253600575641e-09,0.35350660855119925,-0.35360016644598624,0.0,-0.021999999999999145,0.1,0.0,0.15,0.0,3.473313808441162,53457,nan,1.0423191785812378,nan,52000,52251.38819387973,52253.12582842934,50,51756.30375701136,0.27504149872738454,1.4882934684524265e-16,0.0006816412630823891,0.03317895159125328
30.923475649004104,landing,1,0.0011095207883045077,-0.11366592347621918,0.18280506134033203,0.013714172877371311,0.28380048274993896,-0.17845141887664795,1.3730279965912474e-09,-0.3618692959421701,0.44296003860083566,0.3817938008623735,53397,0.26371506233175346,0.027721394820447137,-0.008543630628510901,14.185314008500427,-1.4156253600575641e-09,0.35350660855119925,-0.35360016644598624,0.0,-0.018999999999999146,0.1,0.0,0.15,0.0,3.473313808441162,53397,nan,1.007497787475586,nan,52000,52251.38819387973,52253.12582842934,50,51756.30375701136,0.26371506233175385,1.4391376442409352e-16,0.0006123247316577188,0.03317895159125328
30.929249736014754,landing,1,0.0015377055387943983,-0.10572977364063263,0.17829746007919312,0.01352330856025219,0.2841927111148834,-0.17615583539009094,1.344830994519465e-09,-0.35182800743819653,0.4359168865726364,0.3817938008623735,53397,0.26371506233175346,0.027721394820447137,-0.008543630628510901,0.054853007895872,-1.4156253600575641e-09,0.3535066085511993,-0.35360016644598624,0.0,-0.015999999999999147,0.1,0.0,0.15,0.0,3.473313808441162,53397,nan,1.0132567882537842,nan,52000,52251.38819387973,52253.12582842934,50,51756.30375701136,0.26371506233175385,1.4391376442409352e-16,0.0006123247316577188,0.03317895159125328
30.965159515995765,landing,1,0.0017717855516821146,-0.10039234161376953,0.17533691227436066,0.013211333192884922,0.2870374917984009,-0.17273454368114471,1.316315101578845e-09,-0.34170708626252777,0.4287940807974211,0.3820106666429656,53428,0.26943711459012043,0.03341714139787263,-0.008596212043236174,15.803603979293257,-1.4156253600575641e-09,0.3535066085511993,-0.35360016644598624,0.0,-0.012999999999999148,0.1,0.0,0.15,0.0,3.473313808441162,53428,nan,1.0261406898498535,nan,52000,52251.38819387973,52253.12582842934,50,51756.30375701136,0.26943711459012054,1.361969592146817e-16,0.0006221806970575266,0.03317895159125328
30.96920061801211,landing,1,0.0021841025445610285,-0.09235548228025436,0.17092365026474,0.01283390261232853,0.2869027853012085,-0.16905444860458374,1.288241731716165e-09,-0.33169667090068655,0.421781810082138,0.3820106666429656,53428,0.26943711459012043,0.03341714139787263,-0.008596212043236174,0.042234983993694186,-1.4156253600575641e-09,0.35350660855119936,-0.35360016644598624,0.0,-0.009999999999999148,0.1,0.0,0.15,0.0,3.473313808441162,53428,nan,1.008708119392395,nan,52000,52251.38819387973,52253.12582842934,50,51756.30375701136,0.26943711459012054,1.361969592146817e-16,0.0006221806970575266,0.03317895159125328
31.00375003699446,landing,1,0.002459992188960314,-0.08698359876871109,0.16801752150058746,0.012717687524855137,0.2887602746486664,-0.16881883144378662,1.2598375543030015e-09,-0.32160364706166344,0.41468690902678573,0.3824953987683122,53496,0.28222688043039845,0.03827317941864763,-0.008661657125371593,14.494632981950417,-1.4156253600575641e-09,0.35350660855119936,-0.35360016644598624,0.0,-0.006999999999999148,0.1,0.0,0.15,0.0,3.473313808441162,53496,nan,1.0013753175735474,nan,52000,52251.38819387973,52253.12582842934,50,51756.30375701136,0.282226880430399,1.6116666883482638e-16,0.0006960293054931456,0.03317895159125328
31.009241243009456,landing,1,0.002740730531513691,-0.08161765336990356,0.16519643366336823,0.01259302906692028,0.2897009253501892,-0.16840186715126038,1.2315519057636176e-09,-0.31154022197197606,0.40762161455427637,0.3824953987683122,53496,0.28222688043039845,0.03827317941864763,-0.008661657125371593,0.03956098225899041,-1.415625360057564e-09,0.3535066085511993,-0.3536001664459862,0.0,-0.003999999999999148,0.1,0.0,0.15,0.0,3.473313808441162,53496,nan,1.003843903541565,nan,52000,52251.38819387973,52253.12582842934,50,51756.30375701136,0.282226880430399,1.6116666883482638e-16,0.0006960293054931456,0.03317895159125328
31.045302262995392,landing,1,0.0031254254281520844,-0.07360292226076126,0.161000058054924,0.012369871139526367,0.291127473115921,-0.1679471880197525,1.2029979537173119e-09,-0.30140979676667135,0.40048930223412027,0.3834416198876598,53628,0.3071931368775651,0.04342290079289047,-0.008788737885360788,15.89293300639838,-1.415625360057564e-09,0.3535066085511993,-0.3536001664459862,0.0,-0.0009999999999991483,0.1,0.0,0.15,0.0,3.473313808441162,53628,nan,0.9825060963630676,nan,52000,52251.38819387973,52253.12582842934,50,51756.30375701136,0.30719313687756533,1.5187194308406977e-16,0.0008419401849878638,0.03317895159125328
31.04920079401927,landing,1,0.0034272740595042706,-0.06818873435258865,0.1582828164100647,0.011765320785343647,0.29094168543815613,-0.16914863884449005,1.1749888504393474e-09,-0.29141542990399305,0.39349308426534324,0.3834416198876598,53628,0.3071931368775651,0.04342290079289047,-0.008788737885360788,0.041010003769770265,-1.415625360057564e-09,0.35350660855119936,-0.3536001664459862,0.0,0.002000000000000852,0.1,0.0,0.15,0.0,3.473313808441162,53628,nan,1.0143004655838013,nan,52000,52251.38819387973,52253.12582842934,50,51756.30375701136,0.30719313687756533,1.5187194308406977e-16,0.0008419401849878638,0.03317895159125328
31.083684662997257,landing,1,0.003691789461299777,-0.0628250390291214,0.1556001752614975,0.01122737955302,0.29067283868789673,-0.16610237956047058,1.1465114257216088e-09,-0.28130411492173635,0.38637988722588346,0.38413346723161335,53725,0.3254476842114329,0.045587288731907566,-0.008410817482298282,14.383156987605616,-1.415625360057564e-09,0.35350660855119936,-0.3536001664459862,0.0,0.005000000000000852,0.1,0.0,0.15,0.0,3.473313808441162,53725,nan,1.0224016904830933,nan,52000,52251.38819387973,52253.12582842934,50,51756.30375701136,0.3254476842114329,3.2932261219471035e-16,0.0009694990095206192,0.03317895159125328
31.08930187500664,landing,1,0.004136567935347557,-0.054820865392684937,0.151742085814476,0.011072766967117786,0.2890899181365967,-0.16200093924999237,1.1182302491257018e-09,-0.2712418065551707,0.37931570977204454,0.38413346723161335,53725,0.3254476842114329,0.045587288731907566,-0.008410817482298282,0.04388301749713719,-1.4156253600575635e-09,0.35350660855119936,-0.35360016644598613,0.0,0.008000000000000852,0.1,0.0,0.15,0.0,3.473313808441162,53725,nan,1.0526143312454224,nan,52000,52251.38819387973,52253.12582842934,50,51756.30375701136,0.3254476842114329,3.2932261219471035e-16,0.0009694990095206192,0.03317895159125328
31.127733653003816,landing,1,0.004445511382073164,-0.049517277628183365,0.14918984472751617,0.01196998916566372,0.28967392444610596,-0.15508230030536652,1.0897134601236615e-09,-0.2611206616171686,0.37219268017527574,0.38383326437544585,53683,0.3175267645236364,0.04888028911573121,-0.00924143541231392,18.286923004779965,-1.4156253600575635e-09,0.35350660855119936,-0.35360016644598613,0.0,0.011000000000000853,0.1,0.0,0.15,0.0,3.473313808441162,53683,nan,1.024393916130066,nan,52000,52251.38819387973,52253.12582842934,50,51756.30375701136,0.31752676452363604,2.3785662376818586e-16,0.0009988689788151942,0.03317895159125328
31.13070178599446,landing,1,0.004766555968672037,-0.04427248612046242,0.14673663675785065,0.012997729703783989,0.28686586022377014,-0.15087197721004486,1.061011614888916e-09,-0.2509533048754924,0.3650234265445691,0.38383326437544585,53683,0.3175267645236364,0.04888028911573121,-0.00924143541231392,0.03317499067634344,-1.4156253600575635e-09,0.3535066085511994,-0.35360016644598613,0.0,0.014000000000000852,0.1,0.0,0.15,0.0,3.473313808441162,53683,nan,1.024393916130066,nan,52000,52251.38819387973,52253.12582842934,50,51756.30375701136,0.31752676452363604,2.3785662376818586e-16,0.0009988689788151942,0.03317895159125328
31.167424056999153,landing,1,0.00523500656709075,-0.036355625838041306,0.14321261644363403,0.014354079030454159,0.2842303216457367,-0.14311525225639343,1.0330896815486368e-09,-0.24098070588297849,0.35804898220696924,0.3833534785885021,53616,0.3048675089314532,0.049556940712305424,-0.011045562556626701,17.97892097965814,-1.4156253600575635e-09,0.3535066085511994,-0.35360016644598613,0.0,0.01700000000000085,0.1,0.0,0.15,0.0,3.4680352210998535,53616,nan,1.0490474700927734,nan,52000,52251.38819387973,52253.12582842934,50,51697.072728454536,0.30486750893145376,1.8020900870443762e-16,0.001004641146638449,0.03317895159125328
31.169930058997124,landing,1,0.005588205996900797,-0.031179476529359818,0.1410111039876938,0.015305844135582447,0.279899001121521,-0.13638514280319214,1.0050864276165762e-09,-0.2309877997050911,0.3510542253095632,0.3833534785885021,53616,0.3048675089314532,0.049556940712305424,-0.011045562556626701,0.030776020139455795,-1.4156253600575633e-09,0.35350660855119936,-0.353600166445986,0.0,0.02000000000000085,0.1,0.0,0.15,0.0,3.4680352210998535,53616,nan,1.044690489768982,nan,52000,52251.38819387973,52253.12582842934,50,51697.072728454536,0.30486750893145376,1.8020900870443762e-16,0.001004641146638449,0.03317895159125328
31.20577750299708,landing,1,0.00609320355579257,-0.023305874317884445,0.13773560523986816,0.016691744327545166,0.27586373686790466,-0.13017599284648895,9.764593896877676e-10,-0.22083912366648994,0.3439036573259049,0.3826514510170171,53517,0.28634435401100333,0.048512829328593084,-0.012870953952669488,16.276678012218326,-1.4156253600575633e-09,0.35350660855119936,-0.353600166445986,0.0,0.02300000000000085,0.1,0.0,0.15,0.0,3.4680352210998535,53517,nan,1.0190412998199463,nan,52000,52251.38819387973,52253.12582842934,50,51697.072728454536,0.28634435401100417,1.3726044951892812e-16,0.0009812044160086185,0.03317895159125328
31.20928707299754,landing,1,0.006427091546356678,-0.018268505111336708,0.1356363296508789,0.018178438767790794,0.27209484577178955,-0.12522894144058228,9.484176987213165e-10,-0.21083661908350626,0.33689929948312036,0.3826514510170171,53517,0.28634435401100333,0.048512829328593084,-0.012870953952669488,0.04906899994239211,-1.4156253600575633e-09,0.3535066085511994,-0.353600166445986,0.0,0.02600000000000085,0.1,0.0,0.15,0.0,3.4680352210998535,53517,nan,1.049061894416809,nan,52000,52251.38819387973,52253.12582842934,50,51697.072728454536,0.28634435401100417,1.3726044951892812e-16,0.0009812044160086185,0.03317895159125328
31.245458665012848,landing,1,0.006979694124311209,-0.01072718482464552,0.13268882036209106,0.01930614747107029,0.26846417784690857,-0.11706997454166412,9.200049241614147e-10,-0.2007414483853831,0.3298022510004872,0.38184501620628636,53405,0.26506639066718485,0.04779060378517838,-0.014882571133921043,16.137131984578446,-1.4156253600575633e-09,0.3535066085511994,-0.353600166445986,0.0,0.029000000000000848,0.1,0.0,0.15,0.0,3.4680352210998535,53405,nan,1.033511757850647,nan,52000,52251.38819387973,52253.12582842934,50,51697.072728454536,0.2650663906671846,9.918330502493168e-17,0.0009399007111943297,0.03317895159125328
31.249201044993242,landing,1,0.007326524239033461,-0.005734385922551155,0.1307574212551117,0.01930883154273033,0.2645784020423889,-0.11197219043970108,8.91824030512734e-10,-0.19070418243863418,0.32276312259410944,0.38184501620628636,53405,0.26506639066718485,0.04779060378517838,-0.014882571133921043,0.02870798925869167,-1.4156253600575633e-09,0.3535066085511995,-0.353600166445986,0.0,0.03200000000000085,0.1,0.0,0.15,0.0,3.4680352210998535,53405,nan,1.0134328603744507,nan,52000,52251.38819387973,52253.12582842934,50,51697.072728454536,0.2650663906671846,9.918330502493168e-17,0.0009399007111943297,0.03317895159125328
31.288412204012275,landing,1,0.007596970070153475,-0.0007803953485563397,0.12890388071537018,0.018128765746951103,0.26083436608314514,-0.1091025322675705,8.628761835610785e-10,-0.18047539473146657,0.3155324217397941,0.38153019382835707,53361,0.25675973161891896,0.04548184746584433,-0.014536899044023603,18.722286011325195,-1.4156253600575633e-09,0.3535066085511995,-0.353600166445986,0.0,0.03500000000000085,0.1,0.0,0.15,0.0,3.4680352210998535,53361,nan,1.031642198562622,nan,52000,52251.38819387973,52253.12582842934,50,51697.072728454536,0.2567597316189188,1.5911610247203448e-16,0.0009478073410100511,0.03317895159125328
31.29066240901011,landing,1,0.007909860461950302,0.004059718921780586,0.12715844810009003,0.01560872420668602,0.25518301129341125,-0.10386312007904053,8.33914890991307e-10,-0.17024324941642166,0.30829836238898856,0.38153019382835707,53361,0.25675973161891896,0.04548184746584433,-0.014536899044023603,0.03203598316758871,-1.4156253600575633e-09,0.35350660855119953,-0.353600166445986,0.0,0.03800000000000085,0.1,0.0,0.15,0.0,3.4680352210998535,53361,nan,1.031642198562622,nan,52000,52251.38819387973,52253.12582842934,50,51697.072728454536,0.2567597316189188,1.5911610247203448e-16,0.0009478073410100511,0.03317895159125328
31.326907275011763,landing,1,0.008321444503962994,0.01134920958429575,0.12471752613782883,0.012395227327942848,0.25113481283187866,-0.09742080420255661,8.063610245304571e-10,-0.1603625632123744,0.3014158551651911,0.3807626408450403,53253,0.23650767401161588,0.04317045150340196,-0.011613048289875697,17.22439902368933,-1.4156253600575633e-09,0.35350660855119953,-0.353600166445986,0.0,0.041000000000000855,0.1,0.0,0.15,0.0,3.4680352210998535,53253,nan,1.0362064838409424,nan,52000,52251.38819387973,52253.12582842934,50,51697.072728454536,0.23650767401161604,9.019534777937371e-17,0.000906929348284548,0.03317895159125328
31.330607439012965,landing,1,0.008663862012326717,0.018285932019352913,0.12242637574672699,0.008699409663677216,0.24444323778152466,-0.09058152139186859,7.776210536518324e-10,-0.15018568582530212,0.29423707836938595,0.3807626408450403,53253,0.23650767401161588,0.04317045150340196,-0.011613048289875697,0.039973994717001915,-1.4156253600575633e-09,0.3535066085511996,-0.353600166445986,0.0,0.04400000000000086,0.1,0.0,0.15,0.0,3.4680352210998535,53253,nan,1.0495009422302246,nan,52000,52251.38819387973,52253.12582842934,50,51697.072728454536,0.23650767401161604,9.019534777937371e-17,0.000906929348284548,0.03317895159125328
31.363193574012257,landing,1,0.00876811146736145,0.022848330438137054,0.12109898030757904,0.005664329044520855,0.2398509681224823,-0.08306116610765457,7.499268746187073e-10,-0.14026996109837908,0.2873195233495327,0.3794641511683579,53072,0.20224673267435023,0.039647235756548514,-0.007959787605424545,13.739646994508803,-1.4156253600575633e-09,0.3535066085511996,-0.353600166445986,0.0,0.04700000000000086,0.1,0.0,0.15,0.0,3.4680352210998535,53072,nan,1.0279569625854492,nan,52000,52251.38819387973,52253.12582842934,50,51697.072728454536,0.20224673267434962,1.940537117590565e-12,0.0007867555068277496,0.03317895159125328
31.36924362400896,landing,1,0.00888281874358654,0.02747548185288906,0.1196877658367157,0.0028022690676152706,0.23235192894935608,-0.07657229900360107,7.219383205600299e-10,-0.1302807257380203,0.2803284382411615,0.3794641511683579,53072,0.20224673267435023,0.039647235756548514,-0.007959787605424545,0.04565401468425989,-1.415625360057563e-09,0.35350660855119953,-0.35360016644598596,0.0,0.05000000000000086,0.1,0.0,0.15,0.0,3.473313808441162,53072,nan,1.0183454751968384,nan,52000,52251.38819387973,52253.12582842934,50,51756.30375701136,0.20224673267434962,1.940537117590565e-12,0.0007867555068277496,0.03317895159125328
31.40782324699103,landing,1,0.008846277371048927,0.03413693234324455,0.11783955991268158,0.0016908161342144012,0.23177532851696014,-0.07448765635490417,6.934207106779795e-10,-0.12015937581180824,0.27320520360193146,0.3789330641421238,52997,0.1882338823779346,0.03779097610732393,-0.005689177199970623,18.38428102200851,-1.4011594793062537e-09,0.3498942231077136,-0.34998682496046557,0.0,0.053000000000000866,0.1,0.0,0.15,0.0,3.473313808441162,52997,nan,1.037023901939392,nan,52000,52251.38819387973,52253.12582842934,50,51756.30375701136,0.18823388237793412,6.493170990719673e-17,0.0007554919645755466,0.03317895159125328
31.41060781700071,landing,1,0.008801269344985485,0.03852814808487892,0.11671696603298187,-0.00287450454197824,0.22181104123592377,-0.0659385621547699,6.651446408686741e-10,-0.11009834269988494,0.26614230174023956,0.3789330641421238,52997,0.1882338823779346,0.03779097610732393,-0.005689177199970623,0.07539099897257984,-1.3722941533942896e-09,0.34268604235892536,-0.34277673651829954,0.0,0.05600000000000087,0.1,0.0,0.15,0.0,3.473313808441162,52997,nan,1.037023901939392,nan,52000,52251.38819387973,52253.12582842934,50,51756.30375701136,0.18823388237793412,6.493170990719673e-17,0.0007554919645755466,0.03317895159125328
31.44110878300853,landing,1,0.008667846210300922,0.04505620896816254,0.11511755734682083,-0.006616448052227497,0.21780093014240265,-0.061645276844501495,6.38390291488797e-10,-0.10041731000569154,0.2594595008659364,0.3776373837811442,52816,0.15404706546554436,0.03234440402854169,-0.0007397040483725085,11.584896972635761,-1.344411757049217e-09,0.33572331645111436,-0.3358121678783807,0.0,0.05900000000000087,0.1,0.0,0.15,0.0,3.473313808441162,52816,nan,1.0180238485336304,nan,52000,52251.38819387973,52253.12582842934,50,51756.30375701136,0.15404706546554472,1.919588237687277e-12,0.0006141531683931505,0.03317895159125328
31.449353242001962,landing,1,0.008448110893368721,0.049204807728528976,0.11411327868700027,-0.01122166495770216,0.21400566399097443,-0.06034287065267563,6.120767927147925e-10,-0.09084636547956615,0.2528868172952734,0.3776373837811442,52816,0.15404706546554436,0.03234440402854169,-0.0007397040483725085,0.06005901377648115,-1.3164128760155432e-09,0.32873150226304415,-0.3288185032597942,0.0,0.062000000000000874,0.1,0.0,0.15,0.0,3.473313808441162,52816,nan,1.0161319971084595,nan,52000,52251.38819387973,52253.12582842934,50,51756.30375701136,0.15404706546554472,1.919588237687277e-12,0.0006141531683931505,0.03317895159125328
31.489297879015794,landing,1,0.008189946413040161,0.053497567772865295,0.11308743059635162,-0.016529904678463936,0.21197347342967987,-0.05583870783448219,5.85743019617663e-10,-0.08127035809753935,0.24630906952878995,0.3772283081024341,52759,0.14325351193757285,0.030259847921498877,0.005337090856266276,19.740863994229585,-1.2877831129871662e-09,0.3215821457190398,-0.3216672545906325,0.0,0.06500000000000088,0.1,0.0,0.15,0.0,3.473313808441162,52759,nan,1.0232237577438354,nan,52000,52251.38819387973,52253.12582842934,50,51756.30375701136,0.1432535119375721,1.4422035924509546e-17,0.0005859394008797249,0.03317895159125328
31.48967323001125,landing,1,0.008189946413040161,0.053497567772865295,0.11308743059635162,-0.02184673398733139,0.20711274445056915,-0.05078227072954178,5.601300854430984e-10,-0.07187435690218957,0.23991137558882847,0.3772283081024341,52759,0.14325351193757285,0.030259847921498877,0.005337090856266276,0.030835013603791595,-1.2593127918705983e-09,0.3144726046312253,-0.31455583191508807,0.0,0.06800000000000088,0.1,0.0,0.15,0.0,3.473313808441162,52759,nan,1.0232237577438354,nan,52000,52251.38819387973,52253.12582842934,50,51756.30375701136,0.1432535119375721,1.4422035924509546e-17,0.0005859394008797249,0.03317895159125328
31.527374705998227,landing,1,0.007368785794824362,0.06375224888324738,0.1109762042760849,-0.026456747204065323,0.20412634313106537,-0.04548842832446098,5.35428024210882e-10,-0.06270581673837827,0.23374120287949274,0.37615973391488905,52609,0.11505894234535674,0.028001201838340678,0.011638748114172991,17.874601995572448,-1.2312314888423211e-09,0.3074602082180803,-0.30754157962420287,0.0,0.07100000000000088,0.1,0.0,0.15,0.0,3.473313808441162,52609,nan,1.0209449529647827,nan,52000,52251.38819387973,52253.12582842934,50,51756.30375701136,0.11505894234535619,1.8638839384198077e-12,0.0004665994619171542,0.03317895159125328
31.5307163069956,landing,1,0.006916268728673458,0.06771668046712875,0.1101655662059784,-0.03036266379058361,0.19822707772254944,-0.040250010788440704,5.103895706939531e-10,-0.05345327349079465,0.2274870048544051,0.37615973391488905,52609,0.11505894234535674,0.028001201838340678,0.011638748114172991,0.032692012609913945,-1.202098514917353e-09,0.30018519104206187,-0.300264637066098,0.0,0.07400000000000088,0.1,0.0,0.15,0.0,3.473313808441162,52609,nan,1.0209449529647827,nan,52000,52251.38819387973,52253.12582842934,50,51756.30375701136,0.11505894234535619,1.8638839384198077e-12,0.0004665994619171542,0.03317895159125328
31.567579379014205,landing,1,0.006130085792392492,0.07354072481393814,0.10910844057798386,-0.0332535021007061,0.1935521513223648,-0.03465912863612175,4.86130161753403e-10,-0.04439527140775623,0.22142739948048673,0.3749259077284199,52437,0.08250416169973107,0.023879104839520975,0.016358773570014248,17.081183003028855,-1.1731821557345673e-09,0.29296426638588074,-0.2930418013437787,0.0,0.07700000000000089,0.1,0.0,0.15,0.0,3.473313808441162,52437,nan,1.0029782056808472,nan,52000,52251.38819387973,52253.12582842934,50,51756.30375701136,0.08250416169973163,1.0248465884374386e-12,0.00030764329861057054,0.03317895159125328
