t,state,mode,x,y,z,vx,vy,vz,carrot_x,carrot_y,carrot_z,force,cmd,az,roll,pitch,solve_ms,ref_vx,ref_vy,ref_vz,target_x,target_y,target_z,target_vx,target_vy,target_vz,vbat,cmd_ctrl,spool_ceil,accz,hover_raw,hover_cmd,hover_est,hover_b50,b50_n,hover_vbat,az_mpc,eps0,eps_max,z_ground
8.176033662020927,prespin,0,0.018900463357567787,-0.006095288787037134,0.03313429653644562,-0.0033363315742462873,0.003496401710435748,-0.0007619275711476803,0.018900463357567787,-0.006095288787037134,0.03313429653644562,0.0,20000,-9.81,0.0,0.0,0.0,0.0,0.0,0.0,0.018900463357567787,-0.006095288787037134,0.03313429653644562,0.0,0.0,0.0,4.096187591552734,nan,20000.0,0.9982749819755554,nan,52000,nan,nan,0,nan,nan,nan,nan,0.03313429653644562
8.1953063950059,prespin,0,0.01890440098941326,-0.006099379621446133,0.03313278779387474,-0.003436231054365635,0.0035171841736882925,-0.0008981252904050052,0.01890440098941326,-0.006099379621446133,0.03313278779387474,0.0,20000,-9.81,0.0,0.0,0.0,0.0,0.0,0.0,0.01890440098941326,-0.006099379621446133,0.03313278779387474,0.0,0.0,0.0,4.096187591552734,nan,20000.0,1.0011026859283447,nan,52000,nan,nan,0,nan,nan,nan,nan,0.03313429653644562
8.215231239999412,prespin,0,0.018907450139522552,-0.006099746562540531,0.03313520550727844,-0.0030413584318012,0.0027903164736926556,-0.001031791209243238,0.018907450139522552,-0.006099746562540531,0.03313520550727844,0.0,20000,-9.81,0.0,0.0,0.0,0.0,0.0,0.0,0.018907450139522552,-0.006099746562540531,0.03313520550727844,0.0,0.0,0.0,4.096187591552734,nan,20000.0,0.9954034686088562,nan,52000,nan,nan,0,nan,nan,nan,nan,0.03313429653644562
8.235435558017343,prespin,0,0.018898651003837585,-0.00609520822763443,0.03313542902469635,-0.0025879654567688704,0.002001014305278659,-0.0016913731815293431,0.018898651003837585,-0.00609520822763443,0.03313542902469635,0.0,20000,-9.81,0.0,0.0,0.0,0.0,0.0,0.0,0.018898651003837585,-0.00609520822763443,0.03313542902469635,0.0,0.0,0.0,4.096187591552734,nan,20000.0,0.9935503602027893,nan,52000,nan,nan,0,nan,nan,nan,nan,0.03313429653644562
8.25511012802599,prespin,0,0.018906936049461365,-0.006102170795202255,0.03314986079931259,-0.002189117483794689,0.0012806386221200228,-0.001818437478505075,0.018906936049461365,-0.006102170795202255,0.03314986079931259,0.0,20000,-9.81,0.0,0.0,0.0,0.0,0.0,0.0,0.018906936049461365,-0.006102170795202255,0.03314986079931259,0.0,0.0,0.0,4.096187591552734,nan,20000.0,1.0036169290542603,nan,52000,nan,nan,0,nan,nan,nan,nan,0.03313429653644562
8.275016906001838,prespin,0,0.018904460594058037,-0.006096282508224249,0.0331432968378067,-0.0017202099552378058,0.0004904849920421839,-0.0016821065219119191,0.018904460594058037,-0.006096282508224249,0.0331432968378067,0.0,20000,-9.81,0.0,0.0,0.0,0.0,0.0,0.0,0.018904460594058037,-0.006096282508224249,0.0331432968378067,0.0,0.0,0.0,4.096187591552734,nan,20000.0,0.9991533160209656,nan,52000,nan,nan,0,nan,nan,nan,nan,0.03313429653644562
8.295177564024925,prespin,0,0.01890483684837818,-0.006104007828980684,0.03314923867583275,-0.0013072473229840398,-0.00020733103156089783,-0.0016836203867569566,0.01890483684837818,-0.006104007828980684,0.03314923867583275,0.0,20000,-9.81,0.0,0.0,0.0,0.0,0.0,0.0,0.01890483684837818,-0.006104007828980684,0.03314923867583275,0.0,0.0,0.0,4.096187591552734,nan,20000.0,0.99709552526474,nan,52000,nan,nan,0,nan,nan,nan,nan,0.03313429653644562
8.315172015019925,prespin,0,0.018908029422163963,-0.006112886592745781,0.03315848857164383,-0.0008840910741128027,-0.0008965838351286948,-0.001780839404091239,0.018908029422163963,-0.006112886592745781,0.03315848857164383,0.0,20000,-9.81,0.0,0.0,0.0,0.0,0.0,0.0,0.018908029422163963,-0.006112886592745781,0.03315848857164383,0.0,0.0,0.0,4.096187591552734,nan,20000.0,0.9948950409889221,nan,52000,nan,nan,0,nan,nan,nan,nan,0.03313429653644562
8.33502014001715,prespin,0,0.018904514610767365,-0.006100015714764595,0.03314896300435066,-0.00046349019976332784,-0.0015789332101121545,-0.0017390598077327013,0.018904514610767365,-0.006100015714764595,0.03314896300435066,0.0,20000,-9.81,0.0,0.0,0.0,0.0,0.0,0.0,0.018904514610767365,-0.006100015714764595,0.03314896300435066,0.0,0.0,0.0,3.916715621948242,nan,20000.0,0.9965091347694397,nan,52000,nan,nan,0,nan,nan,nan,nan,0.03313429653644562
8.355355513020186,prespin,0,0.018904613330960274,-0.006114950869232416,0.03316063806414604,-1.850639637268614e-05,-0.0022838267032057047,-0.0013563933316618204,0.018904613330960274,-0.006114950869232416,0.03316063806414604,0.0,20000,-9.81,0.0,0.0,0.0,0.0,0.0,0.0,0.018904613330960274,-0.006114950869232416,0.03316063806414604,0.0,0.0,0.0,3.916715621948242,nan,20000.0,1.0012552738189697,nan,52000,nan,nan,0,nan,nan,nan,nan,0.03313429653644562
8.375075385003584,prespin,0,0.01889774203300476,-0.006113365292549133,0.03314909711480141,0.0003945337375625968,-0.0029406817629933357,-0.001034398446790874,0.01889774203300476,-0.006113365292549133,0.03314909711480141,0.0,20000,-9.81,0.0,0.0,0.0,0.0,0.0,0.0,0.01889774203300476,-0.006113365292549133,0.03314909711480141,0.0,0.0,0.0,3.916715621948242,nan,20000.0,0.9998489618301392,nan,52000,nan,nan,0,nan,nan,nan,nan,0.03313429653644562
8.394934751006076,prespin,0,0.018894005566835403,-0.006096172146499157,0.03315836936235428,0.0007344427285715938,-0.0035191336646676064,-0.0014146489556878805,0.018894005566835403,-0.006096172146499157,0.03315836936235428,0.0,20000,-9.81,0.0,0.0,0.0,0.0,0.0,0.0,0.018894005566835403,-0.006096172146499157,0.03315836936235428,0.0,0.0,0.0,3.916715621948242,nan,20000.0,1.0168976783752441,nan,52000,nan,nan,0,nan,nan,nan,nan,0.03313429653644562
8.415868617012165,prespin,0,0.01894133724272251,-0.006095094606280327,0.033160191029310226,0.0010423792991787195,-0.00408427556976676,-0.000642581086140126,0.01894133724272251,-0.006095094606280327,0.033160191029310226,0.0,20000,-9.81,0.0,0.0,0.0,0.0,0.0,0.0,0.01894133724272251,-0.006095094606280327,0.033160191029310226,0.0,0.0,0.0,3.916715621948242,nan,20000.0,1.0037801265716553,nan,52000,nan,nan,0,nan,nan,nan,nan,0.03313429653644562
8.435115507018054,prespin,0,0.01895746961236,-0.006104206200689077,0.03315811604261398,0.0013836643192917109,-0.004533113446086645,6.023430250934325e-05,0.01895746961236,-0.006104206200689077,0.03315811604261398,0.0,20000,-9.81,0.0,0.0,0.0,0.0,0.0,0.0,0.01895746961236,-0.006104206200689077,0.03315811604261398,0.0,0.0,0.0,3.916715621948242,nan,20000.0,1.000717282295227,nan,52000,nan,nan,0,nan,nan,nan,nan,0.03313429653644562
8.455129519017646,prespin,0,0.018964547663927078,-0.006130054127424955,0.03316284343600273,0.0016983067616820335,-0.004999319091439247,0.000654804112855345,0.018964547663927078,-0.006130054127424955,0.03316284343600273,0.0,20000,-9.81,0.0,0.0,0.0,0.0,0.0,0.0,0.018964547663927078,-0.006130054127424955,0.03316284343600273,0.0,0.0,0.0,3.916715621948242,nan,20000.0,1.0058057308197021,nan,52000,nan,nan,0,nan,nan,nan,nan,0.03313429653644562
8.475227871007519,prespin,0,0.01896791346371174,-0.006118926219642162,0.033144716173410416,0.002032583812251687,-0.005363751668483019,0.0012152999406680465,0.01896791346371174,-0.006118926219642162,0.033144716173410416,0.0,20000,-9.81,0.0,0.0,0.0,0.0,0.0,0.0,0.01896791346371174,-0.006118926219642162,0.033144716173410416,0.0,0.0,0.0,3.916715621948242,nan,20000.0,1.004248023033142,nan,52000,nan,nan,0,nan,nan,nan,nan,0.03313429653644562
8.495095743011916,prespin,0,0.018977541476488113,-0.006118096876889467,0.03316480666399002,0.0023221978917717934,-0.0058111888356506824,0.0010159201920032501,0.018977541476488113,-0.006118096876889467,0.03316480666399002,0.0,20000,-9.81,0.0,0.0,0.0,0.0,0.0,0.0,0.018977541476488113,-0.006118096876889467,0.03316480666399002,0.0,0.0,0.0,3.916715621948242,nan,20000.0,0.9895697236061096,nan,52000,nan,nan,0,nan,nan,nan,nan,0.03313429653644562
8.515831712022191,prespin,0,0.018967404961586,-0.006115583702921867,0.03316923603415489,0.0026269913651049137,-0.006051389500498772,-0.0002784311946015805,0.018967404961586,-0.006115583702921867,0.03316923603415489,0.0,20000,-9.81,0.0,0.0,0.0,0.0,0.0,0.0,0.018967404961586,-0.006115583702921867,0.03316923603415489,0.0,0.0,0.0,3.916715621948242,nan,20000.0,0.9999794960021973,nan,52000,nan,nan,0,nan,nan,nan,nan,0.03313429653644562
8.53553030101466,prespin,0,0.018989771604537964,-0.006109881680458784,0.03316626325249672,0.002862271387130022,-0.006257227621972561,-0.00018519817967899144,0.018989771604537964,-0.006109881680458784,0.03316626325249672,0.0,20000,-9.81,0.0,0.0,0.0,0.0,0.0,0.0,0.018989771604537964,-0.006109881680458784,0.03316626325249672,0.0,0.0,0.0,3.9378299713134766,nan,20000.0,1.0008890628814697,nan,52000,nan,nan,0,nan,nan,nan,nan,0.03313429653644562
8.555558808002388,prespin,0,0.018992988392710686,-0.006122993305325508,0.03316556289792061,0.003109066979959607,-0.006548516917973757,0.0009683587704785168,0.018992988392710686,-0.006122993305325508,0.03316556289792061,0.0,20000,-9.81,0.0,0.0,0.0,0.0,0.0,0.0,0.018992988392710686,-0.006122993305325508,0.03316556289792061,0.0,0.0,0.0,3.9378299713134766,nan,20000.0,1.010170578956604,nan,52000,nan,nan,0,nan,nan,nan,nan,0.03313429653644562
8.574882183020236,prespin,0,0.018960140645503998,-0.006111348979175091,0.033180393278598785,0.0032494408078491688,-0.006684907712042332,0.002977304393425584,0.018960140645503998,-0.006111348979175091,0.033180393278598785,0.0,20000,-9.81,0.0,0.0,0.0,0.0,0.0,0.0,0.018960140645503998,-0.006111348979175091,0.033180393278598785,0.0,0.0,0.0,3.9378299713134766,nan,20000.0,1.0107738971710205,nan,52000,nan,nan,0,nan,nan,nan,nan,0.03313429653644562
8.596203798020724,spool,0,0.019020669162273407,-0.006107189226895571,0.033163659274578094,0.003431051503866911,-0.00690886378288269,0.004906517453491688,0.019020669162273407,-0.006107189226895571,0.033163659274578094,0.0,20000,-9.81,0.0,0.0,0.0,0.0,0.0,0.0,0.019020669162273407,-0.006107189226895571,0.033163659274578094,0.0,0.0,0.0,3.9378299713134766,nan,20000.0,0.9997661113739014,nan,52000,nan,nan,0,nan,nan,nan,nan,0.03313429653644562
8.614867631025845,spool,0,0.01901126652956009,-0.006108987145125866,0.03316756710410118,0.0036538196727633476,-0.00708134425804019,0.005869810003787279,0.01901126652956009,-0.006108987145125866,0.03316756710410118,0.0,20437,-9.81,0.0,0.0,0.0,0.0,0.0,0.0,0.01901126652956009,-0.006108987145125866,0.03316756710410118,0.0,0.0,0.0,3.9378299713134766,nan,20437.22714181058,1.0017361640930176,nan,52000,nan,nan,0,nan,nan,nan,nan,0.03313429653644562
8.634913638001308,spool,0,0.018982285633683205,-0.006116619799286127,0.033170852810144424,0.003745907684788108,-0.007084114942699671,0.00669218972325325,0.018982285633683205,-0.006116619799286127,0.033170852810144424,0.0,20878,-9.81,0.0,0.0,0.0,0.0,0.0,0.0,0.018982285633683205,-0.006116619799286127,0.033170852810144424,0.0,0.0,0.0,3.9378299713134766,nan,20878.030273830518,1.005138874053955,nan,52000,nan,nan,0,nan,nan,nan,nan,0.03313429653644562
8.654869528021663,spool,0,0.01906086876988411,-0.006119775120168924,0.033161625266075134,0.003874720074236393,-0.007232042495161295,0.007921389304101467,0.01906086876988411,-0.006119775120168924,0.033161625266075134,0.0,21317,-9.81,0.0,0.0,0.0,0.0,0.0,0.0,0.01906086876988411,-0.006119775120168924,0.033161625266075134,0.0,0.0,0.0,3.9378299713134766,nan,21317.169061803725,1.0089432001113892,nan,52000,nan,nan,0,nan,nan,nan,nan,0.03313429653644562
8.67536334801116,spool,0,0.019062381237745285,-0.006186698563396931,0.033176593482494354,0.004040217492729425,-0.007366601377725601,0.007310960441827774,0.019062381237745285,-0.006186698563396931,0.033176593482494354,0.0,21759,-9.81,0.0,0.0,0.0,0.0,0.0,0.0,0.019062381237745285,-0.006186698563396931,0.033176593482494354,0.0,0.0,0.0,3.9378299713134766,nan,21759.081059892196,0.9917981624603271,nan,52000,nan,nan,0,nan,nan,nan,nan,0.03313429653644562
8.695382127014454,spool,0,0.01908033713698387,-0.006170869804918766,0.03318243473768234,0.004097237251698971,-0.007291257381439209,0.004212494008243084,0.01908033713698387,-0.006170869804918766,0.03318243473768234,0.0,22207,-9.81,0.0,0.0,0.0,0.0,0.0,0.0,0.01908033713698387,-0.006170869804918766,0.03318243473768234,0.0,0.0,0.0,3.9378299713134766,nan,22207.904137845617,0.9962466955184937,nan,52000,nan,nan,0,nan,nan,nan,nan,0.03313429653644562
8.714974502014229,spool,0,0.01919429562985897,-0.00621714536100626,0.033174000680446625,0.004269017837941647,-0.007386303972452879,0.00317007745616138,0.01919429562985897,-0.00621714536100626,0.033174000680446625,0.0,22638,-9.81,0.0,0.0,0.0,0.0,0.0,0.0,0.01919429562985897,-0.00621714536100626,0.033174000680446625,0.0,0.0,0.0,3.9378299713134766,nan,22638.901364291087,1.0133153200149536,nan,52000,nan,nan,0,nan,nan,nan,nan,0.03313429653644562
8.735027004004223,spool,0,0.019243033602833748,-0.006272494327276945,0.033185675740242004,0.0045348601415753365,-0.007495434954762459,0.004438082687556744,0.019243033602833748,-0.006272494327276945,0.033185675740242004,0.0,23079,-9.81,0.0,0.0,0.0,0.0,0.0,0.0,0.019243033602833748,-0.006272494327276945,0.033185675740242004,0.0,0.0,0.0,3.921994209289551,nan,23079.776260012295,1.0151549577713013,nan,52000,nan,nan,0,nan,nan,nan,nan,0.03313429653644562
8.755113125022035,spool,0,0.019298184663057327,-0.006321037653833628,0.03319518640637398,0.004816059488803148,-0.0073751709423959255,0.0071760667487978935,0.019298184663057327,-0.006321037653833628,0.03319518640637398,0.0,23521,-9.81,0.0,0.0,0.0,0.0,0.0,0.0,0.019298184663057327,-0.006321037653833628,0.03319518640637398,0.0,0.0,0.0,3.921994209289551,nan,23521.441484219395,1.0207253694534302,nan,52000,nan,nan,0,nan,nan,nan,nan,0.03313429653644562
8.775310700002592,spool,0,0.019323455169796944,-0.00635762233287096,0.033198170363903046,0.005184762645512819,-0.00739438459277153,0.009363435208797455,0.019323455169796944,-0.00635762233287096,0.033198170363903046,0.0,23966,-9.81,0.0,0.0,0.0,0.0,0.0,0.0,0.019323455169796944,-0.00635762233287096,0.033198170363903046,0.0,0.0,0.0,3.921994209289551,nan,23966.245492047165,0.9929312467575073,nan,52000,nan,nan,0,nan,nan,nan,nan,0.03313429653644562
8.795333910005866,spool,0,0.019337564706802368,-0.006320837419480085,0.03317058086395264,0.005475441459566355,-0.007176531478762627,0.00807216390967369,0.019337564706802368,-0.006320837419480085,0.03317058086395264,0.0,24406,-9.81,0.0,0.0,0.0,0.0,0.0,0.0,0.019337564706802368,-0.006320837419480085,0.03317058086395264,0.0,0.0,0.0,3.921994209289551,nan,24406.507644045632,0.9968476295471191,nan,52000,nan,nan,0,nan,nan,nan,nan,0.03313429653644562
8.815302025002893,spool,0,0.01945180632174015,-0.006309291813522577,0.033162593841552734,0.005863227415829897,-0.007039144169539213,0.0066046263091266155,0.01945180632174015,-0.006309291813522577,0.033162593841552734,0.0,24845,-9.81,0.0,0.0,0.0,0.0,0.0,0.0,0.01945180632174015,-0.006309291813522577,0.033162593841552734,0.0,0.0,0.0,3.921994209289551,nan,24845.853891805746,0.9933233857154846,nan,52000,nan,nan,0,nan,nan,nan,nan,0.03313429653644562
8.835159680020297,spool,0,0.019616177305579185,-0.0063691516406834126,0.03316066786646843,0.006247584242373705,-0.0066736056469380856,0.004427370149642229,0.019616177305579185,-0.0063691516406834126,0.03316066786646843,0.0,25283,-9.81,0.0,0.0,0.0,0.0,0.0,0.0,0.019616177305579185,-0.0063691516406834126,0.03316066786646843,0.0,0.0,0.0,3.921994209289551,nan,25283.5622181301,0.9962988495826721,nan,52000,nan,nan,0,nan,nan,nan,nan,0.03313429653644562
8.855147553025745,spool,0,0.01958896778523922,-0.006372835487127304,0.03314672037959099,0.006710265763103962,-0.00662542087957263,0.004760344047099352,0.01958896778523922,-0.006372835487127304,0.03314672037959099,0.0,25722,-9.81,0.0,0.0,0.0,0.0,0.0,0.0,0.01958896778523922,-0.006372835487127304,0.03314672037959099,0.0,0.0,0.0,3.921994209289551,nan,25722.15358034009,1.0128720998764038,nan,52000,nan,nan,0,nan,nan,nan,nan,0.03313429653644562
8.87512523701298,spool,0,0.019536197185516357,-0.006524483673274517,0.033187929540872574,0.0070574646815657616,-0.006527620833367109,0.0051557328552007675,0.019536197185516357,-0.006524483673274517,0.033187929540872574,0.0,26162,-9.81,0.0,0.0,0.0,0.0,0.0,0.0,0.019536197185516357,-0.006524483673274517,0.033187929540872574,0.0,0.0,0.0,3.921994209289551,nan,26162.633906002156,0.9945315718650818,nan,52000,nan,nan,0,nan,nan,nan,nan,0.03313429653644562
8.895107896998525,spool,0,0.019603095948696136,-0.006535790860652924,0.033155445009469986,0.007233573589473963,-0.0063804504461586475,0.00273465970531106,0.019603095948696136,-0.006535790860652924,0.033155445009469986,0.0,26602,-9.81,0.0,0.0,0.0,0.0,0.0,0.0,0.019603095948696136,-0.006535790860652924,0.033155445009469986,0.0,0.0,0.0,3.921994209289551,nan,26602.494910301175,1.0160974264144897,nan,52000,nan,nan,0,nan,nan,nan,nan,0.03313429653644562
8.916035786998691,spool,0,0.01978834718465805,-0.0063831135630607605,0.03314806893467903,0.007515186909586191,-0.006458214949816465,0.0030789505690336227,0.01978834718465805,-0.0063831135630607605,0.03314806893467903,0.0,27056,-9.81,0.0,0.0,0.0,0.0,0.0,0.0,0.01978834718465805,-0.0063831135630607605,0.03314806893467903,0.0,0.0,0.0,3.921994209289551,nan,27056.52943608584,0.9870176911354065,nan,52000,nan,nan,0,nan,nan,nan,nan,0.03313429653644562
8.934877938998397,spool,0,0.01988908089697361,-0.006217925809323788,0.03316347673535347,0.0076566352508962154,-0.006236940156668425,0.0028538089245557785,0.01988908089697361,-0.006217925809323788,0.03316347673535347,0.0,27477,-9.81,0.0,0.0,0.0,0.0,0.0,0.0,0.01988908089697361,-0.006217925809323788,0.03316347673535347,0.0,0.0,0.0,3.890322685241699,nan,27477.36858011922,1.023136019706726,nan,52000,nan,nan,0,nan,nan,nan,nan,0.03313429653644562
8.954997434018878,spool,0,0.01984643191099167,-0.006157010793685913,0.03317190706729889,0.00791963841766119,-0.006138937082141638,0.004428463988006115,0.01984643191099167,-0.006157010793685913,0.03317190706729889,0.0,27919,-9.81,0.0,0.0,0.0,0.0,0.0,0.0,0.01984643191099167,-0.006157010793685913,0.03317190706729889,0.0,0.0,0.0,3.890322685241699,nan,27919.899921980686,0.9930225014686584,nan,52000,nan,nan,0,nan,nan,nan,nan,0.03313429653644562
8.975718012021389,spool,0,0.019652778282761574,-0.006011674180626869,0.033208493143320084,0.008015666157007217,-0.006068873684853315,0.003727004863321781,0.019652778282761574,-0.006011674180626869,0.033208493143320084,0.0,28370,-9.81,0.0,0.0,0.0,0.0,0.0,0.0,0.019652778282761574,-0.006011674180626869,0.033208493143320084,0.0,0.0,0.0,3.890322685241699,nan,28370.491338311695,0.9934910535812378,nan,52000,nan,nan,0,nan,nan,nan,nan,0.03313429653644562
8.994950188003713,spool,0,0.019485870376229286,-0.00584342610090971,0.03318127244710922,0.007732818368822336,-0.005796331446617842,0.003356898669153452,0.019485870376229286,-0.00584342610090971,0.03318127244710922,0.0,28798,-9.81,0.0,0.0,0.0,0.0,0.0,0.0,0.019485870376229286,-0.00584342610090971,0.03318127244710922,0.0,0.0,0.0,3.890322685241699,nan,28798.908315831795,0.981927216053009,nan,52000,nan,nan,0,nan,nan,nan,nan,0.03313429653644562
9.015024806023575,spool,0,0.019292432814836502,-0.0056969113647937775,0.03316838666796684,0.00739387096837163,-0.005977363791316748,0.0016055796295404434,0.019292432814836502,-0.0056969113647937775,0.03316838666796684,0.0,29240,-9.81,0.0,0.0,0.0,0.0,0.0,0.0,0.019292432814836502,-0.0056969113647937775,0.03316838666796684,0.0,0.0,0.0,3.890322685241699,nan,29240.045826067217,0.9957513213157654,nan,52000,nan,nan,0,nan,nan,nan,nan,0.03313429653644562
9.034898067999166,spool,0,0.019105175510048866,-0.005450981669127941,0.033181436359882355,0.006401460152119398,-0.005860470701009035,-0.00042845302959904075,0.019105175510048866,-0.005450981669127941,0.033181436359882355,0.0,29677,-9.81,0.0,0.0,0.0,0.0,0.0,0.0,0.019105175510048866,-0.005450981669127941,0.033181436359882355,0.0,0.0,0.0,3.890322685241699,nan,29677.830932079814,1.0111980438232422,nan,52000,nan,nan,0,nan,nan,nan,nan,0.03313429653644562
9.054949417011812,spool,0,0.01902448572218418,-0.005284968297928572,0.033179283142089844,0.005689221899956465,-0.006212486885488033,0.0018168732058256865,0.01902448572218418,-0.005284968297928572,0.033179283142089844,0.0,30118,-9.81,0.0,0.0,0.0,0.0,0.0,0.0,0.01902448572218418,-0.005284968297928572,0.033179283142089844,0.0,0.0,0.0,3.890322685241699,nan,30118.353805912193,1.0111793279647827,nan,52000,nan,nan,0,nan,nan,nan,nan,0.03313429653644562
9.07542473002104,spool,0,0.018926946446299553,-0.0051545496098697186,0.033186279237270355,0.00519689591601491,-0.0069173723459243774,0.003664519637823105,0.018926946446299553,-0.0051545496098697186,0.033186279237270355,0.0,30563,-9.81,0.0,0.0,0.0,0.0,0.0,0.0,0.018926946446299553,-0.0051545496098697186,0.033186279237270355,0.0,0.0,0.0,3.890322685241699,nan,30563.01851029275,0.9908493757247925,nan,52000,nan,nan,0,nan,nan,nan,nan,0.03313429653644562
9.094890258013038,spool,0,0.018849603831768036,-0.005073724314570427,0.03320622444152832,0.0037367399781942368,-0.006548422388732433,0.001967665506526828,0.018849603831768036,-0.005073724314570427,0.03320622444152832,0.0,30997,-9.81,0.0,0.0,0.0,0.0,0.0,0.0,0.018849603831768036,-0.005073724314570427,0.03320622444152832,0.0,0.0,0.0,3.890322685241699,nan,30997.518311953172,0.9603723287582397,nan,52000,nan,nan,0,nan,nan,nan,nan,0.03313429653644562
9.114873784012161,spool,0,0.018698014318943024,-0.004831321537494659,0.03319702669978142,0.002940280130133033,-0.0068666972219944,-0.0022498341277241707,0.018698014318943024,-0.004831321537494659,0.03319702669978142,0.0,31437,-9.81,0.0,0.0,0.0,0.0,0.0,0.0,0.018698014318943024,-0.004831321537494659,0.03319702669978142,0.0,0.0,0.0,3.890322685241699,nan,31437.339539872482,1.0071477890014648,nan,52000,nan,nan,0,nan,nan,nan,nan,0.03313429653644562
9.134921995020704,spool,0,0.018582968041300774,-0.004660691600292921,0.03321467339992523,0.0018186065135523677,-0.00670935632660985,-0.002259465167298913,0.018582968041300774,-0.004660691600292921,0.03321467339992523,0.0,31877,-9.81,0.0,0.0,0.0,0.0,0.0,0.0,0.018582968041300774,-0.004660691600292921,0.03321467339992523,0.0,0.0,0.0,3.853372573852539,nan,31877.863997768145,0.9986056685447693,nan,52000,nan,nan,0,nan,nan,nan,nan,0.03313429653644562
9.15496196001186,spool,0,0.01850309409201145,-0.004518434405326843,0.03319012001156807,0.0011049327440559864,-0.007031440269201994,-0.0035797632299363613,0.01850309409201145,-0.004518434405326843,0.03319012001156807,0.0,32318,-9.81,0.0,0.0,0.0,0.0,0.0,0.0,0.01850309409201145,-0.004518434405326843,0.03319012001156807,0.0,0.0,0.0,3.853372573852539,nan,32318.564983957913,0.9897289276123047,nan,52000,nan,nan,0,nan,nan,nan,nan,0.03313429653644562
9.174899970006663,spool,0,0.018444370478391647,-0.004308798350393772,0.033171646296978,0.00016947345284279436,-0.006914942990988493,-0.0042180875316262245,0.018444370478391647,-0.004308798350393772,0.033171646296978,0.0,32757,-9.81,0.0,0.0,0.0,0.0,0.0,0.0,0.018444370478391647,-0.004308798350393772,0.033171646296978,0.0,0.0,0.0,3.853372573852539,nan,32757.89561198326,0.991404116153717,nan,52000,nan,nan,0,nan,nan,nan,nan,0.03313429653644562
9.194864345015958,spool,0,0.018369438126683235,-0.0041594840586185455,0.03314970061182976,-0.0002094381197821349,-0.007426116615533829,-0.006714546587318182,0.018369438126683235,-0.0041594840586185455,0.03314970061182976,0.0,33197,-9.81,0.0,0.0,0.0,0.0,0.0,0.0,0.018369438126683235,-0.0041594840586185455,0.03314970061182976,0.0,0.0,0.0,3.853372573852539,nan,33197.04476231709,0.9993789196014404,nan,52000,nan,nan,0,nan,nan,nan,nan,0.03313429653644562
9.215705670008902,spool,0,0.018145235255360603,-0.0038317020516842604,0.03317416459321976,-0.0003052813990507275,-0.007865218445658684,-0.00645863264799118,0.018145235255360603,-0.0038317020516842604,0.03317416459321976,0.0,33648,-9.81,0.0,0.0,0.0,0.0,0.0,0.0,0.018145235255360603,-0.0038317020516842604,0.03317416459321976,0.0,0.0,0.0,3.853372573852539,nan,33648.08449416887,1.010111689567566,nan,52000,nan,nan,0,nan,nan,nan,nan,0.03313429653644562
9.23489691602299,spool,0,0.018120089545845985,-0.003784497734159231,0.033209823071956635,-0.000468430487671867,-0.00760619854554534,-0.005377838853746653,0.018120089545845985,-0.003784497734159231,0.033209823071956635,0.0,34077,-9.81,0.0,0.0,0.0,0.0,0.0,0.0,0.018120089545845985,-0.003784497734159231,0.033209823071956635,0.0,0.0,0.0,3.853372573852539,nan,34077.70480593899,0.9989113211631775,nan,52000,nan,nan,0,nan,nan,nan,nan,0.03313429653644562
9.255106392025482,spool,0,0.018154919147491455,-0.0038423342630267143,0.033201154321432114,-0.0002970759815070778,-0.0076640755869448185,-0.007411102764308453,0.018154919147491455,-0.0038423342630267143,0.033201154321432114,0.0,34521,-9.81,0.0,0.0,0.0,0.0,0.0,0.0,0.018154919147491455,-0.0038423342630267143,0.033201154321432114,0.0,0.0,0.0,3.853372573852539,nan,34521.86170598725,1.0045878887176514,nan,52000,nan,nan,0,nan,nan,nan,nan,0.03313429653644562
9.275174767011777,spool,0,0.018252020701766014,-0.003986427094787359,0.033200815320014954,-0.00011210986122023314,-0.007907959632575512,-0.0071128676645457745,0.018252020701766014,-0.003986427094787359,0.033200815320014954,0.0,34963,-9.81,0.0,0.0,0.0,0.0,0.0,0.0,0.018252020701766014,-0.003986427094787359,0.033200815320014954,0.0,0.0,0.0,3.853372573852539,nan,34963.535994058475,0.9901816844940186,nan,52000,nan,nan,0,nan,nan,nan,nan,0.03313429653644562
9.295113376021618,spool,0,0.01829306222498417,-0.004085172899067402,0.033171772956848145,3.5558684885472758e-06,-0.007890564389526844,-0.006219630595296621,0.01829306222498417,-0.004085172899067402,0.033171772956848145,0.0,35402,-9.81,0.0,0.0,0.0,0.0,0.0,0.0,0.01829306222498417,-0.004085172899067402,0.033171772956848145,0.0,0.0,0.0,3.853372573852539,nan,35402.33261603862,0.9868941307067871,nan,52000,nan,nan,0,nan,nan,nan,nan,0.03313429653644562
9.315229965024628,spool,0,0.018255989998579025,-0.004026118200272322,0.03315696120262146,0.00028150310390628874,-0.00838750321418047,-0.006785375066101551,0.018255989998579025,-0.004026118200272322,0.03315696120262146,0.0,35839,-9.81,0.0,0.0,0.0,0.0,0.0,0.0,0.018255989998579025,-0.004026118200272322,0.03315696120262146,0.0,0.0,0.0,3.853372573852539,nan,35839.04168015579,1.0116322040557861,nan,52000,nan,nan,0,nan,nan,nan,nan,0.03313429653644562
9.335002171021188,spool,0,0.018228553235530853,-0.003999526612460613,0.033139731734991074,0.0005133381928317249,-0.008551836013793945,-0.004871623124927282,0.018228553235530853,-0.003999526612460613,0.033139731734991074,0.0,36279,-9.81,0.0,0.0,0.0,0.0,0.0,0.0,0.018228553235530853,-0.003999526612460613,0.033139731734991074,0.0,0.0,0.0,3.826979637145996,nan,36279.8247699975,0.9923568964004517,nan,52000,nan,nan,0,nan,nan,nan,nan,0.03313429653644562
9.355129962001229,spool,0,0.018177218735218048,-0.003933351021260023,0.033217690885066986,0.0009596635354682803,-0.009055345319211483,-0.002952673239633441,0.018177218735218048,-0.003933351021260023,0.033217690885066986,0.0,36722,-9.81,0.0,0.0,0.0,0.0,0.0,0.0,0.018177218735218048,-0.003933351021260023,0.033217690885066986,0.0,0.0,0.0,3.826979637145996,nan,36722.47821214842,0.971540629863739,nan,52000,nan,nan,0,nan,nan,nan,nan,0.03313429653644562
9.375131889013574,spool,0,0.01825016923248768,-0.003960622474551201,0.03316058591008186,0.0014082674169912934,-0.00947190634906292,-0.0035880361683666706,0.01825016923248768,-0.003960622474551201,0.03316058591008186,0.0,37162,-9.81,0.0,0.0,0.0,0.0,0.0,0.0,0.01825016923248768,-0.003960622474551201,0.03316058591008186,0.0,0.0,0.0,3.826979637145996,nan,37162.49528381741,0.9747686982154846,nan,52000,nan,nan,0,nan,nan,nan,nan,0.03313429653644562
9.395157721999567,spool,0,0.01822931505739689,-0.004040493629872799,0.03316027298569679,0.0018351974431425333,-0.009591137990355492,-0.0058318558149039745,0.01822931505739689,-0.004040493629872799,0.03316027298569679,0.0,37603,-9.81,0.0,0.0,0.0,0.0,0.0,0.0,0.01822931505739689,-0.004040493629872799,0.03316027298569679,0.0,0.0,0.0,3.826979637145996,nan,37603.0254837824,1.001977801322937,nan,52000,nan,nan,0,nan,nan,nan,nan,0.03313429653644562
9.414989211014472,spool,0,0.01814420148730278,-0.004066788591444492,0.03320687636733055,0.0023294587153941393,-0.010121439583599567,-0.005907031707465649,0.01814420148730278,-0.004066788591444492,0.03320687636733055,0.0,38039,-9.81,0.0,0.0,0.0,0.0,0.0,0.0,0.01814420148730278,-0.004066788591444492,0.03320687636733055,0.0,0.0,0.0,3.826979637145996,nan,38039.4379880745,0.9732336401939392,nan,52000,nan,nan,0,nan,nan,nan,nan,0.03313429653644562
9.434924041008344,spool,0,0.018197687342762947,-0.004045599605888128,0.033170148730278015,0.002818258246406913,-0.010686219669878483,-0.005636775866150856,0.018197687342762947,-0.004045599605888128,0.033170148730278015,0.0,38478,-9.81,0.0,0.0,0.0,0.0,0.0,0.0,0.018197687342762947,-0.004045599605888128,0.033170148730278015,0.0,0.0,0.0,3.826979637145996,nan,38478.300807764754,1.0302340984344482,nan,52000,nan,nan,0,nan,nan,nan,nan,0.03313429653644562
9.45489067901508,spool,0,0.018147658556699753,-0.004056228324770927,0.03318879380822182,0.003236540826037526,-0.010921343229711056,-0.004698209464550018,0.018147658556699753,-0.004056228324770927,0.03318879380822182,0.0,38917,-9.81,0.0,0.0,0.0,0.0,0.0,0.0,0.018147658556699753,-0.004056228324770927,0.03318879380822182,0.0,0.0,0.0,3.826979637145996,nan,38917.7052458399,1.0083504915237427,nan,52000,nan,nan,0,nan,nan,nan,nan,0.03313429653644562
9.474872668011812,spool,0,0.018146855756640434,-0.004078389145433903,0.03316691517829895,0.0037562819197773933,-0.011405842378735542,-0.0008941291598603129,0.018146855756640434,-0.004078389145433903,0.03316691517829895,0.0,39357,-9.81,0.0,0.0,0.0,0.0,0.0,0.0,0.018146855756640434,-0.004078389145433903,0.03316691517829895,0.0,0.0,0.0,3.826979637145996,nan,39357.20670426963,1.0211575031280518,nan,52000,nan,nan,0,nan,nan,nan,nan,0.03313429653644562
9.494993523025187,spool,0,0.01814146526157856,-0.004101875238120556,0.03317737206816673,0.004282063338905573,-0.011996940709650517,0.0020250368397682905,0.01814146526157856,-0.004101875238120556,0.03317737206816673,0.0,39799,-9.81,0.0,0.0,0.0,0.0,0.0,0.0,0.01814146526157856,-0.004101875238120556,0.03317737206816673,0.0,0.0,0.0,3.826979637145996,nan,39799.70764223253,0.9934147596359253,nan,52000,nan,nan,0,nan,nan,nan,nan,0.03313429653644562
9.514922022004612,spool,0,0.01815854385495186,-0.0041222344152629375,0.03316640853881836,0.0045876335352659225,-0.012187978252768517,0.0018323227996006608,0.01815854385495186,-0.0041222344152629375,0.03316640853881836,0.0,40238,-9.81,0.0,0.0,0.0,0.0,0.0,0.0,0.01815854385495186,-0.0041222344152629375,0.03316640853881836,0.0,0.0,0.0,3.826979637145996,nan,40238.297969743144,0.9813207983970642,nan,52000,nan,nan,0,nan,nan,nan,nan,0.03313429653644562
9.535124639020069,spool,0,0.018114740028977394,-0.004095567390322685,0.03316923603415489,0.004980326630175114,-0.012686791829764843,-0.0027223906945437193,0.018114740028977394,-0.004095567390322685,0.03316923603415489,0.0,40682,-9.81,0.0,0.0,0.0,0.0,0.0,0.0,0.018114740028977394,-0.004095567390322685,0.03316923603415489,0.0,0.0,0.0,3.7953078746795654,nan,40682.07972595701,1.021256685256958,nan,52000,nan,nan,0,nan,nan,nan,nan,0.03313429653644562
9.555254408012843,spool,0,0.01812899112701416,-0.004092392977327108,0.033241380006074905,0.005179442465305328,-0.012879922054708004,-0.0012107512447983027,0.01812899112701416,-0.004092392977327108,0.033241380006074905,0.0,41124,-9.81,0.0,0.0,0.0,0.0,0.0,0.0,0.01812899112701416,-0.004092392977327108,0.033241380006074905,0.0,0.0,0.0,3.7953078746795654,nan,41124.7076918371,0.9999244213104248,nan,52000,nan,nan,0,nan,nan,nan,nan,0.03313429653644562
9.57507066000835,spool,0,0.018178774043917656,-0.004145910497754812,0.03318127989768982,0.005431538447737694,-0.013041846454143524,6.784139259252697e-05,0.018178774043917656,-0.004145910497754812,0.03318127989768982,0.0,41561,-9.81,0.0,0.0,0.0,0.0,0.0,0.0,0.018178774043917656,-0.004145910497754812,0.03318127989768982,0.0,0.0,0.0,3.7953078746795654,nan,41561.058134015184,0.9782044887542725,nan,52000,nan,nan,0,nan,nan,nan,nan,0.03313429653644562
9.595103537023533,spool,0,0.018181750550866127,-0.004170548170804977,0.033225201070308685,0.005765238311141729,-0.013444071635603905,0.0025170743465423584,0.018181750550866127,-0.004170548170804977,0.033225201070308685,0.0,42001,-9.81,0.0,0.0,0.0,0.0,0.0,0.0,0.018181750550866127,-0.004170548170804977,0.033225201070308685,0.0,0.0,0.0,3.7953078746795654,nan,42001.437171828,1.0064553022384644,nan,52000,nan,nan,0,nan,nan,nan,nan,0.03313429653644562
9.615102730022045,spool,0,0.01825120486319065,-0.004161649849265814,0.033201102167367935,0.005772751290351152,-0.013302442617714405,0.0030205396469682455,0.01825120486319065,-0.004161649849265814,0.033201102167367935,0.0,42441,-9.81,0.0,0.0,0.0,0.0,0.0,0.0,0.01825120486319065,-0.004161649849265814,0.033201102167367935,0.0,0.0,0.0,3.7953078746795654,nan,42441.87642389443,1.0230857133865356,nan,52000,nan,nan,0,nan,nan,nan,nan,0.03313429653644562
9.635135737014934,spool,0,0.018227724358439445,-0.004194590728729963,0.03324763476848602,0.00590570317581296,-0.01364158559590578,0.003349859733134508,0.018227724358439445,-0.004194590728729963,0.03324763476848602,0.0,42882,-9.81,0.0,0.0,0.0,0.0,0.0,0.0,0.018227724358439445,-0.004194590728729963,0.03324763476848602,0.0,0.0,0.0,3.7953078746795654,nan,42882.54038372543,1.0215237140655518,nan,52000,nan,nan,0,nan,nan,nan,nan,0.03313429653644562
9.654960433021188,spool,0,0.018295500427484512,-0.004382784012705088,0.03322393819689751,0.005683872848749161,-0.014044257812201977,0.007169435266405344,0.018295500427484512,-0.004382784012705088,0.03322393819689751,0.0,43319,-9.81,0.0,0.0,0.0,0.0,0.0,0.0,0.018295500427484512,-0.004382784012705088,0.03322393819689751,0.0,0.0,0.0,3.7953078746795654,nan,43319.09784581512,1.0390863418579102,nan,52000,nan,nan,0,nan,nan,nan,nan,0.03313429653644562
9.674882838007761,spool,0,0.01829954795539379,-0.004580825567245483,0.03324434161186218,0.00559034151956439,-0.014033520594239235,0.0098942331969738,0.01829954795539379,-0.004580825567245483,0.03324434161186218,0.0,43757,-9.81,0.0,0.0,0.0,0.0,0.0,0.0,0.01829954795539379,-0.004580825567245483,0.03324434161186218,0.0,0.0,0.0,3.7953078746795654,nan,43757.335139787756,0.9753363132476807,nan,52000,nan,nan,0,nan,nan,nan,nan,0.03313429653644562
9.69488391201594,spool,0,0.018273264169692993,-0.0046669053845107555,0.03329787775874138,0.005428496282547712,-0.014316022396087646,0.007624620571732521,0.018273264169692993,-0.0046669053845107555,0.03329787775874138,0.0,44197,-9.81,0.0,0.0,0.0,0.0,0.0,0.0,0.018273264169692993,-0.0046669053845107555,0.03329787775874138,0.0,0.0,0.0,3.7953078746795654,nan,44197.450244100764,0.9955419898033142,nan,52000,nan,nan,0,nan,nan,nan,nan,0.03313429653644562
9.715119490021607,spool,0,0.018237989395856857,-0.004817713983356953,0.03329743817448616,0.005370844155550003,-0.014708003029227257,0.00892836693674326,0.018237989395856857,-0.004817713983356953,0.03329743817448616,0.0,44641,-9.81,0.0,0.0,0.0,0.0,0.0,0.0,0.018237989395856857,-0.004817713983356953,0.03329743817448616,0.0,0.0,0.0,3.7953078746795654,nan,44641.40150981257,1.010860800743103,nan,52000,nan,nan,0,nan,nan,nan,nan,0.03313429653644562
9.734938576002605,spool,0,0.01820041611790657,-0.005003861151635647,0.03335045278072357,0.005179204046726227,-0.014721071347594261,0.009317202493548393,0.01820041611790657,-0.005003861151635647,0.03335045278072357,0.0,45078,-9.81,0.0,0.0,0.0,0.0,0.0,0.0,0.01820041611790657,-0.005003861151635647,0.03335045278072357,0.0,0.0,0.0,3.7689149379730225,nan,45078.81030603312,1.0007009506225586,nan,52000,nan,nan,0,nan,nan,nan,nan,0.03313429653644562
9.754902321001282,spool,0,0.01815768890082836,-0.005145956762135029,0.033343780785799026,0.005234885029494762,-0.014978512190282345,0.006428256630897522,0.01815768890082836,-0.005145956762135029,0.033343780785799026,0.0,45517,-9.81,0.0,0.0,0.0,0.0,0.0,0.0,0.01815768890082836,-0.005145956762135029,0.033343780785799026,0.0,0.0,0.0,3.7689149379730225,nan,45517.67440180993,1.0354470014572144,nan,52000,nan,nan,0,nan,nan,nan,nan,0.03313429653644562
9.774869887012755,spool,0,0.01817784458398819,-0.005321936681866646,0.03339575603604317,0.005174142774194479,-0.015111257322132587,0.01037992350757122,0.01817784458398819,-0.005321936681866646,0.03339575603604317,0.0,45957,-9.81,0.0,0.0,0.0,0.0,0.0,0.0,0.01817784458398819,-0.005321936681866646,0.03339575603604317,0.0,0.0,0.0,3.7689149379730225,nan,45957.2018199251,0.9767953157424927,nan,52000,nan,nan,0,nan,nan,nan,nan,0.03313429653644562
9.794870027020806,spool,0,0.018187927082180977,-0.005475650075823069,0.033424362540245056,0.005024006590247154,-0.014950171113014221,0.0065666381269693375,0.018187927082180977,-0.005475650075823069,0.033424362540245056,0.0,46397,-9.81,0.0,0.0,0.0,0.0,0.0,0.0,0.018187927082180977,-0.005475650075823069,0.033424362540245056,0.0,0.0,0.0,3.7689149379730225,nan,46397.18243828975,0.9974293112754822,nan,52000,nan,nan,0,nan,nan,nan,nan,0.03313429653644562
9.814988401019946,spool,0,0.018196912482380867,-0.005688605364412069,0.03344515711069107,0.005158470012247562,-0.015173032879829407,0.009034676477313042,0.018196912482380867,-0.005688605364412069,0.03344515711069107,0.0,46839,-9.81,0.0,0.0,0.0,0.0,0.0,0.0,0.018196912482380867,-0.005688605364412069,0.03344515711069107,0.0,0.0,0.0,3.7689149379730225,nan,46839.21983605251,1.0204781293869019,nan,52000,nan,nan,0,nan,nan,nan,nan,0.03313429653644562
9.835073716007173,spool,0,0.01814780756831169,-0.00615004263818264,0.033582448959350586,0.005355076864361763,-0.015252710320055485,0.011280126869678497,0.01814780756831169,-0.00615004263818264,0.033582448959350586,0.0,47281,-9.81,0.0,0.0,0.0,0.0,0.0,0.0,0.01814780756831169,-0.00615004263818264,0.033582448959350586,0.0,0.0,0.0,3.7689149379730225,nan,47281.104378111195,0.9855244159698486,nan,52000,nan,nan,0,nan,nan,nan,nan,0.03313429653644562
9.855410800024401,spool,0,0.01800307258963585,-0.0067133912816643715,0.03355921432375908,0.006114535965025425,-0.015470467507839203,0.006853081751614809,0.01800307258963585,-0.0067133912816643715,0.03355921432375908,0.0,47724,-9.81,0.0,0.0,0.0,0.0,0.0,0.0,0.01800307258963585,-0.0067133912816643715,0.03355921432375908,0.0,0.0,0.0,3.7689149379730225,nan,47724.08152814023,1.0094925165176392,nan,52000,nan,nan,0,nan,nan,nan,nan,0.03313429653644562
9.875258514017332,spool,0,0.017964471131563187,-0.006939036771655083,0.03356729447841644,0.0062187593430280685,-0.01580435037612915,0.007130694575607777,0.017964471131563187,-0.006939036771655083,0.03356729447841644,0.0,48164,-9.81,0.0,0.0,0.0,0.0,0.0,0.0,0.017964471131563187,-0.006939036771655083,0.03356729447841644,0.0,0.0,0.0,3.7689149379730225,nan,48164.870733977295,1.0446659326553345,nan,52000,nan,nan,0,nan,nan,nan,nan,0.03313429653644562
9.894921127997804,spool,0,0.01795680820941925,-0.007604347541928291,0.03369653597474098,0.004990008659660816,-0.016768023371696472,0.012782999314367771,0.01795680820941925,-0.007604347541928291,0.03369653597474098,0.0,48598,-9.81,0.0,0.0,0.0,0.0,0.0,0.0,0.01795680820941925,-0.007604347541928291,0.03369653597474098,0.0,0.0,0.0,3.7689149379730225,nan,48598.502570122946,1.0134104490280151,nan,52000,nan,nan,0,nan,nan,nan,nan,0.03313429653644562
9.915106294007273,spool,0,0.017987295985221863,-0.008119150064885616,0.033812642097473145,0.0034990550484508276,-0.017642304301261902,0.016157260164618492,0.017987295985221863,-0.008119150064885616,0.033812642097473145,0.0,49042,-9.81,0.0,0.0,0.0,0.0,0.0,0.0,0.017987295985221863,-0.008119150064885616,0.033812642097473145,0.0,0.0,0.0,3.7689149379730225,nan,49042.02567198081,1.0344890356063843,nan,52000,nan,nan,0,nan,nan,nan,nan,0.03313429653644562
9.93508788701729,spool,0,0.017989089712500572,-0.00904292892664671,0.034315142780542374,0.0039329067803919315,-0.019010823220014572,0.02308170683681965,0.017989089712500572,-0.00904292892664671,0.034315142780542374,0.0,49481,-9.81,0.0,0.0,0.0,0.0,0.0,0.0,0.017989089712500572,-0.00904292892664671,0.034315142780542374,0.0,0.0,0.0,3.7425220012664795,nan,49481.41262005083,1.0412001609802246,nan,52000,nan,nan,0,nan,nan,nan,nan,0.03313429653644562
9.955240770999808,spool,0,0.018014466390013695,-0.009770277887582779,0.03481321781873703,0.00603190204128623,-0.021567299962043762,0.03188060224056244,0.018014466390013695,-0.009770277887582779,0.03481321781873703,0.0,49924,-9.81,0.0,0.0,0.0,0.0,0.0,0.0,0.018014466390013695,-0.009770277887582779,0.03481321781873703,0.0,0.0,0.0,3.7425220012664795,nan,49924.2368042469,1.0329519510269165,nan,52000,nan,nan,0,nan,nan,nan,nan,0.03313429653644562
9.975200014014263,spool,0,0.01804768666625023,-0.011115392670035362,0.03567705675959587,0.008314218372106552,-0.02512180060148239,0.0366336852312088,0.01804768666625023,-0.011115392670035362,0.03567705675959587,0.0,50364,-9.81,0.0,0.0,0.0,0.0,0.0,0.0,0.01804768666625023,-0.011115392670035362,0.03567705675959587,0.0,0.0,0.0,3.7425220012664795,nan,50364.0649401932,1.0249534845352173,nan,52000,nan,nan,0,nan,nan,nan,nan,0.03313429653644562
9.995139553007903,spool,0,0.018067268654704094,-0.012081505730748177,0.03627612814307213,0.010242018848657608,-0.030529480427503586,0.04146973416209221,0.018067268654704094,-0.012081505730748177,0.03627612814307213,0.0,50802,-9.81,0.0,0.0,0.0,0.0,0.0,0.0,0.018067268654704094,-0.012081505730748177,0.03627612814307213,0.0,0.0,0.0,3.7425220012664795,nan,50802.55635594949,1.0262298583984375,nan,52000,nan,nan,0,nan,nan,nan,nan,0.03313429653644562
10.015243147005094,spool,0,0.01818118616938591,-0.013240675441920757,0.037116505205631256,0.011207176372408867,-0.03655288740992546,0.046937230974435806,0.01818118616938591,-0.013240675441920757,0.037116505205631256,0.0,51244,-9.81,0.0,0.0,0.0,0.0,0.0,0.0,0.01818118616938591,-0.013240675441920757,0.037116505205631256,0.0,0.0,0.0,3.7425220012664795,nan,51244.47957373923,1.023543357849121,nan,52000,nan,nan,0,nan,nan,nan,nan,0.03313429653644562
10.039357383007882,rising,0,0.018459932878613472,-0.01507838536053896,0.03829208388924599,0.011217008344829082,-0.043788373470306396,0.05140386521816254,0.018459932878613472,-0.01507838536053896,0.038292953724591385,0.34431045986485204,48155,-0.7252912964419007,-0.025438684743939004,-0.006515682223334984,1.454701996408403,0.0,0.0,0.0007224273023894056,0.0,-1.0,0.1,0.0,0.0,0.0,3.7425220012664795,48155,nan,1.0291731357574463,nan,52000,nan,nan,0,nan,nan,nan,nan,0.03313429653644562
10.056844955019187,rising,0,0.01868334971368313,-0.016502095386385918,0.03921539708971977,0.01183653250336647,-0.05111531540751457,0.05708952620625496,0.018459932878613472,-0.01507838536053896,0.038355206835540556,0.3431672462289127,47995,-0.7554552446197196,-0.03145581006834088,-0.0071588831560900346,1.008597988402471,0.0,0.0,0.006154166700434871,0.0,-1.0,0.1,0.0,0.0,0.0,3.7425220012664795,47995,nan,1.04398512840271,nan,52000,nan,nan,0,nan,nan,nan,nan,0.03313429653644562
10.076649872004054,rising,0,0.019059322774410248,-0.018767081201076508,0.04087608680129051,0.013896930031478405,-0.058743666857481,0.06495177745819092,0.018459932878613472,-0.01507838536053896,0.03853254467038193,0.34040007938471994,47608,-0.8284675624084468,-0.03886033457634501,-0.008869508948137428,1.0179069940932095,0.0,0.0,0.012011514004552736,0.0,-1.0,0.1,0.0,0.0,0.0,3.7425220012664795,47608,nan,1.013293743133545,nan,52000,nan,nan,0,nan,nan,nan,nan,0.03313429653644562
10.096788102004211,rising,0,0.01937325857579708,-0.020414717495441437,0.042020250111818314,0.01772208698093891,-0.06635134667158127,0.06846047192811966,0.018459932878613472,-0.01507838536053896,0.03883444109029619,0.3407041035130231,47651,-0.8204458175983369,-0.04523300757789435,-0.011475745229623913,1.2783409911207855,0.0,0.0,0.01803924390405882,0.0,-1.0,0.1,0.0,0.0,0.0,3.7425220012664795,47651,nan,1.0306742191314697,nan,52000,nan,nan,0,nan,nan,nan,nan,0.03313429653644562
10.117539042024873,rising,0,0.019904322922229767,-0.0231607835739851,0.04380706697702408,0.02361012063920498,-0.07153120636940002,0.0742507204413414,0.018459932878613472,-0.01507838536053896,0.039267895754544514,0.33931568962668496,47456,-0.8570794293750676,-0.05171927936598293,-0.015619659846792366,1.185608998639509,0.0,0.0,0.024196841099183075,0.0,-1.0,0.1,0.0,0.0,0.0,3.7425220012664795,47456,nan,1.024515986442566,nan,52000,nan,nan,0,nan,nan,nan,nan,0.03313429653644562
10.136710001999745,rising,0,0.020341461524367332,-0.024991296231746674,0.045065347105264664,0.030567821115255356,-0.0748312920331955,0.07946838438510895,0.018459932878613472,-0.01507838536053896,0.03978837063059395,0.3387663644733399,47380,-0.8715734967456505,-0.05592404699854124,-0.020269562126798535,0.9955819987226278,0.0,0.0,0.02996284440450836,0.0,-1.0,0.1,0.0,0.0,0.0,3.7425220012664795,47380,nan,1.0015177726745605,nan,52000,nan,nan,0,nan,nan,nan,nan,0.03313429653644562
10.156995898025343,rising,0,0.02080526389181614,-0.026873791590332985,0.04638901725411415,0.03724822402000427,-0.07695398479700089,0.07861826568841934,0.018459932878613472,-0.01507838536053896,0.04046715307663467,0.3415572114535367,47770,-0.7979363732576079,-0.05892620818626742,-0.024559927955364547,1.2039780267514288,0.0,0.0,0.03612535830179695,0.0,-1.0,0.1,0.0,0.0,0.0,3.7425220012664795,47770,nan,1.007705569267273,nan,52000,nan,nan,0,nan,nan,nan,nan,0.03313429653644562
10.176874614000553,rising,0,0.021526986733078957,-0.02966490387916565,0.04835968464612961,0.04351543262600899,-0.07627761363983154,0.0786493644118309,0.018459932878613472,-0.01507838536053896,0.04125318731302892,0.343163330832073,47995,-0.755558553243457,-0.061522543983645525,-0.028940429935427447,1.0650839831214398,0.0,0.0,0.042150469205807894,0.0,-1.0,0.1,0.0,0.0,0.0,3.7425220012664795,47995,nan,1.0111867189407349,nan,52000,nan,nan,0,nan,nan,nan,nan,0.03313429653644562
10.196204667998245,rising,0,0.021993663161993027,-0.031489480286836624,0.04963083192706108,0.048588767647743225,-0.0747508779168129,0.08022623509168625,0.018459932878613472,-0.01507838536053896,0.042133271213502306,0.34486617473708175,48233,-0.7106286349054951,-0.06245852130001295,-0.03228260736836264,0.9065240155905485,0.0,0.0,0.04800742020306643,0.0,-1.0,0.1,0.0,0.0,0.0,3.7425220012664795,48233,nan,0.9890792369842529,nan,52000,nan,nan,0,nan,nan,nan,nan,0.03313429653644562
10.217130853998242,rising,0,0.02281755581498146,-0.03423313423991203,0.05153368040919304,0.05193864926695824,-0.07047304511070251,0.07961750030517578,0.018459932878613472,-0.01507838536053896,0.04316145426959337,0.347134253971477,48550,-0.6507848556338534,-0.06275410736431788,-0.03495261340548805,1.1442239920143038,0.0,0.0,0.05405203260015696,0.0,-1.0,0.1,0.0,0.0,0.0,3.7425220012664795,48550,nan,1.0042548179626465,nan,52000,nan,nan,0,nan,nan,nan,nan,0.03313429653644562
10.236099379020743,rising,0,0.023360593244433403,-0.03602181002497673,0.0528925284743309,0.05310883745551109,-0.06512858718633652,0.07987864315509796,0.018459932878613472,-0.01507838536053896,0.044282971311643715,0.3496372991608987,48900,-0.5847414469419885,-0.06129316049673181,-0.0359937250682949,0.9417550172656775,0.0,0.0,0.05995441979903262,0.0,-1.0,0.1,0.0,0.0,0.0,3.7425220012664795,48900,nan,0.9887356758117676,nan,52000,nan,nan,0,nan,nan,nan,nan,0.03313429653644562
10.25637472901144,rising,0,0.023886041715741158,-0.037697684019804,0.05409844219684601,0.05205274000763893,-0.06091175600886345,0.07703330367803574,0.018459932878613472,-0.01507838536053896,0.04554566218949706,0.35410892887694945,49525,-0.46675649401188934,-0.060027420642835366,-0.035536070416509524,1.1234729900024831,0.0,0.0,0.06597080399806145,0.0,-1.0,0.1,0.0,0.0,0.0,3.7425220012664795,49525,nan,0.964874267578125,nan,52000,nan,nan,0,nan,nan,nan,nan,0.03313429653644562
10.276017330004834,rising,0,0.02470972388982773,-0.04021935909986496,0.05573362484574318,0.05040204897522926,-0.05648978427052498,0.07149216532707214,0.018459932878613472,-0.01507838536053896,0.04692047325685391,0.3595299631191788,50284,-0.32372128973143255,-0.059466615100065276,-0.03499818116336484,0.8415660122409463,0.0,0.0,0.07195160610135644,0.0,-1.0,0.1,0.0,0.0,0.0,3.7425220012664795,50284,nan,0.9807252883911133,nan,52000,nan,nan,0,nan,nan,nan,nan,0.03313429653644562
10.296037384017836,rising,0,0.02523689717054367,-0.041851114481687546,0.056643906980752945,0.048177096992731094,-0.054522447288036346,0.06762109696865082,0.018459932878613472,-0.01507838536053896,0.04843007970064526,0.36522070033831233,51079,-0.17356991191788218,-0.05924800762304028,-0.03381122093714595,0.7978740031830966,0.0,0.0,0.0779922912013717,0.0,-1.0,0.1,0.0,0.0,0.0,3.7425220012664795,51079,nan,0.9760968685150146,nan,52000,nan,nan,0,nan,nan,nan,nan,0.03313429653644562
10.317878455010941,rising,0,0.02590518444776535,-0.044166699051856995,0.058179743587970734,0.0459204725921154,-0.052548885345458984,0.062497541308403015,0.018459932878613472,-0.01507838536053896,0.05005830835809694,0.3709170750621099,51876,-0.02326978727942297,-0.059771352986442754,-0.03279540465830055,0.8647610084153712,0.0,0.0,0.08402222730510402,0.0,-1.0,0.1,0.0,0.0,0.0,3.7425220012664795,51876,nan,0.9690781831741333,nan,52000,nan,nan,0,nan,nan,nan,nan,0.03313429653644562
10.33661837602267,rising,0,0.026313144713640213,-0.04566594213247299,0.05905420705676079,0.04354090243577957,-0.051020652055740356,0.056510765105485916,0.018459932878613472,-0.01507838536053896,0.05179512237070061,0.37796641499084627,52862,0.1627286277268123,-0.0594322920952042,-0.031355714868887,1.1316390009596944,0.0,0.0,0.09001012770168017,0.0,-1.0,0.1,0.0,0.0,0.0,3.710850477218628,52862,nan,0.992962121963501,nan,52000,nan,nan,0,nan,nan,nan,nan,0.03313429653644562
10.356303970009321,rising,0,0.02668781206011772,-0.047070685774087906,0.059918392449617386,0.040639594197273254,-0.05015789344906807,0.054083649069070816,0.018459932878613472,-0.01507838536053896,0.053648776675136886,0.38339814585761073,53622,0.30604606484460817,-0.059604251560708456,-0.02978824904662436,1.044440985424444,0.0,0.0,0.09598966439953073,0.0,-1.0,0.1,0.0,0.0,0.0,3.710850477218628,53622,nan,0.9917268753051758,nan,52000,nan,nan,0,nan,nan,nan,nan,0.03313429653644562
10.375888339010999,rising,0,0.02706908993422985,-0.0490422286093235,0.06123887747526169,0.03790759667754173,-0.04698348045349121,0.052525632083415985,0.018459932878613472,-0.01507838536053896,0.05561187358651814,0.3879379320025928,54257,0.42582934043780263,-0.05930072621906338,-0.028423791412850008,0.833545986097306,0.0,0.0,0.10194054060266353,0.0,-1.0,0.1,0.0,0.0,0.0,3.710850477218628,54257,nan,1.0253664255142212,nan,52000,nan,nan,0,nan,nan,nan,nan,0.03313429653644562
10.395968154014554,rising,0,0.02727353759109974,-0.05032525956630707,0.06211681291460991,0.03412595018744469,-0.04343986138701439,0.056271884590387344,0.018459932878613472,-0.01507838536053896,0.05770860357555889,0.3905454107493402,54621,0.4946282519614815,-0.058399588029392185,-0.02650612131614949,0.9136850130744278,0.0,0.0,0.10793475719983689,0.0,-1.0,0.1,0.0,0.0,0.0,3.710850477218628,54621,nan,1.0221201181411743,nan,52000,nan,nan,0,nan,nan,nan,nan,0.03313429653644562
10.416677451023133,rising,0,0.027402697131037712,-0.05152503773570061,0.06307116150856018,0.030111057683825493,-0.03753160312771797,0.06061747670173645,0.018459932878613472,-0.01507838536053896,0.059936205119760444,0.39290867156725534,54952,0.5569834186610887,-0.056255393988001404,-0.024433852322625738,1.4253290137276053,0.0,0.0,0.11395820610341616,0.0,-1.0,0.1,0.0,0.0,0.0,3.710850477218628,54952,nan,1.0379184484481812,nan,52000,nan,nan,0,nan,nan,nan,nan,0.03313429653644562
10.435948635014938,rising,0,0.027491819113492966,-0.053257960826158524,0.06477757543325424,0.025354908779263496,-0.030484329909086227,0.0674714744091034,0.018459932878613472,-0.01507838536053896,0.06226568731049453,0.3931843914139829,54990,0.564258348653901,-0.05438784250527532,-0.022087454507174087,0.8377799822483212,0.0,0.0,0.11993399039783981,0.0,-1.0,0.1,0.0,0.0,0.0,3.710850477218628,54990,nan,1.0436277389526367,nan,52000,nan,nan,0,nan,nan,nan,nan,0.03313429653644562
10.456079231022159,rising,0,0.027490554377436638,-0.05427314341068268,0.06591719388961792,0.019863750785589218,-0.025074606761336327,0.07583511620759964,0.018459932878613472,-0.01507838536053896,0.06473499840410035,0.3936165065539394,55051,0.5756598035340197,-0.05260505078146837,-0.019271214841031226,0.9171009878627956,0.0,0.0,0.1259593137045158,0.0,-1.0,0.1,0.0,0.0,0.0,3.710850477218628,55051,nan,1.039383888244629,nan,52000,nan,nan,0,nan,nan,nan,nan,0.03313429653644562
10.476090967014898,rising,0,0.02729356661438942,-0.05580804869532585,0.06782860308885574,0.013570488430559635,-0.02054750546813011,0.08302714675664902,0.018459932878613472,-0.01507838536053896,0.0672987312623848,0.3937787849969149,55074,0.5799415566468298,-0.05183894297165473,-0.015866302482822725,1.0593680199235678,0.0,0.0,0.1319241767982021,0.0,-1.0,0.1,0.0,0.0,0.0,3.710850477218628,55074,nan,1.0437252521514893,nan,52000,nan,nan,0,nan,nan,nan,nan,0.03313429653644562
10.496879770013038,rising,0,0.02715175412595272,-0.05680626630783081,0.06932388246059418,0.006786843296140432,-0.01677132211625576,0.09200064837932587,0.018459932878613472,-0.01507838536053896,0.07004521346312044,0.39387059089071363,55086,0.5823638757444218,-0.05091924267309991,-0.012273621442177918,1.3692920038010925,0.0,0.0,0.1380285396007821,0.0,-1.0,0.1,0.0,0.0,0.0,3.710850477218628,55086,nan,1.0661258697509766,nan,52000,nan,nan,0,nan,nan,nan,nan,0.03313429653644562
10.516158533020644,rising,0,0.026746835559606552,-0.05814685299992561,0.07185244560241699,-0.0009887820342555642,-0.015167631208896637,0.10389720648527145,0.018459932878613472,-0.01507838536053896,0.07282303036860255,0.39118766164581475,54711,0.5115741859054008,-0.051818165033921185,-0.00796813896538584,0.921761995414272,0.0,0.0,0.14393945910560432,0.0,-1.0,0.1,0.0,0.0,0.0,3.710850477218628,54711,nan,1.0330537557601929,nan,52000,nan,nan,0,nan,nan,nan,nan,0.03313429653644562
10.53665570099838,rising,0,0.026397259905934334,-0.05897241830825806,0.07359737902879715,-0.009181661531329155,-0.01554282009601593,0.11121153086423874,0.018459932878613472,-0.01507838536053896,0.07579051535470586,0.39209939391343035,54839,0.5356304462646513,-0.05273121674168446,-0.0034139331140501383,1.1955599766224623,0.0,0.0,0.14999686289811506,0.0,-1.0,0.1,0.0,0.0,0.0,3.684457540512085,54839,nan,1.0548655986785889,nan,52000,nan,nan,0,nan,nan,nan,nan,0.03313429653644562
10.556726991024334,rising,0,0.026170510798692703,-0.059485141187906265,0.07453982532024384,-0.017609238624572754,-0.017044689506292343,0.12175334244966507,0.018459932878613472,-0.01507838536053896,0.07884306119629503,0.39248770309570624,54893,0.5458760711268127,-0.053968402332459184,0.001114981804791082,1.4644890034105629,0.0,0.0,0.15598264770233072,0.0,-1.0,0.1,0.0,0.0,0.0,3.684457540512085,54893,nan,1.0372378826141357,nan,52000,nan,nan,0,nan,nan,nan,nan,0.03313429653644562
10.575741129025118,rising,0,0.02492198906838894,-0.061170794069767,0.07861185073852539,-0.026179958134889603,-0.02010471187531948,0.12769396603107452,0.018459932878613472,-0.01507838536053896,0.08199950041893253,0.3914368770623507,54746,0.5181497905633421,-0.05740583491617672,0.006772967944738584,0.6829449848737568,0.0,0.0,0.16193964899866842,0.0,-1.0,0.1,0.0,0.0,0.0,3.684457540512085,54746,nan,1.0352729558944702,nan,52000,nan,nan,0,nan,nan,nan,nan,0.03313429653644562
10.59598592601833,rising,0,0.024236571043729782,-0.06196671351790428,0.08082503825426102,-0.03451158106327057,-0.022079311311244965,0.13450147211551666,0.018459932878613472,-0.01507838536053896,0.08531342262164224,0.39248476473963445,54893,0.5457985419428599,-0.059075575583806716,0.011699220213317707,0.7968720165081322,0.0,0.0,0.16796667300222906,0.0,-1.0,0.1,0.0,0.0,0.0,3.684457540512085,54893,nan,1.0297373533248901,nan,52000,nan,nan,0,nan,nan,nan,nan,0.03313429653644562
10.61640939602512,rising,0,0.02341068536043167,-0.06273932009935379,0.0830327495932579,-0.042148783802986145,-0.02114160917699337,0.1403522789478302,0.018459932878613472,-0.01507838536053896,0.08877694667920799,0.39420309770351686,55133,0.5911371425730021,-0.059130419645411283,0.016361473477250144,0.9668060229159892,0.0,0.0,0.17404286160017363,0.0,-1.0,0.1,0.0,0.0,0.0,3.684457540512085,55133,nan,1.0446299314498901,nan,52000,nan,nan,0,nan,nan,nan,nan,0.03313429653644562
10.636016344011296,rising,0,0.02203228324651718,-0.0638175755739212,0.08672747761011124,-0.049612559378147125,-0.017910463735461235,0.14795443415641785,0.018459932878613472,-0.01507838536053896,0.0923041769660954,0.39321495612467,54995,0.5650648054002634,-0.058737422335826,0.0216020072864076,0.6942750187590718,0.0,0.0,0.18002015399979426,0.0,-1.0,0.1,0.0,0.0,0.0,3.684457540512085,54995,nan,1.0382945537567139,nan,52000,nan,nan,0,nan,nan,nan,nan,0.03313429653644562
10.656556570000248,rising,0,0.021092843264341354,-0.06447732448577881,0.08915844559669495,-0.056850023567676544,-0.01354954857379198,0.15570971369743347,0.018459932878613472,-0.01507838536053896,0.09596512341139761,0.3938890970853003,55089,0.5828521658390571,-0.05709580160726819,0.026195242815331365,1.1721679766196758,0.0,0.0,0.1860210302984342,0.0,-1.0,0.1,0.0,0.0,0.0,3.684457540512085,55089,nan,1.0247504711151123,nan,52000,nan,nan,0,nan,nan,nan,nan,0.03313429653644562
10.676859087019693,rising,0,0.019987033680081367,-0.06499874591827393,0.09175118058919907,-0.06192784756422043,-0.0063071176409721375,0.16006764769554138,0.018459932878613472,-0.01507838536053896,0.09973756465006191,0.3961542756025606,55406,0.642619409038538,-0.053638545754202946,0.029726963212726387,1.4632029924541712,0.0,0.0,0.19200856349780224,0.0,-1.0,0.1,0.0,0.0,0.0,3.684457540512085,55406,nan,1.0230553150177002,nan,52000,nan,nan,0,nan,nan,nan,nan,0.03313429653644562
10.69648174502072,rising,0,0.018454942852258682,-0.06567367911338806,0.09566745907068253,-0.06545839458703995,0.002080246340483427,0.1642216593027115,0.018459932878613472,-0.01507838536053896,0.10364283414856786,0.3970421624937073,55530,0.6660465037917476,-0.0499723067516923,0.03298402705911441,1.1216469865757972,0.0,0.0,0.19801628760178572,0.0,-1.0,0.1,0.0,0.0,0.0,3.684457540512085,55530,nan,1.046256422996521,nan,52000,nan,nan,0,nan,nan,nan,nan,0.03313429653644562
10.71712426902377,rising,0,0.01653616689145565,-0.0661773681640625,0.09989920258522034,-0.06801293790340424,0.00972815603017807,0.17152705788612366,0.018459932878613472,-0.01507838536053896,0.10776788749824225,0.3963222968811914,55429,0.6470526881580838,-0.046711643633969485,0.03627160511496719,0.9079829906113446,0.0,0.0,0.20417022840119897,0.0,-1.0,0.1,0.0,0.0,0.0,3.684457540512085,55429,nan,1.02255117893219,nan,52000,nan,nan,0,nan,nan,nan,nan,0.03313429653644562
10.735806352022337,rising,0,0.015473950654268265,-0.06629101932048798,0.10278403013944626,-0.0696859359741211,0.017153389751911163,0.17535606026649475,0.018459932878613472,-0.01507838536053896,0.11176908082335481,0.3986704648447322,55758,0.7090096265100829,-0.042822058987418046,0.03796422570498126,0.6708219880238175,0.0,0.0,0.2099671359057538,0.0,-1.0,0.1,0.0,0.0,0.0,3.6791789531707764,55758,nan,1.0198850631713867,nan,52000,nan,nan,0,nan,nan,nan,nan,0.03313429653644562
10.756940574006876,rising,0,0.014335311949253082,-0.06639613956212997,0.10565546154975891,-0.07157924026250839,0.022230885922908783,0.17930199205875397,0.018459932878613472,-0.01507838536053896,0.11611541890760442,0.4015993545210431,56167,0.7862890374945408,-0.040084621236500056,0.039765763621451455,1.2635399762075394,0.0,0.0,0.21608794739877338,0.0,-1.0,0.1,0.0,0.0,0.0,3.6791789531707764,56167,nan,1.0242269039154053,nan,52000,nan,nan,0,nan,nan,nan,nan,0.03313429653644562
10.777097520011012,rising,0,0.01260198000818491,-0.06633379310369492,0.11010456830263138,-0.07261113077402115,0.02645721845328808,0.18241316080093384,0.018459932878613472,-0.01507838536053896,0.1204479156964724,0.4028759128039736,56346,0.8199713140890115,-0.037797471190178726,0.04187477255648475,1.5016979887150228,0.0,0.0,0.22202139330329373,0.0,-1.0,0.1,0.0,0.0,0.0,3.6791789531707764,56346,nan,1.0214555263519287,nan,52000,nan,nan,0,nan,nan,nan,nan,0.03313429653644562
10.796025337011088,rising,0,0.011585340835154057,-0.06618881225585938,0.11317124217748642,-0.07173904031515121,0.03125235438346863,0.18575888872146606,0.018459932878613472,-0.01507838536053896,0.12490459679301498,0.4058915781639165,56768,0.8995403209476649,-0.035007406424039364,0.04213614225337925,0.8527129830326885,0.0,0.0,0.22796382989909034,0.0,-1.0,0.1,0.0,0.0,0.0,3.6791789531707764,56768,nan,1.0208439826965332,nan,52000,nan,nan,0,nan,nan,nan,nan,0.03313429653644562
10.816530053998576,rising,0,0.009897414594888687,-0.06575271487236023,0.11793133616447449,-0.06890443712472916,0.03622545301914215,0.1896601915359497,0.018459932878613472,-0.01507838536053896,0.12950196282376653,0.4066992239103771,56881,0.9208502351022965,-0.03205943200448061,0.04231882045160873,1.456314988899976,0.0,0.0,0.23393573339853901,0.0,-1.0,0.1,0.0,0.0,0.0,3.6791789531707764,56881,nan,1.0419692993164062,nan,52000,nan,nan,0,nan,nan,nan,nan,0.03313429653644562
10.835722614021506,rising,0,0.008850140497088432,-0.06530456244945526,0.12114989012479782,-0.06446969509124756,0.04171467572450638,0.1981591433286667,0.018459932878613472,-0.01507838536053896,0.13424866511818467,0.40731873803594404,56967,0.937196254246544,-0.02886952913745145,0.04110434562781262,0.634089985396713,0.0,0.0,0.23994572039810008,0.0,-1.0,0.1,0.0,0.0,0.0,3.6791789531707764,56967,nan,1.0418601036071777,nan,52000,nan,nan,0,nan,nan,nan,nan,0.03313429653644562
10.855775155010633,rising,0,0.007906923070549965,-0.06486447900533676,0.12454259395599365,-0.05884101241827011,0.04916585981845856,0.2059781700372696,0.018459932878613472,-0.01507838536053896,0.1391079873059506,0.40818157849690573,57088,0.959962493322049,-0.0247194807125937,0.03918231317010812,0.7021769997663796,0.0,0.0,0.24594621779979206,0.0,-1.0,0.1,0.0,0.0,0.0,3.6791789531707764,57088,nan,1.0483921766281128,nan,52000,nan,nan,0,nan,nan,nan,nan,0.03313429653644562
10.876571180007886,rising,0,0.006526754703372717,-0.06391388177871704,0.12981200218200684,-0.052701521664857864,0.057490117847919464,0.21474117040634155,0.018459932878613472,-0.01507838536053896,0.1441765537103522,0.4065468530798978,56859,0.9168298965672221,-0.019782238021031823,0.03767634416921495,0.8413379837293178,0.0,0.0,0.2520529347035335,0.0,-1.0,0.1,0.0,0.0,0.0,3.6791789531707764,56859,nan,1.0443729162216187,nan,52000,nan,nan,0,nan,nan,nan,nan,0.03313429653644562
10.896144533006009,rising,0,0.005624021403491497,-0.06317144632339478,0.13340981304645538,-0.046727318316698074,0.06530503928661346,0.22301121056079865,0.018459932878613472,-0.01507838536053896,0.1491745390407327,0.40705439398449406,56930,0.9302214771634301,-0.015183143642797164,0.03557972585943325,1.0680189880076796,0.0,0.0,0.2579330787062645,0.0,-1.0,0.1,0.0,0.0,0.0,3.6791789531707764,56930,nan,1.0412565469741821,nan,52000,nan,nan,0,nan,nan,nan,nan,0.03313429653644562
10.916027084022062,rising,0,0.004962732084095478,-0.062380727380514145,0.13703957200050354,-0.04155031219124794,0.07220257818698883,0.23034518957138062,0.018459932878613472,-0.01507838536053896,0.15441722002413036,0.4083848279688295,57116,0.9653252762224138,-0.010977483572376562,0.033574995427530174,0.8507120073772967,0.0,0.0,0.26396037899830843,0.0,-1.0,0.1,0.0,0.0,0.0,3.6791789531707764,57116,nan,1.0362634658813477,nan,52000,nan,nan,0,nan,nan,nan,nan,0.03313429653644562
10.935805037006503,rising,0,0.004101008176803589,-0.06100748851895332,0.14279016852378845,-0.03638648986816406,0.07768993824720383,0.23748207092285156,0.018459932878613472,-0.01507838536053896,0.1597217471954409,0.4072197972976523,56953,0.9345856806768396,-0.006962152174680129,0.0319804875020977,0.809821009170264,0.0,0.0,0.2699218368041329,0.0,-1.0,0.1,0.0,0.0,0.0,3.668621778488159,56953,nan,1.039867639541626,nan,52000,nan,nan,0,nan,nan,nan,nan,0.03313429653644562
10.955946311005391,rising,0,0.003583059413358569,-0.05999399721622467,0.14679177105426788,-0.030715446919202805,0.08127091079950333,0.24398930370807648,0.018459932878613472,-0.01507838536053896,0.16521463731404804,0.40883185532229516,57179,0.977120193200399,-0.004189539399268751,0.029585765192850833,0.8090199844446033,0.0,0.0,0.2759592941991286,0.0,-1.0,0.1,0.0,0.0,0.0,3.668621778488159,57179,nan,1.0312861204147339,nan,52000,nan,nan,0,nan,nan,nan,nan,0.03313429653644562
10.9755441910238,rising,0,0.0029225328471511602,-0.05843907222151756,0.15272243320941925,-0.0245033111423254,0.08547859638929367,0.2497122436761856,0.018459932878613472,-0.01507838536053896,0.1707522690462846,0.40844387386169656,57125,0.9668832153481937,-0.0006087680415720995,0.02721792517542232,0.6230889994185418,0.0,0.0,0.2819150778057519,0.0,-1.0,0.1,0.0,0.0,0.0,3.668621778488159,57125,nan,1.0386931896209717,nan,52000,nan,nan,0,nan,nan,nan,nan,0.03313429653644562
10.996071191009833,rising,0,0.0025612195022404194,-0.05721212178468704,0.1569044440984726,-0.018445851281285286,0.08726909756660461,0.2561132609844208,0.018459932878613472,-0.01507838536053896,0.17646714348370535,0.41015983503463,57365,1.0121592357422156,0.0014640765653589846,0.024501816736227422,1.006217993563041,0.0,0.0,0.28793234579788984,0.0,-1.0,0.1,0.0,0.0,0.0,3.668621778488159,57365,nan,1.0421773195266724,nan,52000,nan,nan,0,nan,nan,nan,nan,0.03313429653644562
11.015847907023272,rising,0,0.002244269475340843,-0.05598774924874306,0.16111630201339722,-0.01265703234821558,0.09045998007059097,0.26332205533981323,0.018459932878613472,-0.01507838536053896,0.18229065591050392,0.4115725437351557,57562,1.049433871639991,0.004200159971110352,0.02191203866477731,0.8096919918898493,0.0,0.0,0.2939373117056675,0.0,-1.0,0.1,0.0,0.0,0.0,3.668621778488159,57562,nan,1.036207675933838,nan,52000,nan,nan,0,nan,nan,nan,nan,0.03313429653644562
11.036175606015604,rising,0,0.00208376906812191,-0.054718390107154846,0.16544470191001892,-0.007516686338931322,0.09306825697422028,0.26900506019592285,0.018459932878613472,-0.01507838536053896,0.18823098941623842,0.41375469054257413,57867,1.1070103045534054,0.006666250710144176,0.01946639313228582,1.0655199876055121,0.0,0.0,0.2999388993048342,0.0,-1.0,0.1,0.0,0.0,0.0,3.668621778488159,57867,nan,1.0343167781829834,nan,52000,nan,nan,0,nan,nan,nan,nan,0.03313429653644562
11.055906338006025,rising,0,0.001888479571789503,-0.052802152931690216,0.17208391427993774,-0.0030253990553319454,0.09604255110025406,0.27502360939979553,0.018459932878613472,-0.01507838536053896,0.19422720259462947,0.4099912902347379,57341,1.0077121433967768,0.010048295831731401,0.017644366245594956,0.842624984215945,0.0,0.0,0.3,0.0,-1.0,0.1,0.0,0.0,0.0,3.668621778488159,57341,nan,1.0472465753555298,nan,52000,nan,nan,0,nan,nan,nan,nan,0.03313429653644562
11.07621069601737,rising,0,0.0018860603449866176,-0.05083228647708893,0.1789528876543045,0.0009115030989050865,0.09853295236825943,0.2830111086368561,0.018459932878613472,-0.01507838536053896,0.20021757588838227,0.4049234525601167,56632,0.8739961097656099,0.013350364944887231,0.01592281404275253,0.909956987015903,0.0,0.0,0.3,0.0,-1.0,0.1,0.0,0.0,0.0,3.668621778488159,56632,nan,1.0364477634429932,nan,52000,nan,nan,0,nan,nan,nan,nan,0.03313429653644562
11.096392118022777,rising,0,0.0019616519566625357,-0.04943717271089554,0.1836448460817337,0.004502999596297741,0.09998658299446106,0.2906509041786194,0.018459932878613472,-0.01507838536053896,0.20624204719206318,0.40279325370801866,56334,0.817790335303922,0.015528261587109795,0.014148455885011568,1.2332999904174358,0.0,0.0,0.3,0.0,-1.0,0.1,0.0,0.0,0.0,3.668621778488159,56334,nan,1.038297176361084,nan,52000,nan,nan,0,nan,nan,nan,nan,0.03313429653644562
11.116772787005175,rising,0,0.0021733464673161507,-0.04738513380289078,0.1908448189496994,0.008169184438884258,0.1009601503610611,0.2968999147415161,0.018459932878613472,-0.01507838536053896,0.2123353837931063,0.39831432156955515,55708,0.6996127063207158,0.01825262060406957,0.012253940076697223,1.1647919891402125,0.0,0.0,0.3,0.0,-1.0,0.1,0.0,0.0,0.0,3.668621778488159,55708,nan,1.039973258972168,nan,52000,nan,nan,0,nan,nan,nan,nan,0.03313429653644562
11.135790924017783,rising,0,0.0024355172645300627,-0.046000391244888306,0.19578705728054047,0.01193466316908598,0.10079759359359741,0.30396896600723267,0.018459932878613472,-0.01507838536053896,0.21821677518892102,0.3959770043921187,55381,0.637942068393631,0.01967695380967406,0.010159435447611997,0.7963200041558594,0.0,0.0,0.3,0.0,-1.0,0.1,0.0,0.0,0.0,3.668621778488159,55381,nan,1.031631588935852,nan,52000,nan,nan,0,nan,nan,nan,nan,0.03313429653644562
11.156115839025006,rising,0,0.0026999132242053747,-0.0446414016187191,0.20072028040885925,0.015818508341908455,0.10058585554361343,0.3099450469017029,0.018459932878613472,-0.01507838536053896,0.22423795069335029,0.39437502280897474,55157,0.5956734250389104,0.02102779877087953,0.007962825224770098,0.9711429884191602,0.0,0.0,0.3,0.0,-1.0,0.1,0.0,0.0,0.0,3.668621778488159,55157,nan,1.0267441272735596,nan,52000,nan,nan,0,nan,nan,nan,nan,0.03313429653644562
11.176659720018506,rising,0,0.003012050176039338,-0.04321750998497009,0.20584334433078766,0.01965903490781784,0.09968367964029312,0.3140829801559448,0.018459932878613472,-0.01507838536053896,0.2303070862952154,0.3935156068444432,55037,0.5729975420697393,0.022062484451320002,0.005710976329062589,1.3119509967509657,0.0,0.0,0.3,0.0,-1.0,0.1,0.0,0.0,0.0,3.668621778488159,55037,nan,1.027374267578125,nan,52000,nan,nan,0,nan,nan,nan,nan,0.03313429653644562
11.196153315017,rising,0,0.0035982048138976097,-0.04117391258478165,0.21356824040412903,0.0234091617166996,0.09824523329734802,0.3176320791244507,0.018459932878613472,-0.01507838536053896,0.23631661249091848,0.38962834375967836,54493,0.47043123376460017,0.023642382399467997,0.003241194112035606,0.8144750026986003,0.0,0.0,0.3,0.0,-1.0,0.1,0.0,0.0,0.0,3.668621778488159,54493,nan,1.0250998735427856,nan,52000,nan,nan,0,nan,nan,nan,nan,0.03313429653644562
11.216055691009387,rising,0,0.004268647637218237,-0.0391521155834198,0.22142629325389862,0.026928411796689034,0.096043162047863,0.32029709219932556,0.018459932878613472,-0.01507838536053896,0.24225053538684732,0.3859195770311378,53974,0.37257459185059894,0.024824153842121374,0.0007536071815430478,0.9150219848379493,0.0,0.0,0.3,0.0,-1.0,0.1,0.0,0.0,0.0,3.668621778488159,53974,nan,1.0227067470550537,nan,52000,nan,nan,0,nan,nan,nan,nan,0.03313429653644562
11.236185027024476,rising,0,0.004789546597748995,-0.03783699497580528,0.22674553096294403,0.03036431595683098,0.09409473836421967,0.32420921325683594,0.018459932878613472,-0.01507838536053896,0.24824722609482705,0.38483595451625285,53823,0.3439829687665643,0.02524854561972742,-0.001571342076469584,1.0372679971624166,0.0,0.0,0.3,0.0,-1.0,0.1,0.0,0.0,0.0,3.668621778488159,53823,nan,1.0150518417358398,nan,52000,nan,nan,0,nan,nan,nan,nan,0.03313429653644562
11.256577740015928,rising,0,0.0053315614350140095,-0.036553751677274704,0.23206809163093567,0.03355143964290619,0.0924055427312851,0.32749828696250916,0.018459932878613472,-0.01507838536053896,0.2542706716893008,0.38409673865322724,53719,0.3244785924334348,0.02575425897847343,-0.0037983734629936095,1.2902610178571194,0.0,0.0,0.3,0.0,-1.0,0.1,0.0,0.0,0.0,3.668621778488159,53719,nan,1.0083937644958496,nan,52000,nan,nan,0,nan,nan,nan,nan,0.03313429653644562
11.276444520015502,rising,0,0.0060142516158521175,-0.035314712673425674,0.23744560778141022,0.03640264272689819,0.09032732248306274,0.3285398483276367,0.018459932878613472,-0.01507838536053896,0.260274958689115,0.3843883462639411,53760,0.332172724642243,0.025943114836561816,-0.005989437056693969,1.1648449872154742,0.0,0.0,0.3,0.0,-1.0,0.1,0.0,0.0,0.0,3.668621778488159,53760,nan,1.0024387836456299,nan,52000,nan,nan,0,nan,nan,nan,nan,0.03313429653644562
11.295930114021758,rising,0,0.007033227942883968,-0.03356275334954262,0.2454622983932495,0.03901355341076851,0.08808252215385437,0.32873019576072693,0.018459932878613472,-0.01507838536053896,0.2662306504877051,0.3817520385199585,53392,0.262613153560908,0.026782688488793158,-0.008466404875508315,0.8735169831197709,0.0,0.0,0.3,0.0,-1.0,0.1,0.0,0.0,0.0,3.668621778488159,53392,nan,1.0027594566345215,nan,52000,nan,nan,0,nan,nan,nan,nan,0.03313429653644562
11.316770300007192,rising,0,0.008044500835239887,-0.03182077407836914,0.253581702709198,0.0413343645632267,0.08505360037088394,0.327894926071167,0.018459932878613472,-0.01507838536053896,0.2723665213881759,0.3797207001646993,53107,0.20901583548019076,0.027166374778984974,-0.010799463406367948,1.2245759717188776,0.0,0.0,0.3,0.0,-1.0,0.1,0.0,0.0,0.0,3.668621778488159,53107,nan,0.9975302219390869,nan,52000,nan,nan,0,nan,nan,nan,nan,0.03313429653644562
11.336283942015143,rising,0,0.008776928298175335,-0.030714454129338264,0.2589584290981293,0.04342414438724518,0.08233651518821716,0.3274102807044983,0.018459932878613472,-0.01507838536053896,0.2782505041890545,0.3806216064842521,53233,0.2327864507718207,0.026837461855203998,-0.0126418341159944,1.1142439907416701,0.0,0.0,0.3,0.0,-1.0,0.1,0.0,0.0,0.0,3.6791789531707764,53233,nan,1.0039851665496826,nan,52000,nan,nan,0,nan,nan,nan,nan,0.03313429653644562
11.356457348010736,rising,0,0.009562390856444836,-0.029699712991714478,0.264293372631073,0.04498900845646858,0.07869239151477814,0.32663628458976746,0.018459932878613472,-0.01507838536053896,0.2842470274947118,0.3818549090815348,53406,0.26532741639933377,0.02590527630170423,-0.014243548163612063,1.2660070206038654,0.0,0.0,0.3,0.0,-1.0,0.1,0.0,0.0,0.0,3.6791789531707764,53406,nan,0.9864619374275208,nan,52000,nan,nan,0,nan,nan,nan,nan,0.03313429653644562
11.376335125009064,rising,0,0.010743583552539349,-0.028162715956568718,0.27230072021484375,0.046107217669487,0.07521047443151474,0.32218310236930847,0.018459932878613472,-0.01507838536053896,0.2902606570947682,0.38161587135667724,53372,0.25902035241892385,0.02570834108324559,-0.016076815843454995,1.10067700734362,0.0,0.0,0.3,0.0,-1.0,0.1,0.0,0.0,0.0,3.6791789531707764,53372,nan,0.9849518537521362,nan,52000,nan,nan,0,nan,nan,nan,nan,0.03313429653644562
11.396097676013596,rising,0,0.011524993926286697,-0.027254324406385422,0.2775861322879791,0.04697880148887634,0.07191793620586395,0.31910020112991333,0.018459932878613472,-0.01507838536053896,0.29627489719423467,0.38408657883761016,53718,0.32421052341979184,0.024774620236185242,-0.017241198097443844,0.7851739937905222,0.0,0.0,0.3,0.0,-1.0,0.1,0.0,0.0,0.0,3.6791789531707764,53718,nan,0.9974396824836731,nan,52000,nan,nan,0,nan,nan,nan,nan,0.03313429653644562
11.416085614007898,rising,0,0.012739851139485836,-0.025940902531147003,0.2854441702365875,0.04729161038994789,0.06784211099147797,0.31741905212402344,0.018459932878613472,-0.01507838536053896,0.3022591717890464,0.3826052334098024,53511,0.2851248920792173,0.024113443054288045,-0.018741795824888996,0.8739310142118484,0.0,0.0,0.3,0.0,-1.0,0.1,0.0,0.0,0.0,3.6791789531707764,53511,nan,0.9850844740867615,nan,52000,nan,nan,0,nan,nan,nan,nan,0.03313429653644562
11.435900498006959,rising,0,0.013594433665275574,-0.025188902392983437,0.290606290102005,0.047416992485523224,0.06419558823108673,0.31489500403404236,0.018459932878613472,-0.01507838536053896,0.308231755689485,0.3848938804580614,53831,0.3455113577324891,0.02285659516787012,-0.019583789194397516,0.8442749967798591,0.0,0.0,0.3,0.0,-1.0,0.1,0.0,0.0,0.0,3.6791789531707764,53831,nan,0.9917978644371033,nan,52000,nan,nan,0,nan,nan,nan,nan,0.03313429653644562
11.455887948017335,rising,0,0.014366221614181995,-0.024359935894608498,0.29580509662628174,0.047181304544210434,0.06100650876760483,0.31214573979377747,0.018459932878613472,-0.01507838536053896,0.31427465809101707,0.38733934634012485,54173,0.41003552348614214,0.021921559993775836,-0.020135582644014383,0.6940119783394039,0.0,0.0,0.3,0.0,-1.0,0.1,0.0,0.0,0.0,3.6791789531707764,54173,nan,0.9888457655906677,nan,52000,nan,nan,0,nan,nan,nan,nan,0.03313429653644562
11.475871863018256,rising,0,0.015600395388901234,-0.023299936205148697,0.30342787504196167,0.04674557223916054,0.057965341955423355,0.3092869520187378,0.018459932878613472,-0.01507838536053896,0.32023326288908716,0.3867100216990841,54085,0.3934306516908723,0.021481100685705454,-0.02121981537842821,0.8028449956327677,0.0,0.0,0.3,0.0,-1.0,0.1,0.0,0.0,0.0,3.6791789531707764,54085,nan,0.985961377620697,nan,52000,nan,nan,0,nan,nan,nan,nan,0.03313429653644562
11.496133360022213,rising,0,0.01649501733481884,-0.022643394768238068,0.3085419237613678,0.04636625200510025,0.055365972220897675,0.3066789507865906,0.018459932878613472,-0.01507838536053896,0.3262807672872441,0.38919809670403654,54433,0.45907906870808723,0.020682728792578823,-0.021808834850943315,0.8754210139159113,0.0,0.0,0.3,0.0,-1.0,0.1,0.0,0.0,0.0,3.6791789531707764,54433,nan,0.9968394041061401,nan,52000,nan,nan,0,nan,nan,nan,nan,0.03313429653644562
11.515816675004316,rising,0,0.017574602738022804,-0.021661775186657906,0.3161123991012573,0.045803993940353394,0.052238818258047104,0.3046855926513672,0.018459932878613472,-0.01507838536053896,0.33226546429505105,0.38823150305742976,54298,0.4335752785601503,0.020134757529346146,-0.0226860059186631,0.6586629897356033,0.0,0.0,0.3,0.0,-1.0,0.1,0.0,0.0,0.0,3.6791789531707764,54298,nan,0.9983596205711365,nan,52000,nan,nan,0,nan,nan,nan,nan,0.03313429653644562
11.535870371008059,rising,0,0.01834244653582573,-0.021041342988610268,0.3211974799633026,0.045035604387521744,0.04988373443484306,0.30490878224372864,0.018459932878613472,-0.01507838536053896,0.3382347754901275,0.3892408620663711,54439,0.4602074423844602,0.019509919185707703,-0.02302152401343549,0.6943409971427172,0.0,0.0,0.3,0.0,-1.0,0.1,0.0,0.0,0.0,3.668621778488159,54439,nan,0.9863705635070801,nan,52000,nan,nan,0,nan,nan,nan,nan,0.03313429653644562
11.556241653015604,rising,0,0.01915344037115574,-0.020544661208987236,0.3261619210243225,0.04391101747751236,0.04690079018473625,0.3009280264377594,0.018459932878613472,-0.01507838536053896,0.3442203232872998,0.392518988147437,54897,0.5467015342331649,0.01833278860407367,-0.02308273313688325,1.1927350133191794,0.0,0.0,0.3,0.0,-1.0,0.1,0.0,0.0,0.0,3.668621778488159,54897,nan,0.9932587742805481,nan,52000,nan,nan,0,nan,nan,nan,nan,0.03313429653644562
11.576376514014555,rising,0,0.01994037814438343,-0.02004256844520569,0.3311384916305542,0.04241688549518585,0.04420994594693184,0.2985839545726776,0.018459932878613472,-0.01507838536053896,0.3503496871941024,0.39514445994786657,55265,0.6159751965136291,0.017356865981610417,-0.02296970913091201,0.9189510019496083,0.0,0.0,0.3,0.0,-1.0,0.1,0.0,0.0,0.0,3.668621778488159,55265,nan,0.9984366297721863,nan,52000,nan,nan,0,nan,nan,nan,nan,0.03313429653644562
11.596388830017531,rising,0,0.020996078848838806,-0.019318319857120514,0.3385438323020935,0.040578264743089676,0.040847957134246826,0.2969536781311035,0.018459932878613472,-0.01507838536053896,0.35633308519027196,0.3941951406706877,55132,0.5909271944772474,0.016427513429424542,-0.023163471338124797,0.9582510101608932,0.0,0.0,0.3,0.0,-1.0,0.1,0.0,0.0,0.0,3.668621778488159,55132,nan,0.993833601474762,nan,52000,nan,nan,0,nan,nan,nan,nan,0.03313429653644562
11.616376146004768,rising,0,0.022105976939201355,-0.0187376718968153,0.3459559381008148,0.038479648530483246,0.03800363093614578,0.2953055202960968,0.018459932878613472,-0.01507838536053896,0.362307970089023,0.3932345980676264,54997,0.5655830624703526,0.015611354087157412,-0.023281711295066954,0.7498339982703328,0.0,0.0,0.3,0.0,-1.0,0.1,0.0,0.0,0.0,3.668621778488159,54997,nan,1.006109595298767,nan,52000,nan,nan,0,nan,nan,nan,nan,0.03313429653644562
11.636529337003594,rising,0,0.022747617214918137,-0.018398083746433258,0.35083892941474915,0.03622633218765259,0.034689974039793015,0.2963285744190216,0.018459932878613472,-0.01507838536053896,0.3682995547947939,0.3941136130432856,55120,0.5887760697436821,0.014238928545278418,-0.02273738330184849,1.204289001179859,0.0,0.0,0.3,0.0,-1.0,0.1,0.0,0.0,0.0,3.668621778488159,55120,nan,1.00930917263031,nan,52000,nan,nan,0,nan,nan,nan,nan,0.03313429653644562
11.65646190699772,rising,0,0.023353861644864082,-0.01805521920323372,0.3558284342288971,0.033634014427661896,0.03178706392645836,0.2970099449157715,0.018459932878613472,-0.01507838536053896,0.374314793292433,0.39506102588987624,55253,0.6137737701814299,0.013081714207086287,-0.021984132555948,1.0827130172401667,0.0,0.0,0.3,0.0,-1.0,0.1,0.0,0.0,0.0,3.668621778488159,55253,nan,1.0046614408493042,nan,52000,nan,nan,0,nan,nan,nan,nan,0.03313429653644562
11.675723457010463,rising,0,0.024206556379795074,-0.017659587785601616,0.3632219433784485,0.03092915751039982,0.029005637392401695,0.2976597249507904,0.018459932878613472,-0.01507838536053896,0.3802560115873348,0.3929291056103837,54955,0.5575225754718645,0.012139278249876106,-0.021594583449443983,0.5955210071988404,0.0,0.0,0.3,0.0,-1.0,0.1,0.0,0.0,0.0,3.668621778488159,54955,nan,1.0021214485168457,nan,52000,nan,nan,0,nan,nan,nan,nan,0.03313429653644562
11.69645139601198,rising,0,0.02478208765387535,-0.017393747344613075,0.36817383766174316,0.02834509313106537,0.026030490174889565,0.29897964000701904,0.018459932878613472,-0.01507838536053896,0.38632114428910425,0.3936669249718701,55058,0.5769901047986821,0.010874588796531134,-0.020825913079976166,1.0354739788454026,0.0,0.0,0.3,0.0,-1.0,0.1,0.0,0.0,0.0,3.668621778488159,55058,nan,1.0031810998916626,nan,52000,nan,nan,0,nan,nan,nan,nan,0.03313429653644562
11.716304343019146,rising,0,0.02530178241431713,-0.017185766249895096,0.3731774389743805,0.0255740936845541,0.023683756589889526,0.3001689016819,0.018459932878613472,-0.01507838536053896,0.3923023153882241,0.3943021526247373,55147,0.5937507288848867,0.009877284353552427,-0.01991385910765464,0.9566470107529312,0.0,0.0,0.3,0.0,-1.0,0.1,0.0,0.0,0.0,3.668621778488159,55147,nan,1.0190073251724243,nan,52000,nan,nan,0,nan,nan,nan,nan,0.03313429653644562
11.735754188004648,rising,0,0.025945305824279785,-0.016905175521969795,0.380613774061203,0.022718466818332672,0.02174536883831024,0.3016734719276428,0.018459932878613472,-0.01507838536053896,0.39826547299162485,0.39171788443774486,54785,0.5255642331858787,0.00923899430858998,-0.019244226834214784,0.6091389805078506,0.0,0.0,0.3,0.0,-1.0,0.1,0.0,0.0,0.0,3.6633431911468506,54785,nan,1.0030311346054077,nan,52000,nan,nan,0,nan,nan,nan,nan,0.03313429653644562
11.756325424998067,rising,0,0.026301486417651176,-0.016680102795362473,0.38566625118255615,0.01994229666888714,0.019899068400263786,0.30237194895744324,0.018459932878613472,-0.01507838536053896,0.4043004157894756,0.39260497626412993,54909,0.5489703499770417,0.008506558004466834,-0.018149214490402743,0.9961600007954985,0.0,0.0,0.3,0.0,-1.0,0.1,0.0,0.0,0.0,3.6633431911468506,54909,nan,1.0049902200698853,nan,52000,nan,nan,0,nan,nan,nan,nan,0.03313429653644562
11.776534118020209,rising,0,0.02681216225028038,-0.016519984230399132,0.39313244819641113,0.016714362427592278,0.018559496849775314,0.3028610348701477,0.018459932878613472,-0.01507838536053896,0.410401569789974,0.3906623000981767,54638,0.4977124036458225,0.008026759830078663,-0.01710963751598582,0.8896189974620938,0.0,0.0,0.3,0.0,-1.0,0.1,0.0,0.0,0.0,3.6633431911468506,54638,nan,1.0144473314285278,nan,52000,nan,nan,0,nan,nan,nan,nan,0.03313429653644562
11.795869603025494,rising,0,0.027103671804070473,-0.01635805517435074,0.39822471141815186,0.013555853627622128,0.016984011977910995,0.3056533932685852,0.018459932878613472,-0.01507838536053896,0.4162751263938844,0.3902504470675288,54580,0.4868455690640836,0.007393511680668533,-0.01580760061695008,0.6733759946655482,0.0,0.0,0.3,0.0,-1.0,0.1,0.0,0.0,0.0,3.6633431911468506,54580,nan,1.010180950164795,nan,52000,nan,nan,0,nan,nan,nan,nan,0.03313429653644562
11.81784042500658,rising,0,0.027326233685016632,-0.01627136580646038,0.4032967984676361,0.01010064221918583,0.015604742802679539,0.3069297671318054,0.018459932878613472,-0.01507838536053896,0.4223027245927369,0.39081482313351046,54659,0.5017367581401171,0.0067654669765056,-0.01424418083391199,0.9982209885492921,0.0,0.0,0.3,0.0,-1.0,0.1,0.0,0.0,0.0,3.6633431911468506,54659,nan,0.9981935620307922,54757.91677998609,52000,54757.91677998609,nan,0,nan,nan,nan,nan,0.03313429653644562
11.835654790018452,rising,0,0.0275663360953331,-0.016196629032492638,0.41089755296707153,0.006481021177023649,0.014038790948688984,0.3062818944454193,0.018459932878613472,-0.01507838536053896,0.428214351189672,0.3890345879597892,54410,0.4547648538202935,0.006068009146702502,-0.012695267569426294,0.6515569984912872,0.0,0.0,0.3,0.0,-1.0,0.1,0.0,0.0,0.0,3.6633431911468506,54410,nan,1.0034886598587036,54220.84192527019,52000,54750.75578192321,nan,0,nan,nan,nan,nan,0.03313429653644562
11.856713532004505,rising,0,0.027651069685816765,-0.016147814691066742,0.41607698798179626,0.0029440957587212324,0.012165105901658535,0.3068578243255615,0.018459932878613472,-0.01507838536053896,0.43422108199447396,0.3897888707091519,54516,0.47466677332854523,0.005144780955378855,-0.010942741877834061,1.5736289788037539,0.0,0.0,0.3,0.0,-1.0,0.1,0.0,0.0,0.0,3.6633431911468506,54516,nan,1.0103609561920166,53956.954359625284,52000,54740.75578192321,nan,0,nan,nan,nan,nan,0.03313429653644562
11.876432277000276,rising,0,0.027684615924954414,-0.016117166727781296,0.4237009584903717,-0.000730790663510561,0.010618643835186958,0.30815786123275757,0.018459932878613472,-0.01507838536053896,0.4402699897938873,0.3871780835229886,54150,0.40578056788888084,0.0044121642980910905,-0.009152802587592213,1.1262499901931733,0.0,0.0,0.3,0.0,-1.0,0.1,0.0,0.0,0.0,3.6633431911468506,54150,nan,1.004590630531311,53902.55329313691,52000,54730.75578192321,nan,0,nan,nan,nan,nan,0.03313429653644562
11.896109451015946,rising,0,0.027657078579068184,-0.01607811078429222,0.4288967549800873,-0.004411174450069666,0.00887085497379303,0.3094635605812073,0.018459932878613472,-0.01507838536053896,0.44625877219368704,0.38752637026649445,54199,0.41497019172808436,0.0035463896103397658,-0.007216664154224617,0.8411570161115378,0.0,0.0,0.3,0.0,-1.0,0.1,0.0,0.0,0.0,3.6633431911468506,54199,nan,0.997136652469635,54354.636213365426,52000,54725.740854342446,nan,0,nan,nan,nan,nan,0.03313429653644562
11.916622597025707,rising,0,0.02756492979824543,-0.016114164143800735,0.43399161100387573,-0.008006108924746513,0.0075621893629431725,0.3081783950328827,0.018459932878613472,-0.01507838536053896,0.4522520440892549,0.38930460306541637,54448,0.46188926293974397,0.002820780682592834,-0.005242132545073774,1.2005119933746755,0.0,0.0,0.3,0.0,-1.0,0.1,0.0,0.0,0.0,3.6633431911468506,54448,nan,1.0071321725845337,54062.41750799586,52000,54716.896543057825,nan,0,nan,nan,nan,nan,0.03313429653644562
11.935771528020268,rising,0,0.027384262531995773,-0.01618279330432415,0.4417048692703247,-0.011566844768822193,0.006500364746898413,0.30882638692855835,0.018459932878613472,-0.01507838536053896,0.45823741338681423,0.38683337308014254,54102,0.396685305544656,0.002218823562695745,-0.0032478198722705187,0.6524640193674713,0.0,0.0,0.3,0.0,-1.0,0.1,0.0,0.0,0.0,3.6633431911468506,54102,nan,1.0078054666519165,53682.97929533474,52000,54706.896543057825,nan,0,nan,nan,nan,nan,0.03313429653644562
11.955753464018926,rising,0,0.027175184339284897,-0.01621321216225624,0.4468892812728882,-0.014946524053812027,0.005478085018694401,0.31079891324043274,0.018459932878613472,-0.01507838536053896,0.4642437517875805,0.38688973105672997,54110,0.39817232339656705,0.0016585788010539855,-0.0012840762371051362,0.6329820025712252,0.0,0.0,0.3,0.0,-1.0,0.1,0.0,0.0,0.0,3.6633431911468506,54110,nan,1.0061792135238647,53777.69613277407,52000,54696.896543057825,nan,0,nan,nan,nan,nan,0.03313429653644562
11.976163243001793,rising,0,0.026764899492263794,-0.01631844975054264,0.4546149671077728,-0.018192484974861145,0.00517261540517211,0.3127543330192566,0.018459932878613472,-0.01507838536053896,0.4702397959888912,0.3837652511781513,53673,0.3157322210593989,0.0014031955296612106,0.00082474998562998,0.9991439874283969,0.0,0.0,0.3,0.0,-1.0,0.1,0.0,0.0,0.0,3.6633431911468506,53673,nan,0.9983952045440674,53759.2726364412,52000,54686.896543057825,nan,0,nan,nan,nan,nan,0.03313429653644562
11.996534839010565,rising,0,0.026517758145928383,-0.016384409740567207,0.4597029983997345,-0.021078787744045258,0.005108402576297522,0.3124082088470459,0.018459932878613472,-0.01507838536053896,0.4762881043949164,0.3851563391371481,53868,0.3524363888429569,0.0012962854571665857,0.002577209407867098,1.1589629866648465,0.0,0.0,0.3,0.0,-1.0,0.1,0.0,0.0,0.0,3.6633431911468506,53868,nan,0.9956443905830383,54103.654386538044,52000,54679.11998097089,nan,0,nan,nan,nan,nan,0.03313429653644562
12.016587910999078,rising,0,0.026039453223347664,-0.01650266908109188,0.46740904450416565,-0.023522984236478806,0.00488639622926712,0.3106585443019867,0.018459932878613472,-0.01507838536053896,0.4824362965882756,0.384101137379302,53720,0.32459465380743957,0.0010610999541227784,0.0043550873312465654,0.8269730024039745,0.0,0.0,0.3,0.0,-1.0,0.1,0.0,0.0,0.0,3.6633431911468506,53720,nan,1.0047370195388794,53466.7270691933,52000,54669.11998097089,nan,0,nan,nan,nan,nan,0.03313429653644562
12.036138733004918,rising,0,0.025651346892118454,-0.016583813354372978,0.47252973914146423,-0.025855671614408493,0.005167633760720491,0.3115759789943695,0.018459932878613472,-0.01507838536053896,0.4882601053919643,0.3845402721938089,53782,0.33618132437490367,0.0011217637158320002,0.005967079393779162,0.8652370015624911,0.0,0.0,0.3,0.0,-1.0,0.1,0.0,0.0,0.0,3.6633431911468506,53782,nan,0.9997987747192383,53792.82447620819,52000,54659.11998097089,nan,0,nan,nan,nan,nan,0.03313429653644562
12.057443859026534,rising,0,0.02501305565237999,-0.01671714335680008,0.4801653325557709,-0.02770666964352131,0.00530108530074358,0.31132107973098755,0.018459932878613472,-0.01507838536053896,0.49452840528974773,0.38297722649517013,53563,0.29494001306517426,0.001056787907243307,0.007624769598780556,1.2603990035131574,0.0,0.0,0.3,0.0,-1.0,0.1,0.0,0.0,0.0,3.6633431911468506,53563,nan,1.0020709037780762,53452.3054187614,52000,54649.11998097089,nan,0,nan,nan,nan,nan,0.03313429653644562
12.075835744006326,rising,0,0.024624168872833252,-0.016812024638056755,0.4852418303489685,-0.02945699542760849,0.005747141782194376,0.31136396527290344,0.018459932878613472,-0.01507838536053896,0.5002140475873602,0.3837364024355302,53669,0.31497104051530656,0.0011882920682591887,0.008927352656499687,0.8103350119199604,0.0,0.0,0.3,0.0,-1.0,0.1,0.0,0.0,0.0,3.6633431911468506,53669,nan,0.9817689061164856,54665.61393993898,52000,54649.3399004238,nan,0,nan,nan,nan,nan,0.03313429653644562
12.095916236023186,rising,0,0.024183666333556175,-0.01691369153559208,0.49028638005256653,-0.030794262886047363,0.005692850798368454,0.3084271550178528,0.018459932878613472,-0.01507838536053896,0.5062165342940715,0.38642218138868534,54045,0.3858359205457855,0.0010466998549845895,0.010013462077026913,0.8744189981371164,0.0,0.0,0.3,0.0,-1.0,0.1,0.0,0.0,0.0,3.6633431911468506,54045,nan,0.9960234761238098,54260.76924444096,52000,54644.15895834404,nan,0,nan,nan,nan,nan,0.03313429653644562
12.115944283024874,rising,0,0.023618346080183983,-0.016988975927233696,0.49531254172325134,-0.032009560614824295,0.005773770622909069,0.3068784773349762,0.018459932878613472,-0.01507838536053896,0.5122421098873019,0.3884675568223463,54331,0.4398036100882905,0.0010053408945408487,0.01116859558553629,0.7831200200598687,0.0,0.0,0.3,0.0,-1.0,0.1,0.0,0.0,0.0,3.6633431911468506,54331,nan,0.9908298254013062,54833.835848648225,52000,54646.687983548094,nan,0,nan,nan,nan,nan,0.03313429653644562
12.135927965020528,rising,0,0.022874319925904274,-0.017101405188441277,0.5028114318847656,-0.03317153826355934,0.005802149418741465,0.3055570423603058,0.018459932878613472,-0.01507838536053896,0.5182223686948418,0.38725173613101127,54161,0.40772390846995243,0.0009070321131389883,0.012572393200423138,0.8526250021532178,0.0,0.0,0.3,0.0,-1.0,0.1,0.0,0.0,0.0,3.6633431911468506,54161,nan,0.990442156791687,54683.65782757298,52000,54647.180914801764,nan,0,nan,nan,nan,nan,0.03313429653644562
12.156331509002484,rising,0,0.022358035668730736,-0.01724163442850113,0.5077498555183411,-0.03406796604394913,0.005326742306351662,0.30309435725212097,0.018459932878613472,-0.01507838536053896,0.5242367131926585,0.3898491640379615,54524,0.47625762633143687,0.0005131908277373125,0.013478318461415562,1.1249340022914112,0.0,0.0,0.3,0.0,-1.0,0.1,0.0,0.0,0.0,3.6633431911468506,54524,nan,0.9816364645957947,55543.98391511584,52000,54657.180914801764,nan,0,nan,nan,nan,nan,0.03313429653644562
12.175785919011105,rising,0,0.021503334864974022,-0.01745549775660038,0.515162467956543,-0.034935347735881805,0.005175013095140457,0.3010587990283966,0.018459932878613472,-0.01507838536053896,0.5302342159935506,0.389120452886539,54422,0.45703041916989307,0.00021630041153871768,0.014828108234655524,0.7031749992165715,0.0,0.0,0.3,0.0,-1.0,0.1,0.0,0.0,0.0,3.6633431911468506,54422,nan,0.9905581474304199,54940.742389706895,52000,54660.961734467164,nan,0,nan,nan,nan,nan,0.03313429653644562
12.196142845001305,rising,0,0.0209488607943058,-0.01761944591999054,0.5200645327568054,-0.03549565002322197,0.004293887875974178,0.299407422542572,0.018459932878613472,-0.01507838536053896,0.5362324804911622,0.39133740411724516,54732,0.5155251745974958,-0.00040288975430774525,0.015597298535195092,0.8981909777503461,0.0,0.0,0.3,0.0,-1.0,0.1,0.0,0.0,0.0,3.6633431911468506,54732,nan,0.9885672330856323,55364.97485271087,52000,54670.34857604375,nan,0,nan,nan,nan,nan,0.03313429653644562
12.216112656024052,rising,0,0.02016630955040455,-0.01787872612476349,0.5273544788360596,-0.035745441913604736,0.0034659989178180695,0.2969417870044708,0.018459932878613472,-0.01507838536053896,0.5422320406913058,0.3909781979213118,54682,0.5060474385570384,-0.0010921197543740562,0.016540136013102558,0.9733570041134953,0.0,0.0,0.3,0.0,-1.0,0.1,0.0,0.0,0.0,3.6633431911468506,54682,nan,0.9910257458686829,55177.17398155841,52000,54677.10624811728,nan,0,nan,nan,nan,nan,0.03313429653644562
12.23624335200293,rising,0,0.019867753610014915,-0.0179361030459404,0.5297620892524719,-0.03580160066485405,0.0025328428018838167,0.29484641551971436,0.018459932878613472,-0.01507838536053896,0.5482752088952111,0.3965905170078629,55467,0.6541297363552196,-0.0016051994322575486,0.01663553678913221,0.9709989826660603,0.0,0.0,0.3,0.0,-1.0,0.1,0.0,0.0,0.0,3.6633431911468506,55467,nan,0.9863001704216003,56237.44339037301,52000,54687.10624811728,nan,0,nan,nan,nan,nan,0.03313429653644562
12.255972367012873,rising,0,0.019060825929045677,-0.018263885751366615,0.5370340347290039,-0.03545292094349861,0.0020070236641913652,0.2920381724834442,0.018459932878613472,-0.01507838536053896,0.55422374959453,0.3963623470820635,55435,0.6481094216903287,-0.002202344682232121,0.017283599423657536,0.7295310206245631,0.0,0.0,0.3,0.0,-1.0,0.1,0.0,0.0,0.0,3.6633431911468506,55435,nan,0.9926329851150513,55846.421417856465,52000,54697.10624811728,nan,0,nan,nan,nan,nan,0.03313429653644562
12.275789855018957,rising,0,0.01828801818192005,-0.018541747704148293,0.5442373752593994,-0.03427713364362717,0.00038744579069316387,0.2887119650840759,0.018459932878613472,-0.01507838536053896,0.5602247146889567,0.39654092300341537,55460,0.6528211874252055,-0.003298669837263204,0.017462370520408887,0.7372509862761945,0.0,0.0,0.3,0.0,-1.0,0.1,0.0,0.0,0.0,3.6633431911468506,55460,nan,1.014062523841858,54690.90780505851,52000,54697.023602209825,nan,0,nan,nan,nan,nan,0.03313429653644562
12.295840580016375,rising,0,0.017721502110362053,-0.0187967699021101,0.5490462779998779,-0.03330029919743538,-7.92744176578708e-05,0.2916795313358307,0.018459932878613472,-0.01507838536053896,0.5662419001891976,0.39658592104491613,55466,0.654008470842113,-0.0037909654921543523,0.01753917221578538,0.7276090036612004,0.0,0.0,0.3,0.0,-1.0,0.1,0.0,0.0,0.0,3.6633431911468506,55466,nan,1.005776047706604,55147.46560775133,52000,54703.02949561704,nan,0,nan,nan,nan,nan,0.03313429653644562
12.315689135022694,rising,0,0.017191926017403603,-0.019005006179213524,0.5538187623023987,-0.032106976956129074,-0.00030598381999880075,0.2916637659072876,0.018459932878613472,-0.01507838536053896,0.5722126954875421,0.39810988057770635,55679,0.6942184848999027,-0.004099614035462926,0.017404611863528485,0.6884449976496398,0.0,0.0,0.3,0.0,-1.0,0.1,0.0,0.0,0.0,3.6633431911468506,55679,nan,0.9963356256484985,55883.77908675046,52000,54713.02949561704,nan,0,nan,nan,nan,nan,0.03313429653644562
12.335830484022154,rising,0,0.016468891873955727,-0.01935817301273346,0.5610600113868713,-0.03066408447921276,-0.0007056991453282535,0.2890346944332123,0.018459932878613472,-0.01507838536053896,0.5782217491883784,0.39790234693763216,55650,0.6887426632620617,-0.00465778261837951,0.017415287009971303,0.791438011219725,0.0,0.0,0.3,0.0,-1.0,0.1,0.0,0.0,0.0,3.647507429122925,55650,nan,0.9988852739334106,55712.10373425711,52000,54723.02949561704,nan,0,nan,nan,nan,nan,0.03313429653644562
12.356395108014112,rising,0,0.01597472093999386,-0.01955975964665413,0.5658797025680542,-0.02928694151341915,-0.0009100765455514193,0.2886521816253662,0.018459932878613472,-0.01507838536053896,0.5842400350928073,0.3996091718962111,55889,0.7337776225913206,-0.0049419870529259155,0.017146275130074384,1.0183840058743954,0.0,0.0,0.3,0.0,-1.0,0.1,0.0,0.0,0.0,3.647507429122925,55889,nan,1.0038902759552002,55672.418927279374,52000,54733.02949561704,nan,0,nan,nan,nan,nan,0.03313429653644562
12.37635530999978,rising,0,0.015265464782714844,-0.01985894702374935,0.5732085108757019,-0.027749693021178246,-0.0005561839789152145,0.289178729057312,0.018459932878613472,-0.01507838536053896,0.5902329928940162,0.39769325341253065,55621,0.6832256837079314,-0.005088767418086478,0.01716916553648118,1.1773610021919012,0.0,0.0,0.3,0.0,-1.0,0.1,0.0,0.0,0.0,3.647507429122925,55621,nan,1.0149773359298706,54800.238420144495,52000,54733.925614610744,nan,0,nan,nan,nan,nan,0.03313429653644562
12.395783490006579,rising,0,0.01486767828464508,-0.020124511793255806,0.5780338048934937,-0.026048623025417328,-0.0004428876272868365,0.2924043536186218,0.018459932878613472,-0.01507838536053896,0.5962248277908656,0.39755419525283137,55602,0.6795566029770796,-0.005300742716917051,0.01671957233254706,0.7424590003211051,0.0,0.0,0.3,0.0,-1.0,0.1,0.0,0.0,0.0,3.647507429122925,55602,nan,1.0136979818344116,54850.65670090545,52000,54735.48202909468,nan,0,nan,nan,nan,nan,0.03313429653644562
12.415976514021168,rising,0,0.014496440067887306,-0.02036200650036335,0.5829609632492065,-0.024203043431043625,3.7473819247679785e-05,0.2950688302516937,0.018459932878613472,-0.01507838536053896,0.6022270000888966,0.3975813529418733,55605,0.6802731646932259,-0.005297629418366448,0.016163448255409607,0.8716679876670241,0.0,0.0,0.3,0.0,-1.0,0.1,0.0,0.0,0.0,3.647507429122925,55605,nan,1.0007243156433105,55564.75357976548,52000,54745.48202909468,nan,0,nan,nan,nan,nan,0.03313429653644562
12.436104916007025,rising,0,0.013885383494198322,-0.020623674616217613,0.5903834700584412,-0.02214326150715351,-3.0330145818879828e-05,0.29556772112846375,0.018459932878613472,-0.01507838536053896,0.6082243909913814,0.39556660720303344,55324,0.6271136465180316,-0.005623507766681466,0.015822198019766365,0.980015000095591,0.0,0.0,0.3,0.0,-1.0,0.1,0.0,0.0,0.0,3.647507429122925,55324,nan,1.0055986642837524,55015.98397548098,52000,54749.08872171317,nan,0,nan,nan,nan,nan,0.03313429653644562
12.455970012000762,rising,0,0.013687500730156898,-0.02075636386871338,0.5928232669830322,-0.020202459767460823,0.0006181989447213709,0.2967504858970642,0.018459932878613472,-0.01507838536053896,0.6142260733933653,0.39944330115386617,55866,0.7294010858539881,-0.005376983934376373,0.014894942015708068,0.7264220039360225,0.0,0.0,0.3,0.0,-1.0,0.1,0.0,0.0,0.0,3.647507429122925,55866,nan,1.0085585117340088,55391.92753819499,52000,54757.659905932924,nan,0,nan,nan,nan,nan,0.03313429653644562
12.476851448998787,rising,0,0.013043977320194244,-0.021106621250510216,0.6027897000312805,-0.01829507388174534,0.0012371564516797662,0.29874011874198914,0.018459932878613472,-0.01507838536053896,0.6203090974944644,0.39361071854281393,55050,0.5755070855623714,-0.005498099743496798,0.014800434563963405,1.119087974075228,0.0,0.0,0.3,0.0,-1.0,0.1,0.0,0.0,0.0,3.647507429122925,55050,nan,1.003760576248169,54843.75587429874,52000,54758.8078521778,nan,0,nan,nan,nan,nan,0.03313429653644562
12.496615807001945,rising,0,0.012716034427285194,-0.021342232823371887,0.6077957153320312,-0.016562268137931824,0.0006388571346178651,0.2989123463630676,0.018459932878613472,-0.01507838536053896,0.6262636927916901,0.39472676943184176,55206,0.6049543385710212,-0.00602447644483692,0.014212874126821484,1.2654750025831163,0.0,0.0,0.3,0.0,-1.0,0.1,0.0,0.0,0.0,3.647507429122925,55206,nan,1.0094407796859741,54689.686716613505,52000,54757.88623703694,nan,0,nan,nan,nan,nan,0.03313429653644562
12.51632465000148,rising,0,0.012247162871062756,-0.02160327136516571,0.6154229640960693,-0.015150334686040878,0.0006038731662556529,0.30119583010673523,0.018459932878613472,-0.01507838536053896,0.6322402081888867,0.39153815614682913,54760,0.5208220619216117,-0.00635811218416206,0.014086385325276618,1.1155599786434323,0.0,0.0,0.3,0.0,-1.0,0.1,0.0,0.0,0.0,3.647507429122925,54760,nan,1.0180703401565552,53788.03196602231,52000,54747.88623703694,nan,0,nan,nan,nan,nan,0.03313429653644562
12.535901866998756,rising,0,0.01199719961732626,-0.021805470809340477,0.6205108165740967,-0.013947414234280586,0.0010272174840793014,0.3050701916217804,0.018459932878613472,-0.01507838536053896,0.6382380196882877,0.3907542616894137,54651,0.5001388308552404,-0.006361140028857758,0.013754797209890368,0.7680190028622746,0.0,0.0,0.3,0.0,-1.0,0.1,0.0,0.0,0.0,3.647507429122925,54651,nan,1.0124434232711792,53979.31256585578,52000,54737.88623703694,nan,0,nan,nan,nan,nan,0.03313429653644562
12.556334066001,rising,0,0.011767198331654072,-0.021982086822390556,0.625613808631897,-0.01281071174889803,0.001114842132665217,0.3076940178871155,0.018459932878613472,-0.01507838536053896,0.6442319797904928,0.3905732001352534,54625,0.49536148114124856,-0.0065000836139601365,0.013414625748463749,0.8496810041833669,0.0,0.0,0.3,0.0,-1.0,0.1,0.0,0.0,0.0,3.647507429122925,54625,nan,1.0130902528762817,53919.18424337144,52000,54727.88623703694,nan,0,nan,nan,nan,nan,0.03313429653644562
12.576066681998782,rising,0,0.011479325592517853,-0.022053172811865807,0.6307878494262695,-0.01158018596470356,0.0018006274476647377,0.30952155590057373,0.018459932878613472,-0.01507838536053896,0.650231623390573,0.3907084377414446,54644,0.4989297557109378,-0.006219504426880755,0.013074776892579631,0.9086110221687704,0.0,0.0,0.3,0.0,-1.0,0.1,0.0,0.0,0.0,3.647507429122925,54644,nan,1.0045382976531982,54397.129634240206,52000,54723.476148999645,nan,0,nan,nan,nan,nan,0.03313429653644562
12.596754864003742,rising,0,0.011204661801457405,-0.022281073033809662,0.638543963432312,-0.010309378616511822,0.0023938536178320646,0.30915015935897827,0.018459932878613472,-0.01507838536053896,0.6562320121942321,0.38871533703596417,54365,0.44634134659535896,-0.0061806554035813335,0.01277057684934424,1.4822529919911176,0.0,0.0,0.3,0.0,-1.0,0.1,0.0,0.0,0.0,3.647507429122925,54365,nan,1.0030535459518433,54199.499338203896,52000,54716.48979152237,nan,0,nan,nan,nan,nan,0.03313429653644562
12.615997092012549,rising,0,0.010927700437605381,-0.022443724796175957,0.64631587266922,-0.009011813439428806,0.003552282927557826,0.3087490200996399,0.018459932878613472,-0.01507838536053896,0.6622574884881033,0.3867461265528066,54090,0.3943832863537349,-0.005781221315937424,0.012451010500778237,0.7984249969013035,0.0,0.0,0.3,0.0,-1.0,0.1,0.0,0.0,0.0,3.647507429122925,54090,nan,0.9984833598136902,54172.159674341296,52000,54709.23205662663,nan,0,nan,nan,nan,nan,0.03313429653644562
12.636423821008066,rising,0,0.010742517188191414,-0.022499337792396545,0.6514665484428406,-0.007893571630120277,0.004642124753445387,0.30872148275375366,0.018459932878613472,-0.01507838536053896,0.6682685212872457,0.3878491325796442,54244,0.42348634774786653,-0.005260068612864006,0.012029917685869362,1.1235380079597235,0.0,0.0,0.3,0.0,-1.0,0.1,0.0,0.0,0.0,3.647507429122925,54244,nan,1.0010076761245728,54189.3946408154,52000,54702.30089108248,nan,0,nan,nan,nan,nan,0.03313429653644562
12.656803152000066,rising,0,0.010533940978348255,-0.022555045783519745,0.6566925048828125,-0.006899456959217787,0.006324612535536289,0.3090187609195709,0.018459932878613472,-0.01507838536053896,0.6743007856915938,0.388723021503316,54367,0.4465441029898667,-0.004439833719705657,0.01170600099103769,1.051843020832166,0.0,0.0,0.3,0.0,-1.0,0.1,0.0,0.0,0.0,3.647507429122925,54367,nan,1.003771424293518,54162.72936666332,52000,54695.10660409022,nan,0,nan,nan,nan,nan,0.03313429653644562
12.675812724017305,rising,0,0.010324704460799694,-0.022606560960412025,0.6644701361656189,-0.005970426835119724,0.008467521518468857,0.31056079268455505,0.018459932878613472,-0.01507838536053896,0.6802180054888595,0.38563968129239745,53935,0.36518948001048557,-0.003417325123549901,0.01153479683478742,0.7846789958421141,0.0,0.0,0.3,0.0,-1.0,0.1,0.0,0.0,0.0,3.647507429122925,53935,nan,1.0196382999420166,52896.208393767774,52000,54685.10660409022,nan,0,nan,nan,nan,nan,0.03313429653644562
12.69664726202609,rising,0,0.01020258292555809,-0.022632800042629242,0.6696223020553589,-0.0051769656129181385,0.01027753483504057,0.31305545568466187,0.018459932878613472,-0.01507838536053896,0.6862908334936947,0.3855575589785391,53924,0.3630226643414005,-0.0025062952851544733,0.011252339771096631,1.2223880039528012,0.0,0.0,0.3,0.0,-1.0,0.1,0.0,0.0,0.0,3.647507429122925,53924,nan,1.001600742340088,53837.819522791855,52000,54675.10660409022,nan,0,nan,nan,nan,nan,0.03313429653644562
12.716217753011733,rising,0,0.01001038495451212,-0.02261037565767765,0.6773999929428101,-0.004533633589744568,0.012123160995543003,0.31323233246803284,0.018459932878613472,-0.01507838536053896,0.6922616176947486,0.38322415519550207,53597,0.3014552822032197,-0.0015348744076436084,0.011185712642767243,0.9816880046855658,0.0,0.0,0.3,0.0,-1.0,0.1,0.0,0.0,0.0,3.647507429122925,53597,nan,0.9919060468673706,54034.351508663145,52000,54666.563202817866,nan,0,nan,nan,nan,nan,0.03313429653644562
12.736739256011788,rising,0,0.009865300729870796,-0.022526118904352188,0.6824817657470703,-0.003881353186443448,0.013845385983586311,0.3121134638786316,0.018459932878613472,-0.01507838536053896,0.6982676047889982,0.38495334173046486,53839,0.3470802567404956,-0.0005455955142159908,0.010947320659178361,1.0200460092164576,0.0,0.0,0.3,0.0,-1.0,0.1,0.0,0.0,0.0,3.6527860164642334,53839,nan,0.9926961064338684,54235.12759953255,52000,54660.81072810739,nan,0,nan,nan,nan,nan,0.03313429653644562
12.757694560015807,rising,0,0.009722809307277203,-0.022444620728492737,0.6876905560493469,-0.003285840852186084,0.015109728090465069,0.31026598811149597,0.018459932878613472,-0.01507838536053896,0.7043478757928824,0.3869822455597378,54123,0.4006133393070641,0.0001949852104900542,0.010729425733247089,1.6979830106720328,0.0,0.0,0.3,0.0,-1.0,0.1,0.0,0.0,0.0,3.6527860164642334,54123,nan,0.9976581335067749,54250.04636584007,52000,54655.333869943825,nan,0,nan,nan,nan,nan,0.03313429653644562
12.775967796012992,rising,0,0.009556375443935394,-0.022290131077170372,0.6953258514404297,-0.002568426774814725,0.016758404672145844,0.3095625936985016,0.018459932878613472,-0.01507838536053896,0.7102229779935442,0.3851481587717203,53867,0.35222054806649794,0.0012125435187482787,0.010580822663516232,0.9101079776883125,0.0,0.0,0.3,0.0,-1.0,0.1,0.0,0.0,0.0,3.6527860164642334,53867,nan,0.9966151714324951,54049.94981420332,52000,54647.26208253395,nan,0,nan,nan,nan,nan,0.03313429653644562
12.796246253012214,rising,0,0.009434567764401436,-0.02215137518942356,0.7004381418228149,-0.0019343605963513255,0.018168430775403976,0.3092956840991974,0.018459932878613472,-0.01507838536053896,0.7163212795887375,0.3865296723455097,54060,0.3886720935490686,0.002081428356527754,0.010340963938943792,0.8537530084140599,0.0,0.0,0.3,0.0,-1.0,0.1,0.0,0.0,0.0,3.6527860164642334,54060,nan,0.9972549080848694,54208.80816101166,52000,54641.41603024698,nan,0,nan,nan,nan,nan,0.03313429653644562
12.816328245011391,rising,0,0.009321996010839939,-0.02200668305158615,0.7080020904541016,-0.0013057183241471648,0.01962345838546753,0.3080597519874573,0.018459932878613472,-0.01507838536053896,0.7222695259872125,0.3851424132276247,53866,0.35206895059695675,0.002994824559018371,0.010168669486056992,1.038338989019394,0.0,0.0,0.3,0.0,-1.0,0.1,0.0,0.0,0.0,3.6527860164642334,53866,nan,0.9974802732467651,54002.07046167235,52000,54632.89142266598,nan,0,nan,nan,nan,nan,0.03313429653644562
12.836074374004966,rising,0,0.009285468608140945,-0.021977955475449562,0.7104387879371643,-0.000777691078837961,0.020832719281315804,0.30720117688179016,0.018459932878613472,-0.01507838536053896,0.7282667692896212,0.39003986769451965,54551,0.48128938507967334,0.0036067762195920103,0.009807677543113513,0.836498977150768,0.0,0.0,0.3,0.0,-1.0,0.1,0.0,0.0,0.0,3.6527860164642334,54551,nan,0.9897332191467285,55116.872854919086,52000,54639.344508429356,nan,0,nan,nan,nan,nan,0.03313429653644562
12.85631166701205,rising,0,0.00916246511042118,-0.02177489921450615,0.7154879570007324,-0.00025025641662068665,0.022106999531388283,0.3047809898853302,0.018459932878613472,-0.01507838536053896,0.734292025087052,0.39248954468146624,54893,0.545924661780111,0.004440578044113137,0.009603048976736916,0.9557059966027737,0.0,0.0,0.3,0.0,-1.0,0.1,0.0,0.0,0.0,3.6527860164642334,54893,nan,0.9818289279937744,55908.92510385278,52000,54649.344508429356,nan,0,nan,nan,nan,nan,0.03313429653644562
12.876804772007745,rising,0,0.009052395820617676,-0.02163933403789997,0.7204595804214478,-0.00010087760165333748,0.02216334454715252,0.29870933294296265,0.018459932878613472,-0.01507838536053896,0.7402876438893145,0.39682538315372506,55500,0.6603267322882598,0.004557112417726043,0.009533784419278657,1.4132619835436344,0.0,0.0,0.3,0.0,-1.0,0.1,0.0,0.0,0.0,3.6527860164642334,55500,nan,0.9937617778778076,55848.3946912519,52000,54659.344508429356,nan,0,nan,nan,nan,nan,0.03313429653644562
12.895691525016446,rising,0,0.00890563428401947,-0.02141660824418068,0.7303175330162048,6.557926099048927e-05,0.022406043484807014,0.29523766040802,0.018459932878613472,-0.01507838536053896,0.7462329739879351,0.3936874346434504,55061,0.5775312570831233,0.004943054724392739,0.009674332124216978,0.6332390184979886,0.0,0.0,0.3,0.0,-1.0,0.1,0.0,0.0,0.0,3.6527860164642334,55061,nan,0.9967224597930908,55242.05806642512,52000,54667.11402253597,nan,0,nan,nan,nan,nan,0.03313429653644562
12.916316579998238,rising,0,0.008820876479148865,-0.021216973662376404,0.735238790512085,3.158120671287179e-05,0.022005777806043625,0.29470542073249817,0.018459932878613472,-0.01507838536053896,0.7522514755954035,0.3953424182993384,55292,0.621198372014204,0.004921860752421838,0.009736792621460655,1.0441080085001886,0.0,0.0,0.3,0.0,-1.0,0.1,0.0,0.0,0.0,3.6527860164642334,55292,nan,0.998556911945343,55371.90653688696,52000,54676.51125606065,nan,0,nan,nan,nan,nan,0.03313429653644562
12.936083958018571,rising,0,0.008727037347853184,-0.02097155712544918,0.7425764799118042,0.0003553094284143299,0.022389870136976242,0.29542243480682373,0.018459932878613472,-0.01507838536053896,0.7582334224920487,0.3933056511952761,55007,0.5674578151787877,0.005392283931033047,0.009718030939917632,0.8700350008439273,0.0,0.0,0.3,0.0,-1.0,0.1,0.0,0.0,0.0,3.642228841781616,55007,nan,0.9917380213737488,55465.25273257617,52000,54686.51125606065,nan,0,nan,nan,nan,nan,0.03313429653644562
12.956311883026501,rising,0,0.008656244724988937,-0.02082725241780281,0.747485876083374,0.0007233473588712513,0.022284455597400665,0.29586684703826904,0.018459932878613472,-0.01507838536053896,0.7642386424937285,0.3944696683870868,55170,0.5981706698439773,0.005469251790042538,0.009574534615327313,1.1580279970075935,0.0,0.0,0.3,0.0,-1.0,0.1,0.0,0.0,0.0,3.642228841781616,55170,nan,0.9953234195709229,55429.21920171778,52000,54696.41402866941,nan,0,nan,nan,nan,nan,0.03313429653644562
12.976503562007565,rising,0,0.00858919695019722,-0.020670495927333832,0.7547996640205383,0.0014252872206270695,0.02228597179055214,0.2961392402648926,0.018459932878613472,-0.01507838536053896,0.7702553842944326,0.3927270015989155,54927,0.5521900158025179,0.005653949309970468,0.009327828325830678,1.1884020059369504,0.0,0.0,0.3,0.0,-1.0,0.1,0.0,0.0,0.0,3.642228841781616,54927,nan,1.0014394521713257,54848.04885697984,52000,54698.43582638022,nan,0,nan,nan,nan,nan,0.03313429653644562
12.99639557901537,rising,0,0.008526013232767582,-0.020514817908406258,0.7597302198410034,0.002110036788508296,0.021578293293714523,0.2962438762187958,0.018459932878613472,-0.01507838536053896,0.7762378882907797,0.3940045894807726,55105,0.5858994585955823,0.005434411743811723,0.009014130019421307,1.1544370208866894,0.0,0.0,0.3,0.0,-1.0,0.1,0.0,0.0,0.0,3.642228841781616,55105,nan,0.9970299601554871,55269.15158237207,52000,54706.04536979345,nan,0,nan,nan,nan,nan,0.03313429653644562
13.016291963023832,rising,0,0.008485476486384869,-0.020318670198321342,0.7670777440071106,0.003054965753108263,0.02096080407500267,0.29586631059646606,0.018459932878613472,-0.01507838536053896,0.7822399954893626,0.3925250772132641,54898,0.5468621956006334,0.005340128877049195,0.008607936992819365,1.0838849993888289,0.0,0.0,0.3,0.0,-1.0,0.1,0.0,0.0,0.0,3.642228841781616,54898,nan,1.0054234266281128,54601.8707601745,52000,54704.65637499853,nan,0,nan,nan,nan,nan,0.03313429653644562
13.036564226000337,rising,0,0.008491052314639091,-0.020217260345816612,0.7720291614532471,0.004163033794611692,0.02040109783411026,0.2975064814090729,0.018459932878613472,-0.01507838536053896,0.7882903276884463,0.3930926328149452,54978,0.5618372774391869,0.0051508056127691545,0.0080260454554002,1.1705440119840205,0.0,0.0,0.3,0.0,-1.0,0.1,0.0,0.0,0.0,3.642228841781616,54978,nan,1.006170392036438,54640.844567814514,52000,54703.80555090275,nan,0,nan,nan,nan,nan,0.03313429653644562
13.057190131017705,rising,0,0.008498861454427242,-0.020070934668183327,0.779439389705658,0.00501416577026248,0.019156519323587418,0.29834669828414917,0.018459932878613472,-0.01507838536053896,0.794334546790924,0.39097770474603527,54682,0.5060344260167611,0.004691684943825802,0.007626072483731816,1.0755869734566659,0.0,0.0,0.3,0.0,-1.0,0.1,0.0,0.0,0.0,3.642228841781616,54682,nan,1.0052183866500854,54398.12952708623,52000,54699.72987058519,nan,0,nan,nan,nan,nan,0.03313429653644562
13.076678156998241,rising,0,0.008476083166897297,-0.01998079940676689,0.7843930125236511,0.005869999993592501,0.018223263323307037,0.2994324266910553,0.018459932878613472,-0.01507838536053896,0.8002467385900672,0.3916470020760683,54775,0.5236939861759424,0.004299115930480885,0.007199248882057585,1.45280800643377,0.0,0.0,0.3,0.0,-1.0,0.1,0.0,0.0,0.0,3.642228841781616,54775,nan,0.9970521926879883,54936.943523819085,52000,54702.89271929498,nan,0,nan,nan,nan,nan,0.03313429653644562
13.09634974601795,rising,0,0.008534231223165989,-0.019950225949287415,0.7893446087837219,0.006426760461181402,0.01684548333287239,0.30008384585380554,0.018459932878613472,-0.01507838536053896,0.806310325092636,0.3927262241065924,54926,0.5521695014932018,0.0036167605709303092,0.00683669518616381,0.9465629991609603,0.0,0.0,0.3,0.0,-1.0,0.1,0.0,0.0,0.0,3.642228841781616,54926,nan,1.0095850229263306,54404.531320001515,52000,54698.914567304404,nan,0,nan,nan,nan,nan,0.03313429653644562
13.115998202003539,rising,0,0.008567153476178646,-0.019874144345521927,0.7942912578582764,0.007171072997152805,0.015900352969765663,0.30130577087402344,0.018459932878613472,-0.01507838536053896,0.8122885075892554,0.393421041803776,55024,0.5705024222632176,0.003207238489231894,0.006412759322121042,0.7187489827629179,0.0,0.0,0.3,0.0,-1.0,0.1,0.0,0.0,0.0,3.642228841781616,55024,nan,1.001524567604065,54940.23989010399,52000,54702.132238275066,nan,0,nan,nan,nan,nan,0.03313429653644562
13.13651211099932,rising,0,0.008630367927253246,-0.01979002356529236,0.8017972707748413,0.007999246008694172,0.014971490018069744,0.30206984281539917,0.018459932878613472,-0.01507838536053896,0.8182880287873558,0.3911707941961416,54709,0.5111291344628377,0.002836776020269432,0.005961566217734138,1.140211010351777,0.0,0.0,0.3,0.0,-1.0,0.1,0.0,0.0,0.0,3.642228841781616,54709,nan,1.0041030645370483,54485.4427122221,52000,54699.24304459436,nan,0,nan,nan,nan,nan,0.03313429653644562
13.156754409021232,rising,0,0.008673962205648422,-0.019752833992242813,0.8068064451217651,0.008739142678678036,0.01374621782451868,0.30264991521835327,0.018459932878613472,-0.01507838536053896,0.8242586164938984,0.39209842390765315,54839,0.5356048524446724,0.0022430038534427916,0.005525578850345214,1.4032420003786683,0.0,0.0,0.3,0.0,-1.0,0.1,0.0,0.0,0.0,3.642228841781616,54839,nan,1.0023746490478516,54709.08512310359,52000,54699.37427230782,nan,0,nan,nan,nan,nan,0.03313429653644562
13.176641440019011,rising,0,0.008839411661028862,-0.01971082203090191,0.8142725229263306,0.00953481625765562,0.012784823775291443,0.30378010869026184,0.018459932878613472,-0.01507838536053896,0.8303746852878249,0.3898604146934296,54526,0.4765544773991959,0.0018057724519530095,0.0049793546208480866,0.9964769997168332,0.0,0.0,0.3,0.0,-1.0,0.1,0.0,0.0,0.0,3.642228841781616,54526,nan,1.0009374618530273,54474.93182946361,52000,54696.381706403234,nan,0,nan,nan,nan,nan,0.03313429653644562
13.19636149602593,rising,0,0.009000133723020554,-0.019725549966096878,0.8193543553352356,0.010071736760437489,0.01137832086533308,0.30385100841522217,0.018459932878613472,-0.01507838536053896,0.8362379962898558,0.3908174564825197,54659,0.501806239644317,0.001066489419889747,0.0045278897535856455,1.1465979914646596,0.0,0.0,0.3,0.0,-1.0,0.1,0.0,0.0,0.0,3.642228841781616,54659,nan,1.0097887516021729,54129.14326216821,52000,54688.81852714677,nan,0,nan,nan,nan,nan,0.03313429653644562
13.216532715014182,rising,0,0.009145126678049564,-0.01966710202395916,0.8268482685089111,0.010699397884309292,0.010614423081278801,0.30466973781585693,0.018459932878613472,-0.01507838536053896,0.8423048302909593,0.38863881351800816,54355,0.444322256411823,0.000739505063269923,0.004081031669374902,1.1371260043233633,0.0,0.0,0.3,0.0,-1.0,0.1,0.0,0.0,0.0,3.642228841781616,54355,nan,1.0065906047821045,53999.11318640428,52000,54679.62245593687,nan,0,nan,nan,nan,nan,0.03313429653644562
13.23643795499811,rising,0,0.009219666942954063,-0.019653944298624992,0.8319100737571716,0.01130062248557806,0.010132129304111004,0.30601567029953003,0.018459932878613472,-0.01507838536053896,0.8482656325882999,0.3891053057307093,54420,0.4566307580662059,0.0005042430085694045,0.003690479455295659,1.1290419788565487,0.0,0.0,0.3,0.0,-1.0,0.1,0.0,0.0,0.0,3.642228841781616,54420,nan,1.005614995956421,54116.13810337245,52000,54672.10933123601,nan,0,nan,nan,nan,nan,0.03313429653644562
13.256644248001976,rising,0,0.009382208809256554,-0.019688375294208527,0.8369578719139099,0.011759635992348194,0.009653395973145962,0.3063870072364807,0.018459932878613472,-0.01507838536053896,0.8542870654870057,0.39015341725772323,54567,0.4842854157710601,0.00022217846605045678,0.003278619805410221,1.2381300039123744,0.0,0.0,0.3,0.0,-1.0,0.1,0.0,0.0,0.0,3.642228841781616,54567,nan,1.0048669576644897,54302.7110044742,52000,54667.18402021252,nan,0,nan,nan,nan,nan,0.03313429653644562
13.276386503013782,rising,0,0.009520535357296467,-0.019707314670085907,0.8444885015487671,0.011963114142417908,0.008646894246339798,0.3072630763053894,0.018459932878613472,-0.01507838536053896,0.8602838062943192,0.38781353442091054,54239,0.42254708234592364,-0.00031508298286119093,0.00305079093517846,1.056809996953234,0.0,0.0,0.3,0.0,-1.0,0.1,0.0,0.0,0.0,3.642228841781616,54239,nan,0.9905076026916504,54758.792211799766,52000,54668.40546276702,nan,0,nan,nan,nan,nan,0.03313429653644562
13.29599227901781,rising,0,0.009658297523856163,-0.019747355952858925,0.8494980335235596,0.012052376754581928,0.007708877790719271,0.30611932277679443,0.018459932878613472,-0.01507838536053896,0.866223723787698,0.3895650129104425,54484,0.4687602351040212,-0.0008363534429190945,0.0028497946604131297,0.8628280193079263,0.0,0.0,0.3,0.0,-1.0,0.1,0.0,0.0,0.0,3.642228841781616,54484,nan,0.9923191070556641,54905.7249957233,52000,54671.569723206434,nan,0,nan,nan,nan,nan,0.03313429653644562
13.316206048009917,rising,0,0.009849335066974163,-0.019733864814043045,0.8570592999458313,0.011862969025969505,0.0064398921094834805,0.30503663420677185,0.018459932878613472,-0.01507838536053896,0.8722431475878694,0.3881944235025831,54293,0.43259692618952705,-0.0014791963051233612,0.0027605926714224793,1.0470560227986425,0.0,0.0,0.3,0.0,-1.0,0.1,0.0,0.0,0.0,3.642228841781616,54293,nan,0.9983575344085693,54382.32109117439,52000,54667.71307477934,nan,0,nan,nan,nan,nan,0.03313429653644562
13.336608615005389,rising,0,0.00999201089143753,-0.01976161077618599,0.8620948195457458,0.011716173030436039,0.005706565920263529,0.3057143986225128,0.018459932878613472,-0.01507838536053896,0.8783420539897634,0.3892012065266602,54433,0.45916112207546433,-0.0018807239919872913,0.0026822512958266653,0.8432689937762916,0.0,0.0,0.3,0.0,-1.0,0.1,0.0,0.0,0.0,3.642228841781616,54433,nan,1.0043333768844604,54198.13903711579,52000,54661.452087610494,nan,0,nan,nan,nan,nan,0.03313429653644562
13.35655011300696,rising,0,0.010111224837601185,-0.019777508452534676,0.8671131730079651,0.011531002819538116,0.005541339050978422,0.3045054078102112,0.018459932878613472,-0.01507838536053896,0.8842541611928028,0.39094007327526936,54677,0.505041511220826,-0.00197315311031161,0.0026430747989074632,1.1092860077042133,0.0,0.0,0.3,0.0,-1.0,0.1,0.0,0.0,0.0,3.642228841781616,54677,nan,1.0022263526916504,54555.54012639516,52000,54660.03992812762,nan,0,nan,nan,nan,nan,0.03313429653644562
13.376181254017865,rising,0,0.010260004550218582,-0.01975647546350956,0.8721219897270203,0.011316590942442417,0.005879677832126617,0.30306100845336914,0.018459932878613472,-0.01507838536053896,0.8902260145929176,0.3928839769140369,54948,0.5563318446975423,-0.0017697417213517618,0.002587670501218442,1.0529699793551117,0.0,0.0,0.3,0.0,-1.0,0.1,0.0,0.0,0.0,3.642228841781616,54948,nan,1.005109190940857,54668.68723841296,52000,54660.15522559809,nan,0,nan,nan,nan,nan,0.03313429653644562
13.39570670601097,rising,0,0.010496586561203003,-0.019746003672480583,0.879622220993042,0.01116030104458332,0.006638029590249062,0.302482932806015,0.018459932878613472,-0.01507838536053896,0.8962387435924029,0.3913298556932674,54731,0.515326007737924,-0.0013784871516302612,0.0024359993161431337,0.6247970159165561,0.0,0.0,0.3,0.0,-1.0,0.1,0.0,0.0,0.0,3.642228841781616,54731,nan,0.9933027029037476,55100.021212067026,52000,54666.02010541768,nan,0,nan,nan,nan,nan,0.03313429653644562
13.416815206001047,rising,0,0.010612738318741322,-0.01972275599837303,0.8846147656440735,0.010864648036658764,0.006965091917663813,0.30077454447746277,0.018459932878613472,-0.01507838536053896,0.9023338399914792,0.3935798854359566,55046,0.5746935471228642,-0.0011807803102319174,0.002454264615849411,1.247371983481571,0.0,0.0,0.3,0.0,-1.0,0.1,0.0,0.0,0.0,3.642228841781616,55046,nan,0.9977865219116211,55168.1134102107,52000,54672.71468281492,nan,0,nan,nan,nan,nan,0.03313429653644562
13.436143808998168,rising,0,0.0108115179464221,-0.019700737670063972,0.8921002745628357,0.010960959829390049,0.007809809874743223,0.2995077073574066,0.018459932878613472,-0.01507838536053896,0.9082167955901241,0.39222583275570133,54856,0.5389665634749683,-0.0007316694921492493,0.0022109066793989385,0.9801099949982017,0.0,0.0,0.3,0.0,-1.0,0.1,0.0,0.0,0.0,3.642228841781616,54856,nan,0.9984244704246521,54942.563633950725,52000,54676.31266883006,nan,0,nan,nan,nan,nan,0.03313429653644562
13.45640884200111,rising,0,0.010917199775576591,-0.01959613524377346,0.8971232771873474,0.011007712222635746,0.008267269469797611,0.2998942732810974,0.018459932878613472,-0.01507838536053896,0.9142679206910543,0.393334659427746,55011,0.5682232038983095,-0.0003906251072210062,0.002073428724107762,1.0170569876208901,0.0,0.0,0.3,0.0,-1.0,0.1,0.0,0.0,0.0,3.642228841781616,55011,nan,1.0122168064117432,54347.052579586365,52000,54671.92253430681,nan,0,nan,nan,nan,nan,0.03313429653644562
13.476779604010517,rising,0,0.01112446840852499,-0.01946447603404522,0.9045761823654175,0.01096348837018013,0.008688610978424549,0.3016927242279053,0.018459932878613472,-0.01507838536053896,0.9203723029902904,0.39076540482903477,54652,0.5004328450932647,-4.2772731686729464e-05,0.0018975286701565786,1.1322589998599142,0.0,0.0,0.3,0.0,-1.0,0.1,0.0,0.0,0.0,3.642228841781616,54652,nan,1.0016125440597534,54564.01312475936,52000,54670.48374217951,nan,0,nan,nan,nan,nan,0.03313429653644562
13.496379432006506,rising,0,0.0112430639564991,-0.019376380369067192,0.9095970988273621,0.010776989161968231,0.008955387398600578,0.30235254764556885,0.018459932878613472,-0.01507838536053896,0.9262796488881577,0.39156019820970145,54763,0.5214036466939689,0.00018357228957755726,0.0018677847366246336,1.0471050045453012,0.0,0.0,0.3,0.0,-1.0,0.1,0.0,0.0,0.0,3.642228841781616,54763,nan,1.0017306804656982,54668.38649140808,52000,54670.455778835894,nan,0,nan,nan,nan,nan,0.03313429653644562
13.517081641010009,rising,0,0.011420968919992447,-0.01930275373160839,0.9170984029769897,0.01041953545063734,0.009094486013054848,0.3025814890861511,0.018459932878613472,-0.01507838536053896,0.932332084394875,0.38964989413881435,54496,0.4709998453513009,0.0003314516087062471,0.0018777855051925751,1.3417979935184121,0.0,0.0,0.3,0.0,-1.0,0.1,0.0,0.0,0.0,3.642228841781616,54496,nan,0.9999423027038574,54499.14445327704,52000,54668.171627828444,nan,0,nan,nan,nan,nan,0.03313429653644562
13.536102163023315,rising,0,0.01152941957116127,-0.019216854125261307,0.9221043586730957,0.009889411740005016,0.009060906246304512,0.3026207983493805,0.018459932878613472,-0.01507838536053896,0.9382391281949822,0.39077286480140333,54653,0.5006296781372903,0.000401240939758188,0.002032698770907837,0.9175860031973571,0.0,0.0,0.3,0.0,-1.0,0.1,0.0,0.0,0.0,3.642228841781616,54653,nan,1.0067325830459595,54287.50486513753,52000,54663.096070992564,nan,0,nan,nan,nan,nan,0.03313429653644562
13.556265904015163,rising,0,0.011626867577433586,-0.019109467044472694,0.9270725250244141,0.009459751658141613,0.009183395653963089,0.3031713366508484,0.018459932878613472,-0.01507838536053896,0.9442559488903498,0.39182572554667294,54800,0.5284096450309477,0.000572313076243036,0.0021470678936064136,1.0572659957688302,0.0,0.0,0.3,0.0,-1.0,0.1,0.0,0.0,0.0,3.642228841781616,54800,nan,1.0018075704574585,54701.12386451273,52000,54663.6031082395,nan,0,nan,nan,nan,nan,0.03313429653644562
13.576221374009037,rising,0,0.011762158945202827,-0.01897897571325302,0.9321123361587524,0.008924892172217369,0.009147673845291138,0.3035315275192261,0.018459932878613472,-0.01507838536053896,0.9502410196873825,0.3928454759091629,54943,0.555315987049152,0.0006855096039327997,0.002276039729968371,1.0564840049482882,0.0,0.0,0.3,0.0,-1.0,0.1,0.0,0.0,0.0,3.642228841781616,54943,nan,1.0018254518508911,54842.886950507986,52000,54665.993559469745,nan,0,nan,nan,nan,nan,0.03313429653644562
13.596615461021429,rising,0,0.011869472451508045,-0.018798107281327248,0.9396190643310547,0.008611817844212055,0.009401778690516949,0.3027854561805725,0.018459932878613472,-0.01507838536053896,0.9563442619954003,0.39148103288256697,54752,0.5193148517827684,0.0010025213785714822,0.0023342674487782933,0.9628940024413168,0.0,0.0,0.3,0.0,-1.0,0.1,0.0,0.0,0.0,3.642228841781616,54752,nan,0.9967689514160156,54929.479817984895,52000,54669.50670958328,nan,0,nan,nan,nan,nan,0.03313429653644562
13.615786911017494,rising,0,0.012032710947096348,-0.018679119646549225,0.9471169114112854,0.008184664882719517,0.009608039632439613,0.30287566781044006,0.018459932878613472,-0.01507838536053896,0.9622554448927986,0.3894678893327941,54471,0.4661976077254355,0.0012358290162037605,0.002398032589520316,0.6094819982536137,0.0,0.0,0.3,0.0,-1.0,0.1,0.0,0.0,0.0,3.642228841781616,54471,nan,0.9945449829101562,54769.7700315288,52000,54670.843553875886,nan,0,nan,nan,nan,nan,0.03313429653644562
13.636114082997665,rising,0,0.012110789306461811,-0.01853129267692566,0.9521331191062927,0.007850642316043377,0.009949821047484875,0.3026945888996124,0.018459932878613472,-0.01507838536053896,0.9682822564936941,0.3908380922575998,54662,0.5023507191978833,0.0015576869664539006,0.0024806434664546018,0.8283079951070249,0.0,0.0,0.3,0.0,-1.0,0.1,0.0,0.0,0.0,3.642228841781616,54662,nan,1.0064030885696411,54314.221230867675,52000,54666.08858956911,nan,0,nan,nan,nan,nan,0.03313429653644562
13.657111428998178,rising,0,0.012225240468978882,-0.01838018000125885,0.9596449136734009,0.007520066574215889,0.010093552060425282,0.3032835125923157,0.018459932878613472,-0.01507838536053896,0.9743955865880707,0.3888105103618452,54379,0.4488525161436723,0.001795206595846512,0.0025458795272559342,1.1006850108969957,0.0,0.0,0.3,0.0,-1.0,0.1,0.0,0.0,0.0,3.642228841781616,54379,nan,1.0111396312713623,53779.91161480462,52000,54656.08858956911,nan,0,nan,nan,nan,nan,0.03313429653644562
13.675984891015105,rising,0,0.012286476790904999,-0.01831294409930706,0.9646450281143188,0.0074623217806220055,0.010309371165931225,0.3052271604537964,0.018459932878613472,-0.01507838536053896,0.9802269151899964,0.3888933849346026,54390,0.451039180332522,0.001974972293407799,0.002512048659761845,0.878010003361851,0.0,0.0,0.3,0.0,-1.0,0.1,0.0,0.0,0.0,3.642228841781616,54390,nan,0.9969574809074402,54555.98763398987,52000,54654.75391016139,nan,0,nan,nan,nan,nan,0.03313429653644562
13.696621563023655,rising,0,0.01234351471066475,-0.01822083070874214,0.9696807265281677,0.007351400330662727,0.010302779264748096,0.30495956540107727,0.018459932878613472,-0.01507838536053896,0.9862872736906866,0.3903246767819965,54591,0.48880413672813816,0.002058749658334703,0.002501220847874741,1.2151449918746948,0.0,0.0,0.3,0.0,-1.0,0.1,0.0,0.0,0.0,3.642228841781616,54591,nan,0.9937867522239685,54932.30804076657,52000,54658.454631902794,nan,0,nan,nan,nan,nan,0.03313429653644562
13.716359683021437,rising,0,0.012448458932340145,-0.01803836226463318,0.9771875739097595,0.007133290637284517,0.01007349044084549,0.3034762442111969,0.018459932878613472,-0.01507838536053896,0.9922383172874106,0.3891367007399882,54424,0.45745912242712805,0.002134752592357644,0.0025130821085781463,1.1442139802966267,0.0,0.0,0.3,0.0,-1.0,0.1,0.0,0.0,0.0,3.642228841781616,54424,nan,0.9933714866638184,54787.15740350058,52000,54660.17066885743,nan,0,nan,nan,nan,nan,0.03313429653644562
13.736357776011573,rising,0,0.01245139166712761,-0.01790514774620533,0.9821939468383789,0.006917160470038652,0.009915082715451717,0.3024882376194,0.018459932878613472,-0.01507838536053896,0.9982561426935718,0.3909112261981077,54673,0.5042803746202544,0.0021803292112272275,0.0026092511025648246,1.0940339998342097,0.0,0.0,0.3,0.0,-1.0,0.1,0.0,0.0,0.0,3.6369502544403076,54673,nan,0.9971364736557007,54830.00716998938,52000,54662.43515553919,nan,0,nan,nan,nan,nan,0.03313429653644562
13.75665945300716,rising,0,0.012537894770503044,-0.01781773380935192,0.9872100353240967,0.006569294258952141,0.009618515148758888,0.30240893363952637,0.018459932878613472,-0.01507838536053896,1.0042544383875793,0.3921957145546835,54852,0.5381718879863708,0.0021111073626157457,0.0026898755506035155,1.3030070113018155,0.0,0.0,0.3,0.0,-1.0,0.1,0.0,0.0,0.0,3.6369502544403076,54852,nan,0.9982354640960693,54948.95941176569,52000,54666.25547895555,nan,0,nan,nan,nan,nan,0.03313429653644562
13.776385133009171,rising,0,0.012642589397728443,-0.01774345338344574,0.9921541810035706,0.006352819036692381,0.009573468938469887,0.30228424072265625,0.018459932878613472,-0.01507838536053896,1.010255371988751,0.39359718683831585,55048,0.5751500485043746,0.002156189935100628,0.002683898382845218,1.1270880058873445,0.0,0.0,0.3,0.0,-1.0,0.1,0.0,0.0,0.0,3.6369502544403076,55048,nan,0.9995163083076477,55074.63914541394,52000,54671.70059450833,nan,0,nan,nan,nan,nan,0.03313429653644562
13.79670707101468,rising,0,0.012680020183324814,-0.01763603836297989,0.9996336698532104,0.006167718209326267,0.009685548953711987,0.3020668625831604,0.018459932878613472,-0.01507838536053896,1.0163135977927595,0.39194619392173524,54817,0.5315882301249388,0.0023320876497651528,0.002751456229645566,1.280841010157019,0.0,0.0,0.3,0.0,-1.0,0.1,0.0,0.0,0.0,3.6369502544403076,54817,nan,0.9895616769790649,55395.2333394169,52000,54681.34769777378,nan,0,nan,nan,nan,nan,0.03313429653644562
13.817348723008763,rising,0,0.012702330946922302,-0.01751382276415825,1.0070880651474,0.00596519373357296,0.009613463655114174,0.3004729151725769,0.018459932878613472,-0.01507838536053896,1.022514497593511,0.3911919000028139,54712,0.5116860159053793,0.002424698766583918,0.002837491050962093,1.2197379837743938,0.0,0.0,0.3,0.0,-1.0,0.1,0.0,0.0,0.0,3.6369502544403076,54712,nan,0.9961327910423279,54924.40414771485,52000,54684.58845043967,nan,0,nan,nan,nan,nan,0.03313429653644562
13.836032164021162,rising,0,0.012783065438270569,-0.017429646104574203,1.0121349096298218,0.005896860733628273,0.0094780707731843,0.30009520053863525,0.018459932878613472,-0.01507838536053896,1.0282442095893203,0.3922504073847998,54860,0.539614970575192,0.0024349611366544944,0.0027823457082580827,0.8481009863317013,0.0,0.0,0.3,0.0,-1.0,0.1,0.0,0.0,0.0,3.6369502544403076,54860,nan,0.9961128234863281,55074.082680708474,52000,54689.781706843256,nan,0,nan,nan,nan,nan,0.03313429653644562
13.856659575016238,rising,0,0.012826110236346722,-0.01732439175248146,1.0170356035232544,0.0057679591700434685,0.00902602169662714,0.3002754747867584,0.018459932878613472,-0.01507838536053896,1.0342788034904515,0.3935947888857898,55048,0.575086777989176,0.0023039078548355556,0.002794596589356768,1.262161007616669,0.0,0.0,0.3,0.0,-1.0,0.1,0.0,0.0,0.0,3.6369502544403076,55048,nan,1.0037040710449219,54844.85077627654,52000,54691.8492944357,nan,0,nan,nan,nan,nan,0.03313429653644562
13.876766252011294,rising,0,0.012839209288358688,-0.017254825681447983,1.0220401287078857,0.005817773286253214,0.0087307533249259,0.3012906610965729,0.018459932878613472,-0.01507838536053896,1.0403001166938337,0.3943763229528218,55157,0.5957077296259037,0.0022201600780065887,0.002750510320842947,1.2854929955210537,0.0,0.0,0.3,0.0,-1.0,0.1,0.0,0.0,0.0,3.6369502544403076,55157,nan,1.0041651725769043,54928.214507236145,52000,54695.000830606376,nan,0,nan,nan,nan,nan,0.03313429653644562
13.896168075007154,rising,0,0.01293561328202486,-0.01713833026587963,1.0294831991195679,0.005818922538310289,0.008475568145513535,0.3016057014465332,0.018459932878613472,-0.01507838536053896,1.0462501342932227,0.39236915109570086,54876,0.5427480500184902,0.0022202037937753506,0.002665715606861907,0.9502620087005198,0.0,0.0,0.3,0.0,-1.0,0.1,0.0,0.0,0.0,3.6369502544403076,54876,nan,1.0051573514938354,54594.437297249926,52000,54693.65998349495,nan,0,nan,nan,nan,nan,0.03313429653644562
13.917185173020698,rising,0,0.012993207201361656,-0.017095960676670074,1.0343905687332153,0.005693406797945499,0.008225140161812305,0.30149608850479126,0.018459932878613472,-0.01507838536053896,1.0523312758887187,0.39390903761965146,55092,0.5833783013100629,0.002127398520632887,0.002660538468546081,1.5701169904787093,0.0,0.0,0.3,0.0,-1.0,0.1,0.0,0.0,0.0,3.6369502544403076,55092,nan,1.0093932151794434,54579.32465912811,52000,54692.135512503395,nan,0,nan,nan,nan,nan,0.03313429653644562
13.936486065009376,rising,0,0.013027006760239601,-0.017001746222376823,1.0419312715530396,0.005694208666682243,0.00816333293914795,0.30275198817253113,0.018459932878613472,-0.01507838536053896,1.058309757191455,0.3913447230023422,54733,0.5157182850222206,0.002206049827661176,0.002643014859893489,1.051051018293947,0.0,0.0,0.3,0.0,-1.0,0.1,0.0,0.0,0.0,3.631671667098999,54733,nan,1.003474235534668,54543.5030236101,52000,54690.15374598482,nan,0,nan,nan,nan,nan,0.03313429653644562
13.957000750000589,rising,0,0.013099176809191704,-0.01694982871413231,1.046802043914795,0.005544615443795919,0.007859802804887295,0.303257018327713,0.018459932878613472,-0.01507838536053896,1.0643404033908155,0.39255949837100873,54903,0.5477704055675119,0.002097482523350321,0.0026375123866273498,1.4151520153973252,0.0,0.0,0.3,0.0,-1.0,0.1,0.0,0.0,0.0,3.631671667098999,54903,nan,1.0016405582427979,54813.07595642658,52000,54691.79270879071,nan,0,nan,nan,nan,nan,0.03313429653644562
13.976527789025567,rising,0,0.01316781248897314,-0.016874531283974648,1.0543164014816284,0.00559448404237628,0.007630989886820316,0.30322009325027466,0.018459932878613472,-0.01507838536053896,1.0702845733903814,0.3906310755536668,54633,0.49688853703606206,0.0020677894567434837,0.002554718493666064,1.1526650050655007,0.0,0.0,0.3,0.0,-1.0,0.1,0.0,0.0,0.0,3.631671667098999,54633,nan,0.999457836151123,54662.63610518054,52000,54691.40395407591,nan,0,nan,nan,nan,nan,0.03313429653644562
13.99591932000476,rising,0,0.013208726420998573,-0.01676684431731701,1.0592799186706543,0.005738540086895227,0.007346878293901682,0.30309054255485535,0.018459932878613472,-0.01507838536053896,1.0762218799907715,0.39192988211508256,54815,0.5311578394480865,0.002025859730364736,0.0024309845908125904,0.6892199744470417,0.0,0.0,0.3,0.0,-1.0,0.1,0.0,0.0,0.0,3.631671667098999,54815,nan,0.9964011311531067,55012.984516149794,52000,54695.691694903566,nan,0,nan,nan,nan,nan,0.03313429653644562
14.016778949007858,rising,0,0.013240826316177845,-0.01668730191886425,1.064298391342163,0.005833861883729696,0.006959334947168827,0.3013486862182617,0.018459932878613472,-0.01507838536053896,1.082335289590992,0.3941873418936145,55131,0.590721421995104,0.0018983431935573072,0.002336125461083194,1.2036219995934516,0.0,0.0,0.3,0.0,-1.0,0.1,0.0,0.0,0.0,3.631671667098999,55131,nan,1.0070399045944214,54745.59622560701,52000,54696.35708864628,nan,0,nan,nan,nan,nan,0.03313429653644562
14.03668653301429,rising,0,0.013339764438569546,-0.016626959666609764,1.0717856884002686,0.0060177156701684,0.006952621042728424,0.3013143837451935,0.018459932878613472,-0.01507838536053896,1.0883376949932426,0.3923648112414343,54876,0.5426335419903499,0.0019652546470916377,0.0021523971311276924,1.1434339976403862,0.0,0.0,0.3,0.0,-1.0,0.1,0.0,0.0,0.0,3.631671667098999,54876,nan,1.0052963495254517,54586.88875763263,52000,54694.89751089943,nan,0,nan,nan,nan,nan,0.03313429653644562
14.056202875013696,rising,0,0.01337377354502678,-0.016556385904550552,1.0768043994903564,0.005829011555761099,0.0066754864528775215,0.3012772500514984,0.018459932878613472,-0.01507838536053896,1.0942859212926122,0.3935627487364405,55043,0.5742413914628077,0.0018901670199101533,0.0022071756800419173,0.8911939803510904,0.0,0.0,0.3,0.0,-1.0,0.1,0.0,0.0,0.0,3.631671667098999,55043,nan,1.0106953382492065,54460.52625052089,52000,54691.77256076105,nan,0,nan,nan,nan,nan,0.03313429653644562
14.07602818601299,rising,0,0.013450346887111664,-0.016469119116663933,1.0842772722244263,0.00574538903310895,0.006679017096757889,0.30302539467811584,0.018459932878613472,-0.01507838536053896,1.1002646059874677,0.39083697904594034,54662,0.502321346858583,0.0019944691512675124,0.0021869918077859207,0.7388869998976588,0.0,0.0,0.3,0.0,-1.0,0.1,0.0,0.0,0.0,3.631671667098999,54662,nan,1.0081443786621094,54220.40846226904,52000,54685.487706114494,nan,0,nan,nan,nan,nan,0.03313429653644562
14.096937362017343,rising,0,0.013495913706719875,-0.01640419289469719,1.0893429517745972,0.005675096530467272,0.0065579707734286785,0.30286750197410583,0.018459932878613472,-0.01507838536053896,1.106382307995227,0.39224798111064274,54860,0.5395509527874065,0.0019917846162296844,0.002168498170183497,1.198944024508819,0.0,0.0,0.3,0.0,-1.0,0.1,0.0,0.0,0.0,3.631671667098999,54860,nan,0.9975966811180115,54992.16370539458,52000,54689.576719438235,nan,0,nan,nan,nan,nan,0.03313429653644562
14.116657410020707,rising,0,0.013562703505158424,-0.016365524381399155,1.094355583190918,0.005656208842992783,0.006439346820116043,0.30312269926071167,0.018459932878613472,-0.01507838536053896,1.112322945188498,0.3932982872532079,55006,0.5672635159157746,0.0019654699500548855,0.002104383920482622,1.1644900077953935,0.0,0.0,0.3,0.0,-1.0,0.1,0.0,0.0,0.0,3.631671667098999,55006,nan,0.9998582601547241,55013.797647166546,52000,54693.89966514128,nan,0,nan,nan,nan,nan,0.03313429653644562
14.137040880013956,rising,0,0.013559257611632347,-0.016331467777490616,1.0994107723236084,0.005846715532243252,0.006293582729995251,0.3025328814983368,0.018459932878613472,-0.01507838536053896,1.1182901611871783,0.3947519977081994,55210,0.6056199923007739,0.0019188897558844234,0.0020036061479709044,1.372616010485217,0.0,0.0,0.3,0.0,-1.0,0.1,0.0,0.0,0.0,3.631671667098999,55210,nan,1.0058097839355469,54891.094600386095,52000,54696.52893094454,nan,0,nan,nan,nan,nan,0.03313429653644562
14.156321141024819,rising,0,0.013607659377157688,-0.016265934333205223,1.1070064306259155,0.006062839180231094,0.006028676405549049,0.3027881383895874,0.018459932878613472,-0.01507838536053896,1.1242520098952808,0.3925991893492997,54909,0.5488176609313893,0.001861229954636521,0.0018551795370012059,1.0688970214687288,0.0,0.0,0.3,0.0,-1.0,0.1,0.0,0.0,0.0,3.631671667098999,54909,nan,1.009628176689148,54385.36806694709,52000,54692.38011942458,nan,0,nan,nan,nan,nan,0.03313429653644562
14.177301444025943,rising,0,0.013758457265794277,-0.016182584688067436,1.1145598888397217,0.006225918885320425,0.005585151724517345,0.30278775095939636,0.018459932878613472,-0.01507838536053896,1.1304810355912194,0.39095950760112574,54679,0.5055542902671686,0.0017274214556332419,0.001625249509069171,1.2850160128436983,0.0,0.0,0.3,0.0,-1.0,0.1,0.0,0.0,0.0,3.631671667098999,54679,nan,1.0021966695785522,54559.15157151124,52000,54690.603738785736,nan,0,nan,nan,nan,nan,0.03313429653644562
14.196397676016204,rising,0,0.013809419237077236,-0.016159381717443466,1.1195836067199707,0.006497723516076803,0.005444926209747791,0.30267366766929626,0.018459932878613472,-0.01507838536053896,1.1362506457953714,0.39196543294499336,54820,0.532095856068425,0.0016751162800458502,0.0014303836447304707,1.134076010202989,0.0,0.0,0.3,0.0,-1.0,0.1,0.0,0.0,0.0,3.631671667098999,54820,nan,1.0006047487258911,54786.867711555875,52000,54691.88725842268,nan,0,nan,nan,nan,nan,0.03313429653644562
14.216451795015018,rising,0,0.013829683884978294,-0.016075491905212402,1.124648094177246,0.0065482500940561295,0.005423262249678373,0.30242666602134705,0.018459932878613472,-0.01507838536053896,1.1422985092882298,0.39333582524609273,55012,0.5682539642768525,0.001743575814125294,0.0013791007982879577,1.0564019903540611,0.0,0.0,0.3,0.0,-1.0,0.1,0.0,0.0,0.0,3.631671667098999,55012,nan,0.9986403584480286,55086.89843608293,52000,54697.15407412482,nan,0,nan,nan,nan,nan,0.03313429653644562
14.237388681009179,rising,0,0.013870354741811752,-0.016029180958867073,1.1297813653945923,0.00652884179726243,0.005678706336766481,0.302657812833786,0.018459932878613472,-0.01507838536053896,1.148461055892403,0.3945256331477511,55178,0.5996473126055673,0.0019147657540348972,0.0013435452862966546,1.3736859837081283,0.0,0.0,0.3,0.0,-1.0,0.1,0.0,0.0,0.0,3.631671667098999,55178,nan,1.0084370374679565,54716.3560538635,52000,54697.41010052134,nan,0,nan,nan,nan,nan,0.03313429653644562
14.256689627014566,rising,0,0.013904910534620285,-0.01597251556813717,1.1373904943466187,0.0063066743314266205,0.006097633857280016,0.30509868264198303,0.018459932878613472,-0.01507838536053896,1.1542650598916224,0.39106593897839986,54694,0.5083625060263799,0.0022039154680462605,0.001433707739558976,1.3585819979198277,0.0,0.0,0.3,0.0,-1.0,0.1,0.0,0.0,0.0,3.631671667098999,54694,nan,1.017090916633606,53774.93703417156,52000,54687.41010052134,nan,0,nan,nan,nan,nan,0.03313429653644562
14.275740890007,rising,0,0.013950716704130173,-0.015858560800552368,1.145034909248352,0.006053721532225609,0.006060847546905279,0.30618807673454285,0.018459932878613472,-0.01507838536053896,1.1602435813925693,0.3884542275466408,54329,0.43945191415938645,0.0023171357745534575,0.0015264150871689974,0.64869798370637,0.0,0.0,0.3,0.0,-1.0,0.1,0.0,0.0,0.0,3.631671667098999,54329,nan,1.009517788887024,53816.78321874525,52000,54677.41010052134,nan,0,nan,nan,nan,nan,0.03313429653644562
14.296287194010802,rising,0,0.013978508301079273,-0.01576685532927513,1.150146484375,0.005625687539577484,0.006017991807311773,0.30843284726142883,0.018459932878613472,-0.01507838536053896,1.1662703767884521,0.3884921783476774,54334,0.4404532545561306,0.0023892697940057486,0.0017180079513152702,0.9868119959719479,0.0,0.0,0.3,0.0,-1.0,0.1,0.0,0.0,0.0,3.631671667098999,54334,nan,1.0032885074615479,54155.907892807605,52000,54670.456737751825,nan,0,nan,nan,nan,nan,0.03313429653644562
14.316540377010824,rising,0,0.01399237010627985,-0.015694737434387207,1.1551982164382935,0.005330237559974194,0.006128985900431871,0.3099552392959595,0.018459932878613472,-0.01507838536053896,1.1723158108914502,0.3889904460347511,54404,0.4536001592282588,0.0025174373224272255,0.0018534594283365902,1.1193329992238432,0.0,0.0,0.3,0.0,-1.0,0.1,0.0,0.0,0.0,3.631671667098999,54404,nan,1.0019289255142212,54299.26077049644,52000,54665.507458188426,nan,0,nan,nan,nan,nan,0.03313429653644562
14.335932016023435,rising,0,0.014027065597474575,-0.01556971576064825,1.1629507541656494,0.005066240206360817,0.0064165727235376835,0.31085270643234253,0.018459932878613472,-0.01507838536053896,1.178276629987522,0.3863177653303095,54030,0.3830808794276894,0.002813191673216667,0.0019670318825986133,0.6953710108064115,0.0,0.0,0.3,0.0,-1.0,0.1,0.0,0.0,0.0,3.631671667098999,54030,nan,1.0060853958129883,53703.19480320051,52000,54655.507458188426,nan,0,nan,nan,nan,nan,0.03313429653644562
14.356430051004281,rising,0,0.014000246301293373,-0.01539539359509945,1.1706821918487549,0.004857834428548813,0.0068931314162909985,0.3114408254623413,0.018459932878613472,-0.01507838536053896,1.1842576720926443,0.3838499115457841,53685,0.3179660038465446,0.0032612434544183402,0.002116213465436001,0.8032660116441548,0.0,0.0,0.3,0.0,-1.0,0.1,0.0,0.0,0.0,3.631671667098999,53685,nan,1.0047996044158936,53428.56402815561,52000,54645.507458188426,nan,0,nan,nan,nan,nan,0.03313429653644562
14.37644399900455,rising,0,0.014043781906366348,-0.015389570966362953,1.173172116279602,0.004521470982581377,0.007540129125118256,0.3126741647720337,0.018459932878613472,-0.01507838536053896,1.1903095648885935,0.387703366343185,54224,0.4196402729072535,0.0035685992445588987,0.0022237797703739126,0.9881900041364133,0.0,0.0,0.3,0.0,-1.0,0.1,0.0,0.0,0.0,3.631671667098999,54224,nan,1.008593201637268,53762.012188836066,52000,54635.507458188426,nan,0,nan,nan,nan,nan,0.03313429653644562
14.396401806006907,rising,0,0.013991210609674454,-0.015178466215729713,1.1809278726577759,0.004309158772230148,0.008329316973686218,0.31355613470077515,0.018459932878613472,-0.01507838536053896,1.1962254622922044,0.38497897389034014,53843,0.3477565670274423,0.004223193201627112,0.002404437924742764,1.141743006883189,0.0,0.0,0.3,0.0,-1.0,0.1,0.0,0.0,0.0,3.631671667098999,53843,nan,0.9893117547035217,54424.70459287704,52000,54632.696753317614,nan,0,nan,nan,nan,nan,0.03313429653644562
14.416412876016693,rising,0,0.013982164673507214,-0.015097731724381447,1.1859731674194336,0.003817714750766754,0.008780816569924355,0.31200894713401794,0.018459932878613472,-0.01507838536053896,1.2023061157902701,0.38706386605011867,54134,0.40276691425115096,0.004517179280244695,0.002654769998006179,0.9879799908958375,0.0,0.0,0.3,0.0,-1.0,0.1,0.0,0.0,0.0,3.631671667098999,54134,nan,0.9839969277381897,55014.39940918529,52000,54637.78612206252,nan,0,nan,nan,nan,nan,0.03313429653644562
14.436027936026221,rising,0,0.013941142708063126,-0.014966127462685108,1.1910796165466309,0.003156369086354971,0.008959767408668995,0.30935829877853394,0.018459932878613472,-0.01507838536053896,1.2082769974920664,0.3894877229142497,54473,0.4667209212203076,0.004716122533180215,0.0030199771897552186,0.7541589729953557,0.0,0.0,0.3,0.0,-1.0,0.1,0.0,0.0,0.0,3.631671667098999,54473,nan,0.9920743107795715,54908.18521164523,52000,54641.39144325696,nan,0,nan,nan,nan,nan,0.03313429653644562
14.456124417018145,rising,0,0.013895878568291664,-0.014775866642594337,1.1987017393112183,0.0019545783288776875,0.00922630075365305,0.30599895119667053,0.018459932878613472,-0.01507838536053896,1.2142836691869887,0.3891651692522524,54428,0.458210270507978,0.005052583122702735,0.003686633392774974,0.8195370028261095,0.0,0.0,0.3,0.0,-1.0,0.1,0.0,0.0,0.0,3.631671667098999,54428,nan,0.988021194934845,55087.8870605496,52000,54647.34471815419,nan,0,nan,nan,nan,nan,0.03313429653644562
14.477158413006691,rising,0,0.013773128390312195,-0.0145012978464365,1.2062578201293945,0.0013018014142289758,0.009267791174352169,0.30438104271888733,0.018459932878613472,-0.01507838536053896,1.2204255802877013,0.3882219193824871,54296,0.433322411147417,0.005369148863157464,0.004158359135487677,1.2797979870811105,0.0,0.0,0.3,0.0,-1.0,0.1,0.0,0.0,0.0,3.631671667098999,54296,nan,0.9939408898353577,54626.99095616633,52000,54647.07333466102,nan,0,nan,nan,nan,nan,0.03313429653644562
14.49651067602099,rising,0,0.013688824139535427,-0.014396150596439838,1.2112106084823608,0.00032439830829389393,0.009639712050557137,0.3036012649536133,0.018459932878613472,-0.01507838536053896,1.2263848747941664,0.38988673335181107,54529,0.4772489011031933,0.0056449025315155055,0.00472847764792772,0.8755080052651465,0.0,0.0,0.3,0.0,-1.0,0.1,0.0,0.0,0.0,3.631671667098999,54529,nan,0.985497236251831,55331.459078862215,52000,54656.19847791704,nan,0,nan,nan,nan,nan,0.03313429653644562
14.516808113025036,rising,0,0.013534439727663994,-0.014130952768027782,1.2187587022781372,-0.0006621227948926389,0.010198350064456463,0.3021937310695648,0.018459932878613472,-0.01507838536053896,1.232354152094922,0.38863321901596226,54354,0.444174644220638,0.00622359063677417,0.005410325145582151,0.9252890013158321,0.0,0.0,0.3,0.0,-1.0,0.1,0.0,0.0,0.0,3.631671667098999,54354,nan,0.9914923906326294,54820.39046746391,52000,54658.387704444336,nan,0,nan,nan,nan,nan,0.03313429653644562
14.53653470001882,rising,0,0.013445615768432617,-0.013961901888251305,1.2237591743469238,-0.0013910214183852077,0.010915501043200493,0.30076736211776733,0.018459932878613472,-0.01507838536053896,1.238254916592268,0.390488584695618,54613,0.49312888378939057,0.006734533506409679,0.005848939609417014,1.156310987425968,0.0,0.0,0.3,0.0,-1.0,0.1,0.0,0.0,0.0,3.6263930797576904,54613,nan,0.9956454038619995,54851.857687648786,52000,54660.967304220394,nan,0,nan,nan,nan,nan,0.03313429653644562
14.555969255015953,rising,0,0.013288517482578754,-0.013815474696457386,1.2286845445632935,-0.001991350669413805,0.011606629937887192,0.29980504512786865,0.018459932878613472,-0.01507838536053896,1.2442572700878372,0.39233394787433035,54872,0.5418192051274477,0.007204501657903029,0.006287634704734257,0.7788359944242984,0.0,0.0,0.3,0.0,-1.0,0.1,0.0,0.0,0.0,3.6263930797576904,54872,nan,1.0027390718460083,54722.11220311035,52000,54661.78256953893,nan,0,nan,nan,nan,nan,0.03313429653644562
14.576408693013946,rising,0,0.01305402908474207,-0.013503601774573326,1.2361600399017334,-0.0025361082516610622,0.012106526643037796,0.30139338970184326,0.018459932878613472,-0.01507838536053896,1.2502284901915117,0.3896766535485865,54500,0.47170589837958943,0.007830393535314265,0.006850818559251737,1.2095689889974892,0.0,0.0,0.3,0.0,-1.0,0.1,0.0,0.0,0.0,3.6263930797576904,54500,nan,0.9960997104644775,54713.398094039054,52000,54662.47077653227,nan,0,nan,nan,nan,nan,0.03313429653644562
14.596737733023474,rising,0,0.012915817089378834,-0.013274905271828175,1.2411340475082397,-0.003175119636580348,0.012461060658097267,0.30060428380966187,0.018459932878613472,-0.01507838536053896,1.2562878916884073,0.39144559840520743,54747,0.5183799051505904,0.008209890773272851,0.007287591188130049,1.297620008699596,0.0,0.0,0.3,0.0,-1.0,0.1,0.0,0.0,0.0,3.6263930797576904,54747,nan,0.9877368211746216,55426.707627335985,52000,54672.47077653227,nan,0,nan,nan,nan,nan,0.03313429653644562
14.616961745021399,rising,0,0.012740246020257473,-0.013092516921460629,1.246035099029541,-0.003619816852733493,0.01262272335588932,0.29849040508270264,0.018459932878613472,-0.01507838536053896,1.2623177023953758,0.39393167838141907,55095,0.5839756828870453,0.008425390756893168,0.007645659444941,1.408981013810262,0.0,0.0,0.3,0.0,-1.0,0.1,0.0,0.0,0.0,3.6263930797576904,55095,nan,0.9942449927330017,55413.90744001003,52000,54682.35659871197,nan,0,nan,nan,nan,nan,0.03313429653644562
14.636542703025043,rising,0,0.012518989853560925,-0.012799719348549843,1.2533880472183228,-0.004275319632142782,0.012383321300148964,0.296297162771225,0.018459932878613472,-0.01507838536053896,1.2682604245870606,0.39328276511763427,55004,0.5668539608874461,0.008615396496203565,0.008216677120100435,1.2719969963654876,0.0,0.0,0.3,0.0,-1.0,0.1,0.0,0.0,0.0,3.6263930797576904,55004,nan,1.0070595741271973,54618.4172348206,52000,54681.50407386009,nan,0,nan,nan,nan,nan,0.03313429653644562
14.656829489016673,rising,0,0.012364311143755913,-0.012604095973074436,1.2583414316177368,-0.004705250263214111,0.011992393061518669,0.2967490255832672,0.018459932878613472,-0.01507838536053896,1.2743157529941527,0.39445139509741634,55168,0.5976885249977908,0.008590058052648796,0.008567190095399857,1.2878869893029332,0.0,0.0,0.3,0.0,-1.0,0.1,0.0,0.0,0.0,3.6263930797576904,55168,nan,1.0006568431854248,55131.78706136845,52000,54687.50784702686,nan,0,nan,nan,nan,nan,0.03313429653644562
14.676426170015475,rising,0,0.012042498216032982,-0.012294160202145576,1.2657489776611328,-0.005184030160307884,0.011609338223934174,0.297245055437088,0.018459932878613472,-0.01507838536053896,1.2802770874899578,0.39241270400651895,54883,0.5438972033382292,0.008755441540415677,0.009183776465392812,1.082366012269631,0.0,0.0,0.3,0.0,-1.0,0.1,0.0,0.0,0.0,3.6263930797576904,54883,nan,1.0039900541305542,54664.8841531883,52000,54687.20619777568,nan,0,nan,nan,nan,nan,0.03313429653644562
14.696508717024699,rising,0,0.011862478218972683,-0.012162674218416214,1.2706701755523682,-0.005496498197317123,0.011088007129728794,0.29782938957214355,0.018459932878613472,-0.01507838536053896,1.2863152789912418,0.3935331411564865,55039,0.5734601888255,0.008599225632313714,0.009499422884889475,1.041779003571719,0.0,0.0,0.3,0.0,-1.0,0.1,0.0,0.0,0.0,3.6263930797576904,55039,nan,1.0032026767730713,54863.29061345802,52000,54689.553989984786,nan,0,nan,nan,nan,nan,0.03313429653644562
14.71598215601989,rising,0,0.011656267568469048,-0.012012800201773643,1.2756202220916748,-0.005812584888190031,0.010606206953525543,0.29909634590148926,0.018459932878613472,-0.01507838536053896,1.2922753144928718,0.3941798492018858,55130,0.5905237256434237,0.008492768505773435,0.009853486829350722,0.7429849938489497,0.0,0.0,0.3,0.0,-1.0,0.1,0.0,0.0,0.0,3.6263930797576904,55130,nan,0.9988017678260803,55196.137788173895,52000,54696.308440627305,nan,0,nan,nan,nan,nan,0.03313429653644562
14.73614447802538,rising,0,0.011349637061357498,-0.011790033429861069,1.2830462455749512,-0.005847426131367683,0.009924016892910004,0.29900264739990234,0.018459932878613472,-0.01507838536053896,1.2982898437941912,0.39247862226853714,54892,0.5456364714653592,0.008409007350579657,0.01022647676577515,0.8148330089170486,0.0,0.0,0.3,0.0,-1.0,0.1,0.0,0.0,0.0,3.621114492416382,54892,nan,1.009031891822815,54400.659131633256,52000,54692.366449840716,nan,0,nan,nan,nan,nan,0.03313429653644562
14.756268938013818,rising,0,0.011192211881279945,-0.011678555980324745,1.2879971265792847,-0.005768447648733854,0.008936786092817783,0.3000388741493225,0.018459932878613472,-0.01507838536053896,1.3042955518933013,0.39329450109662684,55006,0.5671636173252441,0.008002884182170633,0.010325214493331014,0.8797430200502276,0.0,0.0,0.3,0.0,-1.0,0.1,0.0,0.0,0.0,3.621114492416382,55006,nan,1.0067192316055298,54638.868785962964,52000,54691.653147655685,nan,0,nan,nan,nan,nan,0.03313429653644562
14.775888501026202,rising,0,0.01089315302670002,-0.01151473168283701,1.2954652309417725,-0.005493355914950371,0.007828962057828903,0.30217307806015015,0.018459932878613472,-0.01507838536053896,1.310267424790072,0.3903716138176968,54597,0.49004258094186604,0.007663083325637584,0.010568032531409255,0.6784690194763243,0.0,0.0,0.3,0.0,-1.0,0.1,0.0,0.0,0.0,3.621114492416382,54597,nan,1.0094293355941772,54086.99556751314,52000,54683.59104658711,nan,0,nan,nan,nan,nan,0.03313429653644562
14.796348686999409,rising,0,0.010719861835241318,-0.011434141546487808,1.3004826307296753,-0.005168260540813208,0.0068676769733428955,0.3027569651603699,0.018459932878613472,-0.01507838536053896,1.3162878241913858,0.3913479968205959,54734,0.5158046654510784,0.007235031974927626,0.010552646763994922,0.9794709912966937,0.0,0.0,0.3,0.0,-1.0,0.1,0.0,0.0,0.0,3.621114492416382,54734,nan,1.0065208673477173,54379.399151683305,52000,54679.53515465507,nan,0,nan,nan,nan,nan,0.03313429653644562
14.816848315007519,rising,0,0.010495742782950401,-0.011270474642515182,1.3079109191894531,-0.004235298838466406,0.005970196798443794,0.30440959334373474,0.018459932878613472,-0.01507838536053896,1.322282320394879,0.3887421968623723,54369,0.4470500491391096,0.006990164734366889,0.010373991228759705,0.8377030026167631,0.0,0.0,0.3,0.0,-1.0,0.1,0.0,0.0,0.0,3.621114492416382,54369,nan,1.002260684967041,54246.36605574118,52000,54673.75956666955,nan,0,nan,nan,nan,nan,0.03313429653644562
14.835886872024275,rising,0,0.010338052175939083,-0.011206995695829391,1.312965989112854,-0.0032429019920527935,0.004859183449298143,0.30500391125679016,0.018459932878613472,-0.01507838536053896,1.3282651744928442,0.3896172979687913,54492,0.4701397880947553,0.006469261642835426,0.01000314333307073,0.6698039942421019,0.0,0.0,0.3,0.0,-1.0,0.1,0.0,0.0,0.0,3.621114492416382,54492,nan,1.0007848739624023,54449.264190265094,52000,54670.766294984154,nan,0,nan,nan,nan,nan,0.03313429653644562
14.856613965006545,rising,0,0.010231571272015572,-0.01115601509809494,1.3179963827133179,-0.00224533979780972,0.0038405742961913347,0.3052581250667572,0.018459932878613472,-0.01507838536053896,1.3343272915954,0.3907934201565998,54656,0.5011720357941876,0.005980612347086231,0.009571475674131635,1.111354009481147,0.0,0.0,0.3,0.0,-1.0,0.1,0.0,0.0,0.0,3.621114492416382,54656,nan,1.0095710754394531,54137.84262411535,52000,54663.660646039236,nan,0,nan,nan,nan,nan,0.03313429653644562
14.876087290002033,rising,0,0.01005217432975769,-0.011121663264930248,1.3254791498184204,-0.0011419040383771062,0.0026966400910168886,0.30524399876594543,0.018459932878613472,-0.01507838536053896,1.3402907398936803,0.3889136299162551,54393,0.451573348713854,0.005456527391072346,0.009234788907386271,0.7903009827714413,0.0,0.0,0.3,0.0,-1.0,0.1,0.0,0.0,0.0,3.621114492416382,54393,nan,1.002790927886963,54241.61556249272,52000,54658.03337825862,nan,0,nan,nan,nan,nan,0.03313429653644562
14.896345095010474,rising,0,0.009936444461345673,-0.01112659927457571,1.3305076360702515,-0.0002444728452246636,0.001408143201842904,0.30534273386001587,0.018459932878613472,-0.01507838536053896,1.3462998793955192,0.39010327319068633,54560,0.48296235331626036,0.00477418022912524,0.008865178717212707,0.9510679810773581,0.0,0.0,0.3,0.0,-1.0,0.1,0.0,0.0,0.0,3.621114492416382,54560,nan,1.0022764205932617,54436.080585139534,52000,54655.074007683696,nan,0,nan,nan,nan,nan,0.03313429653644562
14.917121643025894,rising,0,0.009819515980780125,-0.011094196699559689,1.3380486965179443,0.0007670202176086605,0.00026622990844771266,0.3055018484592438,0.018459932878613472,-0.01507838536053896,1.3525455757888265,0.38841676670496716,54324,0.43846350145032,0.004240254450653664,0.00850324393845181,0.9050960070453584,0.0,0.0,0.3,0.0,-1.0,0.1,0.0,0.0,0.0,3.621114492416382,54324,nan,0.9992929697036743,54362.4358891557,52000,54651.17216610332,nan,0,nan,nan,nan,nan,0.03313429653644562
14.93636647000676,rising,0,0.00977883581072092,-0.011130819097161293,1.3430477380752563,0.0017513317288830876,-0.0008303982904180884,0.304246723651886,0.018459932878613472,-0.01507838536053896,1.3582811821921494,0.38997779278422057,54542,0.47965152464961847,0.003623270990519025,0.008006111869647503,1.1008339934051037,0.0,0.0,0.3,0.0,-1.0,0.1,0.0,0.0,0.0,3.621114492416382,54542,nan,0.9982192516326904,54639.298842204196,52000,54651.013855118,nan,0,nan,nan,nan,nan,0.03313429653644562
14.956200680026086,rising,0,0.009676548652350903,-0.011145634576678276,1.3480639457702637,0.0024719862267374992,-0.0017674097325652838,0.3033944368362427,0.018459932878613472,-0.01507838536053896,1.3642788625933462,0.39164546882799206,54775,0.5236535310815835,0.003114185332279781,0.007708467437061772,0.9178309992421418,0.0,0.0,0.3,0.0,-1.0,0.1,0.0,0.0,0.0,3.621114492416382,54775,nan,0.9967246055603027,54954.99929913796,52000,54655.0669943716,nan,0,nan,nan,nan,nan,0.03313429653644562
14.976830728002824,rising,0,0.009620722383260727,-0.01129041239619255,1.3556042909622192,0.003308515762910247,-0.0025108198169618845,0.3023028075695038,0.018459932878613472,-0.01507838536053896,1.370283539587399,0.3902847391883771,54585,0.4877503743635092,0.0025956788090704813,0.007363872402693206,1.437072001863271,0.0,0.0,0.3,0.0,-1.0,0.1,0.0,0.0,0.0,3.621114492416382,54585,nan,0.9987348318099976,54654.14668784118,52000,54655.05472361786,nan,0,nan,nan,nan,nan,0.03313429653644562
14.995841672003735,rising,0,0.009595027193427086,-0.011332502588629723,1.3606758117675781,0.004267516080290079,-0.0029984754510223866,0.30097290873527527,0.018459932878613472,-0.01507838536053896,1.3762695004901615,0.39210670983260176,54840,0.5358234784327625,0.0022919270948649727,0.006866702735701891,0.6352660129778087,0.0,0.0,0.3,0.0,-1.0,0.1,0.0,0.0,0.0,3.621114492416382,54840,nan,1.010338306427002,54278.848630354536,52000,54650.03864237435,nan,0,nan,nan,nan,nan,0.03313429653644562
15.016327269026078,rising,0,0.009608020074665546,-0.0114044900983572,1.3656693696975708,0.005201849155128002,-0.003403899958357215,0.30264878273010254,0.018459932878613472,-0.01507838536053896,1.3823083510884315,0.39259050858244643,54907,0.5485886169510916,0.002009204565686034,0.006369008267958609,0.925953994737938,0.0,0.0,0.3,0.0,-1.0,0.1,0.0,0.0,0.0,3.621114492416382,54907,nan,0.9928250908851624,55303.79973681684,52000,54658.755456966916,nan,0,nan,nan,nan,nan,0.03313429653644562
15.036233949009329,rising,0,0.009582404978573322,-0.011437254026532173,1.3706953525543213,0.0066429791040718555,-0.0037424408365041018,0.30196890234947205,0.018459932878613472,-0.01507838536053896,1.3883245228935264,0.394183960001521,55130,0.5906321900137463,0.0017960548148892648,0.005638045529374969,0.7964110118336976,0.0,0.0,0.3,0.0,-1.0,0.1,0.0,0.0,0.0,3.621114492416382,55130,nan,0.9904876351356506,55659.45302532703,52000,54668.755456966916,nan,0,nan,nan,nan,nan,0.03313429653644562
15.05619464800111,rising,0,0.009604983031749725,-0.011523648165166378,1.378200650215149,0.007909645326435566,-0.004037519451230764,0.2992040514945984,0.018459932878613472,-0.01507838536053896,1.3942550821928306,0.3936124758003102,55050,0.5755534511955194,0.0015609232247509592,0.004979666790506876,0.9725209965836257,0.0,0.0,0.3,0.0,-1.0,0.1,0.0,0.0,0.0,3.621114492416382,55050,nan,1.0018162727355957,54950.195458173665,52000,54672.507990316335,nan,0,nan,nan,nan,nan,0.03313429653644562
15.076596874016104,rising,0,0.00965973176062107,-0.011618142016232014,1.3831990957260132,0.008915480226278305,-0.004305837210267782,0.296621710062027,0.018459932878613472,-0.01507838536053896,1.4002824859926475,0.39620572067438514,55413,0.6439767987964409,0.001319857451831692,0.004384060793302336,1.2326459982432425,0.0,0.0,0.3,0.0,-1.0,0.1,0.0,0.0,0.0,3.621114492416382,55413,nan,0.9974141716957092,55556.65998387817,52000,54682.507990316335,nan,0,nan,nan,nan,nan,0.03313429653644562
15.0963716180122,rising,0,0.009687714278697968,-0.011695167981088161,1.3907910585403442,0.009953847154974937,-0.004565163049846888,0.29644718766212463,0.018459932878613472,-0.01507838536053896,1.4062638700881507,0.39429424700180876,55146,0.5935421372508891,0.0011165714434753526,0.0038502254885655063,1.0828390077222139,0.0,0.0,0.3,0.0,-1.0,0.1,0.0,0.0,0.0,3.621114492416382,55146,nan,1.00322687625885,54968.623055281234,52000,54686.3228578492,nan,0,nan,nan,nan,nan,0.03313429653644562
15.116485788021237,rising,0,0.009741961024701595,-0.011793659999966621,1.3958373069763184,0.010890552774071693,-0.004839356988668442,0.2974523603916168,0.018459932878613472,-0.01507838536053896,1.4122641496913273,0.39499977888528814,55244,0.6121577542292371,0.0008760022397388339,0.0033141299137309232,1.0774210095405579,0.0,0.0,0.3,0.0,-1.0,0.1,0.0,0.0,0.0,3.621114492416382,55244,nan,1.005246877670288,54955.65440405131,52000,54689.9139451319,nan,0,nan,nan,nan,nan,0.03313429653644562
15.135832013009349,rising,0,0.009808969683945179,-0.011900033801794052,1.4034408330917358,0.011943855322897434,-0.0052354950457811356,0.29833346605300903,0.018459932878613472,-0.01507838536053896,1.4182179304945748,0.39251102761729295,54896,0.5464914938599712,0.0005713023239710927,0.0027301539807682573,0.8026139985304326,0.0,0.0,0.3,0.0,-1.0,0.1,0.0,0.0,0.0,3.6158359050750732,54896,nan,1.011112093925476,54292.69447947688,52000,54684.61768558983,nan,0,nan,nan,nan,nan,0.03313429653644562
15.15685804700479,rising,0,0.009904775768518448,-0.012019740417599678,1.4085248708724976,0.012718179263174534,-0.005644305143505335,0.3014337420463562,0.018459932878613472,-0.01507838536053896,1.4243256724876117,0.39225578878891554,54861,0.5397569601296954,0.0002411619899538538,0.0022394257796380934,1.3069980195723474,0.0,0.0,0.3,0.0,-1.0,0.1,0.0,0.0,0.0,3.6158359050750732,54861,nan,1.0020867586135864,54746.756733819784,52000,54685.4462062329,nan,0,nan,nan,nan,nan,0.03313429653644562
15.17583143201773,rising,0,0.010017625987529755,-0.012208687141537666,1.4161869287490845,0.013620859012007713,-0.005847659427672625,0.30305051803588867,0.018459932878613472,-0.01507838536053896,1.4302146649948553,0.38924464974965,54439,0.46030738125725534,-5.5627298679969254e-05,0.0016769691257130237,0.7898030162323266,0.0,0.0,0.3,0.0,-1.0,0.1,0.0,0.0,0.0,3.6158359050750732,54439,nan,1.006758451461792,54073.5465602059,52000,54677.28754428587,nan,0,nan,nan,nan,nan,0.03313429653644562
15.196741154999472,rising,0,0.010123840533196926,-0.012342843227088451,1.4213083982467651,0.014335045590996742,-0.00585968978703022,0.3039565086364746,0.018459932878613472,-0.01507838536053896,1.4362810975901084,0.38998757096410613,54543,0.4799095241188933,-0.00019929137786171814,0.0011985713563320566,1.3144599797669798,0.0,0.0,0.3,0.0,-1.0,0.1,0.0,0.0,0.0,3.6158359050750732,54543,nan,1.0069564580917358,54166.19513356457,52000,54670.472978809594,nan,0,nan,nan,nan,nan,0.03313429653644562
15.216514193016337,rising,0,0.010217245668172836,-0.012483037076890469,1.429006576538086,0.01474163681268692,-0.0056783598847687244,0.30629056692123413,0.018459932878613472,-0.01507838536053896,1.4423135431919945,0.3867515645962896,54091,0.3945267703506481,-0.00025218438167968305,0.0009017353795726102,0.8467919833492488,0.0,0.0,0.3,0.0,-1.0,0.1,0.0,0.0,0.0,3.6158359050750732,54091,nan,1.0027304887771606,53943.70731258455,52000,54660.7827699266,nan,0,nan,nan,nan,nan,0.03313429653644562
15.236350865015993,rising,0,0.010300801135599613,-0.012591887265443802,1.4341188669204712,0.015136010944843292,-0.0055309440940618515,0.3069094717502594,0.018459932878613472,-0.01507838536053896,1.4482763920881552,0.3875193865154957,54198,0.41478592389170643,-0.0002879587627661898,0.0006101643714775395,1.0268930054735392,0.0,0.0,0.3,0.0,-1.0,0.1,0.0,0.0,0.0,3.6158359050750732,54198,nan,1.0037260055541992,53996.80759499203,52000,54651.929767594134,nan,0,nan,nan,nan,nan,0.03313429653644562
15.257145987998229,rising,0,0.010300801135599613,-0.012591887265443802,1.4341188669204712,0.01531801838427782,-0.005427325144410133,0.3068173825740814,0.018459932878613472,-0.01507838536053896,1.4543746555893449,0.3952084891421858,55274,0.6176646211658507,-0.00022991865251369555,0.0005061860622659342,1.2976209982298315,0.0,0.0,0.3,0.0,-1.0,0.1,0.0,0.0,0.0,3.6158359050750732,55274,nan,1.000908613204956,55223.82290528011,52000,54659.55500942995,nan,0,nan,nan,nan,nan,0.03313429653644562
15.276886923005804,rising,0,0.010300801135599613,-0.012591887265443802,1.4341188669204712,0.016058102250099182,-0.0051659285090863705,0.3069315254688263,0.018459932878613472,-0.01507838536053896,1.4603218159900277,0.4026115152791663,56309,0.8129951260993735,-9.584043847768795e-05,0.00012923685825172448,1.447415997972712,0.0,0.0,0.3,0.0,-1.0,0.1,0.0,0.0,0.0,3.6158359050750732,56309,nan,0.9998052716255188,56319.96709564337,52000,54669.55500942995,nan,0,nan,nan,nan,nan,0.03313429653644562
15.296693795011379,rising,0,0.010300801135599613,-0.012591887265443802,1.4341188669204712,0.01677357777953148,-0.00478545855730772,0.30680492520332336,0.018459932878613472,-0.01507838536053896,1.4663770408893468,0.4102761113191258,57381,1.0152272115864314,9.142020828864846e-05,-0.0002219550613258292,1.034761022310704,0.0,0.0,0.3,0.0,-1.0,0.1,0.0,0.0,0.0,3.6158359050750732,57381,nan,0.9968557953834534,57561.986664207194,52000,54679.55500942995,nan,0,nan,nan,nan,nan,0.03313429653644562
15.316417754016584,rising,0,0.010300801135599613,-0.012591887265443802,1.4341188669204712,0.017358435317873955,-0.004496518988162279,0.30651548504829407,0.018459932878613472,-0.01507838536053896,1.4723118319932835,0.41787756407058824,58444,1.2157932472450703,0.00022804634953915929,-0.0004978357127765065,1.0068010014947504,0.0,0.0,0.3,0.0,-1.0,0.1,0.0,0.0,0.0,3.6158359050750732,58444,nan,1.0006959438323975,58000.0,52000,54689.55500942995,nan,0,nan,nan,nan,nan,0.03313429653644562
15.336485724023078,rising,0,0.010714179836213589,-0.013089364394545555,1.4649986028671265,0.017857331782579422,-0.004102262202650309,0.3068455457687378,0.018459932878613472,-0.01507838536053896,1.4782771672937087,0.3865830391854825,54067,0.3900801895905648,-6.426581158751176e-05,-0.0012239679699712624,1.2052560050506145,0.0,0.0,0.3,0.0,-1.0,0.1,0.0,0.0,0.0,3.6000001430511475,54067,nan,1.0127170085906982,53388.06353735472,52000,54679.55500942995,nan,0,nan,nan,nan,nan,0.03313429653644562
15.357349195022834,rising,0,0.010755660943686962,-0.013252565637230873,1.4728288650512695,0.01559948455542326,-0.0036225109361112118,0.30331724882125854,0.018459932878613472,-0.01507838536053896,1.4845022536872419,0.38635210287299415,54035,0.3839868831924562,1.5078737986282885e-05,-9.884283505168234e-05,1.2605410011019558,0.0,0.0,0.3,0.0,-1.0,0.1,0.0,0.0,0.0,3.6000001430511475,54035,nan,1.0304555892944336,52437.97070089985,52000,54669.55500942995,nan,0,nan,nan,nan,nan,0.03313429653644562
15.375993325025775,rising,0,0.010822799056768417,-0.013295664452016354,1.4781113862991333,0.015025824308395386,-0.0031526265665888786,0.31105008721351624,0.018459932878613472,-0.01507838536053896,1.4902586785901801,0.3830902207261313,53579,0.29792139119079764,0.0002155185566168123,0.0001297048697932457,0.7677680114284158,0.0,0.0,0.3,0.0,-1.0,0.1,0.0,0.0,0.0,3.6000001430511475,53579,nan,1.0214548110961914,52453.617544275694,52000,54659.55500942995,nan,0,nan,nan,nan,nan,0.03313429653644562
15.396291274024406,rising,0,0.010864957235753536,-0.013312090188264847,1.4834274053573608,0.014579699374735355,-0.0028844180051237345,0.3167421221733093,0.018459932878613472,-0.01507838536053896,1.4962604839878622,0.38111429872021835,53302,0.24578624591605092,0.000340145928577015,0.0003202461431990322,0.9379730036016554,0.0,0.0,0.3,0.0,-1.0,0.1,0.0,0.0,0.0,3.6000001430511475,53302,nan,1.0176266431808472,52378.738663318836,52000,54649.55500942995,nan,0,nan,nan,nan,nan,0.03313429653644562
15.41642602000502,rising,0,0.010899340733885765,-0.013441260904073715,1.4887748956680298,0.013854502700269222,-0.002739191288128495,0.3219468593597412,0.018459932878613472,-0.01507838536053896,1.5022996108920779,0.37939005866791325,53061,0.20029178543306614,0.00028206208305119756,0.0006677463757305269,1.020889001665637,0.0,0.0,0.3,0.0,-1.0,0.1,0.0,0.0,0.0,3.6000001430511475,53061,nan,1.0039767026901245,52850.827970235456,52000,54639.55500942995,nan,0,nan,nan,nan,nan,0.03313429653644562
15.435695075022522,rising,0,0.01093564834445715,-0.013544460758566856,1.4967542886734009,0.013415377587080002,-0.002486427081748843,0.32356369495391846,0.018459932878613472,-0.01507838536053896,1.5082105831941588,0.37600763146876687,52588,0.11104568519173696,0.00030926093099502045,0.0008687013506964991,0.6896800186950713,0.0,0.0,0.3,0.0,-1.0,0.1,0.0,0.0,0.0,3.6000001430511475,52588,nan,0.9991621375083923,52632.098461155205,52000,54629.55500942995,nan,0,nan,nan,nan,nan,0.03313429653644562
15.456724747025874,rising,0,0.010939273051917553,-0.013513647019863129,1.5021463632583618,0.012618299573659897,-0.0020478188525885344,0.32444432377815247,0.018459932878613472,-0.01507838536053896,1.5143288314924575,0.3764874308469743,52655,0.12370529939246033,0.0005746055223700196,0.001287172187056873,1.1909230088349432,0.0,0.0,0.3,0.0,-1.0,0.1,0.0,0.0,0.0,3.6000001430511475,52655,nan,0.9956991672515869,52882.438523417455,52000,54619.55500942995,nan,0,nan,nan,nan,nan,0.03313429653644562
15.476589418016374,rising,0,0.010934929363429546,-0.013539336621761322,1.5073972940444946,0.012151695787906647,-0.0012664508540183306,0.3239881098270416,0.018459932878613472,-0.01507838536053896,1.5202837201912187,0.37760861635312615,52812,0.15328803042549133,0.0009595379753807066,0.0015350880542730483,1.226328982738778,0.0,0.0,0.3,0.0,-1.0,0.1,0.0,0.0,0.0,3.6000001430511475,52812,nan,0.9935536980628967,53154.65092925128,52000,54609.55500942995,nan,0,nan,nan,nan,nan,0.03313429653644562
15.49599190702429,rising,0,0.010884000919759274,-0.013468318618834019,1.5153734683990479,0.011577028781175613,-0.00048231243272311985,0.3226560056209564,0.018459932878613472,-0.01507838536053896,1.526239223894663,0.37576015630024573,52554,0.10451599736795991,0.0014572204794414635,0.0019027229117425382,0.8539099944755435,0.0,0.0,0.3,0.0,-1.0,0.1,0.0,0.0,0.0,3.6000001430511475,52554,nan,0.9985748529434204,52629.00407024142,52000,54599.55500942995,nan,0,nan,nan,nan,nan,0.03313429653644562
15.516571846004808,rising,0,0.010883194394409657,-0.013478239998221397,1.520571231842041,0.010921400971710682,0.0004219641850795597,0.32304859161376953,0.018459932878613472,-0.01507838536053896,1.5322771726874633,0.37662636963282614,52675,0.12737123041757492,0.001923533019916423,0.0022473623199945614,1.2067679781466722,0.0,0.0,0.3,0.0,-1.0,0.1,0.0,0.0,0.0,3.6000001430511475,52675,nan,0.9899962544441223,53207.27201091961,52000,54589.55500942995,nan,0,nan,nan,nan,nan,0.03313429653644562
15.536349244008306,rising,0,0.01083687786012888,-0.013389088213443756,1.5283262729644775,0.010167257860302925,0.0014962449204176664,0.32094132900238037,0.018459932878613472,-0.01507838536053896,1.5382917541923233,0.3755153835611389,52519,0.09805761375036504,0.0025963583596236104,0.0027050068214089507,0.9279059886466712,0.0,0.0,0.3,0.0,-1.0,0.1,0.0,0.0,0.0,3.6263930797576904,52519,nan,0.9750953316688538,53860.37476983395,52000,54579.83260623534,nan,0,nan,nan,nan,nan,0.03313429653644562
15.55628341200645,rising,0,0.010773268528282642,-0.013324945233762264,1.533432960510254,0.008991347625851631,0.002768511651083827,0.3158799409866333,0.018459932878613472,-0.01507838536053896,1.544255572988186,0.3791299007542824,53025,0.19342746053515292,0.003310442630969441,0.0033666524946001086,1.0565670090727508,0.0,0.0,0.3,0.0,-1.0,0.1,0.0,0.0,0.0,3.6263930797576904,53025,nan,0.9801548719406128,54098.593516160945,52000,54573.41608503434,nan,0,nan,nan,nan,nan,0.03313429653644562
15.576764288009144,rising,0,0.01062729675322771,-0.013137496076524258,1.5409857034683228,0.008244616910815239,0.004308466333895922,0.31115958094596863,0.018459932878613472,-0.01507838536053896,1.5502262485912068,0.3795239479660122,53080,0.20382448459134928,0.004316108640169609,0.003910517000423441,1.1842650128528476,0.0,0.0,0.3,0.0,-1.0,0.1,0.0,0.0,0.0,3.6263930797576904,53080,nan,0.986615777015686,53800.07216239366,52000,54563.41608503434,nan,0,nan,nan,nan,nan,0.03313429653644562
15.596145479998086,rising,0,0.010569501668214798,-0.01301230676472187,1.5459450483322144,0.007416262291371822,0.006219453644007444,0.3073617219924927,0.018459932878613472,-0.01507838536053896,1.5562571023911003,0.3827753935487894,53535,0.28961460550895524,0.0054087908206310814,0.004370514353700061,0.9068910148926079,0.0,0.0,0.3,0.0,-1.0,0.1,0.0,0.0,0.0,3.6263930797576904,53535,nan,0.9778489470481873,54747.71963666272,52000,54565.87346572272,nan,0,nan,nan,nan,nan,0.03313429653644562
15.61670469600358,rising,0,0.010487967170774937,-0.012861214578151703,1.5508793592453003,0.007352225948125124,0.008405176922678947,0.30400004982948303,0.018459932878613472,-0.01507838536053896,1.562297582894098,0.3858534763402081,53965,0.3708305102957272,0.0066552416286297465,0.004453366053991381,1.2500390002969652,0.0,0.0,0.3,0.0,-1.0,0.1,0.0,0.0,0.0,3.6263930797576904,53965,nan,0.9810401201248169,55007.944010622195,52000,54571.767739654715,nan,0,nan,nan,nan,nan,0.03313429653644562
15.636501212022267,rising,0,0.010359141044318676,-0.012549128383398056,1.558078646659851,0.0072401841171085835,0.010785895399749279,0.2997373938560486,0.018459932878613472,-0.01507838536053896,1.568335555095109,0.38654819049908945,54062,0.3891606991844174,0.008198075967373441,0.004636643958614073,1.036812987877056,0.0,0.0,0.3,0.0,-1.0,0.1,0.0,0.0,0.0,3.6263930797576904,54062,nan,0.9870123267173767,54773.37874776131,52000,54574.455886429474,nan,0,nan,nan,nan,nan,0.03313429653644562
15.656195393006783,rising,0,0.010266214609146118,-0.01235989760607481,1.5628857612609863,0.007350352592766285,0.013221969828009605,0.29601335525512695,0.018459932878613472,-0.01507838536053896,1.5742845487926387,0.38985386412869144,54525,0.476381639279456,0.00957252578577354,0.004636155827366428,0.9111779800150543,0.0,0.0,0.3,0.0,-1.0,0.1,0.0,0.0,0.0,3.6263930797576904,54525,nan,0.9972156882286072,54677.238478723564,52000,54575.8263209934,nan,0,nan,nan,nan,nan,0.03313429653644562
15.676490486017428,rising,0,0.01016252301633358,-0.012096237391233444,1.5676008462905884,0.007915476337075233,0.015592172741889954,0.2946000099182129,0.018459932878613472,-0.01507838536053896,1.5803388037922559,0.39225272088241014,54860,0.5396760127284992,0.010991441320030774,0.004425397839236123,0.9745470015332103,0.0,0.0,0.3,0.0,-1.0,0.1,0.0,0.0,0.0,3.6263930797576904,54860,nan,0.9905840754508972,55381.46772148406,52000,54585.8263209934,nan,0,nan,nan,nan,nan,0.03313429653644562
15.696480280021206,rising,0,0.010034468024969101,-0.011720885522663593,1.5746264457702637,0.008435990661382675,0.017658749595284462,0.2922932505607605,0.018459932878613472,-0.01507838536053896,1.5863170345895923,0.3921149599552404,54841,0.5360411597688746,0.012432375282809697,0.004292090709137941,1.0320859728381038,0.0,0.0,0.3,0.0,-1.0,0.1,0.0,0.0,0.0,3.6263930797576904,54841,nan,0.9931973218917847,55216.62089819377,52000,54594.23691535607,nan,0,nan,nan,nan,nan,0.03313429653644562
15.716684058017563,rising,0,0.009918521158397198,-0.011201695539057255,1.5816394090652466,0.008512153290212154,0.01924041286110878,0.2898901104927063,0.018459932878613472,-0.01507838536053896,1.5924361465906258,0.3922170021281797,54855,0.5387335653873269,0.013765289449117316,0.004370385468993598,0.6898500141687691,0.0,0.0,0.3,0.0,-1.0,0.1,0.0,0.0,0.0,3.6263930797576904,54855,nan,0.9952397346496582,55117.37332242861,52000,54601.212067450375,nan,0,nan,nan,nan,nan,0.03313429653644562
15.73657102501602,rising,0,0.009874961338937283,-0.01088071521371603,1.5862631797790527,0.00904796738177538,0.020346922799944878,0.2881815731525421,0.018459932878613472,-0.01507838536053896,1.5982652455888455,0.3945942470330074,55188,0.6014577053563936,0.014568647984120886,0.004116633072460241,1.3045179948676378,0.0,0.0,0.3,0.0,-1.0,0.1,0.0,0.0,0.0,3.6105573177337646,55188,nan,1.001358151435852,55113.14799891095,52000,54608.03787986985,nan,0,nan,nan,nan,nan,0.03313429653644562
15.757025883998722,rising,0,0.009822032414376736,-0.010560669004917145,1.590874195098877,0.009249752387404442,0.02097322605550289,0.28767386078834534,0.018459932878613472,-0.01507838536053896,1.6042822312942007,0.396622417078673,55471,0.6549714268779141,0.015132805724133317,0.004047209691884879,1.5726209967397153,0.0,0.0,0.3,0.0,-1.0,0.1,0.0,0.0,0.0,3.6105573177337646,55471,nan,1.0011625289916992,55406.588234845854,52000,54618.03787986985,nan,0,nan,nan,nan,nan,0.03313429653644562
15.77609728401876,rising,0,0.009773886762559414,-0.010123904794454575,1.5978455543518066,0.00982628483325243,0.02109227515757084,0.28788039088249207,0.018459932878613472,-0.01507838536053896,1.6102309984882595,0.39525615175997386,55280,0.6189222100256941,0.015687413702560882,0.0038181952133355956,0.9530149982310832,0.0,0.0,0.3,0.0,-1.0,0.1,0.0,0.0,0.0,3.6105573177337646,55280,nan,1.0020759105682373,55165.48139417194,52000,54625.33712672721,nan,0,nan,nan,nan,nan,0.03313429653644562
15.796529347018804,rising,0,0.009704895317554474,-0.009814589284360409,1.602427363395691,0.010445251129567623,0.020870590582489967,0.2876046895980835,0.018459932878613472,-0.01507838536053896,1.616275828387006,0.3972372633590029,55557,0.6711942838787035,0.015809035140553603,0.003556986990785216,1.1749769910238683,0.0,0.0,0.3,0.0,-1.0,0.1,0.0,0.0,0.0,3.6105573177337646,55557,nan,1.000501275062561,55529.16461453389,52000,54635.33712672721,nan,0,nan,nan,nan,nan,0.03313429653644562
15.816723461000947,rising,0,0.009606877341866493,-0.009306788444519043,1.6093440055847168,0.010659139603376389,0.02014419250190258,0.28773608803749084,0.018459932878613472,-0.01507838536053896,1.6223546491906744,0.39613835126462354,55404,0.6421992418106459,0.01599892494598861,0.003557840999073525,1.1183269962202758,0.0,0.0,0.3,0.0,-1.0,0.1,0.0,0.0,0.0,3.6105573177337646,55404,nan,0.9960504174232483,55623.69035829375,52000,54645.33712672721,nan,0,nan,nan,nan,nan,0.03313429653644562
15.837099131022114,rising,0,0.009592837654054165,-0.009020763449370861,1.6140600442886353,0.011010382324457169,0.0190139003098011,0.2862427532672882,0.018459932878613472,-0.01507838536053896,1.6283062984934076,0.3984414867296633,55726,0.7029679875900587,0.01562617817111134,0.0033750606369102876,1.2111060204915702,0.0,0.0,0.3,0.0,-1.0,0.1,0.0,0.0,0.0,3.6105573177337646,55726,nan,1.0116896629333496,55082.10871545818,52000,54651.16074791029,nan,0,nan,nan,nan,nan,0.03313429653644562
15.8564354290138,rising,0,0.009532290510833263,-0.008734631352126598,1.6186472177505493,0.010768445208668709,0.01721089705824852,0.2860991060733795,0.018459932878613472,-0.01507838536053896,1.6342477732920087,0.4002180582365882,55974,0.7498432252397915,0.014941707144554714,0.0035414965392763786,1.1761710047721863,0.0,0.0,0.3,0.0,-1.0,0.1,0.0,0.0,0.0,3.6105573177337646,55974,nan,1.0103038549423218,55403.13414244624,52000,54661.16074791029,nan,0,nan,nan,nan,nan,0.03313429653644562
15.876253717025975,rising,0,0.009497043676674366,-0.008490302599966526,1.6256577968597412,0.010744129307568073,0.014954740181565285,0.28748050332069397,0.018459932878613472,-0.01507838536053896,1.6403100103954784,0.39835172319787443,55713,0.700599556672147,0.01412421349273977,0.0036056902679475478,0.8930210024118423,0.0,0.0,0.3,0.0,-1.0,0.1,0.0,0.0,0.0,3.6105573177337646,55713,nan,1.0140833854675293,54939.269096016484,52000,54664.868859218375,nan,0,nan,nan,nan,nan,0.03313429653644562
15.89657916899887,rising,0,0.00943993590772152,-0.00824232678860426,1.6303578615188599,0.01035970076918602,0.012138797901570797,0.2882767617702484,0.018459932878613472,-0.01507838536053896,1.6463045449898344,0.3995816043677069,55885,0.7330502471690465,0.01291942547906462,0.003844177011580907,0.9832129871938378,0.0,0.0,0.3,0.0,-1.0,0.1,0.0,0.0,0.0,3.6105573177337646,55885,nan,1.0183866024017334,54876.01650316534,52000,54667.684161137666,nan,0,nan,nan,nan,nan,0.03313429653644562
15.91675509000197,rising,0,0.009386141784489155,-0.008121497929096222,1.6350953578948975,0.009845270775258541,0.008895283564925194,0.29108235239982605,0.018459932878613472,-0.01507838536053896,1.65229634391297,0.3986045521514276,55749,0.7072705053147104,0.011444803706678195,0.004165700256044458,1.2670749856624752,0.0,0.0,0.2976947995048251,0.0,-1.0,0.1,0.0,0.0,0.0,3.6105573177337646,55749,nan,1.011407732963562,55120.2034382789,52000,54673.71775149956,nan,0,nan,nan,nan,nan,0.03313429653644562
15.936086170026101,rising,0,0.009322191588580608,-0.008014213293790817,1.6422648429870605,0.00933234766125679,0.005527513101696968,0.292317271232605,0.018459932878613472,-0.01507838536053896,1.6581325971912024,0.3933602072815648,55015,0.5688972897510478,0.009994090551521567,0.004547061736818181,0.8640320156700909,0.0,0.0,0.2917540774098599,0.0,-1.0,0.1,0.0,0.0,0.0,3.6000001430511475,55015,nan,1.012511134147644,54335.20496178339,52000,54669.20424763668,nan,0,nan,nan,nan,nan,0.03313429653644562
15.956481933011673,rising,0,0.00928246509283781,-0.007999341003596783,1.6470552682876587,0.008476468734443188,0.002107063075527549,0.29335835576057434,0.018459932878613472,-0.01507838536053896,1.6639595844451889,0.3911198300762186,54702,0.5097844347287221,0.00831742376454427,0.005051397596563589,1.078620000043884,0.0,0.0,0.28569957881118185,0.0,-1.0,0.1,0.0,0.0,0.0,3.6000001430511475,54702,nan,1.0268032550811768,53274.081212057885,52000,54659.20424763668,nan,0,nan,nan,nan,nan,0.03313429653644562
15.977328885026509,rising,0,0.00919785350561142,-0.008018579334020615,1.6543811559677124,0.008201221004128456,-0.0011793181765824556,0.2976362407207489,0.018459932878613472,-0.01507838536053896,1.6696121187815331,0.38390096539140495,53692,0.3193130710133225,0.006741623595771625,0.005377942976509953,1.1625800107140094,0.0,0.0,0.2797011418122567,0.0,-1.0,0.1,0.0,0.0,0.0,3.6000001430511475,53692,nan,1.0214149951934814,52566.29308621947,52000,54649.20424763668,nan,0,nan,nan,nan,nan,0.03313429653644562
15.996718706010142,rising,0,0.009155896492302418,-0.008063701912760735,1.6593164205551147,0.00765434792265296,-0.00433118874207139,0.3003039062023163,0.018459932878613472,-0.01507838536053896,1.6751739689113945,0.3803479502588045,53195,0.2255659698893009,0.005099741466461647,0.005759876139657116,1.0419010068289936,0.0,0.0,0.2736706390045585,0.0,-1.0,0.1,0.0,0.0,0.0,3.6000001430511475,53195,nan,1.0195212364196777,52176.45116133972,52000,54639.20424763668,nan,0,nan,nan,nan,nan,0.03313429653644562
16.016768288012827,rising,0,0.009103743359446526,-0.00810718908905983,1.6642234325408936,0.007556854281574488,-0.0073258718475699425,0.3018571436405182,0.018459932878613472,-0.01507838536053896,1.6805467394033664,0.3771902914805741,52754,0.14225043484364264,0.0035083882968715927,0.005915099121750478,1.3223470014054328,0.0,0.0,0.2677161862084178,0.0,-1.0,0.1,0.0,0.0,0.0,3.6000001430511475,52754,nan,1.0113224983215332,52163.38021506938,52000,54629.20424763668,nan,0,nan,nan,nan,nan,0.03313429653644562
16.03649326300365,rising,0,0.008959867991507053,-0.008337886072695255,1.6717228889465332,0.0071838428266346455,-0.01017210353165865,0.3030799627304077,0.018459932878613472,-0.01507838536053896,1.6858682854861333,0.3708542367648515,51867,-0.024927789845607506,0.0017845091999356332,0.006372512837107713,1.0545169934630394,0.0,0.0,0.26168497990584016,0.0,-1.0,0.1,0.0,0.0,0.0,3.6000001430511475,51867,nan,0.9933596253395081,52213.71865428195,52000,54619.20424763668,nan,0,nan,nan,nan,nan,0.03313429653644562
16.05710743702366,rising,0,0.008939567022025585,-0.008482659235596657,1.6766095161437988,0.007107915356755257,-0.012879387475550175,0.3008410930633545,0.018459932878613472,-0.01507838536053896,1.6910234617038504,0.3693342339272966,51655,-0.06503340561222792,0.00016899126182378014,0.006461843124166311,1.3063880032859743,0.0,0.0,0.2557067128131168,0.0,-1.0,0.1,0.0,0.0,0.0,3.6000001430511475,51655,nan,0.9936890602111816,51983.06197415732,52000,54609.20424763668,nan,0,nan,nan,nan,nan,0.03313429653644562
16.076699440018274,rising,0,0.008903998881578445,-0.008708232082426548,1.6815587282180786,0.0067391046322882175,-0.01534875575453043,0.2996934652328491,0.018459932878613472,-0.01507838536053896,1.6960831481209437,0.36705832586916204,51336,-0.12508375015403672,-0.0014213051007357694,0.006741629987979225,1.2207129911985248,0.0,0.0,0.2497000423056308,0.0,-1.0,0.1,0.0,0.0,0.0,3.6000001430511475,51336,nan,0.9982200860977173,51427.536587331946,52000,54599.20424763668,nan,0,nan,nan,nan,nan,0.03313429653644562
16.096543000021484,rising,0,0.008843782357871532,-0.009010360576212406,1.6889145374298096,0.006764545571058989,-0.01735103316605091,0.29857563972473145,0.018459932878613472,-0.01507838536053896,1.7010111947964375,0.3615996868541772,50573,-0.2691111647974367,-0.0028844686640809927,0.0068959430771518004,1.18583400035277,0.0,0.0,0.24370737190765812,0.0,-1.0,0.1,0.0,0.0,0.0,3.6000001430511475,50573,nan,0.9814733266830444,51527.635672907054,52000,54589.20424763668,nan,0,nan,nan,nan,nan,0.03313429653644562
16.116736757016042,rising,0,0.0087988106533885,-0.009300059638917446,1.6937395334243774,0.006812866777181625,-0.01901104487478733,0.2956840693950653,0.018459932878613472,-0.01507838536053896,1.7058376652928071,0.36005331399869,50357,-0.30991255940132056,-0.004140828268053827,0.006948681128576606,1.2220870121382177,0.0,0.0,0.23769181901006975,0.0,-1.0,0.1,0.0,0.0,0.0,3.6000001430511475,50357,nan,0.9737658500671387,51713.66401535648,52000,54579.20424763668,nan,0,nan,nan,nan,nan,0.03313429653644562
16.136060966004152,rising,0,0.00875878520309925,-0.00965540949255228,1.7008986473083496,0.006560067646205425,-0.020054051652550697,0.2902182936668396,0.018459932878613472,-0.01507838536053896,1.7104866481632377,0.356689383923262,49886,-0.3986706088849097,-0.005163248463107589,0.007200852768519672,0.8527099853381515,0.0,0.0,0.23174988910905103,0.0,-1.0,0.1,0.0,0.0,0.0,3.6263930797576904,49886,nan,0.9636842012405396,51765.92076095294,52000,54569.20424763668,nan,0,nan,nan,nan,nan,0.03313429653644562
16.156128865026403,rising,0,0.008758720010519028,-0.009975718334317207,1.7055763006210327,0.006849655415862799,-0.02052753046154976,0.2835242450237274,0.018459932878613472,-0.01507838536053896,1.715057005140125,0.3569156505903048,49918,-0.39270051212916357,-0.005784285066488835,0.007034084280252539,0.9159920155070722,0.0,0.0,0.22575605621095762,0.0,-1.0,0.1,0.0,0.0,0.0,3.6263930797576904,49918,nan,0.9718165993690491,51365.6589447116,52000,54559.20424763668,nan,0,nan,nan,nan,nan,0.03313429653644562
16.176765386015177,rising,0,0.008688721805810928,-0.010239819064736366,1.7123650312423706,0.0070257410407066345,-0.020243411883711815,0.2776298224925995,0.018459932878613472,-0.01507838536053896,1.7195392519870354,0.3539687746471155,49506,-0.4704544947990641,-0.005970360706796626,0.007072254019389268,1.3692369975615293,0.0,0.0,0.2197190224076623,0.0,-1.0,0.1,0.0,0.0,0.0,3.6263930797576904,49506,nan,0.954731822013855,51853.30462283635,52000,54549.20424763668,nan,0,nan,nan,nan,nan,0.03313429653644562
16.196353757026372,rising,0,0.008662041276693344,-0.010517335496842861,1.7167518138885498,0.007509956136345863,-0.019332075491547585,0.2684021592140198,0.018459932878613472,-0.01507838536053896,1.7238522598881794,0.35551140909161,49722,-0.42975173900765284,-0.00574398888478473,0.006799174303688593,1.0978510254062712,0.0,0.0,0.21374902120733186,0.0,-1.0,0.1,0.0,0.0,0.0,3.6263930797576904,49722,nan,0.9585661292076111,51871.22566191879,52000,54539.20424763668,nan,0,nan,nan,nan,nan,0.03313429653644562
16.216685602004873,rising,0,0.008643829263746738,-0.010754453018307686,1.7209935188293457,0.008073919452726841,-0.017871322110295296,0.25975579023361206,0.018459932878613472,-0.01507838536053896,1.7281177520571307,0.35683314883366957,49906,-0.394877339481015,-0.005169750676024983,0.00647830430685814,1.173793978523463,0.0,0.0,0.2076760669064244,0.0,-1.0,0.1,0.0,0.0,0.0,3.6263930797576904,49906,nan,0.9602699875831604,51970.80055121278,52000,54529.20424763668,nan,0,nan,nan,nan,nan,0.03313429653644562
16.23647007200634,rising,0,0.008573430590331554,-0.011017163284122944,1.727121353149414,0.008598347194492817,-0.015884878113865852,0.25052928924560547,0.018459932878613472,-0.01507838536053896,1.7321670384159624,0.3558843030704141,49774,-0.41991284774633186,-0.0043624355365243245,0.006279979609827846,1.1805509857367724,0.0,0.0,0.20174185720970872,0.0,-1.0,0.1,0.0,0.0,0.0,3.6263930797576904,49774,nan,0.9485997557640076,52471.02341905174,52000,54519.20424763668,nan,0,nan,nan,nan,nan,0.03313429653644562
16.2565078860207,rising,0,0.008565215393900871,-0.011121533811092377,1.7310024499893188,0.008544362150132656,-0.013252776116132736,0.24089083075523376,0.018459932878613472,-0.01507838536053896,1.7361395462138143,0.3578229753282365,50045,-0.36876054542911874,-0.002984261365277561,0.006285312925504272,1.2566329969558865,0.0,0.0,0.19574542720511107,0.0,-1.0,0.1,0.0,0.0,0.0,3.6263930797576904,50045,nan,0.9519103169441223,52573.2299663033,52000,54509.20424763668,nan,0,nan,nan,nan,nan,0.03313429653644562
16.276276807009708,rising,0,0.008526258170604706,-0.011229815892875195,1.736484408378601,0.009102921932935715,-0.010389895178377628,0.23041750490665436,0.018459932878613472,-0.01507838536053896,1.7400551858102185,0.35805550469391495,50077,-0.36262520596530656,-0.001504127656012546,0.0060127506510037065,0.792222999734804,0.0,0.0,0.18964938310964516,0.0,-1.0,0.1,0.0,0.0,0.0,3.6263930797576904,50077,nan,0.9361817836761475,53490.679773067546,52000,54499.20424763668,nan,0,nan,nan,nan,nan,0.03313429653644562
16.295828669011826,rising,0,0.008488656021654606,-0.01135348528623581,1.7399672269821167,0.009548807516694069,-0.007660773582756519,0.2179969996213913,0.018459932878613472,-0.01507838536053896,1.7437064300853844,0.3615458713171805,50565,-0.27053109981054213,-0.00011670824569699195,0.005749645778774459,0.7631639891769737,0.0,0.0,0.18378286630904786,0.0,-1.0,0.1,0.0,0.0,0.0,3.6263930797576904,50565,nan,0.9509064555168152,53175.577583515354,52000,54489.20424763668,nan,0,nan,nan,nan,nan,0.03313429653644562
16.315743602026487,rising,0,0.00843450054526329,-0.011372518725693226,1.7432762384414673,0.009510055184364319,-0.00499051995575428,0.20776663720607758,0.018459932878613472,-0.01507838536053896,1.7473277414688166,0.3640511559443478,50916,-0.204428603051511,0.0013301727439708633,0.005790872092224841,0.6743989943061024,0.0,0.0,0.17777332510449942,0.0,-1.0,0.1,0.0,0.0,0.0,3.6263930797576904,50916,nan,0.9409340023994446,54112.19051512731,52000,54484.177397869884,nan,0,nan,nan,nan,nan,0.03313429653644562
16.335732334002387,rising,0,0.008368068374693394,-0.011397674679756165,1.7479312419891357,0.009486769326031208,-0.0026783549692481756,0.19452309608459473,0.018459932878613472,-0.01507838536053896,1.7508156472450136,0.3662245613288933,51220,-0.14708281454107563,0.0025575299428223157,0.005841782148484631,0.7070999999996275,0.0,0.0,0.17178652931179403,0.0,-1.0,0.1,0.0,0.0,0.0,3.6263930797576904,51220,nan,0.948195219039917,54018.412001551915,52000,54477.967192585646,nan,0,nan,nan,nan,nan,0.03313429653644562
16.356161003001034,rising,0,0.008324931375682354,-0.011406649835407734,1.7508448362350464,0.008973352611064911,-0.0005251636612229049,0.18321718275547028,0.018459932878613472,-0.01507838536053896,1.7542118505124005,0.3694675990142979,51673,-0.061514537881324216,0.003690959843611634,0.006115134767637587,0.894711003638804,0.0,0.0,0.16574947870976775,0.0,-1.0,0.1,0.0,0.0,0.0,3.6263930797576904,51673,nan,0.9460897445678711,54617.44014950904,52000,54479.82683201129,nan,0,nan,nan,nan,nan,0.03313429653644562
16.375730269006453,rising,0,0.008257875218987465,-0.011377810500562191,1.7548980712890625,0.008683296851813793,0.0011672242544591427,0.17148004472255707,0.018459932878613472,-0.01507838536053896,1.7574594320212937,0.3713405467651434,51935,-0.012096391421019703,0.004614941834506689,0.0063127479168165745,0.6329190218821168,0.0,0.0,0.15976339000917522,0.0,-1.0,0.1,0.0,0.0,0.0,3.6263930797576904,51935,nan,0.943199098110199,55062.60566200431,52000,54487.5972164112,nan,0,nan,nan,nan,nan,0.03313429653644562
16.39623912802199,rising,0,0.008222787640988827,-0.01130969263613224,1.7574199438095093,0.008562229573726654,0.002704830840229988,0.1601090431213379,0.018459932878613472,-0.01507838536053896,1.760606831742162,0.3748011241025885,52419,0.07921171774639646,0.005465551487320924,0.006356513016730236,0.9700180089566857,0.0,0.0,0.15373971820808965,0.0,-1.0,0.1,0.0,0.0,0.0,3.6263930797576904,52419,nan,0.942333996295929,55626.77374056919,52000,54497.5972164112,nan,0,nan,nan,nan,nan,0.03313429653644562
16.41598068602616,rising,0,0.008158233016729355,-0.01118843536823988,1.759828805923462,0.008274128660559654,0.004320092499256134,0.14884695410728455,0.018459932878613472,-0.01507838536053896,1.7635995950749044,0.37819079255115173,52893,0.16864887997761713,0.0063990623300131215,0.006520179055115483,0.932906026719138,0.0,0.0,0.14778444760886503,0.0,-1.0,0.1,0.0,0.0,0.0,3.6263930797576904,52893,nan,0.9624228477478027,54958.17158100168,52000,54503.73820793907,nan,0,nan,nan,nan,nan,0.03313429653644562
16.43590207400848,rising,0,0.008045545779168606,-0.010995963588356972,1.7631407976150513,0.008429418317973614,0.005976551678031683,0.14128634333610535,0.018459932878613472,-0.01507838536053896,1.7664966795957744,0.37845725494206817,52931,0.17567954992264134,0.007473409627075258,0.006552626195489353,0.8451020112261176,0.0,0.0,0.14178149471117665,0.0,-1.0,0.1,0.0,0.0,0.0,3.6263930797576904,52931,nan,0.9655820727348328,54817.712025330715,52000,54507.92452550429,nan,0,nan,nan,nan,nan,0.03313429653644562
16.45781639200868,rising,0,0.007930581457912922,-0.010791731998324394,1.7662200927734375,0.008675677701830864,0.007623451761901379,0.13378667831420898,0.018459932878613472,-0.01507838536053896,1.7694378118303182,0.378857772399685,52987,0.1862472928676766,0.008550597672469375,0.006537077624849452,1.191696006571874,0.0,0.0,0.1354153348103866,0.0,-1.0,0.1,0.0,0.0,0.0,3.6263930797576904,52987,nan,0.9523195624351501,55639.93651932173,52000,54517.92452550429,nan,0,nan,nan,nan,nan,0.03313429653644562
16.47576628200477,rising,0,0.007870993576943874,-0.010641495697200298,1.7681794166564941,0.008534952998161316,0.009096182882785797,0.12479279935359955,0.018459932878613472,-0.01507838536053896,1.7719286708271849,0.3812084992647328,53316,0.24827174840983623,0.009428238779755144,0.006633125096290993,0.7201789994724095,0.0,0.0,0.12977980391297042,0.0,-1.0,0.1,0.0,0.0,0.0,3.6263930797576904,53316,nan,0.9637033343315125,55324.07962143605,52000,54527.92452550429,nan,0,nan,nan,nan,nan,0.03313429653644562
16.496032185998047,rising,0,0.007793492171913385,-0.01052536815404892,1.7699980735778809,0.008755402639508247,0.010051455348730087,0.11791900545358658,0.018459932878613472,-0.01507838536053896,1.7744667747464065,0.3825482647203156,53503,0.28362176043049026,0.01001610831786388,0.006575677149787351,0.9164070070255548,0.0,0.0,0.12377372561313695,0.0,-1.0,0.1,0.0,0.0,0.0,3.6263930797576904,53503,nan,0.9677180647850037,55287.797083633726,52000,54537.92452550429,nan,0,nan,nan,nan,nan,0.03313429653644562
16.51635791201261,rising,0,0.007750054355710745,-0.010407889261841774,1.7717951536178589,0.008578083477914333,0.0103937778621912,0.11148885637521744,0.018459932878613472,-0.01507838536053896,1.7768865476839366,0.38354277177306617,53642,0.3098620520597919,0.010291191673970648,0.006696395024099466,1.1583919986151159,0.0,0.0,0.11776277590834087,0.0,-1.0,0.1,0.0,0.0,0.0,3.6263930797576904,53642,nan,0.9636148810386658,55667.46742451726,52000,54547.92452550429,nan,0,nan,nan,nan,nan,0.03313429653644562
16.53579166100826,rising,0,0.0076383911073207855,-0.010224965400993824,1.7743130922317505,0.008710219524800777,0.01011074148118496,0.10440311580896378,0.018459932878613472,-0.01507838536053896,1.7791737521497877,0.3838131623393143,53680,0.31699636779193163,0.010327099560538662,0.0067391966624072985,0.7572250033263117,0.0,0.0,0.11178438491188007,0.0,-1.0,0.1,0.0,0.0,0.0,3.605278730392456,53680,nan,0.9912012815475464,54156.50786507287,52000,54542.70563669854,nan,0,nan,nan,nan,nan,0.03313429653644562
16.5567168170237,rising,0,0.007516435347497463,-0.010035558603703976,1.7767060995101929,0.008917363360524178,0.009367167018353939,0.10159413516521454,0.018459932878613472,-0.01507838536053896,1.781378036889533,0.3819452983415878,53419,0.26771235729782994,0.010186592517845247,0.006791407805649019,1.0293749801348895,0.0,0.0,0.10570325381122547,0.0,-1.0,0.1,0.0,0.0,0.0,3.605278730392456,53419,nan,0.9784975647926331,54592.879862016576,52000,54543.37462636945,nan,0,nan,nan,nan,nan,0.03313429653644562
16.576074233016698,rising,0,0.007498675025999546,-0.010011490434408188,1.7782652378082275,0.008887240663170815,0.00833017099648714,0.09677980840206146,0.018459932878613472,-0.01507838536053896,1.7834096408858489,0.3819800921769147,53423,0.2686304004462965,0.009667874806909515,0.006825160008526288,0.9128769743256271,0.0,0.0,0.09977081471297441,0.0,-1.0,0.1,0.0,0.0,0.0,3.605278730392456,53423,nan,0.9842489957809448,54277.93193490833,52000,54539.835390483306,nan,1,nan,nan,nan,nan,0.03313429653644562
16.59594504200504,rising,0,0.007446093484759331,-0.009934348054230213,1.7797611951828003,0.009600314311683178,0.007207783404737711,0.09406507760286331,0.018459932878613472,-0.01507838536053896,1.785341495737897,0.38089104198124735,53271,0.23989556678752777,0.009187129505712925,0.006525463349385641,0.9151410195045173,0.0,0.0,0.09378220810613147,0.0,-1.0,0.1,0.0,0.0,0.0,3.605278730392456,53271,nan,0.9969705939292908,53432.8698603303,52000,54529.835390483306,nan,2,nan,nan,nan,nan,0.03313429653644562
16.616301365022082,rising,0,0.007394531741738319,-0.009814975783228874,1.781253457069397,0.010199664160609245,0.0059868162497878075,0.09345004707574844,0.018459932878613472,-0.01507838536053896,1.787163602840981,0.3786034716340357,52951,0.17953751013286556,0.00872373029303685,0.006302751031539433,1.1118360271211714,0.0,0.0,0.08776011790905631,0.0,-1.0,0.1,0.0,0.0,0.0,3.605278730392456,52951,nan,0.9824720025062561,53895.68340362231,52000,54521.38003065849,nan,3,nan,nan,nan,nan,0.03313429653644562
16.636014479008736,rising,0,0.007358400616794825,-0.009785832837224007,1.7833830118179321,0.01131832879036665,0.004844828974455595,0.09014664590358734,0.018459932878613472,-0.01507838536053896,1.7888504618164576,0.3767195783116848,52688,0.1298305623135807,0.008191963002556023,0.005778726108428112,0.99926398252137,0.0,0.0,0.08179072630882746,0.0,-1.0,0.1,0.0,0.0,0.0,3.605278730392456,52688,nan,0.9847689867019653,53502.90343368187,52000,54511.38003065849,nan,4,nan,nan,nan,nan,0.03313429653644562
16.656290621001972,rising,0,0.0073580448515713215,-0.009727774187922478,1.7854669094085693,0.012555878609418869,0.003889672225341201,0.0870797410607338,0.018459932878613472,-0.01507838536053896,1.7904501960180301,0.37460284609555505,52392,0.07398010806213762,0.007790242855846443,0.00515102338918938,0.6764580029994249,0.0,0.0,0.07569598661211803,0.0,-1.0,0.1,0.0,0.0,0.0,3.605278730392456,52392,nan,0.9911971688270569,52857.29383387828,52000,54501.38003065849,nan,5,nan,nan,nan,nan,0.03313429653644562
16.675988224014873,rising,0,0.007409507874399424,-0.009727024473249912,1.7868813276290894,0.013276318088173866,0.002889222465455532,0.08441565930843353,0.018459932878613472,-0.01507838536053896,1.791886898667324,0.37300252800737593,52168,0.031755356395141376,0.007288002464612385,0.004731638091215684,0.881267013028264,0.0,0.0,0.06977005661174207,0.0,-1.0,0.1,0.0,0.0,0.0,3.605278730392456,52168,nan,0.9857041835784912,52924.60037108677,52000,54491.38003065849,nan,6,nan,nan,nan,nan,0.03313429653644562
16.696309087012196,rising,0,0.007424025796353817,-0.009710593149065971,1.7881581783294678,0.014467763714492321,0.0018439949490129948,0.08141785860061646,0.018459932878613472,-0.01507838536053896,1.7932237571873708,0.3715756241241882,51968,-0.005893822580787855,0.006771047423225053,0.004092879718940123,1.0915629973169416,0.0,0.0,0.06376320010458603,0.0,-1.0,0.1,0.0,0.0,0.0,3.605278730392456,51968,nan,0.9874162077903748,52630.28861587477,52000,54481.38003065849,nan,7,nan,nan,nan,nan,0.03313429653644562
16.717599814001005,rising,0,0.007518956437706947,-0.00979243591427803,1.7900949716567993,0.015344594605267048,0.0005704742507077754,0.07775893062353134,0.018459932878613472,-0.01507838536053896,1.7944856776620508,0.36944187942196044,51670,-0.06219315509339296,0.0060320776362776315,0.0035390529809000704,1.1700720060616732,0.0,0.0,0.057520373805891895,0.0,-1.0,0.1,0.0,0.0,0.0,3.605278730392456,51670,nan,0.9780184030532837,52831.31671008542,52000,54471.38003065849,nan,8,nan,nan,nan,nan,0.03313429653644562
16.73605751202558,rising,0,0.007615488953888416,-0.00985927227884531,1.791274070739746,0.016395477578043938,-0.0007084200624376535,0.073373943567276,0.018459932878613472,-0.01507838536053896,1.7955319603063666,0.36859838198201417,51552,-0.08444902422126255,0.0052793999692644315,0.002872187078473365,0.9279189980588853,0.0,0.0,0.0517766725097319,0.0,-1.0,0.1,0.0,0.0,0.0,3.6158359050750732,51552,nan,0.99122154712677,52008.5546459644,52000,54461.38003065849,nan,9,nan,nan,nan,nan,0.03313429653644562
16.756253076018766,rising,0,0.007642289157956839,-0.009950886480510235,1.7924504280090332,0.0170546006411314,-0.002134128473699093,0.0717451274394989,0.018459932878613472,-0.01507838536053896,1.7965098459603808,0.36615914216873185,51211,-0.14880891375377736,0.004435733210389996,0.002502022236738677,1.0355619888287038,0.0,0.0,0.04576125461317151,0.0,-1.0,0.1,0.0,0.0,0.0,3.6158359050750732,51211,nan,0.9815965890884399,52171.1266820488,52000,54451.38003065849,nan,10,nan,nan,nan,nan,0.03313429653644562
16.776257964025717,rising,0,0.007776349317282438,-0.010069112293422222,1.7941378355026245,0.0177961103618145,-0.003546046791598201,0.06706397235393524,0.018459932878613472,-0.01507838536053896,1.7973675867435848,0.36445462379432225,50972,-0.1937830133424221,0.0035518964270594405,0.0019596727896249444,1.038415008224547,0.0,0.0,0.03974226910795568,0.0,-1.0,0.1,0.0,0.0,0.0,3.6158359050750732,50972,nan,0.970781683921814,52506.141024499644,52000,54441.38003065849,nan,11,nan,nan,nan,nan,0.03313429653644562
16.796068814001046,rising,0,0.007925575599074364,-0.010262995027005672,1.7950886487960815,0.01829693280160427,-0.004967297427356243,0.06051772087812424,0.018459932878613472,-0.01507838536053896,1.798102205168692,0.3644601446660946,50973,-0.19363734390251786,0.0025591241143108705,0.0015210348054863765,0.7782509783282876,0.0,0.0,0.03374428690585791,0.0,-1.0,0.1,0.0,0.0,0.0,3.6158359050750732,50973,nan,0.9742100238800049,52322.39327305303,52000,54431.38003065849,nan,12,nan,nan,nan,nan,0.03313429653644562
16.81586073100334,rising,0,0.008002922870218754,-0.01039655040949583,1.7960755825042725,0.01837388053536415,-0.0064929635263979435,0.05564514175057411,0.018459932878613472,-0.01507838536053896,1.7987155440852731,0.363439634628075,50830,-0.2205637301299479,0.0015797453556443141,0.0013978334042943352,0.7271030044648796,0.0,0.0,0.027761007705703555,0.0,-1.0,0.1,0.0,0.0,0.0,3.6158359050750732,50830,nan,0.9734389781951904,52216.93515318405,52000,54421.38003065849,nan,13,nan,nan,nan,nan,0.03313429653644562
16.835835356003372,rising,0,0.00814935564994812,-0.01066812314093113,1.7972984313964844,0.01852717436850071,-0.007768770679831505,0.049874212592840195,0.018459932878613472,-0.01507838536053896,1.7992089966264402,0.3624269362282043,50689,-0.2472840045328688,0.0005803953379177277,0.001155532520083602,0.7944130047690123,0.0,0.0,0.0217853626119906,0.0,-1.0,0.1,0.0,0.0,0.0,3.6158359050750732,50689,nan,0.9666101336479187,52439.96336837819,52000,54411.38003065849,nan,14,nan,nan,nan,nan,0.03313429653644562
16.85609959901194,nav_to_wp,0,0.008267056196928024,-0.010914109647274017,1.7980314493179321,0.018198972567915916,-0.008886068128049374,0.043865397572517395,0.018459932878550404,-0.015078385367320498,1.7992089966264428,0.3536235528758528,49457,-0.4795632486582395,-0.0003141759103858793,0.0012367742904599854,0.9408810001332313,-1.8759321441795977e-08,-2.017113650988915e-06,8.038320964506674e-10,0.0,-1.0,0.1,0.0,0.0,0.0,3.6158359050750732,49457,nan,0.9730023741722107,50829.26960180948,52000,54401.38003065849,nan,15,nan,nan,nan,nan,0.03313429653644562
16.875701884011505,nav_to_wp,0,0.008440537378191948,-0.011229990050196648,1.7989119291305542,0.0181265976279974,-0.009673596359789371,0.03821874409914017,0.01845937706281919,-0.015138149975669557,1.799209020443004,0.3553486656876622,49699,-0.4340457602199965,0.0023249384851537136,0.0010442658364482327,0.6866100011393428,-5.568972044703251e-05,-0.0059880894776496415,2.386290190537085e-06,0.0,-1.0,0.1,0.0,0.0,0.0,3.6158359050750732,49699,nan,0.9552055597305298,52029.63853562623,52000,54391.38003065849,nan,16,nan,nan,nan,nan,0.03313429653644562
16.89608477600268,nav_to_wp,0,0.008521403186023235,-0.01149338111281395,1.7993701696395874,0.017932845279574394,-0.010226535610854626,0.030003169551491737,0.018457703608703434,-0.015318089700657438,1.799209092150082,0.3588887494633382,50194,-0.3406398558485968,0.005246905128250573,0.0010188260762737933,0.9716839995235205,-0.00011152979989827415,-0.011992346448397598,4.779023225712696e-06,0.0,-1.0,0.1,0.0,0.0,0.0,3.6158359050750732,50194,nan,0.9591584801673889,52331.28939363631,52000,54381.38003065849,nan,17,nan,nan,nan,nan,0.03313429653644562
16.91717173802317,nav_to_wp,0,0.008647376671433449,-0.011857832781970501,1.7998149394989014,0.01763737015426159,-0.010614554397761822,0.022225724533200264,0.01845484663782549,-0.015625288176692988,1.7992092145705492,0.3622298118419745,50661,-0.25248517567349715,0.008301263614433745,0.0009988717953930415,1.0742799786385149,-0.0001684643668631113,-0.018114289216649492,7.218654769201747e-06,0.0,-1.0,0.1,0.0,0.0,0.0,3.6158359050750732,50661,nan,0.9557304382324219,53007.624298013485,52000,54371.38003065849,nan,18,nan,nan,nan,nan,0.03313429653644562
16.935832334012957,nav_to_wp,0,0.008702561259269714,-0.01206029299646616,1.799971342086792,0.016755040735006332,-0.010969916358590126,0.012411641888320446,0.018451017918143964,-0.016036974855199684,1.7992093786302021,0.3669536036821865,51322,-0.1278468685438927,0.01142693020535962,0.0013728385582481017,0.8110780036076903,-0.00022303309283109871,-0.023981842710448075,9.556910634776906e-06,0.0,-1.0,0.1,0.0,0.0,0.0,3.631671667098999,51322,nan,0.94927978515625,54064.145052401465,52000,54367.28356428173,nan,19,nan,nan,nan,nan,0.03313429653644562
16.958490479999455,nav_to_wp,0,0.008815881796181202,-0.012521504424512386,1.7999190092086792,0.01619943603873253,-0.011111440137028694,0.0026279380545020103,0.018445417984785006,-0.016639112947349165,1.7992096185859057,0.37192922717362864,52018,0.003436073182811583,0.014908977742382697,0.0014922459447985759,0.9937519789673388,-0.0002845879633781554,-0.030600587959340002,1.2194520997822796e-05,0.0,-1.0,0.1,0.0,0.0,0.0,3.631671667098999,52018,nan,0.953655481338501,54545.90364959708,52000,54369.665165419276,nan,20,nan,nan,nan,nan,0.03313429653644562
16.975821494008414,nav_to_wp,0,0.008846883662045002,-0.012776704505085945,1.7997313737869263,0.015128886327147484,-0.011362370103597641,-0.006953345146030188,0.018439846389279316,-0.017238203985219996,1.7992098573273394,0.37697400367973255,52723,0.13654363271061953,0.01780503476143247,0.0019748098721528162,0.7408289820887148,-0.00033478162665285513,-0.03599770872933544,1.4345306552824087e-05,0.0,-1.0,0.1,0.0,0.0,0.0,3.631671667098999,52723,nan,0.9612390398979187,54848.99989663243,52000,54376.05629516878,nan,21,nan,nan,nan,nan,0.03313429653644562
16.995738905010512,nav_to_wp,0,0.008890502154827118,-0.013075297698378563,1.7993931770324707,0.014324329793453217,-0.011639116331934929,-0.014806212857365608,0.01843262077342202,-0.01801514511434199,1.7992101669431195,0.3813499255836893,53335,0.25200331355380534,0.021093281273480105,0.002291612669937493,0.7425149960909039,-0.000390379662423558,-0.04197593972608081,1.6727668078573634e-05,0.0,-1.0,0.1,0.0,0.0,0.0,3.631671667098999,53335,nan,0.9650084972381592,55268.943385103885,52000,54386.05629516878,nan,22,nan,nan,nan,nan,0.03313429653644562
17.01602258600178,nav_to_wp,0,0.00894661620259285,-0.013442598283290863,1.7989450693130493,0.013425088487565517,-0.012250086292624474,-0.022440047934651375,0.018424236914079243,-0.018916627461705013,1.7992105261893347,0.38575741533153424,53952,0.3682959190378412,0.024207268439045485,0.00263578433684164,0.9328319865744561,-0.00044629205622315665,-0.047987972365031155,1.9123499764967714e-05,0.0,-1.0,0.1,0.0,0.0,0.0,3.631671667098999,53952,nan,0.9632800221443176,56008.63586883043,52000,54396.05629516878,nan,23,nan,nan,nan,nan,0.03313429653644562
17.035823102021823,nav_to_wp,0,0.008941072970628738,-0.014029961079359055,1.7982041835784912,0.012117497622966766,-0.013449588790535927,-0.03000197932124138,0.01841472950850328,-0.019938920172678978,1.7992109335792172,0.390495388980265,54614,0.49330841636582967,0.026825764853182082,0.003240809265243838,0.7535880140494555,-0.0005022211558750723,-0.05400180131643686,2.1520047292834668e-05,0.0,-1.0,0.1,0.0,0.0,0.0,3.631671667098999,54614,nan,0.9788671731948853,55793.06518344829,52000,54406.05629516878,nan,24,nan,nan,nan,nan,0.03313429653644562
17.055980883014854,nav_to_wp,0,0.008922526612877846,-0.014406117610633373,1.797564148902893,0.011004937812685966,-0.015217103064060211,-0.03490752354264259,0.01840414473834821,-0.02107705752154914,1.7992113871338946,0.3937834307223938,55074,0.5800641351555083,0.029521653931894987,0.0037586064962498167,0.8847389835864305,-0.0005579310584564954,-0.05999206089703567,2.3907202282636926e-05,0.0,-1.0,0.1,0.0,0.0,0.0,3.631671667098999,55074,nan,0.982975423336029,56027.85043504899,52000,54416.05629516878,nan,25,nan,nan,nan,nan,0.03313429653644562
17.07725602501887,nav_to_wp,0,0.008951068855822086,-0.015092562884092331,1.7964719533920288,0.01069930661469698,-0.01712946780025959,-0.03901911899447441,0.018392417514238795,-0.02233803830450023,1.7992118896424298,0.39723972022178744,55558,0.6712591087542847,0.03190501010554722,0.0038111151659505627,0.8832699968479574,-0.0006137774151574236,-0.06599699283494984,2.6300204296346285e-05,0.0,-1.0,0.1,0.0,0.0,0.0,3.631671667098999,55558,nan,0.987016499042511,56288.826026612456,52000,54426.05629516878,nan,26,nan,nan,nan,nan,0.03313429653644562
17.095748713007197,nav_to_wp,0,0.008915298618376255,-0.01556491106748581,1.7956976890563965,0.00977412797510624,-0.020007548853754997,-0.0409354604780674,0.018379609720975337,-0.023715208300276798,1.7992124384530754,0.39920330661872955,55832,0.723068776219776,0.03421423935855197,0.004250992614024618,0.7329470245167613,-0.0006694682458906093,-0.07198520169716054,2.8686542062359323e-05,0.0,-1.0,0.1,0.0,0.0,0.0,3.631671667098999,55832,nan,0.9936953186988831,56186.23631346565,52000,54436.05629516878,nan,27,nan,nan,nan,nan,0.03313429653644562
17.116282711009262,nav_to_wp,0,0.008876798674464226,-0.016356462612748146,1.7945342063903809,0.009438004344701767,-0.02321684919297695,-0.042617689818143845,0.018365625369342477,-0.025218888839383308,1.7992130376789444,0.401533988149468,56158,0.7845643311205261,0.03612382675315483,0.004390297690715972,0.9227110131178051,-0.0007254086558620878,-0.0780002468012964,3.1083574234509065e-05,0.0,-1.0,0.1,0.0,0.0,0.0,3.631671667098999,56158,nan,0.9948618412017822,56448.0389881692,52000,54446.05629516878,nan,28,nan,nan,nan,nan,0.03313429653644562
17.1363597640011,nav_to_wp,0,0.008828195743262768,-0.016974877566099167,1.793784499168396,0.008934902027249336,-0.027069443836808205,-0.042954955250024796,0.01835053765314141,-0.026841209689625285,1.799213684183701,0.40267776603779587,56318,0.8147431672241634,0.03809043353584844,0.004633248828772585,1.157158985733986,-0.0007812837290579962,-0.08400826650729495,3.3477806742638715e-05,0.0,-1.0,0.1,0.0,0.0,0.0,3.5894429683685303,56318,nan,1.0061991214752197,55971.02879341659,52000,54456.05629516878,nan,29,nan,nan,nan,nan,0.03313429653644562
17.156218226009514,nav_to_wp,0,0.00883177574723959,-0.017662789672613144,1.7930030822753906,0.009172074496746063,-0.031419768929481506,-0.041371818631887436,0.018334186714130066,-0.028599359758570732,1.7992143848172302,0.40290085918540275,56349,0.8206295299578557,0.03998182960934869,0.004465186890832973,0.6654240132775158,-0.0008376391539900699,-0.09006793648472267,3.589262219905429e-05,0.0,-1.0,0.1,0.0,0.0,0.0,3.5894429683685303,56349,nan,1.022307276725769,55119.43549934787,52000,54464.90135122451,nan,30,nan,nan,nan,nan,0.03313429653644562
17.176178695022827,nav_to_wp,0,0.008850515820086002,-0.018399864435195923,1.7923026084899902,0.009335427545011044,-0.03670816496014595,-0.03638326749205589,0.018317061105291372,-0.03044080692803326,1.799215118645162,0.40131558474252566,56128,0.7788017082460588,0.04156529622459425,0.004338147730971853,1.0124629770871252,-0.0008928588620681949,-0.09600548744111509,3.8258772480531824e-05,0.0,-1.0,0.1,0.0,0.0,0.0,3.5894429683685303,56128,nan,1.0257256031036377,54720.2875994984,52000,54468.3065012015,nan,31,nan,nan,nan,nan,0.03313429653644562
17.195867294998607,nav_to_wp,0,0.008844790048897266,-0.019749687984585762,1.7913480997085571,0.010025428608059883,-0.04243096709251404,-0.03109901398420334,0.01829873285347823,-0.03241156941247364,1.7992159040060356,0.39988980238552396,55928,0.7411821209900769,0.04246005408097165,0.003968131449289203,0.8064239809755236,-0.0009484013173557815,-0.10197774209422937,4.063875239688235e-05,0.0,-1.0,0.1,0.0,0.0,0.0,3.5894429683685303,55928,nan,1.0269639492034912,54459.55531679327,52000,54468.18981874272,nan,32,nan,nan,nan,nan,0.03313429653644562
17.21576856201864,nav_to_wp,0,0.00885288417339325,-0.020656520500779152,1.7908194065093994,0.010408488102257252,-0.04906797036528587,-0.0262778140604496,0.01827917552105421,-0.034514489943571744,1.7992167420326974,0.3981671164707095,55687,0.695728666773336,0.043530857780291594,0.003737036629759105,0.7020849734544754,-0.0010042864147126551,-0.10798683965754731,4.303341443772984e-05,0.0,-1.0,0.1,0.0,0.0,0.0,3.5894429683685303,55687,nan,1.0278959274291992,54175.71809947237,52000,54464.290195819114,nan,33,nan,nan,nan,nan,0.03313429653644562
17.236081989016384,nav_to_wp,0,0.00887792743742466,-0.021695341914892197,1.7903430461883545,0.01101770717650652,-0.05608133599162102,-0.021552477031946182,0.01825846666033248,-0.036741229636040304,1.7992176294020503,0.3964243907602047,55444,0.6497464580528938,0.04441951986221579,0.003371703734917686,0.8947750029619783,-0.0010602559373386969,-0.1140050151271987,4.543169407963607e-05,0.0,-1.0,0.1,0.0,0.0,0.0,3.5894429683685303,55444,nan,1.0180295705795288,54462.07222491353,52000,54464.260622873706,nan,34,nan,nan,nan,nan,0.03313429653644562
17.25593413700699,nav_to_wp,0,0.008928408846259117,-0.023479586467146873,1.7897566556930542,0.011849083006381989,-0.06349852681159973,-0.017491228878498077,0.018236775235927965,-0.03907362041102112,1.7992185588740042,0.39513617876421814,55263,0.6157566956258069,0.044391880657974114,0.002860675869835516,0.854063022416085,-0.0011158748220325785,-0.11998548792398374,4.781494897637879e-05,0.0,-1.0,0.1,0.0,0.0,0.0,3.5894429683685303,55263,nan,1.0281389951705933,53750.51453118995,52000,54454.744008317924,nan,35,nan,nan,nan,nan,0.03313429653644562
17.277223076001974,nav_to_wp,0,0.008979071862995625,-0.025410499423742294,1.7893916368484497,0.011924266815185547,-0.07203946262598038,-0.013256741687655449,0.01821393865206726,-0.041529145531708334,1.799219537415746,0.3934756637436924,55031,0.5719436343982149,0.043815161636232114,0.002731499637888879,0.7565660052932799,-0.0011715802803027105,-0.12597526962583824,5.020191352858587e-05,0.0,-1.0,0.1,0.0,0.0,0.0,3.5894429683685303,55031,nan,1.0208114385604858,53909.0746059849,52000,54447.468416286814,nan,36,nan,nan,nan,nan,0.03313429653644562
17.296060552005656,nav_to_wp,0,0.009042358957231045,-0.026857323944568634,1.7891782522201538,0.011887265369296074,-0.08086839318275452,-0.008873927406966686,0.01818985675656122,-0.04411857395627261,1.7992205693187715,0.39156069017294454,54763,0.5214166272544727,0.04376298454912003,0.002645897938724273,0.8762410143390298,-0.0012275881584678904,-0.13199756931084713,5.260183669547415e-05,0.0,-1.0,0.1,0.0,0.0,0.0,3.5894429683685303,54763,nan,1.0275541543960571,53294.51471313144,52000,54437.468416286814,nan,37,nan,nan,nan,nan,0.03313429653644562
17.31582718100981,nav_to_wp,0,0.009158351458609104,-0.02845471352338791,1.7890021800994873,0.012192062102258205,-0.09013707935810089,-0.003755290526896715,0.0181647389529346,-0.04681938937410722,1.7992216456101933,0.38922687618810725,54437,0.45983842184979373,0.04348022218268506,0.0023314490974533086,0.7420559995807707,-0.001283403750969692,-0.137999193299366,5.4993520471167473e-05,0.0,-1.0,0.1,0.0,0.0,0.0,3.5894429683685303,54437,nan,1.0251991748809814,53098.95026624437,52000,54427.468416286814,nan,38,nan,nan,nan,nan,0.03313429653644562
17.335893666022457,nav_to_wp,0,0.009340408258140087,-0.031055336818099022,1.7889535427093506,0.012074276804924011,-0.09971891343593597,0.0008308081887662411,0.018138617803049033,-0.04962809054046753,1.7992227648947443,0.3869820779195749,54123,0.4006089160837689,0.04208269712091947,0.0021619410940503236,0.849805015604943,-0.0013389832589924583,-0.14397543208261893,5.737508808768568e-05,0.0,-1.0,0.1,0.0,0.0,0.0,3.594721555709839,54123,nan,1.0213499069213867,52991.633555967856,52000,54417.468416286814,nan,39,nan,nan,nan,nan,0.03313429653644562
17.356185453012586,nav_to_wp,0,0.009447732008993626,-0.03293517604470253,1.7890080213546753,0.01216810755431652,-0.10923082381486893,0.004012011922895908,0.018111096311900207,-0.05258736471592812,1.7992239441835578,0.38532655340015476,53891,0.35692753034708957,0.04158109372625894,0.001953394799224961,0.9488629875704646,-0.0013951490178349347,-0.1500147080356869,5.978177640096872e-05,0.0,-1.0,0.1,0.0,0.0,0.0,3.594721555709839,53891,nan,1.015089511871338,53089.899333755166,52000,54407.468416286814,nan,40,nan,nan,nan,nan,0.03313429653644562
17.37660999200307,nav_to_wp,0,0.009634020738303661,-0.03594166040420532,1.7890939712524414,0.011935603804886341,-0.11897601187229156,0.00660685496404767,0.01808177818039316,-0.05573982433275599,1.7992252004579485,0.3839089604062774,53693,0.31952402127380886,0.040026431249236584,0.0018271616749214736,0.6858390115667135,-0.0014525943352679015,-0.15619156972756348,6.224329347058588e-05,0.0,-1.0,0.1,0.0,0.0,0.0,3.594721555709839,53693,nan,1.0211812257766724,52579.30585157704,52000,54397.468416286814,nan,41,nan,nan,nan,nan,0.03313429653644562
17.396191588020884,nav_to_wp,0,0.009694376029074192,-0.03710583597421646,1.7891812324523926,0.011836189776659012,-0.12833130359649658,0.009999280795454979,0.01805280472523164,-0.0588552223019169,1.7992264419630464,0.38212122408021815,53443,0.2723541973672319,0.04043393809080461,0.0017656462444251009,0.8551549981348217,-0.0015072148473887477,-0.16206469157606979,6.458376835948493e-05,0.0,-1.0,0.1,0.0,0.0,0.0,3.594721555709839,53443,nan,1.0134296417236328,52734.79065513081,52000,54387.468416286814,nan,42,nan,nan,nan,nan,0.03313429653644562
17.416461622022325,nav_to_wp,0,0.00999071542173624,-0.04167706146836281,1.7894525527954102,0.011813284829258919,-0.13763360679149628,0.012035263702273369,0.018022129251272903,-0.06215363144025946,1.7992277563992118,0.3807318892609698,53249,0.235696286569123,0.03750441164598252,0.0014112706196736102,0.8072309719864279,-0.0015629650751832523,-0.16805928716306615,6.697265127429084e-05,0.0,-1.0,0.1,0.0,0.0,0.0,3.594721555709839,53249,nan,1.0140435695648193,52511.55038915341,52000,54377.468416286814,nan,43,nan,nan,nan,nan,0.03313429653644562
17.435660799004836,nav_to_wp,0,0.010111473500728607,-0.044113919138908386,1.7896358966827393,0.011634460650384426,-0.14712019264698029,0.013613909482955933,0.017990765521097133,-0.06552604597453604,1.7992291003269791,0.3797138705229169,53106,0.20883563385004855,0.036709077169232454,0.0013200164869990871,0.655951997032389,-0.0016179812709924209,-0.17397495527166318,6.933008110741334e-05,0.0,-1.0,0.1,0.0,0.0,0.0,3.594721555709839,53106,nan,1.010032296180725,52578.51674724839,52000,54367.468416286814,nan,44,nan,nan,nan,nan,0.03313429653644562
17.45623994601192,nav_to_wp,0,0.010269561782479286,-0.04668121784925461,1.7898517847061157,0.011764099821448326,-0.15655024349689484,0.01454005017876625,0.017957617317019805,-0.06909033774050459,1.7992305207189938,0.37898349537772763,53004,0.18956452183977746,0.0360431733125706,0.001022655573671205,0.926770007936284,-0.0016741636660202901,-0.18001602004618508,7.173748227695949e-05,0.0,-1.0,0.1,0.0,0.0,0.0,3.594721555709839,53004,nan,1.0069366693496704,52638.861621985234,52000,54357.468416286814,nan,45,nan,nan,nan,nan,0.03313429653644562
17.475901953002904,nav_to_wp,0,0.010486578568816185,-0.05070893093943596,1.7902677059173584,0.011924896389245987,-0.16535557806491852,0.015019715763628483,0.0179237685402776,-0.07272995924002496,1.7992319711303668,0.3782106783320957,52896,0.16917357076769513,0.034203943534013306,0.0006450544131213487,0.8500880212523043,-0.0017296513025327031,-0.18598238025902994,7.411511322290031e-05,0.0,-1.0,0.1,0.0,0.0,0.0,3.594721555709839,52896,nan,1.0038557052612305,52692.83197054205,52000,54347.468416286814,nan,46,nan,nan,nan,nan,0.03313429653644562
17.49614774301881,nav_to_wp,0,0.010689923539757729,-0.05355674400925636,1.7904887199401855,0.011984259821474552,-0.17384882271289825,0.015168208628892899,0.017888568709321165,-0.07651485411242344,1.7992334794340654,0.37786796819240437,52848,0.16013108687082678,0.0339113177256893,0.0003321291655538072,1.0186409926973283,-0.0017855256643627354,-0.1919903234747448,7.650931524918523e-05,0.0,-1.0,0.1,0.0,0.0,0.0,3.594721555709839,52848,nan,0.9993728399276733,52881.16495523805,52000,54337.468416286814,nan,47,nan,nan,nan,nan,0.03313429653644562
17.516024866024964,nav_to_wp,0,0.010876375250518322,-0.0565471388399601,1.7907500267028809,0.012261365540325642,-0.18205565214157104,0.014794356189668179,0.017852287878416112,-0.08041598451923836,1.7992350340583336,0.37773734480861515,52830,0.15668455959406558,0.03371982244774273,-7.988763372179797e-05,0.9123319759964943,-0.0018413424285355325,-0.19799207344828748,7.890104923067921e-05,0.0,-1.0,0.1,0.0,0.0,0.0,3.594721555709839,52830,nan,1.005957007408142,52517.15491909242,52000,54327.468416286814,nan,48,nan,nan,nan,nan,0.03313429653644562
17.53593276202446,nav_to_wp,0,0.011098464019596577,-0.05957518145442009,1.7909879684448242,0.012908997014164925,-0.18957048654556274,0.015175621025264263,0.017814722618420393,-0.08445522436996604,1.7992366437200578,0.37726474993702686,52764,0.14421503791627543,0.03404631104846882,-0.0007283403808566735,0.7125089759938419,-0.001897405820277598,-0.20402034228277222,8.130335114005175e-05,0.0,-1.0,0.1,0.0,0.0,0.0,3.605278730392456,52764,nan,0.9987087845802307,52832.21777425072,52000,54317.468416286814,nan,49,nan,nan,nan,nan,0.03313429653644562
17.55746934300987,nav_to_wp,0,0.011312306858599186,-0.06416374444961548,1.7913514375686646,0.013408960774540901,-0.196310892701149,0.014460270293056965,0.01777640232477083,-0.08857564992321769,1.7992382857347797,0.3771680222424114,52750,0.14166285600030015,0.033150192768260825,-0.0012905171444361763,0.8572399965487421,-0.001952938477456337,-0.20999154338503329,8.36829112099595e-05,0.0,-1.0,0.1,0.0,0.0,0.0,3.605278730392456,52750,nan,0.9944449067115784,53044.66807963574,52000,54307.468416286814,53067.28370669545,50,53067.28370669545,nan,nan,nan,0.03313429653644562
17.576136278017657,nav_to_wp,0,0.01171474251896143,-0.06913427263498306,1.791663646697998,0.013750661164522171,-0.20222170650959015,0.012844480574131012,0.017736776478930252,-0.09283645620157925,1.799239983692077,0.37758802482361464,52809,0.15274471830117697,0.03240893636408037,-0.0019679357291164656,0.9297799842897803,-0.0020087491819870892,-0.21599264178987576,8.607438553735117e-05,0.0,-1.0,0.1,0.0,0.0,0.0,3.605278730392456,52809,nan,0.9884858131408691,53424.135478689146,52000,54297.468416286814,53072.04173032203,50,53067.28370669545,nan,nan,nan,0.03313429653644562
17.59585044599953,nav_to_wp,0,0.011967239901423454,-0.07247073203325272,1.7918670177459717,0.014271287247538567,-0.20890501141548157,0.011193976737558842,0.017696053527570903,-0.0972152297809097,1.7992417286600635,0.3781791962451377,52892,0.168342908842682,0.03309888374078934,-0.002579834733221542,0.7756059931125492,-0.0020645337228528053,-0.22199092692207043,8.846473875842874e-05,0.0,-1.0,0.1,0.0,0.0,0.0,3.605278730392456,52892,nan,0.9971057176589966,53045.52873709296,52000,54287.468416286814,53071.688223745645,50,53067.28370669545,nan,nan,nan,0.03313429653644562
17.61696930002654,nav_to_wp,0,0.012301933951675892,-0.07768941670656204,1.7921228408813477,0.014840858057141304,-0.21522943675518036,0.011211390607059002,0.017653408255647537,-0.10180070268373541,1.7992435559989914,0.37785264495904836,52846,0.15972677992211892,0.03234460365130372,-0.0033130908023726313,1.1813559976872057,-0.0021213797131955305,-0.22810334540586588,9.090057481645369e-05,0.0,-1.0,0.1,0.0,0.0,0.0,3.605278730392456,52846,nan,1.0000617504119873,52842.73693922347,52000,54277.468416286814,53068.63553995202,50,53067.28370669545,nan,nan,nan,0.03313429653644562
17.63649110100232,nav_to_wp,0,0.012402585707604885,-0.07942626625299454,1.792196273803711,0.015416867099702358,-0.22112445533275604,0.01130015216767788,0.017610981082907082,-0.10636272426714762,1.7992453739924257,0.3777661356729826,52834,0.15744421300745515,0.035359967830545916,-0.0037994701226622407,1.0931720025837421,-0.0021764621133689445,-0.23402613220088714,9.326084148954776e-05,0.0,-1.0,0.1,0.0,0.0,0.0,3.605278730392456,52834,nan,0.996045708656311,53043.7504432144,52000,54267.468416286814,53068.30373866219,50,53067.28370669545,nan,nan,nan,0.03313429653644562
17.65588550400571,nav_to_wp,0,0.012780703604221344,-0.08484438061714172,1.7924062013626099,0.015978025272488594,-0.22705824673175812,0.009839925915002823,0.01756721906610157,-0.11106827621192784,1.7992472491835845,0.37823532771914564,52900,0.16982395037323528,0.03457393419964787,-0.004566933567927478,0.8128939953166991,-0.0022318537019282245,-0.23998216476739279,9.563435680541282e-05,0.0,-1.0,0.1,0.0,0.0,0.0,3.605278730392456,52900,nan,0.9860885739326477,53646.29648737133,52000,54259.18612390128,53076.010308644974,50,53067.28370669545,nan,nan,nan,0.03313429653644562
17.676158634014428,nav_to_wp,0,0.013131165876984596,-0.09034724533557892,1.7925251722335815,0.01619834452867508,-0.2313624918460846,0.006847592070698738,0.017521912185353622,-0.11593994110257762,1.7992491905717658,0.37959643442159735,53090,0.20573705597882075,0.03468606277684839,-0.005113157799196966,0.9081049938686192,-0.0022877881470144182,-0.24599656849163803,9.803113338376306e-05,0.0,-1.0,0.1,0.0,0.0,0.0,3.605278730392456,53090,nan,0.9915791153907776,53540.861415861335,52000,54249.60846112742,53082.20832340787,50,53067.28370669545,nan,nan,nan,0.03313429653644562
17.696040878014173,nav_to_wp,0,0.013383086770772934,-0.0940607562661171,1.7925907373428345,0.016626490280032158,-0.2370016872882843,0.006001553498208523,0.017475657309362992,-0.12091354007176122,1.7992511725812992,0.3799691217047827,53142,0.215570493529885,0.0361654319990497,-0.005676736687598494,0.9182269859593362,-0.002343516139286604,-0.2519887731832204,0.00010041906351215948,0.0,-1.0,0.1,0.0,0.0,0.0,3.605278730392456,53142,nan,0.984551191329956,53975.862776839946,52000,54245.95851867025,53092.20832340787,50,53067.28370669545,nan,nan,nan,0.03313429653644562
17.715975194005296,nav_to_wp,0,0.013736317865550518,-0.09987471997737885,1.7926349639892578,0.016937829554080963,-0.24167098104953766,0.003934947308152914,0.01742822550764562,-0.12601368908471816,1.7992532050217973,0.3809575328899443,53280,0.24164994432570452,0.03602086270876871,-0.006275455909642957,0.8535420056432486,-0.0023993182788455423,-0.25798895063142696,0.00010281017083271295,0.0,-1.0,0.1,0.0,0.0,0.0,3.605278730392456,53280,nan,0.9882750511169434,53912.11681381941,52000,54241.507295938914,53102.20832340787,50,53067.28370669545,nan,nan,nan,0.03313429653644562
17.736012036999455,nav_to_wp,0,0.013962645083665848,-0.10371329635381699,1.7926899194717407,0.01723540388047695,-0.2471516728401184,0.002180734183639288,0.017379742808394157,-0.13122683684170597,1.7992552824929842,0.38180091934364047,53398,0.26390288505647597,0.03765060385618289,-0.006734584050602788,0.9369260224048048,-0.002455046296288761,-0.2639811580295483,0.00010519810203968168,0.0,-1.0,0.1,0.0,0.0,0.0,3.6000001430511475,53398,nan,0.9926015138626099,53796.00902703342,52000,54235.56731902018,53111.45899945621,50,53008.05267813863,nan,nan,nan,0.03313429653644562
17.75607694700011,nav_to_wp,0,0.014232470653951168,-0.10767954587936401,1.7926578521728516,0.01738371141254902,-0.25204214453697205,0.0011147301411256194,0.017330000311713792,-0.13657544550004927,1.7992574139461666,0.3824151944195231,53484,0.2801106706998162,0.03962306290466676,-0.007164833801319048,0.9190629934892058,-0.0025109372468040112,-0.2699908849592161,0.0001075930148868594,0.0,-1.0,0.1,0.0,0.0,0.0,3.6000001430511475,53484,nan,0.9907754063606262,53981.961660171335,52000,54232.18591023553,53121.45899945621,50,53008.05267813863,nan,nan,nan,0.03313429653644562
17.776241701008985,nav_to_wp,0,0.014586671255528927,-0.11378476768732071,1.7926185131072998,0.01738021895289421,-0.2564522325992584,-0.0006257170462049544,0.01727928936543447,-0.1420281876107892,1.7992595868971653,0.3833478553686958,53615,0.30471913901571845,0.03967137460681907,-0.007597166085429263,1.1627390049397945,-0.0025666638190239423,-0.27598293695834647,0.00010998088416638215,0.0,-1.0,0.1,0.0,0.0,0.0,3.6000001430511475,53615,nan,0.9905936121940613,54124.11239080008,52000,54230.74492997639,53131.45899945621,50,53008.05267813863,nan,nan,nan,0.03313429653644562
17.7962931439979,nav_to_wp,0,0.014854288659989834,-0.11790262907743454,1.7925970554351807,0.01722729206085205,-0.2605254650115967,-0.0013721599243581295,0.017227208093146623,-0.14762827531218234,1.7992618185662808,0.38379923838526553,53678,0.31662898114156945,0.042187034359767187,-0.00787092399841094,1.078886998584494,-0.0026226640305796016,-0.28200441228396855,0.00011238047882102531,0.0,-1.0,0.1,0.0,0.0,0.0,3.6000001430511475,53678,nan,1.007714033126831,53267.09585798145,52000,54220.74492997639,53133.267490903214,50,53008.05267813863,nan,nan,nan,0.03313429653644562
17.815633879014058,nav_to_wp,0,0.015149115584790707,-0.12424901127815247,1.7925565242767334,0.017127854749560356,-0.2656084895133972,-0.0010371492244303226,0.017174527814850866,-0.15329277169697783,1.7992640759026495,0.3836901868528979,53663,0.3137516320025817,0.041946561903848226,-0.008212524197543036,0.6536349828820676,-0.0026781173261702725,-0.2879670799569607,0.00011475663826730642,0.0,-1.0,0.1,0.0,0.0,0.0,3.6000001430511475,53663,nan,1.0000486373901367,53660.39009867188,52000,54213.27353222566,53140.295792340126,50,53008.05267813863,nan,nan,nan,0.03313429653644562
17.835911354020936,nav_to_wp,0,0.015376350842416286,-0.12849879264831543,1.7924861907958984,0.016802961006760597,-0.27039456367492676,-0.001295749330893159,0.017120365212740993,-0.15911665634162642,1.7992663967562124,0.3839561495779052,53700,0.32076911815053144,0.04419421428714897,-0.008359849299779176,0.8645799825899303,-0.0027339585383180064,-0.2939714587219625,0.00011714941983823526,0.0,-1.0,0.1,0.0,0.0,0.0,3.6000001430511475,53700,nan,0.9973530769348145,53842.5170001353,52000,54208.33011179779,53149.65874177739,50,53008.05267813863,nan,nan,nan,0.03313429653644562
17.855957474006573,nav_to_wp,0,0.015537136234343052,-0.13277676701545715,1.7924184799194336,0.016349410638213158,-0.27613022923469543,-0.0023082024417817593,0.01706496982461514,-0.16507309746009527,1.7992687704343386,0.3845902509380502,53788,0.3375000247506641,0.04601455728680204,-0.008364140560300104,0.8389060094486922,-0.002789903593400663,-0.29998700329603906,0.00011954665105220367,0.0,-1.0,0.1,0.0,0.0,0.0,3.6000001430511475,53788,nan,0.9912065267562866,54265.17940314688,52000,54209.08810234911,53159.65874177739,50,53008.05267813863,nan,nan,nan,0.03313429653644562
17.875670671026455,nav_to_wp,0,0.01586740091443062,-0.1395452320575714,1.792305588722229,0.01558616105467081,-0.2809675931930542,-0.004117519129067659,0.017009278951984366,-0.17106131082738374,1.7992711567739,0.38558825847558004,53928,0.36383267745593706,0.0425735052033098,-0.008346984165119364,0.637304998235777,-0.002789903593400663,-0.29998700329603906,0.00011954665105220367,0.0,-1.0,0.1,0.0,0.0,0.0,3.6000001430511475,53928,nan,1.005504846572876,53632.75988555015,52000,54201.40372612512,53165.966757027694,50,53008.05267813863,nan,nan,nan,0.03313429653644562
17.896228894009255,nav_to_wp,0,0.015982475131750107,-0.14408715069293976,1.7922273874282837,0.014742194674909115,-0.28687798976898193,-0.003803565166890621,0.016953052847538605,-0.1771070754981028,1.7992735660480068,0.38551403890289304,53918,0.361874377385039,0.04107436036448643,-0.008088479934355242,0.926549982978031,-0.002789903593400663,-0.29998700329603906,0.00011954665105220367,0.0,-1.0,0.1,0.0,0.0,0.0,3.6000001430511475,53918,nan,1.003494143486023,53730.2587663293,52000,54195.121793327846,53173.49065048505,50,53008.05267813863,nan,nan,nan,0.03313429653644562
17.915766154997982,nav_to_wp,0,0.016184940934181213,-0.15104755759239197,1.7921777963638306,0.013596544973552227,-0.2934074401855469,-0.00260748784057796,0.016897680182968042,-0.1830610732449541,1.7992759387524346,0.3849210521707297,53835,0.34622828946516293,0.03669561666234173,-0.007773604828995362,0.7258900150191039,-0.002789903593400663,-0.29998700329603906,0.00011954665105220367,0.0,-1.0,0.1,0.0,0.0,0.0,3.6000001430511475,53835,nan,1.0033036470413208,53657.733786532146,52000,54187.9566199039,53179.94722563235,50,53008.05267813863,nan,nan,nan,0.03313429653644562
17.935884549020557,nav_to_wp,0,0.01636436954140663,-0.15579858422279358,1.7920970916748047,0.012148291803896427,-0.3002950847148895,-0.0019222069531679153,0.016841805556111387,-0.18906904495790514,1.7992783329658173,0.3846570409353638,53798,0.33926229380906925,0.03444506816298089,-0.0072706047608901425,0.7806869980413467,-0.002789903593400663,-0.29998700329603906,0.00011954665105220367,0.0,-1.0,0.1,0.0,0.0,0.0,3.594721555709839,53798,nan,0.9996452927589417,53817.08931127139,52000,54183.01172245547,53188.442453440875,50,52948.821649581805,nan,nan,nan,0.03313429653644562
17.95605528401211,nav_to_wp,0,0.016411947086453438,-0.1606282740831375,1.7920646667480469,0.01064439956098795,-0.3074054419994354,-0.0009698575595393777,0.016786006030767235,-0.1950689413102124,1.7992807239611193,0.38419835904540717,53734,0.3271598692719557,0.03200155690072415,-0.006604024812506326,0.9203770023304969,-0.002789903593400663,-0.29998700329603906,0.00011954665105220367,0.0,-1.0,0.1,0.0,0.0,0.0,3.594721555709839,53734,nan,1.0076919794082642,53323.834165628294,52000,54173.01172245547,53190.24767627004,50,52948.821649581805,nan,nan,nan,0.03313429653644562
17.97563607801567,nav_to_wp,0,0.016580423340201378,-0.16808848083019257,1.7919983863830566,0.008998377248644829,-0.3140926659107208,-0.0006495262496173382,0.016730404510351182,-0.20104754699672098,1.7992831064719612,0.38407291463896687,53716,0.32384999047405927,0.026984295668173584,-0.0059823989613652095,0.6455550028476864,-0.002789903593400663,-0.29998700329603906,0.00011954665105220367,0.0,-1.0,0.1,0.0,0.0,0.0,3.594721555709839,53716,nan,0.9895363450050354,54284.009143420255,52000,54174.49168806834,53200.24767627004,50,52948.821649581805,nan,nan,nan,0.03313429653644562
17.995956344006117,nav_to_wp,0,0.01660018227994442,-0.17304909229278564,1.791953682899475,0.007177474908530712,-0.32075685262680054,-0.0016832082765176892,0.0166744996270195,-0.20705877206555695,1.799285501981826,0.38463038602945465,53794,0.33855899813864454,0.02457157974939124,-0.005105569825902823,0.8857480133883655,-0.002789903593400663,-0.29998700329603906,0.00011954665105220367,0.0,-1.0,0.1,0.0,0.0,0.0,3.594721555709839,53794,nan,0.9920629858970642,54224.37966613304,52000,54175.1568611092,53210.24767627004,50,52948.821649581805,nan,nan,nan,0.03313429653644562
18.016387356008636,nav_to_wp,0,0.01660861074924469,-0.178193137049675,1.7918788194656372,0.005414685234427452,-0.32740193605422974,-0.0025341976433992386,0.016618367355394757,-0.21309444727409727,1.7992879072352206,0.3851355515396349,53865,0.3518879034204456,0.0220138048638037,-0.004250503610579104,1.1212129902560264,-0.002789903593400663,-0.29998700329603906,0.00011954665105220367,0.0,-1.0,0.1,0.0,0.0,0.0,3.594721555709839,53865,nan,0.9914464354515076,54329.71270451915,52000,54177.217605688,53220.24767627004,50,52948.821649581805,nan,nan,nan,0.03313429653644562
18.035734717006562,nav_to_wp,0,0.01665637269616127,-0.185977041721344,1.7918237447738647,0.003559286007657647,-0.33320191502571106,-0.003644682001322508,0.016562867769786917,-0.21906209232464682,1.7992902853781823,0.3857318124413001,53948,0.36762038103694117,0.017088029325920025,-0.0033889929503758687,0.6943600019440055,-0.002789903593400663,-0.29998700329603906,0.00011954665105220367,0.0,-1.0,0.1,0.0,0.0,0.0,3.594721555709839,53948,nan,1.0022385120391846,53827.50647870813,52000,54172.554790661605,53228.34446030255,50,52948.821649581805,nan,nan,nan,0.03313429653644562
18.055819519009674,nav_to_wp,0,0.016525767743587494,-0.19133341312408447,1.791794776916504,0.0016150778392329812,-0.3388819992542267,-0.003223588690161705,0.016507165888158204,-0.22505148944477474,1.7992926721894762,0.3855527087543857,53923,0.3628946900893304,0.014805900523361525,-0.002304322586194507,0.8002709946595132,-0.002789903593400663,-0.29998700329603906,0.00011954665105220367,0.0,-1.0,0.1,0.0,0.0,0.0,3.594721555709839,53923,nan,0.9980118274688721,54030.42180046895,52000,54170.6596841257,53238.34446030255,50,52948.821649581805,nan,nan,nan,0.03313429653644562
18.076162467012182,nav_to_wp,0,0.016465172171592712,-0.19948206841945648,1.7918097972869873,-0.0002515564556233585,-0.343000590801239,-0.0031844156328588724,0.01645120104425885,-0.2310691618299463,1.7992950702686359,0.385502976482657,53916,0.3615824929460949,0.01045957412691665,-0.0013313983585998557,1.0710839997045696,-0.002789903593400663,-0.29998700329603906,0.00011954665105220367,0.0,-1.0,0.1,0.0,0.0,0.0,3.594721555709839,53916,nan,1.011974573135376,53278.01847130742,52000,54160.6596841257,53238.87344711595,50,52948.821649581805,nan,nan,nan,0.03313429653644562
18.095635269011836,nav_to_wp,0,0.016358887776732445,-0.20499423146247864,1.7917534112930298,-0.0020868920255452394,-0.34850355982780457,-0.0014285886427387595,0.016395604679601158,-0.23704721313869614,1.799297452558555,0.3846972940513729,53803,0.3403243813027128,0.00810485468584285,-0.00032731073656844245,0.6591410201508552,-0.002789903593400663,-0.29998700329603906,0.00011954665105220367,0.0,-1.0,0.1,0.0,0.0,0.0,3.594721555709839,53803,nan,1.0031226873397827,53635.5130623973,52000,54153.65772916932,53244.1619753197,50,52948.821649581805,nan,nan,nan,0.03313429653644562
18.115943345997948,nav_to_wp,0,0.016168583184480667,-0.21328085660934448,1.7917633056640625,-0.0040774657391011715,-0.3521050214767456,-0.001773832947947085,0.016339665131696966,-0.24306216554823754,1.7992998495537877,0.3848584435287311,53826,0.34457634640451396,0.00386875801382695,0.0008469224268632392,0.8682339976076037,-0.002789903593400663,-0.29998700329603906,0.00011954665105220367,0.0,-1.0,0.1,0.0,0.0,0.0,3.594721555709839,53826,nan,1.003002643585205,53664.8635417355,52000,54147.14047333687,53249.771329538584,50,52948.821649581805,nan,nan,nan,0.03313429653644562
18.136183934024302,nav_to_wp,0,0.015952743589878082,-0.21884523332118988,1.7918165922164917,-0.005804991815239191,-0.3567521274089813,-0.0010321744484826922,0.016283536528790905,-0.24909744627435704,1.7993022546499786,0.3844299106656393,53766,0.33326941070288285,0.0019453798410967943,0.001912794108722471,0.9236290061380714,-0.002789903593400663,-0.29998700329603906,0.00011954665105220367,0.0,-1.0,0.1,0.0,0.0,0.0,3.594721555709839,53766,nan,1.006580114364624,53414.526308160086,52000,54137.37228446785,53251.96806258687,50,52948.821649581805,nan,nan,nan,0.03313429653644562
18.15612710401183,nav_to_wp,0,0.015778226777911186,-0.2244749218225479,1.79179048538208,-0.0074143605306744576,-0.36024293303489685,-0.00043794186785817146,0.016228071342647758,-0.2550613924901681,1.799304631318932,0.3841761146288134,53731,0.3265729453512751,0.000477393251882526,0.0028758444218477397,1.0298829874955118,-0.002789903593400663,-0.29998700329603906,0.00011954665105220367,0.0,-1.0,0.1,0.0,0.0,0.0,3.594721555709839,53731,nan,0.9978955388069153,53844.313267740254,52000,54133.46483091148,53259.86599865558,50,52948.821649581805,nan,nan,nan,0.03313429653644562
18.17599958900246,nav_to_wp,0,0.015466732904314995,-0.23297561705112457,1.7918587923049927,-0.00886770710349083,-0.3625209331512451,-0.0013254364021122456,0.016172316547772278,-0.2610564791568343,1.7993070203975452,0.3845483091552522,53783,0.3363933814050686,-0.0033141561113546776,0.0038949539260413335,0.9308879962190986,-0.002789903593400663,-0.29998700329603906,0.00011954665105220367,0.0,-1.0,0.1,0.0,0.0,0.0,3.594721555709839,53783,nan,1.001252293586731,53715.73213314311,52000,54127.8950616079,53265.94421378208,50,52948.821649581805,nan,nan,nan,0.03313429653644562
18.19582762301434,nav_to_wp,0,0.015191520564258099,-0.23855869472026825,1.7919108867645264,-0.010367549024522305,-0.3641666769981384,-0.0003540464967954904,0.0161163852915312,-0.2670705399975147,1.7993094170374824,0.38401015757623147,53707,0.322194131298982,-0.0037270295237865694,0.004909980936094627,0.727053004084155,-0.002789903593400663,-0.29998700329603906,0.00011954665105220367,0.0,-1.0,0.1,0.0,0.0,0.0,3.594721555709839,53707,nan,1.0075665712356567,53303.673953905556,52000,54117.8950616079,53266.44727698373,50,52948.821649581805,nan,nan,nan,0.03313429653644562
18.215992242010543,nav_to_wp,0,0.014835177920758724,-0.2471151500940323,1.7919180393218994,-0.011485033668577671,-0.365609735250473,0.001124597038142383,0.01606064119028497,-0.27306447682165563,1.799311805657876,0.38328129010173273,53605,0.3029627995180135,-0.007161543388186474,0.005816156302532294,0.8843549876473844,-0.002789903593400663,-0.29998700329603906,0.00011954665105220367,0.0,-1.0,0.1,0.0,0.0,0.0,3.594721555709839,53605,nan,1.0015345811843872,53522.8648187147,52000,54109.96132503599,53269.86617754014,50,52948.821649581805,nan,nan,nan,0.03313429653644562
18.23575744801201,nav_to_wp,0,0.014556696638464928,-0.25283893942832947,1.791975975036621,-0.01249954104423523,-0.36634361743927,0.001932180835865438,0.01600484249907638,-0.2790642834827536,1.7993141966174357,0.3828174993968042,53541,0.29072557775208807,-0.0072652634637718535,0.00658591643342521,0.6881419976707548,-0.002789903593400663,-0.29998700329603906,0.00011954665105220367,0.0,-1.0,0.1,0.0,0.0,0.0,3.594721555709839,53541,nan,1.009216070175171,53052.068414553505,52000,54099.96132503599,53266.96220736699,50,52948.821649581805,nan,nan,nan,0.03313429653644562
18.255676482018316,nav_to_wp,0,0.01428470853716135,-0.25844502449035645,1.792016625404358,-0.013110131025314331,-0.3667103350162506,0.0037026407662779093,0.015948958258265405,-0.28507328894516953,1.7993165912427738,0.3818925986620521,53411,0.2663218644340919,-0.007052903644625432,0.007148000851784353,0.5994910025037825,-0.002789903593400663,-0.29998700329603906,0.00011954665105220367,0.0,-1.0,0.1,0.0,0.0,0.0,3.594721555709839,53411,nan,1.0127816200256348,52736.936516134745,52000,54089.96132503599,53259.89519815056,50,52948.821649581805,nan,nan,nan,0.03313429653644562
18.276454152015503,nav_to_wp,0,0.013861436396837234,-0.26701703667640686,1.7921288013458252,-0.013424685224890709,-0.36584508419036865,0.004597049206495285,0.01589300438422709,-0.2910897817857332,1.7993189888518777,0.381323894075144,53332,0.2513164663626366,-0.009290459942688945,0.007708965220370789,1.1229680094402283,-0.002789903593400663,-0.29998700329603906,0.00011954665105220367,0.0,-1.0,0.1,0.0,0.0,0.0,3.594721555709839,53332,nan,0.9987239837646484,53400.13944490173,52000,54080.76369996754,53261.76512144058,50,52948.821649581805,nan,nan,nan,0.03313429653644562
18.29669351200573,nav_to_wp,0,0.013530298136174679,-0.27261829376220703,1.7922312021255493,-0.013633467257022858,-0.3633561432361603,0.004021176602691412,0.015836872784993718,-0.2971253846947598,1.7993213940764605,0.3814894685662622,53355,0.2556851864449108,-0.007526060929605338,0.008103438442655486,1.2229580024722964,-0.002789903593400663,-0.29998700329603906,0.00011954665105220367,0.0,-1.0,0.1,0.0,0.0,0.0,3.594721555709839,53355,nan,1.003287672996521,53180.16102066173,52000,54070.76369996754,53260.67706676353,50,52948.821649581805,nan,nan,nan,0.03313429653644562
18.31670111400308,nav_to_wp,0,0.013210865668952465,-0.27817368507385254,1.7922359704971313,-0.013558474369347095,-0.36182719469070435,0.004881436936557293,0.015781125341521467,-0.30311968089489183,1.7993237828400679,0.38106089992686004,53295,0.24437730677730762,-0.006271278221748026,0.008349990773385052,1.1614499962888658,-0.002789903593400663,-0.29998700329603906,0.00011954665105220367,0.0,-1.0,0.1,0.0,0.0,0.0,3.594721555709839,53295,nan,1.0096349716186523,52786.40449087967,52000,54060.76369996754,53254.35343241841,50,52948.821649581805,nan,nan,nan,0.03313429653644562
18.336701677006204,nav_to_wp,0,0.012924166396260262,-0.2838574945926666,1.7923319339752197,-0.013293839059770107,-0.3592723608016968,0.005702482536435127,0.015725311046302235,-0.3091211653918843,1.7993261744682554,0.38053729493653077,53222,0.2305618716762723,-0.004603154935583031,0.00846509256173289,1.249395019840449,-0.002789903593400663,-0.29998700329603906,0.00011954665105220367,0.0,-1.0,0.1,0.0,0.0,0.0,3.594721555709839,53222,nan,1.0041491985321045,53002.08383156758,52000,54050.76369996754,53250.9898377404,50,52948.821649581805,nan,nan,nan,0.03313429653644562
18.35635469900444,nav_to_wp,0,0.012471296824514866,-0.2920572757720947,1.792457938194275,-0.01286485604941845,-0.3567531704902649,0.005803549196571112,0.01566934835338946,-0.3151386064902044,1.7993285724552457,0.3803416375535224,53194,0.2253994077446535,-0.005576017664313788,0.008661298068418866,0.9532780095469207,-0.002789903593400663,-0.29998700329603906,0.00011954665105220367,0.0,-1.0,0.1,0.0,0.0,0.0,3.594721555709839,53194,nan,0.9960952401161194,53402.524033544156,52000,54042.12050441523,53253.01029368445,50,52948.821649581805,nan,nan,nan,0.03313429653644562
18.37643255799776,nav_to_wp,0,0.01216034684330225,-0.2974681854248047,1.792472004890442,-0.012315790168941021,-0.3523419201374054,0.005376359913498163,0.015614123894075833,-0.321076668327655,1.7993309388091165,0.38054286802568227,53222,0.23070891888343503,-0.002700431071359162,0.00863694809365656,1.0479899938218296,-0.002789903593400663,-0.29998700329603906,0.00011954665105220367,0.0,-1.0,0.1,0.0,0.0,0.0,3.594721555709839,53222,nan,1.0032204389572144,53051.15200336327,52000,54032.12050441523,53250.3188498135,50,52948.821649581805,nan,nan,nan,0.03313429653644562
18.39670521800872,nav_to_wp,0,0.0117388516664505,-0.305711030960083,1.792589783668518,-0.01146791223436594,-0.347589910030365,0.006249426864087582,0.015557555292659613,-0.32715926030669024,1.7993333627591304,0.37996848109264064,53142,0.21555359083484404,-0.0024773772821902055,0.008587878866356924,1.2497679854277521,-0.002789903593400663,-0.29998700329603906,0.00011954665105220367,0.0,-1.0,0.1,0.0,0.0,0.0,3.594721555709839,53142,nan,0.9934536814689636,53492.17682843748,52000,54024.921255402194,53253.54362286182,50,52948.821649581805,nan,nan,nan,0.03313429653644562
18.416113223007414,nav_to_wp,0,0.011460505425930023,-0.3110598921775818,1.792654275894165,-0.010614119470119476,-0.3417051434516907,0.00583004392683506,0.015502467867860796,-0.3330825873792753,1.7993357232411074,0.3801056127349399,53161,0.21917183997202905,0.001224571425978089,0.008370477044338687,0.9099119924940169,-0.002789903593400663,-0.29998700329603906,0.00011954665105220367,0.0,-1.0,0.1,0.0,0.0,0.0,3.594721555709839,53161,nan,0.9964856505393982,53348.48522025774,52000,54015.902108266935,53254.8095108271,50,52948.821649581805,nan,nan,nan,0.03313429653644562
18.436096543009626,nav_to_wp,0,0.011039691045880318,-0.3189726173877716,1.7927273511886597,-0.009706521406769753,-0.3380400538444519,0.005777244456112385,0.015446643263966728,-0.33908518032620827,1.7993381153110188,0.3800499387126129,53153,0.21770286840667197,0.0011430867407255319,0.008278228893086048,0.8591760124545544,-0.002789903593400663,-0.29998700329603906,0.00011954665105220367,0.0,-1.0,0.1,0.0,0.0,0.0,3.594721555709839,53153,nan,0.9999850392341614,53153.79522148374,52000,54005.902108266935,53253.462653635856,50,52948.821649581805,nan,nan,nan,0.03313429653644562
18.456757317006122,nav_to_wp,0,0.01078929752111435,-0.3241939842700958,1.792799949645996,-0.008620445616543293,-0.33523714542388916,0.006039939355105162,0.015390758046682062,-0.3450942907848748,1.7993405099781987,0.37983826627993006,53124,0.21211784379762477,0.003449199147858464,0.007915800702167353,1.3769599900115281,-0.002789903593400663,-0.29998700329603906,0.00011954665105220367,0.0,-1.0,0.1,0.0,0.0,0.0,3.594721555709839,53124,nan,1.007374882698059,52735.08493453562,52000,53995.902108266935,53246.550950714525,50,52948.821649581805,nan,nan,nan,0.03313429653644562
18.475987427023938,nav_to_wp,0,0.010369285009801388,-0.33197712898254395,1.7928857803344727,-0.007493699435144663,-0.3319512605667114,0.0068865991197526455,0.015335347969511743,-0.35105231135664133,1.7993428842857468,0.3793162258939018,53051,0.19834369113197248,0.003261818098566438,0.007717079329938148,0.8887659932952374,-0.002789903593400663,-0.29998700329603906,0.00011954665105220367,0.0,-1.0,0.1,0.0,0.0,0.0,3.594721555709839,53051,nan,1.0054466724395752,52763.61387847572,52000,53985.902108266935,53240.11178975134,50,52948.821649581805,nan,nan,nan,0.03313429653644562
18.49648205601261,nav_to_wp,0,0.010160589590668678,-0.3371070921421051,1.7929315567016602,-0.006548041943460703,-0.32877668738365173,0.007624833378940821,0.01527933742419141,-0.3570748978300122,1.7993452843232005,0.3789028865956834,52993,0.18743764104705285,0.005883457815302039,0.007387518974392604,1.1973240179941058,-0.002789903593400663,-0.29998700329603906,0.00011954665105220367,0.0,-1.0,0.1,0.0,0.0,0.0,3.594721555709839,52993,nan,0.9990740418434143,53042.114778822004,52000,53975.902108266935,53237.471829605616,50,52948.821649581805,nan,nan,nan,0.03313429653644562
18.517167040001368,nav_to_wp,0,0.009836009703576565,-0.3446769714355469,1.7929682731628418,-0.00533982552587986,-0.3258811831474304,0.005741893779486418,0.015222007059131844,-0.363239399160011,1.7993477409145906,0.37980700148399477,53120,0.21129291514497872,0.005914065498086901,0.007015155518159899,1.339739974355325,-0.002789903593400663,-0.29998700329603906,0.00011954665105220367,0.0,-1.0,0.1,0.0,0.0,0.0,3.594721555709839,53120,nan,0.996961772441864,53281.88248371137,52000,53966.64851327286,53238.06397166036,50,52948.821649581805,nan,nan,nan,0.03313429653644562
18.536197219014866,nav_to_wp,0,0.00966026820242405,-0.349712610244751,1.7929389476776123,-0.004928752314299345,-0.32329484820365906,0.0052335383370518684,0.015167547047343272,-0.36909526305959717,1.7993500745120814,0.38011285220786595,53162,0.2193628550888107,0.008133374738412545,0.006920845395669728,0.9379220136906952,-0.002789903593400663,-0.29998700329603906,0.00011954665105220367,0.0,-1.0,0.1,0.0,0.0,0.0,3.594721555709839,53162,nan,0.9985362887382507,53239.927882015625,52000,53956.9589048561,53238.08882379843,50,52948.821649581805,nan,nan,nan,0.03313429653644562
18.556773898017127,nav_to_wp,0,0.009517489932477474,-0.3547567129135132,1.792996883392334,-0.003155708545818925,-0.31922560930252075,0.0030560067389160395,0.01511144010248731,-0.3751282149835452,1.7993524786802306,0.38114815505536037,53307,0.24667955291188193,0.01128445695534791,0.006062616815110999,1.3039640034548938,-0.002789903593400663,-0.29998700329603906,0.00011954665105220367,0.0,-1.0,0.1,0.0,0.0,0.0,3.594721555709839,53307,nan,0.9987484812736511,53373.79830807893,52000,53949.18343023241,53239.898283588846,50,52948.821649581805,nan,nan,nan,0.03313429653644562
18.576492994005093,nav_to_wp,0,0.009253010153770447,-0.3596324324607849,1.7929532527923584,-0.0020631428342312574,-0.3166324198246002,0.002350619062781334,0.015055632168312948,-0.3811290155032159,1.7993548700358488,0.3815760978384398,53367,0.2579709192200461,0.013810621584256121,0.005701899190233561,0.8864059927873313,-0.002789903593400663,-0.29998700329603906,0.00011954665105220367,0.0,-1.0,0.1,0.0,0.0,0.0,3.594721555709839,53367,nan,1.0010820627212524,53309.315976486374,52000,53940.651864182466,53240.82385282748,50,52948.821649581805,nan,nan,nan,0.03313429653644562
18.59622549501364,nav_to_wp,0,0.009017152711749077,-0.3670298457145691,1.7929269075393677,-0.0018039447022601962,-0.31494301557540894,0.002220235066488385,0.015000453003055546,-0.3870622070547448,1.799357234448881,0.3816803714410954,53382,0.26072220161201365,0.013157527828076845,0.005753873189601855,1.0379450104665011,-0.002789903593400663,-0.29998700329603906,0.00011954665105220367,0.0,-1.0,0.1,0.0,0.0,0.0,3.594721555709839,53382,nan,1.008981466293335,52906.81918678631,52000,53930.651864182466,53236.37045728027,50,52948.821649581805,nan,nan,nan,0.03313429653644562
18.617157736007357,nav_to_wp,0,0.008785191923379898,-0.3743411898612976,1.7928657531738281,-0.0011300951009616256,-0.31178510189056396,0.0031058243475854397,0.014943035980786942,-0.3932360262825071,1.79935969475351,0.38132562356377625,53332,0.2513620993080785,0.013632855344086887,0.005588890144309522,0.8598199929110706,-0.002789903593400663,-0.29998700329603906,0.00011954665105220367,0.0,-1.0,0.1,0.0,0.0,0.0,3.594721555709839,53332,nan,0.9957542419433594,53559.40025514211,52000,53925.701842728595,53240.67752125176,50,52948.821649581805,nan,nan,nan,0.03313429653644562
18.635821379022673,nav_to_wp,0,0.008620251901447773,-0.3791905641555786,1.7928754091262817,-0.00048293088912032545,-0.3092903196811676,0.0019685933366417885,0.014888797833305212,-0.3990680340141938,1.7993620188441726,0.38190421741779285,53413,0.266628427910101,0.015948161808598555,0.005357452277825914,0.7254219963215292,-0.002789903593400663,-0.29998700329603906,0.00011954665105220367,0.0,-1.0,0.1,0.0,0.0,0.0,3.594721555709839,53413,nan,0.9957606196403503,53640.40206700658,52000,53921.89784571897,53246.00718186182,50,52948.821649581805,nan,nan,nan,0.03313429653644562
18.656050434015924,nav_to_wp,0,0.008516708388924599,-0.38399645686149597,1.7927777767181396,0.0004911935538984835,-0.30813533067703247,0.0009351679473184049,0.014833153646932384,-0.40505122739776284,1.7993644031832396,0.3825633653867179,53505,0.2840201949002079,0.01775570125142119,0.004889036154753779,0.9758340020198375,-0.002789903593400663,-0.29998700329603906,0.00011954665105220367,0.0,-1.0,0.1,0.0,0.0,0.0,3.594721555709839,53505,nan,0.9943649172782898,53808.213735507044,52000,53920.382057582814,53253.50326924376,50,52948.821649581805,nan,nan,nan,0.03313429653644562
18.676311803021235,nav_to_wp,0,0.00834402535110712,-0.39122870564460754,1.792667269706726,0.001448228838853538,-0.3070017695426941,-0.00026857119519263506,0.0147771727275933,-0.4110706283096846,1.799366801951228,0.38330776876420647,53609,0.30366144496586855,0.01704687206028075,0.004501965349721138,1.092755002900958,-0.002789903593400663,-0.29998700329603906,0.00011954665105220367,0.0,-1.0,0.1,0.0,0.0,0.0,3.594721555709839,53609,nan,0.9936606884002686,53951.01227795087,52000,53920.79046052106,53262.803389359855,50,52948.821649581805,nan,nan,nan,0.03313429653644562
18.696185421023984,nav_to_wp,0,0.008225604891777039,-0.3960157632827759,1.7926489114761353,0.002205339027568698,-0.30619391798973083,-0.00160530477296561,0.014721296044588024,-0.4170788211119468,1.7993691962527159,0.3840197505282572,53709,0.32244724348963416,0.018708208501209765,0.004164453930356915,0.9385379962623119,-0.002789903593400663,-0.29998700329603906,0.00011954665105220367,0.0,-1.0,0.1,0.0,0.0,0.0,3.594721555709839,53709,nan,1.0020700693130493,53598.04832492324,52000,53916.48723204642,53267.27332183403,50,52948.821649581805,nan,nan,nan,0.03313429653644562
18.716386748012155,nav_to_wp,0,0.008144083432853222,-0.4033508896827698,1.7925665378570557,0.0031292641069740057,-0.30635273456573486,-0.001806430402211845,0.014665166308985471,-0.42311422363232004,1.7993716013974426,0.3842224474051505,53737,0.32779544604618494,0.01726229780865096,0.003707755452879713,1.0467269748914987,-0.002789903593400663,-0.29998700329603906,0.00011954665105220367,0.0,-1.0,0.1,0.0,0.0,0.0,3.594721555709839,53737,nan,1.00063955783844,53702.65404665943,52000,53913.63612290793,53273.07839816504,50,52948.821649581805,nan,nan,nan,0.03313429653644562
18.73616120099905,nav_to_wp,0,0.008026089519262314,-0.4081590473651886,1.7924591302871704,0.00380331021733582,-0.3070114850997925,-0.0017840887885540724,0.014609407694771094,-0.42910972097698713,1.7993739906397135,0.38436110003422896,53756,0.33145382676065793,0.01814907085938925,0.0034204477806409894,0.8916980004869401,-0.002789903593400663,-0.29998700329603906,0.00011954665105220367,0.0,-1.0,0.1,0.0,0.0,0.0,3.5894429683685303,53756,nan,0.9960228204727173,53970.65096810446,52000,53914.39632084388,53282.37936576423,50,52889.59062102498,nan,nan,nan,0.03313429653644562
18.755807872017613,nav_to_wp,0,0.00799225177615881,-0.4130498766899109,1.7924213409423828,0.004649026785045862,-0.3081516921520233,-0.0029513004701584578,0.014553689793566103,-0.43510084061709486,1.7993763781374421,0.38500510721649395,53847,0.34844610069904824,0.01866961385952417,0.0029526641640975626,0.6009249773342162,-0.002789903593400663,-0.29998700329603906,0.00011954665105220367,0.0,-1.0,0.1,0.0,0.0,0.0,3.5894429683685303,53847,nan,0.9971128702163696,54002.913419736935,52000,53915.57654882912,53291.98648648387,50,52889.59062102498,nan,nan,nan,0.03313429653644562
18.776508067006944,nav_to_wp,0,0.007910802960395813,-0.4204016327857971,1.7923181056976318,0.005430988967418671,-0.3091960549354553,-0.004837099928408861,0.01449801372978491,-0.4410874616489281,1.799378763842448,0.3860731825695313,53996,0.37662750843090365,0.01666222970331816,0.0025661116275592644,1.3011840055696666,-0.002789903593400663,-0.29998700329603906,0.00011954665105220367,0.0,-1.0,0.1,0.0,0.0,0.0,3.5894429683685303,53996,nan,0.9996561408042908,54014.57340776857,52000,53916.89650694832,53301.62097876766,50,52889.59062102498,nan,nan,nan,0.03313429653644562
18.79673164401902,nav_to_wp,0,0.007844449952244759,-0.4253217875957489,1.7922379970550537,0.0059112077578902245,-0.31056100130081177,-0.005141732282936573,0.01444128526129089,-0.4471872434856012,1.7993811946427252,0.38633891576196205,54033,0.3836389383103427,0.017165566538652498,0.0023257109928647157,1.0776180133689195,-0.002789903593400663,-0.29998700329603906,0.00011954665105220367,0.0,-1.0,0.1,0.0,0.0,0.0,3.5894429683685303,54033,nan,1.0084240436553955,53581.62604308597,52000,53912.42623409682,53305.35437962524,50,52889.59062102498,nan,nan,nan,0.03313429653644562
18.81706977702561,nav_to_wp,0,0.007878684438765049,-0.43285027146339417,1.792179822921753,0.006563299801200628,-0.3126133680343628,-0.003785546636208892,0.014384493501127148,-0.45329383081848545,1.799383628155034,0.3857279316658194,53948,0.36751798590552376,0.01465375667159645,0.001896889814678504,0.7762929890304804,-0.002789903593400663,-0.29998700329603906,0.00011954665105220367,0.0,-1.0,0.1,0.0,0.0,0.0,3.5894429683685303,53948,nan,1.008581519126892,53488.98326701609,52000,53906.78032786908,53307.80276479045,50,52889.59062102498,nan,nan,nan,0.03313429653644562
18.835925658000633,nav_to_wp,0,0.007812974974513054,-0.43777596950531006,1.7921342849731445,0.006936142221093178,-0.31489187479019165,-0.002089223824441433,0.014330816668253345,-0.4590654826699414,1.7993859281935098,0.38494507383599996,53838,0.34686210649076266,0.014378752322167565,0.001719538411546706,0.78773801214993,-0.002789903593400663,-0.29998700329603906,0.00011954665105220367,0.0,-1.0,0.1,0.0,0.0,0.0,3.5894429683685303,53838,nan,0.9944684505462646,54137.46405974631,52000,53909.856110960776,53317.80276479045,50,52889.59062102498,nan,nan,nan,0.03313429653644562
18.856326369015733,nav_to_wp,0,0.007852097041904926,-0.44545748829841614,1.7921115159988403,0.0074788713827729225,-0.31764861941337585,-0.0013799701118841767,0.014274374577830151,-0.4651344714356712,1.7993883467225604,0.3846136613492201,53792,0.338117713699738,0.011280321967531162,0.0013394120514649277,0.9861360013019294,-0.002789903593400663,-0.29998700329603906,0.00011954665105220367,0.0,-1.0,0.1,0.0,0.0,0.0,3.5894429683685303,53792,nan,0.9935832619667053,54139.3983364049,52000,53912.9166739667,53327.80276479045,50,52889.59062102498,nan,nan,nan,0.03313429653644562
18.876526302017737,nav_to_wp,0,0.007829587906599045,-0.45058733224868774,1.7920730113983154,0.007669014856219292,-0.3192563056945801,-0.0019486391684040427,0.014218231127100005,-0.47117134868801597,1.7993907524549768,0.38495683138074255,53840,0.3471723319457123,0.011377493289105941,0.0012044823538470695,0.9731690224725753,-0.002789903593400663,-0.29998700329603906,0.00011954665105220367,0.0,-1.0,0.1,0.0,0.0,0.0,3.5894429683685303,53840,nan,1.0000338554382324,53838.17728491438,52000,53911.92014877934,53334.60775839211,50,52889.59062102498,nan,nan,nan,0.03313429653644562
18.896620090003125,nav_to_wp,0,0.007868706248700619,-0.45578327775001526,1.7921103239059448,0.007969418540596962,-0.32288575172424316,-0.002015637466683984,0.014162168053406123,-0.4771995833240711,1.7993931547432578,0.3849495996297599,53839,0.346981520574138,0.010356798963735384,0.0009495278092508386,0.9399160044267774,-0.002789903593400663,-0.29998700329603906,0.00011954665105220367,0.0,-1.0,0.1,0.0,0.0,0.0,3.5894429683685303,53839,nan,1.003036618232727,53676.006460123215,52000,53908.774632930596,53339.15974108186,50,52889.59062102498,nan,nan,nan,0.03313429653644562
18.916246467997553,nav_to_wp,0,0.007836833596229553,-0.46359798312187195,1.792129397392273,0.00807622168213129,-0.3261696398258209,-0.0014312162529677153,0.014106712807709957,-0.4831624606839876,1.7993955309862657,0.38463182573144583,53794,0.33859698499856883,0.006731851300094514,0.0008702521459307277,0.6310269818641245,-0.002789903593400663,-0.29998700329603906,0.00011954665105220367,0.0,-1.0,0.1,0.0,0.0,0.0,3.5894429683685303,53794,nan,1.0129259824752808,53107.53295965806,52000,53898.774632930596,53336.071383996205,50,52889.59062102498,nan,nan,nan,0.03313429653644562
18.93634325900348,nav_to_wp,0,0.00788190495222807,-0.46892622113227844,1.7921595573425293,0.007809375412762165,-0.3296310603618622,5.929571852902882e-05,0.014051870071336493,-0.4890594774039009,1.7993978809834066,0.38385622169516687,53686,0.31813249855321324,0.005534631707027201,0.000906928882375313,1.1441700044088066,-0.002789903593400663,-0.29998700329603906,0.00011954665105220367,0.0,-1.0,0.1,0.0,0.0,0.0,3.5841643810272217,53686,nan,1.005879521369934,53372.197027019305,52000,53891.75359818512,53336.55305923652,50,52830.35959246816,nan,nan,nan,0.03313429653644562
18.95678291202057,nav_to_wp,0,0.007835280150175095,-0.47421491146087646,1.7921743392944336,0.00767699908465147,-0.33332929015159607,0.0012811132473871112,0.0139956293728881,-0.49510681130845535,1.7994002908828628,0.3832349349864626,53599,0.30173970940534467,0.004405414707523987,0.0009674462776296799,1.3642659760080278,-0.002789903593400663,-0.29998700329603906,0.00011954665105220367,0.0,-1.0,0.1,0.0,0.0,0.0,3.5841643810272217,53599,nan,1.0119500160217285,52966.0547965732,52000,53881.75359818512,53331.613082401,50,52830.35959246816,nan,nan,nan,0.03313429653644562
18.976281529001426,nav_to_wp,0,0.007923298515379429,-0.4823462963104248,1.7923004627227783,0.007416898850351572,-0.33649009466171265,0.0035235052928328514,0.013940003231628948,-0.5010880643742341,1.7994026744487015,0.3819624931960785,53421,0.26816604738993277,0.000513372527886325,0.0009564327910567272,0.992162007605657,-0.002789903593400663,-0.29998700329603906,0.00011954665105220367,0.0,-1.0,0.1,0.0,0.0,0.0,3.5841643810272217,53421,nan,1.0059055089950562,53107.373925578686,52000,53871.75359818512,53328.623226976706,50,52830.35959246816,nan,nan,nan,0.03313429653644562
18.9966053480166,nav_to_wp,0,0.007911913096904755,-0.48772546648979187,1.7924070358276367,0.006868775002658367,-0.33915597200393677,0.004828498698771,0.01388401313907221,-0.5071084516449965,1.7994050736097595,0.3811868346571396,53312,0.24770012287967091,-0.00021144418096562655,0.0011991610560686539,1.2170409900136292,-0.002789903593400663,-0.29998700329603906,0.00011954665105220367,0.0,-1.0,0.1,0.0,0.0,0.0,3.5841643810272217,53312,nan,1.0012786388397217,53243.92025558217,52000,53863.38248695041,53327.49385402478,50,52830.35959246816,nan,nan,nan,0.03313429653644562
19.016658289008774,nav_to_wp,0,0.00798964686691761,-0.4960658848285675,1.7925397157669067,0.006551469676196575,-0.34188640117645264,0.0049410429783165455,0.013828540353225772,-0.5130732150260392,1.7994074506043582,0.38097781922429913,53283,0.24218520380736308,-0.004139225715326545,0.0012265355991534221,1.0346740018576384,-0.002789903593400663,-0.29998700329603906,0.00011954665105220367,0.0,-1.0,0.1,0.0,0.0,0.0,3.5841643810272217,53283,nan,0.9903258085250854,53803.50541339075,52000,53862.58412596962,53333.84067481633,50,52830.35959246816,nan,nan,nan,0.03313429653644562
19.03637190000154,nav_to_wp,0,0.007964709773659706,-0.5015787482261658,1.7925914525985718,0.0061192261055111885,-0.34434956312179565,0.003941010683774948,0.013772078440532767,-0.5191443351999416,1.7994098699827878,0.381424309034141,53346,0.25396593757627883,-0.004840504917432141,0.001418686999404839,0.9433260129299015,-0.002789903593400663,-0.29998700329603906,0.00011954665105220367,0.0,-1.0,0.1,0.0,0.0,0.0,3.5841643810272217,53346,nan,1.005289077758789,53065.333325744075,52000,53852.58412596962,53330.2605768287,50,52830.35959246816,nan,nan,nan,0.03313429653644562
19.057684074999997,nav_to_wp,0,0.007988661527633667,-0.5099090933799744,1.7927405834197998,0.006076735910028219,-0.3465002477169037,0.004330642521381378,0.013714963737881062,-0.5252856472270516,1.7994123173330991,0.38106134573888806,53295,0.24438906962765117,-0.008271807752726172,0.0013572437823579087,1.3505009992513806,-0.002789903593400663,-0.29998700329603906,0.00011954665105220367,0.0,-1.0,0.1,0.0,0.0,0.0,3.5841643810272217,53295,nan,1.007398247718811,52903.606017464415,52000,53842.58412596962,53324.57184937051,50,52830.35959246816,nan,nan,nan,0.03313429653644562
19.076383010018617,nav_to_wp,0,0.007978691719472408,-0.5154337286949158,1.792852520942688,0.0061345393769443035,-0.3474681079387665,0.005825381726026535,0.013660866145692108,-0.5311025416189163,1.7994146354010034,0.38018414959974234,53172,0.2212440527636481,-0.008492561389419888,0.0012835393346144475,1.029459002893418,-0.002789903593400663,-0.29998700329603906,0.00011954665105220367,0.0,-1.0,0.1,0.0,0.0,0.0,3.5841643810272217,53172,nan,1.0078234672546387,52759.23981492828,52000,53832.58412596962,53317.034088911285,50,52830.35959246816,nan,nan,nan,0.03313429653644562
19.09589211101411,nav_to_wp,0,0.008010613732039928,-0.5210282206535339,1.7929973602294922,0.00611701188609004,-0.3486427068710327,0.006682661361992359,0.013605476644055068,-0.5370583497871487,1.7994170088268953,0.37958460982757564,53088,0.20542506141360306,-0.00874412100222378,0.0012027942313075357,0.7658640097361058,-0.002789903593400663,-0.29998700329603906,0.00011954665105220367,0.0,-1.0,0.1,0.0,0.0,0.0,3.5841643810272217,53088,nan,0.9952792525291443,53339.80374361863,52000,53826.013720871604,53317.337684307386,50,52830.35959246816,nan,nan,nan,0.03313429653644562
19.117067398008658,nav_to_wp,0,0.008057747036218643,-0.5293958783149719,1.793105959892273,0.006312649231404066,-0.3489921987056732,0.005978260189294815,0.013547728845261016,-0.5432677360713732,1.7994194833052135,0.37981967131458577,53121,0.21162721146664154,-0.011195804784422829,0.0009885802347089356,1.1819899955298752,-0.002789903593400663,-0.29998700329603906,0.00011954665105220367,0.0,-1.0,0.1,0.0,0.0,0.0,3.5841643810272217,53121,nan,0.9874708652496338,53795.00486484829,52000,53825.60026945796,53323.70658004793,50,52830.35959246816,nan,nan,nan,0.03313429653644562
19.136316576012177,nav_to_wp,0,0.00802023895084858,-0.5349828004837036,1.7931660413742065,0.006284893490374088,-0.3490805923938751,0.004491942003369331,0.013493721754791028,-0.5490748991809347,1.7994217974951425,0.3804960528715847,53216,0.22947369054313072,-0.010990822451545746,0.0009840674099748092,1.041031995555386,-0.002789903593400663,-0.29998700329603906,0.00011954665105220367,0.0,-1.0,0.1,0.0,0.0,0.0,3.5894429683685303,53216,nan,0.9952195286750793,53471.61954392681,52000,53820.88052645088,53325.67875289965,50,52889.59062102498,nan,nan,nan,0.03313429653644562
19.155855787015753,nav_to_wp,0,0.008087389171123505,-0.5406016111373901,1.7932558059692383,0.006343195214867592,-0.34902387857437134,0.0037221775855869055,0.013437950837056838,-0.5550717194731214,1.7994241872646157,0.38077606235486455,53255,0.23686180355842978,-0.010555830908598404,0.0008235941572420913,0.7178039813879877,-0.002789903593400663,-0.29998700329603906,0.00011954665105220367,0.0,-1.0,0.1,0.0,0.0,0.0,3.5894429683685303,53255,nan,0.9920225143432617,53683.257416043474,52000,53819.045551645446,53330.44646840824,50,52889.59062102498,nan,nan,nan,0.03313429653644562
19.196464776003268,nav_to_wp,0,0.008131882175803185,-0.5489922761917114,1.793346643447876,0.006324904505163431,-0.34810003638267517,0.0024078628048300743,0.013382380019617461,-0.5610470237932359,1.7994265684598432,0.3813377066183308,53334,0.2516809134124198,-0.012589459627945913,0.0007270131891590204,1.0297299886588007,-0.002789903593400663,-0.29998700329603906,0.00011954665105220367,0.0,-1.0,0.1,0.0,0.0,0.0,3.5894429683685303,53334,nan,0.9931809902191162,53700.1820667484,52000,53817.46070518016,53335.376276386116,50,52889.59062102498,nan,nan,nan,0.03313429653644562
19.205404567997903,nav_to_wp,0,0.008131882175803185,-0.5489922761917114,1.793346643447876,0.006324904505163431,-0.34810003638267517,0.0024078628048300743,0.013320358110780861,-0.5677159877727092,1.7994292260826767,0.3813228408430167,53332,0.2512886765967455,-0.0055940356812221505,0.0006619817794200067,0.5971759965177625,-0.002789903593400663,-0.29998700329603906,0.00011954665105220367,0.0,-1.0,0.1,0.0,0.0,0.0,3.5894429683685303,53332,nan,0.9931809902191162,53698.16833509254,52000,53815.87014024566,53340.21350383553,50,52889.59062102498,nan,nan,nan,0.03313429653644562
19.21650864102412,nav_to_wp,0,0.008155183866620064,-0.5629025101661682,1.7933851480484009,0.006633606273680925,-0.3465465307235718,-7.53352214815095e-05,0.013270117733316485,-0.5731181315298091,1.7994313788699225,0.38255472299418475,53504,0.2837921634349527,-0.013660319989667463,0.00042156472877064033,0.7878649921622127,-0.002789903593400663,-0.29998700329603906,0.00011954665105220367,0.0,-1.0,0.1,0.0,0.0,0.0,3.5894429683685303,53504,nan,1.0013290643692017,53432.98412465979,52000,53810.76499337118,53341.45044544653,50,52889.59062102498,nan,nan,nan,0.03313429653644562
19.23626939402311,nav_to_wp,0,0.00815192237496376,-0.5683860182762146,1.7934006452560425,0.005679266061633825,-0.33675116300582886,-0.00017777297762222588,0.01321481203766,-0.5790649283812975,1.7994337487047498,0.38257239119903275,53506,0.28425834298239216,-0.008054168152303247,0.0008660373385793729,1.0735940013546497,-0.002789903593400663,-0.29998700329603906,0.00011954665105220367,0.0,-1.0,0.1,0.0,0.0,0.0,3.5894429683685303,53506,nan,1.0017223358154297,53414.003149330434,52000,53805.47483545064,53342.41781483165,50,52889.59062102498,nan,nan,nan,0.03313429653644562
19.255922687007114,nav_to_wp,0,0.008182982914149761,-0.5739344954490662,1.7933791875839233,0.005712937563657761,-0.33563458919525146,-0.00018483525491319597,0.013158939550665955,-0.5850726700035127,1.7994361428264398,0.38260869769371947,53511,0.2852162979873203,-0.006989569019600149,0.0007574695835608214,0.7473939913325012,-0.002789903593400663,-0.29998700329603906,0.00011954665105220367,0.0,-1.0,0.1,0.0,0.0,0.0,3.5894429683685303,53511,nan,0.9925227165222168,53914.13124276053,52000,53806.9235875481,53350.040660537365,50,52889.59062102498,nan,nan,nan,0.03313429653644562
19.277200194017496,nav_to_wp,0,0.008209689520299435,-0.5821952819824219,1.7933149337768555,0.005861010402441025,-0.3346376121044159,-0.0020954147912561893,0.013100489109058085,-0.5913576086159976,1.7994386474128217,0.3836580648462043,53658,0.3129040856518266,-0.008510784454036111,0.0005894234219210315,0.7519510108977556,-0.002789903593400663,-0.29998700329603906,0.00011954665105220367,0.0,-1.0,0.1,0.0,0.0,0.0,3.5894429683685303,53658,nan,0.9898317456245422,54209.21306796849,52000,53812.28744728704,53360.040660537365,50,52889.59062102498,nan,nan,nan,0.03313429653644562
19.295669083017856,nav_to_wp,0,0.008246581070125103,-0.5876771807670593,1.7932684421539307,0.006041361019015312,-0.3321681022644043,-0.0036884192377328873,0.013047685407277528,-0.5970353762268775,1.799440910037855,0.38451718190262146,53778,0.3355720818633614,-0.007003494167342073,0.00040099330736542704,0.6693130126222968,-0.002789903593400663,-0.29998700329603906,0.00011954665105220367,0.0,-1.0,0.1,0.0,0.0,0.0,3.5894429683685303,53778,nan,0.9985150694847107,53857.975351090536,52000,53812.89661933776,53366.67978974475,50,52889.59062102498,nan,nan,nan,0.03313429653644562
19.315661030006595,nav_to_wp,0,0.008246141485869884,-0.593137800693512,1.7932218313217163,0.006125414744019508,-0.33168989419937134,-0.0037054354324936867,0.012991858033027073,-0.6030382670589822,1.7994433022264755,0.38459108823382376,53789,0.33752211698743295,-0.006189449034881382,0.00029959860388784065,0.6496389978565276,-0.002789903593400663,-0.29998700329603906,0.00011954665105220367,0.0,-1.0,0.1,0.0,0.0,0.0,3.5894429683685303,53789,nan,1.0019128322601318,53686.307099852056,52000,53811.20875907795,53370.94148721285,50,52889.59062102498,nan,nan,nan,0.03313429653644562
19.335986290010624,nav_to_wp,0,0.008280830457806587,-0.601291298866272,1.7930740118026733,0.006228298880159855,-0.33123600482940674,-0.0030290642753243446,0.012935828533106798,-0.6090628916435081,1.799445703076129,0.38445250292337196,53769,0.33386551249002494,-0.008170575449875876,0.00015179699751821651,0.7908279949333519,-0.002789903593400663,-0.29998700329603906,0.00011954665105220367,0.0,-1.0,0.1,0.0,0.0,0.0,3.5841643810272217,53769,nan,0.9924465417861938,54178.23301920844,52000,53816.10241587969,53380.94148721285,50,52830.35959246816,nan,nan,nan,0.03313429653644562
19.356203508999897,nav_to_wp,0,0.008264931850135326,-0.6040481328964233,1.793009877204895,0.006080436985939741,-0.3313383460044861,-0.003914472181349993,0.012879796232056519,-0.6150878174221678,1.7994481040458103,0.3849764504633787,53843,0.3476899858411251,-0.0048169230421135755,0.0001867065822638292,0.8668560185469687,-0.002789903593400663,-0.29998700329603906,0.00011954665105220367,0.0,-1.0,0.1,0.0,0.0,0.0,3.5841643810272217,53843,nan,0.9930365085601807,54220.564436314446,52000,53821.495242818826,53390.94148721285,50,52830.35959246816,nan,nan,nan,0.03313429653644562
19.37603665102506,nav_to_wp,0,0.008343026973307133,-0.6148716807365417,1.7928351163864136,0.006142028607428074,-0.3302292227745056,-0.005038978531956673,0.01282439488444409,-0.6210448993400259,1.799450477979299,0.38577886813317064,53955,0.3688619560203321,-0.009277874189765372,1.5969574277630016e-05,0.9577720193192363,-0.002789903593400663,-0.29998700329603906,0.00011954665105220367,0.0,-1.0,0.1,0.0,0.0,0.0,3.5841643810272217,53955,nan,1.0002100467681885,53943.66930659792,52000,53823.12423033588,53398.311191471315,50,52830.35959246816,nan,nan,nan,0.03313429653644562
19.396002635010518,nav_to_wp,0,0.00840671919286251,-0.6203689575195312,1.7927327156066895,0.005592589732259512,-0.3295421600341797,-0.005616069305688143,0.012768490768341738,-0.6270560419118077,1.7994528734562882,0.38620209054141164,54014,0.3800287741797259,-0.008379642664306047,0.00017661728686846345,0.8520839910488576,-0.002789903593400663,-0.29998700329603906,0.00011954665105220367,0.0,-1.0,0.1,0.0,0.0,0.0,3.5841643810272217,54014,nan,1.0011544227600098,53951.716910057425,52000,53824.838799398836,53405.689934385795,50,52830.35959246816,nan,nan,nan,0.03313429653644562
19.41605566101498,nav_to_wp,0,0.008403021842241287,-0.6257347464561462,1.7925714254379272,0.005286417901515961,-0.32874345779418945,-0.005597469862550497,0.012712525957895498,-0.6330737106999018,1.7994552715340146,0.3864009941878893,54042,0.38527689150103583,-0.007287067775044684,0.00028089303686673617,0.8419059740845114,-0.002789903593400663,-0.29998700329603906,0.00011954665105220367,0.0,-1.0,0.1,0.0,0.0,0.0,3.5841643810272217,54042,nan,0.9948487877845764,54321.823239435056,52000,53831.46525859932,53415.689934385795,50,52830.35959246816,nan,nan,nan,0.03313429653644562
19.436152874026448,nav_to_wp,0,0.008435538038611412,-0.6312593221664429,1.792449951171875,0.004897805396467447,-0.3285640478134155,-0.006535325199365616,0.012656939145888484,-0.6390507348509188,1.799457653414605,0.38703023030080713,54130,0.4018794274619282,-0.006714885180381772,0.0003901985864309676,1.0242350108455867,-0.002789903593400663,-0.29998700329603906,0.00011954665105220367,0.0,-1.0,0.1,0.0,0.0,0.0,3.5841643810272217,54130,nan,1.0068479776382446,53761.8401210601,52000,53830.536923432126,53420.30527020812,50,52830.35959246816,nan,nan,nan,0.03313429653644562
19.456874590017833,nav_to_wp,0,0.008431346155703068,-0.6394086480140686,1.7922781705856323,0.004379654303193092,-0.3287639319896698,-0.005503389518707991,0.012599878698505599,-0.6451862130293092,1.799460098440092,0.3867458799719165,54090,0.39437678026164846,-0.008906121753520313,0.0006037593781360595,1.0031720157712698,-0.002789903593400663,-0.29998700329603906,0.00011954665105220367,0.0,-1.0,0.1,0.0,0.0,0.0,3.5841643810272217,54090,nan,1.0059479475021362,53770.177805233936,52000,53829.732135189486,53424.9702373418,50,52830.35959246816,nan,nan,nan,0.03313429653644562
19.475697526999284,nav_to_wp,0,0.008540818467736244,-0.6475645899772644,1.7920652627944946,0.0037361131981015205,-0.3288015127182007,-0.004674221388995647,0.01254546022557989,-0.6510376104236656,1.7994624302576532,0.3866171878575972,54072,0.3909812099629857,-0.011312969069795717,0.0007673051878276382,0.6805269804317504,-0.002789903593400663,-0.29998700329603906,0.00011954665105220367,0.0,-1.0,0.1,0.0,0.0,0.0,3.5841643810272217,54072,nan,1.0107369422912598,53497.5993629194,52000,53825.303698225885,53425.93862568283,50,52830.35959246816,nan,nan,nan,0.03313429653644562
19.495521458011353,nav_to_wp,0,0.008527001366019249,-0.653001606464386,1.7919437885284424,0.003129352116957307,-0.3290117383003235,-0.003405355615541339,0.01248984301199902,-0.6570179035324549,1.7994648134409432,0.38614327736807436,54006,0.3784769754109316,-0.010872941241236833,0.0010392142297144247,0.6021360168233514,-0.002789903593400663,-0.29998700329603906,0.00011954665105220367,0.0,-1.0,0.1,0.0,0.0,0.0,3.5841643810272217,54006,nan,1.0016746520996094,53915.70994314179,52000,53826.50911482476,53432.468909915624,50,52830.35959246816,nan,nan,nan,0.03313429653644562
19.515310807997594,nav_to_wp,0,0.008548079058527946,-0.6583329439163208,1.7917780876159668,0.0028115336317569017,-0.32866236567497253,-0.0034773892257362604,0.0124337357015947,-0.6630508947623335,1.799467217624756,0.38639348508194715,54041,0.3850787620566525,-0.009958651778494455,0.0011231434281118169,0.3268290020059794,-0.002789903593400663,-0.29998700329603906,0.00011954665105220367,0.0,-1.0,0.1,0.0,0.0,0.0,3.5841643810272217,54041,nan,1.0129899978637695,53348.00947093618,52000,53820.12911957291,53431.342784062566,50,52830.35959246816,nan,nan,nan,0.03313429653644562
19.53572485301993,nav_to_wp,0,0.008499141782522202,-0.666412889957428,1.791567325592041,0.0024684551171958447,-0.3284410238265991,-0.0010790068190544844,0.012378089001528824,-0.6690343584331077,1.7994696020715344,0.3854775032307749,53913,0.3609103754821863,-0.012043070729257168,0.0012968520378482395,0.7263000006787479,-0.002789903593400663,-0.29998700329603906,0.00011954665105220367,0.0,-1.0,0.1,0.0,0.0,0.0,3.578885793685913,53913,nan,1.009505033493042,53405.38007369093,52000,53814.59913229448,53430.99661459094,50,52771.128563911334,nan,nan,nan,0.03313429653644562
19.55634167001699,nav_to_wp,0,0.008606125600636005,-0.6719707250595093,1.7914881706237793,0.0018459964776411653,-0.3285715878009796,0.0006375733064487576,0.012321999998504106,-0.675065381144806,1.7994720054708806,0.3847273473822849,53808,0.34111734517902015,-0.011642427855224504,0.0014534187538550736,1.1267430090811104,-0.002789903593400663,-0.29998700329603906,0.00011954665105220367,0.0,-1.0,0.1,0.0,0.0,0.0,3.578885793685913,53808,nan,0.9980810880661011,53911.45132732582,52000,53815.8904948949,53437.4026774274,50,52771.128563911334,nan,nan,nan,0.03313429653644562
19.575823026010767,nav_to_wp,0,0.008644930087029934,-0.6800482273101807,1.7913817167282104,0.0012781561817973852,-0.32810813188552856,0.00026273459661751986,0.01226644852070028,-0.68103860595245,1.7994743858374094,0.3850684380863661,53855,0.3501170999041179,-0.013577435816103477,0.0016490463601237515,0.7711559883318841,-0.002789903593400663,-0.29998700329603906,0.00011954665105220367,0.0,-1.0,0.1,0.0,0.0,0.0,3.578885793685913,53855,nan,1.0055807828903198,53556.114950014955,52000,53812.42682096317,53438.985507728576,50,52771.128563911334,nan,nan,nan,0.03313429653644562
19.5960515110055,nav_to_wp,0,0.00861559621989727,-0.6854106783866882,1.7913116216659546,0.0006302232504822314,-0.3273303508758545,0.0006221209187060595,0.012210524512579996,-0.6870518874321367,1.7994767821667663,0.38498232336366667,53843,0.3478449436323654,-0.012500107552638452,0.0019583923325212638,0.8879619999788702,-0.002789903593400663,-0.29998700329603906,0.00011954665105220367,0.0,-1.0,0.1,0.0,0.0,0.0,3.578885793685913,53843,nan,1.0086065530776978,53383.55162942533,52000,53806.708485076,53438.2463893512,50,52771.128563911334,nan,nan,nan,0.03313429653644562
19.61613012800808,nav_to_wp,0,0.008670995943248272,-0.6907539963722229,1.7912968397140503,0.00018433493096381426,-0.32719653844833374,0.0014989455230534077,0.01215468801813345,-0.6930557589218886,1.7994791747461851,0.38457015348569057,53786,0.33696974896280985,-0.011756803994998557,0.0020766814373698317,0.9842880244832486,-0.002789903593400663,-0.29998700329603906,0.00011954665105220367,0.0,-1.0,0.1,0.0,0.0,0.0,3.578885793685913,53786,nan,0.9952980279922485,54040.095014052305,52000,53809.82030546235,53446.27103768055,50,52771.128563911334,nan,nan,nan,0.03313429653644562
19.63577289300156,nav_to_wp,0,0.008701938204467297,-0.6988204717636108,1.7912449836730957,-1.6472016795887612e-05,-0.3261197507381439,0.0009500228334218264,0.012099024810173256,-0.6990409976194987,1.7994815599003224,0.3849283828516168,53836,0.34642171112445297,-0.013349244175689312,0.0020890870814112006,0.7315500115510076,-0.002789903593400663,-0.29998700329603906,0.00011954665105220367,0.0,-1.0,0.1,0.0,0.0,0.0,3.578885793685913,53836,nan,1.0113669633865356,53230.92601297908,52000,53802.10171489591,53443.399770684526,50,52771.128563911334,nan,nan,nan,0.03313429653644562
19.656280357012292,nav_to_wp,0,0.008736939169466496,-0.7041215300559998,1.791185736656189,9.681029041530564e-05,-0.32569819688796997,0.0031269416213035583,0.01204283563569299,-0.7050827913610047,1.7994839675919898,0.3839203573000876,53695,0.3198247308730231,-0.012392843595525649,0.0019405490309372109,0.9885990002658218,-0.002789903593400663,-0.29998700329603906,0.00011954665105220367,0.0,-1.0,0.1,0.0,0.0,0.0,3.578885793685913,53695,nan,1.0124973058700562,53032.23987727945,52000,53792.10171489591,53437.91763877246,50,52771.128563911334,nan,nan,nan,0.03313429653644562
19.676975620008307,nav_to_wp,0,0.008793558925390244,-0.7120890617370605,1.7912051677703857,0.000422506796894595,-0.32395973801612854,0.005202059634029865,0.011986583375864276,-0.711131368413833,1.799486377986848,0.38287513573448523,53549,0.29224632544815776,-0.01352344073927284,0.0016577937129502729,1.2176700111012906,-0.002789903593400663,-0.29998700329603906,0.00011954665105220367,0.0,-1.0,0.1,0.0,0.0,0.0,3.578885793685913,53549,nan,1.0079855918884277,53124.76728926027,52000,53783.2039225541,53433.74230077896,50,52771.128563911334,nan,nan,nan,0.03313429653644562
19.69603503300459,nav_to_wp,0,0.00886848010122776,-0.7174805998802185,1.7912253141403198,0.0009623390506021678,-0.3229643702507019,0.006021987646818161,0.011931053938304268,-0.717102223323567,1.799488757408958,0.3824454440340499,53489,0.28090881356332,-0.012412095966564698,0.0012409119659588796,0.6830609927419573,-0.002789903593400663,-0.29998700329603906,0.00011954665105220367,0.0,-1.0,0.1,0.0,0.0,0.0,3.578885793685913,53489,nan,1.005513310432434,53195.71550673592,52000,53775.370743676525,53430.56861019172,50,52771.128563911334,nan,nan,nan,0.03313429653644562
19.716706781007815,nav_to_wp,0,0.008954664692282677,-0.7227304577827454,1.7912594079971313,0.0015786663861945271,-0.32086992263793945,0.0064501650631427765,0.011875394775735088,-0.7230870270367101,1.7994911423897515,0.3821916000382569,53453,0.2742110828036104,-0.0105549998171794,0.0007707601804938236,1.3313349918462336,-0.002789903593400663,-0.29998700329603906,0.00011954665105220367,0.0,-1.0,0.1,0.0,0.0,0.0,3.578885793685913,53453,nan,1.0002319812774658,53440.60278069839,52000,53770.90717083682,53430.70239913182,50,52771.128563911334,nan,nan,nan,0.03313429653644562
19.73621478700079,nav_to_wp,0,0.00910993479192257,-0.7305759191513062,1.791282057762146,0.002178655005991459,-0.31833234429359436,0.006717327516525984,0.011819869765678618,-0.7290574058749694,1.7994935216221442,0.3820434353440723,53432,0.270301724118001,-0.011193918138105288,0.00023626180196623103,1.017914997646585,-0.002789903593400663,-0.29998700329603906,0.00011954665105220367,0.0,-1.0,0.1,0.0,0.0,0.0,3.5841643810272217,53432,nan,1.007838487625122,53016.4313588654,52000,53760.90717083682,53425.1787852616,50,52830.35959246816,nan,nan,nan,0.03313429653644562
19.756073777010897,nav_to_wp,0,0.0091620571911335,-0.735815703868866,1.7913601398468018,0.0026480434462428093,-0.3163667917251587,0.0075263045728206635,0.011763797404441875,-0.7350866391627905,1.799495924308394,0.3815452195267791,53363,0.2571561880416642,-0.009350492156095914,-0.0001229037092420615,0.8373229939024895,-0.002789903593400663,-0.29998700329603906,0.00011954665105220367,0.0,-1.0,0.1,0.0,0.0,0.0,3.5841643810272217,53363,nan,1.0019140243530273,53261.05703975792,52000,53754.242502422436,53422.99049532156,50,52830.35959246816,nan,nan,nan,0.03313429653644562
19.77627054002369,nav_to_wp,0,0.009212263859808445,-0.7409567832946777,1.7913261651992798,0.002919637132436037,-0.3148176968097687,0.006821679417043924,0.011707999667296638,-0.7410863432373307,1.7994983152270723,0.38194562441684804,53419,0.2677209608667024,-0.007630256833828704,-0.00037600594528419684,0.9028469794429839,-0.002789903593400663,-0.29998700329603906,0.00011954665105220367,0.0,-1.0,0.1,0.0,0.0,0.0,3.5841643810272217,53419,nan,0.9883157014846802,54050.542675535995,52000,53758.19317139729,53431.35785772442,50,52830.35959246816,nan,nan,nan,0.03313429653644562
19.795797971019056,nav_to_wp,0,0.009386097081005573,-0.7486490607261658,1.7913678884506226,0.0029782105702906847,-0.3130156099796295,0.004553372506052256,0.011652368052230938,-0.7470681848792978,1.7995006990274622,0.38304135744220474,53572,0.29663212248561166,-0.008453684843021477,-0.0006451378071543612,0.6571619887836277,-0.002789903593400663,-0.29998700329603906,0.00011954665105220367,0.0,-1.0,0.1,0.0,0.0,0.0,3.5841643810272217,53572,nan,0.9960145354270935,53786.36364681987,52000,53758.56877773626,53436.0912682457,50,52830.35959246816,nan,nan,nan,0.03313429653644562
19.816157009016024,nav_to_wp,0,0.009461597539484501,-0.7512896060943604,1.7914155721664429,0.0029957646038383245,-0.3121982216835022,0.0033911801874637604,0.011596535985450325,-0.7530715802801135,1.7995030914171564,0.38356417914722984,53645,0.3104268904282268,-0.004508920533998157,-0.0007903717529063048,0.9077349968720227,-0.002789903593400663,-0.29998700329603906,0.00011954665105220367,0.0,-1.0,0.1,0.0,0.0,0.0,3.5841643810272217,53645,nan,0.9957392811775208,53874.54428488711,52000,53760.11511783161,53441.93730846759,50,52830.35959246816,nan,nan,nan,0.03313429653644562
19.836677432002034,nav_to_wp,0,0.009688034653663635,-0.7614163160324097,1.7913092374801636,0.0028332374058663845,-0.3110850155353546,0.00262078526429832,0.011540204774158989,-0.759128646663087,1.7995055051950646,0.38410247265163566,53720,0.32462988526743075,-0.008161120483431528,-0.0009991089431216071,0.8647959912195802,-0.002789903593400663,-0.29998700329603906,0.00011954665105220367,0.0,-1.0,0.1,0.0,0.0,0.0,3.5841643810272217,53720,nan,0.9962232112884521,53923.65826381614,52000,53762.2956931114,53448.36025453891,50,52830.35959246816,nan,nan,nan,0.03313429653644562
19.85577058402123,nav_to_wp,0,0.009774860925972462,-0.7665480971336365,1.7913038730621338,0.0028164873365312815,-0.30772584676742554,0.000757453206460923,0.011485092574973776,-0.76505463762483,1.7995078667386177,0.38504524088360825,53852,0.3495050365068124,-0.005571202419310286,-0.0011354136446837249,0.6630969874095172,-0.002789903593400663,-0.29998700329603906,0.00011954665105220367,0.0,-1.0,0.1,0.0,0.0,0.0,3.5841643810272217,53852,nan,1.0018562078475952,53752.224698688595,52000,53762.161413185764,53452.411780460905,50,52830.35959246816,nan,nan,nan,0.03313429653644562
19.876041791023454,nav_to_wp,0,0.009959735907614231,-0.7740325331687927,1.7912647724151611,0.002686759689822793,-0.3066645562648773,0.0004553935141302645,0.011429228270757822,-0.7710614993861478,1.7995102605096778,0.3852587623205468,53882,0.3551388475078294,-0.00655129642253614,-0.0013173895257727608,0.8573200029786676,-0.002789903593400663,-0.29998700329603906,0.00011954665105220367,0.0,-1.0,0.1,0.0,0.0,0.0,3.5841643810272217,53882,nan,1.0088281631469727,53410.48353757162,52000,53757.47237484424,53451.85273722238,50,52830.35959246816,nan,nan,nan,0.03313429653644562
19.896095122006955,nav_to_wp,0,0.010137408040463924,-0.7790740728378296,1.7911831140518188,0.0028365368489176035,-0.3048095405101776,0.0020443161483854055,0.011373190585217564,-0.7770870041371479,1.799512661710083,0.38457364510284736,53786,0.3370618760645723,-0.004574789381198253,-0.0016407139742635746,0.7651379855815321,-0.002789903593400663,-0.29998700329603906,0.00011954665105220367,0.0,-1.0,0.1,0.0,0.0,0.0,3.5841643810272217,53786,nan,1.0030561685562134,53622.12175756708,52000,53755.66769994721,53454.122990826974,50,52830.35959246816,nan,nan,nan,0.03313429653644562
19.915774530003546,nav_to_wp,0,0.010234207846224308,-0.7841086983680725,1.7911224365234375,0.0031317565590143204,-0.30270421504974365,0.0026197799015790224,0.011317678966719116,-0.7830559430355577,1.7995150403686508,0.38437052792187754,53758,0.33170258369069927,-0.002509420641823073,-0.0019536983339039082,0.6440959987230599,-0.002789903593400663,-0.29998700329603906,0.00011954665105220367,0.0,-1.0,0.1,0.0,0.0,0.0,3.5841643810272217,53758,nan,1.0009620189666748,53706.33348855345,52000,53755.009910461966,53457.48579746333,50,52830.35959246816,nan,nan,nan,0.03313429653644562
19.935813784017228,nav_to_wp,0,0.010443029925227165,-0.7913995385169983,1.7910300493240356,0.003597497008740902,-0.3005468547344208,0.0020594592206180096,0.01126186214392217,-0.7890576993127171,1.7995174321051444,0.3847783072774538,53815,0.34246193344205267,-0.0027254926899144055,-0.0024688195253823597,0.6889179931022227,-0.002789903593400663,-0.29998700329603906,0.00011954665105220367,0.0,-1.0,0.1,0.0,0.0,0.0,3.578885793685913,53815,nan,1.0013011693954468,53745.068561631415,52000,53754.87735914422,53461.3202343189,50,52771.128563911334,nan,nan,nan,0.03313429653644562
19.956214066012762,nav_to_wp,0,0.010604256764054298,-0.7963038086891174,1.7909823656082153,0.004294760525226593,-0.2984783947467804,0.0018393396167084575,0.011205843471606,-0.7950811596489455,1.799519832490838,0.3849587506912709,53840,0.3472229733844543,-0.0004866463948833302,-0.003055651986380914,0.9246989793609828,-0.002789903593400663,-0.29998700329603906,0.00011954665105220367,0.0,-1.0,0.1,0.0,0.0,0.0,3.578885793685913,53840,nan,0.999462366104126,53868.961779788355,52000,53756.39848475281,53466.75545492516,50,52771.128563911334,nan,nan,nan,0.03313429653644562
19.976417655998375,nav_to_wp,0,0.01083238422870636,-0.8035889267921448,1.7909234762191772,0.004907175432890654,-0.2965429127216339,0.0017719254828989506,0.011149907737519319,-0.8010957019741786,1.7995222293226496,0.38507853532575753,53857,0.35038351783001254,-0.0008010675536626274,-0.0036678480856364715,0.7194250065367669,-0.002789903593400663,-0.29998700329603906,0.00011954665105220367,0.0,-1.0,0.1,0.0,0.0,0.0,3.578885793685913,53857,nan,1.007538080215454,53454.05901530104,52000,53752.36729182679,53466.58616906351,50,52771.128563911334,nan,nan,nan,0.03313429653644562
19.995880047004903,nav_to_wp,0,0.011055642738938332,-0.8085240721702576,1.7909114360809326,0.005605920217931271,-0.2950681149959564,0.0018836170202121139,0.011094693634299508,-0.8070326502629185,1.7995245952327643,0.3850503847124396,53853,0.34964075758415625,0.0010056153465660654,-0.004320342597462279,0.7545449770987034,-0.002789903593400663,-0.29998700329603906,0.00011954665105220367,0.0,-1.0,0.1,0.0,0.0,0.0,3.578885793685913,53853,nan,0.9978984594345093,53966.41260526397,52000,53755.22122933929,53473.25052154618,50,52771.128563911334,nan,nan,nan,0.03313429653644562
20.016891250998015,nav_to_wp,0,0.011271107941865921,-0.815708339214325,1.7908436059951782,0.006096248049288988,-0.2925519049167633,0.000772927887737751,0.011037469974689715,-0.8131856779892458,1.7995270472518532,0.38570330975073086,53944,0.36686833115384765,0.001239193228741347,-0.004850082439669556,0.9282029932364821,-0.002789903593400663,-0.29998700329603906,0.00011954665105220367,0.0,-1.0,0.1,0.0,0.0,0.0,3.578885793685913,53944,nan,0.9983203411102295,54034.75996493171,52000,53758.948412480524,53480.73731412466,50,52771.128563911334,nan,nan,nan,0.03313429653644562
20.036278272018535,nav_to_wp,0,0.011344915255904198,-0.8181157112121582,1.7908200025558472,0.006448240485042334,-0.2913132905960083,-0.00021903481683693826,0.010983252168407065,-0.819015498514403,1.7995293704709006,0.3862463943056028,54020,0.3811977389341106,0.005423210741580968,-0.005158113874017101,0.8786249964032322,-0.002789903593400663,-0.29998700329603906,0.00011954665105220367,0.0,-1.0,0.1,0.0,0.0,0.0,3.578885793685913,54020,nan,1.0078141689300537,53601.15154696659,52000,53756.84445427367,53482.34283722922,50,52771.128563911334,nan,nan,nan,0.03313429653644562
20.05615650501568,nav_to_wp,0,0.011645307764410973,-0.8253204822540283,1.7907692193984985,0.006616455502808094,-0.289810448884964,0.000484070013044402,0.010927197634676356,-0.8250428148828998,1.7995317723932465,0.38597015617259683,53981,0.37390913384160385,0.0049855727069946605,-0.00561838070931775,0.9148709941655397,-0.002789903593400663,-0.29998700329603906,0.00011954665105220367,0.0,-1.0,0.1,0.0,0.0,0.0,3.578885793685913,53981,nan,1.007604718208313,53573.58796015476,52000,53754.40103435208,53483.55943886822,50,52771.128563911334,nan,nan,nan,0.03313429653644562
20.075973041006364,nav_to_wp,0,0.011800839565694332,-0.8300220370292664,1.7907109260559082,0.006852772086858749,-0.28923770785331726,0.0011676917783915997,0.010870868644119722,-0.8310996424792897,1.7995341860759968,0.38571765920410384,53946,0.36724694469930874,0.006691335936314393,-0.0059643033945429025,0.7304270111490041,-0.002789903593400663,-0.29998700329603906,0.00011954665105220367,0.0,-1.0,0.1,0.0,0.0,0.0,3.578885793685913,53946,nan,1.0009649991989136,53893.9923405651,52000,53756.262251768254,53489.031877557514,50,52771.128563911334,nan,nan,nan,0.03313429653644562
20.096240761020454,nav_to_wp,0,0.012070439755916595,-0.8372203707695007,1.790718913078308,0.006906006019562483,-0.2884930372238159,0.0008279490284621716,0.010815256218069358,-0.8370794208043663,1.7995365690541423,0.38588808551704945,53970,0.3717436811886383,0.0058111945112623575,-0.0063263721110324855,0.9712130122352391,-0.002789903593400663,-0.29998700329603906,0.00011954665105220367,0.0,-1.0,0.1,0.0,0.0,0.0,3.578885793685913,53970,nan,0.9974486827850342,54108.046791246685,52000,53760.95271229463,53497.285409740034,50,52771.128563911334,nan,nan,nan,0.03313429653644562
20.11606419601594,nav_to_wp,0,0.012319316156208515,-0.841991126537323,1.79060959815979,0.006960100028663874,-0.2881971299648285,0.00024940111325122416,0.010759781535057793,-0.8430443881798706,1.799538946130034,0.3863302373128273,54032,0.38340995548356815,0.0071942724426383,-0.0066622629152413015,0.8615900005679578,-0.002789903593400663,-0.29998700329603906,0.00011954665105220367,0.0,-1.0,0.1,0.0,0.0,0.0,3.578885793685913,54032,nan,1.0059115886688232,53714.46219394235,52000,53760.3328387166,53500.18110019607,50,52771.128563911334,nan,nan,nan,0.03313429653644562
20.135689567017835,nav_to_wp,0,0.012554776854813099,-0.8491122126579285,1.7906333208084106,0.006669787690043449,-0.2878139317035675,0.0015050696674734354,0.010704066393085219,-0.8490352111309222,1.7995413335095305,0.3856825443608805,53941,0.36632043168549977,0.0062328080232300406,-0.006824895019085231,0.6437600241042674,-0.002789903593400663,-0.29998700329603906,0.00011954665105220367,0.0,-1.0,0.1,0.0,0.0,0.0,3.5736072063446045,53941,nan,1.0087950229644775,53470.723756633175,52000,53756.471384288816,53499.78833561523,50,52711.89753535451,nan,nan,nan,0.03313429653644562
20.15612445102306,nav_to_wp,0,0.012703320011496544,-0.8539122939109802,1.7905467748641968,0.0062629180029034615,-0.28871187567710876,0.0031159096397459507,0.010648338716019324,-0.855027381929652,1.7995437214261523,0.38499929092450325,53846,0.3482926365304273,0.007015976658682566,-0.006837875846782637,0.974865019088611,-0.002789903593400663,-0.29998700329603906,0.00011954665105220367,0.0,-1.0,0.1,0.0,0.0,0.0,3.5736072063446045,53846,nan,1.0080875158309937,53414.01332166413,52000,53751.905276787154,53498.64466876255,50,52711.89753535451,nan,nan,nan,0.03313429653644562
20.17590351399849,nav_to_wp,0,0.012939129024744034,-0.8611201643943787,1.790583610534668,0.005499711260199547,-0.289358913898468,0.003725724993273616,0.010592472785348646,-0.8610344185770414,1.7995461152669054,0.384656266924618,53798,0.33924187136195094,0.005437003596408604,-0.006750455953383971,0.8193039975594729,-0.002789903593400663,-0.29998700329603906,0.00011954665105220367,0.0,-1.0,0.1,0.0,0.0,0.0,3.5736072063446045,53798,nan,1.0072976350784302,53408.24610971233,52000,53747.32315455949,53497.43935464188,50,52711.89753535451,nan,nan,nan,0.03313429653644562
20.195869172021048,nav_to_wp,0,0.013061108067631721,-0.8659180998802185,1.7906094789505005,0.00471024215221405,-0.2906884253025055,0.004758437629789114,0.010536638882787747,-0.8670380113718559,1.7995485077352626,0.384120187048475,53723,0.3250972836009218,0.006007867895615446,-0.006533982764632462,0.8046420116443187,-0.002789903593400663,-0.29998700329603906,0.00011954665105220367,0.0,-1.0,0.1,0.0,0.0,0.0,3.5736072063446045,53723,nan,1.0081239938735962,53290.0717833089,52000,53741.226469609486,53494.67445369078,50,52711.89753535451,nan,nan,nan,0.03313429653644562
20.21595188000356,nav_to_wp,0,0.013308210298418999,-0.8731783628463745,1.7906434535980225,0.0036556096747517586,-0.2929805815219879,0.006532920058816671,0.010480942569803538,-0.8730268097182552,1.7995508943079417,0.3831972233880681,53594,0.30074468042395885,0.0034987011718432236,-0.0063153532539712565,0.8793039887677878,-0.002789903593400663,-0.29998700329603906,0.00011954665105220367,0.0,-1.0,0.1,0.0,0.0,0.0,3.5736072063446045,53594,nan,1.0155621767044067,52772.74127510094,52000,53731.226469609486,53485.04867797625,50,52711.89753535451,nan,nan,nan,0.03313429653644562
20.235818803019356,nav_to_wp,0,0.013372830115258694,-0.8780326843261719,1.790736436843872,0.002679494908079505,-0.29576438665390015,0.008710218593478203,0.010425094918580733,-0.8790318808508495,1.7995532873654252,0.382002954887979,53427,0.2692336382052485,0.0032571113598282844,-0.005950182223074751,0.7709130004514009,-0.002789903593400663,-0.29998700329603906,0.00011954665105220367,0.0,-1.0,0.1,0.0,0.0,0.0,3.5736072063446045,53427,nan,1.010819673538208,52855.124804790925,52000,53721.226469609486,53476.64969300045,50,52711.89753535451,nan,nan,nan,0.03313429653644562
20.255986009025946,nav_to_wp,0,0.013463295064866543,-0.8828672766685486,1.7907058000564575,0.0012984912609681487,-0.29769134521484375,0.009791619144380093,0.010369320904078692,-0.8850290341259068,1.7995556772675945,0.38151143223505024,53358,0.25626470277177305,0.0034700309203289734,-0.005387200494863409,0.9066969796549529,-0.002789903593400663,-0.29998700329603906,0.00011954665105220367,0.0,-1.0,0.1,0.0,0.0,0.0,3.5736072063446045,53358,nan,0.9976112246513367,53485.76547807842,52000,53718.08698972241,53476.77123680149,50,52711.89753535451,nan,nan,nan,0.03313429653644562
20.276391810999485,nav_to_wp,0,0.013578101061284542,-0.8878015875816345,1.7907930612564087,-0.00019668566528707743,-0.2987700402736664,0.00932746659964323,0.01031261994127176,-0.8911258583877509,1.7995581068892599,0.38164600598154613,53377,0.2598154612545134,0.004121943738061269,-0.004781506837552962,0.9749470045790076,-0.002789903593400663,-0.29998700329603906,0.00011954665105220367,0.0,-1.0,0.1,0.0,0.0,0.0,3.5736072063446045,53377,nan,0.9998109340667725,53387.093680689046,52000,53713.67374560197,53475.57553605333,50,52711.89753535451,nan,nan,nan,0.03313429653644562
20.295750614022836,nav_to_wp,0,0.013625066727399826,-0.8950814008712769,1.790855884552002,-0.0016661868430674076,-0.30032721161842346,0.009874289855360985,0.010257689230919438,-0.8970323345923391,1.7995604606560631,0.38130201174478706,53329,0.2507390961685232,0.0018681734366954232,-0.004121926323081171,0.6980850012041628,-0.002789903593400663,-0.29998700329603906,0.00011954665105220367,0.0,-1.0,0.1,0.0,0.0,0.0,3.5736072063446045,53329,nan,1.0064895153045654,52985.15204488996,52000,53703.960122925804,53469.03655617115,50,52711.89753535451,nan,nan,nan,0.03313429653644562
20.31554483101354,nav_to_wp,0,0.013717195950448513,-0.9023876786231995,1.7909495830535889,-0.0029052875470370054,-0.3011658489704132,0.010481067933142185,0.010202070831620513,-0.9030127551965758,1.7995628438901607,0.3808916982761722,53271,0.23991288327630933,3.7442634090906326e-05,-0.0036308911477351824,0.5105849995743483,-0.002789903593400663,-0.29998700329603906,0.00011954665105220367,0.0,-1.0,0.1,0.0,0.0,0.0,3.5736072063446045,53271,nan,0.999880850315094,53277.34797922435,52000,53698.271961009785,53466.48070847853,50,52711.89753535451,nan,nan,nan,0.03313429653644562
20.3352166020195,nav_to_wp,0,0.01374280359596014,-0.9073858261108398,1.7910562753677368,-0.0036529332865029573,-0.3018132150173187,0.009990778751671314,0.010146131571072083,-0.9090276767079192,1.7995652408730805,0.38101468668077837,53288,0.24315795991499556,0.0007650611446205452,-0.003322877688108905,0.2955170057248324,-0.002789903593400663,-0.29998700329603906,0.00011954665105220367,0.0,-1.0,0.1,0.0,0.0,0.0,3.578885793685913,53288,nan,0.9979948997497559,53395.06245308649,52000,53694.22916757081,53465.5284650733,50,52771.128563911334,nan,nan,nan,0.03313429653644562
20.35598438300076,nav_to_wp,0,0.013796008192002773,-0.9121885299682617,1.7910550832748413,-0.004249831661581993,-0.30183517932891846,0.008580728434026241,0.010090056944442358,-0.9150571535842479,1.7995676436564019,0.38173315150236903,53389,0.26211481536593695,0.002037597617325653,-0.0031184004062052573,0.8479149837512523,-0.002789903593400663,-0.29998700329603906,0.00011954665105220367,0.0,-1.0,0.1,0.0,0.0,0.0,3.578885793685913,53389,nan,1.0045878887176514,53145.17584733242,52000,53686.9084566343,53461.25709683676,50,52771.128563911334,nan,nan,nan,0.03313429653644562
20.376157993014203,nav_to_wp,0,0.013825408183038235,-0.9196177124977112,1.7911640405654907,-0.004655842669308186,-0.30287420749664307,0.008217407390475273,0.010034254171628943,-0.9210573991237365,1.7995700347908572,0.3817890736045072,53397,0.26359033257274866,-4.102256562886137e-06,-0.0029945212607656035,0.9584749932400882,-0.002789903593400663,-0.29998700329603906,0.00011954665105220367,0.0,-1.0,0.1,0.0,0.0,0.0,3.578885793685913,53397,nan,0.9960135817527771,53610.71473145212,52000,53685.89254029854,53463.2498652983,50,52771.128563911334,nan,nan,nan,0.03313429653644562
20.39658205601154,nav_to_wp,0,0.013810649514198303,-0.9244368672370911,1.7911860942840576,-0.004848587326705456,-0.3031601011753082,0.007009060122072697,0.009978076438520006,-0.9270979626210483,1.7995724419922647,0.3823772492871304,53479,0.27910947987151324,0.0011240745025704732,-0.0029324288846352964,1.2001589930150658,-0.002789903593400663,-0.29998700329603906,0.00011954665105220367,0.0,-1.0,0.1,0.0,0.0,0.0,3.578885793685913,53479,nan,0.9973129630088806,53623.0872189353,52000,53685.055136013696,53465.38103001346,50,52771.128563911334,nan,nan,nan,0.03313429653644562
20.415908857015893,nav_to_wp,0,0.013725758530199528,-0.9317923188209534,1.7911969423294067,-0.005372039508074522,-0.3038058578968048,0.005652471445500851,0.009922844538486582,-0.933036824528881,1.7995748086649683,0.38305284418665586,53573,0.2969352028141383,-0.0006943417268058085,-0.00262297899911923,0.8270260004792362,-0.002789903593400663,-0.29998700329603906,0.00011954665105220367,0.0,-1.0,0.1,0.0,0.0,0.0,3.578885793685913,53573,nan,0.9977373480796814,53694.49194531059,52000,53685.18096013766,53468.43584221743,50,52771.128563911334,nan,nan,nan,0.03313429653644562
20.43596771202283,nav_to_wp,0,0.013744708150625229,-0.9367440938949585,1.7912404537200928,-0.006032905541360378,-0.3045113980770111,0.00495791994035244,0.009867162412221452,-0.9390240974349915,1.79957719462975,0.38335670206563255,53616,0.30495256109848334,1.8579248816144737e-05,-0.002353992337508437,0.9229269926436245,-0.002789903593400663,-0.29998700329603906,0.00011954665105220367,0.0,-1.0,0.1,0.0,0.0,0.0,3.578885793685913,53616,nan,0.9971563816070557,53768.8982279694,52000,53686.297190375415,53472.44200736079,50,52771.128563911334,nan,nan,nan,0.03313429653644562
20.455894935003016,nav_to_wp,0,0.013716143555939198,-0.9416369199752808,1.79120934009552,-0.0070452699437737465,-0.3048743009567261,0.0045669483952224255,0.00981139572955419,-0.9450204623476305,1.799579584217752,0.38360221771268144,53650,0.3114305465087437,0.0009800728595847784,-0.0018530296084158238,0.8314409933518618,-0.002789903593400663,-0.29998700329603906,0.00011954665105220367,0.0,-1.0,0.1,0.0,0.0,0.0,3.578885793685913,53650,nan,0.9824844002723694,54606.46498318637,52000,53696.297190375415,53482.44200736079,50,52771.128563911334,nan,nan,nan,0.03313429653644562
20.475932371016825,nav_to_wp,0,0.013698410242795944,-0.9490768313407898,1.7912214994430542,-0.008173159323632717,-0.30563852190971375,0.0017156341345980763,0.009755510551325224,-0.9510295686067962,1.7995819788832583,0.3850236703255631,53849,0.3489358924950672,-0.0009069810148824029,-0.0012999431205955592,0.8359860221389681,-0.002789903593400663,-0.29998700329603906,0.00011954665105220367,0.0,-1.0,0.1,0.0,0.0,0.0,3.578885793685913,53849,nan,0.9919967651367188,54283.443144674406,52000,53704.1258030994,53492.44200736079,50,52771.128563911334,nan,nan,nan,0.03313429653644562
20.495958764018724,nav_to_wp,0,0.013603108003735542,-0.9539099335670471,1.7911585569381714,-0.00918602105230093,-0.30627676844596863,-0.0005442852852866054,0.009699676433917375,-0.9570331845032306,1.7995843713608213,0.3862433440499151,54020,0.3811172572536954,-2.240208913673645e-05,-0.0007304958534233297,0.8139109995681792,-0.002789903593400663,-0.29998700329603906,0.00011954665105220367,0.0,-1.0,0.1,0.0,0.0,0.0,3.578885793685913,54020,nan,1.0088043212890625,53548.541436631225,52000,53702.05134487982,53493.18999975106,50,52771.128563911334,nan,nan,nan,0.03313429653644562
20.515795979998074,nav_to_wp,0,0.013501434586942196,-0.9613755941390991,1.7911207675933838,-0.010467641055583954,-0.30781686305999756,0.0004031751013826579,0.009643958264843874,-0.9630243329461514,1.7995867588700283,0.38582926268592443,53962,0.3701916275969488,-0.002349425903463157,-1.929101061759475e-05,0.7588209991808981,-0.002789903593400663,-0.29998700329603906,0.00011954665105220367,0.0,-1.0,0.1,0.0,0.0,0.0,3.578885793685913,53962,nan,1.007012128829956,53586.24633717,52000,53700.507278110366,53494.430750916654,50,52771.128563911334,nan,nan,nan,0.03313429653644562
20.535941213020124,nav_to_wp,0,0.013448669575154781,-0.9663690328598022,1.7910947799682617,-0.011453135870397091,-0.3081662654876709,0.0015162137569859624,0.009588097735470928,-0.9690307888139309,1.7995891524793373,0.38531611872463173,53890,0.35665220909318407,-0.0014822902711798583,0.000488995185714769,0.8673800039105117,-0.002789903593400663,-0.29998700329603906,0.00011954665105220367,0.0,-1.0,0.1,0.0,0.0,0.0,3.568328619003296,53890,nan,1.0062559843063354,53554.96100442988,52000,53698.56666112796,53495.2378209635,50,52652.66650679769,nan,nan,nan,0.03313429653644562
20.556275016017025,nav_to_wp,0,0.013401049189269543,-0.9712351560592651,1.7910585403442383,-0.012291202321648598,-0.3078552782535553,0.0018640545895323157,0.009532148785617471,-0.9750467521768944,1.799591549877441,0.38519872281261625,53874,0.3535546916257566,-0.00012725007178929605,0.0009156303294468593,1.0672280041035265,-0.002789903593400663,-0.29998700329603906,0.00011954665105220367,0.0,-1.0,0.1,0.0,0.0,0.0,3.568328619003296,53874,nan,1.0010762214660645,53816.08197735649,52000,53700.13353201101,53499.51574304874,50,52652.66650679769,nan,nan,nan,0.03313429653644562
20.57559781600139,nav_to_wp,0,0.013263620436191559,-0.978651762008667,1.7909859418869019,-0.012859495356678963,-0.308267742395401,0.0018728586146607995,0.009476653041596473,-0.981013984157212,1.7995939278557918,0.3852974645322944,53887,0.3561600140447059,-0.0018460021845464918,0.0012954446378947715,0.6189120176713914,-0.002789903593400663,-0.29998700329603906,0.00011954665105220367,0.0,-1.0,0.1,0.0,0.0,0.0,3.568328619003296,53887,nan,1.0120172500610352,53247.11609090661,52000,53694.09329946295,53496.150414353506,50,52652.66650679769,nan,nan,nan,0.03313429653644562
20.596014909999212,nav_to_wp,0,0.013128099963068962,-0.9835068583488464,1.7909748554229736,-0.012922094203531742,-0.3073132336139679,0.003245235187932849,0.009420733003516497,-0.9870268387545871,1.7995963240150337,0.3846361594399621,53795,0.3387113308697103,-0.00014885225232116666,0.0014130016269142676,0.9161909983959049,-0.002789903593400663,-0.29998700329603906,0.00011954665105220367,0.0,-1.0,0.1,0.0,0.0,0.0,3.568328619003296,53795,nan,1.0023374557495117,53669.54980224105,52000,53693.76605283332,53498.462406192004,50,52652.66650679769,nan,nan,nan,0.03313429653644562
20.615806775022065,nav_to_wp,0,0.012980991043150425,-0.9908902049064636,1.790966510772705,-0.013020274229347706,-0.3065173327922821,0.00327381887473166,0.009364905657197766,-0.9930297265833067,1.7995987162024574,0.3846442635461668,53796,0.33892515952946667,-0.0011705825905824986,0.001558947506888675,0.7438389875460416,-0.002789903593400663,-0.29998700329603906,0.00011954665105220367,0.0,-1.0,0.1,0.0,0.0,0.0,3.568328619003296,53796,nan,0.9915217161178589,54255.997751243856,52000,53701.2624754788,53508.462406192004,50,52652.66650679769,nan,nan,nan,0.03313429653644562
20.63607117900392,nav_to_wp,0,0.012902866117656231,-0.9957097172737122,1.7909289598464966,-0.012714569456875324,-0.30536481738090515,0.001659790868870914,0.009309058536028203,-0.9990347407214287,1.7996011092372284,0.38550962133695493,53917,0.361757818917015,0.0006600272030204664,0.0014199654008701934,1.0025129886344075,-0.002789903593400663,-0.29998700329603906,0.00011954665105220367,0.0,-1.0,0.1,0.0,0.0,0.0,3.568328619003296,53917,nan,1.0051392316818237,53641.32480411171,52000,53700.463306527236,53510.23390483093,50,52652.66650679769,nan,nan,nan,0.03313429653644562
20.656302237999626,nav_to_wp,0,0.012867795303463936,-1.0005910396575928,1.7908703088760376,-0.012413254007697105,-0.3044382333755493,0.0016540661454200745,0.009252892394992007,-1.0050740577702353,1.7996035159419186,0.38559842076933437,53929,0.3641008118557867,0.0023417179677547076,0.0012414704434831059,0.9518679871689528,-0.002789903593400663,-0.29998700329603906,0.00011954665105220367,0.0,-1.0,0.1,0.0,0.0,0.0,3.568328619003296,53929,nan,1.0038203001022339,53723.759117550835,52000,53700.773917340885,53513.0809076672,50,52652.66650679769,nan,nan,nan,0.03313429653644562
20.675899727997603,nav_to_wp,0,0.012768863700330257,-1.00790536403656,1.7908536195755005,-0.011950853280723095,-0.30363065004348755,0.0014762311475351453,0.009197563342159489,-1.0110233661240067,1.7996058867775946,0.3857191209983201,53946,0.3672855144675484,0.0013441696232265232,0.0010465383900013503,0.7976590131875128,-0.002789903593400663,-0.29998700329603906,0.00011954665105220367,0.0,-1.0,0.1,0.0,0.0,0.0,3.568328619003296,53946,nan,1.01016366481781,53403.22749554601,52000,53696.80663171696,53511.61619550559,50,52652.66650679769,nan,nan,nan,0.03313429653644562
20.695985889004078,nav_to_wp,0,0.012726974673569202,-1.012688398361206,1.7908166646957397,-0.011178623884916306,-0.3017515540122986,0.001773472991771996,0.009141556973281936,-1.0170455035214463,1.799608286636089,0.3856305072431992,53934,0.36494742066488506,0.0036043185937492325,0.0006316331042524048,0.8052179764490575,-0.002789903593400663,-0.29998700329603906,0.00011954665105220367,0.0,-1.0,0.1,0.0,0.0,0.0,3.568328619003296,53934,nan,0.9970119595527649,54095.63996022021,52000,53702.12440943033,53519.403179035115,50,52652.66650679769,nan,nan,nan,0.03313429653644562
20.716168389015365,nav_to_wp,0,0.012629719451069832,-1.0199368000030518,1.790815830230713,-0.01061409804970026,-0.30061832070350647,0.0015231136931106448,0.009085700776574569,-1.0230514935152917,1.7996106800597444,0.3857675876244082,53953,0.36856431726670635,0.002902305980822078,0.0003816583605245061,0.9533569973427802,-0.002789903593400663,-0.29998700329603906,0.00011954665105220367,0.0,-1.0,0.1,0.0,0.0,0.0,3.568328619003296,53953,nan,0.9932582378387451,54319.20717556559,52000,53710.35217964547,53529.403179035115,50,52652.66650679769,nan,nan,nan,0.03313429653644562
20.736265525018098,nav_to_wp,0,0.012569475919008255,-1.024681806564331,1.7908456325531006,-0.009830227121710777,-0.29934030771255493,0.0010745857143774629,0.009029708145234948,-1.029072153771067,1.7996130793295886,0.3859693178474266,53981,0.373887014443973,0.004885065759759345,-2.03187234975033e-05,0.9332500048913062,-0.002789903593400663,-0.29998700329603906,0.00011954665105220367,0.0,-1.0,0.1,0.0,0.0,0.0,3.5736072063446045,53981,nan,1.0056153535842896,53679.57023288962,52000,53709.94175368873,53531.40540641984,50,52711.89753535451,nan,nan,nan,0.03313429653644562
20.75613142401562,nav_to_wp,0,0.012518800795078278,-1.0294978618621826,1.7908450365066528,-0.009330515749752522,-0.2979122996330261,0.0020072897896170616,0.008974138206589415,-1.0350473635980482,1.79961546048716,0.3855198712816816,53919,0.3620282660074281,0.006834309306910876,-0.00028466134635918294,0.8657370053697377,-0.002789903593400663,-0.29998700329603906,0.00011954665105220367,0.0,-1.0,0.1,0.0,0.0,0.0,3.5736072063446045,53919,nan,1.0024956464767456,53784.77222269985,52000,53710.939493275546,53534.78363063691,50,52711.89753535451,nan,nan,nan,0.03313429653644562
20.776001353020547,nav_to_wp,0,0.012485634535551071,-1.0365726947784424,1.790837287902832,-0.009001378901302814,-0.2975834608078003,0.0024347773287445307,0.008918343755969138,-1.0410467142859063,1.7996178512650114,0.38532529590844095,53891,0.35689435114619705,0.005891981972718256,-0.00047913090387896595,0.8160270226653665,-0.002789903593400663,-0.29998700329603906,0.00011954665105220367,0.0,-1.0,0.1,0.0,0.0,0.0,3.5736072063446045,53891,nan,0.998937726020813,53948.30788368601,52000,53714.104405147686,53540.29728734424,50,52711.89753535451,nan,nan,nan,0.03313429653644562
20.79591595000238,nav_to_wp,0,0.012436253018677235,-1.0413939952850342,1.7908586263656616,-0.008495640009641647,-0.29610708355903625,0.0015465792967006564,0.008862537579463663,-1.0470473258105797,1.799620242545314,0.3857598052294659,53952,0.3683589770307609,0.007873677734461855,-0.0007474571362211524,0.7560280209872872,-0.002789903593400663,-0.29998700329603906,0.00011954665105220367,0.0,-1.0,0.1,0.0,0.0,0.0,3.5736072063446045,53952,nan,0.9989554286003113,54008.415646326655,52000,53718.028555030076,53546.53886546401,50,52711.89753535451,nan,nan,nan,0.03313429653644562
20.815865203010617,nav_to_wp,0,0.012431986629962921,-1.048482060432434,1.7908729314804077,-0.008250638842582703,-0.2953700125217438,0.000750625622458756,0.008806954143216982,-1.053023986979797,1.7996226242812539,0.3861494505472312,54007,0.37863985612747086,0.007096197972398088,-0.000926755160681525,0.7867079984862357,-0.002789903593400663,-0.29998700329603906,0.00011954665105220367,0.0,-1.0,0.1,0.0,0.0,0.0,3.5736072063446045,54007,nan,1.0034688711166382,53820.30430092185,52000,53719.39223164197,53550.18907127012,50,52711.89753535451,nan,nan,nan,0.03313429653644562
20.836069041019073,nav_to_wp,0,0.012411135248839855,-1.0532515048980713,1.7908848524093628,-0.007794030476361513,-0.29460668563842773,0.0006664112443104386,0.008751129874178852,-1.059026543921031,1.799625016336817,0.3861936208787628,54013,0.3798053002312063,0.008767946383772398,-0.0011993385164110748,0.943777005886659,-0.002789903593400663,-0.29998700329603906,0.00011954665105220367,0.0,-1.0,0.1,0.0,0.0,0.0,3.5736072063446045,54013,nan,1.0083521604537964,53565.61141862593,52000,53717.341820801754,53550.3947025682,50,52711.89753535451,nan,nan,nan,0.03313429653644562
20.85621019100654,nav_to_wp,0,0.012430901639163494,-1.0579928159713745,1.7909008264541626,-0.007622226141393185,-0.29451677203178406,0.002162195974960923,0.008694708981419441,-1.0650932533880602,1.7996274339575529,0.38544282779307426,53908,0.3599954562816414,0.010207203102430671,-0.0013698859612101266,0.8780669886618853,-0.002789903593400663,-0.29998700329603906,0.00011954665105220367,0.0,-1.0,0.1,0.0,0.0,0.0,3.5736072063446045,53908,nan,1.0116010904312134,53289.78043807835,52000,53711.641002365446,53546.91984570834,50,52711.89753535451,nan,nan,nan,0.03313429653644562
20.876230104011483,nav_to_wp,0,0.01237777341157198,-1.0650649070739746,1.7909711599349976,-0.007501356303691864,-0.29478394985198975,0.004260069224983454,0.008639425359459893,-1.0710376767445609,1.7996298028465278,0.38431285569408935,53750,0.3301808890261029,0.008924415576407935,-0.001439058989249009,1.0149430017918348,-0.002789903593400663,-0.29998700329603906,0.00011954665105220367,0.0,-1.0,0.1,0.0,0.0,0.0,3.5736072063446045,53750,nan,1.0100102424621582,53217.282102972174,52000,53705.04955037354,53542.524675805194,50,52711.89753535451,nan,nan,nan,0.03313429653644562
20.896535991021665,nav_to_wp,0,0.012395382858812809,-1.0697828531265259,1.7910436391830444,-0.007257420569658279,-0.2941626310348511,0.00573283527046442,0.008582690295668004,-1.07713816774683,1.7996322339294117,0.38350431083513564,53637,0.30884725158669113,0.010709356480065237,-0.00164684958589989,0.9406820172443986,-0.002789903593400663,-0.29998700329603906,0.00011954665105220367,0.0,-1.0,0.1,0.0,0.0,0.0,3.5736072063446045,53637,nan,1.0044938325881958,53397.042629717296,52000,53700.94279143145,53540.58491519069,50,52711.89753535451,nan,nan,nan,0.03313429653644562
20.916125444025965,nav_to_wp,0,0.012374230660498142,-1.0768871307373047,1.7910819053649902,-0.0073988125659525394,-0.2943735718727112,0.006463584490120411,0.008527827742627314,-1.0830373152724924,1.7996345847756916,0.3830973328406303,53580,0.29810904592691934,0.00935223678900841,-0.0016099815535584039,0.9566440130583942,-0.002789903593400663,-0.29998700329603906,0.00011954665105220367,0.0,-1.0,0.1,0.0,0.0,0.0,3.5736072063446045,53580,nan,1.0018106698989868,53483.15965271412,52000,53698.03901624856,53539.81924502434,50,52711.89753535451,nan,nan,nan,0.03313429653644562
20.93690677502309,nav_to_wp,0,0.012343659065663815,-1.0816164016723633,1.7911045551300049,-0.007389202248305082,-0.2944895327091217,0.006414664909243584,0.00847100315359015,-1.089147432560814,1.7996370196947094,0.3831103903089772,53582,0.298453570157708,0.010733175274949346,-0.0016423540906891354,1.2553790002129972,-0.002789903593400663,-0.29998700329603906,0.00011954665105220367,0.0,-1.0,0.1,0.0,0.0,0.0,3.568328619003296,53582,nan,0.9937641620635986,53918.22531488198,52000,53700.97483356367,53544.8646592891,50,52652.66650679769,nan,nan,nan,0.03313429653644562
20.95694630901562,nav_to_wp,0,0.012346310541033745,-1.0863786935806274,1.7911700010299683,-0.007581399753689766,-0.2943055033683777,0.005628655664622784,0.008415285397483985,-1.0951385365990343,1.7996394071862205,0.38343902757846815,53627,0.307124738218155,0.01210194079989469,-0.0016015873287109628,1.3175719941500574,-0.002789903593400663,-0.29998700329603906,0.00011954665105220367,0.0,-1.0,0.1,0.0,0.0,0.0,3.568328619003296,53627,nan,1.0036741495132446,53430.68766492359,52000,53697.37100464847,53543.34229936423,50,52652.66650679769,nan,nan,nan,0.03313429653644562
20.97659776400542,nav_to_wp,0,0.012349161319434643,-1.0935237407684326,1.7912437915802002,-0.007928191684186459,-0.2952018678188324,0.005954707507044077,0.008360517249215143,-1.101027533162968,1.7996417539872804,0.38318739312999794,53592,0.3004853068601019,0.010330764747052848,-0.001481782093813333,1.4856759808026254,-0.002789903593400663,-0.29998700329603906,0.00011954665105220367,0.0,-1.0,0.1,0.0,0.0,0.0,3.568328619003296,53592,nan,1.006744623184204,53232.9637187387,52000,53691.17890750301,53539.203918289226,50,52652.66650679769,nan,nan,nan,0.03313429653644562
20.996134050015826,nav_to_wp,0,0.012362408451735973,-1.0982638597488403,1.791343331336975,-0.008345568552613258,-0.2956766188144684,0.006190902553498745,0.008304373801245692,-1.1070644101184663,1.7996441597195785,0.38296072761783223,53561,0.2945046864863379,0.011443462196393313,-0.0013371632755647678,0.8232299878727645,-0.002789903593400663,-0.29998700329603906,0.00011954665105220367,0.0,-1.0,0.1,0.0,0.0,0.0,3.568328619003296,53561,nan,0.9952514171600342,53816.55235702871,52000,53692.85055349668,53542.90189747242,50,52652.66650679769,nan,nan,nan,0.03313429653644562
21.016117201012094,nav_to_wp,0,0.012293748557567596,-1.105432391166687,1.7914092540740967,-0.008530747145414352,-0.2950509786605835,0.005431803874671459,0.008248889883712831,-1.1130303704445432,1.7996465371911672,0.3832651038784531,53603,0.3025357223866241,0.010505714422435909,-0.0012257178439039063,0.9869619971141219,-0.002789903593400663,-0.29998700329603906,0.00011954665105220367,0.0,-1.0,0.1,0.0,0.0,0.0,3.568328619003296,53603,nan,0.9915231466293335,54061.2694541953,52000,53697.762805506,53549.81346489539,50,52652.66650679769,nan,nan,nan,0.03313429653644562
21.036223881004844,nav_to_wp,0,0.012309734709560871,-1.110216498374939,1.7915167808532715,-0.008746979758143425,-0.2957824468612671,0.004433861933648586,0.008193150653711092,-1.1190237834835468,1.7996489256028294,0.38364443525711556,53656,0.31254446588695295,0.011374914133383467,-0.0011865635322085843,1.1692919943016022,-0.002789903593400663,-0.29998700329603906,0.00011954665105220367,0.0,-1.0,0.1,0.0,0.0,0.0,3.568328619003296,53656,nan,0.9986589550971985,53728.05172990985,52000,53698.16665783138,53552.189975095585,50,52652.66650679769,nan,nan,nan,0.03313429653644562
21.0569189460075,nav_to_wp,0,0.012291202321648598,-1.115015983581543,1.7915730476379395,-0.009117131121456623,-0.2961503863334656,0.004390880931168795,0.008136407496376482,-1.1251251447515958,1.7996513570325194,0.38361199453702294,53652,0.3116885102116864,0.012541621802214124,-0.0010335247612882625,1.4167699846439064,-0.002789903593400663,-0.29998700329603906,0.00011954665105220367,0.0,-1.0,0.1,0.0,0.0,0.0,3.568328619003296,53652,nan,1.0095133781433105,53146.398216808535,52000,53690.809745284416,53546.77941831843,50,52652.66650679769,nan,nan,nan,0.03313429653644562
21.075636318011675,nav_to_wp,0,0.01230060774832964,-1.1221894025802612,1.791648268699646,-0.009349525906145573,-0.2959137558937073,0.006204098463058472,0.008081658765854592,-1.1310120534040573,1.7996537030015338,0.3826167647669792,53512,0.28542914952451603,0.011352887833715665,-0.0009818053608325883,0.6466939812526107,-0.002789903593400663,-0.29998700329603906,0.00011954665105220367,0.0,-1.0,0.1,0.0,0.0,0.0,3.568328619003296,53512,nan,0.9988799691200256,53572.002296874554,52000,53689.225645972285,53547.115723365845,50,52652.66650679769,nan,nan,nan,0.03313429653644562
21.0965503170155,nav_to_wp,0,0.012243159115314484,-1.126981258392334,1.791711449623108,-0.009235816076397896,-0.2962792217731476,0.006453240290284157,0.008025449004635877,-1.137056060753944,1.7996561115753376,0.38242930603211384,53486,0.28048300876289645,0.012477086774104326,-0.0010404579701068783,1.202195999212563,-0.002789903593400663,-0.29998700329603906,0.00011954665105220367,0.0,-1.0,0.1,0.0,0.0,0.0,3.568328619003296,53486,nan,0.9963646531105042,53681.14960022373,52000,53689.117965362304,53548.902841723946,50,52652.66650679769,nan,nan,nan,0.03313429653644562
21.116855719010346,nav_to_wp,0,0.012249764055013657,-1.1317452192306519,1.7918003797531128,-0.009202257730066776,-0.29634201526641846,0.006067469250410795,0.007969334499132324,-1.1430898256436226,1.7996585160674585,0.3825284195020625,53500,0.2830981398961079,0.013768937540665587,-0.0011233180686232025,1.32519198814407,-0.002789903593400663,-0.29998700329603906,0.00011954665105220367,0.0,-1.0,0.1,0.0,0.0,0.0,3.568328619003296,53500,nan,0.9899656176567078,54042.280909348,52000,53693.82680461545,53555.481215958935,50,52652.66650679769,nan,nan,nan,0.03313429653644562
21.1359475760255,nav_to_wp,0,0.012243758887052536,-1.1390197277069092,1.7919031381607056,-0.009227165952324867,-0.2975435256958008,0.004931073635816574,0.007913558852491776,-1.1490871544159054,1.7996609060395643,0.38296929482145364,53562,0.2947307340752925,0.011791477677474222,-0.0011610007589093474,0.6783790013287216,-0.002789903593400663,-0.29998700329603906,0.00011954665105220367,0.0,-1.0,0.1,0.0,0.0,0.0,3.568328619003296,53562,nan,1.0028114318847656,53411.836260513315,52000,53690.06693069409,53553.56594988633,50,52652.66650679769,nan,nan,nan,0.03313429653644562
21.15640307200374,nav_to_wp,0,0.012264766730368137,-1.143807053565979,1.7919561862945557,-0.009014863520860672,-0.29795828461647034,0.0050683594308793545,0.007857515749008424,-1.1551132417363237,1.799663307472127,0.38285023982998817,53545,0.29158944142448817,0.012872813210011238,-0.001352770642752965,0.9132529958151281,-0.002789903593400663,-0.29998700329603906,0.00011954665105220367,0.0,-1.0,0.1,0.0,0.0,0.0,3.568328619003296,53545,nan,1.0070302486419678,53171.19329057712,52000,53683.14861549253,53548.46764776221,50,52652.66650679769,nan,nan,nan,0.03313429653644562
21.17609976400854,nav_to_wp,0,0.012230351567268372,-1.1486865282058716,1.7920634746551514,-0.009132311679422855,-0.29984015226364136,0.006231397856026888,0.00780229255904564,-1.161051167085633,1.7996656737716064,0.38214581825696564,53447,0.2730031202365595,0.01301956056186431,-0.001315576691110154,0.8792270091362298,-0.002789903593400663,-0.29998700329603906,0.00011954665105220367,0.0,-1.0,0.1,0.0,0.0,0.0,3.568328619003296,53447,nan,1.0055389404296875,53152.590964961535,52000,53676.07451348545,53543.18929199153,50,52652.66650679769,nan,nan,nan,0.03313429653644562
21.196247541025514,nav_to_wp,0,0.012233412824571133,-1.155983328819275,1.7922104597091675,-0.009413438849151134,-0.30149784684181213,0.006995468866080046,0.0077462180021640355,-1.1670806364622297,1.799668076551939,0.3815805075794169,53368,0.25808727122471886,0.010841325598220482,-0.001232167229314296,0.9246839908882976,-0.002789903593400663,-0.29998700329603906,0.00011954665105220367,0.0,-1.0,0.1,0.0,0.0,0.0,3.568328619003296,53368,nan,1.0017553567886353,53274.484272371454,52000,53670.71997693727,53539.606558396605,50,52652.66650679769,nan,nan,nan,0.03313429653644562
21.216160653013503,nav_to_wp,0,0.012199156917631626,-1.1608047485351562,1.7922343015670776,-0.009477506391704082,-0.3018186390399933,0.0076129743829369545,0.0076907406492366225,-1.1730458909229422,1.799670453742236,0.3812568455904511,53322,0.24954737705675534,0.011882382820125274,-0.0012218693749381782,0.9285240084864199,-0.002789903593400663,-0.29998700329603906,0.00011954665105220367,0.0,-1.0,0.1,0.0,0.0,0.0,3.568328619003296,53322,nan,0.9985654950141907,53398.60055873675,52000,53667.09171802793,53537.726478401135,50,52652.66650679769,nan,nan,nan,0.03313429653644562
21.236140677006915,nav_to_wp,0,0.012216927483677864,-1.1657108068466187,1.7923152446746826,-0.009897623211145401,-0.30283766984939575,0.007066725753247738,0.007634494426802007,-1.1790938187993014,1.7996728638783936,0.38144217362734856,53348,0.25443729887463107,0.012539776508631282,-0.0010786153378525842,0.8099850092548877,-0.002789903593400663,-0.29998700329603906,0.00011954665105220367,0.0,-1.0,0.1,0.0,0.0,0.0,3.568328619003296,53348,nan,0.9888363480567932,53950.28217241059,52000,53670.86759075303,53543.22722098792,50,52652.66650679769,nan,nan,nan,0.03313429653644562
21.256663055013632,nav_to_wp,0,0.012218083254992962,-1.1730358600616455,1.792405366897583,-0.010366471484303474,-0.30432629585266113,0.005441604182124138,0.007578817760377561,-1.185080504630916,1.7996752496092228,0.3821426887202018,53446,0.27292054670716936,0.010336639536117647,-0.0008907475524877473,1.3254149816930294,-0.002789903593400663,-0.29998700329603906,0.00011954665105220367,0.0,-1.0,0.1,0.0,0.0,0.0,3.568328619003296,53446,nan,0.9902819991111755,53970.485223371004,52000,53674.862492521264,53548.923994353034,50,52652.66650679769,nan,nan,nan,0.03313429653644562
21.276010072004283,nav_to_wp,0,0.012217698618769646,-1.180467963218689,1.7924695014953613,-0.010542427189648151,-0.30545878410339355,0.004500310868024826,0.007522980462487878,-1.191084462511646,1.7996776422230687,0.38253592756182553,53501,0.2832962417368208,0.00824048189748127,-0.000855821792515199,0.7370420207735151,-0.002789903593400663,-0.29998700329603906,0.00011954665105220367,0.0,-1.0,0.1,0.0,0.0,0.0,3.568328619003296,53501,nan,1.0053431987762451,53216.65284563932,52000,53668.75303056284,53544.49371237019,50,52652.66650679769,nan,nan,nan,0.03313429653644562
21.295834618998924,nav_to_wp,0,0.012271619401872158,-1.1853818893432617,1.7925050258636475,-0.010685515590012074,-0.30703631043434143,0.005109614226967096,0.007467432550120301,-1.1970573039424095,1.7996800224368195,0.38219795215009134,53454,0.27437868469897886,0.008530514738226122,-0.0008962695517162889,0.6498870206996799,-0.002789903593400663,-0.29998700329603906,0.00011954665105220367,0.0,-1.0,0.1,0.0,0.0,0.0,3.568328619003296,53454,nan,1.0092437267303467,52964.411454084795,52000,53659.36180954313,53536.75928225972,50,52652.66650679769,nan,nan,nan,0.03313429653644562
21.316917584015755,nav_to_wp,0,0.012208754196763039,-1.1927963495254517,1.7925432920455933,-0.011018874123692513,-0.30814191699028015,0.0053193895146250725,0.007410548396675048,-1.2031738259496356,1.7996824599081567,0.38204976714532574,53433,0.2704687901141334,0.0065960693259736105,-0.0007158445334956021,0.9040850272867829,-0.002789903593400663,-0.29998700329603906,0.00011954665105220367,0.0,-1.0,0.1,0.0,0.0,0.0,3.568328619003296,53433,nan,1.006674885749817,53078.705703679785,52000,53651.61972813162,53530.65190121199,50,52652.66650679769,nan,nan,nan,0.03313429653644562
21.33621634801966,nav_to_wp,0,0.01219214592128992,-1.1977900266647339,1.7925605773925781,-0.011296167969703674,-0.31011494994163513,0.005028003826737404,0.007355842552478262,-1.2090561232097246,1.799684804039503,0.3821836218863866,53452,0.2740005774772172,0.006491296412403199,-0.0006103570990199092,0.9345540020149201,-0.002789903593400663,-0.29998700329603906,0.00011954665105220367,0.0,-1.0,0.1,0.0,0.0,0.0,3.568328619003296,53452,nan,0.9897769093513489,54004.08869411776,52000,53656.31931434477,53536.964391784066,50,52652.66650679769,nan,nan,nan,0.03313429653644562
21.35592026502127,nav_to_wp,0,0.012257153168320656,-1.2028106451034546,1.792618989944458,-0.011065645143389702,-0.31080836057662964,0.0035532035399228334,0.007299846852221322,-1.2150771134537166,1.7996872034408498,0.382859912272557,53546,0.29184465099094936,0.007162777429734051,-0.0008561205965291752,0.675161019898951,-0.002789903593400663,-0.29998700329603906,0.00011954665105220367,0.0,-1.0,0.1,0.0,0.0,0.0,3.568328619003296,53546,nan,0.9924548268318176,53953.08537209015,52000,53660.27619511471,53542.51267152148,50,52652.66650679769,nan,nan,nan,0.03313429653644562
21.376257482013898,nav_to_wp,0,0.012257607653737068,-1.2102552652359009,1.7925918102264404,-0.010905429720878601,-0.3118480145931244,0.002776200883090496,0.007244143798921614,-1.221066636558868,1.7996895903023495,0.3832876709471966,53606,0.3031311595566386,0.005093708541620839,-0.0009973719709399642,0.9900000004563481,-0.002789903593400663,-0.29998700329603906,0.00011954665105220367,0.0,-1.0,0.1,0.0,0.0,0.0,3.568328619003296,53606,nan,1.0059068202972412,53291.218349786766,52000,53655.35542384367,53539.16208056502,50,52652.66650679769,nan,nan,nan,0.03313429653644562
21.396536487998674,nav_to_wp,0,0.012242882512509823,-1.215227723121643,1.7926031351089478,-0.010182660073041916,-0.3116218149662018,0.003630544990301132,0.007188216493152393,-1.2270802726213528,1.79969198677301,0.3828592605582867,53546,0.2918274553637623,0.0063053872315952005,-0.0014190992621700982,1.1838579957839102,-0.002789903593400663,-0.29998700329603906,0.00011954665105220367,0.0,-1.0,0.1,0.0,0.0,0.0,3.568328619003296,53546,nan,1.0020266771316528,53437.69903739277,52000,53652.453338691,53537.809239989394,50,52652.66650679769,nan,nan,nan,0.03313429653644562
21.416497471014736,nav_to_wp,0,0.01227702759206295,-1.2202669382095337,1.7926305532455444,-0.009684324264526367,-0.3123932182788849,0.003203584812581539,0.0071321334521710685,-1.2331106542587373,1.7996943899168842,0.3830503512764264,53573,0.2968694268186365,0.006934516251414289,-0.0017728057817258946,1.0206470033153892,-0.002789903593400663,-0.29998700329603906,0.00011954665105220367,0.0,-1.0,0.1,0.0,0.0,0.0,3.568328619003296,53573,nan,0.9948439002037048,53850.65937382775,52000,53655.09608582615,53541.98057510724,50,52652.66650679769,nan,nan,nan,0.03313429653644562
21.436387330002617,nav_to_wp,0,0.01231001690030098,-1.2278096675872803,1.7926421165466309,-0.009044730104506016,-0.31327876448631287,0.00157063954975456,0.007076424687888723,-1.239100791442659,1.799696777023098,0.3838580181568188,53686,0.3181798985968012,0.004840615404039742,-0.0021947496710981174,0.9897320123855025,-0.002789903593400663,-0.29998700329603906,0.00011954665105220367,0.0,-1.0,0.1,0.0,0.0,0.0,3.568328619003296,53686,nan,0.9948244690895081,53965.29907344857,52000,53659.232125661125,53547.6248217518,50,52652.66650679769,nan,nan,nan,0.03313429653644562
21.45593019502121,nav_to_wp,0,0.012402894906699657,-1.2327027320861816,1.79259192943573,-0.007998338900506496,-0.3138182461261749,0.0004308927454985678,0.007020850689886312,-1.2450764377558001,1.7996991583546118,0.384503091471851,53776,0.33520030268736,0.005678119624892785,-0.002889787355251139,0.6798199901822954,-0.002789903593400663,-0.29998700329603906,0.00011954665105220367,0.0,-1.0,0.1,0.0,0.0,0.0,3.568328619003296,53776,nan,1.001465916633606,53697.284257826985,52000,53659.739487423336,53549.62028089947,50,52652.66650679769,nan,nan,nan,0.03313429653644562
21.476637626008596,nav_to_wp,0,0.012457097880542278,-1.2402031421661377,1.792580246925354,-0.007242849096655846,-0.31479573249816895,0.0005510650807991624,0.006964282788793191,-1.2511589544319364,1.799701582274617,0.3844648003990563,53771,0.33418998414396306,0.003694981959030089,-0.0033983330840412496,1.0078210034407675,-0.002789903593400663,-0.29998700329603906,0.00011954665105220367,0.0,-1.0,0.1,0.0,0.0,0.0,3.568328619003296,53771,nan,1.0055495500564575,53474.242017194454,52000,53657.266187820285,53548.615237383405,50,52652.66650679769,nan,nan,nan,0.03313429653644562
21.496234878024552,nav_to_wp,0,0.012521150521934032,-1.2427434921264648,1.7925355434417725,-0.006530944723635912,-0.31528326869010925,0.0014789382694289088,0.00690941068034113,-1.257059129412178,1.799703933530344,0.38407418149459827,53716,0.32388341674401566,0.006944084354114103,-0.003896360571003843,0.9296750067733228,-0.002789903593400663,-0.29998700329603906,0.00011954665105220367,0.0,-1.0,0.1,0.0,0.0,0.0,3.568328619003296,53716,nan,1.0020751953125,53604.75965403825,52000,53656.566100703196,53549.36382960547,50,52652.66650679769,nan,nan,nan,0.03313429653644562
21.5161490610044,nav_to_wp,0,0.012692144140601158,-1.2527282238006592,1.7925089597702026,-0.00594335375353694,-0.31528961658477783,0.001525762607343495,0.006853133487142523,-1.2631103874490137,1.7997063449935906,0.38408737251093233,53718,0.32423146466839725,0.0028440274636581386,-0.004438885394949077,0.7834119896870106,-0.002789903593400663,-0.29998700329603906,0.00011954665105220367,0.0,-1.0,0.1,0.0,0.0,0.0,3.568328619003296,53718,nan,0.9975599050521851,53849.39764313188,52000,53659.13718793558,53553.36428045249,50,52652.66650679769,nan,nan,nan,0.03313429653644562
21.536180802999297,nav_to_wp,0,0.01277343463152647,-1.257757544517517,1.792481541633606,-0.005060297902673483,-0.3153153359889984,0.0005958440597169101,0.00679720892940055,-1.2691237280272885,1.799708741346499,0.3845992154271577,53790,0.33773655480626985,0.0038503180307981905,-0.005034902627886195,0.7448559917975217,-0.002789903593400663,-0.29998700329603906,0.00011954665105220367,0.0,-1.0,0.1,0.0,0.0,0.0,3.568328619003296,53790,nan,0.9980497360229492,53895.1096909695,52000,53662.283487976034,53557.920885926054,50,52652.66650679769,nan,nan,nan,0.03313429653644562
21.556258777010953,nav_to_wp,0,0.012895148247480392,-1.2627387046813965,1.7924270629882812,-0.004313576966524124,-0.31493625044822693,-0.0005228858208283782,0.006741626955103715,-1.2751002319989762,1.7997111230197946,0.3852402105298404,53879,0.3546493543493501,0.005074238005599918,-0.005598286598170965,0.8504860161338001,-0.002789903593400663,-0.29998700329603906,0.00011954665105220367,0.0,-1.0,0.1,0.0,0.0,0.0,3.568328619003296,53879,nan,0.9940951466560364,54199.037367036355,52000,53669.440206363506,53566.469105674194,50,52652.66650679769,nan,nan,nan,0.03313429653644562
21.5765727670223,nav_to_wp,0,0.013068396598100662,-1.270134449005127,1.7923812866210938,-0.004050298128277063,-0.31516140699386597,-0.0018908457132056355,0.00668602928203948,-1.281078423995368,1.7997135053657785,0.38598991793390475,53984,0.37443055234577116,0.003478681069442194,-0.0059609889763312385,1.2672940210904926,-0.002789903593400663,-0.29998700329603906,0.00011954665105220367,0.0,-1.0,0.1,0.0,0.0,0.0,3.568328619003296,53984,nan,1.002868890762329,53829.568847194125,52000,53671.57525490791,53569.97710222779,50,52652.66650679769,nan,nan,nan,0.03313429653644562
21.595876849023625,nav_to_wp,0,0.013146383687853813,-1.2751898765563965,1.7923709154129028,-0.0035559076350182295,-0.31484949588775635,-0.002009112387895584,0.006630360483105639,-1.2870642638676688,1.7997158907594875,0.3860750338359764,53996,0.37667635451125037,0.004603505558273879,-0.006354269940848978,0.6560680049005896,-0.002789903593400663,-0.29998700329603906,0.00011954665105220367,0.0,-1.0,0.1,0.0,0.0,0.0,3.568328619003296,53996,nan,1.010701298713684,53424.29070658217,52000,53668.2781275969,53568.03461695252,50,52652.66650679769,nan,nan,nan,0.03313429653644562
21.61633424300817,nav_to_wp,0,0.013262748718261719,-1.2801278829574585,1.7923061847686768,-0.0034573618322610855,-0.31422510743141174,-0.0004185303405392915,0.006574136783549104,-1.293109769950416,1.7997182999305454,0.3853747138907654,53898,0.3581982556930168,0.006085504259377121,-0.006596103655424734,0.8973689982667565,-0.002789903593400663,-0.29998700329603906,0.00011954665105220367,0.0,-1.0,0.1,0.0,0.0,0.0,3.568328619003296,53898,nan,1.004451036453247,53659.16111781395,52000,53668.15656746647,53569.249636964014,50,52652.66650679769,nan,nan,nan,0.03313429653644562
21.636090690008132,nav_to_wp,0,0.013455547392368317,-1.287623405456543,1.7922046184539795,-0.0035073396284133196,-0.31469690799713135,0.0001440086925867945,0.0065187108541492796,-1.2990694950480435,1.7997206749173575,0.3852278300899662,53878,0.3543226936666528,0.004248130237757964,-0.006830419982284619,0.8018889930099249,-0.002789903593400663,-0.29998700329603906,0.00011954665105220367,0.0,-1.0,0.1,0.0,0.0,0.0,3.568328619003296,53878,nan,1.0102782249450684,53329.8636649617,52000,53663.64599543307,53566.05782400398,50,52652.66650679769,nan,nan,nan,0.03313429653644562
21.656300039001508,nav_to_wp,0,0.013487722724676132,-1.2927093505859375,1.7922265529632568,-0.003390711033716798,-0.313961923122406,0.001107244985178113,0.006462846399313112,-1.3050763730049413,1.7997230686948718,0.3847322408400107,53808,0.34124646015859206,0.005593211550592813,-0.0069913843168023515,1.0009749967139214,-0.002789903593400663,-0.29998700329603906,0.00011954665105220367,0.0,-1.0,0.1,0.0,0.0,0.0,3.568328619003296,53808,nan,0.9969243407249451,53974.00565109265,52000,53667.7841241752,53571.49712836517,50,52652.66650679769,nan,nan,nan,0.03313429653644562
21.67582787500578,nav_to_wp,0,0.013642082922160625,-1.300117015838623,1.7921894788742065,-0.003770851995795965,-0.3147927522659302,1.8459906641510315e-05,0.0064071745873254034,-1.3110625368586881,1.7997254542176895,0.38533012298057656,53892,0.3570217145270842,0.0036776168147758734,-0.007001258226199347,0.639849022263661,-0.002789903593400663,-0.29998700329603906,0.00011954665105220367,0.0,-1.0,0.1,0.0,0.0,0.0,3.568328619003296,53892,nan,1.001926302909851,53788.38727307967,52000,53669.3921661606,53574.38899696137,50,52652.66650679769,nan,nan,nan,0.03313429653644562
21.69611572602298,nav_to_wp,0,0.013736740685999393,-1.305130124092102,1.7921788692474365,-0.003925558179616928,-0.31465238332748413,-0.0003401510475669056,0.0063516336971888975,-1.3170346232174628,1.7997278341305394,0.3855351458832214,53921,0.3624312897947579,0.00474347479596125,-0.007073115499224736,0.9602370264474303,-0.002789903593400663,-0.29998700329603906,0.00011954665105220367,0.0,-1.0,0.1,0.0,0.0,0.0,3.568328619003296,53921,nan,1.002439260482788,53789.79268432775,52000,53670.997506402826,53577.26104612625,50,52652.66650679769,nan,nan,nan,0.03313429653644562
21.716106468025828,nav_to_wp,0,0.013807215727865696,-1.3101158142089844,1.7921558618545532,-0.004503076896071434,-0.3153672218322754,-0.00018383281712885946,0.0062955223302695925,-1.3230680506279238,1.7997302384881728,0.38549728261816596,53915,0.36143225905451004,0.005460249921314891,-0.006905532090228483,0.7730359793640673,-0.002789903593400663,-0.29998700329603906,0.00011954665105220367,0.0,-1.0,0.1,0.0,0.0,0.0,3.568328619003296,53915,nan,1.0139377117156982,53173.87782013717,52000,53664.36924391929,53571.88260311307,50,52652.66650679769,nan,nan,nan,0.03313429653644562
21.736222630017437,nav_to_wp,0,0.01393199898302555,-1.3151938915252686,1.7922099828720093,-0.005195931065827608,-0.31569311022758484,0.002368754940107465,0.006240100264866948,-1.3290273602456266,1.7997326133094136,0.384165107151209,53729,0.32628251058598856,0.006227104228927166,-0.006756401588686511,1.122755988035351,-0.002789903593400663,-0.29998700329603906,0.00011954665105220367,0.0,-1.0,0.1,0.0,0.0,0.0,3.5630500316619873,53729,nan,1.0149515867233276,52937.500372267845,52000,53654.67765896394,53563.42417336847,50,52593.43547824086,nan,nan,nan,0.03313429653644562
21.75646706702537,nav_to_wp,0,0.013996518217027187,-1.3201833963394165,1.7921671867370605,-0.0060671246610581875,-0.3164798617362976,0.005981864873319864,0.006183471722370305,-1.3351163974456122,1.7997350398278873,0.3824237604449909,53485,0.28033668720292404,0.006994090369762355,-0.006458258634925107,0.9891740046441555,-0.002789903593400663,-0.29998700329603906,0.00011954665105220367,0.0,-1.0,0.1,0.0,0.0,0.0,3.5630500316619873,53485,nan,1.0102896690368652,52940.26222300046,52000,53645.152119817765,53555.115347363564,50,52593.43547824086,nan,nan,nan,0.03313429653644562
21.776428511017002,nav_to_wp,0,0.014094927348196507,-1.3303242921829224,1.7922182083129883,-0.0069178021512925625,-0.3167082667350769,0.007062523625791073,0.006128170158498316,-1.3410627500230938,1.7997374094856684,0.38182129194034486,53401,0.2644404205895725,0.0024910858513251047,-0.00618388304317774,1.16123998304829,-0.002789903593400663,-0.29998700329603906,0.00011954665105220367,0.0,-1.0,0.1,0.0,0.0,0.0,3.5630500316619873,53401,nan,0.9935632944107056,53746.953314808976,52000,53646.50946908432,53557.6731869295,50,52593.43547824086,nan,nan,nan,0.03313429653644562
21.796092619013507,nav_to_wp,0,0.014151946641504765,-1.33535635471344,1.7922173738479614,-0.007055732887238264,-0.3147929310798645,0.005687145981937647,0.006072477126517683,-1.347051195576503,1.7997397959177575,0.3825232920986385,53499,0.28296285220682016,0.004488065900144297,-0.006218280887635652,0.8368339913431555,-0.002789903593400663,-0.29998700329603906,0.00011954665105220367,0.0,-1.0,0.1,0.0,0.0,0.0,3.5630500316619873,53499,nan,0.9993985295295715,53531.19743450353,52000,53644.97197528991,53557.320176897156,50,52593.43547824086,nan,nan,nan,0.03313429653644562
21.816260343999602,nav_to_wp,0,0.0141072953119874,-1.3404526710510254,1.7922804355621338,-0.007819300517439842,-0.3150915801525116,0.005438144784420729,0.006016275732231588,-1.3530943032641038,1.7997422041330402,0.38258010823118055,53507,0.2844619586063448,0.005321190718343994,-0.00583025890738087,0.8827179844956845,-0.002789903593400663,-0.29998700329603906,0.00011954665105220367,0.0,-1.0,0.1,0.0,0.0,0.0,3.5630500316619873,53507,nan,1.00388503074646,53299.928140390475,52000,53640.371390824585,53553.88828307707,50,52593.43547824086,nan,nan,nan,0.03313429653644562
21.836023261013906,nav_to_wp,0,0.014145239256322384,-1.3481030464172363,1.7923192977905273,-0.00847397930920124,-0.31538715958595276,0.005430867895483971,0.00596048657134453,-1.3590930851684309,1.799744594684228,0.3825418969012964,53502,0.28345374409753,0.0034401653386621324,-0.005586569901249838,0.6808500038459897,-0.002789903593400663,-0.29998700329603906,0.00011954665105220367,0.0,-1.0,0.1,0.0,0.0,0.0,3.5630500316619873,53502,nan,1.0012452602386475,53435.458947638625,52000,53637.63922491544,53552.30922527122,50,52593.43547824086,nan,nan,nan,0.03313429653644562
21.8565512720088,nav_to_wp,0,0.014154265634715557,-1.3531783819198608,1.7923200130462646,-0.008654778823256493,-0.3151151239871979,0.004758454859256744,0.005904294871966047,-1.3651351504019882,1.7997470024840867,0.38288935269939156,53551,0.2926214432557135,0.004589097403571983,-0.00555519286229833,0.9814759832806885,-0.002789903593400663,-0.29998700329603906,0.00011954665105220367,0.0,-1.0,0.1,0.0,0.0,0.0,3.5630500316619873,53551,nan,0.9989416003227234,53607.738413035884,52000,53637.24054742371,53553.04828110809,50,52593.43547824086,nan,nan,nan,0.03313429653644562
21.877576395025244,nav_to_wp,0,0.01417040266096592,-1.3608561754226685,1.7924131155014038,-0.008996513672173023,-0.3158930540084839,0.00367559096775949,0.005848496091440884,-1.3711349666669344,1.7997493934474735,0.38332160455743136,53611,0.3040265054731215,0.002426998770782551,-0.005445690784549262,0.8556509856134653,-0.002789903593400663,-0.29998700329603906,0.00011954665105220367,0.0,-1.0,0.1,0.0,0.0,0.0,3.5630500316619873,53611,nan,0.9901829957962036,54142.51732013589,52000,53643.97757105987,53560.90786829512,50,52593.43547824086,nan,nan,nan,0.03313429653644562
21.895823674014537,nav_to_wp,0,0.01422579400241375,-1.3659100532531738,1.7924079895019531,-0.009441612288355827,-0.3163837492465973,0.0020694530103355646,0.005793583116517332,-1.3770395358528922,1.7997517464543182,0.38414177287635004,53726,0.32566683051055456,0.0030521602362987973,-0.005317183353206634,0.6787879974581301,-0.002789903593400663,-0.29998700329603906,0.00011954665105220367,0.0,-1.0,0.1,0.0,0.0,0.0,3.5630500316619873,53726,nan,1.0020712614059448,53614.9494244754,52000,53643.590529105415,53561.62842237753,50,52593.43547824086,nan,nan,nan,0.03313429653644562
21.916983229020843,nav_to_wp,0,0.014209387823939323,-1.3710451126098633,1.7923996448516846,-0.008899806067347527,-0.31588172912597656,0.0019671733025461435,0.005737653818745027,-1.3830533861073788,1.7997541430103354,0.3842160173859541,53736,0.3276257885476017,0.004227816718148543,-0.005639339573682012,1.7611490038689226,-0.002789903593400663,-0.29998700329603906,0.00011954665105220367,0.0,-1.0,0.1,0.0,0.0,0.0,3.5630500316619873,53736,nan,1.0000946521759033,53730.91425205277,52000,53644.75484541138,53563.8855667732,50,52593.43547824086,nan,nan,nan,0.03313429653644562
21.935800556006143,nav_to_wp,0,0.014211446978151798,-1.3786424398422241,1.7924079895019531,-0.008912814781069756,-0.31549033522605896,0.0023986368905752897,0.005681845164760311,-1.3890542640253336,1.7997565343967974,0.38399835302864105,53706,0.32188266566335066,0.002771058528219502,-0.005696040876668862,0.6019290012773126,-0.002789903593400663,-0.29998700329603906,0.00011954665105220367,0.0,-1.0,0.1,0.0,0.0,0.0,3.5630500316619873,53706,nan,0.9884990453720093,54330.85671801374,52000,53653.90287037941,53573.8855667732,50,52593.43547824086,nan,nan,nan,0.03313429653644562
21.95677564200014,nav_to_wp,0,0.014232323504984379,-1.383790373802185,1.7924187183380127,-0.008681620471179485,-0.3157440423965454,0.000618691963609308,0.005625639088986837,-1.3950978750942604,1.799758942812681,0.3848866662080691,53830,0.34532100812847055,0.003563696685530854,-0.005883143407217295,0.7366680074483156,-0.002789903593400663,-0.29998700329603906,0.00011954665105220367,0.0,-1.0,0.1,0.0,0.0,0.0,3.5630500316619873,53830,nan,0.9900928139686584,54368.64023306,52000,53663.43270188182,53583.8855667732,50,52593.43547824086,nan,nan,nan,0.03313429653644562
21.975905519007938,nav_to_wp,0,0.01418945100158453,-1.391467809677124,1.79232656955719,-0.009081183932721615,-0.31669941544532776,-0.00026427823468111455,0.005570180227593551,-1.4010611412354044,1.7997613192106203,0.3854511738517854,53909,0.36021566891254153,0.0012838417582823956,-0.0056802629340000355,0.684269005432725,-0.002789903593400663,-0.29998700329603906,0.00011954665105220367,0.0,-1.0,0.1,0.0,0.0,0.0,3.5630500316619873,53909,nan,1.0009669065475464,53856.925386213356,52000,53666.01260433957,53587.52609769907,50,52593.43547824086,nan,nan,nan,0.03313429653644562
21.99613516102545,nav_to_wp,0,0.014186094515025616,-1.3965919017791748,1.7923028469085693,-0.00868127029389143,-0.31590306758880615,-0.0004151494649704546,0.005514180794391196,-1.4070825328678567,1.7997637187719229,0.3855683214142043,53925,0.363306633620164,0.0026274425619168514,-0.0059405959804503805,0.787475990364328,-0.002789903593400663,-0.29998700329603906,0.00011954665105220367,0.0,-1.0,0.1,0.0,0.0,0.0,3.5630500316619873,53925,nan,1.0039812326431274,53711.1633631184,52000,53666.61461445662,53589.17459457133,50,52593.43547824086,nan,nan,nan,0.03313429653644562
22.017097817006288,nav_to_wp,0,0.014177980832755566,-1.4043056964874268,1.7923178672790527,-0.009148786775767803,-0.31726083159446716,-5.2188552217558026e-05,0.005458738742132659,-1.4130439915910047,1.7997660944495952,0.38537672197086514,53898,0.35825123933680914,0.00010522963611718538,-0.005750042190698634,1.2610590201802552,-0.002789903593400663,-0.29998700329603906,0.00011954665105220367,0.0,-1.0,0.1,0.0,0.0,0.0,3.5630500316619873,53898,nan,1.0084941387176514,53444.0389197838,52000,53663.64693852766,53587.23945224083,50,52593.43547824086,nan,nan,nan,0.03313429653644562
22.03609981801128,nav_to_wp,0,0.014198753982782364,-1.4094479084014893,1.7922515869140625,-0.009365228936076164,-0.31782475113868713,0.0008387152338400483,0.0054026732273357424,-1.4190724887089556,1.799768496842477,0.3850246755645282,53849,0.34896241595061106,0.0007331665215149751,-0.005722696232123514,0.7911850116215646,-0.002789903593400663,-0.29998700329603906,0.00011954665105220367,0.0,-1.0,0.1,0.0,0.0,0.0,3.5630500316619873,53849,nan,0.9962752461433411,54050.324153343834,52000,53668.80263472521,53593.4139149222,50,52593.43547824086,nan,nan,nan,0.03313429653644562
22.05607508000685,nav_to_wp,0,0.0141746299341321,-1.4146296977996826,1.792214274406433,-0.009927899576723576,-0.31804654002189636,0.0004751011438202113,0.005347260920986247,-1.425030748975306,1.7997708712455447,0.38526337188798054,53883,0.3552604719783776,0.001423757162385509,-0.0054595349857409214,0.8738499891478568,-0.002789903593400663,-0.29998700329603906,0.00011954665105220367,0.0,-1.0,0.1,0.0,0.0,0.0,3.5630500316619873,53883,nan,0.9964433908462524,54075.32479515833,52000,53674.222930197655,53599.839393325354,50,52593.43547824086,nan,nan,nan,0.03313429653644562
22.07631455201772,nav_to_wp,0,0.014146266505122185,-1.4197720289230347,1.7921785116195679,-0.010608921758830547,-0.3193167746067047,-0.0005846174899488688,0.005291474449583482,-1.4310292416903092,1.7997732616814888,0.3858479816447021,53964,0.37068553152248107,0.001650752458596663,-0.005126687059039847,1.0885850060731173,-0.002789903593400663,-0.29998700329603906,0.00011954665105220367,0.0,-1.0,0.1,0.0,0.0,0.0,3.5630500316619873,53964,nan,1.0065499544143677,53612.83835276453,52000,53673.404469165216,53600.01271278455,50,52593.43547824086,nan,nan,nan,0.03313429653644562
22.09604802800459,nav_to_wp,0,0.014072508551180363,-1.4275593757629395,1.7921510934829712,-0.011372027918696404,-0.31996768712997437,-4.556767089525238e-05,0.005235897700711936,-1.437005183793237,1.7997756431308765,0.3856220824831121,53933,0.36472513148052776,-0.0005648431387784317,-0.004715046919631982,0.9675939800217748,-0.002789903593400663,-0.29998700329603906,0.00011954665105220367,0.0,-1.0,0.1,0.0,0.0,0.0,3.5630500316619873,53933,nan,1.0100880861282349,53394.353166495006,52000,53669.683785129615,53597.27058550069,50,52593.43547824086,nan,nan,nan,0.03313429653644562
22.116018558997894,nav_to_wp,0,0.01407297421246767,-1.4326916933059692,1.7921494245529175,-0.011915949173271656,-0.32053157687187195,0.0014174761017784476,0.005179838809144617,-1.4430329687422068,1.7997780452399545,0.3849028280686523,53832,0.34574744244464917,7.169533903688815e-05,-0.004499969251023472,0.8244040072895586,-0.002789903593400663,-0.29998700329603906,0.00011954665105220367,0.0,-1.0,0.1,0.0,0.0,0.0,3.5630500316619873,53832,nan,1.0025566816329956,53694.71969636346,52000,53670.0175972794,53598.56990697887,50,52593.43547824086,nan,nan,nan,0.03313429653644562
22.135899473010795,nav_to_wp,0,0.01400743331760168,-1.4406006336212158,1.7921719551086426,-0.012748697772622108,-0.32089582085609436,0.002049005590379238,0.005124314002729925,-1.4490033256836927,1.799780424463621,0.3845696303671243,53786,0.33695594636211723,-0.0021340584652273075,-0.004060365295148971,0.8359419880434871,-0.002789903593400663,-0.29998700329603906,0.00011954665105220367,0.0,-1.0,0.1,0.0,0.0,0.0,3.5630500316619873,53786,nan,0.996981680393219,53948.83482591806,52000,53673.73516032792,53603.24010589806,50,52593.43547824086,nan,nan,nan,0.03313429653644562
22.15628931001993,nav_to_wp,0,0.01395708043128252,-1.4457327127456665,1.7921288013458252,-0.013150356709957123,-0.3199838697910309,0.000888893730007112,0.005068356716636269,-1.4550201854087106,1.7997828222189307,0.38521319506621854,53876,0.35393654528281004,-0.0007382570790789439,-0.003850861153785967,1.0484599915798753,-0.002789903593400663,-0.29998700329603906,0.00011954665105220367,0.0,-1.0,0.1,0.0,0.0,0.0,3.5630500316619873,53876,nan,0.9990091919898987,53929.43371490495,52000,53677.144474388944,53607.58935401816,50,52593.43547824086,nan,nan,nan,0.03313429653644562
22.175762282015057,nav_to_wp,0,0.013823304325342178,-1.4535603523254395,1.792064905166626,-0.013862621039152145,-0.3204529881477356,0.0005621828022412956,0.005012559783096565,-1.4610198030748112,1.7997852131031749,0.3854679901953833,53911,0.36065937190984876,-0.0028781238255248106,-0.0033978355695258866,0.6810060003772378,-0.002789903593400663,-0.29998700329603906,0.00011954665105220367,0.0,-1.0,0.1,0.0,0.0,0.0,3.5630500316619873,53911,nan,1.0069259405136108,53540.18387141877,52000,53675.31833301601,53606.69061425017,50,52593.43547824086,nan,nan,nan,0.03313429653644562
22.19617423802265,nav_to_wp,0,0.013741767033934593,-1.4586668014526367,1.7920485734939575,-0.014150327071547508,-0.31963351368904114,0.0017871487652882934,0.004956233811277577,-1.467076306078601,1.7997876266565729,0.38488527589790783,53830,0.345284324483055,-0.0014692777615436447,-0.003227275314000577,0.8158879936672747,-0.002789903593400663,-0.29998700329603906,0.00011954665105220367,0.0,-1.0,0.1,0.0,0.0,0.0,3.5630500316619873,53830,nan,1.0138291120529175,53095.73315664495,52000,53667.5905306644,53599.87784814877,50,52593.43547824086,nan,nan,nan,0.03313429653644562
22.217846793006174,nav_to_wp,0,0.013636930845677853,-1.4664673805236816,1.7920535802841187,-0.01469440571963787,-0.31987929344177246,0.0035759916063398123,0.004899430347395381,-1.4731841518648003,1.799790060670383,0.3839967441001377,53705,0.32184021372394866,-0.00336397999641083,-0.0029013301654607915,0.8426359854638577,-0.002789903593400663,-0.29998700329603906,0.00011954665105220367,0.0,-1.0,0.1,0.0,0.0,0.0,3.5630500316619873,53705,nan,0.9945094585418701,54001.49746060857,52000,53672.04262306365,53605.23277631489,50,52593.43547824086,nan,nan,nan,0.03313429653644562
22.23586462502135,nav_to_wp,0,0.013580278493463993,-1.4716246128082275,1.7920221090316772,-0.015005507506430149,-0.319217324256897,0.0028866298962384462,0.004845304337272378,-1.479004101921705,1.7997923799559885,0.3843901212127957,53761,0.33221955706584794,-0.0023264715871457635,-0.002733863673682446,0.7870850095059723,-0.002789903593400663,-0.29998700329603906,0.00011954665105220367,0.0,-1.0,0.1,0.0,0.0,0.0,3.5630500316619873,53761,nan,0.9965569972991943,53946.73876727539,52000,53675.70523831981,53609.7861895277,50,52593.43547824086,nan,nan,nan,0.03313429653644562
22.256247670011362,nav_to_wp,0,0.013502572663128376,-1.4767833948135376,1.7919800281524658,-0.01482549961656332,-0.317035049200058,0.0017763888463377953,0.004789316200423723,-1.4850242789031196,1.7997947790332451,0.3850077060657265,53847,0.3485146719189025,-0.0002941655164758678,-0.0028004239206562698,1.0297289991285652,-0.002789903593400663,-0.29998700329603906,0.00011954665105220367,0.0,-1.0,0.1,0.0,0.0,0.0,3.5630500316619873,53847,nan,1.0050398111343384,53576.982128922406,52000,53674.38893019452,53609.34880205297,50,52593.43547824086,nan,nan,nan,0.03313429653644562
22.277128615998663,nav_to_wp,0,0.013416076079010963,-1.484462857246399,1.792035698890686,-0.014974170364439487,-0.31538134813308716,0.00202538026496768,0.0047303740104478395,-1.4913620932205736,1.799797304690918,0.3848245450045684,53821,0.34368192624190996,-0.0008294059677256826,-0.0026958486491746037,0.8342219807673246,-0.002789903593400663,-0.29998700329603906,0.00011954665105220367,0.0,-1.0,0.1,0.0,0.0,0.0,3.5630500316619873,53821,nan,1.0009957551956177,53767.46077158153,52000,53675.62988807968,53611.45696164668,50,52593.43547824086,nan,nan,nan,0.03313429653644562
22.296200049022445,nav_to_wp,0,0.013313135132193565,-1.4895803928375244,1.791977047920227,-0.01508280448615551,-0.31390005350112915,0.001965682487934828,0.004677336690462315,-1.4970649808482843,1.7997995773264313,0.3849381860119631,53837,0.34668036970878724,0.0005487267521086063,-0.0025867537822696907,0.9127850062213838,-0.002789903593400663,-0.29998700329603906,0.00011954665105220367,0.0,-1.0,0.1,0.0,0.0,0.0,3.5630500316619873,53837,nan,0.9970510601997375,53996.23163653717,52000,53679.90457805912,53616.58729064523,50,52593.43547824086,nan,nan,nan,0.03313429653644562
22.316732595005305,nav_to_wp,0,0.013238972052931786,-1.494638204574585,1.7919560670852661,-0.014831523410975933,-0.3119964599609375,0.0005315926391631365,0.004619974010018405,-1.5032329569203255,1.7998020353025272,0.3856938212134177,53943,0.366617973968804,0.002686106323839673,-0.002694563547897433,0.8723499777261168,-0.002789903593400663,-0.29998700329603906,0.00011954665105220367,0.0,-1.0,0.1,0.0,0.0,0.0,3.5630500316619873,53943,nan,0.9922400712966919,54364.86749573167,52000,53689.03741696142,53626.56436004638,50,52593.43547824086,nan,nan,nan,0.03313429653644562
22.33605178500875,nav_to_wp,0,0.013140142895281315,-1.5022625923156738,1.791931390762329,-0.01494590099900961,-0.310927152633667,-0.0004833379643969238,0.004565874763442997,-1.509050029201647,1.7998043534413217,0.38624176106193514,54019,0.3810754897608195,0.0013642926899719895,-0.002585191412435739,0.8041160181164742,-0.002789903593400663,-0.29998700329603906,0.00011954665105220367,0.0,-1.0,0.1,0.0,0.0,0.0,3.5577712059020996,54019,nan,1.0027142763137817,53872.77440447622,52000,53691.48724346162,53629.847160638776,50,52534.20177438916,nan,nan,nan,0.03313429653644562
22.356428807019256,nav_to_wp,0,0.013117415830492973,-1.5073022842407227,1.791980504989624,-0.01477004773914814,-0.31023043394088745,6.587980169570073e-05,0.004509749081513541,-1.5150849958470147,1.7998067584123496,0.3859178299733189,53974,0.3725284953382282,0.0027581098822559895,-0.0027131142270746533,1.011140993796289,-0.002789903593400663,-0.29998700329603906,0.00011954665105220367,0.0,-1.0,0.1,0.0,0.0,0.0,3.5577712059020996,53974,nan,1.0044963359832764,53732.40107159395,52000,53692.032761170056,53631.21454611818,50,52534.20177438916,nan,nan,nan,0.03313429653644562
22.37575461601955,nav_to_wp,0,0.013034244067966938,-1.5148531198501587,1.7919124364852905,-0.014737612567842007,-0.3092740476131439,0.0007767045754007995,0.004454356990832749,-1.5210410824046074,1.7998091319491811,0.38565738220238477,53938,0.3656565224903616,0.0016018847500571356,-0.002702954366693433,0.5893530033063143,-0.002789903593400663,-0.29998700329603906,0.00011954665105220367,0.0,-1.0,0.1,0.0,0.0,0.0,3.5577712059020996,53938,nan,0.9973740577697754,54080.010984655615,52000,53697.20580414986,53637.19849863201,50,52534.20177438916,nan,nan,nan,0.03313429653644562
22.39605783202569,nav_to_wp,0,0.012950309552252293,-1.5198636054992676,1.7918999195098877,-0.014047062955796719,-0.3073391616344452,0.0003166539827361703,0.004398423957435529,-1.5270553343356703,1.799811528665269,0.3859163913319529,53974,0.3724905364631361,0.00364397435825344,-0.0030299934932656036,0.7865109946578741,-0.002789903593400663,-0.29998700329603906,0.00011954665105220367,0.0,-1.0,0.1,0.0,0.0,0.0,3.5577712059020996,53974,nan,1.0039705038070679,53760.54355713635,52000,53698.050307523015,53638.84309941207,50,52534.20177438916,nan,nan,nan,0.03313429653644562
22.416427553020185,nav_to_wp,0,0.01287885196506977,-1.5272901058197021,1.791867971420288,-0.013617546297609806,-0.30678001046180725,0.00043261112296022475,0.004342456714168337,-1.5330732647151213,1.799813926847241,0.3859081599867537,53973,0.37227335057397504,0.0024738220076192642,-0.003236603600937693,1.0882919887080789,-0.002789903593400663,-0.29998700329603906,0.00011954665105220367,0.0,-1.0,0.1,0.0,0.0,0.0,3.5577712059020996,53973,nan,1.000580072402954,53941.70990271728,52000,53701.29910212561,53642.88132345614,50,52534.20177438916,nan,nan,nan,0.03313429653644562
22.436129282024922,nav_to_wp,0,0.0128733916208148,-1.5323055982589722,1.7918645143508911,-0.013133164495229721,-0.30582183599472046,0.0009222810040228069,0.004286682367652249,-1.5390704536903008,1.7998163167636367,0.38568087310550586,53941,0.36627633523761993,0.003990318103470879,-0.0035418774232294226,0.7960090006235987,-0.002789903593400663,-0.29998700329603906,0.00011954665105220367,0.0,-1.0,0.1,0.0,0.0,0.0,3.5577712059020996,53941,nan,1.0070948600769043,53560.99225437505,52000,53699.4283441556,53641.78946920172,50,52534.20177438916,nan,nan,nan,0.03313429653644562
22.456360087002395,nav_to_wp,0,0.012828875333070755,-1.5372364521026611,1.7918174266815186,-0.012240043841302395,-0.30382686853408813,0.001205616514198482,0.00423107342332415,-1.545049857639922,1.7998186995925913,0.38561387249753193,53932,0.36450850916970623,0.006113428592142061,-0.00401722290449924,1.1299139878246933,-0.002789903593400663,-0.29998700329603906,0.00011954665105220367,0.0,-1.0,0.1,0.0,0.0,0.0,3.5577712059020996,53932,nan,1.0038785934448242,53723.6278890374,52000,53699.751004754035,53642.880648132865,50,52534.20177438916,nan,nan,nan,0.03313429653644562
22.47602211200865,nav_to_wp,0,0.0128102358430624,-1.5446926355361938,1.7918790578842163,-0.011732721701264381,-0.3026665151119232,0.0015915289986878633,0.004175547701820607,-1.5510203129771958,1.7998210788554694,0.3853532393710128,53895,0.35763164567315897,0.005177577231357449,-0.004321533201890437,0.8542530122213066,-0.002789903593400663,-0.29998700329603906,0.00011954665105220367,0.0,-1.0,0.1,0.0,0.0,0.0,3.5577712059020996,53895,nan,0.9970147013664246,54056.37442069414,52000,53704.50598363324,53648.39389843368,50,52534.20177438916,nan,nan,nan,0.03313429653644562
22.495711474010022,nav_to_wp,0,0.01278503704816103,-1.5496126413345337,1.791786789894104,-0.01097045186907053,-0.30161619186401367,0.0010460851481184363,0.004119964215394255,-1.5569969795420298,1.7998234605935595,0.3857568382599872,53952,0.3682806928756506,0.0068124455710548044,-0.004743730141895552,0.6794479850213975,-0.002789903593400663,-0.29998700329603906,0.00011954665105220367,0.0,-1.0,0.1,0.0,0.0,0.0,3.5577712059020996,53952,nan,0.9941227436065674,54270.96437233506,52000,53712.05876214926,53656.69483808569,50,52534.20177438916,nan,nan,nan,0.03313429653644562
22.51613126002485,nav_to_wp,0,0.01276408601552248,-1.554516077041626,1.7917643785476685,-0.010653076693415642,-0.30042827129364014,0.0004623907443601638,0.004063543573776798,-1.5630636620047846,1.7998258782035341,0.3860935715899113,53999,0.37716547730636485,0.00862708576974481,-0.004940745606953234,0.8425209962297231,-0.002789903593400663,-0.29998700329603906,0.00011954665105220367,0.0,-1.0,0.1,0.0,0.0,0.0,3.5577712059020996,53999,nan,0.999595582485199,54020.84697668176,52000,53716.175938343025,53661.55019993364,50,52534.20177438916,nan,nan,nan,0.03313429653644562
22.536161760013783,nav_to_wp,0,0.01279379427433014,-1.5595142841339111,1.7917979955673218,-0.010648170486092567,-0.29970136284828186,0.0010945136891677976,0.004008231701229971,-1.5690111230322066,1.7998282483030394,0.3857515647473454,53951,0.3681415500618819,0.009996010666039133,-0.005035831448852557,1.0187739972025156,-0.002789903593400663,-0.29998700329603906,0.00011954665105220367,0.0,-1.0,0.1,0.0,0.0,0.0,3.5577712059020996,53951,nan,1.0080217123031616,53521.66460455595,52000,53713.58245389253,53659.68505866194,50,52534.20177438916,nan,nan,nan,0.03313429653644562
22.55578706500819,nav_to_wp,0,0.012751330621540546,-1.5668632984161377,1.7917557954788208,-0.010690995492041111,-0.29701876640319824,0.0010651370976120234,0.003952480427213653,-1.5750058311151858,1.7998306372307844,0.3858299909259792,53962,0.37021084237411905,0.00998049172152547,-0.005026384443014287,0.7248150068335235,-0.002789903593400663,-0.29998700329603906,0.00011954665105220367,0.0,-1.0,0.1,0.0,0.0,0.0,3.5577712059020996,53962,nan,0.9960973858833313,54173.41794562278,52000,53719.71359378227,53666.53483048809,50,52534.20177438916,nan,nan,nan,0.03313429653644562
22.575958958012052,nav_to_wp,0,0.012744652107357979,-1.5743353366851807,1.7917371988296509,-0.01071055606007576,-0.2968648374080658,0.00037754111690446734,0.0038960603407392734,-1.58107245388566,1.7998330548169714,0.38620327701489277,54014,0.3800600795486204,0.00859486095842795,-0.005062915524388423,0.6810810009483248,-0.002789903593400663,-0.29998700329603906,0.00011954665105220367,0.0,-1.0,0.1,0.0,0.0,0.0,3.5577712059020996,54014,nan,1.0038549900054932,53806.576186570965,52000,53720.87176168612,53668.402048569194,50,52534.20177438916,nan,nan,nan,0.03313429653644562
22.596200897998642,nav_to_wp,0,0.012762634083628654,-1.579270362854004,1.7917402982711792,-0.01091573666781187,-0.29737263917922974,0.0010581292444840074,0.0038409466461510992,-1.5869986056420105,1.799835416424602,0.3858727620955208,53968,0.3713393692749545,0.009366477718486043,-0.0050366772890892975,1.075531996320933,-0.002789903593400663,-0.29998700329603906,0.00011954665105220367,0.0,-1.0,0.1,0.0,0.0,0.0,3.5577712059020996,53968,nan,0.9925119280815125,54375.165147201886,52000,53729.59567349299,53677.82555655097,50,52534.20177438916,nan,nan,nan,0.03313429653644562
22.616270284022903,nav_to_wp,0,0.012725628912448883,-1.5842682123184204,1.7917479276657104,-0.01148571353405714,-0.2991229295730591,0.0005145937320776284,0.0037842470113191584,-1.593095287112097,1.799837845989364,0.38614643283046507,54006,0.3785602329938005,0.009591551454242578,-0.004758292579246204,0.890784984221682,-0.002789903593400663,-0.29998700329603906,0.00011954665105220367,0.0,-1.0,0.1,0.0,0.0,0.0,3.5577712059020996,54006,nan,1.0073808431625366,53610.31070479306,52000,53728.00520724366,53676.92535852753,50,52534.20177438916,nan,nan,nan,0.03313429653644562
22.63622255800874,nav_to_wp,0,0.012684202753007412,-1.591763973236084,1.7917144298553467,-0.012036561965942383,-0.3008163869380951,0.0013931113062426448,0.003729153811392171,-1.599019235160761,1.799840206718804,0.3857515855527465,53951,0.3681420990170565,0.007093369653235239,-0.004491734560281513,0.9470130025874823,-0.002789903593400663,-0.29998700329603906,0.00011954665105220367,0.0,-1.0,0.1,0.0,0.0,0.0,3.5577712059020996,53951,nan,1.0010414123535156,53894.873213244566,52000,53730.23011399034,53679.831329923756,50,52534.20177438916,nan,nan,nan,0.03313429653644562
22.65641208301531,nav_to_wp,0,0.012654146179556847,-1.596769094467163,1.791703462600708,-0.012326438911259174,-0.30279356241226196,0.0005882405093871057,0.0036725902039901268,-1.605101290153733,1.7998426304548256,0.3861789261731947,54011,0.37941757712914637,0.00717702715127728,-0.004364092812948472,0.9601830097381026,-0.002789903593400663,-0.29998700329603906,0.00011954665105220367,0.0,-1.0,0.1,0.0,0.0,0.0,3.5577712059020996,54011,nan,0.9924355745315552,54422.676278502026,52000,53739.46272951717,53689.73592923813,50,52534.20177438916,nan,nan,nan,0.03313429653644562
22.676040844002273,nav_to_wp,0,0.012621118687093258,-1.6043198108673096,1.7916920185089111,-0.0131151732057333,-0.3053171634674072,0.00018489563080947846,0.0036169866106988934,-1.6110801187280912,1.7998450130544896,0.3863989392903288,54041,0.385222672568041,0.004239424085075435,-0.00397672664675075,0.6850089994259179,-0.002789903593400663,-0.29998700329603906,0.00011954665105220367,0.0,-1.0,0.1,0.0,0.0,0.0,3.5577712059020996,54041,nan,1.000388741493225,54020.00018446427,52000,53743.20322891646,53694.139452641146,50,52534.20177438916,nan,nan,nan,0.03313429653644562
22.696463945001597,nav_to_wp,0,0.01262466050684452,-1.6094698905944824,1.7917137145996094,-0.013494652695953846,-0.30720987915992737,0.0004092876915819943,0.0035610460584704767,-1.617095179128538,1.7998474100927575,0.38627041488287606,54023,0.38183152725266467,0.0041565614633697345,-0.0038431615675318387,1.0125609987881035,-0.002789903593400663,-0.29998700329603906,0.00011954665105220367,0.0,-1.0,0.1,0.0,0.0,0.0,3.5577712059020996,54023,nan,1.0054782629013062,53728.66027368578,52000,53743.00932284672,53694.59973025508,50,52534.20177438916,nan,nan,nan,0.03313429653644562
22.716165606019786,nav_to_wp,0,0.012614896520972252,-1.6171795129776,1.7917371988296509,-0.014075923711061478,-0.30965477228164673,0.0006599986809305847,0.0035060120211894124,-1.6230127656581517,1.799849768287093,0.38612327079593256,54003,0.37794909751800887,0.0010352909378486357,-0.0035904408251838937,0.9912500099744648,-0.002789903593400663,-0.29998700329603906,0.00011954665105220367,0.0,-1.0,0.1,0.0,0.0,0.0,3.5577712059020996,54003,nan,0.991820752620697,54448.346495379716,52000,53752.4138184805,53704.59973025508,50,52534.20177438916,nan,nan,nan,0.03313429653644562
22.73555239100824,nav_to_wp,0,0.012536142021417618,-1.6223032474517822,1.7916887998580933,-0.01455759722739458,-0.3122747242450714,-0.0013999894727021456,0.0034504153133937,-1.6289908538631395,1.7998521505917153,0.38722438822982724,54157,0.40700232796377733,0.0005616887326196453,-0.00330752486290109,0.5739980260841548,-0.002789903593400663,-0.29998700329603906,0.00011954665105220367,0.0,-1.0,0.1,0.0,0.0,0.0,3.5577712059020996,54157,nan,0.99956876039505,54180.3647190775,52000,53758.11983048845,53710.94326343938,50,52534.20177438916,nan,nan,nan,0.03313429653644562
22.75770823500352,nav_to_wp,0,0.012472274713218212,-1.6274954080581665,1.7917324304580688,-0.014618965797126293,-0.31438231468200684,-0.0012264399556443095,0.0033937079672939578,-1.6350883644945364,1.7998545804869033,0.3870941568750666,54139,0.4035661444608589,0.00040848239139530456,-0.0032695314305764,1.0391990072093904,-0.002789903593400663,-0.29998700329603906,0.00011954665105220367,0.0,-1.0,0.1,0.0,0.0,0.0,3.5577712059020996,54139,nan,1.001955270767212,54033.350169958154,52000,53761.789568348046,53715.242022192964,50,52534.20177438916,nan,nan,nan,0.03313429653644562
22.776732095022453,nav_to_wp,0,0.012448231689631939,-1.635318398475647,1.7917298078536987,-0.015679294243454933,-0.3162950873374939,-0.000519843481015414,0.0033368432511641025,-1.6412027964861744,1.7998570171253565,0.38675574512163957,54091,0.39463707444959084,-0.0023473779049660204,-0.002758016166894306,0.6686490087304264,-0.002789903593400663,-0.29998700329603906,0.00011954665105220367,0.0,-1.0,0.1,0.0,0.0,0.0,3.5577712059020996,54091,nan,1.0047003030776978,53837.94533982231,52000,53762.804978634376,53716.87806642803,50,52534.20177438916,nan,nan,nan,0.03313429653644562
22.797028846020112,nav_to_wp,0,0.012446858920156956,-1.637882113456726,1.791725754737854,-0.015042212791740894,-0.3157382905483246,-0.00046035629929974675,0.0032821130455482576,-1.6470877132307207,1.7998593623005834,0.3867418723045195,54089,0.3942710370585605,0.0013755563909709151,-0.003142764200161352,1.3782710011582822,-0.002789903593400663,-0.29998700329603906,0.00011954665105220367,0.0,-1.0,0.1,0.0,0.0,0.0,3.5577712059020996,54089,nan,0.9940998554229736,54410.027025892676,52000,53771.43460593116,53726.12005255422,50,52534.20177438916,nan,nan,nan,0.03313429653644562
22.81645914600813,nav_to_wp,0,0.012353031896054745,-1.6431190967559814,1.7917919158935547,-0.015061356127262115,-0.3162548542022705,-0.0011523292632773519,0.0032262261655138565,-1.6530970024781135,1.7998617570390116,0.3870164970170691,54128,0.4015170716904759,0.0019058517773470939,-0.003091428144199826,0.966640975093469,-0.002789903593400663,-0.29998700329603906,0.00011954665105220367,0.0,-1.0,0.1,0.0,0.0,0.0,3.5577712059020996,54128,nan,1.000563621520996,54097.509479425105,52000,53775.78227091108,53731.07191157917,50,52534.20177438916,nan,nan,nan,0.03313429653644562
22.835869892005576,nav_to_wp,0,0.012316512875258923,-1.6535660028457642,1.7918661832809448,-0.014984888955950737,-0.3167361915111542,-0.00031616436899639666,0.003171104087266504,-1.6590240556952884,1.79986411900588,0.3865176618853837,54058,0.3883551948650048,-0.003018294357748421,-0.0031542373985364858,0.7379880116786808,-0.002789903593400663,-0.29998700329603906,0.00011954665105220367,0.0,-1.0,0.1,0.0,0.0,0.0,3.5577712059020996,54058,nan,1.0032507181167603,53882.84206910343,52000,53777.20973488698,53733.095513679495,50,52534.20177438916,nan,nan,nan,0.03313429653644562
22.856694137008162,nav_to_wp,0,0.012270686216652393,-1.6587764024734497,1.7918263673782349,-0.014102675952017307,-0.3168356120586395,0.001626298762857914,0.0031143927349126434,-1.6651219971029207,1.7998665490727348,0.38560703238589117,53931,0.3643280312900039,-0.002156314473396132,-0.0036305509984535522,1.1106599995400757,-0.002789903593400663,-0.29998700329603906,0.00011954665105220367,0.0,-1.0,0.1,0.0,0.0,0.0,3.5577712059020996,53931,nan,1.0138827562332153,53192.54092096886,52000,53769.41415070141,53725.88811911002,50,52534.20177438916,nan,nan,nan,0.03313429653644562
22.87617736600805,nav_to_wp,0,0.012255514040589333,-1.6666951179504395,1.7919214963912964,-0.014005789533257484,-0.3177614212036133,0.0034122883807867765,0.0030590330907491574,-1.6710745948182764,1.7998689212192414,0.384609506322875,53791,0.3380080823977565,-0.004688162844185937,-0.003732145203554582,0.8607319905422628,-0.002789903593400663,-0.29998700329603906,0.00011954665105220367,0.0,-1.0,0.1,0.0,0.0,0.0,3.5577712059020996,53791,nan,1.0009585618972778,53739.48737502306,52000,53769.0151270257,53726.069442522195,50,52534.20177438916,nan,nan,nan,0.03313429653644562
22.896018804021878,nav_to_wp,0,0.012243871577084064,-1.671891212463379,1.7919244766235352,-0.01353213656693697,-0.31810158491134644,0.003480352461338043,0.003003386591564367,-1.6770580368891235,1.799871305657412,0.38458203417706494,53787,0.33728322366925845,-0.004046479720610974,-0.004024503070892971,0.7564960105810314,-0.002789903593400663,-0.29998700329603906,0.00011954665105220367,0.0,-1.0,0.1,0.0,0.0,0.0,3.5577712059020996,53787,nan,0.998708188533783,53856.57253793565,52000,53770.18255917116,53727.80948379437,50,52534.20177438916,nan,nan,nan,0.03313429653644562
22.91654721600935,nav_to_wp,0,0.012214689515531063,-1.6797713041305542,1.7920079231262207,-0.013612001203000546,-0.319579541683197,0.0033513163216412067,0.0029460327774138966,-1.6832250596046379,1.7998737632535895,0.3845583834123981,53784,0.3366591929392637,-0.006597292958458931,-0.004012517683838146,0.7541569939348847,-0.002789903593400663,-0.29998700329603906,0.00011954665105220367,0.0,-1.0,0.1,0.0,0.0,0.0,3.5577712059020996,53784,nan,0.9970322847366333,53944.090701342815,52000,53772.50133440011,53730.693233361686,50,52534.20177438916,nan,nan,nan,0.03313429653644562
22.93615704102558,nav_to_wp,0,0.012145551852881908,-1.685049295425415,1.7920501232147217,-0.01365581713616848,-0.31993141770362854,0.0034747328609228134,0.0028919551302644415,-1.6890398093874044,1.799876080466854,0.38445366620621035,53769,0.33389620596861036,-0.0062236671359918476,-0.003975147435702375,0.8377280028071254,-0.002789903593400663,-0.29998700329603906,0.00011954665105220367,0.0,-1.0,0.1,0.0,0.0,0.0,3.5577712059020996,53769,nan,1.0017597675323486,53674.54527790636,52000,53771.19525364686,53729.94459395561,50,52534.20177438916,nan,nan,nan,0.03313429653644562
22.956515040015802,nav_to_wp,0,0.012140508741140366,-1.6903102397918701,1.7921617031097412,-0.013446622528135777,-0.3210541605949402,0.003204548265784979,0.002835854842091194,-1.6950720455452937,1.7998784843497662,0.3844597442294684,53770,0.33405657597541705,-0.006005161336909189,-0.004137032117187189,1.0975379846058786,-0.002789903593400663,-0.29998700329603906,0.00011954665105220367,0.0,-1.0,0.1,0.0,0.0,0.0,3.5577712059020996,53770,nan,1.002359390258789,53643.434203891346,52000,53769.491772983456,53728.791122088085,50,52534.20177438916,nan,nan,nan,0.03313429653644562
22.97595100000035,nav_to_wp,0,0.012068009003996849,-1.6982110738754272,1.7921966314315796,-0.013735735788941383,-0.32223162055015564,0.0024503471795469522,0.0027805422748238516,-1.7010195812731914,1.79988085447904,0.38481100405665775,53819,0.3433246452943983,-0.008642133398062107,-0.003965126346956227,0.7977950153872371,-0.002789903593400663,-0.29998700329603906,0.00011954665105220367,0.0,-1.0,0.1,0.0,0.0,0.0,3.5577712059020996,53819,nan,0.9962548613548279,54021.31732317011,52000,53772.84944698594,53732.69147143585,50,52534.20177438916,nan,nan,nan,0.03313429653644562
22.995940141001483,nav_to_wp,0,0.012010461650788784,-1.7034461498260498,1.7921411991119385,-0.013808093033730984,-0.3221984803676605,0.002440541982650757,0.0027244981948668055,-1.70704577358986,1.7998832559534443,0.38489322185997804,53831,0.34549398047435353,-0.007800863509892627,-0.0039251181567816484,0.7103820098564029,-0.002789903593400663,-0.29998700329603906,0.00011954665105220367,0.0,-1.0,0.1,0.0,0.0,0.0,3.5577712059020996,53831,nan,0.9980393052101135,53936.753511593575,52000,53775.034834514045,53735.41229863795,50,52534.20177438916,nan,nan,nan,0.03313429653644562
23.016037505003624,nav_to_wp,0,0.012027201242744923,-1.7087445259094238,1.7922389507293701,-0.014310740865767002,-0.32287606596946716,0.002861838322132826,0.0026688637675471305,-1.7130279176220766,1.7998856398743386,0.3845696959518388,53786,0.3369576768295186,-0.007448591050204738,-0.0037422888749474303,0.8020829991437495,-0.002789903593400663,-0.29998700329603906,0.00011954665105220367,0.0,-1.0,0.1,0.0,0.0,0.0,3.5577712059020996,53786,nan,1.0160528421401978,52936.22316601764,52000,53765.034834514045,53725.41229863795,50,52534.20177438916,nan,nan,nan,0.03313429653644562
23.035935884021455,nav_to_wp,0,0.01195264421403408,-1.716554880142212,1.7922120094299316,-0.014525815844535828,-0.32264605164527893,0.004049583338201046,0.002613316502481089,-1.719000689451135,1.7998880200603526,0.38402574173776877,53710,0.32260532289627264,-0.00925344189672853,-0.0036157775614924503,0.8282640192192048,-0.002789903593400663,-0.29998700329603906,0.00011954665105220367,0.0,-1.0,0.1,0.0,0.0,0.0,3.5577712059020996,53710,nan,1.0025156736373901,53575.222225829166,52000,53762.503999731576,53723.40976433383,50,52534.20177438916,nan,nan,nan,0.03313429653644562
23.05576151900459,nav_to_wp,0,0.01193958055227995,-1.721781849861145,1.7922621965408325,-0.014142886735498905,-0.32162386178970337,0.0035547784063965082,0.002557630060195739,-1.7249884264413717,1.799890406210075,0.3842169930209291,53736,0.3276515308952259,-0.007924677061641227,-0.003857682693849007,0.73549899389036,-0.002789903593400663,-0.29998700329603906,0.00011954665105220367,0.0,-1.0,0.1,0.0,0.0,0.0,3.5577712059020996,53736,nan,0.9992362260818481,53777.073526153814,52000,53762.698260083875,53724.1252811581,50,52534.20177438916,nan,nan,nan,0.03313429653644562
23.076098422025098,nav_to_wp,0,0.011887656524777412,-1.7269880771636963,1.7922582626342773,-0.013770319521427155,-0.32113680243492126,0.0036188634112477303,0.0025016727294438004,-1.7310052909683136,1.7998928039672981,0.38419769123352454,53734,0.327142248905659,-0.006827516983637234,-0.004056022825758676,0.9406780009157956,-0.002789903593400663,-0.29998700329603906,0.00011954665105220367,0.0,-1.0,0.1,0.0,0.0,0.0,3.5577712059020996,53734,nan,1.0045464038848877,53490.80917735031,52000,53759.073072314095,53721.014399773994,50,52534.20177438916,nan,nan,nan,0.03313429653644562
23.096070777013665,nav_to_wp,0,0.011847101151943207,-1.7347538471221924,1.792250394821167,-0.013688414357602596,-0.31925031542778015,0.005135437939316034,0.002445873661644074,-1.737005138122727,1.7998951949429944,0.3834623797937064,53631,0.3077408916545217,-0.007698800274201691,-0.004122420878816646,0.9463750175200403,-0.002789903593400663,-0.29998700329603906,0.00011954665105220367,0.0,-1.0,0.1,0.0,0.0,0.0,3.5577712059020996,53631,nan,1.0082199573516846,53193.749646529344,52000,53751.53542663697,53713.984203064065,50,52534.20177438916,nan,nan,nan,0.03313429653644562
23.11574283000664,nav_to_wp,0,0.01187997218221426,-1.7399356365203857,1.792352318763733,-0.01311863586306572,-0.31645503640174866,0.006332392804324627,0.0023900675827372465,-1.7430057391530136,1.799897586219115,0.3827418939904661,53530,0.2887307121494995,-0.005396839837675236,-0.0045205954876894605,0.6424539897125214,-0.002789903593400663,-0.29998700329603906,0.00011954665105220367,0.0,-1.0,0.1,0.0,0.0,0.0,3.5577712059020996,53530,nan,1.000427007675171,53507.152035404346,52000,53748.27698142054,53711.22644082861,50,52534.20177438916,nan,nan,nan,0.03313429653644562
23.13625303900335,nav_to_wp,0,0.011838403530418873,-1.7475509643554688,1.7923654317855835,-0.012802782468497753,-0.31420132517814636,0.006032947450876236,0.0023338481322135035,-1.7490507883545205,1.7998999952081032,0.3828870837306219,53550,0.29256157600585375,-0.005858051800166429,-0.004699173940907242,0.9704640251584351,-0.002789903593400663,-0.29998700329603906,0.00011954665105220367,0.0,-1.0,0.1,0.0,0.0,0.0,3.5577712059020996,53550,nan,0.9984440803527832,53633.44933757233,52000,53746.74594616923,53710.18941278519,50,52534.20177438916,nan,nan,nan,0.03313429653644562
23.155940426018788,nav_to_wp,0,0.011800391599535942,-1.7526401281356812,1.79232656955719,-0.01204250194132328,-0.31216296553611755,0.005423228722065687,0.0022781572177663356,-1.755039006218156,1.7999023815494561,0.3832481270288816,53601,0.3020877844032075,-0.003850414452659887,-0.005109960017482207,0.7049809792079031,-0.002789903593400663,-0.29998700329603906,0.00011954665105220367,0.0,-1.0,0.1,0.0,0.0,0.0,3.5577712059020996,53601,nan,0.9964102506637573,53794.107361193615,52000,53747.37743170289,53711.30831876397,50,52534.20177438916,nan,nan,nan,0.03313429653644562
23.175940881017596,nav_to_wp,0,0.011759866029024124,-1.757689118385315,1.7923108339309692,-0.011521329171955585,-0.3099554181098938,0.0049348436295986176,0.0022222358544720586,-1.7610520033104426,1.799904777765483,0.3835208617757365,53639,0.3092839518663979,-0.0016910129322977641,-0.005394170677123666,0.6848250050097704,-0.002789903593400663,-0.29998700329603906,0.00011954665105220367,0.0,-1.0,0.1,0.0,0.0,0.0,3.5577712059020996,53639,nan,1.0118738412857056,53009.572746583995,52000,53737.54003590131,53701.95184446824,50,52534.20177438916,nan,nan,nan,0.03313429653644562
23.195835674006958,nav_to_wp,0,0.011760717257857323,-1.765172004699707,1.7922253608703613,-0.010914217680692673,-0.30729079246520996,0.006028039380908012,0.002166784849364209,-1.767014424697119,1.7999071538267828,0.38309270312146004,53579,0.2979868897482856,-0.0018893660284808626,-0.005775945172525221,0.6968530069570988,-0.002789903593400663,-0.29998700329603906,0.00011954665105220367,0.0,-1.0,0.1,0.0,0.0,0.0,3.5577712059020996,53579,nan,0.9958178400993347,53804.01700240216,52000,53738.426395454655,53703.312713240695,50,52534.20177438916,nan,nan,nan,0.03313429653644562
23.216911081020953,nav_to_wp,0,0.011756625957787037,-1.7726517915725708,1.7922378778457642,-0.010034261271357536,-0.30428779125213623,0.00535065121948719,0.002110441931674926,-1.7730727498215229,1.799909568106307,0.38342756205834355,53626,0.3068222178982456,-0.0018042216993804068,-0.006284415034599533,0.9463689930271357,-0.002789903593400663,-0.29998700329603906,0.00011954665105220367,0.0,-1.0,0.1,0.0,0.0,0.0,3.5577712059020996,53626,nan,0.9928106069564819,54014.33025015072,52000,53742.10511351727,53707.459613732826,50,52534.20177438916,nan,nan,nan,0.03313429653644562
23.236266409017844,nav_to_wp,0,0.011727895587682724,-1.777529239654541,1.792173981666565,-0.0096793994307518,-0.30223894119262695,0.003626315388828516,0.002054908348202166,-1.7790440505244183,1.7999119477060685,0.3843802221223821,53759,0.33195836734517314,0.0004046515166418016,-0.006481377104021524,0.9587690001353621,-0.002789903593400663,-0.29998700329603906,0.00011954665105220367,0.0,-1.0,0.1,0.0,0.0,0.0,3.5577712059020996,53759,nan,1.001127004623413,53698.48156300823,52000,53741.52346617715,53707.33990638983,50,52534.20177438916,nan,nan,nan,0.03313429653644562
23.256379678001394,nav_to_wp,0,0.011709957383573055,-1.782433032989502,1.79210364818573,-0.00899492483586073,-0.30015265941619873,0.0031576647888869047,0.001998675087631678,-1.7850905846641676,1.7999143572868135,0.38471564281640047,53806,0.3408085175831239,0.0026770811359878195,-0.006871385455683887,0.9203940280713141,-0.002789903593400663,-0.29998700329603906,0.00011954665105220367,0.0,-1.0,0.1,0.0,0.0,0.0,3.5577712059020996,53806,nan,1.0011394023895264,53744.76308851242,52000,53741.566661141616,53707.83888215147,50,52534.20177438916,nan,nan,nan,0.03313429653644562
23.275909711024724,nav_to_wp,0,0.011720859445631504,-1.7898216247558594,1.7920547723770142,-0.008728069253265858,-0.2980896234512329,0.002352994168177247,0.0019432402946991077,-1.7910512628214754,1.7999167326534256,0.38519005654200833,53872,0.3533260301321448,0.002262139697062354,-0.007070372593831031,0.6779010000173002,-0.002789903593400663,-0.29998700329603906,0.00011954665105220367,0.0,-1.0,0.1,0.0,0.0,0.0,3.5577712059020996,53872,nan,0.9903966188430786,54394.36986661971,52000,53750.270703881324,53716.99262861104,50,52534.20177438916,nan,nan,nan,0.03313429653644562
23.295955840003444,nav_to_wp,0,0.011737674474716187,-1.7947967052459717,1.792087435722351,-0.008318989537656307,-0.29680609703063965,0.0005628225626423955,0.0018874600057080734,-1.7970490907668528,1.7999191228244549,0.3860579835665319,53994,0.3762264793280181,0.003981735943849877,-0.007341627891415348,0.6805419980082661,-0.002789903593400663,-0.29998700329603906,0.00011954665105220367,0.0,-1.0,0.1,0.0,0.0,0.0,3.5577712059020996,53994,nan,1.000205159187317,53982.92490699709,52000,53753.372759922866,53720.53839232286,50,52534.20177438916,nan,nan,nan,0.03313429653644562
23.316788449999876,nav_to_wp,0,0.011660484597086906,-1.7994723320007324,1.7919217348098755,-0.008450018242001534,-0.29603204131126404,0.00013562830281443894,0.0018310057624664755,-1.8031193862757917,1.7999215418742505,0.3864929554670677,54055,0.38770331047671824,0.005821285524737119,-0.007244098635952989,1.23650100431405,-0.002789903593400663,-0.29998700329603906,0.00011954665105220367,0.0,-1.0,0.1,0.0,0.0,0.0,3.5577712059020996,54055,nan,0.9994820356369019,54083.013073421,52000,53757.76796410284,53725.37138807083,50,52534.20177438916,nan,nan,nan,0.03313429653644562
23.336235324997688,nav_to_wp,0,0.011558517813682556,-1.806593656539917,1.7917741537094116,-0.008626473136246204,-0.29497796297073364,0.0006044471519999206,0.00177614419702345,-1.809018427609088,1.7999238926782122,0.38645220500963917,54049,0.3866281005181822,0.005102247541774966,-0.0071047819151659475,1.099136017728597,-0.002789903593400663,-0.29998700329603906,0.00011954665105220367,0.0,-1.0,0.1,0.0,0.0,0.0,3.552492618560791,54049,nan,0.9963528513908386,54246.84631007117,52000,53764.28900871575,53732.324387030836,50,52474.97074583234,nan,nan,nan,0.03313429653644562
23.356655851006508,nav_to_wp,0,0.01160020288079977,-1.811548113822937,1.7916759252548218,-0.008561196736991405,-0.2939613163471222,-0.0006542950868606567,0.0017192130532379252,-1.8151400022967703,1.7999263321630734,0.38722000064055223,54156,0.40688656043673355,0.00682294884993761,-0.007226283896918595,1.0481459903530777,-0.002789903593400663,-0.29998700329603906,0.00011954665105220367,0.0,-1.0,0.1,0.0,0.0,0.0,3.552492618560791,54156,nan,0.997066080570221,54315.35688088822,52000,53771.63658034472,53740.0981536156,50,52474.97074583234,nan,nan,nan,0.03313429653644562
23.376364490017295,nav_to_wp,0,0.011549551971256733,-1.816438913345337,1.7916392087936401,-0.008983866311609745,-0.2938781678676605,-0.001509260619059205,0.0016638926157192882,-1.8210883842808279,1.7999287026295854,0.3877072650804027,54224,0.41974314196313145,0.007948428547688518,-0.007003978632439178,0.9145009971689433,-0.002789903593400663,-0.29998700329603906,0.00011954665105220367,0.0,-1.0,0.1,0.0,0.0,0.0,3.552492618560791,54224,nan,0.9966158270835876,54408.12650816166,52000,53780.12311271561,53749.005198342886,50,52474.97074583234,nan,nan,nan,0.03313429653644562
23.39589241700014,nav_to_wp,0,0.011481907218694687,-1.8237876892089844,1.79154634475708,-0.009537378326058388,-0.2937408983707428,-0.0018041093135252595,0.0016084482561701773,-1.8270500910975613,1.7999310784061247,0.3879774864923785,54262,0.4268729945218599,0.006583519999801294,-0.006701182897117297,0.6594029837287962,-0.002789903593400663,-0.29998700329603906,0.00011954665105220367,0.0,-1.0,0.1,0.0,0.0,0.0,3.552492618560791,54262,nan,1.0079752206802368,53832.67255655455,52000,53780.8237719668,53750.12076311904,50,52474.97074583234,nan,nan,nan,0.03313429653644562
23.415395092015387,nav_to_wp,0,0.011393632739782333,-1.8286411762237549,1.7914164066314697,-0.009916931390762329,-0.29369667172431946,-0.0012963968329131603,0.0015531917380543526,-1.8329916000878181,1.7999334461337066,0.3879001241773374,54251,0.42483177248911197,0.007729640542235344,-0.006472770223574953,0.4345639899838716,-0.002789903593400663,-0.29998700329603906,0.00011954665105220367,0.0,-1.0,0.1,0.0,0.0,0.0,3.552492618560791,54251,nan,0.9943007826805115,54561.96047009642,52000,53790.8237719668,53760.12076311904,50,52474.97074583234,nan,nan,nan,0.03313429653644562
23.436001105001196,nav_to_wp,0,0.01132941897958517,-1.836047887802124,1.7914330959320068,-0.010781877674162388,-0.294689804315567,-0.0022139353677630424,0.001497446001990116,-1.8389857126973002,1.799935834824152,0.3883432522955117,54313,0.4365238072694364,0.005754245621562116,-0.006011198649249927,0.8855959749780595,-0.002789903593400663,-0.29998700329603906,0.00011954665105220367,0.0,-1.0,0.1,0.0,0.0,0.0,3.552492618560791,54313,nan,1.0028034448623657,54161.16216817986,52000,53795.76161724964,53765.46798185319,50,52474.97074583234,nan,nan,nan,0.03313429653644562
23.455874456005404,nav_to_wp,0,0.011162281036376953,-1.8409008979797363,1.791142225265503,-0.01155637763440609,-0.2960287928581238,-0.002242252929136157,0.0014414713236869069,-1.8450044425359795,1.7999382333247134,0.38873282564162276,54368,0.4468027873779086,0.006259086791331456,-0.0054923064637015795,0.7672079955227673,-0.002789903593400663,-0.29998700329603906,0.00011954665105220367,0.0,-1.0,0.1,0.0,0.0,0.0,3.552492618560791,54368,nan,1.0047069787979126,54113.289891794026,52000,53799.9953275769,53770.10560731906,50,52474.97074583234,nan,nan,nan,0.03313429653644562
23.475870802998543,nav_to_wp,0,0.01104477234184742,-1.848443627357483,1.791275978088379,-0.013195098377764225,-0.2982713282108307,-0.0013581027742475271,0.0013857928005422716,-1.850991328013176,1.7999406191351024,0.388127365552491,54283,0.4308275871369638,0.0030014347969793184,-0.004587989533849202,0.7984440017025918,-0.002780729513613882,-0.2990005517535036,0.00011915354409410316,0.0,-1.0,0.1,0.0,0.0,0.0,3.552492618560791,54283,nan,1.0035940408706665,54088.60334892669,52000,53803.84343452823,53774.35224387384,50,52474.97074583234,nan,nan,nan,0.03313429653644562
23.495881339011248,nav_to_wp,0,0.010898442007601261,-1.853366732597351,1.7911126613616943,-0.0131728770211339,-0.2992814779281616,-0.0013504434609785676,0.0013306913254065161,-1.8569161658614324,1.7999429802191327,0.388336354902945,54312,0.4363418180196561,0.00041884781547996646,-0.00447423411442327,0.7826649816706777,-0.0027248855060199233,-0.2929958724055219,0.00011676064273902293,0.0,-1.0,0.1,0.0,0.0,0.0,3.552492618560791,54312,nan,1.0011194944381714,54251.266009438674,52000,53809.80906886037,53780.71109408137,50,52474.97074583234,nan,nan,nan,0.03313429653644562
23.516218390024733,nav_to_wp,0,0.010784554295241833,-1.8583378791809082,1.7910716533660889,-0.014150411821901798,-0.3017415404319763,-0.0017260101158171892,0.0012762463557298293,-1.862770412343815,1.799945313172073,0.388586796507093,54347,0.44294977591274254,-0.0030557841097273676,-0.0038780433524654434,0.9137959859799594,-0.002668559271935009,-0.286939341201342,0.00011434707810289647,0.0,-1.0,0.1,0.0,0.0,0.0,3.552492618560791,54347,nan,1.0014398097991943,54268.86315903249,52000,53815.92979006267,53787.21978828072,50,52474.97074583234,nan,nan,nan,0.03313429653644562
23.536535521008773,nav_to_wp,0,0.010566122829914093,-1.8658798933029175,1.7911280393600464,-0.015011021867394447,-0.3036160469055176,-0.0014814825262874365,0.0012230669136859065,-1.8684885817792924,1.79994759189748,0.38841758514508873,54324,0.4384850961764819,-0.009011667425802929,-0.003237480120339198,0.9847749897744507,-0.0026123701029761312,-0.28089754805352846,0.00011193938667214976,0.0,-1.0,0.1,0.0,0.0,0.0,3.5472140312194824,54324,nan,1.0151612758636475,53512.67950383934,52000,53811.88645291302,53783.55925115484,50,52415.739717275515,nan,nan,nan,0.03313429653644562
23.556671919999644,nav_to_wp,0,0.010426887311041355,-1.8708120584487915,1.791064739227295,-0.01562880538403988,-0.30476024746894836,0.0011989432387053967,0.001171479696131978,-1.8740355457815576,1.7999498023964773,0.38717896753023795,54151,0.40580389261841354,-0.012089569405612417,-0.0028093987621065075,1.2561359908431768,-0.002556683560331437,-0.27490980027205886,0.00010955323264962512,0.0,-1.0,0.1,0.0,0.0,0.0,3.5472140312194824,54151,nan,1.0232471227645874,52920.74494545948,52000,53801.88645291302,53773.55925115484,50,52415.739717275515,nan,nan,nan,0.03313429653644562
23.576885212009074,nav_to_wp,0,0.010217564180493355,-1.878469467163086,1.791191816329956,-0.01598772220313549,-0.3058807849884033,0.004774340894073248,0.001120484683890935,-1.8795188323515386,1.7999519875196293,0.38527735029097177,53885,0.35562929527629805,-0.01812944106129645,-0.0024433614555003924,0.9530200040899217,-0.002500417663486529,-0.2688597568862608,0.00010714225344870637,0.0,-1.0,0.1,0.0,0.0,0.0,3.5472140312194824,53885,nan,1.0116544961929321,53264.23220850651,52000,53794.71772965427,53766.76822391953,50,52415.739717275515,nan,nan,nan,0.03313429653644562
23.596141058020294,nav_to_wp,0,0.009987832978367805,-1.8835164308547974,1.791248083114624,-0.016480667516589165,-0.30666375160217285,0.007293347269296646,0.0010719081769826888,-1.884742066864897,1.79995406901045,0.38398255131855197,53703,0.3214657339987319,-0.021484571911227872,-0.001977590507048488,0.9091700194403529,-0.002445616680822878,-0.2629672297731972,0.00010479404544348857,0.0,-1.0,0.1,0.0,0.0,0.0,3.5472140312194824,53703,nan,1.0092071294784546,53213.06046237805,52000,53786.96229942392,53759.38545376564,50,52415.739717275515,nan,nan,nan,0.03313429653644562
23.615802529006032,nav_to_wp,0,0.009807568974792957,-1.888498067855835,1.7913180589675903,-0.01689298078417778,-0.30761241912841797,0.008419143036007881,0.001023717313280919,-1.8899238347304024,1.7999561339765588,0.3833724138991683,53618,0.3053671213500859,-0.024925049589642485,-0.001598828290231058,0.6954649870749563,-0.0023900094606293548,-0.25698801121276493,0.0001024112903675846,0.0,-1.0,0.1,0.0,0.0,0.0,3.5472140312194824,53618,nan,1.0155534744262695,52796.825918291644,52000,53776.96229942392,53749.38545376564,50,52415.739717275515,nan,nan,nan,0.03313429653644562
23.63615627400577,nav_to_wp,0,0.009543107822537422,-1.8960503339767456,1.791499137878418,-0.017535332590341568,-0.30791759490966797,0.010558461770415306,0.0009765491287242953,-1.8949956380606419,1.7999581551211292,0.3821492270005075,53447,0.27309306069940575,-0.03089820519441201,-0.0010111678120652279,0.9731169848237187,-0.002334299862211449,-0.25099778433763387,0.00010002414841111077,0.0,-1.0,0.1,0.0,0.0,0.0,3.5472140312194824,53447,nan,1.000063419342041,53443.61064137683,52000,53772.51761064996,53745.30845626712,50,52415.739717275515,nan,nan,nan,0.03313429653644562
23.656824557023356,nav_to_wp,0,0.00934706348925829,-1.900997519493103,1.7916170358657837,-0.018111569806933403,-0.3073311746120453,0.011633923277258873,0.000929908957295271,-1.9000106662835894,1.799960153640473,0.38150851635748,53357,0.25618776668812515,-0.033753642526247164,-0.0005245565211309255,1.3877830060664564,-0.0022778745977307595,-0.24493060479716952,9.76063403480088e-05,0.0,-1.0,0.1,0.0,0.0,0.0,3.5472140312194824,53357,nan,1.0166767835617065,52481.77283352072,52000,53762.51761064996,53735.30845626712,50,52415.739717275515,nan,nan,nan,0.03313429653644562
23.67588357301429,nav_to_wp,0,0.0090333241969347,-1.9085313081741333,1.7918879985809326,-0.018331432715058327,-0.30643028020858765,0.013631336390972137,0.0008854235670023858,-1.9047939996417687,1.7999620598279997,0.3802582379351525,53183,0.22319889010956295,-0.03940691760633759,-9.840180037579138e-05,0.793899002019316,-0.0022227219309943315,-0.23900026252398757,9.524306277077126e-05,0.0,-1.0,0.1,0.0,0.0,0.0,3.5472140312194824,53183,nan,1.0098719596862793,52663.11188254153,52000,53752.51761064996,53725.30845626712,50,52415.739717275515,nan,nan,nan,0.03313429653644562
23.69624871702399,nav_to_wp,0,0.00882976595312357,-1.9135130643844604,1.7921115159988403,-0.018666980788111687,-0.3049749732017517,0.014550059102475643,0.0008411073762514716,-1.9095591396603373,1.7999639587653695,0.3795701680820997,53086,0.20504401272030748,-0.042134014867188485,0.0002757225394478535,0.8979270060081035,-0.002166383387787019,-0.23294240776986494,9.282897069191754e-05,0.0,-1.0,0.1,0.0,0.0,0.0,3.5472140312194824,53086,nan,1.0031057596206665,52921.63811328822,52000,53742.51761064996,53715.30845626712,50,52415.739717275515,nan,nan,nan,0.03313429653644562
23.716751669009682,nav_to_wp,0,0.00856830831617117,-1.9183262586593628,1.7921377420425415,-0.018893912434577942,-0.3032086491584778,0.014945091679692268,0.000798257921676284,-1.9141665674945054,1.7999657948534717,0.3793894481138236,53061,0.20027567582647876,-0.04461103852455675,0.0006554382939352177,0.9962059848476201,-0.0021104798715672266,-0.22693132970101831,9.043351940753369e-05,0.0,-1.0,0.1,0.0,0.0,0.0,3.5472140312194824,53061,nan,1.000292420387268,53045.488417734065,52000,53733.22388807775,53706.37752242002,50,52415.739717275515,nan,nan,nan,0.03313429653644562
23.736126422998495,nav_to_wp,0,0.008159891702234745,-1.925545573234558,1.792310118675232,-0.019460519775748253,-0.3006756603717804,0.015137026086449623,0.0007565554175151638,-1.9186506684085394,1.7999675817950438,0.37917133512142986,53031,0.19452071560500883,-0.04935995120410393,0.0013710083424955943,0.7962269883137196,-0.0020546127021569285,-0.2209241598569883,8.803962557458356e-05,0.0,-1.0,0.1,0.0,0.0,0.0,3.5577712059020996,53031,nan,0.9923689365386963,53438.79483467902,52000,53729.29816736577,53702.80975325014,50,52534.20177438916,nan,nan,nan,0.03313429653644562
23.756695829011733,nav_to_wp,0,0.007923783734440804,-1.930298089981079,1.7924323081970215,-0.019895663484930992,-0.29713040590286255,0.01339297741651535,0.0007156265805884805,-1.9230515800268018,1.7999693355851738,0.3799307685753048,53137,0.21455853760698496,-0.050956799575083186,0.0018324850644457769,1.0717989935074002,-0.0019982638307875283,-0.21486519455754013,8.562509093664211e-05,0.0,-1.0,0.1,0.0,0.0,0.0,3.5577712059020996,53137,nan,0.9989160895347595,53194.658246768566,52000,53722.169635091144,53696.03439983039,50,52534.20177438916,nan,nan,nan,0.03313429653644562
23.775974329997553,nav_to_wp,0,0.007448299787938595,-1.937350869178772,1.7926779985427856,-0.020684396848082542,-0.29333680868148804,0.012541141360998154,0.0006767493728339277,-1.9272318882920743,1.7999710014635217,0.38014177506668884,53166,0.22012599120550824,-0.05507459433547039,0.002734808894661045,0.7218369864858687,-0.0019432269590045376,-0.2089473032454454,8.326677514336188e-05,0.0,-1.0,0.1,0.0,0.0,0.0,3.5577712059020996,53166,nan,1.0067468881607056,52809.698867937484,52000,53712.169635091144,53686.03439983039,50,52534.20177438916,nan,nan,nan,0.03313429653644562
23.796002832998056,nav_to_wp,0,0.00713627552613616,-1.9419059753417969,1.7927712202072144,-0.02147137001156807,-0.2883335053920746,0.013422378338873386,0.0006384515739498199,-1.9313498950745498,1.7999726425143487,0.37961517843842163,53093,0.20623162106653226,-0.05613753877654709,0.003471037975158575,0.7242079882416874,-0.0018874418350640176,-0.202948955417585,8.0876396937679e-05,0.0,-1.0,0.1,0.0,0.0,0.0,3.5577712059020996,53093,nan,0.9831468462944031,54003.12293134419,52000,53716.04901237452,53690.262246917235,50,52534.20177438916,nan,nan,nan,0.03313429653644562
23.81694421201246,nav_to_wp,0,0.00685857655480504,-1.9463353157043457,1.7927640676498413,-0.022459225729107857,-0.28310921788215637,0.010370825417339802,0.0006010802541267964,-1.93536828132612,1.7999742438657864,0.38117497365774167,53311,0.24738716775043912,-0.05676274777967387,0.0042567793396568465,1.0799490264616907,-0.0018313688655814393,-0.1969196567275592,7.847368462459014e-05,0.0,-1.0,0.1,0.0,0.0,0.0,3.5577712059020996,53311,nan,0.9925619959831238,53710.49890661584,52000,53715.9750109644,53690.532069046545,50,52534.20177438916,nan,nan,nan,0.03313429653644562
23.835839545005,nav_to_wp,0,0.006347551476210356,-1.9528603553771973,1.7928047180175781,-0.023237960413098335,-0.27659764885902405,0.0076650348491966724,0.000565298303997562,-1.9392157691091203,1.7999757771131417,0.38253993838303274,53502,0.28340206815389735,-0.05907124668206356,0.0051746104670142845,0.661705998936668,-0.0017760223926888365,-0.1909684752654717,7.610210250343258e-05,0.0,-1.0,0.1,0.0,0.0,0.0,3.5577712059020996,53502,nan,0.9966785907745361,53680.29422446275,52000,53715.499267144376,53690.39556445209,50,52534.20177438916,nan,nan,nan,0.03313429653644562
23.856549179006834,nav_to_wp,0,0.005961595103144646,-1.957051396369934,1.7927573919296265,-0.023600241169333458,-0.26874876022338867,0.006333445198833942,0.0005300401628824392,-1.9430069338360785,1.7999772879154157,0.3832610229356923,53603,0.3024280457966295,-0.05843855310632088,0.005749317881720506,1.0919829946942627,-0.0017197447223773552,-0.18491716592662633,7.369061881250083e-05,0.0,-1.0,0.1,0.0,0.0,0.0,3.5577712059020996,53603,nan,0.9918677806854248,54042.485343114924,52000,53719.85908149065,53695.09009483426,50,52534.20177438916,nan,nan,nan,0.03313429653644562
23.87595658900682,nav_to_wp,0,0.0054342783987522125,-1.9631640911102295,1.7926863431930542,-0.023913756012916565,-0.260634183883667,0.004979386460036039,0.0004964278624567074,-1.9466211279976446,1.7999787281938393,0.38406863532309443,53716,0.32373707976502253,-0.05979816668333309,0.006443544832996029,0.713084009476006,-0.0016643232121989853,-0.17895791600993485,7.131582136295747e-05,0.0,-1.0,0.1,0.0,0.0,0.0,3.5577712059020996,53716,nan,0.9875941276550293,54390.76488592004,52000,53728.804492216375,53704.36575871541,50,52534.20177438916,nan,nan,nan,0.03313429653644562
23.89582697302103,nav_to_wp,0,0.005060908850282431,-1.9670562744140625,1.7926101684570312,-0.023855356499552727,-0.2508603036403656,0.0023159063421189785,0.0004637278245143636,-1.9501372302791693,1.7999801293820505,0.38546625680314206,53911,0.36061363596680707,-0.058007755669332736,0.006772328064958977,0.617310986854136,-0.0016085744769655506,-0.17296348091196884,6.89270024040093e-05,0.0,-1.0,0.1,0.0,0.0,0.0,3.5577712059020996,53911,nan,1.0000361204147339,53909.05278265558,52000,53731.20780275556,53707.09491903461,50,52534.20177438916,nan,nan,nan,0.03313429653644562
23.91673527500825,nav_to_wp,0,0.004660617094486952,-1.9708173274993896,1.7925173044204712,-0.0234781913459301,-0.24122250080108643,0.0014129120390862226,0.0004317904486137135,-1.9535713266086048,1.7999814978903894,0.3860080088912479,53987,0.3749078863126094,-0.05641008557764847,0.006978328251386223,0.8875849889591336,-0.001552194397737265,-0.16690115995819327,6.651113051734533e-05,0.0,-1.0,0.1,0.0,0.0,0.0,3.5577712059020996,53987,nan,0.9994832277297974,54014.91340942739,52000,53734.990544177854,53711.199165573176,50,52534.20177438916,nan,nan,nan,0.03313429653644562
23.935786953021307,nav_to_wp,0,0.004088009241968393,-1.9763047695159912,1.7924046516418457,-0.02299247682094574,-0.23069310188293457,0.0008543943986296654,0.00040164077273044385,-1.956813198815215,1.7999827897962426,0.3864351462116244,54047,0.38617800030671035,-0.05629289864336798,0.007309295081071365,0.6031649827491492,-0.001497023069359243,-0.16096881107447766,6.414705329356767e-05,0.0,-1.0,0.1,0.0,0.0,0.0,3.552492618560791,54047,nan,0.9966691732406616,54227.62281717476,52000,53741.558974484484,53718.0848142612,50,52474.97074583234,nan,nan,nan,0.03313429653644562
23.956961026007775,nav_to_wp,0,0.003698793239891529,-1.9797801971435547,1.7922261953353882,-0.022291677072644234,-0.2194759100675583,-0.0006631112191826105,0.0003721896655210881,-1.9599799567692835,1.7999840517686079,0.3873732378528492,54178,0.41092975865037396,-0.05378514133903645,0.007330142370287396,1.5276919875759631,-0.0014410921450510137,-0.1549547859251887,6.175042757964722e-05,0.0,-1.0,0.1,0.0,0.0,0.0,3.552492618560791,54178,nan,1.0008997917175293,54129.29490876539,52000,53746.72878694157,53723.567615521264,50,52474.97074583234,nan,nan,nan,0.03313429653644562
23.975901544006774,nav_to_wp,0,0.003085911739617586,-1.984684944152832,1.7919909954071045,-0.021783405914902687,-0.20888523757457733,-0.0014021778479218483,0.0003439798111466545,-1.9630132478468754,1.7999852605536086,0.3880359814964079,54270,0.4284163983221063,-0.05324957632536112,0.0076870634757375544,0.6855539977550507,-0.001385402837571319,-0.14896674085223977,5.9364155084654296e-05,0.0,-1.0,0.1,0.0,0.0,0.0,3.552492618560791,54270,nan,0.9909924268722534,54763.28428793919,52000,53756.72878694157,53733.567615521264,50,52474.97074583234,nan,nan,nan,0.03313429653644562
23.995955233025597,nav_to_wp,0,0.002705264138057828,-1.9878402948379517,1.7918835878372192,-0.0212883148342371,-0.19815611839294434,-0.002977925119921565,0.0003168224475954204,-1.9659333688605285,1.7999864242396484,0.3889212682188192,54394,0.4517748870400844,-0.05093599367085232,0.007807233725857232,0.7293199887499213,-0.0013295894742486928,-0.14296535655830472,5.6972566828715e-05,0.0,-1.0,0.1,0.0,0.0,0.0,3.552492618560791,54394,nan,1.006286382675171,54054.19464724922,52000,53760.694998412335,53737.84264261097,50,52474.97074583234,nan,nan,nan,0.03313429653644562
24.017366296000546,nav_to_wp,0,0.0021557086147367954,-1.992262601852417,1.7916768789291382,-0.020966939628124237,-0.18827997148036957,-0.0022945746313780546,0.00029083012516196993,-1.9687282177341452,1.799987538003976,0.3888414309998846,54383,0.4496683641130481,-0.05062150775199327,0.00821079158767013,1.6423799970652908,-0.0012738822639934556,-0.13697538647260685,5.4585527204396994e-05,0.0,-1.0,0.1,0.0,0.0,0.0,3.552492618560791,54383,nan,1.0015181303024292,54300.564667339495,52000,53767.8932606647,53745.34560294069,50,52474.97074583234,nan,nan,nan,0.03313429653644562
24.036353835021146,nav_to_wp,0,0.0017523047281429172,-1.9950610399246216,1.7914963960647583,-0.020620908588171005,-0.17797857522964478,-0.002516429405659437,0.00026565865209838765,-1.971434804008579,1.7999886165951196,0.38914675358655043,54426,0.4577243690382691,-0.04849469863407548,0.008444271593592845,0.8657900034449995,-0.0012175073125918069,-0.13091361689320485,5.216987504378487e-05,0.0,-1.0,0.1,0.0,0.0,0.0,3.552492618560791,54426,nan,0.998992919921875,54480.8665953872,52000,53777.39957179433,53755.152549506645,50,52474.97074583234,nan,nan,nan,0.03313429653644562
24.055946528009372,nav_to_wp,0,0.0013874215073883533,-1.9977550506591797,1.7913926839828491,-0.02023489959537983,-0.16762295365333557,-0.002269937889650464,0.00024201585545655102,-1.9739770179155034,1.7999896296828717,0.38912360560404113,54423,0.45711360432826,-0.04639261506519231,0.008625654291702256,0.6937849975656718,-0.0011620679023173915,-0.12495244225187987,4.979431057973219e-05,0.0,-1.0,0.1,0.0,0.0,0.0,3.552492618560791,54423,nan,1.001768708229065,54326.91154449157,52000,53784.72639809696,53762.77600277311,50,52474.97074583234,nan,nan,nan,0.03313429653644562
24.075974496023264,nav_to_wp,0,0.0007760199368931353,-2.001455068588257,1.7911839485168457,-0.019770478829741478,-0.15764576196670532,-0.0025693976785987616,0.00021936582349077471,-1.9764124838685369,1.7999906002309127,0.3895305760960736,54479,0.4678516120336038,-0.04559516668191306,0.009011387191260711,0.7109680154826492,-0.0011063539209730366,-0.11896174409846728,4.740698081598788e-05,0.0,-1.0,0.1,0.0,0.0,0.0,3.552492618560791,54479,nan,0.9948149919509888,54762.946317443515,52000,53794.72639809696,53772.77600277311,50,52474.97074583234,nan,nan,nan,0.03313429653644562
24.0961136300175,nav_to_wp,0,0.0004375515563879162,-2.003798246383667,1.791066288948059,-0.018986787647008896,-0.14738717675209045,-0.0028501879423856735,0.00019774045676056867,-1.9787377717300663,1.7999915268723123,0.38978902830832846,54516,0.47467093161816365,-0.04340406488585893,0.008957149227768912,0.7674520020373166,-0.0010504064078983928,-0.11294593522649456,4.500964427769536e-05,0.0,-1.0,0.1,0.0,0.0,0.0,3.552492618560791,54516,nan,1.0090227127075195,54028.51622013219,52000,53797.843595724094,53776.185872337905,50,52474.97074583234,nan,nan,nan,0.03313429653644562
24.11603075801395,nav_to_wp,0,-8.88663053046912e-05,-2.007061719894409,1.7909358739852905,-0.01802481710910797,-0.13735966384410858,-0.0020592915825545788,0.00017714188813619178,-1.980952652161215,1.7999924095156772,0.38954977248704026,54482,0.46835811311451714,-0.042461629647067026,0.009017014414207436,0.6142169877421111,-0.0009941919233759028,-0.10690141999893503,4.260086808156229e-05,0.0,-1.0,0.1,0.0,0.0,0.0,3.552492618560791,54482,nan,1.006719946861267,54118.32771354434,52000,53802.11671729503,53780.74776355399,50,52474.97074583234,nan,nan,nan,0.03313429653644562
24.13651910601766,nav_to_wp,0,-0.000446621619630605,-2.0091443061828613,1.7909514904022217,-0.01677783951163292,-0.12704648077487946,-0.0013843027409166098,0.00015785758427747792,-1.9830262150394844,1.7999932358431352,0.3891653941403773,54428,0.45821620423159004,-0.04028719576796595,0.008761569713673367,1.0413629934191704,-0.0009385173856900901,-0.10091496306194052,4.0215228468436505e-05,0.0,-1.0,0.1,0.0,0.0,0.0,3.5472140312194824,54428,nan,1.0109789371490479,53836.92775389219,52000,53802.58086444966,53781.49683009183,50,52415.739717275515,nan,nan,nan,0.03313429653644562
24.156577316025505,nav_to_wp,0,-0.0007712016813457012,-2.0109970569610596,1.7908960580825806,-0.015539328567683697,-0.11716769635677338,-0.00017362910148222,0.00013974239244950865,-1.9849740680489794,1.7999940120744435,0.3886054683253328,54350,0.4434424360246112,-0.03823219455839144,0.00848078022491694,1.2241420045029372,-0.0008830263901439001,-0.09494824166583499,3.7837453588762705e-05,0.0,-1.0,0.1,0.0,0.0,0.0,3.5472140312194824,54350,nan,1.004947304725647,54082.43770039035,52000,53806.312288928864,53785.50937502915,50,52415.739717275515,nan,nan,nan,0.03313429653644562
24.17572883501998,nav_to_wp,0,-0.0012345088180154562,-2.013645648956299,1.7908813953399658,-0.01419585756957531,-0.10722827911376953,0.0005161784356459975,0.00012278672151761968,-1.986797242485459,1.7999947386205797,0.38826967404083346,54303,0.4345824285180324,-0.037057891019072635,0.00828440136589581,0.660249002976343,-0.0008277235233867561,-0.08900174899440409,3.54677399792884e-05,0.0,-1.0,0.1,0.0,0.0,0.0,3.5472140312194824,54303,nan,1.0146459341049194,53519.16188172967,52000,53802.48361683288,53781.95807511849,50,52415.739717275515,nan,nan,nan,0.03313429653644562
24.196174388023792,nav_to_wp,0,-0.0015450166538357735,-2.015244245529175,1.7908700704574585,-0.013040607795119286,-0.09775950759649277,0.0028389019425958395,0.00010665767542142324,-1.9885315333103704,1.7999954297460545,0.38710452899588843,54140,0.40383981519494405,-0.035262209603426894,0.008045722580629189,0.853500998346135,-0.0007714462157817431,-0.08295047865591226,3.305627183023547e-05,0.0,-1.0,0.1,0.0,0.0,0.0,3.5472140312194824,54140,nan,1.0131597518920898,53436.785165313566,52000,53797.60763747929,53777.35576965443,50,52415.739717275515,nan,nan,nan,0.03313429653644562
24.21578724301071,nav_to_wp,0,-0.0020427540875971317,-2.017470121383667,1.790950059890747,-0.012060039676725864,-0.0888592079281807,0.005085567943751812,9.194085547164707e-05,-1.990113973192961,1.7999960603580023,0.38587899902944955,53969,0.3715039321754485,-0.03450385986704746,0.008092356038791326,0.7320990262087435,-0.0007162487320207671,-0.07701531739008748,3.06910738550288e-05,0.0,-1.0,0.1,0.0,0.0,0.0,3.5472140312194824,53969,nan,1.0111546516418457,53373.63568705215,52000,53791.95467814027,53771.97283521974,50,52415.739717275515,nan,nan,nan,0.03313429653644562
24.23584053700324,nav_to_wp,0,-0.002327198162674904,-2.0188348293304443,1.7910021543502808,-0.011420972645282745,-0.08045366406440735,0.007119730580598116,7.807015635687836e-05,-1.9916054331383524,1.79999665471389,0.38478822276470565,53816,0.3427235557969812,-0.03324315523970246,0.008093629654488232,0.6391910137608647,-0.0006600124389091596,-0.07096845717350722,2.8281363166464047e-05,0.0,-1.0,0.1,0.0,0.0,0.0,3.5472140312194824,53816,nan,1.011007308959961,53230.08006278546,52000,53784.4630166022,53764.74759825395,50,52415.739717275515,nan,nan,nan,0.03313429653644562
24.256079731014324,nav_to_wp,0,-0.0026231799274683,-2.0201213359832764,1.7911477088928223,-0.011122721247375011,-0.0727786123752594,0.00880521722137928,6.537149523055258e-05,-1.9929708685986205,1.7999971988482515,0.3837611318264779,53673,0.31562353104163243,-0.03239089597229197,0.008284347047204932,0.7254859956447035,-0.0006039539211722801,-0.06494071242100628,2.5879270106959508e-05,0.0,-1.0,0.1,0.0,0.0,0.0,3.5472140312194824,53673,nan,1.0078271627426147,53256.1554046022,52000,53777.41891510887,53757.96636900526,50,52415.739717275515,nan,nan,nan,0.03313429653644562
24.27580744601437,nav_to_wp,0,-0.003060362534597516,-2.0218582153320312,1.7912256717681885,-0.011210005730390549,-0.06580616533756256,0.009916703216731548,5.39064253889561e-05,-1.99420366099779,1.799997690123544,0.3831182259349961,53583,0.2986603149075471,-0.03244793154155605,0.008817289507921489,0.6196439790073782,-0.0005484409355619432,-0.058971626522607096,2.3500552958695707e-05,0.0,-1.0,0.1,0.0,0.0,0.0,3.5472140312194824,53583,nan,1.003319263458252,53405.73230430115,52000,53772.46309363144,53753.26991480921,50,52415.739717275515,nan,nan,nan,0.03313429653644562
24.296340254019015,nav_to_wp,0,-0.0033319699577987194,-2.0229134559631348,1.791309118270874,-0.011256801895797253,-0.05911426246166229,0.010727389715611935,4.33863189464867e-05,-1.9953348453202508,1.7999981409073977,0.38261300752997973,53512,0.2853300139836321,-0.032084261400267294,0.00915584946348913,0.8885120041668415,-0.0004920236724655152,-0.05290530733849789,2.1083087752850343e-05,0.0,-1.0,0.1,0.0,0.0,0.0,3.5472140312194824,53512,nan,1.0044925212860107,53272.671389818584,52000,53765.799204247276,53746.861934476,50,52415.739717275515,nan,nan,nan,0.03313429653644562
24.315988609014312,nav_to_wp,0,-0.0037208516150712967,-2.0243327617645264,1.7914475202560425,-0.011556172743439674,-0.05280796065926552,0.011199532076716423,3.4181798082066894e-05,-1.99632457006824,1.7999985353187482,0.38221734140506464,53457,0.2748902745399633,-0.032378927743721565,0.009748281212376142,0.7361850002780557,-0.00043672398903209757,-0.04695915695693947,1.8713510547978557e-05,0.0,-1.0,0.1,0.0,0.0,0.0,3.5472140312194824,53457,nan,0.9955847263336182,53694.07403111032,52000,53764.842868605454,53746.15809576446,50,52415.739717275515,nan,nan,nan,0.03313429653644562
24.335810815013247,nav_to_wp,0,-0.003992360085248947,-2.0252106189727783,1.7915266752243042,-0.011612124741077423,-0.04628721997141838,0.010559098795056343,2.6014357847818637e-05,-1.9972027817477644,1.7999988852914606,0.3824440570415732,53488,0.2808722174557552,-0.032083114528728245,0.010076353428454254,0.596087978919968,-0.0003809922582931087,-0.04096655028320413,1.632542022724164e-05,0.0,-1.0,0.1,0.0,0.0,0.0,3.552492618560791,53488,nan,1.0078086853027344,53073.565231215296,52000,53755.62583344025,53737.190190903806,50,52474.97074583234,nan,nan,nan,0.03313429653644562
24.35732333600754,nav_to_wp,0,-0.004412595182657242,-2.026341199874878,1.7915868759155273,-0.011565274558961391,-0.03971138224005699,0.010774943977594376,1.874117619905108e-05,-1.9979848374332738,1.7999991969454225,0.3822723100649301,53464,0.2763406349585775,-0.03226333036504653,0.010518649304937844,0.8462459954898804,-0.00032337617358822816,-0.034771326680083134,1.3856585823966473e-05,0.0,-1.0,0.1,0.0,0.0,0.0,3.552492618560791,53464,nan,1.0015262365341187,53382.5256390861,52000,53750.6511641822,53732.46133021291,50,52474.97074583234,nan,nan,nan,0.03313429653644562
24.375722572003724,nav_to_wp,0,-0.004684328101575375,-2.027038097381592,1.7916603088378906,-0.011195007711648941,-0.03351347893476486,0.010695286095142365,1.3040257296224878e-05,-1.9985978340908421,1.7999994412283304,0.38222662932873447,53458,0.2751353384890347,-0.03212936994137809,0.010632635823615066,0.6537929875776172,-0.0002697445483771679,-0.029004535825008695,1.1558484484681798e-05,0.0,-1.0,0.1,0.0,0.0,0.0,3.552492618560791,53458,nan,1.0033047199249268,53281.91818334119,52000,53744.40139110432,53726.45408825462,50,52474.97074583234,nan,nan,nan,0.03313429653644562
24.396069127018563,nav_to_wp,0,-0.0049388292245566845,-2.0276410579681396,1.7916640043258667,-0.010907038114964962,-0.027766460552811623,0.010752624832093716,8.169164982637506e-06,-1.9991216028652858,1.7999996499533828,0.3822042802026464,53455,0.2745456517848641,-0.03237166631860029,0.010773261283446578,0.7844519859645516,-0.00021350027044546283,-0.022956817033150556,9.148431648630597e-06,0.0,-1.0,0.1,0.0,0.0,0.0,3.552492618560791,53455,nan,0.9870414137840271,54156.795503715715,52000,53749.89997927247,53732.1919737941,50,52474.97074583234,nan,nan,nan,0.03313429653644562
24.416433508013142,hold,0,-0.005288523621857166,-2.0284714698791504,1.7917410135269165,-0.010482055135071278,-0.022149812430143356,0.008738303557038307,8.169164982597134e-06,-1.9991216028687346,1.7999996499533828,0.38569300519953054,53943,0.3665964432593789,-0.12000056923632499,0.01092882678855478,1.1981549905613065,-1.6838675282194434e-11,-1.438500475971013e-06,7.2153290256664e-13,0.0,-0.997,0.1,0.0,0.15,0.0,3.552492618560791,53943,nan,0.9862392544746399,54695.65296175005,52000,53759.89997927247,53742.1919737941,50,52474.97074583234,nan,nan,nan,0.03313429653644562
24.43605871600448,hold,0,-0.005489992443472147,-2.0289106369018555,1.7917264699935913,-0.010203895159065723,-0.01664922386407852,0.006437287665903568,8.168451833911747e-06,-1.999182264101107,1.799999649983941,0.38661046368336527,54071,0.3908037911178166,-0.11410168073016075,0.010967406745779673,0.7298289856407791,-7.092512483458554e-08,-0.006032971199184217,3.0391233472453206e-09,0.0,-0.994,0.1,0.0,0.15,0.0,3.552492618560791,54071,nan,1.0026003122329712,53930.76317677795,52000,53762.17815523921,53744.706256500554,50,52474.97074583234,nan,nan,nan,0.03313429653644562
24.45632491100696,hold,0,-0.00574699928984046,-2.0292768478393555,1.7916936874389648,-0.009863406419754028,-0.01127599086612463,0.006674588192254305,8.16632885183964e-06,-1.9993618058278484,1.7999996500749103,0.3862982175625698,54027,0.38256510719181414,-0.10847810539012462,0.011066078575213245,1.0214119974989444,-1.4174661660345043e-07,-0.012005072991340257,6.07380604429351e-09,0.0,-0.991,0.1,0.0,0.15,0.0,3.552492618560791,54027,nan,0.998684823513031,54098.14861304443,52000,53766.65776134328,53749.41882125447,50,52474.97074583234,nan,nan,nan,0.03313429653644562
24.47650795901427,hold,0,-0.005990045610815287,-2.0295724868774414,1.79166841506958,-0.009687082841992378,-0.006322353612631559,0.005433904938399792,8.162759060845618e-06,-1.9996617928535583,1.799999650227875,0.38672448780516444,54087,0.39381234314417846,-0.10265784196548933,0.011214050954823307,1.2135450087953359,-2.1349317302572456e-07,-0.018003166192107165,9.148127523683559e-09,0.0,-0.988,0.1,0.0,0.15,0.0,3.552492618560791,54087,nan,0.984815776348114,54920.93171025852,52000,53776.65776134328,53759.41882125447,50,52474.97074583234,nan,nan,nan,0.03313429653644562
24.49584671901539,hold,0,-0.0062815654091537,-2.029780149459839,1.7915639877319336,-0.009385820478200912,-0.000939289981033653,0.002266596769914031,8.157750672884584e-06,-2.0000799417523534,1.7999996504424831,0.3882053266402815,54294,0.4328846079229933,-0.09616559360691174,0.011316408355314334,0.7277789991348982,-2.8560494562158285e-07,-0.023979227097630847,1.2238098422126726e-08,0.0,-0.985,0.1,0.0,0.15,0.0,3.552492618560791,54294,nan,0.9893122911453247,54880.54731145001,52000,53786.65776134328,53769.41882125447,50,52474.97074583234,nan,nan,nan,0.03313429653644562
24.516109301010147,hold,0,-0.006561890710145235,-2.0297319889068604,1.791469931602478,-0.009205381385982037,0.005192531738430262,-0.0006371927447617054,8.151268849184558e-06,-2.0006175798657786,1.7999996507202276,0.38953175022883535,54480,0.46788259178985037,-0.08898714167091241,0.011473055612493344,1.0324050090275705,-3.5840361091746506e-07,-0.029959742993413398,1.5357502496000522e-08,0.0,-0.982,0.1,0.0,0.15,0.0,3.552492618560791,54480,nan,0.9979439973831177,54592.2417919858,52000,53796.65776134328,53779.41882125447,50,52474.97074583234,nan,nan,nan,0.03313429653644562
24.53728702600347,hold,0,-0.006735824979841709,-2.029555082321167,1.7914330959320068,-0.008910709992051125,0.013680416159331799,-0.001222605467773974,8.142937543194332e-06,-2.0013043803618196,1.7999996510772218,0.38959955775154015,54489,0.46967170848390793,-0.08049872095051742,0.011498321341117279,1.3070790155325085,-4.348372937979785e-07,-0.03618931469129378,1.8632666137938027e-08,0.0,-0.979,0.1,0.0,0.15,0.0,3.541935443878174,54489,nan,1.0083726644515991,54036.56993184529,52000,53799.85659028331,53782.84750272901,50,52356.50868871869,nan,nan,nan,0.03313429653644562
24.55572587600909,hold,0,-0.006934644188731909,-2.029219627380371,1.7913589477539062,-0.008610431104898453,0.024977833032608032,-0.0003630886203609407,8.13370592544622e-06,-2.002059659551197,1.7999996514727943,0.3889811797780777,54403,0.45335566696774876,-0.0706870371949034,0.011566617073093921,0.607071997364983,-5.06725458071289e-07,-0.04198611688901268,2.171305547730353e-08,0.0,-0.976,0.1,0.0,0.15,0.0,3.541935443878174,54403,nan,1.0108529329299927,53818.90701183504,52000,53800.110595904,53783.32829618376,50,52356.50868871869,nan,nan,nan,0.03313429653644562
24.576228140009334,hold,0,-0.007213610224425793,-2.0283868312835693,1.791236400604248,-0.00823840219527483,0.03837253153324127,0.000983031583018601,8.122566660550161e-06,-2.0029655211438526,1.799999651950109,0.38817469655192394,54290,0.4320764261721344,-0.05900428901024711,0.011686388667415892,0.9098680166061968,-5.821820768598067e-07,-0.04802448299534529,2.4946352174337317e-08,0.0,-0.973,0.1,0.0,0.15,0.0,3.541935443878174,54290,nan,1.004703402519226,54035.84765799686,52000,53803.2537567319,53786.69522100793,50,52356.50868871869,nan,nan,nan,0.03313429653644562
24.5961488239991,hold,0,-0.007391669787466526,-2.027644395828247,1.791214942932129,-0.007474916987121105,0.05349244922399521,0.0012593436986207962,8.10998495722732e-06,-2.0039816590245088,1.7999996524892317,0.3878121830564408,54239,0.42251142629131166,-0.04634759575083701,0.011487163022351865,0.8931489719543606,-6.575520387405066e-07,-0.05400031199277698,2.817593564517144e-08,0.0,-0.97,0.1,0.0,0.15,0.0,3.541935443878174,54239,nan,1.0174050331115723,53311.118222128905,52000,53796.69194960387,53780.354194356216,50,52356.50868871869,nan,nan,nan,0.03313429653644562
24.61604883201653,hold,0,-0.007603705395013094,-2.026167154312134,1.7911739349365234,-0.006475340574979782,0.06928183138370514,0.002602503402158618,8.095723779870892e-06,-2.00512586314056,1.7999996531003195,0.386986766244472,54124,0.4007326185876501,-0.03245300793288639,0.011214163039021674,0.7664309814572334,-7.341514332889993e-07,-0.060021297594225184,3.145819998943751e-08,0.0,-0.967,0.1,0.0,0.15,0.0,3.541935443878174,54124,nan,1.0192220211029053,53103.24824166588,52000,53787.446033498025,53771.32611498701,50,52356.50868871869,nan,nan,nan,0.03313429653644562
24.636068176012486,hold,0,-0.007740657310932875,-2.0250091552734375,1.7912132740020752,-0.004962658043950796,0.0850629061460495,0.0047849928960204124,8.080034752017172e-06,-2.006375803875676,1.7999996537725902,0.3857168236704819,53946,0.3672248989573035,-0.018788048260568013,0.010608666590534721,0.9168169926851988,-8.105986248959828e-07,-0.06597363568809178,3.4733942476827907e-08,0.0,-0.964,0.1,0.0,0.15,0.0,3.541935443878174,53946,nan,1.018836259841919,52948.645554065944,52000,53777.446033498025,53761.32611498701,50,52356.50868871869,nan,nan,nan,0.03313429653644562
24.65617280799779,hold,0,-0.007870110683143139,-2.023646354675293,1.791236162185669,-0.003173606237396598,0.0996437668800354,0.006753378547728062,8.062605653931355e-06,-2.007755204687954,1.7999996545194226,0.384647014578489,53796,0.33899774613427347,-0.005285748465708141,0.009842463037661009,0.9902229940053076,-8.883233817269807e-07,-0.0719733359877513,3.806442830529789e-08,0.0,-0.961,0.1,0.0,0.15,0.0,3.541935443878174,53796,nan,1.0087335109710693,53330.23976591463,52000,53771.48328326358,53755.578296999374,50,52356.50868871869,nan,nan,nan,0.03313429653644562
24.67599363802583,hold,0,-0.008080806583166122,-2.0213136672973633,1.7912324666976929,-0.001115498598664999,0.11319497227668762,0.007597305811941624,8.043527816737295e-06,-2.0092547822862934,1.799999655336903,0.38424513422989365,53740,0.3283940430051082,0.008875521328062692,0.009000746659514114,0.838033010950312,-9.667649351819522e-07,-0.07797376258804273,4.142562868464423e-08,0.0,-0.958,0.1,0.0,0.15,0.0,3.541935443878174,53740,nan,1.0012321472167969,53673.8658955221,52000,53770.18171809369,53754.48879831301,50,52356.50868871869,nan,nan,nan,0.03313429653644562
24.69671903300332,hold,0,-0.008187110535800457,-2.019598960876465,1.7912334203720093,0.0008015854982659221,0.12494058907032013,0.007086357567459345,8.022684817934358e-06,-2.01088206747112,1.7999996562300202,0.3845797384489454,53787,0.3372226503679503,0.021588786877536337,0.00810641010969304,1.2976910220459104,-1.0462662233240655e-06,-0.08400165928689844,4.483223842262181e-08,0.0,-0.955,0.1,0.0,0.15,0.0,3.541935443878174,53787,nan,1.0040916204452515,53567.820809169636,52000,53767.48357264137,53751.9998917911,50,52356.50868871869,nan,nan,nan,0.03313429653644562
24.716180233022897,hold,0,-0.00825428031384945,-2.0169057846069336,1.791372537612915,0.0023302058689296246,0.13504378497600555,0.007194675039499998,8.000153711627148e-06,-2.0126289574051275,1.7999996571954722,0.38449874380391885,53776,0.33508558849390013,0.03460595615240726,0.0073827848832188625,0.8753509900998324,-1.126435018423678e-06,-0.09002451179134113,4.826745066195155e-08,0.0,-0.952,0.1,0.0,0.15,0.0,3.541935443878174,53776,nan,0.9997879862785339,53787.40366761957,52000,53767.749173907745,53752.47194213548,50,52356.50868871869,nan,nan,nan,0.03313429653644562
24.736090746009722,hold,0,-0.00837848149240017,-2.014965295791626,1.791418433189392,0.0037950349505990744,0.143689826130867,0.00749238021671772,7.976222776299767e-06,-2.014470658988023,1.7999996582209068,0.3844783660620444,53773,0.3345479172043362,0.04614035228404441,0.006750326602629864,0.9440249996259809,-1.2063186123240667e-06,-0.09596579428584691,5.1690442103288425e-08,0.0,-0.949,0.1,0.0,0.15,0.0,3.5472140312194824,53773,nan,1.0073567628860474,53380.293835464945,52000,53762.58310272851,53747.50956737987,50,52415.739717275515,nan,nan,nan,0.03313429653644562
24.75628124602372,hold,0,-0.008388146758079529,-2.013004779815674,1.7914854288101196,0.005105209071189165,0.15115977823734283,0.008741567842662334,7.950080095158165e-06,-2.0164699219591324,1.7999996593411138,0.383999769061892,53706,0.3219200280182566,0.05738390134014715,0.006086341330378442,0.9185879898723215,-1.2884255996483114e-06,-0.10202446498500511,5.520870538066804e-08,0.0,-0.946,0.1,0.0,0.15,0.0,3.5472140312194824,53706,nan,1.0087891817092896,53238.080833698776,52000,53755.58973914145,53740.717184264126,50,52415.739717275515,nan,nan,nan,0.03313429653644562
24.775703028019052,hold,0,-0.008405505679547787,-2.0100200176239014,1.7915903329849243,0.00597006781026721,0.15565969049930573,0.010017309337854385,7.922643183155652e-06,-2.0185519928067914,1.7999996605167785,0.38349804760266226,53636,0.3086819947931989,0.06821440414411375,0.005661294489276436,0.6423099839594215,-1.3699041968310983e-06,-0.1079733020888192,5.870004230219652e-08,0.0,-0.943,0.1,0.0,0.15,0.0,3.5472140312194824,53636,nan,0.9982848167419434,53728.15362959177,52000,53755.223924347454,53740.54967020183,50,52415.739717275515,nan,nan,nan,0.03313429653644562
24.796189012005925,hold,0,-0.008352347649633884,-2.0080180168151855,1.7917460203170776,0.006835094653069973,0.15875567495822906,0.010054226964712143,7.892978558502719e-06,-2.0207886781644215,1.7999996617879,0.38354908476611577,53643,0.3100286217972492,0.07741686710662965,0.005153956757497857,0.8427699794992805,-1.4533754033712905e-06,-0.11401861768335636,6.227676202191045e-08,0.0,-0.94,0.1,0.0,0.15,0.0,3.5472140312194824,53643,nan,1.0063378810882568,53305.15824564837,52000,53749.223048631466,53734.744451207785,50,52415.739717275515,nan,nan,nan,0.03313429653644562
24.816282460000366,hold,0,-0.008342652581632137,-2.005002498626709,1.7917819023132324,0.00736157177016139,0.15918368101119995,0.010149708017706871,7.861971275358438e-06,-2.0231084154741037,1.799999663116554,0.383743209590366,53670,0.31515064882232124,0.08629203090169962,0.004866774224999482,0.8017770014703274,-1.536390698189221e-06,-0.11996702698703576,6.583394604165007e-08,0.0,-0.9369999999999999,0.1,0.0,0.15,0.0,3.5472140312194824,53670,nan,1.0055689811706543,53372.76805965011,52000,53744.203648778384,53729.91809932035,50,52415.739717275515,nan,nan,nan,0.03313429653644562
24.8357256410236,hold,0,-0.008278842084109783,-2.0031728744506836,1.7918951511383057,0.008033093996345997,0.15789251029491425,0.010473417118191719,7.82884345582104e-06,-2.0255701794229743,1.7999996645360727,0.3836867888303639,53662,0.3136619744159326,0.09326406955272278,0.004450846560547506,0.6504830089397728,-1.620928634502833e-06,-0.12597279838638561,6.945637485764213e-08,0.0,-0.9339999999999999,0.1,0.0,0.15,0.0,3.5472140312194824,53662,nan,1.0064342021942139,53318.93519020603,52000,53738.53340266409,53724.438327198826,50,52415.739717275515,nan,nan,nan,0.03313429653644562
24.856267412018497,hold,0,-0.008234037086367607,-2.001265048980713,1.7918881177902222,0.008631871081888676,0.15401190519332886,0.011152281425893307,7.79353042909726e-06,-2.0281766360423474,1.7999996660492268,0.38358053105619067,53647,0.31085833921347295,0.09916163161754327,0.004093067529324479,0.9039340075105429,-1.7069880164870878e-06,-0.13203416188539027,7.314399722909143e-08,0.0,-0.9309999999999999,0.1,0.0,0.15,0.0,3.5472140312194824,53647,nan,1.0017766952514648,53551.8546740934,52000,53736.044352949815,53722.13721182409,50,52415.739717275515,nan,nan,nan,0.03313429653644562
24.876329382997938,hold,0,-0.008126083761453629,-1.9995325803756714,1.7919762134552002,0.009341121651232243,0.1483699232339859,0.010323750786483288,7.756633461099305e-06,-2.030879091247988,1.7999996676302523,0.384077488818353,53717,0.32397068122303274,0.10386481467415443,0.003605929129220753,0.9184230002574623,-1.7931213841387873e-06,-0.13803801298197066,7.683478986735122e-08,0.0,-0.9279999999999999,0.1,0.0,0.15,0.0,3.5472140312194824,53717,nan,0.9893817901611328,54293.499773481315,52000,53743.47709189024,53729.75537931286,50,52415.739717275515,nan,nan,nan,0.03313429653644562
24.896090572001413,hold,0,-0.007984472438693047,-1.9971646070480347,1.7920621633529663,0.009842711500823498,0.14039382338523865,0.007647679653018713,7.717954762852747e-06,-2.033690953555338,1.7999996692876246,0.3854853255151469,53914,0.36111676820967986,0.10784834858740383,0.003185490847603667,0.777838024077937,-1.8797882980832478e-06,-0.1440194792806202,8.054844482695267e-08,0.0,-0.9249999999999999,0.1,0.0,0.15,0.0,3.5472140312194824,53914,nan,0.99596107006073,54132.63793203536,52000,53748.66590309218,53735.12714668249,50,52415.739717275515,nan,nan,nan,0.03313429653644562
24.915737329021795,hold,0,-0.007760742213577032,-1.9951263666152954,1.792110562324524,0.00998140498995781,0.129402756690979,0.006587116979062557,7.677604780738497e-06,-2.0366018387651383,1.7999996710166108,0.386065317318621,53995,0.3764199820216607,0.11021216801852282,0.0028769616432273715,0.6855329847894609,-1.966759158818383e-06,-0.14996046658360987,8.427512382831668e-08,0.0,-0.9219999999999999,0.1,0.0,0.15,0.0,3.5472140312194824,53995,nan,1.0077162981033325,53581.54879664681,52000,53746.437675006244,53733.079435348685,50,52415.739717275515,nan,nan,nan,0.03313429653644562
24.93586578502436,hold,0,-0.007598653435707092,-1.994053602218628,1.792134404182434,0.010163809172809124,0.11754506081342697,0.007090101484209299,7.63461133907614e-06,-2.039683674565098,1.799999672858869,0.38584851729939107,53964,0.3706996648915837,0.11157553358132707,0.0026159057390222618,0.6563060160260648,-2.055923047126318e-06,-0.1560039839804425,8.809577349682004e-08,0.0,-0.9189999999999999,0.1,0.0,0.15,0.0,3.5472140312194824,53964,nan,1.005872368812561,53648.95355829772,52000,53745.137886783465,53731.95775698801,50,52415.739717275515,nan,nan,nan,0.03313429653644562
24.95636715000728,hold,0,-0.007400389760732651,-1.9930838346481323,1.792117953300476,0.010094013065099716,0.10317554324865341,0.00776697788387537,7.58961484566548e-06,-2.042885189512679,1.799999674786957,0.3855405771358797,53921,0.36257459461423913,0.11167162464577679,0.002448408690611137,0.9142950002569705,-2.1459034810648093e-06,-0.16204367308268824,9.195141193546239e-08,0.0,-0.9159999999999999,0.1,0.0,0.15,0.0,3.5472140312194824,53921,nan,0.9990290999412537,53973.40277992978,52000,53748.18141869208,53735.17702396057,50,52415.739717275515,nan,nan,nan,0.03313429653644562
24.976500849006698,hold,0,-0.007067685481160879,-1.9921448230743408,1.7921795845031738,0.010039937682449818,0.08797719329595566,0.00683952122926712,7.5420503732227235e-06,-2.046246628748043,1.7999996768250823,0.3859214718635598,53975,0.3726245874290175,0.11130567763257285,0.0021290770844870632,0.7895290036685765,-2.2376736232587066e-06,-0.16815176337804538,9.58837389122842e-08,0.0,-0.9129999999999999,0.1,0.0,0.15,0.0,3.5472140312194824,53975,nan,0.9892885684967041,54559.40937639554,52000,53758.18141869208,53745.17702396057,50,52415.739717275515,nan,nan,nan,0.03313429653644562
24.99590515901218,hold,0,-0.006832773797214031,-1.9917230606079102,1.7921346426010132,0.009883451275527477,0.07128787040710449,0.004068524576723576,7.494315276305939e-06,-2.0495858923963266,1.799999678870519,0.38728921389246723,54166,0.40871276761127184,0.10919035662522744,0.0019596519980822347,0.6661820225417614,-2.326969048741801e-06,-0.17400739557821107,9.971002491489329e-08,0.0,-0.9099999999999999,0.1,0.0,0.15,0.0,3.5472140312194824,54166,nan,1.0004074573516846,54143.93865414621,52000,53763.32484849814,53750.49384569638,50,52415.739717275515,nan,nan,nan,0.03313429653644562
25.01642999899923,hold,0,-0.006832773797214031,-1.9917230606079102,1.7921346426010132,0.009786290116608143,0.05355003476142883,0.003419511951506138,7.443136462968668e-06,-2.0531463475911402,1.799999681063518,0.3875209196521558,54198,0.4148263760463262,0.10674563404136314,0.0020085247682208873,1.000195014057681,-2.4195407690102545e-06,-0.1800412364781473,1.0367669930593124e-07,0.0,-0.9069999999999999,0.1,0.0,0.15,0.0,3.5472140312194824,54198,nan,1.001206636428833,54132.681534470095,52000,53768.249604311095,53755.5896815467,50,52415.739717275515,nan,nan,nan,0.03313429653644562
25.035741491010413,hold,0,-0.00603027967736125,-1.9918204545974731,1.7921282052993774,0.009777949191629887,0.03600208833813667,0.0030238942708820105,7.3904261540021635e-06,-2.0567826117263683,1.7999996833221412,0.38763791783665635,54215,0.4179133993840711,0.10437331108589817,0.0011840325248149153,0.5788890121039003,-2.5120387612907916e-06,-0.18600162717967997,1.0764021447166018e-07,0.0,-0.9039999999999999,0.1,0.0,0.15,0.0,3.5472140312194824,54215,nan,1.0045537948608398,53969.23517422018,52000,53770.929411909885,53758.438288115685,50,52415.739717275515,nan,nan,nan,0.03313429653644562
25.05580538700451,hold,0,-0.005720516666769981,-1.9922560453414917,1.7920384407043457,0.009792491793632507,0.013412516564130783,0.0028536850586533546,7.3352185115942745e-06,-2.060564157441481,1.7999996856877745,0.3876408680158666,54215,0.41799124052418435,0.09924050464367035,0.0008567755820230172,0.5993120139464736,-2.606028545219221e-06,-0.19200399147495664,1.1166765252560268e-07,0.0,-0.9009999999999999,0.1,0.0,0.15,0.0,3.5472140312194824,54215,nan,1.001764178276062,54119.523512308755,52000,53775.57733324854,53763.252757771595,50,52415.739717275515,nan,nan,nan,0.03313429653644562
25.076721695018932,hold,0,-0.005333296954631805,-1.9929569959640503,1.7920348644256592,0.010201466269791126,-0.007592800538986921,0.0020320434123277664,7.276978114438964e-06,-2.064527484948337,1.7999996881833604,0.3878995395463235,54251,0.42481634686869185,0.09483049178435975,0.00024592932823819247,1.1032219917979091,-2.702234586780954e-06,-0.19809979617902942,1.157900566487991e-07,0.0,-0.8979999999999999,0.1,0.0,0.15,0.0,3.5472140312194824,54251,nan,0.998140275478363,54352.07989578416,52000,53783.26403408235,53771.10378627843,50,52415.739717275515,nan,nan,nan,0.03313429653644562
25.09632749800221,hold,0,-0.004817364737391472,-1.9945374727249146,1.7919431924819946,0.010532928630709648,-0.027980737388134003,0.00044668660848401487,7.21790965143283e-06,-2.0685084377778895,1.799999690714429,0.3886332725132994,54354,0.4441760557598773,0.08966501679185238,-0.0004562453597325433,0.9219489875249565,-2.797268727728368e-06,-0.20403945928090134,1.198622451322496e-07,0.0,-0.8949999999999999,0.1,0.0,0.15,0.0,3.5472140312194824,54354,nan,0.9991756081581116,54398.84596482154,52000,53791.47179315887,53779.473681992335,50,52415.739717275515,nan,nan,nan,0.03313429653644562
25.116072598000756,hold,0,-0.0044059487991034985,-1.9959019422531128,1.791910171508789,0.010954536497592926,-0.04982975870370865,-0.0005226740031503141,7.156364710631492e-06,-2.07262573739565,1.7999996933516138,0.3889852808130516,54403,0.4534638736952914,0.08422810457296483,-0.0010957845117920417,0.8246549987234175,-2.8936336773757877e-06,-0.2100059063789017,1.239914584260242e-07,0.0,-0.8919999999999999,0.1,0.0,0.15,0.0,3.5472140312194824,54403,nan,1.006282925605774,54063.32415632497,52000,53795.096491334414,53783.25835498344,50,52415.739717275515,nan,nan,nan,0.03313429653644562
25.136259805003647,hold,0,-0.003950512036681175,-1.997512936592102,1.7918262481689453,0.011154714971780777,-0.07087342441082001,-0.0005319244228303432,7.092002634655068e-06,-2.076901253616885,1.7999996961095122,0.3889446300343598,54397,0.45239129378257914,0.07923590764206065,-0.0016673325120106774,0.9207930124830455,-2.9917396353354682e-06,-0.21602729097610843,1.2819527347794697e-07,0.0,-0.8889999999999999,0.1,0.0,0.15,0.0,3.541935443878174,54397,nan,0.9993740320205688,54431.07210822586,52000,53803.576166226296,53791.895871693334,50,52356.50868871869,nan,nan,nan,0.03313429653644562
25.15650926102535,hold,0,-0.0031832694076001644,-2.0004308223724365,1.7917600870132446,0.011341252364218235,-0.09185918420553207,-0.0007714466191828251,7.025181126448508e-06,-2.081306185168999,1.7999996989727967,0.38897320713949496,54401,0.4531453071106828,0.07305314547734673,-0.002552237271929547,1.0071310098282993,-3.091009535494092e-06,-0.22206023817298304,1.3244896315356485e-07,0.0,-0.8859999999999999,0.1,0.0,0.15,0.0,3.541935443878174,54401,nan,1.0025101900100708,54264.785078597066,52000,53809.72561839124,53798.201061118714,50,52356.50868871869,nan,nan,nan,0.03313429653644562
25.175953019002918,hold,0,-0.0024611728731542826,-2.00392484664917,1.791688084602356,0.011940266005694866,-0.11355169117450714,-0.000975565635599196,6.9568434921583145e-06,-2.0857704011423914,1.7999997019010467,0.3889826960774661,54403,0.4533956748671777,0.06593853112053707,-0.003602839900209487,0.7116289925761521,-3.1901577357581585e-06,-0.22801157637533565,1.3669743802001928e-07,0.0,-0.8829999999999999,0.1,0.0,0.15,0.0,3.541935443878174,54403,nan,1.0060940980911255,54073.470963818865,52000,53813.242222996945,53801.87132648805,50,52356.50868871869,nan,nan,nan,0.03313429653644562
25.19641402401612,hold,0,-0.0019245395669713616,-2.0065317153930664,1.7916364669799805,0.012327495031058788,-0.13417212665081024,-0.000803421949967742,6.8851381900454e-06,-2.0904238873391776,1.7999997049736005,0.38883816548359096,54383,0.44958220273326965,0.06055963783919237,-0.004355521016186081,0.9244029934052378,-3.2916139100349857e-06,-0.23405420457429887,1.41044808978985e-07,0.0,-0.8799999999999999,0.1,0.0,0.15,0.0,3.541935443878174,54383,nan,1.005056619644165,54109.389398633095,52000,53817.19085200543,53805.97156744999,50,52356.50868871869,nan,nan,nan,0.03313429653644562
25.216517977998592,hold,0,-0.0013474413426592946,-2.0093417167663574,1.791582703590393,0.013108928687870502,-0.15508128702640533,-0.0007965516415424645,6.811807978124418e-06,-2.095139652662873,1.799999708115781,0.38878376413790217,54375,0.44814681102644016,0.05483360627975033,-0.005352005967191653,1.213138020830229,-3.393073545424355e-06,-0.24002256117453902,1.4539232824573244e-07,0.0,-0.8769999999999999,0.1,0.0,0.15,0.0,3.541935443878174,54375,nan,1.0052742958068848,54089.71484380373,52000,53820.82450522941,53809.75481113471,50,52356.50868871869,nan,nan,nan,0.03313429653644562
25.236314339999808,hold,0,-0.0004446724196895957,-2.0140960216522217,1.791675090789795,0.013504579663276672,-0.1739715337753296,-0.0005732238641940057,6.735477614279192e-06,-2.100012685132057,1.7999997113865176,0.38843748793020055,54327,0.4390102356253429,0.04836726539140665,-0.006490284288952708,0.9037389827426523,-3.4962597753752176e-06,-0.2460379022710517,1.4981383164511696e-07,0.0,-0.8739999999999999,0.1,0.0,0.15,0.0,3.541935443878174,54327,nan,1.0083599090576172,53876.59655248727,52000,53821.568132526176,53810.64603435275,50,52356.50868871869,nan,nan,nan,0.03313429653644562
25.256932004005648,hold,0,0.0004246095777489245,-2.019284963607788,1.7916496992111206,0.014402671717107296,-0.19272059202194214,-0.00017940299585461617,6.654882773340967e-06,-2.10512818793275,1.7999997148399858,0.3881697851041748,54289,0.431946836521762,0.04183235173267957,-0.007853439898584558,1.0351130040362477,-3.602599820820915e-06,-0.25219823757111615,1.5437047522685027e-07,0.0,-0.8709999999999999,0.1,0.0,0.15,0.0,3.541935443878174,54289,nan,0.9991753101348877,54333.80854123691,52000,53828.398004642324,53817.621534444545,50,52356.50868871869,nan,nan,nan,0.03313429653644562
25.276032894005766,hold,0,0.0011008338769897819,-2.022902250289917,1.791669249534607,0.015092257410287857,-0.2096809446811676,-2.1354569980758242e-05,6.576359953567059e-06,-2.110040206395943,1.7999997182046683,0.3880100745442074,54267,0.4277328375780307,0.037416504454541435,-0.008909410761304803,0.6383369909599423,-3.704554998997525e-06,-0.25797511917144267,1.587392283745077e-07,0.0,-0.8679999999999999,0.1,0.0,0.15,0.0,3.541935443878174,54267,nan,1.0114412307739258,53653.14202039841,52000,53826.06125818574,53815.42847425726,50,52356.50868871869,nan,nan,nan,0.03313429653644562
25.296357757004444,hold,0,0.0017116896342486143,-2.026794910430908,1.7917611598968506,0.01583222486078739,-0.22586442530155182,0.001644305419176817,6.4917888200772375e-06,-2.1153135192091175,1.7999997218285197,0.3870225951294753,54129,0.4016779717539638,0.033705852870020335,-0.009946059902001148,0.9851020004134625,-3.811694932743443e-06,-0.2640362660677904,1.6333014696406171e-07,0.0,-0.8649999999999999,0.1,0.0,0.15,0.0,3.541935443878174,54129,nan,1.0095056295394897,53619.31465869313,52000,53823.304636859175,53812.813623383074,50,52356.50868871869,nan,nan,nan,0.03313429653644562
25.31632938599796,hold,0,0.0026303196791559458,-2.032843828201294,1.791869044303894,0.017015893012285233,-0.24154961109161377,0.0037477142177522182,6.40500540889098e-06,-2.120677149273126,1.7999997255471665,0.3857831391004317,53955,0.3689746464493844,0.028093234208351768,-0.01154438034264249,0.8908390009310097,-3.919458776931647e-06,-0.27006171116433536,1.6794779995551016e-07,0.0,-0.8619999999999999,0.1,0.0,0.15,0.0,3.541935443878174,53955,nan,1.0152548551559448,53144.29153033937,52000,53814.251128772245,53803.899995475826,50,52356.50868871869,nan,nan,nan,0.03313429653644562
25.335814296005992,hold,0,0.0032910755835473537,-2.037081003189087,1.792012333869934,0.017472850158810616,-0.2557055354118347,0.006560123525559902,6.316629343738976e-06,-2.1260861930462718,1.7999997293340582,0.38417952372366165,53731,0.3266628950834196,0.02515423734858115,-0.01251863873498138,0.6267820135690272,-4.027178588949101e-06,-0.2760049892673458,1.725635661797732e-07,0.0,-0.8589999999999999,0.1,0.0,0.15,0.0,3.541935443878174,53731,nan,1.0019395351409912,53626.9885711607,52000,53811.75429467076,53801.54117648496,50,52356.50868871869,nan,nan,nan,0.03313429653644562
25.356537851010216,hold,0,0.003953465726226568,-2.041485071182251,1.7921209335327148,0.017759565263986588,-0.26881104707717896,0.008137302473187447,6.2241300560687876e-06,-2.131711400547265,1.799999733297629,0.38324545522729003,53600,0.30201728831899644,0.02280642249973952,-0.013390349435707272,1.0727329936344177,-4.137594972223105e-06,-0.2820529712671217,1.7729487978844205e-07,0.0,-0.8559999999999999,0.1,0.0,0.15,0.0,3.541935443878174,53600,nan,1.0021874904632568,53483.006433480456,52000,53807.3709898549,53797.29404657824,50,52356.50868871869,nan,nan,nan,0.03313429653644562
25.3769553930033,hold,0,0.004976220428943634,-2.048250913619995,1.7923849821090698,0.01856761984527111,-0.28039634227752686,0.009325416758656502,6.128123263104664e-06,-2.137506482899246,1.7999997374114953,0.3823062936136372,53469,0.27723729851285484,0.018975301007349694,-0.014916370573657245,1.1616080009844154,-4.249943792058268e-06,-0.2881508771656415,1.8210899780646216e-07,0.0,-0.8529999999999999,0.1,0.0,0.15,0.0,3.541935443878174,53469,nan,1.0097546577453613,52952.466809500715,52000,53797.3709898549,53787.29404657824,50,52356.50868871869,nan,nan,nan,0.03313429653644562
25.39638815901708,hold,0,0.00565292639657855,-2.052894353866577,1.792533278465271,0.018650704994797707,-0.29081493616104126,0.010551207698881626,6.032048363118503e-06,-2.1432356439395885,1.79999974152828,0.38151151520905996,53358,0.25626689205962805,0.01778648976964388,-0.0157007501182711,0.9021060250233859,-4.360644663271252e-06,-0.2940551387666205,1.8685250165010605e-07,0.0,-0.8499999999999999,0.1,0.0,0.15,0.0,3.541935443878174,53358,nan,1.0029133558273315,53203.00072779814,52000,53789.44605302748,53779.50346899451,50,52356.50868871869,nan,nan,nan,0.03313429653644562
25.41675543601741,hold,0,0.006613582372665405,-2.060054302215576,1.7928515672683716,0.019295141100883484,-0.29955151677131653,0.010974756442010403,5.931036522016986e-06,-2.149225344948169,1.7999997458566113,0.3809007220384064,53272,0.24015097726665857,0.01511987819519633,-0.017073476006328026,0.8543699805159122,-4.473163218946462e-06,-0.2999999999665901,1.916738928051922e-07,0.0,-0.8469999999999999,0.1,0.0,0.15,0.0,3.541935443878174,53272,nan,0.995959460735321,53488.12085249841,52000,53785.428383687096,53775.61836744123,50,52356.50868871869,nan,nan,nan,0.03313429653644562
25.435694682004396,hold,0,0.007302476093173027,-2.064927816390991,1.7930355072021484,0.01920461840927601,-0.3071407675743103,0.010491176508367062,5.8309257313894215e-06,-2.155080756346132,1.799999750146333,0.38090868942575506,53274,0.24036119856873306,0.012165295159538386,-0.017749230912335268,0.666784995701164,-4.497791630945164e-06,-0.2999999999662212,1.9272921392144538e-07,0.0,-0.8439999999999999,0.1,0.0,0.15,0.0,3.541935443878174,53274,nan,1.004573106765747,53031.4813737322,52000,53775.428383687096,53765.696540858444,50,52356.50868871869,nan,nan,nan,0.03313429653644562
25.45666472200537,hold,0,0.007944845594465733,-2.069835901260376,1.7933049201965332,0.019661279395222664,-0.3146038055419922,0.010738658718764782,5.727325044252964e-06,-2.1610941318426757,1.7999997545855957,0.38044999500490034,53209,0.22825844340106372,0.009418345916415286,-0.018686349176106454,1.4298400201369077,-4.522692743373932e-06,-0.29999999996584614,1.9379622018095003e-07,0.0,-0.8409999999999999,0.1,0.0,0.15,0.0,3.541935443878174,53209,nan,0.9952419400215149,53463.38197810448,52000,53771.267764946,53761.66568002173,50,52356.50868871869,nan,nan,nan,0.03313429653644562
25.476555708009982,hold,0,0.008508261293172836,-2.0748465061187744,1.7934024333953857,0.019279122352600098,-0.3202565312385559,0.009827613830566406,5.621153998691833e-06,-2.16720096934014,1.7999997591349977,0.38078708344268325,53257,0.23715259743227435,0.007592253275027348,-0.019061123461905805,1.0428419918753207,-4.547871110699754e-06,-0.29999999996546484,1.9487510674144443e-07,0.0,-0.8379999999999999,0.1,0.0,0.15,0.0,3.541935443878174,53257,nan,1.005210518836975,52980.94180472579,52000,53761.267764946,53751.66568002173,50,52356.50868871869,nan,nan,nan,0.03313429653644562
25.496148926002206,hold,0,0.00933538656681776,-2.082416296005249,1.7937017679214478,0.01866888254880905,-0.32443666458129883,0.010337533429265022,5.515510252638098e-06,-2.17319523784308,1.799999763661805,0.38016011490753937,53169,0.22060989201950676,0.003747163043682463,-0.019642038826396035,0.6893679965287447,-4.57333138937843e-06,-0.2999999999650771,1.9596607313086142e-07,0.0,-0.8349999999999999,0.1,0.0,0.15,0.0,3.541935443878174,53169,nan,0.9973323941230774,53311.21330592075,52000,53755.26703882567,53745.79298170039,50,52356.50868871869,nan,nan,nan,0.03313429653644562
25.516213879018323,hold,0,0.009912194684147835,-2.08748459815979,1.7939040660858154,0.01842118799686432,-0.32769936323165894,0.009895130060613155,5.410189645894633e-06,-2.1790908357431196,1.799999768174766,0.3801370848993671,53166,0.2200022400888404,0.0029011827282522436,-0.020120076518961527,1.0803350014612079,-4.599078340725466e-06,-0.2999999999646827,1.9706932337034513e-07,0.0,-0.8319999999999999,0.1,0.0,0.15,0.0,3.541935443878174,53166,nan,1.0067349672317505,52810.32419703485,52000,53745.26703882567,53735.79298170039,50,52356.50868871869,nan,nan,nan,0.03313429653644562
25.536477835004916,hold,0,0.010453919880092144,-2.092639446258545,1.7941522598266602,0.01724858023226261,-0.3305591940879822,0.010928906500339508,5.30149519158432e-06,-2.185127917540582,1.7999997728322954,0.379315046767843,53051,0.19831257962646376,0.002329802904163335,-0.020116795112807395,0.850248005008325,-4.62511683388448e-06,-0.29999999996428167,1.9818506610144646e-07,0.0,-0.8289999999999998,0.1,0.0,0.15,0.0,3.541935443878174,53051,nan,0.9991865754127502,53094.18811805529,52000,53736.58598654873,53727.238250185124,50,52356.50868871869,nan,nan,nan,0.03313429653644562
25.555925618013134,hold,0,0.010903703980147839,-2.0978055000305176,1.7943028211593628,0.015186811797320843,-0.33306393027305603,0.010920356027781963,5.1925630337090726e-06,-2.1911004975372252,1.7999997775000103,0.37913188093871875,53025,0.19347970814561144,0.0018604281728406673,-0.019513438687092544,0.7948319835122675,-4.651451848897011e-06,-0.2999999999638738,1.9931351471766398e-07,0.0,-0.8259999999999998,0.1,0.0,0.15,0.0,3.541935443878174,53025,nan,0.9901477694511414,53552.61268668293,52000,53734.133009217185,53724.90990933843,50,52356.50868871869,nan,nan,nan,0.03313429653644562
25.576227322017075,hold,0,0.011753194034099579,-2.1080963611602783,1.7945444583892822,0.014022430405020714,-0.33333081007003784,0.009890302084386349,5.081720475144525e-06,-2.1971155818417722,1.7999997822495855,0.3793532035360652,53056,0.19931935451359273,-0.0027907562015818807,-0.019784085500069493,1.0214509966317564,-4.678088479877835e-06,-0.29999999996345883,2.0045488750050472e-07,0.0,-0.8229999999999998,0.1,0.0,0.15,0.0,3.541935443878174,53056,nan,0.9988231062889099,53118.514846064776,52000,53725.924767041826,53716.82464182812,50,52356.50868871869,nan,nan,nan,0.03313429653644562
25.59613030499895,hold,0,0.011971545405685902,-2.1107516288757324,1.7946256399154663,0.012616973370313644,-0.3325066566467285,0.008910794742405415,4.969469784616584e-06,-2.2031390403398636,1.7999997870594986,0.37974179974622824,53110,0.2095725526709291,0.0011948051329018802,-0.019253655454953833,0.8077110105659813,-4.705031938299966e-06,-0.29999999996303667,2.016094077602463e-07,0.0,-0.8199999999999998,0.1,0.0,0.15,0.0,3.541935443878174,53110,nan,0.9898443222045898,53654.901895798066,52000,53724.97779542525,53715.99900521439,50,52356.50868871869,nan,nan,nan,0.03313429653644562
25.616463725018548,hold,0,0.01257692277431488,-2.1184229850769043,1.794813632965088,0.010527261532843113,-0.3333921730518341,0.006637571379542351,4.855079884476338e-06,-2.2092156678341635,1.7999997919610764,0.3806450110653923,53237,0.23340398589425426,-0.0009495069232734312,-0.01874619018063961,0.8928519964683801,-4.73228755639388e-06,-0.2999999999626072,2.027773039815925e-07,0.0,-0.8169999999999998,0.1,0.0,0.15,0.0,3.541935443878174,53237,nan,0.995798647403717,53461.611078506154,52000,53721.46623919966,53712.607166191614,50,52356.50868871869,nan,nan,nan,0.03313429653644562
25.63594483002089,hold,0,0.012961313128471375,-2.126145124435425,1.7949036359786987,0.008954877033829689,-0.3315266966819763,0.005557125434279442,4.742401435661735e-06,-2.2151004117369952,1.7999997967893189,0.38107529735571644,53297,0.24475718616665887,-0.0018981708443652884,-0.018303325247446045,0.8065789879765362,-4.75986079066554e-06,-0.2999999999621702,2.039588099744195e-07,0.0,-0.8139999999999998,0.1,0.0,0.15,0.0,3.541935443878174,53297,nan,0.9976831674575806,53420.76697136025,52000,53717.45691562847,53708.715963593866,50,52356.50868871869,nan,nan,nan,0.03313429653644562
25.656161015009275,hold,0,0.013136149384081364,-2.131312847137451,1.794954776763916,0.0068685030564665794,-0.33063066005706787,0.004833724349737167,4.625937715124717e-06,-2.221139581230666,1.7999998017797594,0.3813712438186838,53338,0.2525657999652715,-0.0005125397079388372,-0.017378345222740954,0.8647649956401438,-4.78775722553815e-06,-0.2999999999617255,2.0515416502982456e-07,0.0,-0.8109999999999998,0.1,0.0,0.15,0.0,3.541935443878174,53338,nan,1.0000066757202148,53337.643932812185,52000,53712.39274252426,53703.768336516776,50,52356.50868871869,nan,nan,nan,0.03313429653644562
25.6762383080204,hold,0,0.013398746028542519,-2.138972759246826,1.7949718236923218,0.005016383249312639,-0.32898324728012085,0.004241303540766239,4.508374216382406e-06,-2.227161719736077,1.799999806817325,0.3816469286147759,53377,0.25983980513920457,-0.0013654972762726903,-0.016670459287698947,0.8327710092999041,-4.8159825771227155e-06,-0.29999999996127286,2.0636361408169332e-07,0.0,-0.8079999999999998,0.1,0.0,0.15,0.0,3.541935443878174,53377,nan,0.9981756806373596,53474.554665484815,52000,53709.22156816374,53700.71215423635,50,52356.50868871869,nan,nan,nan,0.03313429653644562
25.695932927017566,hold,0,0.013544130139052868,-2.1440279483795166,1.7949680089950562,0.002877370920032263,-0.3276050090789795,0.003584258956834674,4.390982110174688e-06,-2.2330868979310012,1.7999998118475466,0.38197889223407144,53423,0.2685987396852614,0.00026857668028563097,-0.0156882610308664,0.8069410105235875,-4.844542697122776e-06,-0.29999999996081217,2.0758740787401646e-07,0.0,-0.8049999999999998,0.1,0.0,0.15,0.0,3.541935443878174,53423,nan,0.9980012774467468,53529.99160148935,52000,53706.83183527475,53698.43588019973,50,52356.50868871869,nan,nan,nan,0.03313429653644562
25.71667904901551,hold,0,0.013643281534314156,-2.1516294479370117,1.7949624061584473,0.0010548991849645972,-0.3256603479385376,0.0027640946209430695,4.26809175579354e-06,-2.239264317033734,1.7999998171133667,0.3823960133823661,53482,0.27960457473261435,-0.00020431839400824423,-0.014821722040015306,0.6941440224181861,-4.873443576878891e-06,-0.29999999996034327,2.0882580313419526e-07,0.0,-0.8019999999999998,0.1,0.0,0.15,0.0,3.541935443878174,53482,nan,0.9911836981773376,53957.70743440059,52000,53710.1768432631,53701.89283425574,50,52356.50868871869,nan,nan,nan,0.03313429653644562
25.73665536401677,hold,0,0.01370640005916357,-2.1567130088806152,1.795024037361145,-0.001086886622942984,-0.3234836757183075,0.0007540711667388678,4.148853078452154e-06,-2.2451280276243692,1.7999998222227134,0.3833236955892145,53611,0.3040816778156845,0.0017461373273895573,-0.013734264976544175,1.2623599905055016,-4.902691351558774e-06,-0.2999999999598658,2.1007906275258732e-07,0.0,-0.7989999999999998,0.1,0.0,0.15,0.0,3.541935443878174,53611,nan,0.9867251515388489,54332.25241739392,52000,53718.47118425151,53710.29762869758,50,52356.50868871869,nan,nan,nan,0.03313429653644562
25.75687564202235,hold,0,0.013631490990519524,-2.1617846488952637,1.7950066328048706,-0.003335134359076619,-0.32237929105758667,-0.0017280036117881536,4.025085531696322e-06,-2.2511796234290626,1.7999998275261209,0.38458665734472613,53788,0.3374052069848563,0.0033340553870464563,-0.012442109771499288,1.3038830074947327,-4.9322923044992135e-06,-0.2999999999593797,2.1134745596855714e-07,0.0,-0.7959999999999998,0.1,0.0,0.15,0.0,3.541935443878174,53788,nan,0.9960004091262817,54003.99388107107,52000,53722.278153542444,53714.213578729235,50,52356.50868871869,nan,nan,nan,0.03313429653644562
25.77616426401073,hold,0,0.013597718439996243,-2.1692562103271484,1.7949193716049194,-0.005439846310764551,-0.3199387490749359,-0.002300568390637636,3.901667245736806e-06,-2.2571192007294476,1.7999998328145626,0.38498152170038386,53843,0.3478237915668547,0.003006694943869957,-0.01130091252585963,0.9099619928747416,-4.962252871706245e-06,-0.2999999999588847,2.1263125856330698e-07,0.0,-0.7929999999999998,0.1,0.0,0.15,0.0,3.541935443878174,53843,nan,0.9978618621826172,53958.37043238583,52000,53725.42605059369,53717.46900344466,50,52356.50868871869,nan,nan,nan,0.03313429653644562
25.796112732001347,hold,0,0.013417083770036697,-2.1741812229156494,1.7948076725006104,-0.008018771186470985,-0.3183305561542511,-0.0026926430873572826,3.7757579899889765e-06,-2.2631178114245882,1.7999998382097417,0.3853191572111234,53890,0.3567323802407216,0.004953356017690497,-0.009764962914491138,0.8491930202580988,-4.992579646520326e-06,-0.29999999995838067,2.139307530597789e-07,0.0,-0.7899999999999998,0.1,0.0,0.15,0.0,3.541935443878174,53890,nan,0.9985970854759216,53965.709277347385,52000,53728.62982695041,53720.77887376337,50,52356.50868871869,nan,nan,nan,0.03313429653644562
25.81746000700514,hold,0,0.013151342049241066,-2.181640386581421,1.7946889400482178,-0.010695630684494972,-0.3170270025730133,-0.00311697693541646,3.6467969919331162e-06,-2.269206201627522,1.7999998437356874,0.38567799468398395,53941,0.3662003874402089,0.0042029448501593744,-0.008092218703888987,1.8021419818978757,-5.023279384453653e-06,-0.2999999999578672,2.152462289299319e-07,0.0,-0.7869999999999998,0.1,0.0,0.15,0.0,3.541935443878174,53941,nan,0.9932764172554016,54306.13177049801,52000,53736.32985286438,53728.583579053164,50,52356.50868871869,nan,nan,nan,0.03313429653644562
25.8364614060265,hold,0,0.01299428939819336,-2.1865289211273193,1.7946096658706665,-0.013180864043533802,-0.31504026055336,-0.004023753572255373,3.518770624507544e-06,-2.2751443992229037,1.7999998492215843,0.3862360266182792,54019,0.38092418517886983,0.006312743374829946,-0.006631088006326058,1.0750129877123982,-5.054359008207033e-06,-0.2999999999573442,2.165779828097142e-07,0.0,-0.7839999999999998,0.1,0.0,0.15,0.0,3.541935443878174,54019,nan,0.9911214709281921,54502.90563215307,52000,53746.32985286438,53738.583579053164,50,52356.50868871869,nan,nan,nan,0.03313429653644562
25.8570395730203,hold,0,0.012723574414849281,-2.1914596557617188,1.7944995164871216,-0.015815051272511482,-0.3139511048793793,-0.005970867816358805,3.3876171553323555e-06,-2.2811730252250815,1.7999998548414766,0.38735374590974697,54175,0.4104154593600775,0.007990623649594505,-0.004972430464766031,1.353600004222244,-5.0858256128741675e-06,-0.2999999999568115,2.1792631872206478e-07,0.0,-0.7809999999999998,0.1,0.0,0.15,0.0,3.541935443878174,54175,nan,0.993340015411377,54538.22372952954,52000,53756.32985286438,53748.583579053164,50,52356.50868871869,nan,nan,nan,0.03313429653644562
25.876219235011376,hold,0,0.01215068344026804,-2.1988027095794678,1.794287919998169,-0.01792176440358162,-0.31146422028541565,-0.007006039377301931,3.256510856241261e-06,-2.2871025579232263,1.799999860459348,0.3881382928850647,54285,0.4311159072576416,0.007799133360962693,-0.003286570143198775,0.988208019407466,-5.117686471341534e-06,-0.29999999995626864,2.1929154830829792e-07,0.0,-0.7779999999999998,0.1,0.0,0.15,0.0,3.541935443878174,54285,nan,0.9988900423049927,54345.32100723963,52000,53764.183068256054,53756.540078095655,50,52356.50868871869,nan,nan,nan,0.03313429653644562
25.89622338101617,hold,0,0.011849458329379559,-2.2037336826324463,1.7942525148391724,-0.01995333470404148,-0.310059130191803,-0.006631094962358475,3.1224798317801745e-06,-2.2931061711213823,1.7999998662025427,0.3880056525869973,54266,0.42761616324531104,0.009631906314941164,-0.0019301209887330195,1.0168899898417294,-5.149949039892551e-06,-0.2999999999557155,2.2067399106823912e-07,0.0,-0.7749999999999998,0.1,0.0,0.15,0.0,3.541935443878174,54266,nan,1.0080153942108154,53834.49529804587,52000,53765.120564653254,53757.579481028326,50,52356.50868871869,nan,nan,nan,0.03313429653644562
25.91621036300785,hold,0,0.011516769416630268,-2.2085626125335693,1.794087529182434,-0.021679751574993134,-0.30903875827789307,-0.005531740840524435,2.9866674945921452e-06,-2.299114455318401,1.7999998720220665,0.387674619262842,54220,0.4188817747451701,0.011383468545131701,-0.0006980063109012224,0.8907740120775998,-5.182620964025031e-06,-0.2999999999551518,2.2207397460950214e-07,0.0,-0.7719999999999998,0.1,0.0,0.15,0.0,3.541935443878174,54220,nan,1.006709337234497,53858.6441931156,52000,53766.36754636609,53758.92701052283,50,52356.50868871869,nan,nan,nan,0.03313429653644562
25.936216620000778,hold,0,0.010994497686624527,-2.215820074081421,1.7939014434814453,-0.022861583158373833,-0.3067701756954193,-0.004571365658193827,2.848664481401052e-06,-2.305148994010988,1.79999987793546,0.3874327037021033,54186,0.4124987784196108,0.011299062710918026,0.00045069475303338713,0.8899079984985292,-5.2157100844915015e-06,-0.2999999999545774,2.2349183490631518e-07,0.0,-0.7689999999999998,0.1,0.0,0.15,0.0,3.5366568565368652,54186,nan,0.9984170198440552,54271.91135870603,52000,53773.10813053062,53765.76680183194,50,52297.27766016187,nan,nan,nan,0.03313429653644562
25.956846373999724,hold,0,0.010648091323673725,-2.220688819885254,1.7939049005508423,-0.023875975981354713,-0.30572518706321716,-0.004911732394248247,2.7085185708478247e-06,-2.3112046431116617,1.7999998839406763,0.38761328731802036,54211,0.4172635176258659,0.013057963583053313,0.001331204059876523,1.1993850057478994,-5.24922444357241e-06,-0.29999999995399174,2.249279165683256e-07,0.0,-0.7659999999999998,0.1,0.0,0.15,0.0,3.5366568565368652,54211,nan,0.9978668093681335,54326.88961197872,52000,53780.4918836166,53773.248439300565,50,52297.27766016187,nan,nan,nan,0.03313429653644562
25.97697872199933,hold,0,0.010208223015069962,-2.2256436347961426,1.7938395738601685,-0.024526948109269142,-0.30459389090538025,-0.0052317786030471325,2.56806741588076e-06,-2.3171746923774226,1.7999998899589722,0.38785897797961866,54246,0.4237461208342648,0.012512156593607422,0.0021195498313666405,1.3084880192764103,-5.209134786991671e-06,-0.2957958494636949,2.232100851005387e-07,0.0,-0.7629999999999998,0.1,0.0,0.15,0.0,3.5366568565368652,54246,nan,0.9987345933914185,54314.73021856189,52000,53787.615061415876,53780.46819635738,50,52297.27766016187,nan,nan,nan,0.03313429653644562
25.996172059007222,hold,0,0.009588228538632393,-2.2328646183013916,1.7936142683029175,-0.025164464488625526,-0.30459949374198914,-0.004895409103482962,2.4306616937764507e-06,-2.3228697709269657,1.799999895846772,0.38795717187780043,54259,0.426336988860168,0.006316475842718307,0.003086832439329612,0.8232819964177907,-5.084327779641587e-06,-0.28684165916209986,2.1786213695350206e-07,0.0,-0.7599999999999998,0.1,0.0,0.15,0.0,3.5366568565368652,54259,nan,1.0143331289291382,53492.288137411866,52000,53783.67736909582,53776.625795571446,50,52297.27766016187,nan,nan,nan,0.03313429653644562
26.01647043702542,hold,0,0.00916619598865509,-2.2378461360931396,1.7937088012695312,-0.025635341182351112,-0.30390021204948425,-0.0024067675694823265,2.295975779902849e-06,-2.328311485054293,1.7999999016180288,0.3865953953866768,54069,0.39040621073025683,0.0025364994236606936,0.003777903719066833,1.1281850165687501,-4.957617691782546e-06,-0.2778724688685573,2.124326422963967e-07,0.0,-0.7569999999999998,0.1,0.0,0.15,0.0,3.5366568565368652,54069,nan,1.0217341184616089,52918.855329417696,52000,53773.67736909582,53766.625795571446,50,52297.27766016187,nan,nan,nan,0.03313429653644562
26.035955815023044,hold,0,0.00858117826282978,-2.2451891899108887,1.7936997413635254,-0.026216428726911545,-0.3050350248813629,0.0017088409513235092,2.1636341163065747e-06,-2.3335237431361295,1.7999999072888349,0.3845601804436824,53784,0.33670660801272767,-0.004943809393720648,0.0047085501426102905,0.6818840047344565,-4.828460835124336e-06,-0.26886010136619093,2.068983042258999e-07,0.0,-0.7539999999999998,0.1,0.0,0.15,0.0,3.5366568565368652,53784,nan,1.0111303329467773,53191.95582161515,52000,53765.92108179608,53758.963529252025,50,52297.27766016187,nan,nan,nan,0.03313429653644562
26.05609882500721,hold,0,0.00820783618837595,-2.2500529289245605,1.7936331033706665,-0.02657974325120449,-0.306021511554718,0.0041584172286093235,2.034959886357705e-06,-2.338435935785945,1.7999999128024926,0.38344106480438367,53628,0.30717849088083504,-0.010105602158039156,0.005301200695316144,0.8560189744457603,-4.698201024693075e-06,-0.25988158556806323,2.013167048700627e-07,0.0,-0.7509999999999998,0.1,0.0,0.15,0.0,3.5366568565368652,53628,nan,1.0050420761108398,53358.96006217127,52000,53760.49493486775,53753.63014969095,50,52297.27766016187,nan,nan,nan,0.03313429653644562
26.076127539010486,hold,0,0.007657064124941826,-2.2573959827423096,1.793667197227478,-0.026484156027436256,-0.30674877762794495,0.0056375847198069096,1.909658968901868e-06,-2.343068264766774,1.7999999181716047,0.38270891682013114,53525,0.2878606021142769,-0.01802428131694625,0.005836991815922898,0.9888460044749081,-4.566442723364757e-06,-0.2509164026712575,1.9567089556490924e-07,0.0,-0.7479999999999998,0.1,0.0,0.15,0.0,3.5366568565368652,53525,nan,1.0023053884506226,53401.887904383795,52000,53755.71350779463,53748.940253086854,50,52297.27766016187,nan,nan,nan,0.03313429653644562
26.09595286101103,hold,0,0.007238985504955053,-2.262320041656494,1.7936745882034302,-0.025971725583076477,-0.3071171045303345,0.006001596804708242,1.7866944008357329e-06,-2.347481044597895,1.7999999234406048,0.38256765160628686,53506,0.28413328776482416,-0.02347756894615828,0.0060083309451151035,0.7616110087838024,-4.431812532513725e-06,-0.24189124256867764,1.8990202653276132e-07,0.0,-0.7449999999999998,0.1,0.0,0.15,0.0,3.5366568565368652,53506,nan,0.9993948936462402,53538.39642384618,52000,53752.81594667532,53746.133002030314,50,52297.27766016187,nan,nan,nan,0.03313429653644562
26.116584846022306,hold,0,0.007020090706646442,-2.267268180847168,1.7937265634536743,-0.02500998042523861,-0.30764177441596985,0.006425955798476934,1.666187097995303e-06,-2.3516702939829086,1.7999999286043116,0.38235500894244834,53476,0.2785226633891362,-0.029314241966196895,0.005737546046524988,1.0676140082068741,-4.294218058796486e-06,-0.23280426027247003,1.8400613874262686e-07,0.0,-0.7419999999999998,0.1,0.0,0.15,0.0,3.5366568565368652,53476,nan,1.0084846019744873,53026.09469227458,52000,53743.12632994998,53736.53249123357,50,52297.27766016187,nan,nan,nan,0.03313429653644562
26.136034210008802,hold,0,0.006445498671382666,-2.274657964706421,1.7937973737716675,-0.02359030768275261,-0.30808207392692566,0.007833044044673443,1.5512273539325783e-06,-2.3554723195712537,1.7999999335303072,0.3816807768979567,53382,0.26073289968223357,-0.03804468689351832,0.005605894738149875,0.7527870184276253,-4.15753456868569e-06,-0.22386738987307545,1.7814928636559543e-07,0.0,-0.7389999999999998,0.1,0.0,0.15,0.0,3.541935443878174,53382,nan,0.991277277469635,53851.733731115615,52000,53744.574428632186,53738.06850776533,50,52356.50868871869,nan,nan,nan,0.03313429653644562
26.155882779014064,hold,0,0.006169975735247135,-2.2795746326446533,1.793881893157959,-0.021831169724464417,-0.30719372630119324,0.006780576426535845,1.4388320349948466e-06,-2.3590527679964,1.7999999383464176,0.38219390391055746,53453,0.27427187099095995,-0.0436410743989815,0.004966126890402434,0.6416960095521063,-4.017808404873582e-06,-0.21486819027968732,1.7216205620346636e-07,0.0,-0.7359999999999998,0.1,0.0,0.15,0.0,3.541935443878174,53453,nan,1.0002092123031616,53441.819313896194,52000,53740.53769376904,53734.118518513744,50,52356.50868871869,nan,nan,nan,0.03313429653644562
26.185577257012483,hold,0,0.005985335912555456,-2.2844150066375732,1.7938817739486694,-0.019880440086126328,-0.3053814470767975,0.006699148565530777,1.3292703029283974e-06,-2.3624001688521155,1.7999999430411096,0.3823340836151478,53473,0.27797054393529663,-0.048980280362142505,0.0041369967063229485,0.9706380078569055,-3.875137315231376e-06,-0.20581520517493962,1.660486367273666e-07,0.0,-0.7329999999999998,0.1,0.0,0.15,0.0,3.541935443878174,53473,nan,0.9950498342514038,53739.01704152217,52000,53740.51741840575,53734.18383215386,50,52356.50868871869,nan,nan,nan,0.03313429653644562
26.19708130302024,hold,0,0.005620273761451244,-2.291682481765747,1.7939469814300537,-0.0181011613458395,-0.3034675717353821,0.005655024666339159,1.2253837293075338e-06,-2.3653677666834696,1.7999999474926225,0.38294433204171596,53558,0.2940720855334007,-0.057048624305617995,0.003582424456072042,1.2107740039937198,-3.7335601558933895e-06,-0.19692470638020457,1.5998209188329003e-07,0.0,-0.7299999999999998,0.1,0.0,0.15,0.0,3.541935443878174,53558,nan,0.9963396191596985,53754.76290420952,52000,53740.70735821647,53734.45821978127,50,52356.50868871869,nan,nan,nan,0.03313429653644562
26.21567367800162,hold,0,0.005259976256638765,-2.2988498210906982,1.7939687967300415,-0.016181278973817825,-0.29960381984710693,0.00532971415668726,1.12365153925203e-06,-2.3681462223403456,1.7999999518518208,0.3832535341618831,53602,0.30223045282013317,-0.06428161788964448,0.002953655351302986,0.6254999898374081,-3.5877329076685034e-06,-0.18791558367878644,1.5373343182413033e-07,0.0,-0.7269999999999998,0.1,0.0,0.15,0.0,3.541935443878174,53602,nan,1.00520920753479,53324.223055472605,52000,53735.154234179885,53728.988417590495,50,52356.50868871869,nan,nan,nan,0.03313429653644562
26.236118160013575,hold,0,0.005260364152491093,-2.303518295288086,1.79412043094635,-0.013745911419391632,-0.292577862739563,0.005070332903414965,1.0252635521143157e-06,-2.3706760267923483,1.7999999560677207,0.38328152116509306,53605,0.30296889617659595,-0.06756984053217283,0.0016822079039338078,0.8123439911287278,-3.4391402976083486e-06,-0.17886974008663414,1.4736627672196935e-07,0.0,-0.7239999999999998,0.1,0.0,0.15,0.0,3.541935443878174,53605,nan,1.0015428066253662,53522.425247722145,52000,53732.31784769378,53726.23424199225,50,52356.50868871869,nan,nan,nan,0.03313429653644562
26.256432663998567,hold,0,0.00503311213105917,-2.3081064224243164,1.7940887212753296,-0.011698371730744839,-0.28835442662239075,0.004736077971756458,9.318973376455309e-07,-2.372874229993437,1.7999999600684389,0.38362618372387386,53654,0.31206289508901897,-0.07247300199019455,0.0008501614760949572,1.3182600087020546,-3.2904466258491034e-06,-0.16992781408147403,1.409947911520096e-07,0.0,-0.7209999999999998,0.1,0.0,0.15,0.0,3.541935443878174,53654,nan,0.9947735071182251,53935.895574291186,52000,53735.032217381755,53729.02972642291,50,52356.50868871869,nan,nan,nan,0.03313429653644562
26.276273497001966,hold,0,0.0049523296765983105,-2.3148157596588135,1.7941008806228638,-0.00930844247341156,-0.2819637656211853,0.0035308755468577147,8.412484267351498e-07,-2.3748645273621065,1.7999999639527215,0.3844003288299026,53762,0.3324888873325218,-0.07863956051051331,-0.000310963253469021,0.901702995179221,-3.137491874058743e-06,-0.16087660979085414,1.3444071939926562e-07,0.0,-0.7179999999999997,0.1,0.0,0.15,0.0,3.541935443878174,53762,nan,0.9987000226974487,53831.98035260978,52000,53736.324859184795,53730.40240143873,50,52356.50868871869,nan,nan,nan,0.03313429653644562
26.296312404010678,hold,0,0.004901309497654438,-2.319180727005005,1.7942144870758057,-0.006870605051517487,-0.2745796740055084,0.0030748348217457533,7.553156761190707e-07,-2.3765481541402553,1.7999999676349177,0.38460416059823677,53790,0.33786703425426623,-0.08223072354162954,-0.0015254583202903849,1.0545070108491927,-2.9836338598210174e-06,-0.15189176248691433,1.278479430830982e-07,0.0,-0.7149999999999997,0.1,0.0,0.15,0.0,3.541935443878174,53790,nan,1.0050019025802612,53522.286735874346,52000,53733.47101754066,53727.62752589788,50,52356.50868871869,nan,nan,nan,0.03313429653644562
26.316411446023267,hold,0,0.004870569799095392,-2.3233397006988525,1.7941855192184448,-0.004072056617587805,-0.2656262218952179,0.0041623772121965885,6.72622342470975e-07,-2.378004942337836,1.7999999711783057,0.384197789210631,53734,0.32714483405358763,-0.08520415148140925,-0.002951902335132095,0.9240640210919082,-2.825784399966618e-06,-0.1428181871936908,1.2108413434941743e-07,0.0,-0.7119999999999997,0.1,0.0,0.15,0.0,3.541935443878174,53734,nan,1.0119974613189697,53096.97114256265,52000,53724.98435254095,53719.218774120076,50,52356.50868871869,nan,nan,nan,0.03313429653644562
26.33738385300967,hold,0,0.004873053170740604,-2.3294179439544678,1.7942701578140259,-0.0012165263760834932,-0.2556057572364807,0.006191282533109188,5.924197366107565e-07,-2.379276025445789,1.7999999746149669,0.38324486975046324,53600,0.3020018403816138,-0.09006203794359666,-0.004452028264800401,1.0023840004578233,-2.66165464025076e-06,-0.13354544068956972,1.140512163828495e-07,0.0,-0.7089999999999997,0.1,0.0,0.15,0.0,3.5366568565368652,53600,nan,1.003663182258606,53404.370059067594,52000,53720.709495294635,53715.020791252704,50,52297.27766016187,nan,nan,nan,0.03313429653644562
26.356400369026233,hold,0,0.0048018223606050014,-2.3332180976867676,1.7942070960998535,0.0016631734324619174,-0.24357973039150238,0.00577609334141016,5.218874042038619e-07,-2.380006558692515,1.799999977637259,0.3835889909861747,53648,0.3110815563634475,-0.09143425748290784,-0.005875218972900997,1.0915250168181956,-2.5073822684444915e-06,-0.12488420549186754,1.0744068495150104e-07,0.0,-0.7059999999999997,0.1,0.0,0.15,0.0,3.5366568565368652,53648,nan,0.9970598816871643,53806.19658392042,52000,53721.849323142975,53716.23646848827,50,52297.27766016187,nan,nan,nan,0.03313429653644562
26.376457783015212,hold,0,0.004968333523720503,-2.3387913703918457,1.7943637371063232,0.004307804629206657,-0.23124097287654877,0.005484608933329582,4.5298245742694774e-07,-2.3806048311884185,1.7999999805898184,0.3836710668212465,53660,0.3132471456793269,-0.09485903398574483,-0.007426174420437581,1.0368940129410475,-2.3446598056522246e-06,-0.11591851139567133,1.0046806929595434e-07,0.0,-0.7029999999999997,0.1,0.0,0.15,0.0,3.5366568565368652,53660,nan,1.0020925998687744,53547.94557611428,52000,53719.530606515924,53713.992589923284,50,52297.27766016187,nan,nan,nan,0.03313429653644562
26.396711139997933,hold,0,0.005036135204136372,-2.342174530029297,1.7943603992462158,0.0065116859041154385,-0.21820539236068726,0.005497153848409653,3.8793955528859486e-07,-2.380962976333583,1.7999999833768898,0.38371755626649046,53666,0.3144737801184796,-0.09592614597146254,-0.008644673482922416,1.2931920064147562,-2.1779111777632645e-06,-0.10687475940308501,9.332293350211018e-08,0.0,-0.6999999999999997,0.1,0.0,0.15,0.0,3.5366568565368652,53666,nan,1.0062618255615234,53332.04404336099,52000,53714.364119007194,53708.89994263579,50,52297.27766016187,nan,nan,nan,0.03313429653644562
26.416817124001682,hold,0,0.005072863306850195,-2.3454220294952393,1.7943259477615356,0.008346537128090858,-0.2051583081483841,0.006164671387523413,3.276139185386358e-07,-2.3810435955126006,1.7999999859618279,0.38348201058088893,53633,0.3082588543770157,-0.09719941824774536,-0.009645252559032036,1.3348099892027676,-2.008956120297634e-06,-0.0978460151994512,8.608325276870972e-08,0.0,-0.6969999999999997,0.1,0.0,0.15,0.0,3.5366568565368652,53633,nan,1.011041522026062,53047.27731905899,52000,53705.46962834122,53700.078307654774,50,52297.27766016187,nan,nan,nan,0.03313429653644562
26.436204313999042,hold,0,0.005130868870764971,-2.3499958515167236,1.7944170236587524,0.009710256941616535,-0.19173027575016022,0.00740810576826334,2.7230499559635305e-07,-2.3808374111158868,1.799999988331801,0.38285920275646024,53546,0.29182593024961,-0.10004130380674843,-0.010433940637566419,0.905212975339964,-1.8384870516128821e-06,-0.08886817950632332,7.877869704418651e-08,0.0,-0.6939999999999997,0.1,0.0,0.15,0.0,3.5366568565368652,53546,nan,1.003373146057129,53365.98872554564,52000,53700.94321630395,53695.62377989332,50,52297.27766016187,nan,nan,nan,0.03313429653644562
26.456573650997598,hold,0,0.005194212310016155,-2.3527653217315674,1.7944424152374268,0.010556059889495373,-0.17747779190540314,0.007202920038253069,2.2142417939335516e-07,-2.3803781858131092,1.799999990512031,0.3829621761128526,53561,0.2945429053523103,-0.10066651860909138,-0.010939003844721684,0.9965270000975579,-1.6641839112400714e-06,-0.0798316260058642,7.130985233449241e-08,0.0,-0.6909999999999997,0.1,0.0,0.15,0.0,3.5366568565368652,53561,nan,0.997105062007904,53716.50595388856,52000,53701.15071947175,53695.902208879925,50,52297.27766016187,nan,nan,nan,0.03313429653644562
26.476629192009568,hold,0,0.00527223153039813,-2.3565752506256104,1.7944897413253784,0.01084338128566742,-0.1625860333442688,0.005326001904904842,1.7604150356463638e-07,-2.379619861040756,1.799999992456667,0.3839074725264107,53693,0.3194847632298323,-0.10207671615066818,-0.011143010239700324,0.9657409973442554,-1.4895842931728534e-06,-0.07090897950491204,6.382830363188872e-08,0.0,-0.6879999999999997,0.1,0.0,0.15,0.0,3.5366568565368652,53693,nan,1.0027856826782227,53543.84384168476,52000,53699.05329443459,53693.874763983986,50,52297.27766016187,nan,nan,nan,0.03313429653644562
26.495855270011816,hold,0,0.005261532962322235,-2.3589107990264893,1.7945653200149536,0.010958539322018623,-0.14720650017261505,0.004468030296266079,1.3523324878119848e-07,-2.3786121268954643,1.7999999942052902,0.3842520939579214,53741,0.32857767699000995,-0.10214553739425927,-0.011181770211137643,0.7495320169255137,-1.3106326008695137e-06,-0.06190899661482032,5.616026966823276e-08,0.0,-0.6849999999999997,0.1,0.0,0.15,0.0,3.5366568565368652,53741,nan,1.0054423809051514,53450.104173666885,52000,53695.73397282436,53690.624489446425,50,52297.27766016187,nan,nan,nan,0.03313429653644562
26.516396696009906,hold,0,0.005359516479074955,-2.360957145690918,1.794549822807312,0.010525031015276909,-0.13061556220054626,0.003909786231815815,9.942116478305354e-08,-2.3773402561590564,1.7999999957398287,0.38453517729572,53781,0.33604689434617363,-0.10158824396231608,-0.011049925675184369,1.0948549897875637,-1.1281671519574814e-06,-0.05287576291573958,4.834167213812669e-08,0.0,-0.6819999999999997,0.1,0.0,0.15,0.0,3.5366568565368652,53781,nan,0.9950454235076904,54048.788858717206,52000,53700.441371302935,53695.40001437004,50,52297.27766016187,nan,nan,nan,0.03313429653644562
26.535781865997706,hold,0,0.005301228258758783,-2.3637115955352783,1.7945702075958252,0.010203512385487556,-0.11397531628608704,0.00274848029948771,6.912643135318538e-08,-2.3757855174919347,1.7999999970379503,0.385110921981138,53861,0.35123804699572503,-0.10192476577471718,-0.010805811419570155,0.7052839791867882,-9.444179410709053e-07,-0.04391684761438619,4.046806573777553e-08,0.0,-0.6789999999999997,0.1,0.0,0.15,0.0,3.5366568565368652,53861,nan,1.0012277364730835,53794.95397293958,52000,53701.70153932476,53696.7274004843,50,52297.27766016187,nan,nan,nan,0.03313429653644562
26.556409693002934,hold,0,0.00527877826243639,-2.365222454071045,1.7945430278778076,0.009692946448922157,-0.09605169296264648,0.0024570461828261614,4.3932079605678236e-08,-2.3739732259319197,1.7999999981175216,0.38524876048618956,53881,0.3548749468651593,-0.10072277654968449,-0.010513489540700638,1.0794079862535,-7.558832427352494e-07,-0.03487211551590752,3.238940243173169e-08,0.0,-0.6759999999999997,0.1,0.0,0.15,0.0,3.5366568565368652,53881,nan,1.0161126852035522,53026.59910126633,52000,53692.70017348398,53687.79235649473,50,52297.27766016187,nan,nan,nan,0.03313429653644562
26.576502199022798,hold,0,0.005197065882384777,-2.3671395778656006,1.7946006059646606,0.008878039196133614,-0.07748382538557053,0.004398856777697802,2.4272609568579316e-08,-2.371889114814162,1.799999998959925,0.38418425502515124,53732,0.32678773153433305,-0.10021191097619514,-0.01003321172994509,0.8497030066791922,-5.641018288067929e-07,-0.025817263823571912,2.4171618198048185e-08,0.0,-0.6729999999999997,0.1,0.0,0.15,0.0,3.5366568565368652,53732,nan,1.0093576908111572,53233.854053084964,52000,53686.582225212,53681.7398457826,50,52297.27766016187,nan,nan,nan,0.03313429653644562
26.596021505014505,hold,0,0.005196725949645042,-2.3680670261383057,1.7946646213531494,0.008081224747002125,-0.058098047971725464,0.004489566665142775,1.0460571398907158e-08,-2.3695250922264535,1.7999999995517673,0.38398665173954427,53704,0.32157392452623235,-0.09823964926128492,-0.009622893186821857,0.7731659861747175,-3.718145613786196e-07,-0.01688030402722051,1.5932158272078485e-08,0.0,-0.6699999999999997,0.1,0.0,0.15,0.0,3.5366568565368652,53704,nan,0.9983131289482117,53794.74479773764,52000,53688.02439284568,53683.24657847534,50,52297.27766016187,nan,nan,nan,0.03313429653644562
26.615969527018024,landing,0,0.005024015437811613,-2.3690969944000244,1.794667363166809,0.006776797119528055,-0.03990337997674942,0.00335504487156868,1.0460192180181473e-08,-2.366463480703032,1.7999383708119105,0.3814640670790427,53351,0.2550149625077207,-0.10598981651537437,-0.0088212897483948,0.873412995133549,-4.06229036351032e-11,0.006599987841406813,-0.006601832111072027,0.0,-0.6669999999999997,0.1,0.0,0.15,0.0,3.5366568565368652,53351,nan,0.9995896220207214,53372.90306410768,52000,53683.82277512917,53679.108664950436,50,52297.27766016187,nan,nan,nan,0.03313429653644562
26.63581654301379,landing,0,0.004847652744501829,-2.369514226913452,1.7947200536727905,0.005428988952189684,-0.022053346037864685,0.0020180686842650175,1.0458947926194404e-08,-2.3632613272267555,1.7997361608468143,0.3782300203313903,52899,0.1696839137569981,-0.1050081402245496,-0.007997479850627043,0.7735090039204806,-8.405210067792337e-11,0.013655913114975595,-0.013659729059324879,0.0,-0.6639999999999997,0.1,0.0,0.15,0.0,3.5366568565368652,52899,nan,1.0070518255233765,52528.57763552316,52000,53673.82277512917,53669.108664950436,50,52297.27766016187,nan,nan,nan,0.03313429653644562
26.655710890016053,landing,0,0.004676380660384893,-2.369678020477295,1.7947365045547485,0.0036946935579180717,-0.00419947225600481,0.0021559547167271376,1.0456830138594166e-08,-2.3599172510736124,1.7993919885466443,0.3741173070143565,52324,0.06116905051072585,-0.1041427719277923,-0.006975106281437382,0.6709239969495684,-1.2759540620461326e-10,0.020730377550907224,-0.020736170350437205,0.0,-0.6609999999999997,0.1,0.0,0.15,0.0,3.5366568565368652,52324,nan,0.998690128326416,52392.62761882253,52000,53663.82277512917,53659.108664950436,50,52297.27766016187,nan,nan,nan,0.03313429653644562
26.676726610021433,landing,0,0.004336824174970388,-2.369504928588867,1.7947330474853516,0.00132192752789706,0.013255293481051922,0.000897952588275075,1.0453768378785032e-08,-2.3564198081115064,1.7988944065814088,0.3704612900618558,51812,-0.03529577673203832,-0.10322885608877341,-0.005396301272248438,1.1221430031582713,-1.7205882513719208e-10,0.02795433246507081,-0.027962143892700003,0.0,-0.6579999999999997,0.1,0.0,0.15,0.0,3.5366568565368652,51812,nan,0.9981707334518433,51906.95165027063,52000,53653.82277512917,53649.108664950436,50,52297.27766016187,nan,nan,nan,0.03313429653644562
26.69634888099972,landing,0,0.00399344926699996,-2.369080066680908,1.794677495956421,-0.000877984391991049,0.031049661338329315,-3.6070072383154184e-05,1.0449959572351139e-08,-2.352800992765864,1.7982754183169065,0.3666728735914503,51283,-0.13525399494854184,-0.10185980841087025,-0.0038775223273532777,1.0577060165815055,-2.1489244483188139e-10,0.03491349451138263,-0.03492325057463324,0.0,-0.6549999999999997,0.1,0.0,0.15,0.0,3.5366568565368652,51283,nan,1.004823923110962,51036.80238944397,52000,53643.82277512917,53639.108664950436,50,52297.27766016187,nan,nan,nan,0.03313429653644562
26.716547542018816,landing,0,0.00350281223654747,-2.3680946826934814,1.7945518493652344,-0.003190823132172227,0.049226313829422,0.00034961168421432376,1.0445207576087392e-08,-2.3490289377240856,1.7975031475356869,0.3620358617734366,50634,-0.2576025917299063,-0.10011033627155731,-0.002107406439830317,1.2783840065822005,-2.5856856213660686e-10,0.04200953682683031,-0.042021275774883134,0.0,-0.6519999999999997,0.1,0.0,0.15,0.0,3.5366568565368652,50634,nan,1.0037953853607178,50442.551080073434,52000,53633.82277512917,53629.108664950436,50,52297.27766016187,nan,nan,nan,0.03313429653644562
26.736542336002458,landing,0,0.00310919969342649,-2.367070198059082,1.794408917427063,-0.005928826984018087,0.0672643855214119,-0.001423609210178256,1.043959912427581e-08,-2.3451177346722787,1.7965916898615704,0.3583409623723092,50117,-0.3550933411000212,-0.09823344557379293,-0.00016160688137834,1.1605769977904856,-3.020986909583826e-10,0.04908186044848129,-0.049095575653495704,0.0,-0.6489999999999997,0.1,0.0,0.15,0.0,3.5472140312194824,50117,nan,0.9894687533378601,50650.41198212274,52000,53623.82277512917,53619.108664950436,50,52415.739717275515,nan,nan,nan,0.03313429653644562
26.75659893100965,landing,0,0.002822142094373703,-2.3659212589263916,1.7943305969238281,-0.008287237957119942,0.08566632121801376,-0.004738310817629099,1.043313105856237e-08,-2.3410668704738558,1.7955405320145814,0.3551596544472722,49672,-0.43903286418806964,-0.09598325591737603,0.0014883308009436824,1.210529007948935,-3.4555789688564157e-10,0.056142661254193454,-0.056158349496287785,0.0,-0.6459999999999997,0.1,0.0,0.15,0.0,3.5472140312194824,49672,nan,0.986174464225769,50368.36969713747,52000,53613.82277512917,53609.108664950436,50,52415.739717275515,nan,nan,nan,0.03313429653644562
26.776455323997652,landing,0,0.0020534226205199957,-2.3636441230773926,1.7938305139541626,-0.010949046351015568,0.10377942025661469,-0.008948040194809437,1.042581691810199e-08,-2.336878544830212,1.7943518743107905,0.3527588289588674,49337,-0.5023791831433417,-0.0925102833607721,0.003879272847171933,1.1581320140976459,-3.88894210513442e-10,0.06318349579433497,-0.06320115149422956,0.0,-0.6429999999999997,0.1,0.0,0.15,0.0,3.5472140312194824,49337,nan,0.9709986448287964,50810.57554791846,52000,53603.82277512917,53599.108664950436,50,52415.739717275515,nan,nan,nan,0.03313429653644562
26.79694441301399,landing,0,0.0015778450760990381,-2.3619368076324463,1.7934738397598267,-0.01317972969263792,0.12188274413347244,-0.015689987689256668,1.0417577824840345e-08,-2.332539942453594,1.793012897881399,0.35125910258302484,49127,-0.5419497999201894,-0.08961989817805968,0.005707532868697518,1.5989780076779425,-4.325415678843877e-10,0.07027486549418208,-0.07029450277318508,0.0,-0.6399999999999997,0.1,0.0,0.15,0.0,3.5472140312194824,49127,nan,0.9702192544937134,50634.94645407321,52000,53593.82277512917,53589.108664950436,50,52415.739717275515,nan,nan,nan,0.03313429653644562
26.815873889019713,landing,0,0.0006271738093346357,-2.3589107990264893,1.7926737070083618,-0.01545494794845581,0.1400662064552307,-0.02237795665860176,1.0408565131192603e-08,-2.3280756535138436,1.7915481997676113,0.3501273297437868,48968,-0.5718118801111682,-0.08515736016955647,0.008111778317046792,0.7862240017857403,-4.757227480735791e-10,0.07729049556302799,-0.07731209325681193,0.0,-0.6369999999999997,0.1,0.0,0.15,0.0,3.5472140312194824,48968,nan,0.9655224084854126,50716.585725664,52000,53583.82277512917,53579.108664950436,50,52415.739717275515,nan,nan,nan,0.03313429653644562
26.83620431800955,landing,0,6.303138798102736e-05,-2.3566882610321045,1.7920793294906616,-0.01819808967411518,0.15737688541412354,-0.030721032992005348,1.0398599419745705e-08,-2.32345652813149,1.7899286219444503,0.349392287103532,48866,-0.5912061450255433,-0.08221563285803946,0.010345030609543615,1.0454739967826754,-5.193064998316867e-10,0.08437153128293243,-0.0843951076681459,0.0,-0.6339999999999997,0.1,0.0,0.15,0.0,3.5472140312194824,48866,nan,0.9480412602424622,51544.17012135367,52000,53573.82277512917,53569.108664950436,50,52415.739717275515,nan,nan,nan,0.03313429653644562
26.85682730100234,landing,0,-0.00047416824963875115,-2.354149341583252,1.7912743091583252,-0.020619932562112808,0.17490020394325256,-0.0414847768843174,1.038764120849084e-08,-2.3186761516794436,1.788147747992354,0.34988361553318115,48934,-0.5782423342168581,-0.0787269939599202,0.012329148751498487,1.324154989561066,-5.633518814335766e-10,0.09152756782955182,-0.09155314386407425,0.0,-0.6309999999999997,0.1,0.0,0.15,0.0,3.5472140312194824,48934,nan,0.9584800004959106,51053.75174722676,52000,53563.82277512917,53559.108664950436,50,52415.739717275515,nan,nan,nan,0.03313429653644562
26.875951969006564,landing,0,-0.0015516565181314945,-2.350095748901367,1.7897579669952393,-0.023429159075021744,0.19083450734615326,-0.05152790993452072,1.0376049009858925e-08,-2.31379277153722,1.7862638415672116,0.35083755209253703,49068,-0.5530725041546969,-0.07435924580670997,0.015125806148093668,0.7727170013822615,-6.064736791893853e-10,0.09853355005682933,-0.09856108381018508,0.0,-0.6279999999999997,0.1,0.0,0.15,0.0,3.5472140312194824,49068,nan,0.935218334197998,52466.8927091539,52000,53553.82277512917,53549.108664950436,50,52415.739717275515,nan,nan,nan,0.03313429653644562
26.896465591009473,landing,0,-0.0021636004094034433,-2.347106456756592,1.7885565757751465,-0.02562720514833927,0.20674684643745422,-0.06422113627195358,1.036348247574546e-08,-2.3087510914765703,1.784221590989056,0.3525294028397293,49304,-0.5084326427512078,-0.07130933141079829,0.016994819596355848,1.1829150025732815,-6.499963493256989e-10,0.10560466186866473,-0.10563417154035962,0.0,-0.6249999999999997,0.1,0.0,0.15,0.0,3.5472140312194824,49304,nan,0.9440335035324097,52226.95997071394,52000,53543.82277512917,53539.108664950436,50,52415.739717275515,nan,nan,nan,0.03313429653644562
26.916711076017236,landing,0,-0.002890701172873378,-2.3439698219299316,1.7871910333633423,-0.027553338557481766,0.22228305041790009,-0.07799787819385529,1.034998643822348e-08,-2.303558395347501,1.782028282143259,0.3547721259111422,49618,-0.44925789152659235,-0.06841669315837351,0.018793315933910648,1.3026839878875762,-6.937038571305139e-10,0.11270580418682975,-0.11273729816844774,0.0,-0.6219999999999997,0.1,0.0,0.15,0.0,3.5472140312194824,49618,nan,0.9330557584762573,53177.95806868983,52000,53538.94457904331,53534.29332366696,50,52415.739717275515,nan,nan,nan,0.03313429653644562
26.93617168001947,landing,0,-0.003969216253608465,-2.3388617038726807,1.7847418785095215,-0.029664572328329086,0.23722808063030243,-0.09025586396455765,1.0335687867448796e-08,-2.2982353119433676,1.7797045495875885,0.35743150169859444,49990,-0.3790896649447397,-0.06373123521678409,0.021042241485001334,0.8875630155671388,-7.371886854486686e-10,0.11977076785273277,-0.11980423603468082,0.0,-0.6189999999999997,0.1,0.0,0.15,0.0,3.5630500316619873,49990,nan,0.952296257019043,52494.16831321259,52000,53528.94457904331,53524.29332366696,50,52593.43547824086,nan,nan,nan,0.03313429653644562
26.99226770902169,landing,0,-0.004429584369063377,-2.337062358856201,1.783806562423706,-0.029664572328329086,0.23722808063030243,-0.09025586396455765,1.0292976145900281e-08,-2.288295954642917,1.7727632531856619,0.3410096247183838,47693,-0.8123845720743077,-0.0875530677104732,0.022595866157895994,1.1174899991601706,-8.53998154268902e-10,0.13874875822239555,-0.13878752952501391,0.0,-0.6159999999999997,0.1,0.0,0.15,0.0,3.5630500316619873,47693,nan,0.952296257019043,50082.10380800256,52000,53518.94457904331,53514.29332366696,50,52593.43547824086,nan,nan,nan,0.03313429653644562
26.999387201998616,landing,0,-0.005236435681581497,-2.333411693572998,1.7819119691848755,-0.031013386324048042,0.2681938409805298,-0.11538267880678177,1.0285276211594737e-08,-2.2840449492186687,1.7715118981863223,0.35234751131679437,49279,-0.5132318913774583,-0.06957492185867326,0.02355067724487503,1.0099970095325261,-8.733957448744975e-10,0.14190027745645858,-0.14193992940483913,0.0,-0.6129999999999997,0.1,0.0,0.15,0.0,3.5630500316619873,49279,nan,0.9324982166290283,52846.21366692056,52000,53509.974833548345,53505.38559491035,50,52593.43547824086,nan,nan,nan,0.03313429653644562
27.01738507702248,landing,0,-0.008164060302078724,-2.3193557262420654,1.7738176584243774,-0.03046538308262825,0.2933984696865082,-0.13836456835269928,1.0269763318035523e-08,-2.2785245752494534,1.7689908199356192,0.3673017630460586,51371,-0.11866060564489267,-0.04702927645533968,0.025482364988909767,1.3191260222811252,-9.112225466228496e-10,0.1480459836782732,-0.1480873529539926,0.0,-0.6099999999999997,0.1,0.0,0.15,0.0,3.5630500316619873,51371,nan,0.9333696961402893,55038.212845811875,52000,53519.974833548345,53515.38559491035,50,52593.43547824086,nan,nan,nan,0.03313429653644562
27.036368016997585,landing,0,-0.008964180946350098,-2.314955472946167,1.771129846572876,-0.03273557499051094,0.28656792640686035,-0.14721904695034027,1.0250877678247783e-08,-2.272456232471795,1.765921619754638,0.3678680831690423,51450,-0.10371812218885879,-0.05639227258929725,0.02754811708381566,0.872559001436457,-9.55253831097079e-10,0.15519972986987526,-0.15524309815489756,0.0,-0.6069999999999997,0.1,0.0,0.15,0.0,3.5630500316619873,51450,nan,0.9327601194381714,55158.876251044945,52000,53529.974833548345,53525.38559491035,50,52593.43547824086,nan,nan,nan,0.03313429653644562
27.056205185013823,landing,0,-0.00976965669542551,-2.310480833053589,1.7682368755340576,-0.03279324248433113,0.2995399236679077,-0.16064892709255219,1.0231688926630764e-08,-2.266338643229487,1.762803159347806,0.3707952149634597,51859,-0.026485093312411223,-0.05446669568372453,0.028230961605501648,0.9547039808239788,-9.980041409131541e-10,0.162145356591611,-0.1621906657300071,0.0,-0.6039999999999996,0.1,0.0,0.15,0.0,3.5630500316619873,51859,nan,0.9406214952468872,55132.69711786508,52000,53539.974833548345,53535.38559491035,50,52593.43547824086,nan,nan,nan,0.03313429653644562
27.075844836013857,landing,0,-0.010962429456412792,-2.3034934997558594,1.7636480331420898,-0.03330875188112259,0.3115915358066559,-0.17304953932762146,1.0211336354069767e-08,-2.260031968437096,1.7594955605537108,0.37500658947188914,52448,0.08463296759601846,-0.0504597351409552,0.029461680361900555,0.7751130033284426,-1.0414313078966412e-09,0.16920095204220514,-0.16924823276312115,0.0,-0.6009999999999996,0.1,0.0,0.15,0.0,3.5630500316619873,52448,nan,0.9596156477928162,54655.215471563126,52000,53549.974833548345,53545.38559491035,50,52593.43547824086,nan,nan,nan,0.03313429653644562
27.096783556014998,landing,0,-0.0117559302598238,-2.2986204624176025,1.7603684663772583,-0.03300502151250839,0.3240405321121216,-0.18370871245861053,1.0189740008576077e-08,-2.2535232183251517,1.7559858299730822,0.3764391748786593,52648,0.12243205484589126,-0.049204453541564094,0.030031623385320394,1.2640090135391802,-1.0856143490263386e-09,0.17637935408041872,-0.1764286407003518,0.0,-0.5979999999999996,0.1,0.0,0.15,0.0,3.5630500316619873,52648,nan,0.945079505443573,55707.48248877714,52000,53559.974833548345,53555.38559491035,50,52593.43547824086,nan,nan,nan,0.03313429653644562
27.11667772202054,landing,0,-0.012944160960614681,-2.2911274433135986,1.7552053928375244,-0.032771822065114975,0.33505818247795105,-0.1948603391647339,1.0167898530473386e-08,-2.2469746416106218,1.752436261660909,0.3804913766794988,53215,0.22935030816619317,-0.04555804301959492,0.030838786767801718,1.08341098530218,-1.128540910837932e-09,0.1833536163974308,-0.1834048518725342,0.0,-0.5949999999999996,0.1,0.0,0.15,0.0,3.5630500316619873,53215,nan,0.9645848274230957,55168.81303447904,52000,53569.974833548345,53565.38559491035,50,52593.43547824086,nan,nan,nan,0.03313429653644562
27.13653708601487,landing,0,-0.01363428309559822,-2.2860288619995117,1.751721739768982,-0.03165164962410927,0.34716570377349854,-0.2039603888988495,1.0144709106023538e-08,-2.2402070645611576,1.7486676318173746,0.3811042865320202,53301,0.2455220720849649,-0.044620732403477505,0.030925722932903632,1.172413001768291,-1.1723977253336029e-09,0.1904790165173803,-0.19053224308089317,0.0,-0.5919999999999996,0.1,0.0,0.15,0.0,3.541935443878174,53301,nan,0.9671648144721985,55110.565647580384,52000,53579.974833548345,53575.38559491035,50,52356.50868871869,nan,nan,nan,0.03313429653644562
27.158222184021724,landing,0,-0.014278308488428593,-2.2807750701904297,1.7480604648590088,-0.029877981171011925,0.358220636844635,-0.21131594479084015,1.0118154953790974e-08,-2.2328928214571184,1.7443521831614655,0.3800437546359544,53153,0.21753970015710777,-0.04522527220494442,0.030756369609211243,0.7381460163742304,-1.220684366254553e-09,0.19832412886688897,-0.19837954763182314,0.0,-0.5889999999999996,0.1,0.0,0.15,0.0,3.541935443878174,53153,nan,0.9723097085952759,54666.737902670626,52000,53589.974833548345,53585.38559491035,50,52356.50868871869,nan,nan,nan,0.03313429653644562
27.176776139007416,landing,0,-0.015216288156807423,-2.2726972103118896,1.7424637079238892,-0.027818260714411736,0.36764049530029297,-0.2167271375656128,1.0096192070763419e-08,-2.2263245201302073,1.740782884725158,0.3820925870873497,53439,0.2715986038878544,-0.04174419532455799,0.030495166541960383,1.5057419950608164,-1.2592238499106816e-09,0.20458562424962531,-0.2046427926974788,0.0,-0.5859999999999996,0.1,0.0,0.15,0.0,3.541935443878174,53439,nan,0.982209324836731,54406.93612726897,52000,53599.974833548345,53595.38559491035,50,52356.50868871869,nan,nan,nan,0.03313429653644562
27.196609994018218,landing,0,-0.015742536634206772,-2.26718807220459,1.7387171983718872,-0.024569377303123474,0.37635529041290283,-0.22141358256340027,1.0069976304827637e-08,-2.219065254520257,1.7365224289259906,0.380180777382557,53172,0.22115507605691143,-0.04301559460923751,0.02949259916466862,0.8787669939920306,-1.3037354283882698e-09,0.21181740362691354,-0.21187659288929753,0.0,-0.5829999999999996,0.1,0.0,0.15,0.0,3.541935443878174,53172,nan,0.9843540787696838,54017.14804337294,52000,53605.537143012676,53601.00909422319,50,52356.50868871869,nan,nan,nan,0.03313429653644562
27.217693486018106,landing,0,-0.016413070261478424,-2.258777141571045,1.7330043315887451,-0.020972901955246925,0.38429194688796997,-0.22572080790996552,1.0043768146725351e-08,-2.2118072249521465,1.7322632095140575,0.38061325629937165,53232,0.23256612927101905,-0.04125438332718295,0.028273439619956653,0.9960300230886787,-1.34676439060244e-09,0.218808302898734,-0.21886944566524094,0.0,-0.5799999999999996,0.1,0.0,0.15,0.0,3.541935443878174,53232,nan,0.9914162755012512,53692.88493179757,52000,53606.701780196476,53602.23410539085,50,52356.50868871869,nan,nan,nan,0.03313429653644562
27.2366310020152,landing,0,-0.016849905252456665,-2.253070831298828,1.7291393280029297,-0.017523624002933502,0.3908243775367737,-0.22923128306865692,1.0016401983336765e-08,-2.204361054701664,1.7278157968466012,0.3781267141234273,52884,0.16695815629095634,-0.043651483911727,0.027096589599175713,1.1395280016586185,-1.390273999284572e-09,0.22587729262103182,-0.22594041071289117,0.0,-0.5769999999999996,0.1,0.0,0.15,0.0,3.541935443878174,52884,nan,0.9792251586914062,54005.96536007293,52000,53612.02529459483,53607.617188786615,50,52356.50868871869,nan,nan,nan,0.03313429653644562
27.256712695001625,landing,0,-0.017218565568327904,-2.2472572326660156,1.7252142429351807,-0.01367171946913004,0.39709603786468506,-0.23400142788887024,9.988315100217285e-09,-2.1967977893881674,1.7232512563956357,0.37621787329192413,52618,0.11659296284760146,-0.046138944328524875,0.025577793413793515,1.2799940013792366,-1.4335569641081405e-09,0.23290945960105874,-0.23297454272869603,0.0,-0.5739999999999996,0.1,0.0,0.15,0.0,3.541935443878174,52618,nan,0.9873570799827576,53291.76350355322,52000,53607.75513738094,53603.405806316834,50,52356.50868871869,nan,nan,nan,0.03313429653644562
27.276799276005477,landing,0,-0.01767745055258274,-2.2384469509124756,1.719253659248352,-0.012187027372419834,0.39816540479660034,-0.23549312353134155,9.959254980351031e-09,-2.189076402667269,1.7185285503525634,0.3750147194022036,52449,0.0848474776307011,-0.04832266583489076,0.025357427186893045,1.0888680117204785,-1.4770052517382479e-09,0.23996848651514813,-0.24003554218417741,0.0,-0.5709999999999996,0.1,0.0,0.15,0.0,3.541935443878174,52449,nan,1.0014945268630981,52370.73053637332,52000,53597.75513738094,53593.405806316834,50,52356.50868871869,nan,nan,nan,0.03313429653644562
27.296282152005006,landing,0,-0.01787756383419037,-2.2325289249420166,1.715362548828125,-0.006717698648571968,0.4057322144508362,-0.23727703094482422,9.929471856746541e-09,-2.181237549801545,1.7136883453404765,0.3712188775036987,51918,-0.015306662171539642,-0.05059498443440323,0.022884909557606026,1.0253170039504766,-1.5202465931898114e-09,0.24699389096161473,-0.24706290977673126,0.0,-0.5679999999999996,0.1,0.0,0.15,0.0,3.541935443878174,51918,nan,0.9892116785049438,52484.216602119835,52000,53587.75513738094,53583.405806316834,50,52356.50868871869,nan,nan,nan,0.03313429653644562
27.316018842015183,landing,0,-0.018004020676016808,-2.2265424728393555,1.7114208936691284,-0.003382238792255521,0.4098086953163147,-0.23944324254989624,9.898689214448068e-09,-2.1732363055103625,1.708685703525033,0.36750991040903164,51400,-0.11316859079072294,-0.05492561643814917,0.02143796106179363,0.8746480161789805,-1.563682970416598e-09,0.2540509827969661,-0.25412197361274524,0.0,-0.5649999999999996,0.1,0.0,0.15,0.0,3.541935443878174,51400,nan,0.9880659580230713,52020.81863324332,52000,53577.75513738094,53573.405806316834,50,52356.50868871869,nan,nan,nan,0.03313429653644562
27.33623989499756,landing,0,-0.018157711252570152,-2.2173943519592285,1.705310344696045,-0.00045601004967465997,0.4116482138633728,-0.24174608290195465,9.866985512340839e-09,-2.1650854169792315,1.7035333756537554,0.3663492427503774,51237,-0.14379306727236596,-0.05686743426864429,0.02007588201298982,1.0950860159937292,-1.6071923572094078e-09,0.26111993646898934,-0.2611929026000472,0.0,-0.5619999999999996,0.1,0.0,0.15,0.0,3.541935443878174,51237,nan,0.9909011125564575,51707.48054547242,52000,53567.75513738094,53563.405806316834,50,52356.50868871869,nan,nan,nan,0.03313429653644562
27.356543900998076,landing,0,-0.018085306510329247,-2.2112677097320557,1.7013529539108276,0.006113074719905853,0.41811689734458923,-0.24786818027496338,9.834025090649359e-09,-2.1567303496909482,1.698176811970571,0.3641210052493886,50926,-0.2025856134725963,-0.060040512670310436,0.016510402591201956,1.1149750207550824,-1.651211341770835e-09,0.26827168429839465,-0.2683466488803425,0.0,-0.5589999999999996,0.1,0.0,0.15,0.0,3.541935443878174,50926,nan,0.9861571192741394,51640.858241214206,52000,53557.75513738094,53553.405806316834,50,52356.50868871869,nan,nan,nan,0.03313429653644562
27.376021086005494,landing,0,-0.018083177506923676,-2.2019007205963135,1.695060133934021,0.006113074719905853,0.41811689734458923,-0.24786818027496338,9.800674384132239e-09,-2.1483118729741557,1.6927568211400434,0.3617534651139963,50595,-0.26505369092358144,-0.06328734560222107,0.016616112392618954,0.7635740039404482,-1.6945881190443123e-09,0.27531909295179713,-0.2753960268285846,0.0,-0.5559999999999996,0.1,0.0,0.15,0.0,3.541935443878174,50595,nan,0.9886255264282227,51177.1127160688,52000,53547.75513738094,53543.405806316834,50,52356.50868871869,nan,nan,nan,0.03313429653644562
27.396421615005238,landing,0,-0.0179289523512125,-2.195697546005249,1.690976619720459,0.009787099435925484,0.4222092926502228,-0.25020062923431396,9.766495213888242e-09,-2.139758796067934,1.6872021925080412,0.3576537221549432,50021,-0.3732263283656163,-0.06829803245448862,0.014579323550890644,1.1347820109222084,-1.7379194631491767e-09,0.2823591200954204,-0.28243802120439304,0.0,-0.5529999999999996,0.1,0.0,0.15,0.0,3.541935443878174,50021,nan,0.9739137887954712,51360.80890883122,52000,53537.75513738094,53533.405806316834,50,52356.50868871869,nan,nan,nan,0.03313429653644562
27.41680514300242,landing,0,-0.01775495707988739,-2.1861045360565186,1.6845462322235107,0.012809617444872856,0.4236047565937042,-0.2551862597465515,9.730613391048252e-09,-2.1309290898362305,1.6813708572505548,0.3573391055661392,49977,-0.38152755762165924,-0.07076054930333328,0.012705536453298416,1.132313976995647,-1.7822762257609164e-09,0.2895657465973397,-0.28964666149224133,0.0,-0.5499999999999996,0.1,0.0,0.15,0.0,3.541935443878174,49977,nan,0.9818264842033386,50902.06956532825,52000,53527.75513738094,53523.405806316834,50,52356.50868871869,nan,nan,nan,0.03313429653644562
27.436519191018306,landing,0,-0.0175215695053339,-2.1796774864196777,1.6801948547363281,0.01566893607378006,0.42622995376586914,-0.2588503062725067,9.695026794494084e-09,-2.1221473489079035,1.6755875006996446,0.35402340577224506,49513,-0.46901304031015734,-0.07655476982989592,0.010945382160806538,1.1652870161924511,-1.8252036361218596e-09,0.29654014677784474,-0.29662301056644064,0.0,-0.5469999999999996,0.1,0.0,0.15,0.0,3.541935443878174,49513,nan,0.9733815789222717,50866.99920376632,52000,53517.75513738094,53513.405806316834,50,52356.50868871869,nan,nan,nan,0.03313429653644562
27.45636842600652,landing,0,-0.017402291297912598,-2.176422357559204,1.6779550313949585,0.02094549499452114,0.43788376450538635,-0.272140234708786,9.658215489786575e-09,-2.1131666301075387,1.6696051106752525,0.3525599627198934,49309,-0.5076263134592782,-0.08076517972391344,0.007862065629885784,1.0651939956005663,-1.8685709943075777e-09,0.3035860251156094,-0.3036708577714207,0.0,-0.5439999999999996,0.1,0.0,0.15,0.0,3.541935443878174,49309,nan,0.9655027985572815,51070.79966384436,52000,53507.75513738094,53503.405806316834,50,52356.50868871869,nan,nan,nan,0.03313429653644562
27.47636995400535,landing,0,-0.016882872208952904,-2.163235664367676,1.6689159870147705,0.02094549499452114,0.43788376450538635,-0.272140234708786,9.62046826448167e-09,-2.1040338526404954,1.6634706194936213,0.35263593156517054,49319,-0.5056218584387739,-0.08015064257370172,0.007271170390288351,1.066185999661684,-1.9120197671939293e-09,0.31064513086909784,-0.31073193608833166,0.0,-0.5409999999999996,0.1,0.0,0.15,0.0,3.541935443878174,49319,nan,0.9640390872955322,51158.71405002581,52000,53497.75513738094,53493.405806316834,50,52356.50868871869,nan,nan,nan,0.03313429653644562
27.49592520602164,landing,0,-0.01662001758813858,-2.156503677368164,1.6641098260879517,0.0223555788397789,0.4378470182418823,-0.2775411903858185,9.581698792734755e-09,-2.0947349911793394,1.657169997908144,0.3501294446543703,48969,-0.5717560777211013,-0.08775188273689082,0.00621743977080369,0.7095930050127208,-1.955640575292126e-09,0.3177321871186088,-0.31782097271162074,0.0,-0.5379999999999996,0.1,0.0,0.15,0.0,3.541935443878174,48969,nan,0.9497140645980835,51561.83510952168,52000,53487.75513738094,53483.405806316834,50,52356.50868871869,nan,nan,nan,0.03313429653644562
27.516988807998132,landing,0,-0.016280822455883026,-2.1496529579162598,1.6592597961425781,0.023824438452720642,0.44441255927085876,-0.2883788049221039,9.541872436339658e-09,-2.08526441806777,1.6506976166899552,0.3500528876009284,48958,-0.5737760527459539,-0.09109389634670359,0.004991965580693147,1.576292997924611,-1.9994598526241846e-09,0.32485148858973517,-0.32494226356697886,0.0,-0.5349999999999996,0.1,0.0,0.15,0.0,3.541935443878174,48958,nan,0.9492266774177551,51576.7215194412,52000,53477.75513738094,53473.405806316834,50,52356.50868871869,nan,nan,nan,0.03313429653644562
27.536912544019287,landing,0,-0.015728682279586792,-2.1391828060150146,1.6516635417938232,0.0247988048940897,0.4515611231327057,-0.2988646626472473,9.501250279232238e-09,-2.0756645515144343,1.6440959059008466,0.3529323804022693,49361,-0.497799989386035,-0.0893326291953761,0.0037732964129710833,0.8199299918487668,-2.043186818805438e-09,0.3319557923029856,-0.33204855247355775,0.0,-0.5319999999999996,0.1,0.0,0.15,0.0,3.5577712059020996,49361,nan,0.9446237683296204,52254.66651901543,52000,53467.75513738094,53463.405806316834,50,52534.20177438916,nan,nan,nan,0.03313429653644562
27.556507054017857,landing,0,-0.015354189090430737,-2.132002115249634,1.6464011669158936,0.02597576379776001,0.4628083109855652,-0.3161202371120453,9.459855651957905e-09,-2.065939182024251,1.637368657104938,0.3561782976978257,49815,-0.41215573356660506,-0.08903947579137025,0.0026574537623200722,0.9273230098187923,-2.086802951080093e-09,0.33904208887320814,-0.3391368292052772,0.0,-0.5289999999999996,0.1,0.0,0.15,0.0,3.5577712059020996,49815,nan,0.9497994184494019,52447.91587820262,52000,53457.75513738094,53453.405806316834,50,52534.20177438916,nan,nan,nan,0.03313429653644562
27.576374878000934,landing,0,-0.01481437124311924,-2.1210501194000244,1.6382341384887695,0.02597576379776001,0.4628083109855652,-0.3161202371120453,9.418644520416142e-09,-2.056243625016573,1.630671229122195,0.3546370282845544,49599,-0.4528224727030512,-0.091917785437277,0.0020601334260426096,0.8905539871193469,-2.129338449108422e-09,0.3459528152047588,-0.3460494866378002,0.0,-0.5259999999999996,0.1,0.0,0.15,0.0,3.5577712059020996,49599,nan,0.943128228187561,52589.879634199846,52000,53447.75513738094,53443.405806316834,50,52534.20177438916,nan,nan,nan,0.03313429653644562
27.596071261010366,landing,0,-0.01444375328719616,-2.113577127456665,1.6326181888580322,0.02706119418144226,0.4736127257347107,-0.3273676037788391,9.375264830805708e-09,-2.0461957431968827,1.6236213778754456,0.3549197073454211,49639,-0.4453639222844039,-0.09267818051876453,0.001029150681048474,0.7774709956720471,-2.1732129834675567e-09,0.353081094264246,-0.35317975759017434,0.0,-0.5229999999999996,0.1,0.0,0.15,0.0,3.5577712059020996,49639,nan,0.9405386447906494,52777.204078678704,52000,53438.814456598244,53434.52311661499,50,52534.20177438916,nan,nan,nan,0.03313429653644562
27.615985873999307,landing,0,-0.014019985683262348,-2.1059794425964355,1.6268439292907715,0.028104647994041443,0.4844103753566742,-0.33962482213974,9.332024545880765e-09,-2.036170510403898,1.61659418198434,0.35914254265317946,50229,-0.3339434656153184,-0.08849903846760719,-3.6008064552728314e-05,0.8774389862082899,-2.1758159446937414e-09,0.3535039963935174,-0.3536027778932344,0.0,-0.5199999999999996,0.1,0.0,0.15,0.0,3.5577712059020996,50229,nan,0.957161009311676,52477.06447645754,52000,53428.814456598244,53424.52311661499,50,52534.20177438916,nan,nan,nan,0.03313429653644562
27.636694890999934,landing,0,-0.01339376624673605,-2.0942623615264893,1.6178476810455322,0.02961188741028309,0.5069968700408936,-0.3606136441230774,9.287915006032442e-09,-2.026004050091164,1.6094257191095285,0.37146215852488745,51952,-0.008887637865766962,-0.07168315351947957,-0.0015206607405273687,1.201519015012309,-2.1758159446937414e-09,0.3535039963935174,-0.3536027778932344,0.0,-0.5169999999999996,0.1,0.0,0.15,0.0,3.5577712059020996,51952,nan,0.9465606808662415,54885.017992144276,52000,53438.814456598244,53434.52311661499,50,52534.20177438916,nan,nan,nan,0.03313429653644562
27.656068584008608,landing,0,-0.01301501039415598,-2.0862247943878174,1.6116390228271484,0.030136369168758392,0.5196539163589478,-0.37160342931747437,9.244747783720164e-09,-2.0159906877533187,1.6024103969905865,0.375809393228969,52560,0.10581512477490662,-0.06620881019303512,-0.0021853287380049213,0.811017001979053,-2.1758159446937414e-09,0.3535039963935173,-0.3536027778932344,0.0,-0.5139999999999996,0.1,0.0,0.15,0.0,3.5577712059020996,52560,nan,0.948825478553772,55394.80250900673,52000,53448.814456598244,53444.52311661499,50,52534.20177438916,nan,nan,nan,0.03313429653644562
27.676427310012514,landing,0,-0.012405899353325367,-2.073906183242798,1.602094054222107,0.030136369168758392,0.5196539163589478,-0.37160342931747437,9.201211560477642e-09,-2.005917373973426,1.5953351066770474,0.37882575947152985,52982,0.18540262457862333,-0.0633052229010638,-0.0028110872162232514,1.1376469919923693,-2.175815944693742e-09,0.3535039963935174,-0.35360277789323447,0.0,-0.5109999999999996,0.1,0.0,0.15,0.0,3.5577712059020996,52982,nan,0.9468185901641846,55957.92113757776,52000,53458.814456598244,53454.52311661499,50,52534.20177438916,nan,nan,nan,0.03313429653644562
27.696377874002792,landing,0,-0.012050219811499119,-2.0654850006103516,1.5954830646514893,0.030359629541635513,0.5327246189117432,-0.3831956386566162,9.15729246758897e-09,-1.9957818555064408,1.588197594294229,0.3838312854845644,53682,0.3174745510439152,-0.05744548887341867,-0.0032614250650990773,0.911790004465729,-2.175815944693742e-09,0.3535039963935174,-0.35360277789323447,0.0,-0.5079999999999996,0.1,0.0,0.15,0.0,3.5577712059020996,53682,nan,0.9503564834594727,56486.17222517137,52000,53468.814456598244,53464.52311661499,50,52534.20177438916,nan,nan,nan,0.03313429653644562
27.716326906025643,landing,0,-0.011677862145006657,-2.0569193363189697,1.588826060295105,0.029526013880968094,0.5567682385444641,-0.4026528000831604,9.113703380735135e-09,-1.9856999529955444,1.5811137128496915,0.392790427228745,54935,0.5538635152703151,-0.045421491356229846,-0.0031417688734118876,0.8710150141268969,-2.175815944693742e-09,0.3535039963935174,-0.35360277789323447,0.0,-0.5049999999999996,0.1,0.0,0.15,0.0,3.5577712059020996,54935,nan,0.965073823928833,56923.10643797033,52000,53478.814456598244,53474.52311661499,50,52534.20177438916,nan,nan,nan,0.03313429653644562
27.73654343999806,landing,0,-0.011112655512988567,-2.0437960624694824,1.5786164999008179,0.029526013880968094,0.5567682385444641,-0.4026528000831604,9.070778426861236e-09,-1.9757259519195634,1.57413776299154,0.3967699668260182,55492,0.6588645600532494,-0.04178777229733756,-0.0036800685427020863,1.294718007557094,-2.175815944693742e-09,0.3535039963935173,-0.35360277789323447,0.0,-0.5019999999999996,0.1,0.0,0.15,0.0,3.5366568565368652,55492,nan,0.9618445038795471,57693.31713824434,52000,53488.814456598244,53484.52311661499,50,52297.27766016187,nan,nan,nan,0.03313429653644562
27.756397055025445,landing,0,-0.01074706669896841,-2.0348644256591797,1.5716774463653564,0.027677355334162712,0.580575704574585,-0.41750234365463257,9.027385639867858e-09,-1.965675942173003,1.567085783223303,0.4038879765500413,56487,0.846674843009005,-0.03036236285959313,-0.003061846886980968,1.2204819940961897,-2.175815944693742e-09,0.35350399639351726,-0.35360277789323447,0.0,-0.49899999999999956,0.1,0.0,0.15,0.0,3.5366568565368652,56487,nan,0.9768664836883545,57824.68837166165,52000,53498.814456598244,53494.52311661499,50,52297.27766016187,nan,nan,nan,0.03313429653644562
27.77645090801525,landing,0,-0.010191697627305984,-2.0211644172668457,1.561213493347168,0.027677355334162712,0.580575704574585,-0.41750234365463257,8.983911061835878e-09,-1.955612643867231,1.5600205111825614,0.4080928006161392,57076,0.957620069027417,-0.026483437288597988,-0.0035746574359747374,0.9253289899788797,-2.175815944693742e-09,0.35350399639351726,-0.35360277789323447,0.0,-0.49599999999999955,0.1,0.0,0.15,0.0,3.5366568565368652,57076,nan,0.9957026839256287,57322.332179495395,52000,53508.814456598244,53504.52311661499,50,52297.27766016187,nan,nan,nan,0.03313429653644562
27.796015765023185,landing,0,-0.009841663762927055,-2.011899709701538,1.5541993379592896,0.026749523356556892,0.5923518538475037,-0.4197857677936554,8.940386755519109e-09,-1.9455412662257736,1.5529471575484828,0.40911008630837453,57218,0.9844613801681916,-0.02144784803879123,-0.0034544218858143516,0.8850650046952069,-2.175815944693742e-09,0.35350399639351726,-0.35360277789323447,0.0,-0.49299999999999955,0.1,0.0,0.15,0.0,3.5366568565368652,57218,nan,1.002030849456787,57102.034364529354,52000,53518.814456598244,53514.52311661499,50,52297.27766016187,nan,nan,nan,0.03313429653644562
27.816805107024265,landing,0,-0.009427354671061039,-2.002570390701294,1.5473459959030151,0.025949643924832344,0.6024107336997986,-0.41889989376068115,8.896423313008686e-09,-1.9353985422924591,1.5458024376858734,0.4082688374296055,57100,0.9622648398312794,-0.01736059695678043,-0.003475618317926754,1.3841509935446084,-2.175815944693742e-09,0.35350399639351726,-0.3536027778932345,0.0,-0.48999999999999955,0.1,0.0,0.15,0.0,3.5366568565368652,57100,nan,1.0117833614349365,56435.00592757262,52000,53528.814456598244,53524.52311661499,50,52297.27766016187,nan,nan,nan,0.03313429653644562
27.83661297999788,landing,0,-0.008942795917391777,-1.9883322715759277,1.5369784832000732,0.025267530232667923,0.6107203960418701,-0.4172276258468628,8.852993728672743e-09,-1.9253425540955227,1.5387444777966701,0.411527180644608,57556,1.0482369563221106,-0.0091189194716801,-0.003587582570521386,1.2171219859737903,-2.175815944693742e-09,0.35350399639351726,-0.3536027778932345,0.0,-0.48699999999999954,0.1,0.0,0.15,0.0,3.5366568565368652,57556,nan,1.0288009643554688,55944.737606324205,52000,53538.814456598244,53534.52311661499,50,52297.27766016187,nan,nan,nan,0.03313429653644562
27.856173835025402,landing,0,-0.008577755652368069,-1.9787819385528564,1.5302491188049316,0.025052350014448166,0.6171006560325623,-0.41075369715690613,8.809677915553967e-09,-1.915305050265355,1.5317050074394203,0.40789608717338854,57048,0.9524297407226516,-0.00654937028094601,-0.0038719876196107172,0.9558120218571275,-2.175815944693742e-09,0.35350399639351726,-0.3536027778932345,0.0,-0.48399999999999954,0.1,0.0,0.15,0.0,3.5366568565368652,57048,nan,1.035531759262085,55090.53632565759,52000,53548.814456598244,53544.52311661499,50,52297.27766016187,nan,nan,nan,0.03313429653644562
27.875565439026104,landing,0,-0.008036509156227112,-1.9642950296401978,1.5203748941421509,0.02508956380188465,0.6272230744361877,-0.3962462842464447,8.766523086684894e-09,-1.9052937014855555,1.5246916994411834,0.40421667696443325,56533,0.8553476771618254,0.0028284267166050563,-0.004461250886011792,0.6023560126777738,-2.175815944693742e-09,0.35350399639351726,-0.3536027778932345,0.0,-0.48099999999999954,0.1,0.0,0.15,0.0,3.5366568565368652,56533,nan,1.050281286239624,53826.53270192788,52000,53552.51736653597,53548.28324441916,50,52297.27766016187,nan,nan,nan,0.03313429653644562
27.896048216003692,landing,0,-0.007671733852475882,-1.954612374305725,1.51393461227417,0.024963414296507835,0.6293759346008301,-0.3864225745201111,8.722907246019922e-09,-1.8952074522930484,1.5176034701004184,0.39850006494120493,55734,0.7045135868391785,0.0035443865138297596,-0.004828088897411265,0.9744320122990757,-2.175815944693742e-09,0.3535039963935172,-0.3536027778932345,0.0,-0.47799999999999954,0.1,0.0,0.15,0.0,3.5366568565368652,55734,nan,1.0537452697753906,52891.340629106584,52000,53543.701676703575,53539.524009548324,50,52297.27766016187,nan,nan,nan,0.03313429653644562
27.916133293008897,landing,0,-0.007308891974389553,-1.9449055194854736,1.5075926780700684,0.024963414296507835,0.6293759346008301,-0.3864225745201111,8.679218099873173e-09,-1.885109293186548,1.5105033275176096,0.39755543572122903,55602,0.6795893330139577,0.003159097092524896,-0.005204638620495583,0.9241749939974397,-2.175815944693742e-09,0.35350399639351715,-0.3536027778932345,0.0,-0.47499999999999953,0.1,0.0,0.15,0.0,3.5366568565368652,55602,nan,1.0471179485321045,53100.03527104593,52000,53537.78612462814,53533.66415970163,50,52297.27766016187,nan,nan,nan,0.03313429653644562
27.936290399025893,landing,0,-0.006684189196676016,-1.9303942918777466,1.4985684156417847,0.02471413090825081,0.6320454478263855,-0.3677791655063629,8.635598895343274e-09,-1.875022497468174,1.5034145514982593,0.3906733739908918,54639,0.4980045907887014,0.009111657102819332,-0.0058083309330783095,1.0221200063824654,-2.175815944693742e-09,0.35350399639351715,-0.3536027778932345,0.0,-0.47199999999999953,0.1,0.0,0.15,0.0,3.5208210945129395,54639,nan,1.0421992540359497,52426.63510687494,52000,53527.78612462814,53523.66415970163,50,52119.5845744914,nan,nan,nan,0.03313429653644562
27.956392167019658,landing,0,-0.006284224335104227,-1.9206551313400269,1.492557406425476,0.02458176575601101,0.6292245984077454,-0.3575004041194916,8.591859167992989e-09,-1.864916120452601,1.496306188710004,0.3841613178322953,53729,0.32618252855660224,0.007415108532156672,-0.006254341517955675,1.0489829874131829,-2.175815944693742e-09,0.35350399639351715,-0.3536027778932345,0.0,-0.46899999999999953,0.1,0.0,0.15,0.0,3.5208210945129395,53729,nan,1.0472568273544312,51304.51155494457,52000,53517.78612462814,53513.66415970163,50,52119.5845744914,nan,nan,nan,0.03313429653644562
27.97689420901588,landing,0,-0.005871315952390432,-1.9108654260635376,1.4866186380386353,0.024738576263189316,0.6281724572181702,-0.3480178415775299,8.548084022762757e-09,-1.8548039891074233,1.489192069984181,0.37795261380426926,52860,0.16236448032372586,0.006638914661204942,-0.006877069453887774,1.341638999292627,-2.1758159446937422e-09,0.35350399639351715,-0.3536027778932346,0.0,-0.4659999999999995,0.1,0.0,0.15,0.0,3.5208210945129395,52860,nan,1.054158091545105,50144.28141657749,52000,53507.78612462814,53503.66415970163,50,52119.5845744914,nan,nan,nan,0.03313429653644562
27.996181940019596,landing,0,-0.005251894239336252,-1.8964366912841797,1.4780210256576538,0.024738576263189316,0.6281724572181702,-0.3480178415775299,8.50523564457851e-09,-1.844842429254876,1.4822285648259808,0.38001713727197045,53149,0.2168373950387963,0.011305278124948021,-0.007491717983746149,1.022023003315553,-2.1758159446937422e-09,0.3535039963935171,-0.3536027778932346,0.0,-0.4629999999999995,0.1,0.0,0.15,0.0,3.5208210945129395,53149,nan,1.0268210172653198,51760.72470891668,52000,53497.78612462814,53493.66415970163,50,52119.5845744914,nan,nan,nan,0.03313429653644562
28.017014815006405,landing,0,-0.0047992863692343235,-1.8868021965026855,1.472396969795227,0.025615306571125984,0.6209269762039185,-0.3386438488960266,8.461054585571439e-09,-1.8346643492513786,1.475048479013454,0.3733758076725502,52220,0.04160442407784082,0.007042704756846488,-0.008579514393920018,1.3848159869667143,-2.1758159446937422e-09,0.3535039963935171,-0.3536027778932346,0.0,-0.4599999999999995,0.1,0.0,0.15,0.0,3.5208210945129395,52220,nan,1.0128216743469238,51558.92821277932,52000,53487.78612462814,53483.66415970163,50,52119.5845744914,nan,nan,nan,0.03313429653644562
28.036392870999407,landing,0,-0.004152888897806406,-1.8724786043167114,1.46396803855896,0.025615306571125984,0.6209269762039185,-0.3386438488960266,8.417553788947659e-09,-1.8245967912208791,1.4679789460576675,0.3750970569605627,52461,0.0870199725742129,0.01154941490776843,-0.009229483166847352,0.969027983956039,-2.1758159446937422e-09,0.3535039963935171,-0.3536027778932346,0.0,-0.4569999999999995,0.1,0.0,0.15,0.0,3.5208210945129395,52461,nan,1.0189054012298584,51487.60614741813,52000,53477.78612462814,53473.66415970163,50,52119.5845744914,nan,nan,nan,0.03313429653644562
28.05707266301033,landing,0,-0.0036973427049815655,-1.8630083799362183,1.458489179611206,0.025953227654099464,0.6090988516807556,-0.3331327438354492,8.373396635728813e-09,-1.8144225951817836,1.4608027452948598,0.37020359006509046,51776,-0.04209524894220529,0.004550867944085312,-0.010026287757329166,1.2344180140644312,-2.1758159446937427e-09,0.35350399639351715,-0.35360277789323463,0.0,-0.4539999999999995,0.1,0.0,0.15,0.0,3.5208210945129395,51776,nan,1.0080548524856567,51362.28437602477,52000,53467.78612462814,53463.66415970163,50,52119.5845744914,nan,nan,nan,0.03313429653644562
28.07677545500337,landing,0,-0.002976856892928481,-1.8489707708358765,1.4502304792404175,0.025901515036821365,0.6039007902145386,-0.3312367796897888,8.33010821397303e-09,-1.8043895416160365,1.4537677264455915,0.3707945777593043,51859,-0.026501906086959792,0.00605998855220167,-0.010759688983517313,1.0830280079972,-2.1758159446937427e-09,0.3535039963935171,-0.35360277789323463,0.0,-0.4509999999999995,0.1,0.0,0.15,0.0,3.5208210945129395,51859,nan,1.0054320096969604,51578.82333150545,52000,53457.78612462814,53453.66415970163,50,52119.5845744914,nan,nan,nan,0.03313429653644562
28.09613759201602,landing,0,-0.002541313413530588,-1.8396135568618774,1.4446861743927002,0.02567211724817753,0.5975834131240845,-0.32915788888931274,8.287493026648854e-09,-1.7944658681946273,1.446842118305336,0.36802620453059814,51472,-0.09954605460163357,0.0020565269070191468,-0.011189369352126999,0.8910619944799691,-2.1758159446937427e-09,0.3535039963935171,-0.35360277789323463,0.0,-0.4479999999999995,0.1,0.0,0.15,0.0,3.5208210945129395,51472,nan,1.008476972579956,51039.34090663542,52000,53447.78612462814,53443.66415970163,50,52119.5845744914,nan,nan,nan,0.03313429653644562
28.116903176007327,landing,0,-0.0018375467043370008,-1.825742244720459,1.4364546537399292,0.02567211724817753,0.5975834131240845,-0.32915788888931274,8.243887610285999e-09,-1.7843813126345553,1.4397555830702669,0.36947009716924617,51674,-0.061448623502741384,0.006148497244740307,-0.011907610134081592,1.1058269883506,-2.1758159446937427e-09,0.3535039963935171,-0.35360277789323463,0.0,-0.4449999999999995,0.1,0.0,0.15,0.0,3.5208210945129395,51674,nan,1.0027177333831787,51533.94447872329,52000,53437.78612462814,53433.66415970163,50,52119.5845744914,nan,nan,nan,0.03313429653644562
28.136582388018724,landing,0,-0.001360289752483368,-1.816607117652893,1.4309651851654053,0.02480635792016983,0.5850954651832581,-0.3288642466068268,8.200345351324615e-09,-1.7743070182336946,1.4326793118617394,0.367335361830286,51375,-0.11777409418770723,-0.0016382571663775517,-0.012025140389918976,1.2191589921712875,-2.1758159446937427e-09,0.35350399639351704,-0.35360277789323463,0.0,-0.4419999999999995,0.1,0.0,0.15,0.0,3.541935443878174,51375,nan,1.0031415224075317,51214.109726711744,52000,53427.78612462814,53423.66415970163,50,52356.50868871869,nan,nan,nan,0.03313429653644562
28.15612033099751,landing,0,-0.0009018624550662935,-1.8074860572814941,1.4254556894302368,0.024171290919184685,0.5801389813423157,-0.33157211542129517,8.15684613211608e-09,-1.764239716485256,1.4256100352596277,0.3667452571976905,51293,-0.13334413726410332,-0.005376199078898059,-0.01219817087738595,0.8434709743596613,-2.175815944693743e-09,0.3535039963935171,-0.35360277789323474,0.0,-0.4389999999999995,0.1,0.0,0.15,0.0,3.541935443878174,51293,nan,0.9815921187400818,52254.90203185097,52000,53417.78612462814,53413.66415970163,50,52356.50868871869,nan,nan,nan,0.03313429653644562
28.197805351024726,landing,1,-0.0002242768823634833,-1.7939205169677734,1.4171206951141357,0.024171290919184685,0.5801389813423157,-0.33157211542129517,8.113758623036338e-09,-1.7542393051262541,1.41860766773849,0.3667452571976905,51293,-0.13334413726410332,-0.005376199078898059,-0.01219817087738595,22.77037699241191,-2.175815944693743e-09,0.3535039963935171,-0.35360277789323474,0.0,-0.4359999999999995,0.1,0.0,0.15,0.0,3.541935443878174,51293,nan,0.9944821000099182,51577.60003874222,52000,53407.78612462814,53403.66415970163,50,52356.50868871869,-0.3213758175601832,2.5220719779156092e-12,2.0768753931895158e-11,0.03313429653644562
28.209537298011128,landing,1,-0.0002242768823634833,-1.7939205169677734,1.4171206951141357,0.02329098992049694,0.5731937289237976,-0.3322249948978424,8.06289934095062e-09,-1.7429762167364238,1.410342270349973,0.3665669846950312,51268,-0.13804789722873068,-0.009650394698874683,-0.01224881624126863,11.251857009483501,-2.175815944693743e-09,0.3535039963935171,-0.35360277789323474,0.0,-0.4329999999999995,0.1,0.0,0.15,0.0,3.541935443878174,51268,nan,0.9866626858711243,51961.0204522283,52000,53397.78612462814,53393.66415970163,50,52356.50868871869,-0.3214945358491138,7.064232789903307e-13,4.492088624510085e-12,0.03313429653644562
28.214957445015898,landing,1,0.0006344367866404355,-1.7760729789733887,1.405867338180542,0.02205049991607666,0.5694154500961304,-0.33330222964286804,8.02681760449732e-09,-1.7341140306153202,1.4044784461270585,0.36638871219237196,51243,-0.1427516571933527,-0.013924590318851307,-0.012299461605151309,0.07148200529627502,-2.175815944693743e-09,0.35350399639351704,-0.35360277789323474,0.0,-0.4299999999999995,0.1,0.0,0.15,0.0,3.541935443878174,51243,nan,0.9866626858711243,51935.68251216227,52000,53387.78612462814,53383.66415970163,50,52356.50868871869,-0.3214945358491138,7.064232789903307e-13,4.492088624510085e-12,0.03313429653644562
28.25927688801312,landing,1,0.0012474027462303638,-1.7628575563430786,1.3973177671432495,0.01940564252436161,0.5489063858985901,-0.3336966931819916,7.983133467134745e-09,-1.7240166852840968,1.3973791175469241,0.36623995529646913,51222,-0.14667664125411406,-0.018152863124616742,-0.012231339014408421,24.018891010200605,-2.1758159446937435e-09,0.35350399639351704,-0.3536027778932348,0.0,-0.4269999999999995,0.1,0.0,0.15,0.0,3.541935443878174,51222,nan,0.9792622923851013,52306.72149669234,52000,53377.78612462814,53373.66415970163,50,52356.50868871869,-0.3111108571309216,6.863767468366283e-13,5.6061498194922585e-12,0.03313429653644562
28.26020889900974,landing,1,0.0012474027462303638,-1.7628575563430786,1.3973177671432495,0.01940564252436161,0.5489063858985901,-0.3336966931819916,7.928431293686721e-09,-1.7121292437831523,1.3884891925809864,0.3660715213293953,51198,-0.1511208092507843,-0.022411751139856308,-0.01224239506008258,0.07757599814794958,-2.1758159446937435e-09,0.35350399639351704,-0.3536027778932348,0.0,-0.4239999999999995,0.1,0.0,0.15,0.0,3.541935443878174,51198,nan,0.9792622923851013,52282.21325187721,52000,53367.78612462814,53363.66415970163,50,52356.50868871869,-0.3111108571309216,6.863767468366283e-13,5.6061498194922585e-12,0.03313429653644562
28.290409592009382,landing,1,0.002251676982268691,-1.7409361600875854,1.3827791213989258,0.0181999821215868,0.546076238155365,-0.337754487991333,7.896069769573447e-09,-1.7038714791586551,1.383229958751388,0.3659518382563077,51182,-0.15427867397605155,-0.026540529108048085,-0.01222922615262568,15.380994009319693,-2.1758159446937435e-09,0.35350399639351704,-0.3536027778932348,0.0,-0.4209999999999995,0.1,0.0,0.15,0.0,3.541935443878174,51182,nan,0.9856550097465515,51926.890741579846,52000,53357.78612462814,53353.66415970163,50,52356.50868871869,-0.300820430959674,0.0,4.66937857450937e-11,0.03313429653644562
28.294973492011195,landing,1,0.002623174572363496,-1.732226848602295,1.376859188079834,0.017308617010712624,0.5364111065864563,-0.33957743644714355,7.852691108013817e-09,-1.6938237643659915,1.376180274578339,0.3657931544680312,51160,-0.15846558131844013,-0.030773395113878093,-0.012235437207673627,0.06414600647985935,-2.1758159446937435e-09,0.353503996393517,-0.3536027778932348,0.0,-0.4179999999999995,0.1,0.0,0.15,0.0,3.541935443878174,51160,nan,0.9856550097465515,51904.570558775056,52000,53347.78612462814,53343.66415970163,50,52356.50868871869,-0.300820430959674,0.0,4.66937857450937e-11,0.03313429653644562
28.33005206802045,landing,1,0.0029583261348307133,-1.7235466241836548,1.3709067106246948,0.016154715791344643,0.5326245427131653,-0.3495023846626282,7.809113879320525e-09,-1.683743788445969,1.3690983202630322,0.3657391390673044,51152,-0.15989078978088855,-0.035086001118253975,-0.012087344312023672,15.074935014126822,-2.1758159446937435e-09,0.35350399639351693,-0.3536027778932348,0.0,-0.4149999999999995,0.1,0.0,0.15,0.0,3.541935443878174,51152,nan,0.9886510372161865,51739.18609748516,52000,53337.78612462814,53333.66415970163,50,52356.50868871869,-0.2850392945028751,0.0,6.574009606147862e-11,0.03313429653644562
28.33491069401498,landing,1,0.003485007444396615,-1.7104859352111816,1.3618227243423462,0.016154715791344643,0.5326245427131653,-0.3495023846626282,7.765774027811856e-09,-1.6737023791076562,1.3620549433063005,0.3655954079058207,51132,-0.16368316871185584,-0.039330258552447664,-0.012071511945543347,0.0636870099697262,-2.1758159446937435e-09,0.35350399639351693,-0.3536027778932348,0.0,-0.4119999999999995,0.1,0.0,0.15,0.0,3.541935443878174,51132,nan,0.9886510372161865,51718.95651268007,52000,53327.78612462814,53323.66415970163,50,52356.50868871869,-0.2850392945028751,0.0,6.574009606147862e-11,0.03313429653644562
28.372665959002916,landing,1,0.00379431014880538,-1.7017676830291748,1.3556935787200928,0.015393056906759739,0.5300100445747375,-0.35690075159072876,7.721948610338707e-09,-1.663582080050121,1.354932654585773,0.3655671303155068,51128,-0.1644292792742288,-0.04334934989319311,-0.012051720178999442,17.634254996664822,-2.1758159446937435e-09,0.35350399639351693,-0.3536027778932348,0.0,-0.4089999999999995,0.1,0.0,0.15,0.0,3.541935443878174,51128,nan,0.9795277118682861,52196.583496838335,52000,53317.78612462814,53313.66415970163,50,52356.50868871869,-0.2715003239757698,0.0,5.923648001665193e-11,0.03313429653644562
28.37549084200873,landing,1,0.004140560049563646,-1.6930713653564453,1.3495187759399414,0.015393056906759739,0.5300100445747375,-0.35690075159072876,7.678478540573434e-09,-1.6535195142007415,1.347868115206098,0.3654362273285975,51110,-0.1678831839420205,-0.047568588872559235,-0.012035447879178719,0.16227402375079691,-2.175815944693744e-09,0.353503996393517,-0.35360277789323485,0.0,-0.4059999999999995,0.1,0.0,0.15,0.0,3.541935443878174,51110,nan,0.9795277118682861,52178.207293917374,52000,53307.78612462814,53303.66415970163,50,52356.50868871869,-0.2715003239757698,0.0,5.923648001665193e-11,0.03313429653644562
28.411983815021813,landing,1,0.004558547865599394,-1.6798855066299438,1.3401281833648682,0.014782062731683254,0.5338200330734253,-0.36867618560791016,7.634599289039807e-09,-1.6433904687436927,1.3407370776420038,0.365487952320836,51117,-0.16651840842121501,-0.05157287855284326,-0.012027406509252773,16.757637000409886,-2.175815944693744e-09,0.35350399639351693,-0.35360277789323485,0.0,-0.40299999999999947,0.1,0.0,0.15,0.0,3.541935443878174,51117,nan,0.9853624701499939,51876.34149717399,52000,53297.78612462814,53293.66415970163,50,52356.50868871869,-0.2539778505626923,0.0,7.433788929963036e-11,0.03313429653644562
28.415643640008057,landing,1,0.0049681225791573524,-1.6666314601898193,1.330487608909607,0.014782062731683254,0.5338200330734253,-0.36867618560791016,7.591679459200815e-09,-1.6334173001677315,1.3337619605165023,0.36537365187748555,51101,-0.1695342512536815,-0.055772576686838285,-0.01201188247578612,0.05723201320506632,-2.175815944693744e-09,0.35350399639351693,-0.35360277789323485,0.0,-0.39999999999999947,0.1,0.0,0.15,0.0,3.541935443878174,51101,nan,0.9853624701499939,51860.10381765535,52000,53287.78612462814,53283.66415970163,50,52356.50868871869,-0.2539778505626923,0.0,7.433788929963036e-11,0.03313429653644562
28.451227732002735,landing,1,0.005235810298472643,-1.657765507698059,1.3239517211914062,0.01415300089865923,0.5402653217315674,-0.3790351152420044,7.548001198675735e-09,-1.6233209096440806,1.3266635870107475,0.3654634987113351,51113,-0.1671636223922146,-0.05980506923097266,-0.01198715062115255,16.265237994957715,-2.175815944693744e-09,0.35350399639351693,-0.35360277789323485,0.0,-0.39699999999999946,0.1,0.0,0.15,0.0,3.541935443878174,51113,nan,0.9796985387802124,52172.171312656,52000,53277.78612462814,53273.66415970163,50,52356.50868871869,-0.23740409150444897,0.0,7.113486275566501e-11,0.03313429653644562
28.454942042997573,landing,1,0.005463781300932169,-1.6488369703292847,1.3173584938049316,0.01415300089865923,0.5402653217315674,-0.3790351152420044,7.504572247522252e-09,-1.6132650243200597,1.319605730023206,0.36536490190469234,51100,-0.16976512124822385,-0.06399190539651686,-0.011970918293749981,0.05169800715520978,-2.175815944693744e-09,0.3535039963935169,-0.35360277789323485,0.0,-0.39399999999999946,0.1,0.0,0.15,0.0,3.541935443878174,51100,nan,0.9796985387802124,52158.901924690814,52000,53267.78612462814,53263.66415970163,50,52356.50868871869,-0.23740409150444897,0.0,7.113486275566501e-11,0.03313429653644562
28.49988093500724,landing,1,0.005652261897921562,-1.6398262977600098,1.3106684684753418,0.012784591875970364,0.550446093082428,-0.3941657841205597,7.46036165621152e-09,-1.603082146214318,1.3124208447676757,0.3655419868198049,51124,-0.16509269604736687,-0.06803513174325675,-0.011719683877894866,24.52465597889386,-2.175815944693744e-09,0.3535039963935168,-0.35360277789323485,0.0,-0.39099999999999946,0.1,0.0,0.15,0.0,3.541935443878174,51124,nan,0.9680387377738953,52811.936139626916,52000,53261.708124828125,53257.64111943397,50,52356.50868871869,-0.21800696068613543,0.0,8.006742038938758e-11,0.03313429653644562
28.50064422900323,landing,1,0.005652261897921562,-1.6398262977600098,1.3106684684753418,0.01140865869820118,0.5567547082901001,-0.4010440409183502,7.405165446376765e-09,-1.5911144388078409,1.3034506314670768,0.3654617687946125,51113,-0.16720926663291635,-0.07221239392088066,-0.01168778474459546,0.0587550166528672,-2.175815944693744e-09,0.3535039963935168,-0.35360277789323485,0.0,-0.38799999999999946,0.1,0.0,0.15,0.0,3.541935443878174,51113,nan,0.9680387377738953,52800.57295799919,52000,53255.559655937075,53251.5468772815,50,52356.50868871869,-0.21800696068613543,0.0,8.006742038938758e-11,0.03313429653644562
28.536871273012366,landing,1,0.00607591588050127,-1.6123546361923218,1.2901142835617065,0.01140865869820118,0.5567547082901001,-0.4010440409183502,7.3732502669471974e-09,-1.5829291916358628,1.2982639353539347,0.3656323009738241,51137,-0.1627097368384156,-0.07635158001145834,-0.011392115210621449,21.508308011107147,-2.175815944693744e-09,0.3535039963935168,-0.35360277789323485,0.0,-0.38499999999999945,0.1,0.0,0.15,0.0,3.541935443878174,51137,nan,0.968511164188385,52799.59786819076,52000,53249.480165433786,53245.52089049362,50,52356.50868871869,-0.20243966567425042,0.0,6.983694292709748e-11,0.03313429653644562
28.537688647018513,landing,1,0.00607591588050127,-1.6123546361923218,1.2901142835617065,0.009831616654992104,0.5552356839179993,-0.40404579043388367,7.324696753582841e-09,-1.5720407206210671,1.2903732600217759,0.3655668329606555,51128,-0.1644371250486678,-0.080526602419256,-0.011344700171400006,0.07801898755133152,-2.1758159446937443e-09,0.3535039963935169,-0.3536027778932349,0.0,-0.38199999999999945,0.1,0.0,0.15,0.0,3.541935443878174,51128,nan,0.968511164188385,52790.30525460737,52000,53243.35783328943,53239.4513486818,50,52356.50868871869,-0.20243966567425042,0.0,6.983694292709748e-11,0.03313429653644562
28.575950345024467,landing,1,0.006140315905213356,-1.593504786491394,1.275934100151062,0.007821252569556236,0.5638468861579895,-0.4120740592479706,7.286389559931332e-09,-1.5628169653078232,1.2841477655715205,0.3657935844765891,51160,-0.1584542354461984,-0.08472592088409535,-0.01027083481700074,20.290210988605395,-2.1758159446937443e-09,0.3535039963935168,-0.3536027778932349,0.0,-0.37899999999999945,0.1,0.0,0.15,0.0,3.541935443878174,51160,nan,0.9659312963485718,52964.429451034266,52000,53239.6387881927,53235.78439004651,50,52356.50868871869,-0.18620750185798807,0.0,6.87312838273282e-11,0.03313429653644562
28.576758282026276,landing,1,0.006140315905213356,-1.593504786491394,1.275934100151062,0.00550812529399991,0.5707467794418335,-0.41931360960006714,7.2395560160150006e-09,-1.552207937080932,1.2765366111134488,0.3657434964386364,51153,-0.15977581956104636,-0.08890222203173731,-0.010169396076980464,0.05900597898289561,-2.1758159446937443e-09,0.3535039963935168,-0.3536027778932349,0.0,-0.37599999999999945,0.1,0.0,0.15,0.0,3.541935443878174,51153,nan,0.9659312963485718,52957.1825588107,52000,53235.87270513427,53232.069698963365,50,52356.50868871869,-0.18620750185798807,0.0,6.87312838273282e-11,0.03313429653644562
28.6101836610178,landing,1,0.006034231744706631,-1.5693241357803345,1.2577133178710938,0.0002772109874058515,0.5912843346595764,-0.4348158836364746,7.19939627182887e-09,-1.5426831985806189,1.2700100493707935,0.3662571706704698,51224,-0.14622240975013767,-0.09231936932927848,-0.007625983626692476,14.969764975830913,-2.1758159446937443e-09,0.3535039963935168,-0.3536027778932349,0.0,-0.37299999999999944,0.1,0.0,0.15,0.0,3.541935443878174,51224,nan,0.9718853831291199,52705.80347147235,52000,53228.805115352116,53225.052815930154,50,52356.50868871869,-0.15787418009464613,0.0,1.1628313269253298e-10,0.03313429653644562
28.61512286501238,landing,1,0.005921023432165384,-1.5593210458755493,1.2502079010009766,-0.0022985367104411125,0.6032668352127075,-0.44193965196609497,7.156360925737306e-09,-1.5326912621226443,1.2630161591188698,0.36623392845488784,51221,-0.14683566082090316,-0.09645952029358232,-0.007408260424278501,0.10317499982193112,-2.1758159446937447e-09,0.3535039963935168,-0.35360277789323497,0.0,-0.36999999999999944,0.1,0.0,0.15,0.0,3.541935443878174,51221,nan,0.9718853831291199,52702.71668773007,52000,53221.79060298382,53218.08833422082,50,52356.50868871869,-0.15787418009464613,0.0,1.1628313269253298e-10,0.03313429653644562
28.655121349002002,landing,1,0.0055901664309203625,-1.5441455841064453,1.238905906677246,-0.0022985367104411125,0.6032668352127075,-0.44193965196609497,7.112637993521668e-09,-1.5225876138062668,1.2559105257923049,0.3665371910753923,51264,-0.1388340085648494,-0.10099668384224603,-0.0061514757332986215,20.016427006339654,-2.1758159446937447e-09,0.35350399639351676,-0.35360277789323497,0.0,-0.36699999999999944,0.1,0.0,0.15,0.0,3.541935443878174,51264,nan,0.9762639403343201,52510.389744032465,52000,53212.305258197805,53208.65235301831,50,52356.50868871869,-0.14289173952627024,0.0,6.666962263215203e-11,0.03313429653644562
28.65573727301671,landing,1,0.0055901664309203625,-1.5441455841064453,1.238905906677246,-0.004996403586119413,0.6152178645133972,-0.4499844014644623,7.067997504503343e-09,-1.512334890382016,1.248655775701017,0.36652814472224887,51262,-0.13907269862140303,-0.10515409622326116,-0.0058885759444252585,0.05131799844093621,-2.1758159446937447e-09,0.35350399639351676,-0.35360277789323497,0.0,-0.36399999999999944,0.1,0.0,0.15,0.0,3.541935443878174,51262,nan,0.9762639403343201,52508.34111771598,52000,53202.91906965805,53199.314869880945,50,52356.50868871869,-0.14289173952627024,0.0,6.666962263215203e-11,0.03313429653644562
28.69711884201388,landing,1,0.004921759013086557,-1.5179184675216675,1.2195168733596802,-0.007545549422502518,0.6289091110229492,-0.45685243606567383,7.025785824432054e-09,-1.5024767746318872,1.2417957435511702,0.36704113184358855,51334,-0.12553741837497334,-0.10891490841465469,-0.0034156343866235997,22.000440978445113,-2.1758159446937447e-09,0.35350399639351676,-0.35360277789323497,0.0,-0.36099999999999943,0.1,0.0,0.15,0.0,3.541935443878174,51334,nan,0.9711871147155762,52856.96157020553,52000,53198.30630299869,53194.75015921861,50,52356.50868871869,-0.12085338704149579,0.0,9.338922064070303e-11,0.03313429653644562
28.698323563003214,landing,1,0.004921759013086557,-1.5179184675216675,1.2195168733596802,-0.01040574349462986,0.6429274082183838,-0.4659268856048584,6.9759522437241025e-09,-1.4913803315582799,1.2336970380454624,0.36705296682942445,51336,-0.12522514961940878,-0.11305645678808496,-0.003064332926993106,0.13173097977414727,-2.1758159446937447e-09,0.3535039963935167,-0.35360277789323497,0.0,-0.35799999999999943,0.1,0.0,0.15,0.0,3.541935443878174,51336,nan,0.9711871147155762,52859.02090560002,52000,53193.78249770004,53190.27376917036,50,52356.50868871869,-0.12085338704149579,0.0,9.338922064070303e-11,0.03313429653644562
28.734320497023873,landing,1,0.003907827194780111,-1.4905725717544556,1.1995201110839844,-0.01625954546034336,0.6750566363334656,-0.4822513163089752,6.937093193596475e-09,-1.4820669163313749,1.2273818586274001,0.36787027325562566,51450,-0.10366033626317694,-0.11697049062556962,0.0011943002515956268,18.541849014582112,-2.175815944693745e-09,0.35350399639351676,-0.353602777893235,0.0,-0.3549999999999994,0.1,0.0,0.15,0.0,3.541935443878174,51450,nan,0.9560214877128601,53816.78200882964,52000,53202.08915784844,53198.62721236582,50,52356.50868871869,-0.08936813578124739,0.0,1.2869034391877315e-10,0.03313429653644562
28.735963042010553,landing,1,0.003604436991736293,-1.4849269390106201,1.1954420804977417,-0.01625954546034336,0.6750566363334656,-0.4822513163089752,6.894511022061017e-09,-1.4721486069727137,1.2204616160488013,0.3679119405170307,51456,-0.10256093622610507,-0.1211036125347056,0.0016903177008171658,0.04936102777719498,-2.175815944693745e-09,0.35350399639351676,-0.353602777893235,0.0,-0.3519999999999994,0.1,0.0,0.15,0.0,3.541935443878174,51456,nan,0.9560214877128601,53823.058018393356,52000,53210.3687426557,53206.952956446185,50,52356.50868871869,-0.08936813578124739,0.0,1.2869034391877315e-10,0.03313429653644562
28.772417777014198,landing,1,0.0027800933457911015,-1.4677551984786987,1.1830695867538452,-0.018895747140049934,0.6919782161712646,-0.4915425181388855,6.8515703588156925e-09,-1.4621720536010785,1.2134831131817942,0.36838735645319776,51522,-0.090016980126709,-0.12536658312865834,0.0037710271544217156,17.309323011431843,-2.175815944693745e-09,0.35350399639351676,-0.353602777893235,0.0,-0.3489999999999994,0.1,0.0,0.15,0.0,3.541935443878174,51522,nan,0.9479310512542725,54352.05433119604,52000,53220.3687426557,53216.952956446185,50,52356.50868871869,-0.07358254121252755,0.0,6.78260355310536e-11,0.03313429653644562
28.786050780006917,landing,1,0.002485869685187936,-1.4618383646011353,1.1788530349731445,-0.021925421431660652,0.7089812755584717,-0.4992749094963074,6.785869070222962e-09,-1.4484975900085235,1.2028056667671692,0.3684439805654566,51530,-0.08852294022542218,-0.1295041825786501,0.004321689155518532,0.1076339976862073,-2.175815944693745e-09,0.3535039963935167,-0.353602777893235,0.0,-0.3459999999999994,0.1,0.0,0.15,0.0,3.541935443878174,51530,nan,0.9479310512542725,54360.49376356765,52000,53230.3687426557,53226.952956446185,50,52356.50868871869,-0.07358254121252755,0.0,6.78260355310536e-11,0.03313429653644562
28.80980198600446,landing,1,0.0010938604827970266,-1.4378812313079834,1.1618784666061401,-0.02709701843559742,0.741811990737915,-0.5109056234359741,6.764733257239577e-09,-1.4420636624399377,1.19937077963796,0.3692866512916028,51648,-0.06628888412657652,-0.13333900565311038,0.009368339591105609,14.858187001664191,-2.175815944693745e-09,0.35350399639351665,-0.353602777893235,0.0,-0.3429999999999994,0.1,0.0,0.15,0.0,3.541935443878174,51648,nan,0.9660043120384216,53465.59984915033,52000,53233.50515740897,53230.13491501558,50,52356.50868871869,-0.046821229989875,0.0,1.1084638922855299e-10,0.03313429653644562
28.815023703005863,landing,1,-0.00010561165981926024,-1.419194221496582,1.1489479541778564,-0.030452117323875427,0.7566004991531372,-0.5157184600830078,6.721399880985669e-09,-1.4320233051338251,1.1923284550074031,0.3693686317462451,51660,-0.06412581144472185,-0.13746683812324628,0.010064033477185983,0.05877201328985393,-2.175815944693745e-09,0.35350399639351665,-0.353602777893235,0.0,-0.3399999999999994,0.1,0.0,0.15,0.0,3.541935443878174,51660,nan,0.9660043120384216,53478.02215394799,52000,53236.76538402949,53233.44007820135,50,52356.50868871869,-0.046821229989875,0.0,1.1084638922855299e-10,0.03313429653644562
28.85087972600013,landing,1,-0.0009694857872091234,-1.4065498113632202,1.1402161121368408,-0.03392697498202324,0.776129961013794,-0.5245497226715088,6.677402293355997e-09,-1.4218750336558568,1.1851781860499604,0.37013847432653657,51767,-0.04381334230774314,-0.14148815943779205,0.015021216822361195,15.701909986091778,-2.175815944693745e-09,0.35350399639351665,-0.353602777893235,0.0,-0.3369999999999994,0.1,0.0,0.15,0.0,3.541935443878174,51767,nan,0.9712591767311096,53298.85291197774,52000,53237.59321773546,53234.31224931836,50,52356.50868871869,-0.024821961559422647,0.0,9.35644954019862e-11,0.03313429653644562
28.85490869000205,landing,1,-0.0019054771400988102,-1.3935917615890503,1.1313828229904175,-0.03392697498202324,0.776129961013794,-0.5245497226715088,6.634365720097428e-09,-1.4118828978205218,1.1781840963649628,0.37024129908801684,51782,-0.04110028791512477,-0.14561276429715247,0.015846046752656565,0.06190399290062487,-2.1758159446937455e-09,0.35350399639351665,-0.35360277789323513,0.0,-0.3339999999999994,0.1,0.0,0.15,0.0,3.541935443878174,51782,nan,0.9712591767311096,53314.29678150233,52000,53238.61593191903,53235.378709747485,50,52356.50868871869,-0.024821961559422647,0.0,9.35644954019862e-11,0.03313429653644562
28.890990721003618,landing,1,-0.003200617153197527,-1.3735836744308472,1.1179696321487427,-0.03960969299077988,0.8154687285423279,-0.5401771068572998,6.590663645288138e-09,-1.4017826381990917,1.1710818526802664,0.37113991756826525,51907,-0.01739003777664294,-0.14773944334912037,0.020647046378399543,16.041894006775692,-2.1758159446937455e-09,0.35350399639351665,-0.35360277789323513,0.0,-0.3309999999999994,0.1,0.0,0.15,0.0,3.541935443878174,51907,nan,0.9765185117721558,53155.16231822454,52000,53237.503217069774,53234.309157860516,50,52356.50868871869,-0.0008251664212939223,0.0,1.011155841042202e-10,0.03313429653644562
28.895097664004425,landing,1,-0.00424196757376194,-1.3599528074264526,1.1088776588439941,-0.04144766926765442,0.8371214270591736,-0.5467527508735657,6.5469541248382495e-09,-1.39168116888724,1.1639783989671182,0.3712654792931388,51925,-0.014077063505574472,-0.15180696461398388,0.021585481157136273,0.07654901128262281,-2.1758159446937455e-09,0.35350399639351665,-0.35360277789323513,0.0,-0.3279999999999994,0.1,0.0,0.15,0.0,3.541935443878174,51925,nan,0.9765185117721558,53173.59514851194,52000,53236.65110948901,53233.49963773587,50,52356.50868871869,-0.0008251664212939223,0.0,1.011155841042202e-10,0.03313429653644562
28.93293797899969,landing,1,-0.005920550785958767,-1.3389341831207275,1.0951261520385742,-0.044380106031894684,0.8589965105056763,-0.5533538460731506,6.502263048093958e-09,-1.3814202264942197,1.1567154276103908,0.3721670816737704,52051,0.009711917513728352,-0.1172614821722478,0.02645457717084939,16.958569001872092,-2.1758159446937455e-09,0.35350399639351665,-0.35360277789323513,0.0,-0.3249999999999994,0.1,0.0,0.15,0.0,3.5366568565368652,52051,nan,0.9725730419158936,53518.85951667297,52000,53240.41388825146,53237.304436121696,50,52297.27766016187,0.02131105709031101,0.0,9.45232333383586e-11,0.03313429653644562
28.93526032101363,landing,1,-0.006427236832678318,-1.3318254947662354,1.0905102491378784,-0.044380106031894684,0.8589965105056763,-0.5533538460731506,6.4602000567289634e-09,-1.3715862681421567,1.1498795596090399,0.3723136174704212,52071,0.013578297372589532,-0.12028540874233833,0.027499246037017908,0.049627997213974595,-2.175815944693746e-09,0.35350399639351665,-0.3536027778932352,0.0,-0.3219999999999994,0.1,0.0,0.15,0.0,3.5366568565368652,52071,nan,0.9725730419158936,53539.42352486366,52000,53244.4006834063,53241.33269063826,50,52297.27766016187,0.02131105709031101,0.0,9.45232333383586e-11,0.03313429653644562
28.979740337003022,landing,1,-0.008104803040623665,-1.309996247291565,1.0766010284423828,-0.04746250808238983,0.903509795665741,-0.56532883644104,6.416145434424652e-09,-1.361428730262098,1.1427200216601465,0.3731652509883064,52191,0.036048838741592704,-0.08525109598750769,0.03142027798791815,24.485386005835608,-2.175815944693746e-09,0.3535039963935166,-0.3536027778932352,0.0,-0.3189999999999994,0.1,0.0,0.15,0.0,3.5366568565368652,52191,nan,0.9757936000823975,53485.69615090006,52000,53247.61795630622,53244.59087010842,50,52297.27766016187,0.04039224838276355,0.0,8.069264513725799e-11,0.03313429653644562
28.98077485599788,landing,1,-0.008104803040623665,-1.309996247291565,1.0766010284423828,-0.04801226779818535,0.9290647506713867,-0.5725966691970825,6.361109949968723e-09,-1.3494871358473357,1.1337759286481544,0.3733298662137068,52214,0.040392248382763896,-0.08729917026721562,0.03253869975369519,0.07951899897307158,-2.175815944693746e-09,0.3535039963935166,-0.3536027778932352,0.0,-0.3159999999999994,0.1,0.0,0.15,0.0,3.5366568565368652,52214,nan,0.9757936000823975,53509.266709262054,52000,53251.10660634563,53248.119881297134,50,52297.27766016187,0.04039224838276355,0.0,8.069264513725799e-11,0.03313429653644562
29.011017099022865,landing,1,-0.01103589590638876,-1.272191047668457,1.0528331995010376,-0.04801226779818535,0.9290647506713867,-0.5725966691970825,6.329139552646668e-09,-1.3412929174451786,1.128580258797955,0.3739892884669562,52306,0.057791252426284245,-0.05488129067345539,0.034385165750243495,15.826210990780964,-2.175815944693746e-09,0.3535039963935166,-0.3536027778932352,0.0,-0.3129999999999994,0.1,0.0,0.15,0.0,3.5366568565368652,52306,nan,0.9773962497711182,53515.654487367596,52000,53254.633911425924,53251.687009378074,50,52297.27766016187,0.05779125242628367,0.0,7.752047890937392e-11,0.03313429653644562
29.015782914008014,landing,1,-0.01288676355034113,-1.248634934425354,1.0383247137069702,-0.04828515276312828,0.9630596041679382,-0.574522852897644,6.286169844443636e-09,-1.331311645150213,1.1215970356889833,0.3739892884669562,52306,0.057791252426284245,-0.05488129067345539,0.034385165750243495,0.05551200592890382,-2.175815944693746e-09,0.35350399639351654,-0.3536027778932352,0.0,-0.3099999999999994,0.1,0.0,0.15,0.0,3.5366568565368652,52306,nan,0.9725155830383301,53784.228152505035,52000,53261.69516797365,53258.7875579531,50,52297.27766016187,0.05779125242628367,0.0,7.752047890937392e-11,0.03313429653644562
29.050941628025612,landing,1,-0.014059037901461124,-1.2325750589370728,1.0285749435424805,-0.048394400626420975,0.9844822883605957,-0.5806968808174133,6.2423000642405465e-09,-1.3211841384966663,1.1144675373583874,0.3746848470741078,52403,0.07614372227197208,-0.003944179105057382,0.03617197839459901,15.884382999502122,-2.175815944693746e-09,0.3535039963935165,-0.3536027778932352,0.0,-0.3069999999999994,0.1,0.0,0.15,0.0,3.5366568565368652,52403,nan,0.9830409288406372,53307.037848161825,52000,53262.29973704283,53259.43089515589,50,52297.27766016187,0.07614372227197148,0.0,8.113053410458403e-11,0.03313429653644562
29.05502709801658,landing,1,-0.015247131697833538,-1.21635901927948,1.0187709331512451,-0.0459226556122303,1.0092527866363525,-0.5875818133354187,6.198894959983432e-09,-1.3111321275689096,1.107413555849753,0.3746848470741078,52403,0.07614372227197208,-0.003944179105057382,0.03617197839459901,0.04462400102056563,-2.175815944693746e-09,0.3535039963935165,-0.3536027778932352,0.0,-0.3039999999999994,0.1,0.0,0.15,0.0,3.5366568565368652,52403,nan,0.9830409288406372,53307.037848161825,52000,53262.896245191085,53260.06565452931,50,52297.27766016187,0.07614372227197148,0.0,8.113053410458403e-11,0.03313429653644562
29.089459039008943,landing,1,-0.016871459782123566,-1.1915161609649658,1.0038466453552246,-0.04467900097370148,1.0286754369735718,-0.5924723148345947,6.155412379307861e-09,-1.3010675290766498,1.1003469832592059,0.37551034942477823,52519,0.0979247869334614,0.04093915948123564,0.035408415145977166,14.443697000388056,-2.175815944693746e-09,0.3535039963935165,-0.3536027778932352,0.0,-0.3009999999999994,0.1,0.0,0.15,0.0,3.5366568565368652,52519,nan,0.9728277325630188,53985.919852051375,52000,53272.53655994922,53269.743710496274,50,52297.27766016187,0.09792478693346136,0.0,9.383143539239713e-11,0.03313429653644562
29.094948576006573,landing,1,-0.01796533353626728,-1.174700140953064,0.9938030242919922,-0.041161488741636276,1.0477797985076904,-0.598751425743103,6.1121321103382426e-09,-1.2910358000909983,1.0933132893601671,0.37551034942477823,52519,0.0979247869334614,0.04093915948123564,0.035408415145977166,0.06292201578617096,-2.175815944693746e-09,0.3535039963935165,-0.3536027778932352,0.0,-0.2979999999999994,0.1,0.0,0.15,0.0,3.5366568565368652,52519,nan,0.9728277325630188,53985.919852051375,52000,53282.04833717725,53279.29272571701,50,52297.27766016187,0.09792478693346136,0.0,9.383143539239713e-11,0.03313429653644562
29.13357836101204,landing,1,-0.01950514130294323,-1.1493315696716309,0.9786903858184814,-0.03936314210295677,1.0674958229064941,-0.6066890954971313,6.067538381771692e-09,-1.280790673819722,1.0860661385447665,0.376424323414459,52646,0.12204019563216129,0.0830492034310046,0.033602370877090816,18.172799987951294,-2.175815944693746e-09,0.3535039963935165,-0.3536027778932352,0.0,-0.2949999999999994,0.1,0.0,0.15,0.0,3.5366568565368652,52646,nan,0.9763519763946533,53921.128110381214,52000,53290.56940081997,53287.85053084587,50,52297.27766016187,0.12204019563216212,0.0,1.0251514350960308e-10,0.03313429653644562
29.135657409002306,landing,1,-0.020547403022646904,-1.1322128772735596,0.9685022234916687,-0.03936314210295677,1.0674958229064941,-0.6066890954971313,6.02492560527754e-09,-1.2708673920849578,1.0791409222006072,0.376424323414459,52646,0.12204019563216129,0.0830492034310046,0.033602370877090816,0.044612999772652984,-2.175815944693746e-09,0.35350399639351654,-0.3536027778932352,0.0,-0.29199999999999937,0.1,0.0,0.15,0.0,3.5366568565368652,52646,nan,0.9763519763946533,53921.128110381214,52000,53298.97685028079,53296.294231906344,50,52297.27766016187,0.12204019563216212,0.0,1.0251514350960308e-10,0.03313429653644562
29.170830691000447,landing,1,-0.021472644060850143,-1.1150017976760864,0.9582564830780029,-0.033779390156269073,1.0868240594863892,-0.6140566468238831,5.981384638770801e-09,-1.260793307668716,1.0720648610353753,0.37702867831718034,52731,0.13798623528180265,0.10941155734821964,0.03131795410869462,15.860799001529813,-2.175815944693746e-09,0.3535039963935166,-0.3536027778932352,0.0,-0.28899999999999937,0.1,0.0,0.15,0.0,3.5366568565368652,52731,nan,0.981262743473053,53737.90083313,52000,53304.82917005212,53302.182319922664,50,52297.27766016187,0.13798623528180196,0.0,6.986030624906108e-11,0.03313429653644562
29.174910720001208,landing,1,-0.022801486775279045,-1.0892075300216675,0.9427291750907898,-0.030352870002388954,1.0935097932815552,-0.6191362142562866,5.938075551102194e-09,-1.2507568965199023,1.0650264836648131,0.37702867831718034,52731,0.13798623528180265,0.10941155734821964,0.03131795410869462,0.05591599619947374,-2.175815944693746e-09,0.3535039963935166,-0.3536027778932352,0.0,-0.28599999999999937,0.1,0.0,0.15,0.0,3.5366568565368652,52731,nan,0.981262743473053,53737.90083313,52000,53310.603458893165,53307.991900098765,50,52297.27766016187,0.13798623528180196,0.0,6.986030624906108e-11,0.03313429653644562
29.21595316802268,landing,1,-0.023518595844507217,-1.072002649307251,0.9323936700820923,-0.028690198436379433,1.0899503231048584,-0.6231908798217773,5.894142019513087e-09,-1.2406190322026995,1.057886624776264,0.37828820422712506,52907,0.17121910889511938,0.1305859419329017,0.02932199740492031,20.860688004177064,-2.175815944693746e-09,0.3535039963935166,-0.3536027778932352,0.0,-0.28299999999999936,0.1,0.0,0.15,0.0,3.5366568565368652,52907,nan,0.9896954894065857,53457.85705431744,52000,53312.56684016549,53309.99010215502,50,52297.27766016187,0.17121910889511888,4.44323864343634e-16,0.0007088039355494973,0.03313429653644562
29.216475483000977,landing,1,-0.023518595844507217,-1.072002649307251,0.9323936700820923,-0.024850256741046906,1.0890436172485352,-0.6273135542869568,5.8476889778535425e-09,-1.2300718240340442,1.050337307651135,0.37828820422712506,52907,0.17121910889511938,0.1305859419329017,0.02932199740492031,0.034945987863466144,-2.175815944693746e-09,0.35350399639351665,-0.3536027778932352,0.0,-0.27999999999999936,0.1,0.0,0.15,0.0,3.5366568565368652,52907,nan,0.9896954894065857,53457.85705431744,52000,53314.504043020854,53311.96166151718,50,52297.27766016187,0.17121910889511888,4.44323864343634e-16,0.0007088039355494973,0.03313429653644562
29.25980662202346,landing,1,-0.025204529985785484,-1.0293902158737183,0.906166672706604,-0.02253297157585621,1.0760799646377563,-0.6300496459007263,5.80711419462886e-09,-1.2204796542975802,1.0437432958296604,0.3798248783801882,53122,0.21176460106037354,0.14139076074548737,0.02650545627100092,24.68637700076215,-2.1758159446937455e-09,0.35350399639351665,-0.35360277789323513,0.0,-0.27699999999999936,0.1,0.0,0.15,0.0,3.5366568565368652,53122,nan,0.9718281626701355,54661.92691313375,52000,53324.504043020854,53321.96166151718,50,52297.27766016187,0.2117646010603741,1.282719622879867e-15,0.0019087069294131597,0.03313429653644562
29.2612959020189,landing,1,-0.025204529985785484,-1.0293902158737183,0.906166672706604,-0.01834753528237343,1.069279670715332,-0.6367198824882507,5.751854651097007e-09,-1.2085016570892084,1.0347627898518326,0.3798248783801882,53122,0.21176460106037354,0.14139076074548737,0.02650545627100092,0.04435001756064594,-2.1758159446937455e-09,0.35350399639351665,-0.35360277789323513,0.0,-0.27399999999999936,0.1,0.0,0.15,0.0,3.5366568565368652,53122,nan,0.9718281626701355,54661.92691313375,52000,53334.504043020854,53331.96166151718,50,52297.27766016187,0.2117646010603741,1.282719622879867e-15,0.0019087069294131597,0.03313429653644562
29.294092044001445,landing,1,-0.026437724009156227,-0.9876476526260376,0.8795560002326965,-0.015585980378091335,1.0460023880004883,-0.6356569528579712,5.720352559042488e-09,-1.2003835240673473,1.0296432266428708,0.3812979903989358,53328,0.25063299205635303,0.14225037044616273,0.023017548885131328,19.13243401213549,-2.1758159446937455e-09,0.35350399639351665,-0.35360277789323513,0.0,-0.27099999999999935,0.1,0.0,0.15,0.0,3.5366568565368652,53328,nan,0.9833968877792358,54228.35953897353,52000,53344.504043020854,53341.96166151718,50,52297.27766016187,0.2506329920563524,1.7542277248437615e-15,0.0030681061741823414,0.03313429653644562
29.296205368998926,landing,1,-0.026628639549016953,-0.9794578552246094,0.8742263317108154,-0.015585980378091335,1.0460023880004883,-0.6356569528579712,5.676669387696356e-09,-1.1902863356844513,1.0225440550549207,0.3812979903989358,53328,0.25063299205635303,0.14225037044616273,0.023017548885131328,0.049982016207650304,-2.1758159446937455e-09,0.35350399639351665,-0.35360277789323513,0.0,-0.26799999999999935,0.1,0.0,0.15,0.0,3.5366568565368652,53328,nan,0.9833968877792358,54228.35953897353,52000,53354.504043020854,53351.96166151718,50,52297.27766016187,0.2506329920563524,1.7542277248437615e-15,0.0030681061741823414,0.03313429653644562
29.331324947008397,landing,1,-0.027173705399036407,-0.9472247958183289,0.8527950644493103,-0.008854307234287262,1.0081733465194702,-0.6404359936714172,5.633131173592416e-09,-1.1802126984500547,1.015468441196493,0.3828028535100017,53539,0.29033914274410755,0.13790518857301987,0.019417953898218716,16.17255198652856,-2.175815944693745e-09,0.35350399639351665,-0.353602777893235,0.0,-0.26499999999999935,0.1,0.0,0.15,0.0,3.5366568565368652,53539,nan,0.9891274571418762,54127.50360272387,52000,53364.504043020854,53361.96166151718,50,52297.27766016187,0.29033914274410827,2.73741023642683e-15,0.0037708334422097253,0.03313429653644562
29.334910579025745,landing,1,-0.02739035338163376,-0.9315453767776489,0.8420023322105408,-0.004816350527107716,0.9888114333152771,-0.643395185470581,5.5899127739390216e-09,-1.1701910213488893,1.008444801990792,0.3828028535100017,53539,0.29033914274410755,0.13790518857301987,0.019417953898218716,0.04653399810194969,-2.175815944693745e-09,0.35350399639351665,-0.353602777893235,0.0,-0.26199999999999934,0.1,0.0,0.15,0.0,3.5366568565368652,53539,nan,0.9891274571418762,54127.50360272387,52000,53374.504043020854,53371.96166151718,50,52297.27766016187,0.29033914274410827,2.73741023642683e-15,0.0037708334422097253,0.03313429653644562
29.381497334019514,landing,1,-0.027465328574180603,-0.9162007570266724,0.8311814665794373,-0.004816350527107716,0.9888114333152771,-0.643395185470581,5.5462424246801644e-09,-1.1600959161656799,1.001347714184648,0.38396676610201413,53701,0.32104923752016035,0.13944480514933458,0.01718197066268053,26.517830992816016,-2.175815944693745e-09,0.35350399639351665,-0.353602777893235,0.0,-0.25899999999999934,0.1,0.0,0.15,0.0,3.5366568565368652,53701,nan,1.0082036256790161,53264.041739418324,52000,53373.03121230616,53370.52272922253,50,52297.27766016187,0.3210492375201602,8.026625630613125e-15,0.004270146659224272,0.03313429653644562
29.38223494400154,landing,1,-0.027465328574180603,-0.9162007570266724,0.8311814665794373,0.00175395084079355,0.9433126449584961,-0.6491798758506775,5.487088412170231e-09,-1.1474851860504003,0.9917342984919949,0.38396676610201413,53701,0.32104923752016035,0.13944480514933458,0.01718197066268053,0.07749602082185447,-2.175815944693745e-09,0.3535039963935167,-0.353602777893235,0.0,-0.25599999999999934,0.1,0.0,0.15,0.0,3.5366568565368652,53701,nan,1.004641056060791,53452.92199242009,52000,53374.09642270768,53371.62138606516,50,52297.27766016187,0.3210492375201602,8.026625630613125e-15,0.004270146659224272,0.03313429653644562
29.420237924001412,landing,1,-0.027395423501729965,-0.8791975378990173,0.804149329662323,0.0039575472474098206,0.9057502150535583,-0.6448906064033508,5.459074481564726e-09,-1.1399337733043509,0.9871816139205023,0.3852919346167451,53887,0.35601410598271954,0.10737367662252402,0.012040924832107378,25.167036015773192,-2.175815944693745e-09,0.35350399639351676,-0.353602777893235,0.0,-0.25299999999999934,0.1,0.0,0.15,0.0,3.5366568565368652,53887,nan,1.0075064897537231,53485.51155553573,52000,53375.58195781205,53373.139921658105,50,52297.27766016187,0.3560141059827188,7.099637346556077e-15,0.004812720062168118,0.03313429653644562
29.421021579008084,landing,1,-0.027395423501729965,-0.8791975378990173,0.804149329662323,0.0069213733077049255,0.8802207112312317,-0.6470394134521484,5.402921711229762e-09,-1.1278106538739658,0.9780559451683879,0.3852919346167451,53887,0.35601410598271954,0.10737367662252402,0.012040924832107378,0.07579199154861271,-2.175815944693745e-09,0.35350399639351676,-0.353602777893235,0.0,-0.24999999999999933,0.1,0.0,0.15,0.0,3.5366568565368652,53887,nan,1.0075064897537231,53485.51155553573,52000,53377.0476857817,53374.638210109806,50,52297.27766016187,0.3560141059827188,7.099637346556077e-15,0.004812720062168118,0.03313429653644562
29.452409363002516,landing,1,-0.02705800160765648,-0.8511494398117065,0.7824940085411072,0.008717223070561886,0.8405659198760986,-0.6420184373855591,5.37209119133667e-09,-1.119801630928033,0.9730455225245623,0.3860635457547475,53995,0.3763732389115422,0.08123266281512943,0.009109303356439538,17.411148990504444,-2.175815944693745e-09,0.35350399639351676,-0.353602777893235,0.0,-0.24699999999999933,0.1,0.0,0.15,0.0,3.5366568565368652,53995,nan,1.0048173666000366,53736.133346003844,52000,53381.835494584666,53379.45814525506,50,52297.27766016187,0.37637323891154173,8.24482766512484e-15,0.005113441011512171,0.03313429653644562
29.456251855997834,landing,1,-0.026557857170701027,-0.8310728669166565,0.7662021517753601,0.008717223070561886,0.8405659198760986,-0.6420184373855591,5.328006312105547e-09,-1.1096391772164802,0.965881067370518,0.3860635457547475,53995,0.3763732389115422,0.08123266281512943,0.009109303356439538,0.07663998985663056,-2.1758159446937447e-09,0.3535039963935167,-0.35360277789323497,0.0,-0.24399999999999933,0.1,0.0,0.15,0.0,3.5366568565368652,53995,nan,1.0048173666000366,53736.133346003844,52000,53386.55946593692,53384.213814598384,50,52297.27766016187,0.37637323891154173,8.24482766512484e-15,0.005113441011512171,0.03313429653644562
29.498701111006085,landing,1,-0.025977812707424164,-0.8118122816085815,0.749988853931427,0.014039620757102966,0.7814133763313293,-0.6419345140457153,5.284662082842126e-09,-1.0995970566260034,0.9588369789628729,0.38756225015338086,54204,0.4159168905905233,0.06441588226145399,0.005470200025220263,23.427406995324418,-2.1758159446937447e-09,0.35350399639351676,-0.35360277789323497,0.0,-0.24099999999999933,0.1,0.0,0.15,0.0,3.5366568565368652,54204,nan,1.0138038396835327,53465.96439891195,52000,53387.61819837659,53385.303822389236,50,52297.27766016187,0.41591689059052306,2.9507979817564447e-15,0.005537022569658407,0.03313429653644562
29.499571336025838,landing,1,-0.025977812707424164,-0.8118122816085815,0.749988853931427,0.017385749146342278,0.7563684582710266,-0.6432598233222961,5.232184805283249e-09,-1.088071093121528,0.9503086330031207,0.38756225015338086,54204,0.4159168905905233,0.06441588226145399,0.005470200025220263,0.06856498657725751,-2.1758159446937447e-09,0.35350399639351676,-0.35360277789323497,0.0,-0.23799999999999932,0.1,0.0,0.15,0.0,3.5366568565368652,54204,nan,1.012354850769043,53542.49051982467,52000,53389.68316266257,53387.39964502171,50,52297.27766016187,0.41591689059052306,2.9507979817564447e-15,0.005537022569658407,0.03313429653644562
29.53614017102518,landing,1,-0.02490711212158203,-0.7873214483261108,0.7284128069877625,0.020850975066423416,0.7271294593811035,-0.6429049372673035,5.197865314399733e-09,-1.0794952183738955,0.9447312001591853,0.38863921207557056,54355,0.44433277244249325,0.042865283229029445,0.0010172402826800452,21.02868098882027,-2.1758159446937447e-09,0.35350399639351676,-0.35360277789323497,0.0,-0.23499999999999932,0.1,0.0,0.15,0.0,3.526099681854248,54355,nan,1.0014691352844238,54275.26229708799,52000,53399.68316266257,53397.39964502171,50,52178.81560304822,0.44433277244249375,7.253299774967839e-15,0.005796394614890502,0.03313429653644562
29.536727639002493,landing,1,-0.02490711212158203,-0.7873214483261108,0.7284128069877625,0.024110781028866768,0.7026282548904419,-0.6419402956962585,5.151126740443278e-09,-1.068901619880588,0.9371354797463096,0.38863921207557056,54355,0.44433277244249325,0.042865283229029445,0.0010172402826800452,0.04311799420975149,-2.1758159446937447e-09,0.3535039963935168,-0.35360277789323497,0.0,-0.23199999999999932,0.1,0.0,0.15,0.0,3.526099681854248,54355,nan,1.0014691352844238,54275.26229708799,52000,53409.68316266257,53407.39964502171,50,52178.81560304822,0.44433277244249375,7.253299774967839e-15,0.005796394614890502,0.03313429653644562
29.570144774013897,landing,1,-0.023288635537028313,-0.758446991443634,0.701484203338623,0.027620092034339905,0.6739921569824219,-0.6365782618522644,5.110577120506298e-09,-1.059313538413992,0.9305455573371101,0.3894394893710618,54467,0.46544826836574593,0.02437118647540202,-0.0036727168256040425,14.960683009121567,-2.1758159446937443e-09,0.3535039963935168,-0.3536027778932349,0.0,-0.22899999999999932,0.1,0.0,0.15,0.0,3.526099681854248,54467,nan,1.0041331052780151,54242.808760816304,52000,53419.68316266257,53417.39964502171,50,52178.81560304822,0.46544826836574577,1.2859317111929121e-14,0.005970053372439432,0.03313429653644562
29.57499716800521,landing,1,-0.022143973037600517,-0.7419651746749878,0.6854298114776611,0.03078707866370678,0.6537612676620483,-0.6369612812995911,5.0674905535696334e-09,-1.0493132801246214,0.9235433429283763,0.3894394893710618,54467,0.46544826836574593,0.02437118647540202,-0.0036727168256040425,0.040696992073208094,-2.1758159446937443e-09,0.3535039963935168,-0.3536027778932349,0.0,-0.2259999999999993,0.1,0.0,0.15,0.0,3.526099681854248,54467,nan,1.0041331052780151,54242.808760816304,52000,53429.68316266257,53427.39964502171,50,52178.81560304822,0.46544826836574577,1.2859317111929121e-14,0.005970053372439432,0.03313429653644562
29.621663826022996,landing,1,-0.021342916414141655,-0.7312712073326111,0.674802839756012,0.03440926596522331,0.6358478665351868,-0.6388363242149353,5.023418866367972e-09,-1.0391529697171227,0.9163810316773008,0.3908715585782834,54667,0.5032337355747583,0.01356838031592031,-0.008509912440522668,26.361019001342356,-2.1758159446937443e-09,0.3535039963935168,-0.3536027778932349,0.0,-0.2229999999999993,0.1,0.0,0.15,0.0,3.526099681854248,54667,nan,1.0199835300445557,53595.9634540491,52000,53431.900233214394,53429.64716247541,50,52178.81560304822,0.5032337355747586,8.422535165090556e-17,0.006157743956523355,0.03313429653644562
29.62226468801964,landing,1,-0.021342916414141655,-0.7312712073326111,0.674802839756012,0.036994773894548416,0.6191438436508179,-0.6359785199165344,4.9649062691454865e-09,-1.026646450101823,0.9068718556047213,0.3908715585782834,54667,0.5032337355747583,0.01356838031592031,-0.008509912440522668,0.06627102266065776,-2.1758159446937443e-09,0.3535039963935169,-0.3536027778932349,0.0,-0.2199999999999993,0.1,0.0,0.15,0.0,3.526099681854248,54667,nan,1.0199835300445557,53595.9634540491,52000,53434.087742825526,53431.86471302973,50,52178.81560304822,0.5032337355747586,8.422535165090556e-17,0.006157743956523355,0.03313429653644562
29.654282987001352,landing,1,-0.019040847197175026,-0.7055832147598267,0.6483198404312134,0.03975677490234375,0.5990197062492371,-0.6298421025276184,4.936974092660356e-09,-1.0191083199168949,0.9023324573059665,0.39149326294304326,54754,0.5196375446713244,0.0028302423434506843,-0.012706772612644482,19.278731022495776,-2.175815944693744e-09,0.3535039963935168,-0.35360277789323485,0.0,-0.2169999999999993,0.1,0.0,0.15,0.0,3.526099681854248,54754,nan,1.0239877700805664,53471.341748243736,52000,53434.58446289777,53432.39107349925,50,52178.81560304822,0.5196375446713246,2.3461192237246356e-15,0.006201040091805805,0.03313429653644562
29.656127249007113,landing,1,-0.018564309924840927,-0.7005459666252136,0.6431043148040771,0.03975677490234375,0.5990197062492371,-0.6298421025276184,4.892786826134843e-09,-1.008929231380216,0.8951513626784384,0.39149326294304326,54754,0.5196375446713244,0.0028302423434506843,-0.012706772612644482,0.06826699245721102,-2.175815944693744e-09,0.3535039963935168,-0.35360277789323485,0.0,-0.2139999999999993,0.1,0.0,0.15,0.0,3.526099681854248,54754,nan,1.0239877700805664,53471.341748243736,52000,53435.07456003572,53432.91041582918,50,52178.81560304822,0.5196375446713246,2.3461192237246356e-15,0.006201040091805805,0.03313429653644562
29.69166515901452,landing,1,-0.016583414748311043,-0.6809934377670288,0.6222096681594849,0.04385239630937576,0.5723439455032349,-0.6218414306640625,4.849297620061937e-09,-0.9988635564621489,0.8880837133612921,0.39218095139429876,54850,0.5377823586886201,-0.002700825330213395,-0.01626003982636619,16.381747991545126,-2.175815944693744e-09,0.3535039963935168,-0.35360277789323485,0.0,-0.2109999999999993,0.1,0.0,0.15,0.0,3.526099681854248,54850,nan,1.0332794189453125,53083.4147998287,52000,53430.38576323296,53428.25047428251,50,52178.81560304822,0.5377823586886208,5.5266807536125446e-17,0.006092641222410798,0.03313429653644562
29.694908972014673,landing,1,-0.015570072457194328,-0.6713019013404846,0.6118517518043518,0.04385239630937576,0.5723439455032349,-0.6218414306640625,4.80658349188355e-09,-0.9889238081574502,0.8811420258458569,0.39218095139429876,54850,0.5377823586886201,-0.002700825330213395,-0.01626003982636619,0.043356994865462184,-2.175815944693744e-09,0.3535039963935169,-0.35360277789323485,0.0,-0.2079999999999993,0.1,0.0,0.15,0.0,3.526099681854248,54850,nan,1.0332794189453125,53083.4147998287,52000,53425.7594837209,53423.652665289796,50,52178.81560304822,0.5377823586886208,5.5266807536125446e-17,0.006092641222410798,0.03313429653644562
29.73965870900429,landing,1,-0.01457414124161005,-0.6617364287376404,0.6015543937683105,0.04775196313858032,0.5558908581733704,-0.6173787713050842,4.762463203447945e-09,-0.978755601525792,0.8739718161641383,0.39286107100493584,54945,0.5557274671487011,-0.005180658940292141,-0.019461025565855303,24.344848992768675,-2.175815944693744e-09,0.35350399639351693,-0.35360277789323485,0.0,-0.2049999999999993,0.1,0.0,0.15,0.0,3.5208210945129395,54945,nan,1.0366220474243164,53003.88906113009,52000,53420.134544753026,53418.05581723434,50,52119.5845744914,0.5557274671487008,4.1203772945162443e-16,0.006048500164490767,0.03313429653644562
29.740588373999344,landing,1,-0.01457414124161005,-0.6617364287376404,0.6015543937683105,0.04775196313858032,0.5558908581733704,-0.6173787713050842,4.707695296491277e-09,-0.9668574803264756,0.8650712085155433,0.39286107100493584,54945,0.5557274671487011,-0.005180658940292141,-0.019461025565855303,0.0667440181132406,-2.175815944693744e-09,0.35350399639351693,-0.35360277789323485,0.0,-0.2019999999999993,0.1,0.0,0.15,0.0,3.5208210945129395,54945,nan,1.0366220474243164,53003.88906113009,52000,53414.58460497139,53412.533593819615,50,52119.5845744914,0.5557274671487008,4.1203772945162443e-16,0.006048500164490767,0.03313429653644562
29.779413314012345,landing,1,-0.011995919048786163,-0.638257622718811,0.5761533379554749,0.047738589346408844,0.5364370942115784,-0.5960487723350525,4.675622403019884e-09,-0.9586466094135699,0.8598588815012954,0.3925288225444574,54899,0.5469610170041523,-0.00719972299971586,-0.02079253167596822,24.274497001897544,-2.175815944693744e-09,0.35350399639351693,-0.35360277789323485,0.0,-0.1989999999999993,0.1,0.0,0.15,0.0,3.5208210945129395,54899,nan,1.0239174365997314,53616.62770614683,52000,53417.27851298706,53415.25484865064,50,52119.5845744914,0.5469610170041517,1.2080935881069043e-17,0.00583186068806701,0.03313429653644562
29.779840644012438,landing,1,-0.011995919048786163,-0.638257622718811,0.5761533379554749,0.04791625961661339,0.5333688259124756,-0.592667818069458,4.621721434617489e-09,-0.9468893393943868,0.8510991643916275,0.3925288225444574,54899,0.5469610170041523,-0.00719972299971586,-0.02079253167596822,0.031795992981642485,-2.175815944693744e-09,0.353503996393517,-0.35360277789323485,0.0,-0.19599999999999929,0.1,0.0,0.15,0.0,3.5208210945129395,54899,nan,1.0239174365997314,53616.62770614683,52000,53419.93650222919,53417.93982008393,50,52119.5845744914,0.5469610170041517,1.2080935881069043e-17,0.00583186068806701,0.03313429653644562
29.818484930001432,landing,1,-0.009424759075045586,-0.6150557994842529,0.5512622594833374,0.04842429980635643,0.5292671322822571,-0.5848725438117981,4.588812246748432e-09,-0.9385425960459213,0.8457509269742632,0.39293878333975524,54956,0.5577779245317984,-0.002420324781280287,-0.022475092965873522,23.50284400745295,-2.1758159446937435e-09,0.35350399639351693,-0.3536027778932348,0.0,-0.19299999999999928,0.1,0.0,0.15,0.0,3.5208210945129395,54956,nan,1.040486216545105,52817.614617211664,52000,53411.90554376229,53409.93548404563,50,52119.5845744914,0.5577779245317992,6.308766277736067e-17,0.005653890543173588,0.03313429653644562
29.8188440320082,landing,1,-0.009424759075045586,-0.6150557994842529,0.5512622594833374,0.047522708773612976,0.5287290811538696,-0.5796308517456055,4.5369716324739946e-09,-0.9271200709852881,0.8373260483627072,0.39293878333975524,54956,0.5577779245317984,-0.002420324781280287,-0.022475092965873522,0.03112899139523506,-2.1758159446937435e-09,0.35350399639351693,-0.3536027778932348,0.0,-0.18999999999999928,0.1,0.0,0.15,0.0,3.5208210945129395,54956,nan,1.040486216545105,52817.614617211664,52000,53403.981664741616,53402.03787248785,50,52119.5845744914,0.5577779245317992,6.308766277736067e-17,0.005653890543173588,0.03313429653644562
29.860253359016497,landing,1,-0.007488777860999107,-0.5964727401733398,0.5317903161048889,0.047193098813295364,0.5283688306808472,-0.5729920268058777,4.501622018953974e-09,-0.9183768326011922,0.8315812051149982,0.3930319401812942,54969,0.560235888688501,0.0035203305148903395,-0.022767543763740666,25.137185002677143,-2.1758159446937435e-09,0.35350399639351693,-0.3536027778932348,0.0,-0.18699999999999928,0.1,0.0,0.15,0.0,3.5208210945129395,54969,nan,1.0375789403915405,52978.13772054482,52000,53398.30374548566,53396.38587046194,50,52119.5845744914,0.5602358886885007,7.379575525058126e-17,0.005471925433536231,0.03313429653644562
29.86105252400739,landing,1,-0.007488777860999107,-0.5964727401733398,0.5317903161048889,0.044873420149087906,0.5279287099838257,-0.566530168056488,4.445950980786868e-09,-0.9063319800145373,0.8225338250771339,0.3930319401812942,54969,0.560235888688501,0.0035203305148903395,-0.022767543763740666,0.04297200939618051,-2.1758159446937435e-09,0.353503996393517,-0.3536027778932348,0.0,-0.18399999999999928,0.1,0.0,0.15,0.0,3.5208210945129395,54969,nan,1.0375789403915405,52978.13772054482,52000,53392.70153181978,53390.80922846305,50,52119.5845744914,0.5602358886885007,7.379575525058126e-17,0.005471925433536231,0.03313429653644562
29.893015011009993,landing,1,-0.004718515556305647,-0.5686500668525696,0.5031401515007019,0.0432058721780777,0.5244826674461365,-0.5539688467979431,4.414652247066932e-09,-0.8982468865446429,0.8174473106525566,0.3930555099001465,54972,0.5608577810065025,0.012508969534562646,-0.021937722208121097,17.96110300347209,-2.1758159446937435e-09,0.35350399639351704,-0.3536027778932348,0.0,-0.18099999999999927,0.1,0.0,0.15,0.0,3.5208210945129395,54972,nan,1.0403075218200684,52842.06722241499,52000,53385.35974102772,53383.49266838241,50,52119.5845744914,0.5608577810065023,7.170574572318125e-17,0.005183301902131368,0.03313429653644562
29.895165704016108,landing,1,-0.003899587318301201,-0.5592952370643616,0.49378857016563416,0.0432058721780777,0.5244826674461365,-0.5539688467979431,4.371419619710597e-09,-0.8882228978739435,0.8104213592313876,0.3930555099001465,54972,0.5608577810065025,0.012508969534562646,-0.021937722208121097,0.0353270152118057,-2.1758159446937435e-09,0.35350399639351704,-0.3536027778932348,0.0,-0.17799999999999927,0.1,0.0,0.15,0.0,3.5208210945129395,54972,nan,1.0403075218200684,52842.06722241499,52000,53378.11584077956,53376.27366243618,50,52119.5845744914,0.5608577810065023,7.170574572318125e-17,0.005183301902131368,0.03313429653644562
29.933175508020213,landing,1,-0.0030396406073123217,-0.5499536991119385,0.4845935106277466,0.04062250256538391,0.5351378321647644,-0.5479646921157837,4.3274078762513805e-09,-0.878072326503685,0.8032687897389832,0.393565574492812,55044,0.5743159496784145,0.024987496854583097,-0.021313868486162124,17.994154011830688,-2.1758159446937435e-09,0.35350399639351704,-0.3536027778932348,0.0,-0.17499999999999927,0.1,0.0,0.15,0.0,3.515542507171631,55044,nan,1.0433012247085571,52759.45115024318,52000,53369.86697823907,53368.0493622736,50,52060.35354593457,0.5743159496784137,8.445939560968208e-17,0.004983885776082408,0.03313429653644562
29.93683288700413,landing,1,-0.0022645173594355583,-0.540585994720459,0.47543835639953613,0.04062250256538391,0.5351378321647644,-0.5479646921157837,4.28252190513565e-09,-0.8677797196955994,0.795974145119035,0.393565574492812,55044,0.5743159496784145,0.024987496854583097,-0.021313868486162124,0.05797899211756885,-2.175815944693743e-09,0.35350399639351704,-0.35360277789323474,0.0,-0.17199999999999926,0.1,0.0,0.15,0.0,3.515542507171631,55044,nan,1.0433012247085571,52759.45115024318,52000,53361.72810053246,53359.93471944653,50,52060.35354593457,0.5743159496784137,8.445939560968208e-17,0.004983885776082408,0.03313429653644562
29.972592452017125,landing,1,-0.0011707337107509375,-0.5264055132865906,0.46193623542785645,0.037168413400650024,0.5428420901298523,-0.5374042391777039,4.240760090278002e-09,-0.8579946933771612,0.7891872228246468,0.3939517429137806,55098,0.5845050900733657,0.03826679344143558,-0.02030555274713953,17.61401499970816,-2.175815944693743e-09,0.3535039963935171,-0.35360277789323474,0.0,-0.16899999999999926,0.1,0.0,0.15,0.0,3.515542507171631,55098,nan,1.0347851514816284,53245.83554480798,52000,53360.18286645614,53358.41339711802,50,52060.35354593457,0.5845050900733654,8.916671199626236e-17,0.004715936678253958,0.03313429653644562
29.977532287011854,landing,1,-0.00018557360453996807,-0.5122326612472534,0.4486015737056732,0.03431810811161995,0.5435507297515869,-0.5305935740470886,4.1937335797170455e-09,-0.8473543139322537,0.7815447083879212,0.3939517429137806,55098,0.5845050900733657,0.03826679344143558,-0.02030555274713953,0.042162020690739155,-2.175815944693743e-09,0.3535039963935171,-0.35360277789323474,0.0,-0.16599999999999926,0.1,0.0,0.15,0.0,3.515542507171631,55098,nan,1.0331768989562988,53328.718495021756,52000,53359.763341503676,53358.017465090066,50,52060.35354593457,0.5845050900733654,8.916671199626236e-17,0.004715936678253958,0.03313429653644562
30.01275843702024,landing,1,0.00048259893083013594,-0.5027629137039185,0.43979841470718384,0.032884012907743454,0.5474278926849365,-0.525309681892395,4.153607360512567e-09,-0.837835022223073,0.7750235949584241,0.3942240407959007,55136,0.5916897307625497,0.0498315752399404,-0.018728011722599684,17.66117400256917,-2.175815944693743e-09,0.3535039963935171,-0.35360277789323474,0.0,-0.16299999999999926,0.1,0.0,0.15,0.0,3.515542507171631,55136,nan,1.0372391939163208,53156.49497568841,52000,53357.05309662614,53355.33049856471,50,52060.35354593457,0.5916897307625502,1.1121960842435263e-16,0.004374110414281251,0.03313429653644562
30.01710883100168,landing,1,0.0010988693684339523,-0.4932617247104645,0.43117189407348633,0.030744235962629318,0.5496286153793335,-0.5196480751037598,4.106983882840082e-09,-0.8272601233796382,0.7674465794207637,0.3942240407959007,55136,0.5916897307625497,0.0498315752399404,-0.018728011722599684,0.08084802539087832,-2.1758159446937427e-09,0.35350399639351704,-0.35360277789323463,0.0,-0.15999999999999925,0.1,0.0,0.15,0.0,3.515542507171631,55136,nan,1.0372391939163208,53156.49497568841,52000,53354.37898834698,53352.6793582597,50,52060.35354593457,0.5916897307625502,1.1121960842435263e-16,0.004374110414281251,0.03313429653644562
30.06143661501119,landing,1,0.0019382401369512081,-0.47891706228256226,0.4183635115623474,0.030744235962629318,0.5496286153793335,-0.5196480751037598,4.06569330619114e-09,-0.8175516589553422,0.7607362404146145,0.39499714479893516,55244,0.6120882532700556,0.06006978467111847,-0.018233126519975128,25.98161099012941,-2.1758159446937427e-09,0.3535039963935171,-0.35360277789323463,0.0,-0.15699999999999925,0.1,0.0,0.15,0.0,3.515542507171631,55244,nan,1.0261452198028564,53836.43458438905,52000,53360.80639629421,53359.12942794143,50,52060.35354593457,0.6120882532700552,1.3373303538023776e-16,0.003986674768976409,0.03313429653644562
30.061959028011188,landing,1,0.0019382401369512081,-0.47891706228256226,0.4183635115623474,0.027586957439780235,0.5513378381729126,-0.5043483376502991,4.00791158079824e-09,-0.8051638838107045,0.751345841994095,0.39499714479893516,55244,0.6120882532700556,0.06006978467111847,-0.018233126519975128,0.03539299359545112,-2.1758159446937427e-09,0.3535039963935171,-0.35360277789323463,0.0,-0.15399999999999925,0.1,0.0,0.15,0.0,3.515542507171631,55244,nan,1.0261452198028564,53836.43458438905,52000,53367.148105468805,53365.493496694064,50,52060.35354593457,0.6120882532700552,1.3373303538023776e-16,0.003986674768976409,0.03313429653644562
30.097133528004633,landing,1,0.003202344523742795,-0.45509740710258484,0.39757588505744934,0.026344945654273033,0.5515275001525879,-0.4958215355873108,3.97851254105175e-09,-0.7973874329046153,0.7465680563789538,0.39430265272384407,55147,0.593763924111979,0.0703472105729565,-0.016438718747975745,21.638020989485085,-2.1758159446937427e-09,0.3535039963935171,-0.35360277789323463,0.0,-0.15099999999999925,0.1,0.0,0.15,0.0,3.515542507171631,55147,nan,1.0319327116012573,nan,52000,53367.148105468805,53365.493496694064,50,52060.35354593457,0.5937639241119791,1.5016051571115847e-16,0.0036568330614779013,0.03313429653644562
30.097638674022164,landing,1,0.003202344523742795,-0.45509740710258484,0.39757588505744934,0.02442067861557007,0.5510498881340027,-0.4911143183708191,3.930266922995828e-09,-0.7865489855245247,0.73872741865987,0.39430265272384407,55147,0.593763924111979,0.0703472105729565,-0.016438718747975745,0.04104699473828077,-2.1758159446937427e-09,0.35350399639351715,-0.35360277789323463,0.0,-0.14799999999999924,0.1,0.0,0.15,0.0,3.515542507171631,55147,nan,1.0319327116012573,nan,52000,53367.148105468805,53365.493496694064,50,52060.35354593457,0.5937639241119791,1.5016051571115847e-16,0.0036568330614779013,0.03313429653644562
30.13072877601371,landing,1,0.0041482700034976006,-0.4360387325286865,0.38132384419441223,0.022864041849970818,0.552137017250061,-0.48575615882873535,3.892587302195562e-09,-0.7774271917358682,0.7326039142258527,0.3944787833619229,55172,0.5984111704992827,0.07732836567004883,-0.014959103270502733,15.776952990563586,-2.1758159446937422e-09,0.3535039963935171,-0.3536027778932346,0.0,-0.14499999999999924,0.1,0.0,0.15,0.0,3.5102639198303223,55172,nan,1.0412923097610474,nan,52000,53367.148105468805,53365.493496694064,50,52001.12251737775,0.5984111704992827,1.7719858567327322e-16,0.0033331548712907137,0.03313429653644562
30.134885195002425,landing,1,0.004743665922433138,-0.42180535197257996,0.36941593885421753,0.020291797816753387,0.5486779808998108,-0.4794566035270691,3.849259474187911e-09,-0.767387735851234,0.7255624912686629,0.3944787833619229,55172,0.5984111704992827,0.07732836567004883,-0.014959103270502733,0.04070697468705475,-2.1758159446937422e-09,0.3535039963935171,-0.3536027778932346,0.0,-0.14199999999999924,0.1,0.0,0.15,0.0,3.5102639198303223,55172,nan,1.0412923097610474,nan,52000,53367.148105468805,53365.493496694064,50,52001.12251737775,0.5984111704992827,1.7719858567327322e-16,0.0033331548712907137,0.03313429653644562
30.18129329700605,landing,1,0.005163256078958511,-0.4124198853969574,0.36158329248428345,0.01834254153072834,0.5490310192108154,-0.47558847069740295,3.805122725731328e-09,-0.7572168549661722,0.7183896065862596,0.394929820306514,55235,0.6103118814383635,0.08448656472600963,-0.012922851620970063,26.101461990037933,-2.1758159446937422e-09,0.3535039963935171,-0.3536027778932346,0.0,-0.13899999999999924,0.1,0.0,0.15,0.0,3.5102639198303223,55235,nan,1.022216558456421,nan,52000,53367.148105468805,53365.493496694064,50,52001.12251737775,0.610311881438364,2.1397399993425914e-16,0.0028752853053881622,0.03313429653644562
30.181881163007347,landing,1,0.005163256078958511,-0.4124198853969574,0.36158329248428345,0.015771135687828064,0.5451059937477112,-0.47067490220069885,3.7469940599815224e-09,-0.7447727125525214,0.7089428251457222,0.394929820306514,55235,0.6103118814383635,0.08448656472600963,-0.012922851620970063,0.048062007408589125,-2.1758159446937422e-09,0.35350399639351715,-0.3536027778932346,0.0,-0.13599999999999923,0.1,0.0,0.15,0.0,3.5102639198303223,55235,nan,1.022216558456421,nan,52000,53367.148105468805,53365.493496694064,50,52001.12251737775,0.610311881438364,2.1397399993425914e-16,0.0028752853053881622,0.03313429653644562
30.211309432022972,landing,1,0.005996223539113998,-0.3890784680843353,0.34233617782592773,0.013775931671261787,0.5383310317993164,-0.4623103737831116,3.7182528781925256e-09,-0.7371031435808164,0.7042719513315521,0.39516601527668865,55268,0.6165439386989071,0.08727561781648548,-0.010779138179226731,16.209699999308214,-2.175815944693742e-09,0.35350399639351715,-0.3536027778932345,0.0,-0.13299999999999923,0.1,0.0,0.15,0.0,3.5102639198303223,55268,nan,1.038698434829712,nan,52000,53367.148105468805,53365.493496694064,50,52001.12251737775,0.6165439386989078,2.749963908861157e-16,0.0024214646908865623,0.03313429653644562
30.214824631024385,landing,1,0.006512047722935677,-0.37533679604530334,0.3310357332229614,0.011776275932788849,0.5324335098266602,-0.4564201533794403,3.675296359739271e-09,-0.7271240142195254,0.6972908717550665,0.39516601527668865,55268,0.6165439386989071,0.08727561781648548,-0.010779138179226731,0.04316002014093101,-2.175815944693742e-09,0.35350399639351715,-0.3536027778932345,0.0,-0.12999999999999923,0.1,0.0,0.15,0.0,3.5102639198303223,55268,nan,1.038698434829712,nan,52000,53367.148105468805,53365.493496694064,50,52001.12251737775,0.6165439386989078,2.749963908861157e-16,0.0024214646908865623,0.03313429653644562
30.253071028011618,landing,1,0.00680142268538475,-0.36626720428466797,0.32361677289009094,0.010757972486317158,0.5292194485664368,-0.45321762561798096,3.6313742468381333e-09,-0.716988005092253,0.6901528685748533,0.39588793662941935,55369,0.6355919954991904,0.09057176769309162,-0.009479986671404938,18.060810980387032,-2.175815944693742e-09,0.35350399639351715,-0.3536027778932345,0.0,-0.12699999999999922,0.1,0.0,0.15,0.0,3.5102639198303223,55369,nan,1.0415687561035156,nan,52000,53367.148105468805,53365.493496694064,50,52001.12251737775,0.6355919954991903,3.2806108861206624e-16,0.001906376958851657,0.03313429653644562
30.256670065020444,landing,1,0.0071563804522156715,-0.35739073157310486,0.3162701725959778,0.00935497134923935,0.5212485790252686,-0.44701486825942993,3.5881566282934133e-09,-0.7069664548975192,0.6831293563110463,0.39588793662941935,55369,0.6355919954991904,0.09057176769309162,-0.009479986671404938,0.03355598892085254,-2.175815944693742e-09,0.3535039963935172,-0.3536027778932345,0.0,-0.12399999999999922,0.1,0.0,0.15,0.0,3.5102639198303223,55369,nan,1.0320265293121338,nan,52000,53367.148105468805,53365.493496694064,50,52001.12251737775,0.6355919954991903,3.2806108861206624e-16,0.001906376958851657,0.03313429653644562
30.30015357301454,landing,1,0.007637506350874901,-0.34419241547584534,0.30541709065437317,0.009167136624455452,0.5136069059371948,-0.4419073462486267,3.5432481614378428e-09,-0.6966701932150612,0.6758310557954248,0.3965155464325593,55456,0.6521516209118534,0.08986756120167692,-0.009000633124264527,24.622408003779128,-2.175815944693742e-09,0.35350399639351726,-0.3536027778932345,0.0,-0.12099999999999922,0.1,0.0,0.15,0.0,3.5102639198303223,55456,nan,1.0310622453689575,nan,52000,53367.148105468805,53365.493496694064,50,52001.12251737775,0.652151620911854,3.281834321897177e-16,0.0015115826284254584,0.03313429653644562
30.300886545999674,landing,1,0.007637506350874901,-0.34419241547584534,0.30541709065437317,0.008825230412185192,0.5026628971099854,-0.4347340166568756,3.4880584420557474e-09,-0.6847035403099813,0.6668618972908877,0.3965155464325593,55456,0.6521516209118534,0.08986756120167692,-0.009000633124264527,0.04296601400710642,-2.175815944693742e-09,0.35350399639351726,-0.3536027778932345,0.0,-0.11799999999999922,0.1,0.0,0.15,0.0,3.5102639198303223,55456,nan,1.0310622453689575,nan,52000,53367.148105468805,53365.493496694064,50,52001.12251737775,0.652151620911854,3.281834321897177e-16,0.0015115826284254584,0.03313429653644562
30.332519020012114,landing,1,0.00830867700278759,-0.3271145522594452,0.2912622392177582,0.009654080495238304,0.49171584844589233,-0.4281728267669678,3.4569311211937e-09,-0.6766462962224968,0.6618032400308211,0.3965786827960421,55465,0.6538174880222165,0.08324099938083854,-0.009612012553543927,17.315143981250003,-2.175815944693742e-09,0.35350399639351726,-0.3536027778932345,0.0,-0.11499999999999921,0.1,0.0,0.15,0.0,3.5102639198303223,55465,nan,1.0207676887512207,nan,52000,53367.148105468805,53365.493496694064,50,52001.12251737775,0.6538174880222173,4.902230744192005e-16,0.0014967660244733845,0.03313429653644562
30.335988306003856,landing,1,0.008871454745531082,-0.3146415054798126,0.2808375060558319,0.009654341265559196,0.479193776845932,-0.4216476380825043,3.4130825661227845e-09,-0.6665222380081743,0.6546771911030647,0.3965786827960421,55465,0.6538174880222165,0.08324099938083854,-0.009612012553543927,0.04211600753478706,-2.175815944693742e-09,0.35350399639351726,-0.3536027778932345,0.0,-0.11199999999999921,0.1,0.0,0.15,0.0,3.5102639198303223,55465,nan,1.0348269939422607,nan,52000,53367.148105468805,53365.493496694064,50,52001.12251737775,0.6538174880222173,4.902230744192005e-16,0.0014967660244733845,0.03313429653644562
30.370762676000595,landing,1,0.009278400801122189,-0.30651843547821045,0.2739902138710022,0.011078307405114174,0.4701076149940491,-0.4157847464084625,3.3702790553653674e-09,-0.6565679677495522,0.6477209775757593,0.39728054157830744,55563,0.6723361894012498,0.07843740133459319,-0.010880802197300287,15.748069010442123,-2.175815944693742e-09,0.35350399639351726,-0.35360277789323447,0.0,-0.10899999999999921,0.1,0.0,0.15,0.0,3.5102639198303223,55563,nan,1.027098298072815,nan,52000,53367.148105468805,53365.493496694064,50,52001.12251737775,0.6723361894012503,3.6790275324961593e-16,0.0016027007567739524,0.03313429653644562
30.374999768013367,landing,1,0.009848957881331444,-0.2946285605430603,0.26392805576324463,0.010885206051170826,0.4573935270309448,-0.410417377948761,3.3268008589669803e-09,-0.6465040815691541,0.6406551174961186,0.39728054157830744,55563,0.6723361894012498,0.07843740133459319,-0.010880802197300287,0.039534003008157015,-2.175815944693742e-09,0.35350399639351726,-0.35360277789323447,0.0,-0.1059999999999992,0.1,0.0,0.15,0.0,3.5102639198303223,55563,nan,1.027098298072815,nan,52000,53367.148105468805,53365.493496694064,50,52001.12251737775,0.6723361894012503,3.6790275324961593e-16,0.0016027007567739524,0.03313429653644562
30.41186269299942,landing,1,0.01029039267450571,-0.286831259727478,0.25731879472732544,0.0120351891964674,0.4478756785392761,-0.4035652279853821,3.282887451485603e-09,-0.6363694868081489,0.6335185290773964,0.3981138256105013,55680,0.6943225754749669,0.07281932256415145,-0.011902401800514358,16.68972198967822,-2.175815944693742e-09,0.35350399639351726,-0.35360277789323447,0.0,-0.1029999999999992,0.1,0.0,0.15,0.0,3.5102639198303223,55680,nan,1.0377867221832275,nan,52000,53367.148105468805,53365.493496694064,50,52001.12251737775,0.6943225754749671,4.0340944060182567e-16,0.0017741624581560469,0.03313429653644562
30.414890974003356,landing,1,0.01029039267450571,-0.286831259727478,0.25731879472732544,0.0120351891964674,0.4478756785392761,-0.4035652279853821,3.239976925420312e-09,-0.6263978298127941,0.6265449239548901,0.3981138256105013,55680,0.6943225754749669,0.07281932256415145,-0.011902401800514358,0.034338998375460505,-2.175815944693742e-09,0.3535039963935173,-0.35360277789323447,0.0,-0.0999999999999992,0.1,0.0,0.15,0.0,3.5102639198303223,55680,nan,1.0377867221832275,nan,52000,53367.148105468805,53365.493496694064,50,52001.12251737775,0.6943225754749671,4.0340944060182567e-16,0.0017741624581560469,0.03313429653644562
30.454564701998606,landing,1,0.01029039267450571,-0.286831259727478,0.25731879472732544,0.012088669463992119,0.42457711696624756,-0.38887685537338257,3.1955748688907077e-09,-0.616183844425112,0.6193289227249468,0.3963923235055737,55439,0.648900356347589,0.05705470025093553,-0.011983982942891573,19.234644016250968,-2.175815944693742e-09,0.3535039963935174,-0.35360277789323447,0.0,-0.0969999999999992,0.1,0.0,0.15,0.0,3.5102639198303223,55439,nan,1.0356169939041138,nan,52000,53367.148105468805,53365.493496694064,50,52001.12251737775,0.6489003563475894,2.7707672950881914e-12,0.0015827183853664908,0.03313429653644562
30.4549425120058,landing,1,0.01029039267450571,-0.286831259727478,0.25731879472732544,0.011988187208771706,0.41245806217193604,-0.38156864047050476,3.1527817672375077e-09,-0.6062312653297284,0.6123744008334506,0.3963923235055737,55439,0.648900356347589,0.05705470025093553,-0.011983982942891573,0.029961986001580954,-2.175815944693742e-09,0.3535039963935174,-0.35360277789323447,0.0,-0.0939999999999992,0.1,0.0,0.15,0.0,3.5102639198303223,55439,nan,1.0356169939041138,nan,52000,53367.148105468805,53365.493496694064,50,52001.12251737775,0.6489003563475894,2.7707672950881914e-12,0.0015827183853664908,0.03313429653644562
30.49423634901177,landing,1,0.01029039267450571,-0.286831259727478,0.25731879472732544,0.011892233975231647,0.40024590492248535,-0.37263160943984985,3.1086615746119902e-09,-0.5960630742642992,0.6052042067223105,0.3945052871138828,55175,0.5991104779388579,0.04059469645998664,-0.01193097836009509,18.977938016178086,-2.175815944693742e-09,0.3535039963935174,-0.35360277789323447,0.0,-0.09099999999999919,0.1,0.0,0.15,0.0,3.5102639198303223,55175,nan,1.0429449081420898,nan,52000,53367.148105468805,53365.493496694064,50,52001.12251737775,0.5991104779388572,2.1808282589656692e-12,0.0013971026658915835,0.03313429653644562
30.495229683001526,landing,1,0.010554919950664043,-0.28299692273139954,0.25405141711235046,0.011720787733793259,0.3883311450481415,-0.36424171924591064,3.0659715718314677e-09,-0.586127245603898,0.5982664399464597,0.3945052871138828,55175,0.5991104779388579,0.04059469645998664,-0.01193097836009509,0.036568992072716355,-2.1758159446937414e-09,0.3535039963935173,-0.3536027778932344,0.0,-0.08799999999999919,0.1,0.0,0.15,0.0,3.5102639198303223,55175,nan,1.0429449081420898,nan,52000,53367.148105468805,53365.493496694064,50,52001.12251737775,0.5991104779388572,2.1808282589656692e-12,0.0013971026658915835,0.03313429653644562
30.5331069730164,landing,1,0.014088800176978111,-0.23612751066684723,0.21406464278697968,0.014993110671639442,0.37048691511154175,-0.3423546850681305,3.0220048198519298e-09,-0.5759839839823837,0.5911211822454019,0.3973380756842621,55571,0.6738542396902911,0.04636733531038016,-0.015499926304882687,18.016980990068987,-2.1758159446937414e-09,0.3535039963935174,-0.3536027778932344,0.0,-0.08499999999999919,0.1,0.0,0.15,0.0,3.5049853324890137,55571,nan,1.0366030931472778,nan,52000,53367.148105468805,53365.493496694064,50,51941.891488820926,0.6738542396902907,2.751566731232266e-16,0.001984933338294936,0.03313429653644562
30.535632698010886,landing,1,0.014749913476407528,-0.22937467694282532,0.20830053091049194,0.014590976759791374,0.35963892936706543,-0.3358989655971527,2.9787574732039508e-09,-0.5659576038739194,0.5840928387182156,0.3973380756842621,55571,0.6738542396902911,0.04636733531038016,-0.015499926304882687,0.03410098724998534,-2.1758159446937414e-09,0.3535039963935174,-0.3536027778932344,0.0,-0.08199999999999918,0.1,0.0,0.15,0.0,3.5049853324890137,55571,nan,1.0461069345474243,nan,52000,53367.148105468805,53365.493496694064,50,51941.891488820926,0.6738542396902907,2.751566731232266e-16,0.001984933338294936,0.03313429653644562
30.573813165014144,landing,1,0.015755701810121536,-0.21925601363182068,0.19988618791103363,0.0185101181268692,0.35947808623313904,-0.3306918740272522,2.9350007592888203e-09,-0.555848467057559,0.5769817153579868,0.39849080542515447,55733,0.7042692724315156,0.04560581663351972,-0.0182529092835917,18.746041983831674,-2.1758159446937414e-09,0.3535039963935174,-0.3536027778932344,0.0,-0.07899999999999918,0.1,0.0,0.15,0.0,3.5049853324890137,55733,nan,1.0390748977661133,nan,52000,53367.148105468805,53365.493496694064,50,51941.891488820926,0.7042692724315147,4.862988834898824e-16,0.0022992604596255707,0.03313429653644562
30.576014084013877,landing,1,0.016362495720386505,-0.21260905265808105,0.19440524280071259,0.018169578164815903,0.3509644567966461,-0.3235851526260376,2.890907618479906e-09,-0.5456846710905763,0.5698159175734392,0.39849080542515447,55733,0.7042692724315156,0.04560581663351972,-0.0182529092835917,0.03514997661113739,-2.1758159446937414e-09,0.35350399639351743,-0.3536027778932344,0.0,-0.07599999999999918,0.1,0.0,0.15,0.0,3.5049853324890137,55733,nan,1.0324392318725586,nan,52000,53367.148105468805,53365.493496694064,50,51941.891488820926,0.7042692724315147,4.862988834898824e-16,0.0022992604596255707,0.03313429653644562
30.611640827002702,landing,1,0.017378948628902435,-0.20285408198833466,0.18630024790763855,0.020840710029006004,0.34994786977767944,-0.3170785903930664,2.847813079358775e-09,-0.5356831175633998,0.5628124075649648,0.3995113810170828,55875,0.7311973883135288,0.04544704549375457,-0.020317005881409705,16.50320997578092,-2.175815944693741e-09,0.35350399639351743,-0.35360277789323435,0.0,-0.07299999999999918,0.1,0.0,0.15,0.0,3.5049853324890137,55875,nan,1.055773377418518,nan,52000,53367.148105468805,53365.493496694064,50,51941.891488820926,0.7311973883135284,0.0,0.002627784926320268,0.03313429653644562
30.615024833998177,landing,1,0.018529074266552925,-0.19321295619010925,0.1784014105796814,0.020840710029006004,0.34994786977767944,-0.3170785903930664,2.8048513520156778e-09,-0.5257031419157396,0.5558304814656279,0.3995113810170828,55875,0.7311973883135288,0.04544704549375457,-0.020317005881409705,0.03391297650523484,-2.175815944693741e-09,0.35350399639351743,-0.35360277789323435,0.0,-0.06999999999999917,0.1,0.0,0.15,0.0,3.5049853324890137,55875,nan,1.055773377418518,nan,52000,53367.148105468805,53365.493496694064,50,51941.891488820926,0.7311973883135284,0.0,0.002627784926320268,0.03313429653644562
30.652008447010303,landing,1,0.019356627017259598,-0.18683215975761414,0.17319676280021667,0.0245184525847435,0.3460654318332672,-0.3021031618118286,2.761168276416308e-09,-0.515605969088784,0.5487313254379651,0.40048576454753526,56012,0.7569067162938055,0.048229084151419827,-0.023296745506579165,17.06204900983721,-2.175815944693741e-09,0.35350399639351743,-0.35360277789323435,0.0,-0.06699999999999917,0.1,0.0,0.15,0.0,3.5049853324890137,56012,nan,1.0434374809265137,nan,52000,53367.148105468805,53365.493496694064,50,51941.891488820926,0.756906716293805,6.082890092893027e-16,0.002987473349905577,0.03313429653644562
30.654768396023428,landing,1,0.020137589424848557,-0.18052467703819275,0.16817955672740936,0.0245184525847435,0.3460654318332672,-0.3021031618118286,2.718042977761185e-09,-0.5055994180717145,0.5417228165431223,0.40048576454753526,56012,0.7569067162938055,0.048229084151419827,-0.023296745506579165,0.04357899888418615,-2.175815944693741e-09,0.3535039963935175,-0.35360277789323435,0.0,-0.06399999999999917,0.1,0.0,0.15,0.0,3.5049853324890137,56012,nan,1.0434374809265137,nan,52000,53367.148105468805,53365.493496694064,50,51941.891488820926,0.756906716293805,6.082890092893027e-16,0.002987473349905577,0.03313429653644562
30.690210851025768,landing,1,0.021336959674954414,-0.17116744816303253,0.16085754334926605,0.028717026114463806,0.34048035740852356,-0.28931567072868347,2.673945348316184e-09,-0.4954348928377188,0.5345562892877789,0.4018816020355355,56207,0.7937362014653164,0.04982653254030556,-0.026523078390863764,15.16809398890473,-2.1758159446937406e-09,0.35350399639351743,-0.35360277789323424,0.0,-0.060999999999999166,0.1,0.0,0.15,0.0,3.5049853324890137,56207,nan,1.0424034595489502,nan,52000,53367.148105468805,53365.493496694064,50,51941.891488820926,0.7937362014653159,7.080261617271984e-16,0.003462612439284848,0.03313429653644562
30.694884974014712,landing,1,0.022141041234135628,-0.16498784720897675,0.15611132979393005,0.029939524829387665,0.3344578146934509,-0.28064480423927307,2.6307709262526433e-09,-0.4854203607590004,0.5275397971010964,0.4018816020355355,56207,0.7937362014653164,0.04982653254030556,-0.026523078390863764,0.03934302367269993,-2.1758159446937406e-09,0.35350399639351743,-0.35360277789323424,0.0,-0.05799999999999916,0.1,0.0,0.15,0.0,3.5049853324890137,56207,nan,1.043291449546814,nan,52000,53367.148105468805,53365.493496694064,50,51941.891488820926,0.7937362014653159,7.080261617271984e-16,0.003462612439284848,0.03313429653644562
30.729536897997605,landing,1,0.023033902049064636,-0.15888182818889618,0.15145687758922577,0.032468926161527634,0.33048292994499207,-0.2730751931667328,2.5872255841441895e-09,-0.4753455654403971,0.5204630248348523,0.4020396771735907,56229,0.7979070494351088,0.04744508727765157,-0.029430533645605557,14.65778099372983,-2.1758159446937406e-09,0.35350399639351743,-0.35360277789323424,0.0,-0.05499999999999916,0.1,0.0,0.15,0.0,3.499706745147705,56229,nan,1.0459352731704712,nan,52000,53367.148105468805,53365.493496694064,50,51882.6604602641,0.7979070494351087,7.081801057485828e-16,0.003737780140488771,0.03313429653644562
30.734912295010872,landing,1,0.02440229430794716,-0.14978526532649994,0.1446813941001892,0.033595092594623566,0.3234037756919861,-0.2644823491573334,2.5437059297142715e-09,-0.46527494358924293,0.5133904272022713,0.4020396771735907,56229,0.7979070494351088,0.04744508727765157,-0.029430533645605557,0.04549699951894581,-2.1758159446937406e-09,0.3535039963935175,-0.35360277789323424,0.0,-0.05199999999999916,0.1,0.0,0.15,0.0,3.499706745147705,56229,nan,1.050591230392456,nan,52000,53367.148105468805,53365.493496694064,50,51882.6604602641,0.7979070494351087,7.081801057485828e-16,0.003737780140488771,0.03313429653644562
30.773964100022567,landing,1,0.025351298972964287,-0.14384040236473083,0.14029869437217712,0.03604082763195038,0.31909510493278503,-0.25545868277549744,2.500011970646268e-09,-0.45517600252924084,0.5062895024474552,0.40273021225726724,56326,0.8161269724872611,0.045619364962736886,-0.03250426897851097,18.983440997544676,-2.1758159446937406e-09,0.35350399639351754,-0.35360277789323424,0.0,-0.048999999999999155,0.1,0.0,0.15,0.0,3.499706745147705,56326,nan,1.0507776737213135,nan,52000,53367.148105468805,53365.493496694064,50,51882.6604602641,0.8161269724872606,4.788396814053805e-16,0.004214553910383412,0.03313429653644562
30.776577464013826,landing,1,0.02625308558344841,-0.13794071972370148,0.13617034256458282,0.03587086498737335,0.3115564286708832,-0.2458089143037796,2.4544866164554576e-09,-0.44477951539395266,0.49889094847247284,0.40273021225726724,56326,0.8161269724872611,0.045619364962736886,-0.03250426897851097,0.03504499909467995,-2.1758159446937406e-09,0.35350399639351754,-0.35360277789323424,0.0,-0.04599999999999915,0.1,0.0,0.15,0.0,3.499706745147705,56326,nan,1.0507776737213135,nan,52000,53367.148105468805,53365.493496694064,50,51882.6604602641,0.8161269724872606,4.788396814053805e-16,0.004214553910383412,0.03313429653644562
30.813207982020685,landing,1,0.02766174077987671,-0.12922373414039612,0.13012930750846863,0.03680412471294403,0.30551525950431824,-0.23402687907218933,2.412832343449552e-09,-0.4350119613596308,0.4921215033445743,0.4026001335391324,56307,0.8126948163359451,0.042469255881258196,-0.034090654199096265,18.146079004509374,-2.1758159446937406e-09,0.35350399639351754,-0.35360277789323424,0.0,-0.04299999999999915,0.1,0.0,0.15,0.0,3.499706745147705,56307,nan,1.055444359779358,nan,52000,53367.148105468805,53365.493496694064,50,51882.6604602641,0.8126948163359456,0.0004789689605217016,0.0046050636787216374,0.03313429653644562
30.815838409005664,landing,1,0.028637414798140526,-0.1234806701540947,0.12630265951156616,0.03553911671042442,0.29835113883018494,-0.22324590384960175,2.3693506896558356e-09,-0.4249475134575167,0.48505508138625264,0.4026001335391324,56307,0.8126948163359451,0.042469255881258196,-0.034090654199096265,0.03497197758406401,-2.1758159446937406e-09,0.3535039963935176,-0.35360277789323424,0.0,-0.03999999999999915,0.1,0.0,0.15,0.0,3.499706745147705,56307,nan,1.055444359779358,nan,52000,53367.148105468805,53365.493496694064,50,51882.6604602641,0.8126948163359456,0.0004789689605217016,0.0046050636787216374,0.03313429653644562
30.852862725005252,landing,1,0.030049249529838562,-0.11496081948280334,0.12089426815509796,0.03605739027261734,0.295329749584198,-0.21307557821273804,2.325485328558447e-09,-0.4148207247744078,0.47792630122672053,0.40231696664141015,56268,0.8052233942324563,0.041024832821846255,-0.03489845585431062,17.672619986115023,-2.17581594469374e-09,0.35350399639351754,-0.3536027778932342,0.0,-0.036999999999999145,0.1,0.0,0.15,0.0,3.499706745147705,56268,nan,1.0638148784637451,nan,52000,53367.148105468805,53365.493496694064,50,51882.6604602641,0.8052233942324556,0.001888818515571437,0.005011372120413854,0.03313429653644562
30.85654134102515,landing,1,0.031457044184207916,-0.10654871165752411,0.11582659184932709,0.034574974328279495,0.2894928753376007,-0.20152512192726135,2.2805548032825763e-09,-0.40452087926871827,0.47062441588642057,0.40231696664141015,56268,0.8052233942324563,0.041024832821846255,-0.03489845585431062,0.035119999665766954,-2.17581594469374e-09,0.35350399639351754,-0.3536027778932342,0.0,-0.03399999999999914,0.1,0.0,0.15,0.0,3.499706745147705,56268,nan,1.0514432191848755,nan,52000,53367.148105468805,53365.493496694064,50,51882.6604602641,0.8052233942324556,0.001888818515571437,0.005011372120413854,0.03313429653644562
30.891588662023423,landing,1,0.03243085369467735,-0.10103592276573181,0.1126473993062973,0.03517270088195801,0.28836590051651,-0.1914469599723816,2.239024793299952e-09,-0.39477351420094986,0.4638751653665856,0.40153486547251016,56158,0.7845874794857544,0.041236204712552876,-0.03567262333323721,16.676823986927047,-2.17581594469374e-09,0.35350399639351754,-0.3536027778932342,0.0,-0.030999999999999143,0.1,0.0,0.15,0.0,3.499706745147705,56158,nan,1.0597410202026367,nan,52000,53367.148105468805,53365.493496694064,50,51882.6604602641,0.7845874794857546,0.0031371281184334843,0.005370196152155498,0.03313429653644562
30.89497254701564,landing,1,0.03340507671236992,-0.09556584805250168,0.10961728543043137,0.03517270088195801,0.28836590051651,-0.1914469599723816,2.1954150905597127e-09,-0.38468826223476005,0.4567879335307983,0.40153486547251016,56158,0.7845874794857544,0.041236204712552876,-0.03567262333323721,0.0370740017388016,-2.17581594469374e-09,0.3535039963935176,-0.3536027778932342,0.0,-0.027999999999999144,0.1,0.0,0.15,0.0,3.499706745147705,56158,nan,1.0597410202026367,nan,52000,53367.148105468805,53365.493496694064,50,51882.6604602641,0.7845874794857546,0.0031371281184334843,0.005370196152155498,0.03313429653644562
