t,state,mode,x,y,z,vx,vy,vz,carrot_x,carrot_y,carrot_z,force,cmd,az,roll,pitch,solve_ms,ref_vx,ref_vy,ref_vz,target_x,target_y,target_z,target_vx,target_vy,target_vz,vbat,cmd_ctrl,spool_ceil,accz,hover_raw,hover_cmd,hover_est,hover_b50,b50_n,hover_vbat,az_mpc,eps0,eps_max,z_ground
8.193953790003434,prespin,0,0.02492540329694748,-0.000913746771402657,0.033408984541893005,0.004363237414509058,0.006595519371330738,-0.0012286731507629156,0.02492540329694748,-0.000913746771402657,0.033408984541893005,0.0,20000,-9.81,0.0,0.0,0.0,0.0,0.0,0.0,0.02492540329694748,-0.000913746771402657,0.033408984541893005,0.0,0.0,0.0,4.101466178894043,nan,20000.0,1.0003012418746948,nan,50000,nan,nan,0,nan,nan,nan,nan,0.033408984541893005
8.21236487000715,prespin,0,0.02491467073559761,-0.0008987023029476404,0.033409442752599716,0.0029779886826872826,0.004810013808310032,-0.0008708320674486458,0.02491467073559761,-0.0008987023029476404,0.033409442752599716,0.0,20000,-9.81,0.0,0.0,0.0,0.0,0.0,0.0,0.02491467073559761,-0.0008987023029476404,0.033409442752599716,0.0,0.0,0.0,4.101466178894043,nan,20000.0,1.0011394023895264,nan,50000,nan,nan,0,nan,nan,nan,nan,0.033408984541893005
8.232650265999837,prespin,0,0.024899577721953392,-0.0008942256681621075,0.03341151773929596,0.0033553456887602806,0.005186315160244703,-0.0007753525860607624,0.024899577721953392,-0.0008942256681621075,0.03341151773929596,0.0,20000,-9.81,0.0,0.0,0.0,0.0,0.0,0.0,0.024899577721953392,-0.0008942256681621075,0.03341151773929596,0.0,0.0,0.0,4.101466178894043,nan,20000.0,0.9994184970855713,nan,50000,nan,nan,0,nan,nan,nan,nan,0.033408984541893005
8.252343852014747,prespin,0,0.024933021515607834,-0.0009003086597658694,0.03337736800312996,0.003784655826166272,0.00440670782700181,-0.0007257908582687378,0.024933021515607834,-0.0009003086597658694,0.03337736800312996,0.0,20000,-9.81,0.0,0.0,0.0,0.0,0.0,0.0,0.024933021515607834,-0.0009003086597658694,0.03337736800312996,0.0,0.0,0.0,4.101466178894043,nan,20000.0,1.002851963043213,nan,50000,nan,nan,0,nan,nan,nan,nan,0.033408984541893005
8.272556064010132,prespin,0,0.024912117049098015,-0.0009034596150740981,0.033415164798498154,0.004644372500479221,0.003319913987070322,-0.0005249970126897097,0.024912117049098015,-0.0009034596150740981,0.033415164798498154,0.0,20000,-9.81,0.0,0.0,0.0,0.0,0.0,0.0,0.024912117049098015,-0.0009034596150740981,0.033415164798498154,0.0,0.0,0.0,4.101466178894043,nan,20000.0,0.9985210299491882,nan,50000,nan,nan,0,nan,nan,nan,nan,0.033408984541893005
8.292403936997289,prespin,0,0.024966450408101082,-0.0009098851587623358,0.033363986760377884,0.005224166437983513,0.0018787889275699854,-0.0002712660643737763,0.024966450408101082,-0.0009098851587623358,0.033363986760377884,0.0,20000,-9.81,0.0,0.0,0.0,0.0,0.0,0.0,0.024966450408101082,-0.0009098851587623358,0.033363986760377884,0.0,0.0,0.0,4.101466178894043,nan,20000.0,1.008681058883667,nan,50000,nan,nan,0,nan,nan,nan,nan,0.033408984541893005
8.312323163991095,prespin,0,0.024966249242424965,-0.0009284703992307186,0.03336142376065254,0.005952808540314436,0.0006763114361092448,-0.0004653641954064369,0.024966249242424965,-0.0009284703992307186,0.03336142376065254,0.0,20000,-9.81,0.0,0.0,0.0,0.0,0.0,0.0,0.024966249242424965,-0.0009284703992307186,0.03336142376065254,0.0,0.0,0.0,4.101466178894043,nan,20000.0,0.9918349981307983,nan,50000,nan,nan,0,nan,nan,nan,nan,0.033408984541893005
8.33230338600697,prespin,0,0.024941924959421158,-0.0009464515023864806,0.033327508717775345,0.006565941963344812,-0.0006188678089529276,-0.0005206832429394126,0.024941924959421158,-0.0009464515023864806,0.033327508717775345,0.0,20000,-9.81,0.0,0.0,0.0,0.0,0.0,0.0,0.024941924959421158,-0.0009464515023864806,0.033327508717775345,0.0,0.0,0.0,4.101466178894043,nan,20000.0,1.001678228378296,nan,50000,nan,nan,0,nan,nan,nan,nan,0.033408984541893005
8.352290570997866,prespin,0,0.0249458160251379,-0.0009337941883131862,0.03334664925932884,0.00721399812027812,-0.0018083491595461965,-0.0008450518944300711,0.0249458160251379,-0.0009337941883131862,0.03334664925932884,0.0,20000,-9.81,0.0,0.0,0.0,0.0,0.0,0.0,0.0249458160251379,-0.0009337941883131862,0.03334664925932884,0.0,0.0,0.0,4.101466178894043,nan,20000.0,0.998263955116272,nan,50000,nan,nan,0,nan,nan,nan,nan,0.033408984541893005
8.372385543014389,prespin,0,0.024937724694609642,-0.0009112411644309759,0.03343154489994049,0.007709893863648176,-0.003049223916605115,-0.0006330201867967844,0.024937724694609642,-0.0009112411644309759,0.03343154489994049,0.0,20000,-9.81,0.0,0.0,0.0,0.0,0.0,0.0,0.024937724694609642,-0.0009112411644309759,0.03343154489994049,0.0,0.0,0.0,3.9008798599243164,nan,20000.0,0.999873161315918,nan,50000,nan,nan,0,nan,nan,nan,nan,0.033408984541893005
8.39243236000766,prespin,0,0.02493617683649063,-0.0009258540812879801,0.0333772674202919,0.008304507471621037,-0.004190465435385704,-0.001206423039548099,0.02493617683649063,-0.0009258540812879801,0.0333772674202919,0.0,20000,-9.81,0.0,0.0,0.0,0.0,0.0,0.0,0.02493617683649063,-0.0009258540812879801,0.0333772674202919,0.0,0.0,0.0,3.9008798599243164,nan,20000.0,0.9984337687492371,nan,50000,nan,nan,0,nan,nan,nan,nan,0.033408984541893005
8.412475481018191,prespin,0,0.024901466444134712,-0.0009336730581708252,0.03343471884727478,0.008887114003300667,-0.0053152237087488174,-0.0006675389013253152,0.024901466444134712,-0.0009336730581708252,0.03343471884727478,0.0,20000,-9.81,0.0,0.0,0.0,0.0,0.0,0.0,0.024901466444134712,-0.0009336730581708252,0.03343471884727478,0.0,0.0,0.0,3.9008798599243164,nan,20000.0,1.0063008069992065,nan,50000,nan,nan,0,nan,nan,nan,nan,0.033408984541893005
8.433451832999708,prespin,0,0.024960821494460106,-0.0009434097446501255,0.03342830762267113,0.00918436236679554,-0.006383100524544716,-0.0006579456385225058,0.024960821494460106,-0.0009434097446501255,0.03342830762267113,0.0,20000,-9.81,0.0,0.0,0.0,0.0,0.0,0.0,0.024960821494460106,-0.0009434097446501255,0.03342830762267113,0.0,0.0,0.0,3.9008798599243164,nan,20000.0,0.996849775314331,nan,50000,nan,nan,0,nan,nan,nan,nan,0.033408984541893005
8.452404740004567,prespin,0,0.024989288300275803,-0.0009667646372690797,0.033363036811351776,0.009606512263417244,-0.007402622140944004,-0.0009620508062653244,0.024989288300275803,-0.0009667646372690797,0.033363036811351776,0.0,20000,-9.81,0.0,0.0,0.0,0.0,0.0,0.0,0.024989288300275803,-0.0009667646372690797,0.033363036811351776,0.0,0.0,0.0,3.9008798599243164,nan,20000.0,0.9993505477905273,nan,50000,nan,nan,0,nan,nan,nan,nan,0.033408984541893005
8.47255473700352,prespin,0,0.02497050352394581,-0.0009490384254604578,0.03338169679045677,0.010080982930958271,-0.008392628282308578,-0.0014108093455433846,0.02497050352394581,-0.0009490384254604578,0.03338169679045677,0.0,20000,-9.81,0.0,0.0,0.0,0.0,0.0,0.0,0.02497050352394581,-0.0009490384254604578,0.03338169679045677,0.0,0.0,0.0,3.9008798599243164,nan,20000.0,1.004439115524292,nan,50000,nan,nan,0,nan,nan,nan,nan,0.033408984541893005
8.492385766992811,prespin,0,0.024993013590574265,-0.0009128839010372758,0.03336453437805176,0.010246951133012772,-0.009198063053190708,-0.00036918753175996244,0.024993013590574265,-0.0009128839010372758,0.03336453437805176,0.0,20000,-9.81,0.0,0.0,0.0,0.0,0.0,0.0,0.024993013590574265,-0.0009128839010372758,0.03336453437805176,0.0,0.0,0.0,3.9008798599243164,nan,20000.0,0.9978012442588806,nan,50000,nan,nan,0,nan,nan,nan,nan,0.033408984541893005
8.512565973011078,prespin,0,0.024980928748846054,-0.0008631127420812845,0.03339255228638649,0.01064186729490757,-0.01000412367284298,-0.0009391109342686832,0.024980928748846054,-0.0008631127420812845,0.03339255228638649,0.0,20000,-9.81,0.0,0.0,0.0,0.0,0.0,0.0,0.024980928748846054,-0.0008631127420812845,0.03339255228638649,0.0,0.0,0.0,3.9008798599243164,nan,20000.0,0.9919071197509766,nan,50000,nan,nan,0,nan,nan,nan,nan,0.033408984541893005
8.533218347991351,prespin,0,0.024867575615644455,-0.0007540207589045167,0.033445365726947784,0.010748765431344509,-0.010542341507971287,-0.0027830556500703096,0.024867575615644455,-0.0007540207589045167,0.033445365726947784,0.0,20000,-9.81,0.0,0.0,0.0,0.0,0.0,0.0,0.024867575615644455,-0.0007540207589045167,0.033445365726947784,0.0,0.0,0.0,3.9008798599243164,nan,20000.0,1.002238154411316,nan,50000,nan,nan,0,nan,nan,nan,nan,0.033408984541893005
8.552257222996559,prespin,0,0.024831147864460945,-0.000695066642947495,0.03340485692024231,0.011062964797019958,-0.011139932088553905,-0.0017938895616680384,0.024831147864460945,-0.000695066642947495,0.03340485692024231,0.0,20000,-9.81,0.0,0.0,0.0,0.0,0.0,0.0,0.024831147864460945,-0.000695066642947495,0.03340485692024231,0.0,0.0,0.0,3.9008798599243164,nan,20000.0,1.0142772197723389,nan,50000,nan,nan,0,nan,nan,nan,nan,0.033408984541893005
8.573304160003318,prespin,0,0.024715950712561607,-0.0005228588124737144,0.03338943421840668,0.011125659570097923,-0.011490967124700546,0.0015912813832983375,0.024715950712561607,-0.0005228588124737144,0.03338943421840668,0.0,20000,-9.81,0.0,0.0,0.0,0.0,0.0,0.0,0.024715950712561607,-0.0005228588124737144,0.03338943421840668,0.0,0.0,0.0,3.921994209289551,nan,20000.0,1.0259385108947754,nan,50000,nan,nan,0,nan,nan,nan,nan,0.033408984541893005
8.593584835994989,spool,0,0.024637918919324875,-0.00046536605805158615,0.033410243690013885,0.011490823701024055,-0.01195279136300087,0.005697214510291815,0.024637918919324875,-0.00046536605805158615,0.033410243690013885,0.0,20000,-9.81,0.0,0.0,0.0,0.0,0.0,0.0,0.024637918919324875,-0.00046536605805158615,0.033410243690013885,0.0,0.0,0.0,3.921994209289551,nan,20000.0,1.0294729471206665,nan,50000,nan,nan,0,nan,nan,nan,nan,0.033408984541893005
8.61223997201887,spool,0,0.02459658496081829,-0.0003934190608561039,0.033398449420928955,0.01197761483490467,-0.012456891126930714,0.009885995648801327,0.02459658496081829,-0.0003934190608561039,0.033398449420928955,0.0,20439,-9.81,0.0,0.0,0.0,0.0,0.0,0.0,0.02459658496081829,-0.0003934190608561039,0.033398449420928955,0.0,0.0,0.0,3.921994209289551,nan,20439.0654177987,1.0096288919448853,nan,50000,nan,nan,0,nan,nan,nan,nan,0.033408984541893005
8.632172926008934,spool,0,0.02449452318251133,-0.00033317762427031994,0.033454857766628265,0.011998348869383335,-0.012501590885221958,0.011013087816536427,0.02449452318251133,-0.00033317762427031994,0.033454857766628265,0.0,20877,-9.81,0.0,0.0,0.0,0.0,0.0,0.0,0.02449452318251133,-0.00033317762427031994,0.033454857766628265,0.0,0.0,0.0,3.921994209289551,nan,20877.496619941667,0.9802671670913696,nan,50000,nan,nan,0,nan,nan,nan,nan,0.033408984541893005
8.652230847015744,spool,0,0.024385273456573486,-0.00032125518191605806,0.03345336392521858,0.012753263115882874,-0.01327002327889204,0.006355548743158579,0.024385273456573486,-0.00032125518191605806,0.03345336392521858,0.0,21318,-9.81,0.0,0.0,0.0,0.0,0.0,0.0,0.024385273456573486,-0.00032125518191605806,0.03345336392521858,0.0,0.0,0.0,3.921994209289551,nan,21318.78177204635,0.9615334272384644,nan,50000,nan,nan,0,nan,nan,nan,nan,0.033408984541893005
8.672322207014076,spool,0,0.02419375814497471,-0.0002838232321664691,0.033429913222789764,0.012242527678608894,-0.012925077229738235,0.0009995015570893884,0.02419375814497471,-0.0002838232321664691,0.033429913222789764,0.0,21760,-9.81,0.0,0.0,0.0,0.0,0.0,0.0,0.02419375814497471,-0.0002838232321664691,0.033429913222789764,0.0,0.0,0.0,3.921994209289551,nan,21760.474232025445,1.0340566635131836,nan,50000,nan,nan,0,nan,nan,nan,nan,0.033408984541893005
8.692156488017645,spool,0,0.02392040193080902,-4.722457379102707e-05,0.033484019339084625,0.012606830336153507,-0.013441529124975204,0.006231582257896662,0.02392040193080902,-4.722457379102707e-05,0.033484019339084625,0.0,22197,-9.81,0.0,0.0,0.0,0.0,0.0,0.0,0.02392040193080902,-4.722457379102707e-05,0.033484019339084625,0.0,0.0,0.0,3.921994209289551,nan,22197.276289749425,1.0187588930130005,nan,50000,nan,nan,0,nan,nan,nan,nan,0.033408984541893005
8.712233703001402,spool,0,0.023900015279650688,0.00014477013610303402,0.03350535407662392,0.01351193804293871,-0.01431953813880682,0.007403175346553326,0.023900015279650688,0.00014477013610303402,0.03350535407662392,0.0,22638,-9.81,0.0,0.0,0.0,0.0,0.0,0.0,0.023900015279650688,0.00014477013610303402,0.03350535407662392,0.0,0.0,0.0,3.921994209289551,nan,22638.437119778246,1.0140811204910278,nan,50000,nan,nan,0,nan,nan,nan,nan,0.033408984541893005
8.732191112998407,spool,0,0.02380787394940853,0.00041229085763916373,0.03348468244075775,0.012848271988332272,-0.01375267282128334,0.006180362775921822,0.02380787394940853,0.00041229085763916373,0.03348468244075775,0.0,23077,-9.81,0.0,0.0,0.0,0.0,0.0,0.0,0.02380787394940853,0.00041229085763916373,0.03348468244075775,0.0,0.0,0.0,3.921994209289551,nan,23077.697216009255,0.9760915637016296,nan,50000,nan,nan,0,nan,nan,nan,nan,0.033408984541893005
8.752181732997997,spool,0,0.023716215044260025,0.0005014672642573714,0.03344251587986946,0.013403864577412605,-0.014112435281276703,0.003106852760538459,0.023716215044260025,0.0005014672642573714,0.03344251587986946,0.0,23517,-9.81,0.0,0.0,0.0,0.0,0.0,0.0,0.023716215044260025,0.0005014672642573714,0.03344251587986946,0.0,0.0,0.0,3.921994209289551,nan,23517.671542300377,1.0491607189178467,nan,50000,nan,nan,0,nan,nan,nan,nan,0.033408984541893005
8.772833260009065,spool,0,0.023627622053027153,0.00042768195271492004,0.03340822085738182,0.013660898432135582,-0.01388400886207819,0.006530436221510172,0.023627622053027153,0.00042768195271492004,0.03340822085738182,0.0,23971,-9.81,0.0,0.0,0.0,0.0,0.0,0.0,0.023627622053027153,0.00042768195271492004,0.03340822085738182,0.0,0.0,0.0,3.9008798599243164,nan,23971.299860219005,1.0077180862426758,nan,50000,nan,nan,0,nan,nan,nan,nan,0.033408984541893005
8.792315950995544,spool,0,0.023510664701461792,0.0004622116684913635,0.03348740190267563,0.014394126832485199,-0.014259821735322475,0.003533565439283848,0.023510664701461792,0.0004622116684913635,0.03348740190267563,0.0,24400,-9.81,0.0,0.0,0.0,0.0,0.0,0.0,0.023510664701461792,0.0004622116684913635,0.03348740190267563,0.0,0.0,0.0,3.9008798599243164,nan,24400.930798146874,1.0029419660568237,nan,50000,nan,nan,0,nan,nan,nan,nan,0.033408984541893005
8.812234726996394,spool,0,0.023545723408460617,0.00044120632810518146,0.033483635634183884,0.015168356709182262,-0.014744918793439865,0.0004499664646573365,0.023545723408460617,0.00044120632810518146,0.033483635634183884,0.0,24838,-9.81,0.0,0.0,0.0,0.0,0.0,0.0,0.023545723408460617,0.00044120632810518146,0.033483635634183884,0.0,0.0,0.0,3.9008798599243164,nan,24838.720963685773,0.9908987879753113,nan,50000,nan,nan,0,nan,nan,nan,nan,0.033408984541893005
8.832136087992694,spool,0,0.023548642173409462,0.000440221861936152,0.03348350152373314,0.015343169681727886,-0.014696438796818256,0.00012696262274403125,0.023548642173409462,0.000440221861936152,0.03348350152373314,0.0,25276,-9.81,0.0,0.0,0.0,0.0,0.0,0.0,0.023548642173409462,0.000440221861936152,0.03348350152373314,0.0,0.0,0.0,3.9008798599243164,nan,25276.94954595063,1.0078850984573364,nan,50000,nan,nan,0,nan,nan,nan,nan,0.033408984541893005
8.85240140199312,spool,0,0.02353661321103573,0.0004531113663688302,0.033520378172397614,0.016162464395165443,-0.01526928786188364,0.003319660434499383,0.02353661321103573,0.0004531113663688302,0.033520378172397614,0.0,25721,-9.81,0.0,0.0,0.0,0.0,0.0,0.0,0.02353661321103573,0.0004531113663688302,0.033520378172397614,0.0,0.0,0.0,3.9008798599243164,nan,25721.694527892396,0.9987139701843262,nan,50000,nan,nan,0,nan,nan,nan,nan,0.033408984541893005
8.872351997997612,spool,0,0.023567508906126022,0.000451569736469537,0.033486541360616684,0.016395580023527145,-0.01528932061046362,0.0035157210659235716,0.023567508906126022,0.000451569736469537,0.033486541360616684,0.0,26160,-9.81,0.0,0.0,0.0,0.0,0.0,0.0,0.023567508906126022,0.000451569736469537,0.033486541360616684,0.0,0.0,0.0,3.9008798599243164,nan,26160.396901948843,0.9900048971176147,nan,50000,nan,nan,0,nan,nan,nan,nan,0.033408984541893005
8.892279215011513,spool,0,0.023596402257680893,0.0004222128773108125,0.033487677574157715,0.01717420294880867,-0.01569058559834957,0.003724532201886177,0.023596402257680893,0.0004222128773108125,0.033487677574157715,0.0,26599,-9.81,0.0,0.0,0.0,0.0,0.0,0.0,0.023596402257680893,0.0004222128773108125,0.033487677574157715,0.0,0.0,0.0,3.9008798599243164,nan,26599.301851703785,1.0034892559051514,nan,50000,nan,nan,0,nan,nan,nan,nan,0.033408984541893005
8.912200329999905,spool,0,0.02367856167256832,0.0004085897235199809,0.033489249646663666,0.01801636442542076,-0.01614258624613285,0.0056467424146831036,0.02367856167256832,0.0004085897235199809,0.033489249646663666,0.0,27038,-9.81,0.0,0.0,0.0,0.0,0.0,0.0,0.02367856167256832,0.0004085897235199809,0.033489249646663666,0.0,0.0,0.0,3.9008798599243164,nan,27038.08461409062,0.9967390298843384,nan,50000,nan,nan,0,nan,nan,nan,nan,0.033408984541893005
8.932300612999825,spool,0,0.023654261603951454,0.00038254953688010573,0.033504705876111984,0.01889382302761078,-0.016587525606155396,0.004776598885655403,0.023654261603951454,0.00038254953688010573,0.033504705876111984,0.0,27479,-9.81,0.0,0.0,0.0,0.0,0.0,0.0,0.023654261603951454,0.00038254953688010573,0.033504705876111984,0.0,0.0,0.0,3.9008798599243164,nan,27479.6240858268,1.0001695156097412,nan,50000,nan,nan,0,nan,nan,nan,nan,0.033408984541893005
8.95225613101502,spool,0,0.02366417460143566,0.0004372547846287489,0.03347647190093994,0.019297029823064804,-0.01660213991999626,0.003875826019793749,0.02366417460143566,0.0004372547846287489,0.03347647190093994,0.0,27918,-9.81,0.0,0.0,0.0,0.0,0.0,0.0,0.02366417460143566,0.0004372547846287489,0.03347647190093994,0.0,0.0,0.0,3.9008798599243164,nan,27918.9613139024,0.9829189777374268,nan,50000,nan,nan,0,nan,nan,nan,nan,0.033408984541893005
8.973315854993416,spool,0,0.023646419867873192,0.0004152447800152004,0.03350348770618439,0.019576413556933403,-0.01651655323803425,0.0036510408390313387,0.023646419867873192,0.0004152447800152004,0.03350348770618439,0.0,28376,-9.81,0.0,0.0,0.0,0.0,0.0,0.0,0.023646419867873192,0.0004152447800152004,0.03350348770618439,0.0,0.0,0.0,3.8639297485351562,nan,28376.979116001166,0.9879665970802307,nan,50000,nan,nan,0,nan,nan,nan,nan,0.033408984541893005
8.992246478010202,spool,0,0.023605499416589737,0.00040005671326071024,0.03348277881741524,0.02028735727071762,-0.01684757135808468,0.002184957964345813,0.023605499416589737,0.00040005671326071024,0.03348277881741524,0.0,28798,-9.81,0.0,0.0,0.0,0.0,0.0,0.0,0.023605499416589737,0.00040005671326071024,0.03348277881741524,0.0,0.0,0.0,3.8639297485351562,nan,28798.7983598141,1.01401948928833,nan,50000,nan,nan,0,nan,nan,nan,nan,0.033408984541893005
9.012169174005976,spool,0,0.023562949150800705,0.000307546928524971,0.03351261466741562,0.021115656942129135,-0.017333107069134712,0.000985833816230297,0.023562949150800705,0.000307546928524971,0.03351261466741562,0.0,29237,-9.81,0.0,0.0,0.0,0.0,0.0,0.0,0.023562949150800705,0.000307546928524971,0.03351261466741562,0.0,0.0,0.0,3.8639297485351562,nan,29237.483925768174,0.9873371124267578,nan,50000,nan,nan,0,nan,nan,nan,nan,0.033408984541893005
9.032173625018913,spool,0,0.023443706333637238,0.00030512933153659105,0.03349308669567108,0.02114028111100197,-0.017260590568184853,-3.806825407082215e-05,0.023443706333637238,0.00030512933153659105,0.03349308669567108,0.0,29677,-9.81,0.0,0.0,0.0,0.0,0.0,0.0,0.023443706333637238,0.00030512933153659105,0.03349308669567108,0.0,0.0,0.0,3.8639297485351562,nan,29677.498534263577,0.9814354777336121,nan,50000,nan,nan,0,nan,nan,nan,nan,0.033408984541893005
9.052357202017447,spool,0,0.023443706333637238,0.00030512933153659105,0.03349308669567108,0.021770769730210304,-0.01778602972626686,0.0019447299418970942,0.023443706333637238,0.00030512933153659105,0.03349308669567108,0.0,30120,-9.81,0.0,0.0,0.0,0.0,0.0,0.0,0.023443706333637238,0.00030512933153659105,0.03349308669567108,0.0,0.0,0.0,3.8639297485351562,nan,30120.93645206187,1.0122970342636108,nan,50000,nan,nan,0,nan,nan,nan,nan,0.033408984541893005
9.072338700992987,spool,0,0.023443706333637238,0.00030512933153659105,0.03349308669567108,0.022889327257871628,-0.018669413402676582,0.003727155039086938,0.023443706333637238,0.00030512933153659105,0.03349308669567108,0.0,30560,-9.81,0.0,0.0,0.0,0.0,0.0,0.0,0.023443706333637238,0.00030512933153659105,0.03349308669567108,0.0,0.0,0.0,3.8639297485351562,nan,30560.460041917395,0.9962179064750671,nan,50000,nan,nan,0,nan,nan,nan,nan,0.033408984541893005
9.09233828599099,spool,0,0.023443706333637238,0.00030512933153659105,0.03349308669567108,0.024632949382066727,-0.020028486847877502,0.0041509210132062435,0.023443706333637238,0.00030512933153659105,0.03349308669567108,0.0,31000,-9.81,0.0,0.0,0.0,0.0,0.0,0.0,0.023443706333637238,0.00030512933153659105,0.03349308669567108,0.0,0.0,0.0,3.8639297485351562,nan,31000.85980381118,0.9980080723762512,nan,50000,nan,nan,0,nan,nan,nan,nan,0.033408984541893005
9.112286440009484,spool,0,0.023443706333637238,0.00030512933153659105,0.03349308669567108,0.026450151577591896,-0.02142440527677536,0.006184115074574947,0.023443706333637238,0.00030512933153659105,0.03349308669567108,0.0,31439,-9.81,0.0,0.0,0.0,0.0,0.0,0.0,0.023443706333637238,0.00030512933153659105,0.03349308669567108,0.0,0.0,0.0,3.8639297485351562,nan,31439.717718283646,0.9718030691146851,nan,50000,nan,nan,0,nan,nan,nan,nan,0.033408984541893005
9.132392599014565,spool,0,0.023443706333637238,0.00030512933153659105,0.03349308669567108,0.028343725949525833,-0.022859450429677963,0.00535048171877861,0.023443706333637238,0.00030512933153659105,0.03349308669567108,0.0,31881,-9.81,0.0,0.0,0.0,0.0,0.0,0.0,0.023443706333637238,0.00030512933153659105,0.03349308669567108,0.0,0.0,0.0,3.8639297485351562,nan,31881.92631973652,1.010564923286438,nan,50000,nan,nan,0,nan,nan,nan,nan,0.033408984541893005
9.152254412998445,spool,0,0.023443706333637238,0.00030512933153659105,0.03349308669567108,0.03049156814813614,-0.024410707876086235,0.007714137900620699,0.023443706333637238,0.00030512933153659105,0.03349308669567108,0.0,32319,-9.81,0.0,0.0,0.0,0.0,0.0,0.0,0.023443706333637238,0.00030512933153659105,0.03349308669567108,0.0,0.0,0.0,3.8639297485351562,nan,32319.106426264625,0.9817763566970825,nan,50000,nan,nan,0,nan,nan,nan,nan,0.033408984541893005
9.174621279002167,spool,0,0.022611549124121666,0.00015375204384326935,0.033417776226997375,0.022053150460124016,-0.017391784116625786,0.005599380470812321,0.022611549124121666,0.00015375204384326935,0.033417776226997375,0.0,32790,-9.81,0.0,0.0,0.0,0.0,0.0,0.0,0.022611549124121666,0.00015375204384326935,0.033417776226997375,0.0,0.0,0.0,3.8322582244873047,nan,32790.6414680765,0.979699969291687,nan,50000,nan,nan,0,nan,nan,nan,nan,0.033408984541893005
9.193342564016348,spool,0,0.022693373262882233,0.00011575582902878523,0.03341331705451012,0.022053150460124016,-0.017391784116625786,0.005599380470812321,0.022693373262882233,0.00011575582902878523,0.03341331705451012,0.0,33223,-9.81,0.0,0.0,0.0,0.0,0.0,0.0,0.022693373262882233,0.00011575582902878523,0.03341331705451012,0.0,0.0,0.0,3.8322582244873047,nan,33223.186768067535,0.979699969291687,nan,50000,nan,nan,0,nan,nan,nan,nan,0.033408984541893005
9.212214558996493,spool,0,0.02273288555443287,5.8409059420228004e-05,0.0334160178899765,0.019923610612750053,-0.015560253523290157,0.0035927151329815388,0.02273288555443287,5.8409059420228004e-05,0.0334160178899765,0.0,33638,-9.81,0.0,0.0,0.0,0.0,0.0,0.0,0.02273288555443287,5.8409059420228004e-05,0.0334160178899765,0.0,0.0,0.0,3.8322582244873047,nan,33638.53306189412,1.001776933670044,nan,50000,nan,nan,0,nan,nan,nan,nan,0.033408984541893005
9.232424070010893,spool,0,0.02269984595477581,0.00013164931442588568,0.03343985229730606,0.02053227461874485,-0.015368543565273285,0.004007242154330015,0.02269984595477581,0.00013164931442588568,0.03343985229730606,0.0,34082,-9.81,0.0,0.0,0.0,0.0,0.0,0.0,0.02269984595477581,0.00013164931442588568,0.03343985229730606,0.0,0.0,0.0,3.8322582244873047,nan,34082.445211999584,0.9635627269744873,nan,50000,nan,nan,0,nan,nan,nan,nan,0.033408984541893005
9.252319221006474,spool,0,0.022641392424702644,0.00020073284395039082,0.033445704728364944,0.021650543436408043,-0.01561596430838108,-0.00045859519741497934,0.022641392424702644,0.00020073284395039082,0.033445704728364944,0.0,34520,-9.81,0.0,0.0,0.0,0.0,0.0,0.0,0.022641392424702644,0.00020073284395039082,0.033445704728364944,0.0,0.0,0.0,3.8322582244873047,nan,34520.24439786328,1.0049585103988647,nan,50000,nan,nan,0,nan,nan,nan,nan,0.033408984541893005
9.272414461011067,spool,0,0.022608580067753792,0.00019700276607181877,0.03344670683145523,0.022086869925260544,-0.015434262342751026,-0.0014346528332680464,0.022608580067753792,0.00019700276607181877,0.03344670683145523,0.0,34962,-9.81,0.0,0.0,0.0,0.0,0.0,0.0,0.022608580067753792,0.00019700276607181877,0.03344670683145523,0.0,0.0,0.0,3.8322582244873047,nan,34962.12973195361,1.014452338218689,nan,50000,nan,nan,0,nan,nan,nan,nan,0.033408984541893005
9.292294300015783,spool,0,0.022608580067753792,0.00019700276607181877,0.03344670683145523,0.0252388846129179,-0.016427332535386086,-0.0017996578244492412,0.022608580067753792,0.00019700276607181877,0.03344670683145523,0.0,35399,-9.81,0.0,0.0,0.0,0.0,0.0,0.0,0.022608580067753792,0.00019700276607181877,0.03344670683145523,0.0,0.0,0.0,3.8322582244873047,nan,35399.78688611882,1.0060172080993652,nan,50000,nan,nan,0,nan,nan,nan,nan,0.033408984541893005
9.312482848006766,spool,0,0.022608580067753792,0.00019700276607181877,0.03344670683145523,0.0252388846129179,-0.016427332535386086,-0.0017996578244492412,0.022608580067753792,0.00019700276607181877,0.03344670683145523,0.0,35844,-9.81,0.0,0.0,0.0,0.0,0.0,0.0,0.022608580067753792,0.00019700276607181877,0.03344670683145523,0.0,0.0,0.0,3.8322582244873047,nan,35844.08269391861,1.0157321691513062,nan,50000,nan,nan,0,nan,nan,nan,nan,0.033408984541893005
9.332293276005657,spool,0,0.022608580067753792,0.00019700276607181877,0.03344670683145523,0.027501020580530167,-0.01716446503996849,0.00012159962352598086,0.022608580067753792,0.00019700276607181877,0.03344670683145523,0.0,36279,-9.81,0.0,0.0,0.0,0.0,0.0,0.0,0.022608580067753792,0.00019700276607181877,0.03344670683145523,0.0,0.0,0.0,3.8322582244873047,nan,36279.54396180576,0.9876853823661804,nan,50000,nan,nan,0,nan,nan,nan,nan,0.033408984541893005
9.352263456996297,spool,0,0.022608580067753792,0.00019700276607181877,0.03344670683145523,0.029772011563181877,-0.017838455736637115,0.0006721170502714813,0.022608580067753792,0.00019700276607181877,0.03344670683145523,0.0,36719,-9.81,0.0,0.0,0.0,0.0,0.0,0.0,0.022608580067753792,0.00019700276607181877,0.03344670683145523,0.0,0.0,0.0,3.8322582244873047,nan,36719.0714016906,0.9909161329269409,nan,50000,nan,nan,0,nan,nan,nan,nan,0.033408984541893005
9.37237835401902,spool,0,0.022608580067753792,0.00019700276607181877,0.03344670683145523,0.03422480449080467,-0.019065501168370247,-0.0007769821095280349,0.022608580067753792,0.00019700276607181877,0.03344670683145523,0.0,37161,-9.81,0.0,0.0,0.0,0.0,0.0,0.0,0.022608580067753792,0.00019700276607181877,0.03344670683145523,0.0,0.0,0.0,3.7953078746795654,nan,37161.42982390011,1.0039252042770386,nan,50000,nan,nan,0,nan,nan,nan,nan,0.033408984541893005
9.392252788995393,spool,0,0.022608580067753792,0.00019700276607181877,0.03344670683145523,0.03422480449080467,-0.019065501168370247,-0.0007769821095280349,0.022608580067753792,0.00019700276607181877,0.03344670683145523,0.0,37598,-9.81,0.0,0.0,0.0,0.0,0.0,0.0,0.022608580067753792,0.00019700276607181877,0.03344670683145523,0.0,0.0,0.0,3.7953078746795654,nan,37598.86999212904,0.9762681722640991,nan,50000,nan,nan,0,nan,nan,nan,nan,0.033408984541893005
9.412171533011133,spool,0,0.022686582058668137,0.00014710507821291685,0.033426932990550995,0.03663881868124008,-0.019771115854382515,-7.997677312232554e-05,0.022686582058668137,0.00014710507821291685,0.033426932990550995,0.0,38037,-9.81,0.0,0.0,0.0,0.0,0.0,0.0,0.022686582058668137,0.00014710507821291685,0.033426932990550995,0.0,0.0,0.0,3.7953078746795654,nan,38037.954286148306,0.9946391582489014,nan,50000,nan,nan,0,nan,nan,nan,nan,0.033408984541893005
9.43218321801396,spool,0,0.022573841735720634,0.0002304505615029484,0.03343234583735466,0.03040948696434498,-0.015546047128736973,-0.0008977560210041702,0.022573841735720634,0.0002304505615029484,0.03343234583735466,0.0,38478,-9.81,0.0,0.0,0.0,0.0,0.0,0.0,0.022573841735720634,0.0002304505615029484,0.03343234583735466,0.0,0.0,0.0,3.7953078746795654,nan,38478.06081001181,1.0021824836730957,nan,50000,nan,nan,0,nan,nan,nan,nan,0.033408984541893005
9.452278726006625,spool,0,0.022617889568209648,0.00020959327230229974,0.033439379185438156,0.024655761197209358,-0.011057954281568527,-0.0017075499054044485,0.022617889568209648,0.00020959327230229974,0.033439379185438156,0.0,38919,-9.81,0.0,0.0,0.0,0.0,0.0,0.0,0.022617889568209648,0.00020959327230229974,0.033439379185438156,0.0,0.0,0.0,3.7953078746795654,nan,38919.66350981966,1.016762375831604,nan,50000,nan,nan,0,nan,nan,nan,nan,0.033408984541893005
9.473357111011865,spool,0,0.022696293890476227,0.0001380534959025681,0.03340886905789375,0.023928789421916008,-0.009996417909860611,-0.001908761216327548,0.022696293890476227,0.0001380534959025681,0.03340886905789375,0.0,39372,-9.81,0.0,0.0,0.0,0.0,0.0,0.0,0.022696293890476227,0.0001380534959025681,0.03340886905789375,0.0,0.0,0.0,3.7953078746795654,nan,39372.05703376094,1.0194509029388428,nan,50000,nan,nan,0,nan,nan,nan,nan,0.033408984541893005
9.492229134018999,spool,0,0.022713249549269676,6.098410813137889e-05,0.03342720493674278,0.0248634722083807,-0.009823824279010296,-0.002916013589128852,0.022713249549269676,6.098410813137889e-05,0.03342720493674278,0.0,39798,-9.81,0.0,0.0,0.0,0.0,0.0,0.0,0.022713249549269676,6.098410813137889e-05,0.03342720493674278,0.0,0.0,0.0,3.7953078746795654,nan,39798.58524631709,0.9925241470336914,nan,50000,nan,nan,0,nan,nan,nan,nan,0.033408984541893005
9.512415603996487,spool,0,0.0227067731320858,4.614540375769138e-05,0.03344007954001427,0.025978492572903633,-0.00972292385995388,0.0003036975394934416,0.0227067731320858,4.614540375769138e-05,0.03344007954001427,0.0,40241,-9.81,0.0,0.0,0.0,0.0,0.0,0.0,0.0227067731320858,4.614540375769138e-05,0.03344007954001427,0.0,0.0,0.0,3.7953078746795654,nan,40241.82958569145,0.9948474168777466,nan,50000,nan,nan,0,nan,nan,nan,nan,0.033408984541893005
9.532398734008893,spool,0,0.0227067731320858,4.614540375769138e-05,0.03344007954001427,0.026856865733861923,-0.009633530862629414,0.0005231428076513112,0.0227067731320858,4.614540375769138e-05,0.03344007954001427,0.0,40681,-9.81,0.0,0.0,0.0,0.0,0.0,0.0,0.0227067731320858,4.614540375769138e-05,0.03344007954001427,0.0,0.0,0.0,3.7953078746795654,nan,40681.7607920384,0.9655100703239441,nan,50000,nan,nan,0,nan,nan,nan,nan,0.033408984541893005
9.552458082005614,spool,0,0.0227067731320858,4.614540375769138e-05,0.03344007954001427,0.028979286551475525,-0.010266060009598732,-0.0011674570851027966,0.0227067731320858,4.614540375769138e-05,0.03344007954001427,0.0,41122,-9.81,0.0,0.0,0.0,0.0,0.0,0.0,0.0227067731320858,4.614540375769138e-05,0.03344007954001427,0.0,0.0,0.0,3.7953078746795654,nan,41122.54702823702,0.9651264548301697,nan,50000,nan,nan,0,nan,nan,nan,nan,0.033408984541893005
9.572349194000708,spool,0,0.0227067731320858,4.614540375769138e-05,0.03344007954001427,0.031121140345931053,-0.010954795405268669,-0.0018202384235337377,0.0227067731320858,4.614540375769138e-05,0.03344007954001427,0.0,41560,-9.81,0.0,0.0,0.0,0.0,0.0,0.0,0.0227067731320858,4.614540375769138e-05,0.03344007954001427,0.0,0.0,0.0,3.763636350631714,nan,41560.649858030956,1.0471510887145996,nan,50000,nan,nan,0,nan,nan,nan,nan,0.033408984541893005
9.592474085016875,spool,0,0.0227067731320858,4.614540375769138e-05,0.03344007954001427,0.033285342156887054,-0.011650234460830688,-0.0037704110145568848,0.0227067731320858,4.614540375769138e-05,0.03344007954001427,0.0,42003,-9.81,0.0,0.0,0.0,0.0,0.0,0.0,0.0227067731320858,4.614540375769138e-05,0.03344007954001427,0.0,0.0,0.0,3.763636350631714,nan,42003.28856019769,1.0471361875534058,nan,50000,nan,nan,0,nan,nan,nan,nan,0.033408984541893005
9.612314655998489,spool,0,0.0227067731320858,4.614540375769138e-05,0.03344007954001427,0.03546703979372978,-0.012326250784099102,-0.0022238348610699177,0.0227067731320858,4.614540375769138e-05,0.03344007954001427,0.0,42440,-9.81,0.0,0.0,0.0,0.0,0.0,0.0,0.0227067731320858,4.614540375769138e-05,0.03344007954001427,0.0,0.0,0.0,3.763636350631714,nan,42440.09497377556,0.9249345660209656,nan,50000,nan,nan,0,nan,nan,nan,nan,0.033408984541893005
9.63441230499302,spool,0,0.0226664487272501,6.403372390195727e-05,0.033448975533246994,0.028480060398578644,-0.008928385563194752,-0.004992571193724871,0.0226664487272501,6.403372390195727e-05,0.033448975533246994,0.0,42905,-9.81,0.0,0.0,0.0,0.0,0.0,0.0,0.0226664487272501,6.403372390195727e-05,0.033448975533246994,0.0,0.0,0.0,3.763636350631714,nan,42905.64784221351,0.993874728679657,nan,50000,nan,nan,0,nan,nan,nan,nan,0.033408984541893005
9.652416308992542,spool,0,0.022667380049824715,-0.0001517083728685975,0.033502187579870224,0.028480060398578644,-0.008928385563194752,-0.004992571193724871,0.022667380049824715,-0.0001517083728685975,0.033502187579870224,0.0,43322,-9.81,0.0,0.0,0.0,0.0,0.0,0.0,0.022667380049824715,-0.0001517083728685975,0.033502187579870224,0.0,0.0,0.0,3.763636350631714,nan,43322.204729833174,0.993874728679657,nan,50000,nan,nan,0,nan,nan,nan,nan,0.033408984541893005
9.67317056300817,spool,0,0.022696157917380333,-0.0002564340829849243,0.033617567270994186,0.02291029505431652,-0.006442415062338114,-0.0019438676536083221,0.022696157917380333,-0.0002564340829849243,0.033617567270994186,0.0,43772,-9.81,0.0,0.0,0.0,0.0,0.0,0.0,0.022696157917380333,-0.0002564340829849243,0.033617567270994186,0.0,0.0,0.0,3.763636350631714,nan,43772.71881583147,1.0039223432540894,nan,50000,nan,nan,0,nan,nan,nan,nan,0.033408984541893005
9.692385064001428,spool,0,0.022699957713484764,-0.0003328196471557021,0.0336185023188591,0.023261595517396927,-0.006334206555038691,-0.0044291382655501366,0.022699957713484764,-0.0003328196471557021,0.0336185023188591,0.0,44201,-9.81,0.0,0.0,0.0,0.0,0.0,0.0,0.022699957713484764,-0.0003328196471557021,0.0336185023188591,0.0,0.0,0.0,3.763636350631714,nan,44201.447248109616,0.9636112451553345,nan,50000,nan,nan,0,nan,nan,nan,nan,0.033408984541893005
9.71236001100624,spool,0,0.022719616070389748,-0.0005018369993194938,0.03351669758558273,0.02352687530219555,-0.006044391077011824,-0.01487504318356514,0.022719616070389748,-0.0005018369993194938,0.03351669758558273,0.0,44641,-9.81,0.0,0.0,0.0,0.0,0.0,0.0,0.022719616070389748,-0.0005018369993194938,0.03351669758558273,0.0,0.0,0.0,3.763636350631714,nan,44641.024429758545,1.0116798877716064,nan,50000,nan,nan,0,nan,nan,nan,nan,0.033408984541893005
9.732826854015002,spool,0,0.022880077362060547,-0.0008970558410510421,0.03360297158360481,0.023331111297011375,-0.005737487692385912,-0.007319677621126175,0.022880077362060547,-0.0008970558410510421,0.03360297158360481,0.0,45090,-9.81,0.0,0.0,0.0,0.0,0.0,0.0,0.022880077362060547,-0.0008970558410510421,0.03360297158360481,0.0,0.0,0.0,3.763636350631714,nan,45090.82419797778,0.9754379987716675,nan,50000,nan,nan,0,nan,nan,nan,nan,0.033408984541893005
9.752556966996053,spool,0,0.022880077362060547,-0.0008970558410510421,0.03360297158360481,0.023088285699486732,-0.005800853483378887,-0.010922659188508987,0.022880077362060547,-0.0008970558410510421,0.03360297158360481,0.0,45524,-9.81,0.0,0.0,0.0,0.0,0.0,0.0,0.022880077362060547,-0.0008970558410510421,0.03360297158360481,0.0,0.0,0.0,3.763636350631714,nan,45524.319414107595,0.956876814365387,nan,50000,nan,nan,0,nan,nan,nan,nan,0.033408984541893005
9.772835459996713,spool,0,0.023223912343382835,-0.0016851682448759675,0.033649787306785583,0.023836949840188026,-0.005826115142554045,-0.012352733872830868,0.023223912343382835,-0.0016851682448759675,0.033649787306785583,0.0,45959,-9.81,0.0,0.0,0.0,0.0,0.0,0.0,0.023223912343382835,-0.0016851682448759675,0.033649787306785583,0.0,0.0,0.0,3.7319648265838623,nan,45959.5068260096,1.0812208652496338,nan,50000,nan,nan,0,nan,nan,nan,nan,0.033408984541893005
9.792308253992815,spool,0,0.023358894512057304,-0.001999123254790902,0.03385799750685692,0.022847186774015427,-0.005699335131794214,0.0009365133591927588,0.023358894512057304,-0.001999123254790902,0.03385799750685692,0.0,46400,-9.81,0.0,0.0,0.0,0.0,0.0,0.0,0.023358894512057304,-0.001999123254790902,0.03385799750685692,0.0,0.0,0.0,3.7319648265838623,nan,46400.38473618915,1.0154433250427246,nan,50000,nan,nan,0,nan,nan,nan,nan,0.033408984541893005
9.812172021018341,spool,0,0.023471275344491005,-0.0022397551219910383,0.03409381955862045,0.02390376664698124,-0.005334140732884407,0.004036094062030315,0.023471275344491005,-0.0022397551219910383,0.03409381955862045,0.0,46837,-9.81,0.0,0.0,0.0,0.0,0.0,0.0,0.023471275344491005,-0.0022397551219910383,0.03409381955862045,0.0,0.0,0.0,3.7319648265838623,nan,46837.527222174685,0.9942089915275574,nan,50000,nan,nan,0,nan,nan,nan,nan,0.033408984541893005
9.832453782000812,spool,0,0.023647213354706764,-0.002690852154046297,0.0345798023045063,0.02390376664698124,-0.005334140732884407,0.004036094062030315,0.023647213354706764,-0.002690852154046297,0.0345798023045063,0.0,47283,-9.81,0.0,0.0,0.0,0.0,0.0,0.0,0.023647213354706764,-0.002690852154046297,0.0345798023045063,0.0,0.0,0.0,3.7319648265838623,nan,47283.02706789691,1.0351520776748657,nan,50000,nan,nan,0,nan,nan,nan,nan,0.033408984541893005
9.853473743016366,spool,0,0.023908164352178574,-0.0031317633111029863,0.03492326661944389,0.026349317282438278,-0.003738055005669594,0.010271339677274227,0.023908164352178574,-0.0031317633111029863,0.03492326661944389,0.0,47721,-9.81,0.0,0.0,0.0,0.0,0.0,0.0,0.023908164352178574,-0.0031317633111029863,0.03492326661944389,0.0,0.0,0.0,3.7319648265838623,nan,47721.95645986358,1.0214189291000366,nan,50000,nan,nan,0,nan,nan,nan,nan,0.033408984541893005
9.872943494992796,spool,0,0.024197125807404518,-0.003762264270335436,0.03568302467465401,0.03040778450667858,-0.0007228735485114157,0.016597647219896317,0.024197125807404518,-0.003762264270335436,0.03568302467465401,0.0,48170,-9.81,0.0,0.0,0.0,0.0,0.0,0.0,0.024197125807404518,-0.003762264270335436,0.03568302467465401,0.0,0.0,0.0,3.7319648265838623,nan,48170.21215823479,1.0388469696044922,nan,50000,nan,nan,0,nan,nan,nan,nan,0.033408984541893005
9.892346826003632,spool,0,0.02424163930118084,-0.00396775221452117,0.035948920994997025,0.03649711236357689,0.0049056438729166985,0.028959913179278374,0.02424163930118084,-0.00396775221452117,0.035948920994997025,0.0,48600,-9.81,0.0,0.0,0.0,0.0,0.0,0.0,0.02424163930118084,-0.00396775221452117,0.035948920994997025,0.0,0.0,0.0,3.7319648265838623,nan,48600.547492096666,1.0397721529006958,nan,50000,nan,nan,0,nan,nan,nan,nan,0.033408984541893005
9.912315171008231,spool,0,0.024411512538790703,-0.004600396379828453,0.036924876272678375,0.03649711236357689,0.0049056438729166985,0.028959913179278374,0.024411512538790703,-0.004600396379828453,0.036924876272678375,0.0,49039,-9.81,0.0,0.0,0.0,0.0,0.0,0.0,0.024411512538790703,-0.004600396379828453,0.036924876272678375,0.0,0.0,0.0,3.7319648265838623,nan,49039.806444139685,0.9930065274238586,nan,50000,nan,nan,0,nan,nan,nan,nan,0.033408984541893005
9.932348083995748,spool,0,0.024608386680483818,-0.005265877582132816,0.03816371038556099,0.03818561136722565,0.006900819484144449,0.03112480416893959,0.024608386680483818,-0.005265877582132816,0.03816371038556099,0.0,49477,-9.81,0.0,0.0,0.0,0.0,0.0,0.0,0.024608386680483818,-0.005265877582132816,0.03816371038556099,0.0,0.0,0.0,3.7319648265838623,nan,49477.767418313306,1.0236380100250244,nan,50000,nan,nan,0,nan,nan,nan,nan,0.033408984541893005
9.955358072009403,rising,0,0.024712253361940384,-0.0055692619644105434,0.039087824523448944,0.03987297788262367,0.01133375708013773,0.05235243961215019,0.024712253361940384,-0.0055692619644105434,0.03908811450568294,0.34534294712064767,46442,-0.6980488886372651,0.00656556712287346,-0.023093868084780533,1.3670100015588105,0.0,0.0,0.0004171202948782593,0.0,-1.0,0.1,0.0,0.0,0.0,3.7002933025360107,46442,nan,1.041968822479248,nan,50000,nan,nan,0,nan,nan,nan,nan,0.033408984541893005
9.974602583009982,rising,0,0.02486732043325901,-0.006049283314496279,0.04026605561375618,0.03987297788262367,0.01133375708013773,0.05235243961215019,0.024712253361940384,-0.0055692619644105434,0.039152747919884205,0.3468620915382022,46646,-0.6579659224748777,0.005983105160824835,-0.02317157688710836,1.2506190105341375,0.0,0.0,0.006241316997329704,0.0,-1.0,0.1,0.0,0.0,0.0,3.7002933025360107,46646,nan,1.0717823505401611,nan,50000,nan,nan,0,nan,nan,nan,nan,0.033408984541893005
9.993270612001652,rising,0,0.025370022282004356,-0.006824758369475603,0.04199531301856041,0.03744594752788544,0.01309170015156269,0.07870166003704071,0.024712253361940384,-0.0055692619644105434,0.03932716343108458,0.3346095201915415,44998,-0.9812527653946841,0.006325951960052794,-0.02317026354705054,0.8698980091139674,0.0,0.0,0.011983461293857545,0.0,-1.0,0.1,0.0,0.0,0.0,3.7002933025360107,44998,nan,1.0540412664413452,nan,50000,nan,nan,0,nan,nan,nan,nan,0.033408984541893005
10.01398240600247,rising,0,0.025647882372140884,-0.007396225817501545,0.04347691684961319,0.03744594752788544,0.01309170015156269,0.07870166003704071,0.024712253361940384,-0.0055692619644105434,0.039630554713436725,0.3361646743927035,45207,-0.9402196730157399,0.005616536111219723,-0.02339376796537751,1.265225000679493,0.0,0.0,0.01804544579645153,0.0,-1.0,0.1,0.0,0.0,0.0,3.7002933025360107,45207,nan,1.0146194696426392,nan,50000,nan,nan,0,nan,nan,nan,nan,0.033408984541893005
10.034239146014443,rising,0,0.025602856650948524,-0.008035579696297646,0.04591648653149605,0.034932103008031845,0.012483594007790089,0.08410225063562393,0.024712253361940384,-0.0055692619644105434,0.04005530493462574,0.3339507976004171,44910,-0.9986333086961192,0.004523307164669161,-0.02198902868566255,1.0584350093267858,0.0,0.0,0.024093323695706204,0.0,-1.0,0.1,0.0,0.0,0.0,3.7002933025360107,44910,nan,1.036666750907898,nan,50000,nan,nan,0,nan,nan,nan,nan,0.033408984541893005
10.053920489997836,rising,0,0.02562635764479637,-0.008299408480525017,0.04683265462517738,0.032667066901922226,0.012717275880277157,0.0904889851808548,0.024712253361940384,-0.0055692619644105434,0.04059177352887594,0.3332400719637835,44814,-1.0173859640162668,0.004356355753146688,-0.020704436848701047,1.2173780123703182,0.0,0.0,0.030039464097353627,0.0,-1.0,0.1,0.0,0.0,0.0,3.7002933025360107,44814,nan,1.0126070976257324,nan,50000,nan,nan,0,nan,nan,nan,nan,0.033408984541893005
10.07387417301652,rising,0,0.02562635764479637,-0.008299408480525017,0.04683265462517738,0.02962956205010414,0.012990712188184261,0.09253145009279251,0.024712253361940384,-0.0055692619644105434,0.0412502388891796,0.3360143620954188,45187,-0.9441856966907984,0.004483001697335098,-0.018725157366775047,1.2312550097703934,0.0,0.0,0.0360201140952995,0.0,-1.0,0.1,0.0,0.0,0.0,3.7002933025360107,45187,nan,1.0075116157531738,nan,50000,nan,nan,0,nan,nan,nan,nan,0.033408984541893005
10.09382561899838,rising,0,0.02562635764479637,-0.008299408480525017,0.04683265462517738,0.024103673174977303,0.017770523205399513,0.09031561762094498,0.024712253361940384,-0.0055692619644105434,0.04203269862605291,0.34108893303079674,45870,-0.8102920044644666,0.007219091119529501,-0.015205935219013478,1.1469520104583353,0.0,0.0,0.04203480060095899,0.0,-1.0,0.1,0.0,0.0,0.0,3.7002933025360107,45870,nan,0.9813899993896484,nan,50000,nan,nan,0,nan,nan,nan,nan,0.033408984541893005
10.113979649002431,rising,0,0.02562635764479637,-0.008299408480525017,0.04683265462517738,0.020993512123823166,0.019616473466157913,0.08491811156272888,0.024712253361940384,-0.0055692619644105434,0.0429399520681125,0.34793146958494736,46790,-0.6297501428773788,0.008138128458630774,-0.01311889111559883,1.200931001221761,0.0,0.0,0.04807573740254156,0.0,-1.0,0.1,0.0,0.0,0.0,3.7002933025360107,46790,nan,0.9842401742935181,nan,50000,nan,nan,0,nan,nan,nan,nan,0.033408984541893005
10.133980100014014,rising,0,0.02562635764479637,-0.008299408480525017,0.04683265462517738,0.01780489645898342,0.02096339501440525,0.08150574564933777,0.024712253361940384,-0.0055692619644105434,0.043953717871322205,0.353874387598882,47589,-0.4729449182353047,0.008762575319416103,-0.011096314747077729,1.3033960130997002,0.0,0.0,0.054032730901963075,0.0,-1.0,0.1,0.0,0.0,0.0,3.7002933025360107,47589,nan,0.9826839566230774,nan,50000,nan,nan,0,nan,nan,nan,nan,0.033408984541893005
10.153433649014914,rising,0,0.02562635764479637,-0.008299408480525017,0.04683265462517738,0.014422683045268059,0.021903637796640396,0.07156553864479065,0.024712253361940384,-0.0055692619644105434,0.04508632071810995,0.36323243260485505,48847,-0.2260308019827182,0.009054382971817362,-0.008948049246633616,0.9713709878269583,0.0,0.0,0.05999248050211463,0.0,-1.0,0.1,0.0,0.0,0.0,3.7002933025360107,48847,nan,0.9514924883842468,nan,50000,nan,nan,0,nan,nan,nan,nan,0.033408984541893005
10.174135592998937,rising,0,0.024076061323285103,-0.013101013377308846,0.05754408612847328,0.014422683045268059,0.021903637796640396,0.07156553864479065,0.024712253361940384,-0.0055692619644105434,0.04636486396103413,0.354455573791531,47667,-0.45761019019707305,0.0038596319336212104,-0.007420066497049849,1.0015239822678268,0.0,0.0,0.06607740659674163,0.0,-1.0,0.1,0.0,0.0,0.0,3.710850477218628,47667,nan,0.9589749574661255,nan,50000,nan,nan,0,nan,nan,nan,nan,0.033408984541893005
10.194024140015244,rising,0,0.023588694632053375,-0.013776814565062523,0.05861395597457886,-0.0018850148189812899,0.0058373804204165936,0.05399281159043312,0.024712253361940384,-0.0055692619644105434,0.047746371008247475,0.36661516842511405,49302,-0.13677655870411698,-0.0057705252111808925,0.002254208845777317,1.190801995107904,0.0,0.0,0.07207723559404257,0.0,-1.0,0.1,0.0,0.0,0.0,3.710850477218628,49302,nan,0.9515713453292847,nan,50000,nan,nan,0,nan,nan,nan,nan,0.033408984541893005
10.213384689996019,rising,0,0.022893914952874184,-0.01513767708092928,0.05983644723892212,-0.009788650088012218,-0.00037867549690417945,0.04989834874868393,0.024712253361940384,-0.0055692619644105434,0.04922898480711957,0.3719636941484132,50022,0.004345492042562071,-0.010493697476263351,0.007218684896243888,0.8968510082922876,0.0,0.0,0.07800446250184905,0.0,-1.0,0.1,0.0,0.0,0.0,3.710850477218628,50022,nan,0.9757461547851562,nan,50000,nan,nan,0,nan,nan,nan,nan,0.033408984541893005
10.23476884799311,rising,0,0.021770808845758438,-0.016382120549678802,0.061005134135484695,-0.01613846980035305,-0.003687323769554496,0.04702022299170494,0.024712253361940384,-0.0055692619644105434,0.05090267607503682,0.37714904294321117,50719,0.14116208293433097,-0.01342468075644522,0.01167806721938569,1.146070979302749,0.0,0.0,0.08419567050004843,0.0,-1.0,0.1,0.0,0.0,0.0,3.710850477218628,50719,nan,1.000061273574829,nan,50000,nan,nan,0,nan,nan,nan,nan,0.033408984541893005
10.253536420001183,rising,0,0.021104376763105392,-0.017264889553189278,0.06183900684118271,-0.02222033217549324,-0.006454551126807928,0.047227974981069565,0.024712253361940384,-0.0055692619644105434,0.05258814789554267,0.38103566614381207,51242,0.24371150775229644,-0.015668134673200544,0.015451181754567944,1.0346759809181094,0.0,0.0,0.09000107790052425,0.0,-1.0,0.1,0.0,0.0,0.0,3.710850477218628,51242,nan,0.9678651094436646,nan,50000,nan,nan,0,nan,nan,nan,nan,0.033408984541893005
10.274110522994306,rising,0,0.019749753177165985,-0.018650544807314873,0.06301239132881165,-0.02798474207520485,-0.009623504243791103,0.0465104877948761,0.024712253361940384,-0.0055692619644105434,0.05447277064451452,0.3853621716932941,51823,0.3578673269998429,-0.018577359095086288,0.01967613402029955,1.3431559782475233,0.0,0.0,0.09607792500173673,0.0,-1.0,0.1,0.0,0.0,0.0,3.710850477218628,51823,nan,1.0139644145965576,nan,50000,nan,nan,0,nan,nan,nan,nan,0.033408984541893005
10.294098904996645,rising,0,0.019749753177165985,-0.018650544807314873,0.06301239132881165,-0.03384597599506378,-0.014184361323714256,0.049071941524744034,0.024712253361940384,-0.0055692619644105434,0.05646200277999951,0.38961358707381627,52395,0.47004187529858044,-0.020717964710178723,0.022470807812150273,1.168822986073792,0.0,0.0,0.1021004747977713,0.0,-1.0,0.1,0.0,0.0,0.0,3.710850477218628,52395,nan,1.0182901620864868,nan,50000,nan,nan,0,nan,nan,nan,nan,0.033408984541893005
10.3141128999996,rising,0,0.019749753177165985,-0.018650544807314873,0.06301239132881165,-0.0373198427259922,-0.015888290479779243,0.053131286054849625,0.024712253361940384,-0.0055692619644105434,0.058561566471655196,0.39322208785344803,52881,0.5652529776635351,-0.021395650272978677,0.024031910940645718,1.218292978592217,0.0,0.0,0.10809368699847255,0.0,-1.0,0.1,0.0,0.0,0.0,3.710850477218628,52881,nan,1.0250718593597412,nan,50000,nan,nan,0,nan,nan,nan,nan,0.033408984541893005
10.334289696009364,rising,0,0.01926390454173088,-0.01912274770438671,0.06343323737382889,-0.038797084242105484,-0.015473750419914722,0.05800246074795723,0.024712253361940384,-0.0055692619644105434,0.06075773978241976,0.39598202900956575,53252,0.6380746440518656,-0.021514828163469314,0.02510164463989395,1.3699369737878442,0.0,0.0,0.11402608980133663,0.0,-1.0,0.1,0.0,0.0,0.0,3.710850477218628,53252,nan,1.0108081102371216,nan,50000,nan,nan,0,nan,nan,nan,nan,0.033408984541893005
10.353994247998344,rising,0,0.015448203310370445,-0.02316286787390709,0.06734202057123184,-0.03905680030584335,-0.014209388755261898,0.060968149453401566,0.024712253361940384,-0.0055692619644105434,0.06309894296931504,0.3956110590197535,53202,0.6282865176715955,-0.024985493538223415,0.02911598959603956,1.325504999840632,0.0,0.0,0.12002779289614408,0.0,-1.0,0.1,0.0,0.0,0.0,3.710850477218628,53202,nan,1.0379866361618042,nan,50000,nan,nan,0,nan,nan,nan,nan,0.033408984541893005
10.373876664001727,rising,0,0.014015240594744682,-0.024850090965628624,0.0689225047826767,-0.04298127442598343,-0.024827132001519203,0.06418968737125397,0.024712253361940384,-0.0055692619644105434,0.06555357459196734,0.39820162194702724,53550,0.696639101504676,-0.031859579212533136,0.03233865372338918,1.3533859746530652,0.0,0.0,0.12601368989562614,0.0,-1.0,0.1,0.0,0.0,0.0,3.6633431911468506,53550,nan,1.031096339225769,nan,50000,nan,nan,0,nan,nan,nan,nan,0.033408984541893005
10.393124088004697,rising,0,0.013108829036355019,-0.025912780314683914,0.07017850130796432,-0.04373824968934059,-0.026008224114775658,0.07509459555149078,0.024712253361940384,-0.0055692619644105434,0.06812083290209936,0.3974108851542453,53444,0.6757753338850989,-0.033590270395317305,0.03369699811593452,0.7337770075537264,0.0,0.0,0.13198410899494775,0.0,-1.0,0.1,0.0,0.0,0.0,3.6633431911468506,53444,nan,1.0338788032531738,nan,50000,nan,nan,0,nan,nan,nan,nan,0.033408984541893005
10.41402302600909,rising,0,0.01219959370791912,-0.026837533339858055,0.07154900580644608,-0.04391070082783699,-0.026414938271045685,0.08212470263242722,0.024712253361940384,-0.0055692619644105434,0.07088381799571113,0.39873201093551863,53621,0.7106335339186955,-0.03461298008595015,0.034584514123572996,1.0635009966790676,0.0,0.0,0.13812167130236047,0.0,-1.0,0.1,0.0,0.0,0.0,3.6633431911468506,53621,nan,1.0232902765274048,nan,50000,nan,nan,0,nan,nan,nan,nan,0.033408984541893005
10.433763255015947,rising,0,0.01219959370791912,-0.026837533339858055,0.07154900580644608,-0.04432809725403786,-0.02724306844174862,0.08906693756580353,0.024712253361940384,-0.0055692619644105434,0.07365702601531894,0.40168335485551365,54018,0.78850540515867,-0.03477133033932896,0.034538253155401266,1.2149619869887829,0.0,0.0,0.14401916849892585,0.0,-1.0,0.1,0.0,0.0,0.0,3.6633431911468506,54018,nan,1.0616532564163208,nan,50000,nan,nan,0,nan,nan,nan,nan,0.033408984541893005
10.454088485013926,rising,0,0.010632161051034927,-0.0282578282058239,0.07379349321126938,-0.04216273874044418,-0.02269792929291725,0.10056097060441971,0.024712253361940384,-0.0055692619644105434,0.07660381262513571,0.3998206876649472,53768,0.7393585135869962,-0.03408048169472933,0.035184489940468744,0.9597210155334324,0.0,0.0,0.15003197279584127,0.0,-1.0,0.1,0.0,0.0,0.0,3.6633431911468506,53768,nan,1.0588406324386597,nan,50000,nan,nan,0,nan,nan,nan,nan,0.033408984541893005
10.474082925007679,rising,0,0.009306595660746098,-0.029492953792214394,0.07647424191236496,-0.03966491296887398,-0.017080342397093773,0.10980585217475891,0.024712253361940384,-0.0055692619644105434,0.0796764769509485,0.39868433106510615,53615,0.7093754898444882,-0.03259714203879184,0.035361770158125694,1.3669660256709903,0.0,0.0,0.15605509109445848,0.0,-1.0,0.1,0.0,0.0,0.0,3.6633431911468506,53615,nan,1.0288058519363403,nan,50000,nan,nan,0,nan,nan,nan,nan,0.033408984541893005
10.493417713994859,rising,0,0.0075724320486187935,-0.0313444659113884,0.08020851016044617,-0.03957817703485489,-0.02085108496248722,0.11806518584489822,0.024712253361940384,-0.0055692619644105434,0.08282025264797632,0.39686313828940273,53370,0.6613229100106253,-0.03652030023322915,0.037229400666239476,0.759565009502694,0.0,0.0,0.16198597740149126,0.0,-1.0,0.1,0.0,0.0,0.0,3.6633431911468506,53370,nan,1.0418293476104736,nan,50000,nan,nan,0,nan,nan,nan,nan,0.033408984541893005
10.513680639996892,rising,0,0.006770228501409292,-0.031990744173526764,0.08242953568696976,-0.03784575313329697,-0.019459646195173264,0.12974971532821655,0.024712253361940384,-0.0055692619644105434,0.08612365972858593,0.39538118014365364,53171,0.6222211119697523,-0.03660726113726802,0.03730420656353339,1.1726389930117875,0.0,0.0,0.1679925627016928,0.0,-1.0,0.1,0.0,0.0,0.0,3.6633431911468506,53171,nan,1.0535029172897339,nan,50000,nan,nan,0,nan,nan,nan,nan,0.033408984541893005
10.533403804991394,rising,0,0.005864021368324757,-0.03300917521119118,0.0856858566403389,-0.03784575313329697,-0.019459646195173264,0.12974971532821655,0.024712253361940384,-0.0055692619644105434,0.08953960509616868,0.3986054255837068,53604,0.7072935510212872,-0.03733527517977582,0.037912337371600824,0.9949599916581064,0.0,0.0,0.17398582799651194,0.0,-1.0,0.1,0.0,0.0,0.0,3.6633431911468506,53604,nan,1.044689416885376,nan,50000,nan,nan,0,nan,nan,nan,nan,0.033408984541893005
10.553644586994778,rising,0,0.0050661563873291016,-0.033483266830444336,0.08818276226520538,-0.03576673939824104,-0.01632022298872471,0.13877277076244354,0.024712253361940384,-0.0055692619644105434,0.09308474728879412,0.3983941211848341,53576,0.7017182370668618,-0.03625320785247388,0.037689665906045944,1.1304110230412334,0.0,0.0,0.17999487120250704,0.0,-1.0,0.1,0.0,0.0,0.0,3.6633431911468506,53576,nan,1.053547739982605,nan,50000,nan,nan,0,nan,nan,nan,nan,0.033408984541893005
10.574565382004948,rising,0,0.003984249196946621,-0.03410152718424797,0.0920526534318924,-0.03284059837460518,-0.0064545245841145515,0.16078153252601624,0.024712253361940384,-0.0055692619644105434,0.0967962670474134,0.39018368461050734,52472,0.4850840266624612,-0.03258794300769201,0.038092098758984116,1.2523939949460328,0.0,0.0,0.18607811669935473,0.0,-1.0,0.1,0.0,0.0,0.0,3.658064603805542,52472,nan,1.0619839429855347,nan,50000,nan,nan,0,nan,nan,nan,nan,0.033408984541893005
10.593262708018301,rising,0,0.0034122217912226915,-0.03438656032085419,0.09474152326583862,-0.03284059837460518,-0.0064545245841145515,0.16078153252601624,0.024712253361940384,-0.0055692619644105434,0.10051125968848006,0.39442721888766763,53043,0.5970506302814673,-0.03252684989754957,0.03826260912600188,0.8931379998102784,0.0,0.0,0.19197411570057737,0.0,-1.0,0.1,0.0,0.0,0.0,3.658064603805542,53043,nan,1.0300097465515137,nan,50000,nan,nan,0,nan,nan,nan,nan,0.033408984541893005
10.614155054994626,rising,0,0.003179416060447693,-0.03458351641893387,0.09614768624305725,-0.029100719839334488,0.008366826921701431,0.17370866239070892,0.024712253361940384,-0.0055692619644105434,0.10449709931439703,0.39415443417201057,53006,0.5898531443802248,-0.025218683261297774,0.03662652297641644,1.2572889972943813,0.0,0.0,0.19810493399854748,0.0,-1.0,0.1,0.0,0.0,0.0,3.658064603805542,53006,nan,1.0242019891738892,nan,50000,nan,nan,0,nan,nan,nan,nan,0.033408984541893005
10.633458377997158,rising,0,0.0022640179377049208,-0.034900445491075516,0.10192881524562836,-0.029100719839334488,0.008366826921701431,0.17370866239070892,0.024712253361940384,-0.0055692619644105434,0.10843227855120646,0.39480574090069287,53093,0.6070380184879376,-0.025499309351285818,0.03749415145040014,1.0359490115661174,0.0,0.0,0.20397713699494488,0.0,-1.0,0.1,0.0,0.0,0.0,3.658064603805542,53093,nan,1.0539199113845825,nan,50000,nan,nan,0,nan,nan,nan,nan,0.033408984541893005
10.653677647991572,rising,0,0.001839529606513679,-0.034833185374736786,0.10492638498544693,-0.024563509970903397,0.02186615765094757,0.18832281231880188,0.024712253361940384,-0.0055692619644105434,0.11259452556317198,0.3918936684195526,52702,0.5302023329697239,-0.01872316867604073,0.03588935415024652,1.1219079897273332,0.0,0.0,0.21000957269570789,0.0,-1.0,0.1,0.0,0.0,0.0,3.658064603805542,52702,nan,1.0260658264160156,nan,50000,nan,nan,0,nan,nan,nan,nan,0.033408984541893005
10.673866794008063,rising,0,0.0016436839941889048,-0.034776922315359116,0.10653393715620041,-0.021885108202695847,0.02845112234354019,0.19457301497459412,0.024712253361940384,-0.0055692619644105434,0.11685353955696995,0.39505119418451673,53126,0.6135143584305194,-0.015179365907840907,0.03444399102551121,1.302221993682906,0.0,0.0,0.21600793740071822,0.0,-1.0,0.1,0.0,0.0,0.0,3.658064603805542,53126,nan,1.0342622995376587,nan,50000,nan,nan,0,nan,nan,nan,nan,0.033408984541893005
10.693582770996727,rising,0,0.0016436839941889048,-0.034776922315359116,0.10653393715620041,-0.01783965341746807,0.03608272224664688,0.19957786798477173,0.024712253361940384,-0.0055692619644105434,0.12122958854620507,0.40098003725815695,53924,0.7699482126162778,-0.011144913883778085,0.031915631056422145,1.0179289965890348,0.0,0.0,0.22200238380173687,0.0,-1.0,0.1,0.0,0.0,0.0,3.658064603805542,53924,nan,1.0205507278442383,nan,50000,nan,nan,0,nan,nan,nan,nan,0.033408984541893005
10.71409955600393,rising,0,0.0016436839941889048,-0.034776922315359116,0.10653393715620041,-0.012841349467635155,0.04301672428846359,0.20338153839111328,0.024712253361940384,-0.0055692619644105434,0.12574812044983324,0.4077109540701522,54829,0.9475449622731436,-0.007556918202663758,0.028935557672408185,1.463822991354391,0.0,0.0,0.22802670360251795,0.0,-1.0,0.1,0.0,0.0,0.0,3.658064603805542,54829,nan,1.0150591135025024,nan,50000,nan,nan,0,nan,nan,nan,nan,0.033408984541893005
10.734277331008343,rising,0,0.0016436839941889048,-0.034776922315359116,0.10653393715620041,-0.006974585819989443,0.04931621253490448,0.2077740877866745,0.024712253361940384,-0.0055692619644105434,0.1304236258337732,0.41437604269793854,55725,1.1234048205260816,-0.004393173172103948,0.025637362053102297,1.355735003016889,0.0,0.0,0.23409716099558864,0.0,-1.0,0.1,0.0,0.0,0.0,3.658064603805542,55725,nan,1.0231658220291138,nan,50000,nan,nan,0,nan,nan,nan,nan,0.033408984541893005
10.753675988991745,rising,0,0.0016436839941889048,-0.034776922315359116,0.10653393715620041,-0.006974585819989443,0.04931621253490448,0.2077740877866745,0.024712253361940384,-0.0055692619644105434,0.13510591993249305,0.4232172817309611,56914,1.356682895276018,-0.004301338355234706,0.025101669908165203,1.089715980924666,0.0,0.0,0.24002261819550766,0.0,-1.0,0.1,0.0,0.0,0.0,3.658064603805542,56914,nan,1.0053315162658691,nan,50000,nan,nan,0,nan,nan,nan,nan,0.033408984541893005
10.776123790012207,rising,0,0.0013056581374257803,-0.034627191722393036,0.10959517955780029,-0.0007506497786380351,0.054851315915584564,0.21060404181480408,0.024712253361940384,-0.0055692619644105434,0.14001970277890352,0.4271501143879165,57443,1.4604515669634939,-0.0015289026582042376,0.022272157344928267,1.3976240006741136,0.0,0.0,0.24608764079748652,0.0,-1.0,0.1,0.0,0.0,0.0,3.647507429122925,57443,nan,1.0361137390136719,nan,50000,nan,nan,0,nan,nan,nan,nan,0.033408984541893005
10.793164280999918,rising,0,0.00037491926923394203,-0.03131936118006706,0.13305401802062988,0.005708806216716766,0.060008738189935684,0.2176813781261444,0.024712253361940384,-0.0055692619644105434,0.14488615916052155,0.4033028873712388,54236,0.8312371338057716,0.00422039977148786,0.02130860699303927,0.5921399861108512,0.0,0.0,0.25195039349491705,0.0,-1.0,0.1,0.0,0.0,0.0,3.647507429122925,54236,nan,1.0277482271194458,nan,50000,nan,nan,0,nan,nan,nan,nan,0.033408984541893005
10.813251725019654,rising,0,0.0005515744560398161,-0.03069050796329975,0.1366901993751526,0.016128290444612503,0.049055393785238266,0.20336130261421204,0.024712253361940384,-0.0055692619644105434,0.15002115222832857,0.4153255243930062,55853,1.1484571079948847,-0.0005717158617467957,0.015503192126455012,0.8327470277436078,0.0,0.0,0.25799224140064325,0.0,-1.0,0.1,0.0,0.0,0.0,3.647507429122925,55853,nan,1.0333755016326904,nan,50000,nan,nan,0,nan,nan,nan,nan,0.033408984541893005
10.833879014011472,rising,0,0.000996977323666215,-0.029731910675764084,0.14233718812465668,0.023508571088314056,0.051159899681806564,0.21733784675598145,0.024712253361940384,-0.0055692619644105434,0.15538506451533585,0.41105654511142226,55279,1.0358191322274983,0.0013792726166086933,0.011639528154501866,0.8598320127930492,0.0,0.0,0.2641559084993787,0.0,-1.0,0.1,0.0,0.0,0.0,3.647507429122925,55279,nan,1.056729793548584,nan,50000,nan,nan,0,nan,nan,nan,nan,0.033408984541893005
10.853052407997893,rising,0,0.0013579358346760273,-0.029123350977897644,0.1462286412715912,0.03119971789419651,0.052091725170612335,0.22944609820842743,0.024712253361940384,-0.0055692619644105434,0.16057048871376092,0.40953136362581744,55074,0.9955768766706434,0.002433852668597928,0.00757405503967834,0.6615610036533326,0.0,0.0,0.2699807373021031,0.0,-1.0,0.1,0.0,0.0,0.0,3.647507429122925,55074,nan,1.046449065208435,nan,50000,nan,nan,0,nan,nan,nan,nan,0.033408984541893005
10.873787188000279,rising,0,0.0018353099003434181,-0.028413323685526848,0.150155708193779,0.03868246078491211,0.05209476128220558,0.23924340307712555,0.024712253361940384,-0.0055692619644105434,0.1661152599974708,0.4097085625255379,55098,1.0002523093809454,0.0031274359582824135,0.0034519367320064998,0.9907640051096678,0.0,0.0,0.27607328969752415,0.0,-1.0,0.1,0.0,0.0,0.0,3.647507429122925,55098,nan,1.0285921096801758,nan,50000,nan,nan,0,nan,nan,nan,nan,0.033408984541893005
10.893534247996286,rising,0,0.0023301816545426846,-0.027798084542155266,0.15422262251377106,0.03868246078491211,0.05209476128220558,0.23924340307712555,0.024712253361940384,-0.0055692619644105434,0.1716320790891888,0.41450412538573167,55743,1.126784310969171,0.0036849651545758167,0.0029344418960413066,1.0186069994233549,0.0,0.0,0.28200452609744386,0.0,-1.0,0.1,0.0,0.0,0.0,3.647507429122925,55743,nan,1.029356837272644,nan,50000,nan,nan,0,nan,nan,nan,nan,0.033408984541893005
10.913105621002614,rising,0,0.0023301816545426846,-0.027798084542155266,0.15422262251377106,0.05183861777186394,0.05143090710043907,0.2545628547668457,0.024712253361940384,-0.0055692619644105434,0.17731776976451308,0.416967242137069,56074,1.1917741988672539,0.0033447783853143924,-0.003393306340981006,0.6934039993211627,0.0,0.0,0.28798952610231937,0.0,-1.0,0.1,0.0,0.0,0.0,3.647507429122925,56074,nan,1.0342355966567993,nan,50000,nan,nan,0,nan,nan,nan,nan,0.033408984541893005
10.933149512013188,rising,0,0.004286015406250954,-0.025873374193906784,0.1670028567314148,0.05471457913517952,0.04834403842687607,0.260904461145401,0.024712253361940384,-0.0055692619644105434,0.1831412007818602,0.40812604709788375,54885,0.958497284904583,0.0037909910653803566,-0.006793102247176996,0.7338020077440888,0.0,0.0,0.2939932410023175,0.0,-1.0,0.1,0.0,0.0,0.0,3.647507429122925,54885,nan,1.0341486930847168,nan,50000,nan,nan,0,nan,nan,nan,nan,0.033408984541893005
10.953639476996614,rising,0,0.0050373077392578125,-0.025275040417909622,0.1714232861995697,0.05820013955235481,0.04729083925485611,0.27015790343284607,0.024712253361940384,-0.0055692619644105434,0.1891520482196938,0.40851654348487015,54937,0.9688006196535639,0.0038576834005012856,-0.009228764998569172,0.8866749994922429,0.0,0.0,0.3,0.0,-1.0,0.1,0.0,0.0,0.0,3.647507429122925,54937,nan,1.0414538383483887,nan,50000,nan,nan,0,nan,nan,nan,nan,0.033408984541893005
10.97367193599348,rising,0,0.006203594617545605,-0.02444981411099434,0.17832334339618683,0.06065976619720459,0.04594359174370766,0.28139492869377136,0.024712253361940384,-0.0055692619644105434,0.1951742161239963,0.4018282386972511,54038,0.7923281978166496,0.00407292264260758,-0.011767711725692909,0.611819006735459,0.0,0.0,0.3,0.0,-1.0,0.1,0.0,0.0,0.0,3.6369502544403076,54038,nan,1.0473101139068604,nan,50000,nan,nan,0,nan,nan,nan,nan,0.033408984541893005
10.99337467001169,rising,0,0.007047411985695362,-0.023811401799321175,0.18300116062164307,0.06065976619720459,0.04594359174370766,0.28139492869377136,0.024712253361940384,-0.0055692619644105434,0.20108287481998557,0.4033899665286972,54248,0.8335347369049373,0.004690296530530827,-0.012558938710207412,0.8985470049083233,0.0,0.0,0.3,0.0,-1.0,0.1,0.0,0.0,0.0,3.6369502544403076,54248,nan,1.0538337230682373,nan,50000,nan,nan,0,nan,nan,nan,nan,0.033408984541893005
11.013235532009276,rising,0,0.00785834714770317,-0.02338545024394989,0.18783687055110931,0.06353899836540222,0.04339739680290222,0.3036608099937439,0.024712253361940384,-0.0055692619644105434,0.20707266582467126,0.3937308831823057,52949,0.5786776565252154,0.003944791915897251,-0.01515366406270946,0.8355250174645334,0.0,0.0,0.3,0.0,-1.0,0.1,0.0,0.0,0.0,3.6369502544403076,52949,nan,1.0628209114074707,nan,50000,nan,nan,0,nan,nan,nan,nan,0.033408984541893005
11.03363527500187,rising,0,0.0091414675116539,-0.022695574909448624,0.19516552984714508,0.06353899836540222,0.04339739680290222,0.3036608099937439,0.024712253361940384,-0.0055692619644105434,0.21314177141757681,0.39218394260238926,52741,0.5378612823849398,0.004664164654006318,-0.016522298442906536,0.9841409919317812,0.0,0.0,0.3,0.0,-1.0,0.1,0.0,0.0,0.0,3.6369502544403076,52741,nan,1.023427963256836,nan,50000,nan,nan,0,nan,nan,nan,nan,0.033408984541893005
11.05353666699375,rising,0,0.010018305853009224,-0.022196313366293907,0.20021913945674896,0.06439628452062607,0.041690047830343246,0.31151384115219116,0.024712253361940384,-0.0055692619644105434,0.21906083561771084,0.389366906418049,52362,0.46353315087200464,0.004333874067829631,-0.017983180346651917,1.1128179903607816,0.0,0.0,0.3,0.0,-1.0,0.1,0.0,0.0,0.0,3.6369502544403076,52362,nan,1.023645043373108,nan,50000,nan,nan,0,nan,nan,nan,nan,0.033408984541893005
11.073538755998015,rising,0,0.010807142592966557,-0.021801061928272247,0.20528939366340637,0.06481426954269409,0.037057891488075256,0.3207205832004547,0.024712253361940384,-0.0055692619644105434,0.22507080192444845,0.38596339834998017,51904,0.3737308271762565,0.0023811277247526848,-0.019176075309991214,1.1011350143235177,0.0,0.0,0.3,0.0,-1.0,0.1,0.0,0.0,0.0,3.6369502544403076,51904,nan,1.0198028087615967,nan,50000,nan,nan,0,nan,nan,nan,nan,0.033408984541893005
11.093934778007679,rising,0,0.010807142592966557,-0.021801061928272247,0.20528939366340637,0.06520945578813553,0.03504194691777229,0.3227907717227936,0.024712253361940384,-0.0055692619644105434,0.23111562282138037,0.39250971604551016,52785,0.5464568877443305,0.0013140138529409789,-0.01905761649827853,1.28913699882105,0.0,0.0,0.3,0.0,-1.0,0.1,0.0,0.0,0.0,3.6369502544403076,52785,nan,1.0141878128051758,nan,50000,nan,nan,0,nan,nan,nan,nan,0.033408984541893005
11.113511019997532,rising,0,0.010807142592966557,-0.021801061928272247,0.20528939366340637,0.06494414806365967,0.03267667070031166,0.3224511444568634,0.024712253361940384,-0.0055692619644105434,0.23708814072306267,0.4001742854223794,53815,0.7486882697197732,0.00010650733164163625,-0.018559942452008427,0.9868789929896593,0.0,0.0,0.3,0.0,-1.0,0.1,0.0,0.0,0.0,3.6369502544403076,53815,nan,0.9951505661010742,nan,50000,nan,nan,0,nan,nan,nan,nan,0.033408984541893005
11.133068775001448,rising,0,0.010807142592966557,-0.021801061928272247,0.20528939366340637,0.06393119692802429,0.03015056811273098,0.32282596826553345,0.024712253361940384,-0.0055692619644105434,0.24305911872070282,0.4074837469355933,54798,0.9415500510710615,-0.001135454319263257,-0.017729722045288776,0.7192069897428155,0.0,0.0,0.3,0.0,-1.0,0.1,0.0,0.0,0.0,3.6369502544403076,54798,nan,1.0028085708618164,nan,50000,nan,nan,0,nan,nan,nan,nan,0.033408984541893005
11.15339722300996,rising,0,0.010807142592966557,-0.021801061928272247,0.20528939366340637,0.06217619404196739,0.02777939662337303,0.3208470940589905,0.024712253361940384,-0.0055692619644105434,0.24907061922131105,0.416024870358845,55947,1.1669095081489438,-0.002252195481439631,-0.016521866116266715,0.9763219859451056,0.0,0.0,0.3,0.0,-1.0,0.1,0.0,0.0,0.0,3.6369502544403076,55947,nan,0.9808859825134277,nan,50000,nan,nan,0,nan,nan,nan,nan,0.033408984541893005
11.173290862992872,rising,0,0.010807142592966557,-0.021801061928272247,0.20528939366340637,0.05971802771091461,0.02574402466416359,0.32143092155456543,0.024712253361940384,-0.0055692619644105434,0.2550975640246179,0.42330884919937045,56927,1.359098923466238,-0.003175152266344233,-0.015075997094470495,0.821105990326032,0.0,0.0,0.3,0.0,-1.0,0.1,0.0,0.0,0.0,3.647507429122925,56927,nan,1.0063456296920776,nan,50000,nan,nan,0,nan,nan,nan,nan,0.033408984541893005
11.194173455005512,rising,0,0.012133854441344738,-0.021305041387677193,0.21287745237350464,0.05668530985713005,0.024154549464583397,0.32116934657096863,0.024712253361940384,-0.0055692619644105434,0.2611910269217333,0.42161916320604265,56699,1.3145161795789608,-0.0034713045265092994,-0.014956477440450033,0.9468510106671602,0.0,0.0,0.3,0.0,-1.0,0.1,0.0,0.0,0.0,3.647507429122925,56699,nan,0.9913305640220642,nan,50000,nan,nan,0,nan,nan,nan,nan,0.033408984541893005
11.212711544008926,rising,0,0.017031416296958923,-0.019862430170178413,0.24897682666778564,0.03856329992413521,0.0135413883253932,0.27387839555740356,0.024712253361940384,-0.0055692619644105434,0.26702948592137543,0.4074443873338847,54793,0.9405115391526291,-0.007385577587648912,-0.01138910148714034,0.5188830255065113,0.0,0.0,0.3,0.0,-1.0,0.1,0.0,0.0,0.0,3.647507429122925,54793,nan,1.0251541137695312,nan,50000,nan,nan,0,nan,nan,nan,nan,0.033408984541893005
11.233243351016426,rising,0,0.017809662967920303,-0.01974206045269966,0.25693726539611816,0.03440125659108162,0.011806339956820011,0.28952860832214355,0.024712253361940384,-0.0055692619644105434,0.2730581809184514,0.39721831887052306,53418,0.670694429301399,-0.008328083987910545,-0.010370339933027495,0.8838109788484871,0.0,0.0,0.3,0.0,-1.0,0.1,0.0,0.0,0.0,3.647507429122925,53418,nan,1.02253258228302,nan,50000,nan,nan,0,nan,nan,nan,nan,0.033408984541893005
11.25329391399282,rising,0,0.018161548301577568,-0.01969405822455883,0.2623668611049652,0.02992847189307213,0.010828670114278793,0.2987902760505676,0.024712253361940384,-0.0055692619644105434,0.27904739922087174,0.3932983935124584,52891,0.5672663195899297,-0.008859323307824317,-0.008556997640523312,0.93110601301305,0.0,0.0,0.3,0.0,-1.0,0.1,0.0,0.0,0.0,3.647507429122925,52891,nan,1.024125099182129,nan,50000,nan,nan,0,nan,nan,nan,nan,0.033408984541893005
11.273426652012859,rising,0,0.018677666783332825,-0.019608814269304276,0.270613431930542,0.02992847189307213,0.010828670114278793,0.2987902760505676,0.024712253361940384,-0.0055692619644105434,0.28511737362423445,0.39059388929703776,52527,0.49590736931497936,-0.008833410174120261,-0.009144816726324168,0.6932470132596791,0.0,0.0,0.3,0.0,-1.0,0.1,0.0,0.0,0.0,3.647507429122925,52527,nan,1.0174591541290283,nan,50000,nan,nan,0,nan,nan,nan,nan,0.033408984541893005
11.293171516997973,rising,0,0.01896236464381218,-0.019602105021476746,0.2762618362903595,0.02210192009806633,0.008457308635115623,0.3180539608001709,0.024712253361940384,-0.0055692619644105434,0.29109629562299233,0.3813845164610562,51289,0.2529160016109806,-0.0102830740538608,-0.005559846730245788,0.7111300074029714,0.0,0.0,0.3,0.0,-1.0,0.1,0.0,0.0,0.0,3.647507429122925,51289,nan,1.0228443145751953,nan,50000,nan,nan,0,nan,nan,nan,nan,0.033408984541893005
11.313912194018485,rising,0,0.019099803641438484,-0.01966359093785286,0.2790627181529999,0.018646948039531708,0.007072125095874071,0.3241944909095764,0.024712253361940384,-0.0055692619644105434,0.29710482972441243,0.3823420080825169,51417,0.2781796327840862,-0.011046194766067208,-0.003882423111948974,1.3224400172475725,0.0,0.0,0.3,0.0,-1.0,0.1,0.0,0.0,0.0,3.647507429122925,51417,nan,1.0085875988006592,nan,50000,nan,nan,0,nan,nan,nan,nan,0.033408984541893005
11.333919188997243,rising,0,0.019099803641438484,-0.01966359093785286,0.2790627181529999,0.015542653389275074,0.006209556479007006,0.3263264298439026,0.024712253361940384,-0.0055692619644105434,0.30312048041960227,0.38881926063971733,52288,0.44908339418779164,-0.01130583082865271,-0.0022209586484147614,1.2618559994734824,0.0,0.0,0.3,0.0,-1.0,0.1,0.0,0.0,0.0,3.647507429122925,52288,nan,1.0126886367797852,nan,50000,nan,nan,0,nan,nan,nan,nan,0.033408984541893005
11.353685923997546,rising,0,0.019099803641438484,-0.01966359093785286,0.2790627181529999,0.012639755383133888,0.005770389921963215,0.3277577757835388,0.024712253361940384,-0.0055692619644105434,0.3091109587228857,0.3956214344430972,53203,0.6285602755434603,-0.011333437342250948,-0.0007152575364173241,1.1006220011040568,0.0,0.0,0.3,0.0,-1.0,0.1,0.0,0.0,0.0,3.647507429122925,53203,nan,1.0069862604141235,nan,50000,nan,nan,0,nan,nan,nan,nan,0.033408984541893005
11.374385514005553,rising,0,0.019099803641438484,-0.01966359093785286,0.2790627181529999,0.009819786064326763,0.005902948323637247,0.32730674743652344,0.024712253361940384,-0.0055692619644105434,0.31515530292526817,0.40343768205784875,54254,0.8347937218429742,-0.011048134271000121,0.0006965702772923077,1.5848029870539904,0.0,0.0,0.3,0.0,-1.0,0.1,0.0,0.0,0.0,3.658064603805542,54254,nan,0.9986735582351685,nan,50000,nan,nan,0,nan,nan,nan,nan,0.033408984541893005
11.393906056007836,rising,0,0.019099803641438484,-0.01966359093785286,0.2790627181529999,0.007073407527059317,0.006611920427531004,0.32702377438545227,0.024712253361940384,-0.0055692619644105434,0.32113490112533327,0.41109450756316834,55284,1.0368207800308262,-0.010497429382197642,0.0020197276587732294,1.2228440027683973,0.0,0.0,0.3,0.0,-1.0,0.1,0.0,0.0,0.0,3.658064603805542,55284,nan,0.9995641708374023,nan,50000,nan,nan,0,nan,nan,nan,nan,0.033408984541893005
11.41399740401539,rising,0,0.019099803641438484,-0.01966359093785286,0.2790627181529999,0.004601772874593735,0.007953552529215813,0.3265635371208191,0.024712253361940384,-0.0055692619644105434,0.3270891961234156,0.41881368132147584,56322,1.2404929108568812,-0.0096632571741771,0.0031628086206623163,1.4930320030543953,0.0,0.0,0.3,0.0,-1.0,0.1,0.0,0.0,0.0,3.658064603805542,56322,nan,0.9969345331192017,nan,50000,nan,nan,0,nan,nan,nan,nan,0.033408984541893005
11.435200217005331,rising,0,0.019615286961197853,-0.01975206471979618,0.3045949637889862,0.0024480221327394247,0.009876838885247707,0.3278474807739258,0.024712253361940384,-0.0055692619644105434,0.3334922353242291,0.3942878333799268,53024,0.593372912399122,-0.009378519351738042,0.003929074114270126,0.8574770181439817,0.0,0.0,0.3,0.0,-1.0,0.1,0.0,0.0,0.0,3.658064603805542,53024,nan,1.012582540512085,nan,50000,nan,nan,0,nan,nan,nan,nan,0.033408984541893005
11.45353250799235,rising,0,0.019241224974393845,-0.01980181783437729,0.3302065134048462,-0.0019289804622530937,0.007279268000274897,0.3101103901863098,0.024712253361940384,-0.0055692619644105434,0.33906985152279956,0.37813494516845947,50852,0.16717533426014342,-0.01120593500147315,0.006807694882346338,1.095595012884587,0.0,0.0,0.3,0.0,-1.0,0.1,0.0,0.0,0.0,3.658064603805542,50852,nan,1.012582540512085,nan,50000,nan,nan,0,nan,nan,nan,nan,0.033408984541893005
11.475159685011022,rising,0,0.019011028110980988,-0.019715216010808945,0.3388507068157196,-0.0035626888275146484,0.00942187663167715,0.3201383054256439,0.024712253361940384,-0.0055692619644105434,0.34543948812352027,0.37028320761342975,49796,-0.039994522073094174,-0.010192725084610787,0.0080831655269622,1.5158159949351102,0.0,0.0,0.3,0.0,-1.0,0.1,0.0,0.0,0.0,3.658064603805542,49796,nan,1.021655797958374,nan,50000,nan,nan,0,nan,nan,nan,nan,0.033408984541893005
11.493796816997929,rising,0,0.01882246695458889,-0.01962192729115486,0.3446219563484192,-0.004953762982040644,0.011259111575782299,0.33264341950416565,0.024712253361940384,-0.0055692619644105434,0.35109297432354647,0.36388957564105234,48936,-0.20869193559228805,-0.009259497082228037,0.009197060218254727,1.2346460134722292,0.0,0.0,0.3,0.0,-1.0,0.1,0.0,0.0,0.0,3.658064603805542,48936,nan,1.021655797958374,nan,50000,nan,nan,0,nan,nan,nan,nan,0.033408984541893005
11.513241551991086,rising,0,0.0186118446290493,-0.019555022940039635,0.35046523809432983,-0.0060169934295117855,0.012852521613240242,0.33896884322166443,0.024712253361940384,-0.0055692619644105434,0.3570669967244612,0.3608969639651214,48533,-0.2876526658279328,-0.008379093948623878,0.010096023079880556,0.8571360085625201,0.0,0.0,0.3,0.0,-1.0,0.1,0.0,0.0,0.0,3.658064603805542,48533,nan,0.9816932678222656,nan,50000,nan,nan,0,nan,nan,nan,nan,0.033408984541893005
11.534816182014765,rising,0,0.018269360065460205,-0.019359668716788292,0.3590933084487915,-0.006846327800303698,0.014432837255299091,0.3416890799999237,0.024712253361940384,-0.0055692619644105434,0.36343882272194605,0.3567213475477058,47972,-0.3978272414853361,-0.0073720847442873445,0.011063266640032321,1.0919639898929745,0.0,0.0,0.3,0.0,-1.0,0.1,0.0,0.0,0.0,3.658064603805542,47972,nan,0.982256293296814,nan,50000,nan,nan,0,nan,nan,nan,nan,0.033408984541893005
11.55372554299538,rising,0,0.01814301125705242,-0.01926279067993164,0.3619214594364166,-0.0077827563509345055,0.01591550000011921,0.3383752107620239,0.024712253361940384,-0.0055692619644105434,0.3691124305187259,0.36194223006511944,48674,-0.26007308535305107,-0.006339354714770784,0.011560798855698717,1.085872994735837,0.0,0.0,0.3,0.0,-1.0,0.1,0.0,0.0,0.0,3.6791789531707764,48674,nan,0.957633376121521,nan,50000,nan,nan,0,nan,nan,nan,nan,0.033408984541893005
11.573632681014715,rising,0,0.01814301125705242,-0.01926279067993164,0.3619214594364166,-0.00820890348404646,0.01807217299938202,0.3306359648704529,0.024712253361940384,-0.0055692619644105434,0.37510014162398875,0.37330727591154,50202,0.039796198193666754,-0.004990812111357651,0.01143714815179342,1.0817299771588296,0.0,0.0,0.3,0.0,-1.0,0.1,0.0,0.0,0.0,3.6791789531707764,50202,nan,0.9581161141395569,nan,50000,nan,nan,0,nan,nan,nan,nan,0.033408984541893005
11.593807561992435,rising,0,0.01814301125705242,-0.01926279067993164,0.3619214594364166,-0.008469769731163979,0.020460769534111023,0.3224549889564514,0.024712253361940384,-0.0055692619644105434,0.3810972511215368,0.3849110167000827,51763,0.3459635013214424,-0.00359913806441187,0.011227897888079985,1.2379419931676239,0.0,0.0,0.3,0.0,-1.0,0.1,0.0,0.0,0.0,3.6791789531707764,51763,nan,0.9543355703353882,nan,50000,nan,nan,0,nan,nan,nan,nan,0.033408984541893005
11.613085912016686,rising,0,0.017291290685534477,-0.01838378608226776,0.38373440504074097,-0.00894271582365036,0.021376147866249084,0.309675395488739,0.024712253361940384,-0.0055692619644105434,0.38705243952572344,0.3714866119218167,49957,-0.008242429503518167,-0.0022898552296725765,0.012805463486114554,0.7647500024177134,0.0,0.0,0.3,0.0,-1.0,0.1,0.0,0.0,0.0,3.6791789531707764,49957,nan,0.9706357717514038,nan,50000,nan,nan,0,nan,nan,nan,nan,0.033408984541893005
11.634110454004258,rising,0,0.016927961260080338,-0.017956096678972244,0.3914481997489929,-0.009706459939479828,0.02327834442257881,0.310482919216156,0.024712253361940384,-0.0055692619644105434,0.39312301302561536,0.36903381121671713,49628,-0.07296012620799175,-0.0008104761306185519,0.013698384186633161,1.484633015934378,0.0,0.0,0.3,0.0,-1.0,0.1,0.0,0.0,0.0,3.6791789531707764,49628,nan,0.9487130045890808,nan,50000,nan,nan,0,nan,nan,nan,nan,0.033408984541893005
11.653838807018474,rising,0,0.016682185232639313,-0.01756509207189083,0.3964688181877136,-0.00964297540485859,0.026088465005159378,0.3059723973274231,0.024712253361940384,-0.0055692619644105434,0.39911773752246515,0.372510317111875,50095,0.01876826152704325,0.0011258774974077608,0.013800384237983021,1.2044550094287843,0.0,0.0,0.3,0.0,-1.0,0.1,0.0,0.0,0.0,3.6791789531707764,50095,nan,0.9572530388832092,nan,50000,nan,nan,0,nan,nan,nan,nan,0.033408984541893005
11.675165837019449,rising,0,0.0164876077324152,-0.01720990240573883,0.4013359844684601,-0.009583418257534504,0.028790442273020744,0.3026728928089142,0.024712253361940384,-0.0055692619644105434,0.40515947531966956,0.37563410030090266,50515,0.10118998155415859,0.002933545474175937,0.013861118108151604,0.8279190224129707,0.0,0.0,0.3,0.0,-1.0,0.1,0.0,0.0,0.0,3.6791789531707764,50515,nan,0.9481064081192017,53279.88458617078,50000,53279.88458617078,nan,0,nan,nan,nan,nan,0.033408984541893005
11.693286319990875,rising,0,0.01615486480295658,-0.016547072678804398,0.4084659516811371,-0.009031448513269424,0.03140225261449814,0.29464301466941833,0.024712253361940384,-0.0055692619644105434,0.41111570862412916,0.37818769496645804,50859,0.16856714951076412,0.00499623535782936,0.013827556632143745,0.7266020111273974,0.0,0.0,0.3,0.0,-1.0,0.1,0.0,0.0,0.0,3.6791789531707764,50859,nan,0.9378155469894409,54231.34662596144,50000,53289.88458617078,nan,0,nan,nan,nan,nan,0.033408984541893005
11.714089496002998,rising,0,0.015965985134243965,-0.016084903851151466,0.4130086898803711,-0.00828024372458458,0.03375890105962753,0.29058313369750977,0.024712253361940384,-0.0055692619644105434,0.41708171952341216,0.3820031852927056,51372,0.26923971748563424,0.006664274456496035,0.013493899176596713,1.4686539943795651,0.0,0.0,0.3,0.0,-1.0,0.1,0.0,0.0,0.0,3.6791789531707764,51372,nan,0.9659369587898254,53183.59498777377,50000,53288.46739152549,nan,0,nan,nan,nan,nan,0.033408984541893005
11.73342691201833,rising,0,0.015870047733187675,-0.015882547944784164,0.41523537039756775,-0.006994722411036491,0.03582264482975006,0.28356149792671204,0.024712253361940384,-0.0055692619644105434,0.42307179491908753,0.39022587643083256,52478,0.4861972673042878,0.007789048957230777,0.012648977562913943,0.9546790097374469,0.0,0.0,0.3,0.0,-1.0,0.1,0.0,0.0,0.0,3.6791789531707764,52478,nan,0.963472306728363,54467.574868029296,50000,53298.46739152549,nan,0,nan,nan,nan,nan,0.033408984541893005
11.754236767999828,rising,0,0.015870047733187675,-0.015882547944784164,0.41523537039756775,-0.005305892322212458,0.03767223656177521,0.27540162205696106,0.024712253361940384,-0.0055692619644105434,0.42911737062386235,0.4018743791292651,54044,0.7935456234634586,0.008483738102313527,0.011441786990503466,1.4378619962371886,0.0,0.0,0.3,0.0,-1.0,0.1,0.0,0.0,0.0,3.6791789531707764,54044,nan,0.9577628374099731,56427.33032547838,50000,53308.46739152549,nan,0,nan,nan,nan,nan,0.033408984541893005
11.773772742017172,rising,0,0.015373056754469872,-0.014336192049086094,0.42823344469070435,-0.004370490089058876,0.03738899156451225,0.2678424119949341,0.024712253361940384,-0.0055692619644105434,0.4351061572233448,0.39690511819628566,53376,0.6624305592687492,0.010005818065980464,0.011614565025218182,1.1109290062449872,0.0,0.0,0.3,0.0,-1.0,0.1,0.0,0.0,0.0,3.647507429122925,53376,nan,0.9614341259002686,55517.06410464652,50000,53318.46739152549,nan,0,nan,nan,nan,nan,0.033408984541893005
11.793681454000762,rising,0,0.015226993709802628,-0.013569692149758339,0.434402734041214,-0.0028017875738441944,0.037946704775094986,0.26227882504463196,0.024712253361940384,-0.0055692619644105434,0.4410794455179712,0.3994498009910149,53718,0.7295725855149033,0.010988910320525873,0.010901363858958568,1.1421579984016716,0.0,0.0,0.3,0.0,-1.0,0.1,0.0,0.0,0.0,3.647507429122925,53718,nan,0.9614341259002686,55872.78270333861,50000,53328.46739152549,nan,0,nan,nan,nan,nan,0.033408984541893005
11.814059391006595,rising,0,0.015182974748313427,-0.013021444901823997,0.4384637176990509,-0.001133304089307785,0.038060735911130905,0.26086264848709106,0.024712253361940384,-0.0055692619644105434,0.4470821428199997,0.4025926936202873,54141,0.8124985124086344,0.011504454160801866,0.01003108117297824,1.4737749879714102,0.0,0.0,0.3,0.0,-1.0,0.1,0.0,0.0,0.0,3.647507429122925,54141,nan,0.9848808646202087,54972.13109209705,50000,53338.46739152549,nan,0,nan,nan,nan,nan,0.033408984541893005
11.833309409004869,rising,0,0.015075845643877983,-0.01220719050616026,0.4445677399635315,0.0008110919152386487,0.037827420979738235,0.26135843992233276,0.024712253361940384,-0.0055692619644105434,0.4530618937191321,0.4021979832507486,54088,0.8020839907849222,0.01220951353137708,0.009180544719435524,0.8830039878375828,0.0,0.0,0.3,0.0,-1.0,0.1,0.0,0.0,0.0,3.647507429122925,54088,nan,1.000172734260559,54078.65876286657,50000,53348.33660981004,nan,0,nan,nan,nan,nan,0.033408984541893005
11.853368881013012,rising,0,0.015050536021590233,-0.011669911444187164,0.44858965277671814,0.002860074397176504,0.03704624995589256,0.26096493005752563,0.024712253361940384,-0.0055692619644105434,0.4590760591236176,0.40489249607862027,54450,0.8731793160585806,0.012273083136925461,0.008132302727253293,0.8998179982881993,0.0,0.0,0.3,0.0,-1.0,0.1,0.0,0.0,0.0,3.647507429122925,54450,nan,0.9900614619255066,54996.58566055456,50000,53358.33660981004,nan,0,nan,nan,nan,nan,0.033408984541893005
11.873987471015425,rising,0,0.01505355816334486,-0.011108733713626862,0.45263808965682983,0.004938187543302774,0.0358353853225708,0.2608245611190796,0.024712253361940384,-0.0055692619644105434,0.46512741732003626,0.40747517245546394,54797,0.9413238114898128,0.012151742926663642,0.007057766069143323,1.2072090175934136,0.0,0.0,0.3,0.0,-1.0,0.1,0.0,0.0,0.0,3.647507429122925,54797,nan,0.9959543943405151,55019.5875547942,50000,53368.33660981004,nan,0,nan,nan,nan,nan,0.033408984541893005
11.893419694999466,rising,0,0.01517568901181221,-0.01039788220077753,0.4586993455886841,0.0075389789417386055,0.03468673303723335,0.2612914741039276,0.024712253361940384,-0.0055692619644105434,0.47105796702380753,0.4070877756156124,54745,0.9311022589871332,0.012297360326048133,0.005666695086083751,1.0304739989805967,0.0,0.0,0.3,0.0,-1.0,0.1,0.0,0.0,0.0,3.647507429122925,54745,nan,1.005376935005188,54452.21398451667,50000,53378.33660981004,nan,0,nan,nan,nan,nan,0.033408984541893005
11.91368134401273,rising,0,0.01517568901181221,-0.01039788220077753,0.4586993455886841,0.009887217544019222,0.032679829746484756,0.26137757301330566,0.024712253361940384,-0.0055692619644105434,0.4771486966259545,0.41466890672144435,55765,1.1311321034681878,0.011104419944557818,0.0044304943339357195,0.931257993215695,0.0,0.0,0.3,0.0,-1.0,0.1,0.0,0.0,0.0,3.647507429122925,55765,nan,1.0049189329147339,55492.038385878026,50000,53388.33660981004,nan,0,nan,nan,nan,nan,0.033408984541893005
11.933461244014325,rising,0,0.015415020287036896,-0.009314501658082008,0.46898987889289856,0.012206276878714561,0.030139951035380363,0.2638319432735443,0.024712253361940384,-0.0055692619644105434,0.48306844062462917,0.4079898271971213,54866,0.9549030922723283,0.011103241592457467,0.0031315485271075083,0.9841730061452836,0.0,0.0,0.3,0.0,-1.0,0.1,0.0,0.0,0.0,3.647507429122925,54866,nan,1.0316870212554932,53180.85705220154,50000,53385.57021570859,nan,0,nan,nan,nan,nan,0.033408984541893005
11.953362169006141,rising,0,0.015566292218863964,-0.008944805711507797,0.4732271730899811,0.014800744131207466,0.02791777066886425,0.2678702473640442,0.024712253361940384,-0.0055692619644105434,0.489068042524741,0.4081848016984177,54893,0.9600475382168252,0.010371328635353734,0.0017105878724612555,0.8976909739430994,0.0,0.0,0.3,0.0,-1.0,0.1,0.0,0.0,0.0,3.6158359050750732,54893,nan,1.0257633924484253,53514.290336462735,50000,53387.286483985314,nan,0,nan,nan,nan,nan,0.033408984541893005
11.973929205007153,rising,0,0.015751007944345474,-0.008595376275479794,0.4774879515171051,0.01694948785007,0.025251079350709915,0.2726156413555145,0.024712253361940384,-0.0055692619644105434,0.49510658501822036,0.4080474914899883,54874,0.9564245775722497,0.009410245947837858,0.0004769067534029503,1.2938119762111455,0.0,0.0,0.3,0.0,-1.0,0.1,0.0,0.0,0.0,3.6158359050750732,54874,nan,1.0207927227020264,53756.26097210917,50000,53392.20614382697,nan,0,nan,nan,nan,nan,0.033408984541893005
11.99363457999425,rising,0,0.015971682965755463,-0.008139213547110558,0.4841432273387909,0.018574627116322517,0.022327423095703125,0.2746961712837219,0.024712253361940384,-0.0055692619644105434,0.5010831475199665,0.40617226689486613,54622,0.9069463560650686,0.008463269900945723,-0.000538434780467778,1.088750985218212,0.0,0.0,0.3,0.0,-1.0,0.1,0.0,0.0,0.0,3.6158359050750732,54622,nan,1.0053468942642212,54331.4952397361,50000,53402.20614382697,nan,0,nan,nan,nan,nan,0.033408984541893005
12.014180991012836,rising,0,0.016139311715960503,-0.00790503341704607,0.4886251986026764,0.019567709416151047,0.019208794459700584,0.2778042256832123,0.024712253361940384,-0.0055692619644105434,0.507142504924559,0.40660456803907835,54680,0.9183527187091904,0.00715062588948992,-0.0011912442148191982,1.3668790052179247,0.0,0.0,0.3,0.0,-1.0,0.1,0.0,0.0,0.0,3.6158359050750732,54680,nan,1.022690773010254,53466.797044673986,50000,53403.06735583826,nan,0,nan,nan,nan,nan,0.033408984541893005
12.034123274992453,rising,0,0.01643236167728901,-0.00760844349861145,0.4955271780490875,0.01986881159245968,0.015862615779042244,0.28303083777427673,0.024712253361940384,-0.0055692619644105434,0.5130589597247308,0.4027736437772971,54165,0.8172729228838271,0.005851592353150022,-0.001643121273330328,1.2740259990096092,0.0,0.0,0.3,0.0,-1.0,0.1,0.0,0.0,0.0,3.6158359050750732,54165,nan,1.028536081314087,52662.22642456768,50000,53393.189476754655,nan,0,nan,nan,nan,nan,0.033408984541893005
12.052933988015866,rising,0,0.01643236167728901,-0.00760844349861145,0.4955271780490875,0.019883740693330765,0.01267043873667717,0.28659483790397644,0.024712253361940384,-0.0055692619644105434,0.519048684721929,0.4084990374212052,54935,0.968338718237602,0.0042066744839551265,-0.0016274010397800964,0.6154289876576513,0.0,0.0,0.3,0.0,-1.0,0.1,0.0,0.0,0.0,3.6158359050750732,54935,nan,1.0227482318878174,53713.12145766259,50000,53397.4552365001,nan,0,nan,nan,nan,nan,0.033408984541893005
12.074421922006877,rising,0,0.016535187140107155,-0.007549317553639412,0.4978504776954651,0.019551236182451248,0.00957636721432209,0.29213204979896545,0.024712253361940384,-0.0055692619644105434,0.5251202923216624,0.41044096595188734,55196,1.0195769380445192,0.002736700440584717,-0.0015578878802249285,1.330986007815227,0.0,0.0,0.3,0.0,-1.0,0.1,0.0,0.0,0.0,3.6158359050750732,55196,nan,1.0299487113952637,53591.01806654663,50000,53400.036074234056,nan,0,nan,nan,nan,nan,0.033408984541893005
12.09428868300165,rising,0,0.01699507236480713,-0.007480106316506863,0.5122668147087097,0.017210517078638077,0.005278145894408226,0.2898190915584564,0.024712253361940384,-0.0055692619644105434,0.5310849970235721,0.40104995089945344,53933,0.771792899721726,0.0007263224375638948,-0.0008857526662886528,1.7192300001624972,0.0,0.0,0.3,0.0,-1.0,0.1,0.0,0.0,0.0,3.6158359050750732,53933,nan,1.0291728973388672,52404.21715287546,50000,53390.036074234056,nan,0,nan,nan,nan,nan,0.033408984541893005
12.114019186003134,rising,0,0.017102550715208054,-0.007556228898465633,0.5172510743141174,0.015893910080194473,0.0019093164009973407,0.29651591181755066,0.024712253361940384,-0.0055692619644105434,0.5371760677255224,0.39910495293397996,53672,0.7204736921894437,-0.0010346240697942594,-0.00033800873410094745,1.1248859809711576,0.0,0.0,0.3,0.0,-1.0,0.1,0.0,0.0,0.0,3.6158359050750732,53672,nan,1.0214722156524658,52543.768863763944,50000,53380.036074234056,nan,0,nan,nan,nan,nan,0.033408984541893005
12.134043561993167,rising,0,0.0172006506472826,-0.007737519219517708,0.5247823596000671,0.014555538073182106,-0.001297213020734489,0.30233585834503174,0.024712253361940384,-0.0055692619644105434,0.5430602371197892,0.3941557478494518,53006,0.5898878060541364,-0.0028586341278825185,0.00023730079445716257,1.611378014786169,0.0,0.0,0.3,0.0,-1.0,0.1,0.0,0.0,0.0,3.6158359050750732,53006,nan,1.0214722156524658,51891.76875079504,50000,53370.036074234056,nan,0,nan,nan,nan,nan,0.033408984541893005
12.153097914007958,rising,0,0.017267601564526558,-0.007922722026705742,0.5298962593078613,0.012993657030165195,-0.004477145150303841,0.30649203062057495,0.024712253361940384,-0.0055692619644105434,0.5490448222204577,0.3931880186706884,52876,0.5643540546355776,-0.004671608753982839,0.0009642444674806683,0.7716490072198212,0.0,0.0,0.3,0.0,-1.0,0.1,0.0,0.0,0.0,3.6158359050750732,52876,nan,1.0169076919555664,51996.85322304594,50000,53360.036074234056,nan,0,nan,nan,nan,nan,0.033408984541893005
12.173538552015088,rising,0,0.017323041334748268,-0.008262190036475658,0.5376740097999573,0.011382190510630608,-0.0074901035986840725,0.31228962540626526,0.024712253361940384,-0.0055692619644105434,0.5550512221234385,0.38809707529518006,52191,0.43002837190448595,-0.0066354913610256906,0.0017501988516968048,0.8884409908205271,0.0,0.0,0.3,0.0,-1.0,0.1,0.0,0.0,0.0,3.6263930797576904,52191,nan,1.0202393531799316,51155.64287667257,50000,53350.036074234056,nan,0,nan,nan,nan,nan,0.033408984541893005
12.193277008016594,rising,0,0.017273450270295143,-0.00858701765537262,0.5428751707077026,0.00977221317589283,-0.010147114284336567,0.31585240364074707,0.024712253361940384,-0.0055692619644105434,0.5610781333205522,0.38737180547767064,52094,0.4108919651100411,-0.008355213230499918,0.002635916629606161,0.8063959830906242,0.0,0.0,0.3,0.0,-1.0,0.1,0.0,0.0,0.0,3.6263930797576904,52094,nan,1.011423945426941,51505.60280438106,50000,53340.036074234056,nan,0,nan,nan,nan,nan,0.033408984541893005
12.21319218701683,rising,0,0.017265820875763893,-0.00869416818022728,0.5455372929573059,0.008144119754433632,-0.012538432143628597,0.31784987449645996,0.024712253361940384,-0.0055692619644105434,0.5670498658204451,0.39053713924956124,52519,0.49441000658472767,-0.009621951314285032,0.003456141798159784,0.7239019905682653,0.0,0.0,0.3,0.0,-1.0,0.1,0.0,0.0,0.0,3.6263930797576904,52519,nan,1.011423945426941,51925.80246637403,50000,53330.036074234056,nan,0,nan,nan,nan,nan,0.033408984541893005
12.233426824997878,rising,0,0.017265820875763893,-0.00869416818022728,0.5455372929573059,0.007103252224624157,-0.014255914837121964,0.31982821226119995,0.024712253361940384,-0.0055692619644105434,0.5730689275223995,0.39710315295620136,53402,0.6676557508232541,-0.010327920832415929,0.003923228849920246,0.965258019277826,0.0,0.0,0.3,0.0,-1.0,0.1,0.0,0.0,0.0,3.6263930797576904,53402,nan,1.0082206726074219,52966.57909413202,50000,53325.18998116603,nan,0,nan,nan,nan,nan,0.033408984541893005
12.253718985011801,rising,0,0.01710503362119198,-0.009832514449954033,0.5613104104995728,0.004708456341177225,-0.01613735221326351,0.3111390173435211,0.024712253361940384,-0.0055692619644105434,0.5790647050220287,0.38925652287646595,52347,0.46062065637113214,-0.012672813563290714,0.005398000313072027,1.2806379818357527,0.0,0.0,0.3,0.0,-1.0,0.1,0.0,0.0,0.0,3.6263930797576904,52347,nan,1.0017828941345215,52253.83694061234,50000,53315.18998116603,nan,0,nan,nan,nan,nan,0.033408984541893005
12.272886127000675,rising,0,0.016996288672089577,-0.010218771174550056,0.5666474103927612,0.0036485514137893915,-0.01729004457592964,0.31320369243621826,0.024712253361940384,-0.0055692619644105434,0.5850453547231155,0.38905370156494573,52320,0.4552691705790419,-0.013669258907352357,0.006057492824513178,0.5768779956270009,0.0,0.0,0.3,0.0,-1.0,0.1,0.0,0.0,0.0,3.6263930797576904,52320,nan,1.003822922706604,52120.74641504478,50000,53305.18998116603,nan,0,nan,nan,nan,nan,0.033408984541893005
12.293467570998473,rising,0,0.016996288672089577,-0.010218771174550056,0.5666474103927612,0.0034948494285345078,-0.017378702759742737,0.3146187663078308,0.024712253361940384,-0.0055692619644105434,0.5910652357211802,0.39589510499123803,53240,0.6357811343334561,-0.013477819576632542,0.006030462186857877,1.0004719952121377,0.0,0.0,0.3,0.0,-1.0,0.1,0.0,0.0,0.0,3.6263930797576904,53240,nan,1.003822922706604,53037.242720508104,50000,53301.617351023924,nan,0,nan,nan,nan,nan,0.033408984541893005
12.313827520993073,rising,0,0.016675330698490143,-0.011342302896082401,0.5798965692520142,0.0020958352833986282,-0.017864517867565155,0.3106895089149475,0.024712253361940384,-0.0055692619644105434,0.5971217989223078,0.38889759523805384,52299,0.4511502701333452,-0.015126080279817105,0.00718859185707732,1.120962988352403,0.0,0.0,0.3,0.0,-1.0,0.1,0.0,0.0,0.0,3.6263930797576904,52299,nan,1.0026191473007202,52162.379045723246,50000,53291.617351023924,nan,0,nan,nan,nan,nan,0.033408984541893005
12.333964301011292,rising,0,0.016425374895334244,-0.012041905894875526,0.5878711342811584,0.0020958352833986282,-0.017864517867565155,0.3106895089149475,0.024712253361940384,-0.0055692619644105434,0.6030644260230474,0.3863783204292257,51960,0.3846786392935524,-0.015949123227205105,0.007494238888295479,1.1012789909727871,0.0,0.0,0.3,0.0,-1.0,0.1,0.0,0.0,0.0,3.6263930797576904,51960,nan,1.0026191473007202,51824.26461721601,50000,53281.617351023924,nan,0,nan,nan,nan,nan,0.033408984541893005
12.353882772003999,rising,0,0.016219288110733032,-0.012508832849562168,0.593259871006012,0.00036004080902785063,-0.017718719318509102,0.31595730781555176,0.024712253361940384,-0.0055692619644105434,0.6091068904177518,0.3845837405657691,51719,0.33732824711791665,-0.01643359363660805,0.00864628173011095,1.2446499895304441,0.0,0.0,0.3,0.0,-1.0,0.1,0.0,0.0,0.0,3.631671667098999,51719,nan,1.00222909450531,51603.96987430101,50000,53271.617351023924,nan,0,nan,nan,nan,nan,0.033408984541893005
12.373253744008252,rising,0,0.016219288110733032,-0.012508832849562168,0.593259871006012,-0.00010181780817219988,-0.016804326325654984,0.31643199920654297,0.024712253361940384,-0.0055692619644105434,0.6151118542213225,0.3918711062100715,52699,0.5296070240124386,-0.015661215601074745,0.008721217082015453,0.685089995386079,0.0,0.0,0.3,0.0,-1.0,0.1,0.0,0.0,0.0,3.631671667098999,52699,nan,0.9882311820983887,53326.59093806379,50000,53272.35033218446,nan,0,nan,nan,nan,nan,0.033408984541893005
12.393648457014933,rising,0,0.01571240834891796,-0.013683481141924858,0.606519341468811,-0.0016285174060612917,-0.016281772404909134,0.3137979805469513,0.024712253361940384,-0.0055692619644105434,0.6210741232207511,0.3840933134315004,51653,0.32438821718998234,-0.016929980775181482,0.01022071902170496,1.1210860102437437,0.0,0.0,0.3,0.0,-1.0,0.1,0.0,0.0,0.0,3.631671667098999,51653,nan,0.9941436052322388,51957.28235653993,50000,53262.35033218446,nan,0,nan,nan,nan,nan,0.033408984541893005
12.414240154001163,rising,0,0.015506829135119915,-0.01412056852132082,0.6118509769439697,-0.0023208586499094963,-0.014976399019360542,0.313821017742157,0.024712253361940384,-0.0055692619644105434,0.6271787092176965,0.38506398821158033,51783,0.3499996889599011,-0.016663389836459496,0.010768136410284734,1.287980005145073,0.0,0.0,0.3,0.0,-1.0,0.1,0.0,0.0,0.0,3.631671667098999,51783,nan,0.9888030886650085,52369.37525135835,50000,53252.35033218446,nan,0,nan,nan,nan,nan,0.033408984541893005
12.43332125901361,rising,0,0.015105513855814934,-0.014707018621265888,0.6197541356086731,-0.0033345299307256937,-0.013786745257675648,0.3144218325614929,0.024712253361940384,-0.0055692619644105434,0.6330658210179535,0.38226144704753423,51407,0.2760540118082897,-0.016776996157790824,0.011797439769412277,0.8822399831842631,0.0,0.0,0.3,0.0,-1.0,0.1,0.0,0.0,0.0,3.631671667098999,51407,nan,0.9994120597839355,51437.242023188875,50000,53242.35033218446,nan,0,nan,nan,nan,nan,0.033408984541893005
12.453647198010003,rising,0,0.014871546998620033,-0.015115229412913322,0.6250207424163818,-0.004064468666911125,-0.012100589461624622,0.3139404356479645,0.024712253361940384,-0.0055692619644105434,0.6390672118257498,0.38343444890350403,51564,0.30700392885234784,-0.016272035034418302,0.012386205072027145,1.1391669977456331,0.0,0.0,0.3,0.0,-1.0,0.1,0.0,0.0,0.0,3.631671667098999,51564,nan,0.9937906265258789,51886.18067395028,50000,53232.35033218446,nan,0,nan,nan,nan,nan,0.033408984541893005
12.47400213801302,rising,0,0.014464214444160461,-0.015605194494128227,0.6327840089797974,-0.004621959291398525,-0.010145691223442554,0.31401607394218445,0.024712253361940384,-0.0055692619644105434,0.64512390702439,0.38127658577488965,51274,0.25006822625038616,-0.015852767494674423,0.013176137676307986,1.0450620029587299,0.0,0.0,0.3,0.0,-1.0,0.1,0.0,0.0,0.0,3.631671667098999,51274,nan,0.9922566413879395,51674.13132985377,50000,53222.35033218446,nan,0,nan,nan,nan,nan,0.033408984541893005
12.493564773991238,rising,0,0.014211208559572697,-0.016008468344807625,0.6380260586738586,-0.005238419398665428,-0.008288518525660038,0.3125759959220886,0.024712253361940384,-0.0055692619644105434,0.6510751300200354,0.38289555016377763,51492,0.29278496474347193,-0.015236949134024779,0.013706782787126448,1.060882001183927,0.0,0.0,0.3,0.0,-1.0,0.1,0.0,0.0,0.0,3.631671667098999,51492,nan,0.9819191098213196,52440.16486181843,50000,53212.35033218446,nan,0,nan,nan,nan,nan,0.033408984541893005
12.514168758993037,rising,0,0.014043774455785751,-0.01616017520427704,0.6405333280563354,-0.00532229570671916,-0.006009230390191078,0.3086346387863159,0.024712253361940384,-0.0055692619644105434,0.6571060627233237,0.3892814773117543,52351,0.4612790847428556,-0.013971634438311384,0.013697074575007795,1.4828899875283241,0.0,0.0,0.3,0.0,-1.0,0.1,0.0,0.0,0.0,3.631671667098999,52351,nan,0.9819191098213196,53314.98234057828,50000,53213.71875896305,nan,0,nan,nan,nan,nan,0.033408984541893005
12.533108942996478,rising,0,0.014043774455785751,-0.01616017520427704,0.6405333280563354,-0.00449608126655221,-0.0030265478417277336,0.3054027557373047,0.024712253361940384,-0.0055692619644105434,0.6630612040229608,0.39835230017428513,53570,0.7006147803241447,-0.012155575329708408,0.012970309644271483,0.7088009733706713,0.0,0.0,0.3,0.0,-1.0,0.1,0.0,0.0,0.0,3.631671667098999,53570,nan,0.9825176000595093,54523.196324173085,50000,53223.71875896305,nan,0,nan,nan,nan,nan,0.033408984541893005
12.553690811007982,rising,0,0.013231521472334862,-0.01692003756761551,0.6556872129440308,-0.005386735778301954,-0.0017614933894947171,0.30119654536247253,0.024712253361940384,-0.0055692619644105434,0.6690676369209541,0.38904362103554296,52319,0.45500319354994545,-0.012577657877455833,0.014573791500009925,1.1778860061895102,0.0,0.0,0.3,0.0,-1.0,0.1,0.0,0.0,0.0,3.631671667098999,52319,nan,0.9791808128356934,53431.39828126834,50000,53226.48781926045,nan,0,nan,nan,nan,nan,0.033408984541893005
12.57415374100674,rising,0,0.012855845503509045,-0.01722824014723301,0.6631224155426025,-0.005517269019037485,0.0002399889926891774,0.29939591884613037,0.024712253361940384,-0.0055692619644105434,0.6751805026229704,0.38830243250860846,52219,0.43544676803716165,-0.011888221660774901,0.015055887694374048,1.0195550275966525,0.0,0.0,0.3,0.0,-1.0,0.1,0.0,0.0,0.0,3.631671667098999,52219,nan,0.9791808128356934,53329.27209712631,50000,53227.85827629867,nan,0,nan,nan,nan,nan,0.033408984541893005
12.593112119007856,rising,0,0.01257292553782463,-0.017387669533491135,0.6680552959442139,-0.00533380126580596,0.0027425438165664673,0.29668527841567993,0.024712253361940384,-0.0055692619644105434,0.6810528025176609,0.3908407975758194,52560,0.5024220996258411,-0.010693391779223092,0.015153786647627454,0.6736319919582456,0.0,0.0,0.3,0.0,-1.0,0.1,0.0,0.0,0.0,3.631671667098999,52560,nan,0.9939870238304138,52877.95387655621,50000,53223.1928843021,nan,0,nan,nan,nan,nan,0.033408984541893005
12.613945940014673,rising,0,0.012334865517914295,-0.017597556114196777,0.6729037165641785,-0.005064332392066717,0.005592635832726955,0.29742631316185,0.024712253361940384,-0.0055692619644105434,0.6870810130232712,0.39195474894656546,52710,0.5318139563737567,-0.009422701718576967,0.015216174250096914,1.3241359847597778,0.0,0.0,0.3,0.0,-1.0,0.1,0.0,0.0,0.0,3.631671667098999,52710,nan,0.9939870238304138,53028.86127917195,50000,53220.6017962337,nan,0,nan,nan,nan,nan,0.033408984541893005
12.633309966011439,rising,0,0.011948981322348118,-0.01770537905395031,0.6802343726158142,-0.005135263781994581,0.008161043748259544,0.29474279284477234,0.024712253361940384,-0.0055692619644105434,0.693059727421496,0.3916179096442451,52665,0.5229263758375993,-0.008229116971174535,0.015659682725907897,0.8905400172807276,0.0,0.0,0.3,0.0,-1.0,0.1,0.0,0.0,0.0,3.631671667098999,52665,nan,0.974785327911377,54027.28015289543,50000,53230.6017962337,nan,0,nan,nan,nan,nan,0.033408984541893005
12.653408825019142,rising,0,0.011740539222955704,-0.01781729981303215,0.6850571632385254,-0.00489398930221796,0.010917278937995434,0.29342278838157654,0.024712253361940384,-0.0055692619644105434,0.6990786922251573,0.39378354343761296,52956,0.5800671091718446,-0.006897479809431959,0.01566275634386738,0.9131029946729541,0.0,0.0,0.3,0.0,-1.0,0.1,0.0,0.0,0.0,3.631671667098999,52956,nan,0.9941694140434265,53266.57534616813,50000,53231.08144356616,nan,0,nan,nan,nan,nan,0.033408984541893005
12.674574958015,rising,0,0.011352085508406162,-0.017836617305874825,0.69227534532547,-0.004733243025839329,0.013308651745319366,0.29291731119155884,0.024712253361940384,-0.0055692619644105434,0.7053421885240823,0.3928551107277142,52831,0.5555702038974708,-0.0057158780844247074,0.01601349820779041,0.7220889965537935,0.0,0.0,0.3,0.0,-1.0,0.1,0.0,0.0,0.0,3.631671667098999,52831,nan,0.9931710362434387,53194.26168510462,50000,53230.59051345334,nan,0,nan,nan,nan,nan,0.033408984541893005
12.692978898005094,rising,0,0.011122970841825008,-0.01787552796304226,0.6970463395118713,-0.004060523584485054,0.01593022607266903,0.29173171520233154,0.024712253361940384,-0.0055692619644105434,0.711062986322213,0.39464567382690396,53072,0.6028146128470695,-0.004400616946792555,0.01583212272653589,0.5989490018691868,0.0,0.0,0.3,0.0,-1.0,0.1,0.0,0.0,0.0,3.631671667098999,53072,nan,1.0018993616104126,52971.38817884284,50000,53227.1344823252,nan,0,nan,nan,nan,nan,0.033408984541893005
12.713846494007157,rising,0,0.01089837122708559,-0.017881345003843307,0.7017556428909302,-0.00325462082400918,0.018391117453575134,0.2923453450202942,0.024712253361940384,-0.0055692619644105434,0.7170938836206915,0.3960030423775918,53254,0.6386290864799946,-0.003148368343182109,0.015597676805878535,1.2296870118007064,0.0,0.0,0.3,0.0,-1.0,0.1,0.0,0.0,0.0,3.631671667098999,53254,nan,1.0004980564117432,53227.4897074702,50000,53227.139218660464,nan,0,nan,nan,nan,nan,0.033408984541893005
12.734451594995335,rising,0,0.01089837122708559,-0.017881345003843307,0.7017556428909302,-0.002093089511618018,0.02089804783463478,0.29218870401382446,0.024712253361940384,-0.0055692619644105434,0.7231659997225506,0.40368723899743103,54288,0.8413783376630857,-0.0018462433335064,0.014725225377766327,1.4809010026510805,0.0,0.0,0.3,0.0,-1.0,0.1,0.0,0.0,0.0,3.631671667098999,54288,nan,1.0004980564117432,54260.97497350701,50000,53237.139218660464,nan,0,nan,nan,nan,nan,0.033408984541893005
12.753775075019803,rising,0,0.010551655665040016,-0.01776682212948799,0.7113460898399353,-0.0018491527298465371,0.02117769420146942,0.2853320240974426,0.024712253361940384,-0.0055692619644105434,0.7290819244197337,0.40254145069947667,54134,0.8111464564505706,-0.001598736741055354,0.014990495043685215,1.024977013003081,0.0,0.0,0.3,0.0,-1.0,0.1,0.0,0.0,0.0,3.6158359050750732,54134,nan,1.0022190809249878,54014.1382561162,50000,53247.139218660464,nan,0,nan,nan,nan,nan,0.033408984541893005
12.775304355018307,rising,0,0.01021492574363947,-0.017586413770914078,0.7208184599876404,-0.0005546323372982442,0.022818706929683685,0.2846030294895172,0.024712253361940384,-0.0055692619644105434,0.7353760756173869,0.39894583972636866,53650,0.7162754545215986,-0.0006094712805243027,0.01481422563152579,1.0580200178083032,0.0,0.0,0.3,0.0,-1.0,0.1,0.0,0.0,0.0,3.6158359050750732,53650,nan,1.0179551839828491,52703.69545159064,50000,53239.893301766206,nan,0,nan,nan,nan,nan,0.033408984541893005
12.793292282993207,rising,0,0.010138941928744316,-0.017528554424643517,0.725530207157135,0.0007164838607423007,0.024055244401097298,0.28776606917381287,0.024712253361940384,-0.0055692619644105434,0.7410695680213394,0.39860374912286106,53604,0.7072493172258838,6.857606699805412e-05,0.014265346649247501,0.8578839770052582,0.0,0.0,0.3,0.0,-1.0,0.1,0.0,0.0,0.0,3.6158359050750732,53604,nan,1.0179551839828491,52658.506821753304,50000,53232.141482032705,nan,0,nan,nan,nan,nan,0.033408984541893005
12.812959130009403,rising,0,0.00997934304177761,-0.0174152459949255,0.730372965335846,0.0024917612317949533,0.025662923231720924,0.29229936003685,0.024712253361940384,-0.0055692619644105434,0.7470657673227834,0.39779181864761415,53495,0.6858263495412693,0.0009910393728504328,0.013562313290547356,0.5725109949707985,0.0,0.0,0.3,0.0,-1.0,0.1,0.0,0.0,0.0,3.6158359050750732,53495,nan,1.0229582786560059,52294.41035492023,50000,53222.141482032705,nan,0,nan,nan,nan,nan,0.033408984541893005
12.833547371992609,rising,0,0.009876017458736897,-0.017294220626354218,0.7376024723052979,0.004215403459966183,0.026415016502141953,0.29773736000061035,0.024712253361940384,-0.0055692619644105434,0.7531278076174204,0.3936256076813895,52935,0.5758999388229409,0.001506684683148514,0.012935021377739053,0.9123230120167136,0.0,0.0,0.3,0.0,-1.0,0.1,0.0,0.0,0.0,3.6158359050750732,52935,nan,1.0348742008209229,51151.144707258965,50000,53212.141482032705,nan,0,nan,nan,nan,nan,0.033408984541893005
12.853879325004527,rising,0,0.009827874600887299,-0.017146939411759377,0.7425413727760315,0.006255515851080418,0.027157453820109367,0.29856204986572266,0.024712253361940384,-0.0055692619644105434,0.7590744706219994,0.3944849662197266,53050,0.5985743065890912,0.0020291703937504765,0.01192126475307731,1.2974459968972951,0.0,0.0,0.3,0.0,-1.0,0.1,0.0,0.0,0.0,3.6158359050750732,53050,nan,1.0068224668502808,52690.52066940892,50000,53205.186537864385,nan,0,nan,nan,nan,nan,0.033408984541893005
12.87409803099581,rising,0,0.009780030697584152,-0.01696251891553402,0.7499008178710938,0.00846636388450861,0.027873916551470757,0.3003244400024414,0.024712253361940384,-0.0055692619644105434,0.7651361023250501,0.39199257936587906,52715,0.5328121204717409,0.0025958203555487705,0.010917812060811105,1.1301519989501685,0.0,0.0,0.3,0.0,-1.0,0.1,0.0,0.0,0.0,3.6158359050750732,52715,nan,1.0074336528778076,52326.02648265299,50000,53195.186537864385,nan,0,nan,nan,nan,nan,0.033408984541893005
12.893706611008383,rising,0,0.009783412329852581,-0.016795117408037186,0.7548733949661255,0.010282489471137524,0.027606220915913582,0.30066436529159546,0.024712253361940384,-0.0055692619644105434,0.7710699235205538,0.39303653691635204,52856,0.560357174573932,0.0026230496119469173,0.009961168737509185,1.1782229994423687,0.0,0.0,0.3,0.0,-1.0,0.1,0.0,0.0,0.0,3.6158359050750732,52856,nan,0.999055802822113,52905.953652131764,50000,53191.33009938795,nan,0,nan,nan,nan,nan,0.033408984541893005
12.914243152015842,rising,0,0.009836144745349884,-0.01669519580900669,0.7598804235458374,0.012383347377181053,0.027700547128915787,0.30182889103889465,0.024712253361940384,-0.0055692619644105434,0.7771470871259225,0.39380518737010106,52959,0.5806381891847234,0.0027673065590178908,0.008821161157211543,1.469438022468239,0.0,0.0,0.3,0.0,-1.0,0.1,0.0,0.0,0.0,3.6158359050750732,52959,nan,0.9996541738510132,52977.320942885315,50000,53188.47664396792,nan,0,nan,nan,nan,nan,0.033408984541893005
12.933868591993814,rising,0,0.009819207713007927,-0.016669265925884247,0.7623339295387268,0.014326865784823895,0.027453523129224777,0.3028642535209656,0.024712253361940384,-0.0055692619644105434,0.7831872148206458,0.39778821095838507,53495,0.6857311598518478,0.0026414458090291224,0.007772669349267902,0.9970430110115558,0.0,0.0,0.3,0.0,-1.0,0.1,0.0,0.0,0.0,3.6158359050750732,53495,nan,1.0113335847854614,52895.50431705294,50000,53184.57034627573,nan,0,nan,nan,nan,nan,0.033408984541893005
12.953253868996399,rising,0,0.010045287199318409,-0.016421010717749596,0.7723572254180908,0.016259418800473213,0.027463015168905258,0.30190691351890564,0.024712253361940384,-0.0055692619644105434,0.7890469864243641,0.39307614733621304,52861,0.5614023043855667,0.002930553477725634,0.0066524565531096425,0.8727950043976307,0.0,0.0,0.3,0.0,-1.0,0.1,0.0,0.0,0.0,3.6158359050750732,52861,nan,1.0113335847854614,52268.60928504973,50000,53174.57034627573,nan,0,nan,nan,nan,nan,0.033408984541893005
12.973770237993449,rising,0,0.010225837118923664,-0.01629352755844593,0.7799841165542603,0.016994472593069077,0.025345128029584885,0.3019349277019501,0.024712253361940384,-0.0055692619644105434,0.7951866376242833,0.39121601862906535,52611,0.5123223912682136,0.0019920822741441944,0.00612369340052088,0.8961560088209808,0.0,0.0,0.3,0.0,-1.0,0.1,0.0,0.0,0.0,3.621114492416382,52611,nan,1.0130934715270996,51931.04237528658,50000,53164.57034627573,nan,0,nan,nan,nan,nan,0.033408984541893005
12.99312569599715,rising,0,0.010350610129535198,-0.01623408868908882,0.7850229144096375,0.018534351140260696,0.025063782930374146,0.30417749285697937,0.024712253361940384,-0.0055692619644105434,0.8010429958201712,0.3911306165893323,52599,0.5100690392963649,0.001909429879625159,0.005210014756051651,0.7759950240142643,0.0,0.0,0.3,0.0,-1.0,0.1,0.0,0.0,0.0,3.621114492416382,52599,nan,1.0130934715270996,51919.19746626559,50000,53154.57034627573,nan,0,nan,nan,nan,nan,0.033408984541893005
13.013458653003909,rising,0,0.010552208870649338,-0.016152184456586838,0.7901582717895508,0.019898446276783943,0.024925608187913895,0.3061734735965729,0.024712253361940384,-0.0055692619644105434,0.8070691582252039,0.3912613699259192,52617,0.5135189954068373,0.0019218868231620063,0.0043048812711052875,0.9191219869535416,0.0,0.0,0.3,0.0,-1.0,0.1,0.0,0.0,0.0,3.621114492416382,52617,nan,1.0122621059417725,51979.62038798936,50000,53144.57034627573,nan,0,nan,nan,nan,nan,0.033408984541893005
13.03351737401681,rising,0,0.010805409401655197,-0.015973467379808426,0.7977678179740906,0.020881209522485733,0.024348625913262367,0.307744562625885,0.024712253361940384,-0.0055692619644105434,0.8131086604204029,0.38852738235158046,52249,0.4413821200944703,0.0018223887144773005,0.003568599500102021,0.904765009181574,0.0,0.0,0.3,0.0,-1.0,0.1,0.0,0.0,0.0,3.621114492416382,52249,nan,1.0094178915023804,51761.51566150122,50000,53134.57034627573,nan,0,nan,nan,nan,nan,0.033408984541893005
13.054037952009821,rising,0,0.010998670011758804,-0.01587548665702343,0.8029009699821472,0.02196602337062359,0.024485763162374496,0.30935201048851013,0.024712253361940384,-0.0055692619644105434,0.8190741280239309,0.38877941300752433,52283,0.4480320054755751,0.0019925600461183418,0.0028093825603046074,1.5326169959735125,0.0,0.0,0.3,0.0,-1.0,0.1,0.0,0.0,0.0,3.621114492416382,52283,nan,1.0094178915023804,51795.198440740845,50000,53124.57034627573,nan,0,nan,nan,nan,nan,0.033408984541893005
13.075015862996224,rising,0,0.011355018243193626,-0.015806404873728752,0.8105688691139221,0.022624751552939415,0.024204876273870468,0.30973201990127563,0.024712253361940384,-0.0055692619644105434,0.8254082692204975,0.38693632814264445,52035,0.39940179795895503,0.0019282764791004796,0.002113899074843939,0.903456995729357,0.0,0.0,0.3,0.0,-1.0,0.1,0.0,0.0,0.0,3.621114492416382,52035,nan,1.0018537044525146,51938.72096169539,50000,53114.57034627573,nan,0,nan,nan,nan,nan,0.033408984541893005
13.093414939008653,rising,0,0.011580810882151127,-0.015729647129774094,0.8156036734580994,0.023170745000243187,0.024167513474822044,0.30916574597358704,0.024712253361940384,-0.0055692619644105434,0.8310586834180868,0.38800410414148856,52179,0.42757530716328596,0.0019828401348850654,0.001593870392377239,0.9770149772521108,0.0,0.0,0.3,0.0,-1.0,0.1,0.0,0.0,0.0,3.621114492416382,52179,nan,0.9971390962600708,52328.70739469113,50000,53104.57034627573,nan,0,nan,nan,nan,nan,0.033408984541893005
13.114250731014181,rising,0,0.011736410669982433,-0.01560213416814804,0.8207056522369385,0.023357568308711052,0.023970143869519234,0.3094964027404785,0.024712253361940384,-0.0055692619644105434,0.8371011937211733,0.38903070977949,52317,0.45466252716332356,0.002007247992440401,0.0013336313966816338,1.5576160221826285,0.0,0.0,0.3,0.0,-1.0,0.1,0.0,0.0,0.0,3.621114492416382,52317,nan,1.0007020235061646,52280.29800189338,50000,53094.57034627573,nan,0,nan,nan,nan,nan,0.033408984541893005
13.133640134008601,rising,0,0.011870497837662697,-0.015551836229860783,0.8232258558273315,0.02316914312541485,0.02336718514561653,0.30812880396842957,0.024712253361940384,-0.0055692619644105434,0.8430831952224253,0.3940613925045709,52993,0.587398219117965,0.0017266553587793815,0.001276130396639541,1.1493990023154765,0.0,0.0,0.3,0.0,-1.0,0.1,0.0,0.0,0.0,3.621114492416382,52993,nan,0.9847263097763062,53814.95292030744,50000,53104.17544726282,nan,0,nan,nan,nan,nan,0.033408984541893005
13.153642837016378,rising,0,0.012264714576303959,-0.01556096225976944,0.8307421207427979,0.023373840376734734,0.02367301657795906,0.3056298494338989,0.024712253361940384,-0.0055692619644105434,0.8490398869209457,0.39337960251086845,52902,0.5694090372260785,0.0018758569234789834,0.0007734195349684558,0.7111029990483075,0.0,0.0,0.3,0.0,-1.0,0.1,0.0,0.0,0.0,3.621114492416382,52902,nan,0.9847263097763062,53722.54145623204,50000,53112.42032738241,nan,0,nan,nan,nan,nan,0.033408984541893005
13.174565455992706,rising,0,0.012651368044316769,-0.015473426319658756,0.840798556804657,0.021538259461522102,0.020297709852457047,0.2978423535823822,0.024712253361940384,-0.0055692619644105434,0.8551743064250331,0.39238474812478613,52768,0.5431595811289203,0.00024943965007583237,0.0013168258617186623,1.174213015474379,0.0,0.0,0.3,0.0,-1.0,0.1,0.0,0.0,0.0,3.621114492416382,52768,nan,1.0048165321350098,52515.059528210426,50000,53104.45551672679,nan,0,nan,nan,nan,nan,0.033408984541893005
13.193513014004566,rising,0,0.012899639084935188,-0.015461036935448647,0.8458689451217651,0.0207823496311903,0.018770497292280197,0.29849115014076233,0.024712253361940384,-0.0055692619644105434,0.8610933913179906,0.39313655596375685,52869,0.562996199571419,-0.000515369908370701,0.001446255694490306,0.9616870083846152,0.0,0.0,0.3,0.0,-1.0,0.1,0.0,0.0,0.0,3.621114492416382,52869,nan,1.0048165321350098,52615.57539033044,50000,53097.9371150415,nan,0,nan,nan,nan,nan,0.033408984541893005
13.21441300000879,rising,0,0.013059146702289581,-0.015433271415531635,0.8508445024490356,0.020363545045256615,0.017861580476164818,0.29815539717674255,0.024712253361940384,-0.0055692619644105434,0.8670962923177286,0.39460501590920033,53066,0.6017418445699274,-0.0009459792476419499,0.0014914505626457686,1.3870569819118828,0.0,0.0,0.3,0.0,-1.0,0.1,0.0,0.0,0.0,3.621114492416382,53066,nan,1.004772663116455,52813.9368714588,50000,53094.150445127074,nan,0,nan,nan,nan,nan,0.033408984541893005
13.233662447019015,rising,0,0.013294635340571404,-0.015503853559494019,0.8582991361618042,0.019699672237038612,0.01643684320151806,0.29964154958724976,0.024712253361940384,-0.0055692619644105434,0.8730597022251458,0.39201315772184187,52718,0.5333550850090187,-0.0017511382294862435,0.0015997244384866605,1.0030280100181699,0.0,0.0,0.3,0.0,-1.0,0.1,0.0,0.0,0.0,3.621114492416382,52718,nan,1.004772663116455,52467.58986902282,50000,53085.79630411235,nan,0,nan,nan,nan,nan,0.033408984541893005
13.253494756994769,rising,0,0.013497096486389637,-0.01558211725205183,0.8633274435997009,0.019405663013458252,0.015629740431904793,0.3002189099788666,0.024712253361940384,-0.0055692619644105434,0.8790846427233191,0.3929863724601503,52849,0.5590335741464436,-0.002237217026666457,0.0015393164466193099,0.9616180032026023,0.0,0.0,0.3,0.0,-1.0,0.1,0.0,0.0,0.0,3.621114492416382,52849,nan,1.017870306968689,51921.15305670834,50000,53075.79630411235,nan,0,nan,nan,nan,nan,0.033408984541893005
13.273268095013918,rising,0,0.013643329963088036,-0.015517236664891243,0.8683361411094666,0.0188556220382452,0.0142003009095788,0.2985954284667969,0.024712253361940384,-0.0055692619644105434,0.8850689512211829,0.3950350985299999,53124,0.6130896709762492,-0.0028836244019910737,0.001661739061794787,0.7859939942136407,0.0,0.0,0.3,0.0,-1.0,0.1,0.0,0.0,0.0,3.621114492416382,53124,nan,1.0166345834732056,52254.763770192105,50000,53065.79630411235,nan,0,nan,nan,nan,nan,0.033408984541893005
13.293970132013783,rising,0,0.013865191489458084,-0.01562885008752346,0.8758089542388916,0.018614424392580986,0.013337941840291023,0.29964470863342285,0.024712253361940384,-0.0055692619644105434,0.891096019919496,0.3927192020544509,52813,0.5519842230725818,-0.0034534884927877934,0.0015683982850265288,1.3763630122411996,0.0,0.0,0.3,0.0,-1.0,0.1,0.0,0.0,0.0,3.621114492416382,52813,nan,1.0166345834732056,51948.852477131906,50000,53055.79630411235,nan,0,nan,nan,nan,nan,0.033408984541893005
13.313820593000855,rising,0,0.014069270342588425,-0.01575639843940735,0.8808086514472961,0.018475065007805824,0.012683677487075329,0.30043846368789673,0.024712253361940384,-0.0055692619644105434,0.8970973468240118,0.3935912323503679,52930,0.5749929380044296,-0.003907923881826383,0.0014283356719537732,1.1612809903454036,0.0,0.0,0.3,0.0,-1.0,0.1,0.0,0.0,0.0,3.621114492416382,52930,nan,1.0129032135009766,52255.73311891657,50000,53045.79630411235,nan,0,nan,nan,nan,nan,0.033408984541893005
13.33453599200584,rising,0,0.014208517968654633,-0.0158382561057806,0.8857092261314392,0.018060030415654182,0.011482383124530315,0.3029819428920746,0.024712253361940384,-0.0055692619644105434,0.9031868032237981,0.3938242712537964,52961,0.581141721736051,-0.004598826371906036,0.0014968307880864895,1.5008389891590923,0.0,0.0,0.3,0.0,-1.0,0.1,0.0,0.0,0.0,3.621114492416382,52961,nan,1.0037171840667725,52764.863290889676,50000,53042.05053060272,nan,0,nan,nan,nan,nan,0.033408984541893005
13.35452933900524,rising,0,0.014272360131144524,-0.015827897936105728,0.8882723450660706,0.018332360312342644,0.012000977993011475,0.303541362285614,0.024712253361940384,-0.0055692619644105434,0.9092205619206652,0.397903175443319,53510,0.6887645235704198,-0.004280602651785871,0.0012804254916993774,1.1894520139321685,0.0,0.0,0.3,0.0,-1.0,0.1,0.0,0.0,0.0,3.6158359050750732,53510,nan,0.9893059730529785,54088.423053657716,50000,53052.05053060272,nan,0,nan,nan,nan,nan,0.033408984541893005
13.373905717016896,rising,0,0.014525508508086205,-0.01619115099310875,0.9007990956306458,0.016911044716835022,0.010021185502409935,0.2995367646217346,0.024712253361940384,-0.0055692619644105434,0.9151642282202375,0.39169405547073655,52675,0.5249355005471372,-0.005730325163681323,0.00176793430802058,1.0628410091158003,0.0,0.0,0.3,0.0,-1.0,0.1,0.0,0.0,0.0,3.6158359050750732,52675,nan,1.0025370121002197,52541.70106862277,50000,53045.245871109655,nan,0,nan,nan,nan,nan,0.033408984541893005
13.393879059003666,rising,0,0.014637533575296402,-0.016206607222557068,0.9058127999305725,0.01579209603369236,0.009082541801035404,0.3018442988395691,0.024712253361940384,-0.0055692619644105434,0.9211365925235441,0.3917554523280486,52683,0.5265554703970583,-0.00622442267874543,0.002224524053170418,1.1471770121715963,0.0,0.0,0.3,0.0,-1.0,0.1,0.0,0.0,0.0,3.6158359050750732,52683,nan,1.0174131393432617,51781.32457971476,50000,53035.245871109655,nan,0,nan,nan,nan,nan,0.033408984541893005
13.41330426800414,rising,0,0.014676335267722607,-0.016355618834495544,0.9109086394309998,0.014736538752913475,0.008818856440484524,0.3045203983783722,0.024712253361940384,-0.0055692619644105434,0.9270517855242361,0.39145894428509703,52643,0.5187320391846164,-0.00651613413056924,0.002725856246512892,0.9142420021817088,0.0,0.0,0.3,0.0,-1.0,0.1,0.0,0.0,0.0,3.6158359050750732,52643,nan,1.0086026191711426,52193.99493852334,50000,53025.245871109655,nan,0,nan,nan,nan,nan,0.033408984541893005
13.433412690996192,rising,0,0.01473183836787939,-0.016532018780708313,0.9159024357795715,0.013271387666463852,0.008379940874874592,0.3061392307281494,0.024712253361940384,-0.0055692619644105434,0.9330547804187518,0.39193006039604755,52707,0.5311625434313321,-0.006912335091242073,0.0034135964495947135,0.9512719989288598,0.0,0.0,0.3,0.0,-1.0,0.1,0.0,0.0,0.0,3.6158359050750732,52707,nan,0.9994552135467529,52735.729711148735,50000,53021.38565564351,nan,0,nan,nan,nan,nan,0.033408984541893005
13.453807070996845,rising,0,0.014793089590966702,-0.016675513237714767,0.9235404133796692,0.011942681856453419,0.008839358575642109,0.30668404698371887,0.024712253361940384,-0.0055692619644105434,0.9390947491192492,0.38967642756532583,52404,0.471699935760574,-0.006863827443017731,0.004052422336868533,1.145582995377481,0.0,0.0,0.3,0.0,-1.0,0.1,0.0,0.0,0.0,3.6158359050750732,52404,nan,1.0042319297790527,52183.16451213588,50000,53011.38565564351,nan,0,nan,nan,nan,nan,0.033408984541893005
13.476112350996118,rising,0,0.014777090400457382,-0.01686934009194374,0.9311282634735107,0.010569203644990921,0.009500936605036259,0.3067450523376465,0.024712253361940384,-0.0055692619644105434,0.9453175444243243,0.38795472282539,52172,0.4262723700630602,-0.006753092066033471,0.004794970841874857,1.2088659859728068,0.0,0.0,0.3,0.0,-1.0,0.1,0.0,0.0,0.0,3.6158359050750732,52172,nan,0.9976401925086975,52295.407093419766,50000,53001.839274813865,nan,0,nan,nan,nan,nan,0.033408984541893005
13.493985041015549,rising,0,0.0147225521504879,-0.01700599491596222,0.9361632466316223,0.008840268477797508,0.00959950964897871,0.3057636320590973,0.024712253361940384,-0.0055692619644105434,0.9511775986204156,0.3894938993845925,52379,0.4668838887755271,-0.0068161664168025415,0.005719830118916525,1.1341059871483594,0.0,0.0,0.3,0.0,-1.0,0.1,0.0,0.0,0.0,3.6158359050750732,52379,nan,0.9976401925086975,52502.89672901621,50000,52995.186707536566,nan,0,nan,nan,nan,nan,0.033408984541893005
13.513667763996636,rising,0,0.014611558057367802,-0.01700984127819538,0.9412813782691956,0.00737551786005497,0.010118694044649601,0.3060917854309082,0.024712253361940384,-0.0055692619644105434,0.9570804031245643,0.39032781876788125,52491,0.4888870387303754,-0.006539544734733187,0.006571893909329551,1.103399001294747,0.0,0.0,0.3,0.0,-1.0,0.1,0.0,0.0,0.0,3.6158359050750732,52491,nan,1.0036975145339966,52297.62875757531,50000,52985.88593487042,nan,0,nan,nan,nan,nan,0.033408984541893005
13.53431459501735,rising,0,0.014519560150802135,-0.01715652458369732,0.9463746547698975,0.005605367943644524,0.01011583860963583,0.30663058161735535,0.024712253361940384,-0.0055692619644105434,0.9631948540190933,0.39135481275921263,52629,0.5159845055201213,-0.006673819087538469,0.007553329376768669,1.3197370280977339,0.0,0.0,0.3,0.0,-1.0,0.1,0.0,0.0,0.0,3.6158359050750732,52629,nan,0.9965121150016785,52813.20639028192,50000,52983.58354094258,nan,0,nan,nan,nan,nan,0.033408984541893005
13.554727078008,rising,0,0.014519560150802135,-0.01715652458369732,0.9463746547698975,0.004845342133194208,0.01174880564212799,0.3062768280506134,0.024712253361940384,-0.0055692619644105434,0.9691425034252461,0.3989877897278896,53656,0.7173823147200409,-0.005727558103082115,0.007789813049425387,1.916056004120037,0.0,0.0,0.3,0.0,-1.0,0.1,0.0,0.0,0.0,3.6105573177337646,53656,nan,0.9959823489189148,53872.4406694965,50000,52993.58354094258,nan,0,nan,nan,nan,nan,0.033408984541893005
13.5734394339961,rising,0,0.01428799144923687,-0.01741689443588257,0.9588606357574463,0.0023659488651901484,0.010572366416454315,0.3017917275428772,0.024712253361940384,-0.0055692619644105434,0.9750803725211881,0.39306891490779516,52860,0.5612114751397126,-0.006677493888582124,0.009404380098489318,0.9419540001545101,0.0,0.0,0.3,0.0,-1.0,0.1,0.0,0.0,0.0,3.6105573177337646,52860,nan,1.003056287765503,52698.93688394658,50000,52989.6549188493,nan,0,nan,nan,nan,nan,0.033408984541893005
13.594032432010863,rising,0,0.01399189606308937,-0.017578400671482086,0.966403603553772,0.0011020192177966237,0.011237047612667084,0.3016352355480194,0.024712253361940384,-0.0055692619644105434,0.9810765865258873,0.39123174580379105,52613,0.5127373563005548,-0.006534240534860593,0.010397449625067834,1.215041003888473,0.0,0.0,0.3,0.0,-1.0,0.1,0.0,0.0,0.0,3.6105573177337646,52613,nan,0.9895403385162354,53169.13111282606,50000,52992.04793476899,nan,0,nan,nan,nan,nan,0.033408984541893005
13.613811315997737,rising,0,0.013747962191700935,-0.01749030314385891,0.9714973568916321,-4.200761850370327e-06,0.011982440948486328,0.30046623945236206,0.024712253361940384,-0.0055692619644105434,0.9871284994209418,0.39303171290041766,52855,0.5602298918315984,-0.0060353664785112015,0.011161052783719372,1.1093550128862262,0.0,0.0,0.3,0.0,-1.0,0.1,0.0,0.0,0.0,3.6105573177337646,52855,nan,1.0068162679672241,52497.16525410835,50000,52985.44949902685,nan,0,nan,nan,nan,nan,0.033408984541893005
13.633410890994128,rising,0,0.013443667441606522,-0.017584580928087234,0.9790612459182739,-0.0012134661665186286,0.012365780770778656,0.30165809392929077,0.024712253361940384,-0.0055692619644105434,0.9930909979186253,0.3904523057353491,52508,0.4921716552862545,-0.005975526194002752,0.012166005201525554,0.8961290004663169,0.0,0.0,0.3,0.0,-1.0,0.1,0.0,0.0,0.0,3.6105573177337646,52508,nan,1.0151948928833008,51722.08840695569,50000,52975.44949902685,nan,0,nan,nan,nan,nan,0.033408984541893005
13.653424154996173,rising,0,0.013224137015640736,-0.017602577805519104,0.9840625524520874,-0.0018405587179586291,0.013249288313090801,0.3024367690086365,0.024712253361940384,-0.0055692619644105434,0.9991136188211385,0.3913562519883695,52630,0.5160224799042066,-0.005528603918294975,0.01268279558966312,0.8457659860141575,0.0,0.0,0.3,0.0,-1.0,0.1,0.0,0.0,0.0,3.6105573177337646,52630,nan,1.0096465349197388,52127.15359260237,50000,52965.44949902685,nan,0,nan,nan,nan,nan,0.033408984541893005
13.673481438017916,rising,0,0.012887604534626007,-0.01760677807033062,0.9916115403175354,-0.0023436492774635553,0.01418562512844801,0.30328333377838135,0.024712253361940384,-0.0055692619644105434,1.005070064519532,0.388958066419096,52307,0.45274581580728146,-0.005085552393694423,0.01336582172298928,1.008268998702988,0.0,0.0,0.3,0.0,-1.0,0.1,0.0,0.0,0.0,3.6105573177337646,52307,nan,1.0096465349197388,51807.2396535864,50000,52955.44949902685,nan,0,nan,nan,nan,nan,0.033408984541893005
13.692943422007374,rising,0,0.012703187763690948,-0.01776336506009102,0.9965547323226929,-0.0030080799479037523,0.014550374820828438,0.3026224672794342,0.024712253361940384,-0.0055692619644105434,1.0110356386256172,0.390583546035276,52526,0.49563446003366707,-0.005038008012231041,0.0138393304820561,0.661548983771354,0.0,0.0,0.3,0.0,-1.0,0.1,0.0,0.0,0.0,3.6105573177337646,52526,nan,0.9971575140953064,52675.73002010158,50000,52951.71990597451,nan,0,nan,nan,nan,nan,0.033408984541893005
13.714201430004323,rising,0,0.012452385388314724,-0.017717480659484863,1.0016529560089111,-0.0029795439913868904,0.015420413576066494,0.3023556172847748,0.024712253361940384,-0.0055692619644105434,1.0172041690180778,0.39207064262957286,52726,0.5348718371918952,-0.004528228646792891,0.014028177016423005,1.0868200042750686,0.0,0.0,0.3,0.0,-1.0,0.1,0.0,0.0,0.0,3.6105573177337646,52726,nan,0.9971575140953064,52876.30013783414,50000,52950.714309065974,nan,0,nan,nan,nan,nan,0.033408984541893005
13.733964590006508,rising,0,0.012206733226776123,-0.017710698768496513,1.006653904914856,-0.0024376101791858673,0.016204223036766052,0.30256327986717224,0.024712253361940384,-0.0055692619644105434,1.0230963988258737,0.3930964143313912,52864,0.5619370535987116,-0.004110676638119173,0.013965806733611918,1.3669220206793398,0.0,0.0,0.3,0.0,-1.0,0.1,0.0,0.0,0.0,3.6105573177337646,52864,nan,1.0029881000518799,52706.50768166202,50000,52947.45822070059,nan,0,nan,nan,nan,nan,0.033408984541893005
13.753732209006557,rising,0,0.012206733226776123,-0.017710698768496513,1.006653904914856,-0.001303248107433319,0.017345868051052094,0.30214011669158936,0.024712253361940384,-0.0055692619644105434,1.029136104718782,0.4008754037647935,53910,0.7671874344272691,-0.003461233708059907,0.013128789688799936,1.0150769958272576,0.0,0.0,0.3,0.0,-1.0,0.1,0.0,0.0,0.0,3.6105573177337646,53910,nan,1.0077018737792969,53497.96542286391,50000,52954.79831672943,nan,0,nan,nan,nan,nan,0.033408984541893005
13.773069666000083,rising,0,0.011607812717556953,-0.017671169713139534,1.0191444158554077,-0.0005791148287244141,0.017317628487944603,0.29811227321624756,0.024712253361940384,-0.0055692619644105434,1.035060584518942,0.3946995201066252,53079,0.604235359013856,-0.0034896599127385974,0.013574284961234584,0.6595779850613326,0.0,0.0,0.3,0.0,-1.0,0.1,0.0,0.0,0.0,3.6105573177337646,53079,nan,1.0002914667129517,53063.53374624138,50000,52956.24812245626,nan,0,nan,nan,nan,nan,0.033408984541893005
13.793877309013624,rising,0,0.011365929618477821,-0.017682578414678574,1.0265907049179077,-0.0008209074730984867,0.016255510970950127,0.29893991351127625,0.024712253361940384,-0.0055692619644105434,1.0410969544231192,0.39254084941573975,52789,0.5472783487002566,-0.0040617057700597335,0.0140186460560483,1.3214680075179785,0.0,0.0,0.3,0.0,-1.0,0.1,0.0,0.0,0.0,3.6105573177337646,52789,nan,1.0002914667129517,52773.61824695899,50000,52953.81305744963,nan,0,nan,nan,nan,nan,0.033408984541893005
13.81387912700302,rising,0,0.011150171048939228,-0.017640694975852966,1.0317586660385132,0.00023244293697644025,0.016584143042564392,0.30205902457237244,0.024712253361940384,-0.0055692619644105434,1.0471402174211106,0.3920887984101789,52728,0.5353508815350629,-0.0038559902607951026,0.01371758907465881,1.1411720188334584,0.0,0.0,0.3,0.0,-1.0,0.1,0.0,0.0,0.0,3.6105573177337646,52728,nan,1.0129495859146118,52053.92324869837,50000,52943.81305744963,nan,0,nan,nan,nan,nan,0.033408984541893005
13.833361174998572,rising,0,0.010872447863221169,-0.017607757821679115,1.0392698049545288,0.0012072606477886438,0.016256585717201233,0.30346328020095825,0.024712253361940384,-0.0055692619644105434,1.0530513331235851,0.38939975518344144,52366,0.4643998729140204,-0.004017028714444026,0.013596909447590066,0.9529489907436073,0.0,0.0,0.3,0.0,-1.0,0.1,0.0,0.0,0.0,3.6105573177337646,52366,nan,1.0059176683425903,52057.93838603246,50000,52933.81305744963,nan,0,nan,nan,nan,nan,0.033408984541893005
13.853883706004126,rising,0,0.01074632816016674,-0.01762133091688156,1.0442579984664917,0.0028500843327492476,0.01645226590335369,0.30576762557029724,0.024712253361940384,-0.0055692619644105434,1.0591707880230388,0.3896727308887071,52403,0.47160239811891813,-0.003927668109735294,0.0128736023306808,1.0376949794590473,0.0,0.0,0.3,0.0,-1.0,0.1,0.0,0.0,0.0,3.6105573177337646,52403,nan,1.002197027206421,52288.12157432856,50000,52925.203837674686,nan,0,nan,nan,nan,nan,0.033408984541893005
13.873869672999717,rising,0,0.01062279473990202,-0.017555490136146545,1.049342393875122,0.004745057784020901,0.016876786947250366,0.3081315755844116,0.024712253361940384,-0.0055692619644105434,1.0650882946210913,0.3895433762003488,52386,0.46818934565563985,-0.003643342002085848,0.012031740901358168,1.2684900138992816,0.0,0.0,0.3,0.0,-1.0,0.1,0.0,0.0,0.0,3.6105573177337646,52386,nan,1.0177470445632935,51472.51498281519,50000,52915.203837674686,nan,0,nan,nan,nan,nan,0.033408984541893005
13.893159685016144,rising,0,0.01044448558241129,-0.017510943114757538,1.056984305381775,0.006346151698380709,0.016699593514204025,0.3098127245903015,0.024712253361940384,-0.0055692619644105434,1.0710955276241292,0.38667092160663463,51999,0.39239898698244247,-0.0037159548886071315,0.011477393203470632,0.6733469781465828,0.0,0.0,0.3,0.0,-1.0,0.1,0.0,0.0,0.0,3.6105573177337646,51999,nan,1.0012342929840088,51934.897120858506,50000,52905.203837674686,nan,0,nan,nan,nan,nan,0.033408984541893005
13.913533059007023,rising,0,0.010352536104619503,-0.017471127212047577,1.0620572566986084,0.008188060484826565,0.016935663297772408,0.31080392003059387,0.024712253361940384,-0.0055692619644105434,1.0770948286226485,0.38734436303318137,52090,0.4101678900575543,-0.0035464399181016192,0.010601294647585524,0.9731960017234087,0.0,0.0,0.3,0.0,-1.0,0.1,0.0,0.0,0.0,3.6105573177337646,52090,nan,0.9921035170555115,52504.6016917662,50000,52899.86247572924,nan,0,nan,nan,nan,nan,0.033408984541893005
13.933484804991167,rising,0,0.010319128632545471,-0.017515014857053757,1.0695892572402954,0.009258330799639225,0.016378041356801987,0.3092689514160156,0.024712253361940384,-0.0055692619644105434,1.0830684097250922,0.38617577420564625,51933,0.3793344117584745,-0.0038914236325673017,0.010113659568158129,0.9961159958038479,0.0,0.0,0.3,0.0,-1.0,0.1,0.0,0.0,0.0,3.6105573177337646,51933,nan,0.9936412572860718,52265.3418617544,50000,52891.40220087625,nan,0,nan,nan,nan,nan,0.033408984541893005
13.953724027000135,rising,0,0.010319128632545471,-0.017515014857053757,1.0695892572402954,0.010889291763305664,0.016712943091988564,0.3089148700237274,0.024712253361940384,-0.0055692619644105434,1.0891351420257704,0.3939519798282636,52979,0.5845113411151335,-0.003644543130600599,0.009085982486044752,1.0037270258180797,0.0,0.0,0.3,0.0,-1.0,0.1,0.0,0.0,0.0,3.6105573177337646,52979,nan,1.0035442113876343,52791.89436681037,50000,52890.07542975537,nan,0,nan,nan,nan,nan,0.033408984541893005
13.973903309000889,rising,0,0.010255240835249424,-0.01751389168202877,1.0798124074935913,0.012556234374642372,0.017532330006361008,0.3090552091598511,0.024712253361940384,-0.0055692619644105434,1.0951967590255662,0.38869224823985127,52271,0.44573214353169455,-0.003271053631053485,0.00841693339570937,0.8102230203803629,0.0,0.0,0.3,0.0,-1.0,0.1,0.0,0.0,0.0,3.6105573177337646,52271,nan,0.9918053150177002,52702.883528172206,50000,52887.579537734266,nan,0,nan,nan,nan,nan,0.033408984541893005
13.993531720014289,rising,0,0.010221721604466438,-0.017462849617004395,1.0873618125915527,0.011556279845535755,0.015343490056693554,0.3042655885219574,0.024712253361940384,-0.0055692619644105434,1.1010606679192279,0.3889973160933832,52312,0.45378142726604764,-0.004341444165432612,0.008958939326186854,1.028110011247918,0.0,0.0,0.3,0.0,-1.0,0.1,0.0,0.0,0.0,3.6105573177337646,52312,nan,0.9918053150177002,52744.2222862724,50000,52885.66810771477,nan,0,nan,nan,nan,nan,0.033408984541893005
14.01305173401488,rising,0,0.010205663740634918,-0.017442211508750916,1.0923500061035156,0.01225763838738203,0.0158478245139122,0.30540168285369873,0.024712253361940384,-0.0055692619644105434,1.1070693949179258,0.3897179879527828,52409,0.47279651590455707,-0.004053386527151018,0.008598908884134726,0.655951997032389,0.0,0.0,0.3,0.0,-1.0,0.1,0.0,0.0,0.0,3.6105573177337646,52409,nan,1.0094767808914185,51916.99402310198,50000,52875.66810771477,nan,0,nan,nan,nan,nan,0.033408984541893005
14.033406052010832,rising,0,0.010126818902790546,-0.01736370474100113,1.0999853610992432,0.012521225959062576,0.01622929982841015,0.30624228715896606,0.024712253361940384,-0.0055692619644105434,1.1130864133214344,0.38728736963527927,52082,0.4086641064717469,-0.0038007309675288916,0.008598188019821373,0.8909699972718954,0.0,0.0,0.3,0.0,-1.0,0.1,0.0,0.0,0.0,3.6105573177337646,52082,nan,1.0033726692199707,51906.93507776022,50000,52865.66810771477,nan,0,nan,nan,nan,nan,0.033408984541893005
14.053329776012106,rising,0,0.010079107247292995,-0.017280904576182365,1.10507333278656,0.013165676034986973,0.017409158870577812,0.3057919144630432,0.024712253361940384,-0.0055692619644105434,1.1190487009182106,0.3886175161732554,52261,0.44376032119407327,-0.003095250306553449,0.008286193891492877,0.9086700156331062,0.0,0.0,0.3,0.0,-1.0,0.1,0.0,0.0,0.0,3.6105573177337646,52261,nan,0.9917824864387512,52694.0137727744,50000,52863.3793832489,nan,0,nan,nan,nan,nan,0.033408984541893005
14.073652415012475,rising,0,0.01007737684994936,-0.017256924882531166,1.112583041191101,0.013347139582037926,0.01805378682911396,0.3060973286628723,0.024712253361940384,-0.0055692619644105434,1.1250879145227373,0.38663857226295767,51995,0.3915454422943956,-0.002752817035294038,0.008236526109032027,1.0689530172385275,0.0,0.0,0.3,0.0,-1.0,0.1,0.0,0.0,0.0,3.6105573177337646,51995,nan,1.0156524181365967,51193.69488175344,50000,52853.3793832489,nan,0,nan,nan,nan,nan,0.033408984541893005
14.093228376994375,rising,0,0.010121702216565609,-0.01732487976551056,1.1174843311309814,0.014142507687211037,0.019333526492118835,0.30769115686416626,0.024712253361940384,-0.0055692619644105434,1.1310531178256495,0.38718312300074254,52068,0.40591353563964283,-0.002158068450050652,0.007768285839468314,0.834072008728981,0.0,0.0,0.3,0.0,-1.0,0.1,0.0,0.0,0.0,3.6105573177337646,52068,nan,0.9982731342315674,52158.06998560565,50000,52844.108591280325,nan,0,nan,nan,nan,nan,0.033408984541893005
14.113176443002885,rising,0,0.010080660693347454,-0.01723286509513855,1.122591495513916,0.013808797113597393,0.0192329753190279,0.30687281489372253,0.024712253361940384,-0.0055692619644105434,1.137055378622608,0.38872619524941987,52276,0.4466278429926067,-0.002106553894141927,0.007951381338791474,0.7849549874663353,0.0,0.0,0.3,0.0,-1.0,0.1,0.0,0.0,0.0,3.6105573177337646,52276,nan,0.9912472367286682,52737.59972589905,50000,52842.68847307524,nan,0,nan,nan,nan,nan,0.033408984541893005
14.133984718006104,rising,0,0.010049195028841496,-0.017171664163470268,1.130029559135437,0.013689431361854076,0.019359054043889046,0.3038387596607208,0.024712253361940384,-0.0055692619644105434,1.1431254481256472,0.38854652238466003,52252,0.44188713415989334,-0.0019796226299454863,0.008048896716963627,0.9205850074067712,0.0,0.0,0.3,0.0,-1.0,0.1,0.0,0.0,0.0,3.6105573177337646,52252,nan,0.9986036419868469,52325.06452313563,50000,52835.78682040938,nan,0,nan,nan,nan,nan,0.033408984541893005
14.153460141009418,rising,0,0.010049195028841496,-0.017171664163470268,1.130029559135437,0.013462476432323456,0.019382484257221222,0.3017057478427887,0.024712253361940384,-0.0055692619644105434,1.1490756835235514,0.39706993320588524,53398,0.6667792402608228,-0.0019253255953168144,0.007990435797976092,0.9571749833412468,0.0,0.0,0.3,0.0,-1.0,0.1,0.0,0.0,0.0,3.605278730392456,53398,nan,1.0006290674209595,53364.4301755385,50000,52842.83539847777,nan,0,nan,nan,nan,nan,0.033408984541893005
14.173080437001772,rising,0,0.010049195028841496,-0.017171664163470268,1.130029559135437,0.014066998846828938,0.020564336329698563,0.30110111832618713,0.024712253361940384,-0.0055692619644105434,1.155068423220655,0.404886645814684,54449,0.8730249555325571,-0.0013043373274080465,0.0075375478387564865,0.6953770061954856,0.0,0.0,0.3,0.0,-1.0,0.1,0.0,0.0,0.0,3.605278730392456,54449,nan,0.9889497756958008,55057.396581834524,50000,52852.83539847777,nan,0,nan,nan,nan,nan,0.033408984541893005
14.193277851998573,rising,0,0.009948759339749813,-0.016961511224508286,1.1473982334136963,0.011628096923232079,0.018377015367150307,0.29231294989585876,0.024712253361940384,-0.0055692619644105434,1.1610639520222321,0.395083319426512,53131,0.6143619901454329,-0.0022312598525221156,0.009060942419938822,0.8578950073570013,0.0,0.0,0.3,0.0,-1.0,0.1,0.0,0.0,0.0,3.605278730392456,53131,nan,0.9889497756958008,53724.66965030487,50000,52862.83539847777,nan,0,nan,nan,nan,nan,0.033408984541893005
14.213483558007283,rising,0,0.009928309358656406,-0.016860608011484146,1.152344822883606,0.011538369581103325,0.019112763926386833,0.29444319009780884,0.024712253361940384,-0.0055692619644105434,1.16707354542159,0.39536153465564644,53168,0.6217027613627018,-0.0017553929635715007,0.009120648730559289,0.9355139918625355,0.0,0.0,0.3,0.0,-1.0,0.1,0.0,0.0,0.0,3.605278730392456,53168,nan,1.007609486579895,52766.47422253524,50000,52861.55058279854,nan,0,nan,nan,nan,nan,0.033408984541893005
14.23422740699607,rising,0,0.009907398372888565,-0.016872040927410126,1.1572364568710327,0.011586559005081654,0.020099520683288574,0.29735732078552246,0.024712253361940384,-0.0055692619644105434,1.1731682071229441,0.39542388004964074,53177,0.6233477585657177,-0.0012675724311661057,0.009115989958747184,1.371910999296233,0.0,0.0,0.3,0.0,-1.0,0.1,0.0,0.0,0.0,3.605278730392456,53177,nan,1.0101674795150757,52641.76592333706,50000,52858.62012067239,nan,0,nan,nan,nan,nan,0.033408984541893005
14.253728192998096,rising,0,0.009772669523954391,-0.016726598143577576,1.1647632122039795,0.01115629356354475,0.020489543676376343,0.2995179295539856,0.024712253361940384,-0.0055692619644105434,1.1790736972237936,0.3923325970151648,52761,0.5417835624054028,-0.000930441209958989,0.009544533657245724,1.1815630132332444,0.0,0.0,0.3,0.0,-1.0,0.1,0.0,0.0,0.0,3.605278730392456,52761,nan,1.0104585886001587,52214.905781633846,50000,52850.03726281855,nan,0,nan,nan,nan,nan,0.033408984541893005
14.27403366699582,rising,0,0.009688157588243484,-0.016635680571198463,1.1697969436645508,0.011210995726287365,0.021297618746757507,0.30294379591941833,0.024712253361940384,-0.0055692619644105434,1.1851101235224633,0.3918884507502225,52701,0.5300646635942599,-0.0004262728788144469,0.009613697956033063,1.3258809922263026,0.0,0.0,0.3,0.0,-1.0,0.1,0.0,0.0,0.0,3.605278730392456,52701,nan,1.0157431364059448,51884.18027265693,50000,52840.03726281855,nan,0,nan,nan,nan,nan,0.033408984541893005
14.294557271001395,rising,0,0.009583929553627968,-0.016534674912691116,1.174784541130066,0.010775195434689522,0.021195970475673676,0.30626145005226135,0.024712253361940384,-0.0055692619644105434,1.1911845514230661,0.3916058276566676,52663,0.5226075898856877,-0.0003753222049832798,0.009949685240368211,1.554074027808383,0.0,0.0,0.3,0.0,-1.0,0.1,0.0,0.0,0.0,3.605278730392456,52663,nan,1.0069615840911865,52298.916693559826,50000,52832.8223218951,nan,0,nan,nan,nan,nan,0.033408984541893005
14.314041502017062,rising,0,0.009430505335330963,-0.01645766571164131,1.1824067831039429,0.010697531513869762,0.02111216075718403,0.3075895607471466,0.024712253361940384,-0.0055692619644105434,1.1970882343244738,0.38880916778618996,52287,0.4488170919839032,-0.00034190626715110625,0.01021905446351723,1.4522169949486852,0.0,0.0,0.3,0.0,-1.0,0.1,0.0,0.0,0.0,3.605278730392456,52287,nan,1.0322175025939941,50655.02170676352,50000,52822.8223218951,nan,0,nan,nan,nan,nan,0.033408984541893005
14.333158106019255,rising,0,0.009323571808636189,-0.016321323812007904,1.1899935007095337,0.010754837654531002,0.020853865891695023,0.310018926858902,0.024712253361940384,-0.0055692619644105434,1.2030510271230013,0.38557812953069903,51853,0.36356542297358807,-0.00033730797380676983,0.010385903081456371,0.7852250128053129,0.0,0.0,0.3,0.0,-1.0,0.1,0.0,0.0,0.0,3.605278730392456,51853,nan,1.0023750066757202,51730.140570808384,50000,52812.8223218951,nan,0,nan,nan,nan,nan,0.033408984541893005
14.354059372999473,rising,0,0.009276850149035454,-0.01631595566868782,1.1924843788146973,0.010461591184139252,0.02032739296555519,0.3135278820991516,0.024712253361940384,-0.0055692619644105434,1.2091574752208543,0.38836049178823256,52227,0.4369786751512539,-0.0006005033707102583,0.01051064228106946,1.2417309917509556,0.0,0.0,0.3,0.0,-1.0,0.1,0.0,0.0,0.0,3.605278730392456,52227,nan,1.0023750066757202,52103.25442291882,50000,52803.361416575426,nan,0,nan,nan,nan,nan,0.033408984541893005
14.373367146996316,rising,0,0.009276850149035454,-0.01631595566868782,1.1924843788146973,0.01145765371620655,0.021419024094939232,0.31502461433410645,0.024712253361940384,-0.0055692619644105434,1.2150792373198782,0.39503448266679164,53124,0.6130734212873765,-3.7650842620341835e-05,0.009828744644005072,0.8688899979460984,0.0,0.0,0.3,0.0,-1.0,0.1,0.0,0.0,0.0,3.605278730392456,53124,nan,0.9954927563667297,53364.526924221675,50000,52810.843623344044,nan,0,nan,nan,nan,nan,0.033408984541893005
14.393479768012185,rising,0,0.008840068243443966,-0.016130028292536736,1.2078502178192139,0.00961390696465969,0.019565707072615623,0.3073604702949524,0.024712253361940384,-0.0055692619644105434,1.221136882624705,0.3872509380084507,52077,0.40770284982719396,-0.0008035757851827151,0.011429769671365442,0.8467060106340796,0.0,0.0,0.3,0.0,-1.0,0.1,0.0,0.0,0.0,3.605278730392456,52077,nan,0.9914050698280334,52528.47860565525,50000,52807.07875644153,nan,0,nan,nan,nan,nan,0.033408984541893005
14.413320705993101,rising,0,0.008710440248250961,-0.01614859327673912,1.2129533290863037,0.009535505436360836,0.019624290987849236,0.3073698878288269,0.024712253361940384,-0.0055692619644105434,1.227050202724058,0.38827379251423283,52215,0.43469109536234285,-0.0007904085184354385,0.011573597201727237,0.9011339861899614,0.0,0.0,0.3,0.0,-1.0,0.1,0.0,0.0,0.0,3.605278730392456,52215,nan,0.9919430017471313,52639.11324343491,50000,52804.839216268105,nan,0,nan,nan,nan,nan,0.033408984541893005
14.434890649019508,rising,0,0.008496755734086037,-0.016107715666294098,1.22057044506073,0.008981599472463131,0.01890069805085659,0.30745720863342285,0.024712253361940384,-0.0055692619644105434,1.233246243422036,0.386469041010293,51972,0.3870723221713188,-0.001126284300908722,0.012135497994079758,1.6903909854590893,0.0,0.0,0.3,0.0,-1.0,0.1,0.0,0.0,0.0,3.605278730392456,51972,nan,1.0029536485671997,51818.94504720752,50000,52794.839216268105,nan,0,nan,nan,nan,nan,0.033408984541893005
14.453466509992722,rising,0,0.008320272900164127,-0.016047991812229156,1.2257496118545532,0.009270122274756432,0.01858951710164547,0.3085132837295532,0.024712253361940384,-0.0055692619644105434,1.2390775063220643,0.3867696307478471,52013,0.3950034498112682,-0.0012245626644342422,0.012159392161531724,0.9638119954615831,0.0,0.0,0.3,0.0,-1.0,0.1,0.0,0.0,0.0,3.605278730392456,52013,nan,0.999963104724884,52014.9191047505,50000,52784.839216268105,nan,0,nan,nan,nan,nan,0.033408984541893005
14.474349880008958,rising,0,0.008320272900164127,-0.016047991812229156,1.2257496118545532,0.01016741618514061,0.018648525699973106,0.3087232708930969,0.024712253361940384,-0.0055692619644105434,1.245211063022725,0.39434837596307126,53032,0.594970342033541,-0.0011710896105347555,0.011470588994085595,1.2875059910584241,0.0,0.0,0.3,0.0,-1.0,0.1,0.0,0.0,0.0,3.605278730392456,53032,nan,0.9994261860847473,53062.447971023146,50000,52788.54066633151,nan,0,nan,nan,nan,nan,0.033408984541893005
14.494156297005247,rising,0,0.008320272900164127,-0.016047991812229156,1.2257496118545532,0.011870634742081165,0.019297601655125618,0.30871671438217163,0.024712253361940384,-0.0055692619644105434,1.2511974730208748,0.4018558064749436,54042,0.7930555798138137,-0.0008261411778144919,0.010408561214131806,1.2137699814047664,0.0,0.0,0.3,0.0,-1.0,0.1,0.0,0.0,0.0,3.605278730392456,54042,nan,0.9939894080162048,54368.78860495761,50000,52798.54066633151,nan,0,nan,nan,nan,nan,0.033408984541893005
14.5139722720196,rising,0,0.008320272900164127,-0.016047991812229156,1.2257496118545532,0.013592339120805264,0.01997867040336132,0.30596134066581726,0.024712253361940384,-0.0055692619644105434,1.2571073806204367,0.4106483159501342,55224,1.0250479142515605,-0.00047672524185100185,0.009347122838699207,1.2050140067003667,0.0,0.0,0.3,0.0,-1.0,0.1,0.0,0.0,0.0,3.605278730392456,55224,nan,0.9823769330978394,56214.67497802088,50000,52808.54066633151,nan,0,nan,nan,nan,nan,0.033408984541893005
14.53349270101171,rising,0,0.008320272900164127,-0.016047991812229156,1.2257496118545532,0.015399056486785412,0.020812861621379852,0.3052248954772949,0.024712253361940384,-0.0055692619644105434,1.2630622270255116,0.41849386891236684,56279,1.2320545887168013,-6.910641997094943e-05,0.008308415363984967,1.0400540195405483,0.0,0.0,0.3,0.0,-1.0,0.1,0.0,0.0,0.0,3.605278730392456,56279,nan,1.0067130327224731,55903.71652168209,50000,52818.54066633151,nan,0,nan,nan,nan,nan,0.033408984541893005
14.553156166017288,rising,0,0.00763350073248148,-0.016218485310673714,1.256134271621704,0.011996854096651077,0.015780940651893616,0.27369529008865356,0.024712253361940384,-0.0055692619644105434,1.269044054218102,0.40377942909813247,54300,0.8438107941459734,-0.0027330987830245556,0.010976832695015037,0.8083479769993573,0.0,0.0,0.3,0.0,-1.0,0.1,0.0,0.0,0.0,3.5736072063446045,54300,nan,1.0067130327224731,53937.91302488206,50000,52828.54066633151,nan,0,nan,nan,nan,nan,0.033408984541893005
14.573808004992316,rising,0,0.00763350073248148,-0.016218485310673714,1.256134271621704,0.011182255111634731,0.013914545997977257,0.2801614999771118,0.024712253361940384,-0.0055692619644105434,1.275095774521469,0.4081326423862678,54886,0.9586713030677494,-0.0036186200635336735,0.011258955140744042,1.1643669859040529,0.0,0.0,0.3,0.0,-1.0,0.1,0.0,0.0,0.0,3.5736072063446045,54886,nan,1.0107219219207764,54303.75933243302,50000,52838.54066633151,nan,0,nan,nan,nan,nan,0.033408984541893005
14.593453826993937,rising,0,0.0074948822148144245,-0.016438981518149376,1.268929123878479,0.013110186904668808,0.014536906033754349,0.28328007459640503,0.024712253361940384,-0.0055692619644105434,1.2810589216212973,0.3980427694933559,53529,0.6924477438880157,-0.0036191901118038136,0.010714910593704996,1.0382990003563464,0.0,0.0,0.3,0.0,-1.0,0.1,0.0,0.0,0.0,3.5736072063446045,53529,nan,1.0107219219207764,52961.15463516757,50000,52840.17551924932,nan,0,nan,nan,nan,nan,0.033408984541893005
14.614275055006146,rising,0,0.007455692160874605,-0.01648855209350586,1.2741601467132568,0.012461772188544273,0.012276195921003819,0.29381734132766724,0.024712253361940384,-0.0055692619644105434,1.2871743265248368,0.3938965056012401,52971,0.5830476411936694,-0.004855601009539769,0.011196753796884007,1.3165069976821542,0.0,0.0,0.3,0.0,-1.0,0.1,0.0,0.0,0.0,3.5736072063446045,52971,nan,1.0160839557647705,52132.50312581759,50000,52830.7398873369,nan,0,nan,nan,nan,nan,0.033408984541893005
14.633277086017188,rising,0,0.007370371371507645,-0.016598083078861237,1.2821553945541382,0.013741904869675636,0.011672481894493103,0.3014993965625763,0.024712253361940384,-0.0055692619644105434,1.2930558076244778,0.38742304482803375,52101,0.4122439268610467,-0.005361486449375753,0.010811059042688198,0.8877080108504742,0.0,0.0,0.3,0.0,-1.0,0.1,0.0,0.0,0.0,3.5736072063446045,52101,nan,1.0134892463684082,51407.55088097011,50000,52820.7398873369,nan,0,nan,nan,nan,nan,0.033408984541893005
14.65326818099129,rising,0,0.00735377287492156,-0.01672649011015892,1.287522554397583,0.01455154363065958,0.010564597323536873,0.31072697043418884,0.024712253361940384,-0.0055692619644105434,1.2990774463250998,0.3836391004645447,51592,0.31240370618851365,-0.006125852020081157,0.010512895465556227,0.7872670248616487,0.0,0.0,0.3,0.0,-1.0,0.1,0.0,0.0,0.0,3.5736072063446045,51592,nan,1.02581787109375,50293.52817278515,50000,52810.7398873369,nan,0,nan,nan,nan,nan,0.033408984541893005
14.673687236994738,rising,0,0.007333074696362019,-0.01681690663099289,1.2929641008377075,0.015651153400540352,0.009887243621051311,0.3190965950489044,0.024712253361940384,-0.0055692619644105434,1.3051323298190254,0.38023229562908384,51134,0.2225143965457459,-0.006632143085195041,0.01005044854351489,0.9815680095925927,0.0,0.0,0.3,0.0,-1.0,0.1,0.0,0.0,0.0,3.5736072063446045,51134,nan,1.0062634944915771,50815.71604248236,50000,52800.7398873369,nan,0,nan,nan,nan,nan,0.033408984541893005
14.693323790997965,rising,0,0.007252797484397888,-0.016960429027676582,1.301113247871399,0.016075940802693367,0.008806029334664345,0.3239700198173523,0.024712253361940384,-0.0055692619644105434,1.3110829987184842,0.3750592405955645,50438,0.08602217930249267,-0.007453297122421461,0.010048166262121905,0.8143259910866618,0.0,0.0,0.3,0.0,-1.0,0.1,0.0,0.0,0.0,3.5736072063446045,50438,nan,1.0020015239715576,50337.24878988478,50000,52790.7398873369,nan,0,nan,nan,nan,nan,0.033408984541893005
14.713298546004808,rising,0,0.007241362705826759,-0.016959672793745995,1.3066718578338623,0.017052235081791878,0.008366760797798634,0.32777073979377747,0.024712253361940384,-0.0055692619644105434,1.3170822826214132,0.3737190295051001,50258,0.050660409105542925,-0.007714279080374203,0.009573940909945566,0.8243710035458207,0.0,0.0,0.3,0.0,-1.0,0.1,0.0,0.0,0.0,3.5736072063446045,50258,nan,0.9998453855514526,50265.77181458992,50000,52780.7398873369,nan,0,nan,nan,nan,nan,0.033408984541893005
14.733711801993195,rising,0,0.007294193841516972,-0.017134707421064377,1.3121187686920166,0.017972858622670174,0.007906192913651466,0.32893815636634827,0.024712253361940384,-0.0055692619644105434,1.3231053769181016,0.3738659032960454,50277,0.05453570701966726,-0.008144891378358735,0.00902114314066993,1.0764829930849373,0.0,0.0,0.3,0.0,-1.0,0.1,0.0,0.0,0.0,3.5736072063446045,50277,nan,0.9791402220726013,51348.11017524726,50000,52770.7398873369,nan,0,nan,nan,nan,nan,0.033408984541893005
14.753616219997639,rising,0,0.007340490818023682,-0.017276601865887642,1.3202253580093384,0.018400445580482483,0.006997893564403057,0.32795652747154236,0.024712253361940384,-0.0055692619644105434,1.3291837726195808,0.371831685051449,50004,0.00086240241290092,-0.008830680444533015,0.00879069248533959,0.7721339934505522,0.0,0.0,0.3,0.0,-1.0,0.1,0.0,0.0,0.0,3.6105573177337646,50004,nan,0.9862554669380188,50700.85964161505,50000,52760.7398873369,nan,0,nan,nan,nan,nan,0.033408984541893005
14.773175964015536,rising,0,0.007331958506256342,-0.017341740429401398,1.3229624032974243,0.01927632838487625,0.0068633100017905235,0.32663506269454956,0.024712253361940384,-0.0055692619644105434,1.335095515323337,0.3764715800890629,50628,0.12328707359004909,-0.00886251744942719,0.008226084931525657,0.6804410077165812,0.0,0.0,0.3,0.0,-1.0,0.1,0.0,0.0,0.0,3.6105573177337646,50628,nan,0.99112868309021,51081.157133046036,50000,52750.7398873369,nan,0,nan,nan,nan,nan,0.033408984541893005
14.795356585003901,rising,0,0.007552920375019312,-0.01761113665997982,1.3335925340652466,0.02104698121547699,0.007994746789336205,0.3238913416862488,0.024712253361940384,-0.0055692619644105434,1.3411116241244598,0.37207929293736136,50037,0.007395592014811214,-0.008648485894726873,0.00713385430531166,1.0176849900744855,0.0,0.0,0.3,0.0,-1.0,0.1,0.0,0.0,0.0,3.6105573177337646,50037,nan,0.9722688794136047,51464.15879337652,50000,52740.7398873369,nan,0,nan,nan,nan,nan,0.033408984541893005
14.814021524012787,rising,0,0.007510524243116379,-0.017679233103990555,1.3389099836349487,0.01964234560728073,0.006746741011738777,0.3187802731990814,0.024712253361940384,-0.0055692619644105434,1.3471711423218948,0.3755751540919727,50507,0.09963467261141545,-0.00930519129785809,0.00786061829906548,1.171511976281181,0.0,0.0,0.3,0.0,-1.0,0.1,0.0,0.0,0.0,3.6105573177337646,50507,nan,0.9895569086074829,51040.01554703316,50000,52730.7398873369,nan,0,nan,nan,nan,nan,0.033408984541893005
14.833202961017378,rising,0,0.007685887161642313,-0.017924996092915535,1.3465609550476074,0.019475769251585007,0.0068878671154379845,0.3163817524909973,0.024712253361940384,-0.0055692619644105434,1.3530518386221955,0.3745685082686561,50372,0.07307409679831345,-0.0095173031034592,0.007783414788351317,0.8292999991681427,0.0,0.0,0.3,0.0,-1.0,0.1,0.0,0.0,0.0,3.6105573177337646,50372,nan,0.9749948978424072,51663.86009964726,50000,52720.7398873369,nan,0,nan,nan,nan,nan,0.033408984541893005
14.853307181998389,rising,0,0.007793668191879988,-0.017988478764891624,1.351566195487976,0.0199871938675642,0.007762191351503134,0.3138543367385864,0.024712253361940384,-0.0055692619644105434,1.3590793588256929,0.3771149083854192,50714,0.1402614349714817,-0.00905662225916038,0.007345294872991959,0.8123159932438284,0.0,0.0,0.3,0.0,-1.0,0.1,0.0,0.0,0.0,3.6105573177337646,50714,nan,0.9723954200744629,52153.68044012022,50000,52713.17909470735,nan,0,nan,nan,nan,nan,0.033408984541893005
14.87373329201364,rising,0,0.007845382206141949,-0.018106404691934586,1.3590742349624634,0.020427197217941284,0.008447503671050072,0.3092373013496399,0.024712253361940384,-0.0055692619644105434,1.36512690972595,0.377602250852052,50780,0.15312007525202986,-0.008806838227900238,0.007047974544130975,0.7174240017775446,0.0,0.0,0.3,0.0,-1.0,0.1,0.0,0.0,0.0,3.6105573177337646,50780,nan,0.9678495526313782,52466.83212482759,50000,52709.8944684423,nan,0,nan,nan,nan,nan,0.033408984541893005
14.893890209001256,rising,0,0.007920251227915287,-0.01815170608460903,1.3639557361602783,0.02028600499033928,0.008574008010327816,0.3036855459213257,0.024712253361940384,-0.0055692619644105434,1.3710782599257072,0.3817222286588446,51334,0.26182661368982885,-0.008692966066677245,0.006967425982497,1.3753149833064526,0.0,0.0,0.3,0.0,-1.0,0.1,0.0,0.0,0.0,3.6105573177337646,51334,nan,0.9647872447967529,53207.58568985257,50000,52716.53035139443,nan,0,nan,nan,nan,nan,0.033408984541893005
14.913893121003639,rising,0,0.008000203408300877,-0.018189527094364166,1.3687258958816528,0.020033493638038635,0.008551978506147861,0.30059248208999634,0.024712253361940384,-0.0055692619644105434,1.3771038445207522,0.3848465246827302,51754,0.34426186497968736,-0.008673153592369774,0.006958989358105683,1.351765007711947,0.0,0.0,0.3,0.0,-1.0,0.1,0.0,0.0,0.0,3.6105573177337646,51754,nan,0.9603253602981567,53892.151701514675,50000,52726.53035139443,nan,0,nan,nan,nan,nan,0.033408984541893005
14.933150722004939,rising,0,0.008142758160829544,-0.018206188455224037,1.3757625818252563,0.01981416717171669,0.008811993524432182,0.29504090547561646,0.024712253361940384,-0.0055692619644105434,1.3830622783192665,0.3862812290166371,51947,0.382116860597284,-0.008523557104794148,0.006899081774875082,0.7446350064128637,0.0,0.0,0.3,0.0,-1.0,0.1,0.0,0.0,0.0,3.6105573177337646,51947,nan,0.969984233379364,53554.47873520575,50000,52736.53035139443,nan,0,nan,nan,nan,nan,0.033408984541893005
14.953242010000395,rising,0,0.008274922147393227,-0.01819908432662487,1.3803539276123047,0.019991552457213402,0.009594069793820381,0.29027828574180603,0.024712253361940384,-0.0055692619644105434,1.3890703432174631,0.3904400032506262,52506,0.49184705146770824,-0.008024835609245707,0.006599325569798475,0.8088030153885484,0.0,0.0,0.3,0.0,-1.0,0.1,0.0,0.0,0.0,3.6000001430511475,52506,nan,0.969984233379364,54130.77676229066,50000,52746.53035139443,nan,0,nan,nan,nan,nan,0.033408984541893005
14.973525856999913,rising,0,0.008354667574167252,-0.018223067745566368,1.3825663328170776,0.020082037895917892,0.010305074043571949,0.28602078557014465,0.024712253361940384,-0.0055692619644105434,1.395116901717847,0.3973722833448108,53439,0.6747568164857718,-0.007551097042747357,0.006358379451042451,0.9001470170915127,0.0,0.0,0.3,0.0,-1.0,0.1,0.0,0.0,0.0,3.6000001430511475,53439,nan,0.9762980937957764,54736.35597528725,50000,52756.53035139443,nan,0,nan,nan,nan,nan,0.033408984541893005
14.994541207997827,rising,0,0.008479397743940353,-0.018206153064966202,1.3870837688446045,0.021164938807487488,0.011997027322649956,0.28139540553092957,0.024712253361940384,-0.0055692619644105434,1.4013546532194594,0.40184540679301894,54040,0.792781181873849,-0.0066080444299221695,0.005624467429678148,0.7025550003163517,0.0,0.0,0.3,0.0,-1.0,0.1,0.0,0.0,0.0,3.6000001430511475,54040,nan,0.989865779876709,54593.26011525609,50000,52766.53035139443,nan,0,nan,nan,nan,nan,0.033408984541893005
15.013621972000692,rising,0,0.008774146437644958,-0.018181227147579193,1.3958622217178345,0.01998150162398815,0.012193011119961739,0.2726641297340393,0.024712253361940384,-0.0055692619644105434,1.4071001749252898,0.4024314599253995,54119,0.8082443252084293,-0.006476252144462976,0.005911457073719095,1.0178509983234107,0.0,0.0,0.3,0.0,-1.0,0.1,0.0,0.0,0.0,3.6000001430511475,54119,nan,0.9973681569099426,54261.80856592825,50000,52776.53035139443,nan,0,nan,nan,nan,nan,0.033408984541893005
15.03334654099308,rising,0,0.008957143872976303,-0.018011419102549553,1.4025427103042603,0.02007972076535225,0.012791914865374565,0.2724522054195404,0.024712253361940384,-0.0055692619644105434,1.4131288084201514,0.40173150329398055,54025,0.7897758125060825,-0.00602027381884661,0.005690646520006837,0.7407660013996065,0.0,0.0,0.3,0.0,-1.0,0.1,0.0,0.0,0.0,3.6000001430511475,54025,nan,0.9967454671859741,54201.40023563302,50000,52786.53035139443,nan,0,nan,nan,nan,nan,0.033408984541893005
15.053908027999569,rising,0,0.009101719595491886,-0.017922021448612213,1.4068676233291626,0.020824892446398735,0.013681694865226746,0.27183398604393005,0.024712253361940384,-0.0055692619644105434,1.4191930516186402,0.4042246768731066,54360,0.8555587565463458,-0.005454404559715814,0.0051437834085770184,0.8940350089687854,0.0,0.0,0.3,0.0,-1.0,0.1,0.0,0.0,0.0,3.6000001430511475,54360,nan,1.0067861080169678,53993.5936413257,50000,52796.53035139443,nan,0,nan,nan,nan,nan,0.033408984541893005
15.074206381017575,rising,0,0.009402191266417503,-0.017712179571390152,1.4134783744812012,0.02082115039229393,0.013784206472337246,0.27215179800987244,0.024712253361940384,-0.0055692619644105434,1.4250941878184675,0.40318924132049816,54221,0.8282385572690796,-0.0052093653429804085,0.00486075092347571,1.171334006357938,0.0,0.0,0.3,0.0,-1.0,0.1,0.0,0.0,0.0,3.6000001430511475,54221,nan,1.0072580575942993,53830.29660690884,50000,52806.53035139443,nan,0,nan,nan,nan,nan,0.033408984541893005
15.093185022997204,rising,0,0.009612329304218292,-0.01755450665950775,1.4178787469863892,0.02133244089782238,0.014188501983880997,0.2732561528682709,0.024712253361940384,-0.0055692619644105434,1.431066834120429,0.40461397709359687,54412,0.8658305301740583,-0.004835285009708687,0.004383158325341974,0.7890760025475174,0.0,0.0,0.3,0.0,-1.0,0.1,0.0,0.0,0.0,3.6000001430511475,54412,nan,1.0139362812042236,53664.12170928177,50000,52816.53035139443,nan,0,nan,nan,nan,nan,0.033408984541893005
15.113361313997302,rising,0,0.009808474220335484,-0.01746811531484127,1.4223220348358154,0.0224652998149395,0.014796721749007702,0.27752751111984253,0.024712253361940384,-0.0055692619644105434,1.4370597520202864,0.4044281291511651,54388,0.8609268905320597,-0.004451260118069778,0.003630941604765514,0.9087510115932673,0.0,0.0,0.3,0.0,-1.0,0.1,0.0,0.0,0.0,3.6000001430511475,54388,nan,1.0210931301116943,53264.485281622314,50000,52822.50308379747,nan,0,nan,nan,nan,nan,0.033408984541893005
15.133154117007507,rising,0,0.01023163739591837,-0.01718364842236042,1.4290822744369507,0.023356156423687935,0.015013120137155056,0.28199923038482666,0.024712253361940384,-0.0055692619644105434,1.443040974118048,0.4012307143771234,53958,0.776562384620668,-0.00409525368575994,0.0027939450295513257,0.8162299927789718,0.0,0.0,0.3,0.0,-1.0,0.1,0.0,0.0,0.0,3.6000001430511475,53958,nan,1.0062822103500366,53621.14071482058,50000,52832.50308379747,nan,0,nan,nan,nan,nan,0.033408984541893005
15.153418460016837,rising,0,0.01048350427299738,-0.016965415328741074,1.43368661403656,0.024507082998752594,0.015223423950374126,0.2845887243747711,0.024712253361940384,-0.0055692619644105434,1.449066304322332,0.4017262838199384,54024,0.7896380955128848,-0.0037681952282161537,0.001966721066028576,0.97673200070858,0.0,0.0,0.3,0.0,-1.0,0.1,0.0,0.0,0.0,3.578885793685913,54024,nan,1.0200200080871582,52963.66695915222,50000,52834.25193546887,nan,0,nan,nan,nan,nan,0.033408984541893005
15.173503138008527,rising,0,0.010797089897096157,-0.016769887879490852,1.4383269548416138,0.025664931163191795,0.015296743251383305,0.2873643934726715,0.024712253361940384,-0.0055692619644105434,1.4550900628237284,0.4020835993221694,54072,0.7990659451759718,-0.0035338558940639043,0.0010770875453922635,0.9498209983576089,0.0,0.0,0.3,0.0,-1.0,0.1,0.0,0.0,0.0,3.578885793685913,54072,nan,1.025222897529602,52741.70146832751,50000,52833.01792924032,nan,0,nan,nan,nan,nan,0.033408984541893005
15.193549823015928,rising,0,0.010797089897096157,-0.016769887879490852,1.4383269548416138,0.02722584642469883,0.015390992164611816,0.2919475734233856,0.024712253361940384,-0.0055692619644105434,1.4611161799228283,0.4073471318955452,54780,0.9379454326001362,-0.0034419163739791256,0.0002967888891478587,0.9145719814114273,0.0,0.0,0.3,0.0,-1.0,0.1,0.0,0.0,0.0,3.578885793685913,54780,nan,1.005200982093811,54496.564344669154,50000,52843.01792924032,nan,0,nan,nan,nan,nan,0.033408984541893005
15.21353840501979,rising,0,0.01168353483080864,-0.016295235604047775,1.4501986503601074,0.027455490082502365,0.014420404098927975,0.2898067533969879,0.024712253361940384,-0.0055692619644105434,1.4671004836185602,0.40107533612375307,53937,0.7724626945581274,-0.003506353377549071,-0.0006971523838876781,0.9321860270574689,0.0,0.0,0.3,0.0,-1.0,0.1,0.0,0.0,0.0,3.578885793685913,53937,nan,1.020206093788147,52868.72949339626,50000,52843.36075009574,nan,0,nan,nan,nan,nan,0.033408984541893005
15.233232786005829,rising,0,0.012202798388898373,-0.015928806737065315,1.4574871063232422,0.02838451787829399,0.013845181092619896,0.29452335834503174,0.024712253361940384,-0.0055692619644105434,1.4730724327208007,0.3970873728154259,53400,0.6672393882698113,-0.003462176101305771,-0.0016951481081901587,0.8031790202949196,0.0,0.0,0.3,0.0,-1.0,0.1,0.0,0.0,0.0,3.578885793685913,53400,nan,1.0190311670303345,52402.71517466785,50000,52837.4854757567,nan,0,nan,nan,nan,nan,0.033408984541893005
15.253313877998153,rising,0,0.012565518729388714,-0.015756426379084587,1.4624191522598267,0.029428860172629356,0.01334148459136486,0.29782578349113464,0.024712253361940384,-0.0055692619644105434,1.4790999064221977,0.3968229973431542,53365,0.6602637821412696,-0.0035445942240764482,-0.002588255557583352,0.7664700096938759,0.0,0.0,0.3,0.0,-1.0,0.1,0.0,0.0,0.0,3.578885793685913,53365,nan,1.0223610401153564,52197.80283683213,50000,52828.95637390438,nan,0,nan,nan,nan,nan,0.033408984541893005
15.274384615011513,rising,0,0.013167615979909897,-0.015355149284005165,1.4699920415878296,0.03009210340678692,0.012697303667664528,0.30167147517204285,0.024712253361940384,-0.0055692619644105434,1.4851691167190437,0.39303680798836915,52856,0.5603643268698963,-0.0034981602229073156,-0.0035634542724638507,1.1902489932253957,0.0,0.0,0.3,0.0,-1.0,0.1,0.0,0.0,0.0,3.578885793685913,52856,nan,1.0267231464385986,51480.284810313235,50000,52818.95637390438,nan,0,nan,nan,nan,nan,0.033408984541893005
15.293530972005101,rising,0,0.013602647930383682,-0.015179680660367012,1.475050926208496,0.030194947496056557,0.01196498516947031,0.30609363317489624,0.024712253361940384,-0.0055692619644105434,1.4910829525237204,0.39191148276747856,52704,0.5306723685350523,-0.003702840679384504,-0.004070183704850461,0.9907229978125542,0.0,0.0,0.3,0.0,-1.0,0.1,0.0,0.0,0.0,3.578885793685913,52704,nan,1.0282481908798218,51256.10768632013,50000,52808.95637390438,nan,0,nan,nan,nan,nan,0.033408984541893005
15.312930918997154,rising,0,0.014037174172699451,-0.014938656240701675,1.4802078008651733,0.030132638290524483,0.011325615458190441,0.3118443489074707,0.024712253361940384,-0.0055692619644105434,1.4970613948244134,0.39008077739777275,52458,0.4823687967750061,-0.0038008876775882834,-0.0045029184211689,0.5856000061612576,0.0,0.0,0.3,0.0,-1.0,0.1,0.0,0.0,0.0,3.578885793685913,52458,nan,1.0209989547729492,51379.09275496336,50000,52798.95637390438,nan,0,nan,nan,nan,nan,0.033408984541893005
15.333320364006795,rising,0,0.014640687964856625,-0.014540053904056549,1.4879746437072754,0.029535917565226555,0.010698431171476841,0.31549400091171265,0.024712253361940384,-0.0055692619644105434,1.503079347120365,0.3860854585370635,51921,0.3769514125874256,-0.0037521513873558622,-0.004865670864029115,0.849723001010716,0.0,0.0,0.3,0.0,-1.0,0.1,0.0,0.0,0.0,3.578885793685913,51921,nan,1.0117844343185425,51316.26682413815,50000,52788.95637390438,nan,0,nan,nan,nan,nan,0.033408984541893005
15.35403808200499,rising,0,0.015035468153655529,-0.014348099008202553,1.493225336074829,0.028505368158221245,0.010145057924091816,0.3180568218231201,0.024712253361940384,-0.0055692619644105434,1.5090868129220325,0.3857657794543011,51878,0.36851660829290367,-0.0038431184129682433,-0.004744760975629703,1.4165439934004098,0.0,0.0,0.3,0.0,-1.0,0.1,0.0,0.0,0.0,3.5894429683685303,51878,nan,1.0197763442993164,50871.93901879057,50000,52778.95637390438,nan,0,nan,nan,nan,nan,0.033408984541893005
15.373054841009434,rising,0,0.015442218631505966,-0.01406775414943695,1.4984769821166992,0.027508322149515152,0.009902103804051876,0.32182949781417847,0.024712253361940384,-0.0055692619644105434,1.5150477598246652,0.3847822442247224,51746,0.34256581067869085,-0.003687786450012447,-0.004661485971630741,0.7045250094961375,0.0,0.0,0.3,0.0,-1.0,0.1,0.0,0.0,0.0,3.5894429683685303,51746,nan,1.0007460117340088,51707.42565372693,50000,52768.95637390438,nan,0,nan,nan,nan,nan,0.033408984541893005
15.393765251996228,rising,0,0.015442218631505966,-0.01406775414943695,1.4984769821166992,0.026585107669234276,0.01010113675147295,0.32250943779945374,0.024712253361940384,-0.0055692619644105434,1.5211400695203336,0.3920792546679902,52727,0.5350990677569953,-0.003517615290794198,-0.004103793145833423,0.9912520181387663,0.0,0.0,0.3,0.0,-1.0,0.1,0.0,0.0,0.0,3.5894429683685303,52727,nan,0.9991257786750793,52773.135400349915,50000,52769.012094256985,nan,0,nan,nan,nan,nan,0.033408984541893005
15.412594048015308,rising,0,0.016330163925886154,-0.013352259993553162,1.5117119550704956,0.02538967877626419,0.010909486562013626,0.32014310359954834,0.024712253361940384,-0.0055692619644105434,1.5270316333248046,0.3840977558381747,51653,0.3245054310864024,-0.0024246749448652476,-0.004491319603918464,0.4066789988428354,0.0,0.0,0.3,0.0,-1.0,0.1,0.0,0.0,0.0,3.5894429683685303,51653,nan,0.9940992593765259,51959.60012322659,50000,52759.012094256985,nan,0,nan,nan,nan,nan,0.033408984541893005
15.433314221008914,rising,0,0.0168670192360878,-0.012912626378238201,1.5195785760879517,0.02312648668885231,0.012416163459420204,0.3154972493648529,0.024712253361940384,-0.0055692619644105434,1.5330699820216978,0.3841469781511153,51660,0.32580417285264573,-0.0011821427953991864,-0.0038714541232824917,0.8535129891242832,0.0,0.0,0.3,0.0,-1.0,0.1,0.0,0.0,0.0,3.5894429683685303,51660,nan,1.0089398622512817,51202.25885884743,50000,52749.012094256985,nan,0,nan,nan,nan,nan,0.033408984541893005
15.453178149007726,rising,0,0.01718699373304844,-0.012566796503961086,1.5248613357543945,0.021813588216900826,0.014250574633479118,0.31810691952705383,0.024712253361940384,-0.0055692619644105434,1.5390574348246444,0.38373644564337106,51605,0.31497218056387943,0.00013316803515679872,-0.003524858293074029,0.7740200089756399,0.0,0.0,0.3,0.0,-1.0,0.1,0.0,0.0,0.0,3.5894429683685303,51605,nan,1.0028101205825806,51460.39009859631,50000,52739.012094256985,nan,0,nan,nan,nan,nan,0.033408984541893005
15.473173883015988,rising,0,0.017461707815527916,-0.012162705883383751,1.5301426649093628,0.020398247987031937,0.01626141555607319,0.3202171325683594,0.024712253361940384,-0.0055692619644105434,1.5450697546213632,0.3836099231761617,51588,0.31163385689080947,0.0016029530941473144,-0.0030745639405285186,0.756726018153131,0.0,0.0,0.3,0.0,-1.0,0.1,0.0,0.0,0.0,3.5894429683685303,51588,nan,0.9949488639831543,51849.90090191555,50000,52729.012094256985,nan,0,nan,nan,nan,nan,0.033408984541893005
15.493528315011645,rising,0,0.0179380364716053,-0.011620018631219864,1.5379997491836548,0.018835503607988358,0.01846083253622055,0.31929174065589905,0.024712253361940384,-0.0055692619644105434,1.5510556645254836,0.3817479843534858,51337,0.2625061834692808,0.003331703440161553,-0.0027699303230799277,1.0389729868620634,0.0,0.0,0.3,0.0,-1.0,0.1,0.0,0.0,0.0,3.5894429683685303,51337,nan,0.9863463044166565,52047.64266883086,50000,52719.92716858463,nan,0,nan,nan,nan,nan,0.033408984541893005
15.513589737995062,rising,0,0.018146824091672897,-0.011188000440597534,1.5432337522506714,0.017306260764598846,0.020392252132296562,0.31713178753852844,0.024712253361940384,-0.0055692619644105434,1.557062102522468,0.3838090254833712,51615,0.31688721592008307,0.004770513961551622,-0.0021757724499520403,1.0985949775204062,0.0,0.0,0.3,0.0,-1.0,0.1,0.0,0.0,0.0,3.5894429683685303,51615,nan,0.9906002879142761,52104.76983473946,50000,52711.72507080003,nan,0,nan,nan,nan,nan,0.033408984541893005
15.533149630005937,rising,0,0.018482642248272896,-0.010555914603173733,1.5510050058364868,0.01551010087132454,0.022152338176965714,0.31494975090026855,0.024712253361940384,-0.0055692619644105434,1.5630438250198493,0.38267813167562353,51463,0.28704832917212286,0.006365208573209961,-0.0015944887801073726,0.820286019006744,0.0,0.0,0.3,0.0,-1.0,0.1,0.0,0.0,0.0,3.5894429683685303,51463,nan,0.9908185601234436,51939.88291215331,50000,52701.72507080003,nan,0,nan,nan,nan,nan,0.033408984541893005
15.55309131401009,rising,0,0.018666338175535202,-0.010050835087895393,1.5562107563018799,0.01379172783344984,0.023607727140188217,0.3142620623111725,0.024712253361940384,-0.0055692619644105434,1.5690551149251404,0.38404482526988043,51646,0.323108846170987,0.007626572543125779,-0.0008852600377966535,0.7337160059250891,0.0,0.0,0.3,0.0,-1.0,0.1,0.0,0.0,0.0,3.594721555709839,51646,nan,0.9705444574356079,53213.43046609127,50000,52708.54780940391,nan,0,nan,nan,nan,nan,0.033408984541893005
15.574265483999625,rising,0,0.01889153942465782,-0.009309202432632446,1.5638666152954102,0.011939694173634052,0.024912260472774506,0.30957290530204773,0.024712253361940384,-0.0055692619644105434,1.5751988566247745,0.384515081306251,51710,0.33551665715701695,0.009067326337606357,-0.00015513893460417094,0.898113998118788,0.0,0.0,0.3,0.0,-1.0,0.1,0.0,0.0,0.0,3.594721555709839,51710,nan,0.9872313737869263,52378.80538748007,50000,52704.151243778266,nan,0,nan,nan,nan,nan,0.033408984541893005
15.593093135015806,rising,0,0.019006764516234398,-0.00880726519972086,1.5689399242401123,0.00994181539863348,0.02624199353158474,0.3064594864845276,0.024712253361940384,-0.0055692619644105434,1.5810463903180787,0.38705616692425426,52051,0.40256377108850216,0.010213678588315496,0.0007591468936241075,0.7467349932994694,0.0,0.0,0.3,0.0,-1.0,0.1,0.0,0.0,0.0,3.594721555709839,52051,nan,0.9886601567268372,52648.02029883104,50000,52703.40283117897,nan,0,nan,nan,nan,nan,0.033408984541893005
15.613719118002336,rising,0,0.019078940153121948,-0.008188244886696339,1.5740092992782593,0.008094788528978825,0.027419641613960266,0.303554505109787,0.024712253361940384,-0.0055692619644105434,1.5870747340173692,0.3897259008495833,52410,0.473005299461299,0.01138347960846597,0.0016277282481735877,1.1470019817352295,0.0,0.0,0.3,0.0,-1.0,0.1,0.0,0.0,0.0,3.594721555709839,52410,nan,0.9961518049240112,52612.46302113357,50000,52702.190300378374,nan,0,nan,nan,nan,nan,0.033408984541893005
15.633027044008486,rising,0,0.019212348386645317,-0.007393817882984877,1.5814749002456665,0.00616488978266716,0.02851230278611183,0.30139678716659546,0.024712253361940384,-0.0055692619644105434,1.59306127721793,0.38897474532120424,52309,0.45318589238005735,0.012784349299572062,0.0024859840933868504,0.6695619958918542,0.0,0.0,0.3,0.0,-1.0,0.1,0.0,0.0,0.0,3.594721555709839,52309,nan,0.9908285140991211,52793.19201623933,50000,52703.40365658985,nan,0,nan,nan,nan,nan,0.033408984541893005
15.653045604005456,rising,0,0.01924949884414673,-0.0068297963589429855,1.5864166021347046,0.004498001653701067,0.02922951988875866,0.30004456639289856,0.024712253361940384,-0.0055692619644105434,1.5990426280215615,0.3909686607571023,52577,0.5057957983404293,0.013663205867139665,0.003287997022917599,0.7081679941620678,0.0,0.0,0.3,0.0,-1.0,0.1,0.0,0.0,0.0,3.594721555709839,52577,nan,0.9991127848625183,52623.68853305665,50000,52702.34078827607,nan,0,nan,nan,nan,nan,0.033408984541893005
15.674211728008231,rising,0,0.019239798188209534,-0.005949248094111681,1.5938106775283813,0.003009186824783683,0.02957526594400406,0.29929330945014954,0.024712253361940384,-0.0055692619644105434,1.6051312387222423,0.38973101709336977,52411,0.4731402927010482,0.01478793405656666,0.004072421803666071,1.0136639757547528,0.0,0.0,0.3,0.0,-1.0,0.1,0.0,0.0,0.0,3.594721555709839,52411,nan,0.985252857208252,53195.48135948408,50000,52708.91599589218,nan,0,nan,nan,nan,nan,0.033408984541893005
15.69312886800617,rising,0,0.019230768084526062,-0.0053567057475447655,1.5986816883087158,0.0016504564555361867,0.02973286062479019,0.2970157563686371,0.024712253361940384,-0.0055692619644105434,1.6110404143197228,0.39218482118106257,52741,0.5378844638802782,0.015380249592958025,0.004749061463641624,0.816544983536005,0.0,0.0,0.3,0.0,-1.0,0.1,0.0,0.0,0.0,3.594721555709839,52741,nan,0.9944899082183838,53033.217898092946,50000,52713.24002125486,nan,0,nan,nan,nan,nan,0.033408984541893005
15.71365163300652,rising,0,0.019233956933021545,-0.004834299441426992,1.6035714149475098,0.0006478496943600476,0.029426829889416695,0.29472094774246216,0.024712253361940384,-0.0055692619644105434,1.6170618502219438,0.3947632965935652,53088,0.605918115925201,0.015654159613875993,0.0052227702617808625,1.1660610034596175,0.0,0.0,0.3,0.0,-1.0,0.1,0.0,0.0,0.0,3.594721555709839,53088,nan,0.9871250987052917,53780.41756777327,50000,52723.24002125486,nan,0,nan,nan,nan,nan,0.033408984541893005
15.73315931900288,rising,0,0.01924092136323452,-0.004024159163236618,1.610859751701355,-0.00010986695269821212,0.02884555421769619,0.29196399450302124,0.024712253361940384,-0.0055692619644105434,1.6230720934196141,0.3945605113510673,53060,0.6005675818223537,0.016188977426148013,0.005602480963727174,0.7320499862544239,0.0,0.0,0.3,0.0,-1.0,0.1,0.0,0.0,0.0,3.594721555709839,53060,nan,1.005308747291565,52779.805351292,50000,52723.994225655355,nan,0,nan,nan,nan,nan,0.033408984541893005
15.75398602700443,rising,0,0.01920310966670513,-0.00349265243858099,1.6157928705215454,-0.0006559965549968183,0.028412142768502235,0.29327476024627686,0.024712253361940384,-0.0055692619644105434,1.629122124420246,0.3953172569787262,53162,0.6205344849268126,0.01647659079104489,0.005906320361757089,1.2305240088608116,0.0,0.0,0.3,0.0,-1.0,0.1,0.0,0.0,0.0,3.578885793685913,53162,nan,0.9990705251693726,53211.45871157338,50000,52730.49375213426,nan,0,nan,nan,nan,nan,0.033408984541893005
15.774191858014092,rising,0,0.019193751737475395,-0.0027626268565654755,1.6229960918426514,-0.0010764526668936014,0.027616843581199646,0.29229307174682617,0.024712253361940384,-0.0055692619644105434,1.635214130821987,0.39443418409837855,53044,0.5972344089281929,0.016850625348601468,0.006142232378401946,1.2272780004423112,0.0,0.0,0.3,0.0,-1.0,0.1,0.0,0.0,0.0,3.578885793685913,53044,nan,0.9874899983406067,53715.98708760185,50000,52740.49375213426,nan,0,nan,nan,nan,nan,0.033408984541893005
15.793146715994226,rising,0,0.019097546115517616,-0.0022803861647844315,1.6278709173202515,-0.0013298375997692347,0.026476120576262474,0.2897184491157532,0.024712253361940384,-0.0055692619644105434,1.6410689059208379,0.3969591924358666,53383,0.6638573202075602,0.016654639928066303,0.006327771794108594,0.7278890116140246,0.0,0.0,0.3,0.0,-1.0,0.1,0.0,0.0,0.0,3.578885793685913,53383,nan,0.9965437650680542,53568.14409084629,50000,52750.49375213426,nan,0,nan,nan,nan,nan,0.033408984541893005
15.813735135016032,rising,0,0.01910737343132496,-0.0018203072249889374,1.6326935291290283,-0.0012424401938915253,0.024835707619786263,0.2891480028629303,0.024712253361940384,-0.0055692619644105434,1.647106964525301,0.3987753538423891,53627,0.7117771462371785,0.016217484232127863,0.0062452610882930415,1.0506139951758087,0.0,0.0,0.3,0.0,-1.0,0.1,0.0,0.0,0.0,3.578885793685913,53627,nan,1.005357265472412,53341.236833655305,50000,52758.37032655454,nan,0,nan,nan,nan,nan,0.033408984541893005
15.833219811000163,rising,0,0.019077405333518982,-0.0011090950574725866,1.6400175094604492,-0.0007941055810078979,0.022715799510478973,0.28895094990730286,0.024712253361940384,-0.0055692619644105434,1.6530292860200964,0.3956101945844847,53202,0.628263709353158,0.015994567933878545,0.006098870348280716,0.861159001942724,0.0,0.0,0.2969552632770502,0.0,-1.0,0.1,0.0,0.0,0.0,3.578885793685913,53202,nan,1.0103203058242798,52658.54768364239,50000,52757.03935798239,nan,0,nan,nan,nan,nan,0.033408984541893005
15.852990984014468,rising,0,0.019020697101950645,-0.0006913384422659874,1.6449190378189087,-0.00015516583516728133,0.020628495141863823,0.2909229099750519,0.024712253361940384,-0.0055692619644105434,1.6589100264487204,0.39285719932975494,52831,0.5556253121307364,0.015469273986422503,0.005874065553149954,0.6539059977512807,0.0,0.0,0.2909535772778327,0.0,-1.0,0.1,0.0,0.0,0.0,3.578885793685913,52831,nan,1.0082672834396362,52397.8124329995,50000,52752.24966564929,nan,0,nan,nan,nan,nan,0.033408984541893005
15.873289650015067,rising,0,0.019003212451934814,-0.000272978562861681,1.6498726606369019,0.0006216768524609506,0.018176963552832603,0.2920568585395813,0.024712253361940384,-0.0055692619644105434,1.6646864049500525,0.39031897812128186,52490,0.48865377628711926,0.014742307886969504,0.005532121491626629,0.8436500211246312,0.0,0.0,0.28493535587913366,0.0,-1.0,0.1,0.0,0.0,0.0,3.578885793685913,52490,nan,1.0079702138900757,52074.95149824368,50000,52743.219023417216,nan,0,nan,nan,nan,nan,0.033408984541893005
15.893304383003851,rising,0,0.019071493297815323,0.00018026778707280755,1.6573209762573242,0.001293848268687725,0.015670135617256165,0.29375576972961426,0.024712253361940384,-0.0055692619644105434,1.6703576032094605,0.3842389194809341,51672,0.32823006546000144,0.014142486150662695,0.005198701298569253,0.7902589859440923,0.0,0.0,0.2789004088816001,0.0,-1.0,0.1,0.0,0.0,0.0,3.578885793685913,51672,nan,1.0039225816726685,51470.104312134885,50000,52733.219023417216,nan,0,nan,nan,nan,nan,0.033408984541893005
15.913594615994953,rising,0,0.019069725647568703,0.0004602475673891604,1.6622751951217651,0.001974772661924362,0.012979567050933838,0.29454585909843445,0.024712253361940384,-0.0055692619644105434,1.6759449511518631,0.3816046233957817,51318,0.25872357244806565,0.013123322616648524,0.004879563371424922,0.76397301745601,0.0,0.0,0.27282417288224686,0.0,-1.0,0.1,0.0,0.0,0.0,3.578885793685913,51318,nan,0.9945899844169617,51597.1413386825,50000,52723.219023417216,nan,0,nan,nan,nan,nan,0.033408984541893005
15.933721576991957,rising,0,0.019101103767752647,0.000845461618155241,1.669759750366211,0.0025354470126330853,0.010392338037490845,0.29396089911460876,0.024712253361940384,-0.0055692619644105434,1.681256548802218,0.37623539075304424,50596,0.11705516498797408,0.012344730552646899,0.004617791554113682,0.8088299946393818,0.0,0.0,0.26691959598101683,0.0,-1.0,0.1,0.0,0.0,0.0,3.578885793685913,50596,nan,0.9989274740219116,50650.32378806129,50000,52713.219023417216,nan,0,nan,nan,nan,nan,0.033408984541893005
15.953087052010233,rising,0,0.019120387732982635,0.0010561567032709718,1.6747552156448364,0.003093915292993188,0.007627091370522976,0.2948532998561859,0.024712253361940384,-0.0055692619644105434,1.686522150865113,0.3731401743985043,50180,0.03538718729562618,0.011190733234343692,0.004336087009839895,0.6694729963783175,0.0,0.0,0.2609343010815793,0.0,-1.0,0.1,0.0,0.0,0.0,3.5894429683685303,50180,nan,0.9909729957580566,50637.10132849201,50000,52703.219023417216,nan,0,nan,nan,nan,nan,0.033408984541893005
15.97371820101398,rising,0,0.019233062863349915,0.0012815166264772415,1.6822134256362915,0.0038127261213958263,0.004835047759115696,0.2942022383213043,0.024712253361940384,-0.0055692619644105434,1.6917006696151633,0.3676085092244081,49436,-0.11056703893382469,0.01008521772146852,0.0038876536838716724,0.8585029863752425,0.0,0.0,0.25491096137848224,0.0,-1.0,0.1,0.0,0.0,0.0,3.5894429683685303,49436,nan,0.9972242116928101,49573.60583542321,50000,52693.219023417216,nan,0,nan,nan,nan,nan,0.033408984541893005
15.993552026018733,rising,0,0.019347280263900757,0.001418370520696044,1.687208652496338,0.004710083361715078,0.0020804179366678,0.29517465829849243,0.024712253361940384,-0.0055692619644105434,1.696732369763128,0.3641760180455505,48974,-0.20113408850790293,0.008817702384169656,0.003306024286093834,0.9882549929898232,0.0,0.0,0.24891881837684204,0.0,-1.0,0.1,0.0,0.0,0.0,3.5894429683685303,48974,nan,0.98577481508255,49680.71739172892,50000,52683.219023417216,nan,0,nan,nan,nan,nan,0.033408984541893005
16.013096027018037,rising,0,0.019430462270975113,0.00150984525680542,1.6920989751815796,0.005670972168445587,-0.0007196172955445945,0.29309362173080444,0.024712253361940384,-0.0055692619644105434,1.7016423747241887,0.36225099656850396,48715,-0.25192621191282605,0.0074195900653069285,0.0027012298156661174,0.6694020121358335,0.0,0.0,0.24292915668047507,0.0,-1.0,0.1,0.0,0.0,0.0,3.5894429683685303,48715,nan,0.9862405061721802,49394.645317371724,50000,52673.219023417216,nan,0,nan,nan,nan,nan,0.033408984541893005
16.033131011005025,rising,0,0.01957353577017784,0.0015567147638648748,1.699349284172058,0.006559351459145546,-0.0032547670416533947,0.28926724195480347,0.024712253361940384,-0.0055692619644105434,1.7064250544989634,0.3580930279057422,48156,-0.3616351476057478,0.006142135376118735,0.0020766036235688734,0.7608250016346574,0.0,0.0,0.2369492926780368,0.0,-1.0,0.1,0.0,0.0,0.0,3.5894429683685303,48156,nan,0.9630894660949707,50001.58520605324,50000,52663.219023417216,nan,0,nan,nan,nan,nan,0.033408984541893005
16.053235786006553,rising,0,0.01968221180140972,0.0015212484868243337,1.7040605545043945,0.0073167551308870316,-0.00538569176569581,0.2830127477645874,0.024712253361940384,-0.0055692619644105434,1.7111205069687683,0.3581940799993423,48170,-0.3589688654527112,0.004910954870387155,0.0015317556688523304,0.7686520111747086,0.0,0.0,0.23092790177615832,0.0,-1.0,0.1,0.0,0.0,0.0,3.5894429683685303,48170,nan,0.948868453502655,50765.73029926873,50000,52653.219023417216,nan,0,nan,nan,nan,nan,0.033408984541893005
16.074049927992746,rising,0,0.019838806241750717,0.0015395400114357471,1.711000919342041,0.007921120151877403,-0.007416264619678259,0.2744581699371338,0.024712253361940384,-0.0055692619644105434,1.7157890726001956,0.3565610643198984,47950,-0.40205635039846044,0.0038149759337436813,0.0010241019507417626,0.9493190154898912,0.0,0.0,0.22478113007964576,0.0,-1.0,0.1,0.0,0.0,0.0,3.5894429683685303,47950,nan,0.960463285446167,49923.823978056214,50000,52643.219023417216,nan,0,nan,nan,nan,nan,0.033408984541893005
16.09333434700966,rising,0,0.019957231357693672,0.0014667308423668146,1.715497374534607,0.008307458832859993,-0.009193041361868382,0.2675992250442505,0.024712253361940384,-0.0055692619644105434,1.720125924347172,0.3568619924675302,47991,-0.3941162937327132,0.0027343631670304954,0.0006739777796809232,0.8422860119026154,0.0,0.0,0.2189165260817391,0.0,-1.0,0.1,0.0,0.0,0.0,3.5894429683685303,47991,nan,0.9475988149642944,50644.85016457972,50000,52633.219023417216,nan,0,nan,nan,nan,nan,0.033408984541893005
16.113848680019146,rising,0,0.020059172064065933,0.0014157237019389868,1.7198394536972046,0.008456317707896233,-0.01096017099916935,0.25853145122528076,0.024712253361940384,-0.0055692619644105434,1.7244672485308872,0.3583824938638342,48195,-0.35399752338168433,0.0016796591009857903,0.00047426698249108945,0.8877619984559715,0.0,0.0,0.21288412548019559,0.0,-1.0,0.1,0.0,0.0,0.0,3.5894429683685303,48195,nan,0.9377188086509705,51396.00438358993,50000,52623.219023417216,nan,0,nan,nan,nan,nan,0.033408984541893005
16.13330502601457,rising,0,0.020151779055595398,0.001314170891419053,1.7260714769363403,0.008316564373672009,-0.012486155144870281,0.24746820330619812,0.024712253361940384,-0.0055692619644105434,1.7286353834788861,0.35835782421953594,48192,-0.35464843747926444,0.0007147664810632506,0.0004489279773858268,0.8673960110172629,0.0,0.0,0.20692696758196696,0.0,-1.0,0.1,0.0,0.0,0.0,3.5894429683685303,48192,nan,0.9440677762031555,51047.18243198408,50000,52613.219023417216,nan,0,nan,nan,nan,nan,0.033408984541893005
16.15334178399644,rising,0,0.020266009494662285,0.0012220182688906789,1.730069875717163,0.007815773598849773,-0.01372874341905117,0.23734809458255768,0.024712253361940384,-0.0055692619644105434,1.7327180554361032,0.3605227208756334,48483,-0.29752715367721905,-8.109501577664211e-05,0.000597307263806135,0.8520669944118708,0.0,0.0,0.20092079717724126,0.0,-1.0,0.1,0.0,0.0,0.0,3.6158359050750732,48483,nan,0.9263653755187988,52336.800663396694,50000,52609.53344528361,nan,0,nan,nan,nan,nan,0.033408984541893005
16.1736873560003,rising,0,0.020335037261247635,0.0010072451550513506,1.7357516288757324,0.007272336632013321,-0.014894685707986355,0.22370228171348572,0.024712253361940384,-0.0055692619644105434,1.736740661622338,0.36222349620469546,48712,-0.25265181517954005,-0.000961656181295125,0.0008183321901091833,0.7642860000487417,0.0,0.0,0.19482197778124835,0.0,-1.0,0.1,0.0,0.0,0.0,3.6158359050750732,48712,nan,0.9427523016929626,51669.98787754179,50000,52599.53344528361,nan,0,nan,nan,nan,nan,0.033408984541893005
16.193288569018478,rising,0,0.02042960375547409,0.0008670451934449375,1.7393405437469482,0.006517096888273954,-0.015752209350466728,0.21370373666286469,0.024712253361940384,-0.0055692619644105434,1.7405108539865657,0.36450354434218635,49018,-0.19249223371540047,-0.0015800110018326183,0.0011238314620509726,0.8411229937337339,0.0,0.0,0.1889272018743214,0.0,-1.0,0.1,0.0,0.0,0.0,3.6158359050750732,49018,nan,0.9365754723548889,52337.47994355548,50000,52596.0393985939,nan,0,nan,nan,nan,nan,0.033408984541893005
16.213615600019693,rising,0,0.020494012162089348,0.0007432184065692127,1.7427725791931152,0.005721247289329767,-0.01656392589211464,0.20243920385837555,0.024712253361940384,-0.0055692619644105434,1.744249231787345,0.36750451066801526,49422,-0.11331106416846382,-0.002143632174762244,0.0014776613726721344,0.9668470011092722,0.0,0.0,0.18289467167633128,0.0,-1.0,0.1,0.0,0.0,0.0,3.6158359050750732,49422,nan,0.9316819906234741,53045.99691459872,50000,52602.038832140635,nan,0,nan,nan,nan,nan,0.033408984541893005
16.23296948999632,rising,0,0.020543444901704788,0.0005077633541077375,1.7476236820220947,0.004902788903564215,-0.017129864543676376,0.18969635665416718,0.024712253361940384,-0.0055692619644105434,1.7478180315442247,0.36929865088887737,49663,-0.06597227206128409,-0.002694745039401111,0.0018601909265407723,0.6171149725560099,0.0,0.0,0.17694400547479752,0.0,-1.0,0.1,0.0,0.0,0.0,3.6158359050750732,49663,nan,0.9492338299751282,52319.03713471871,50000,52598.26547617501,nan,0,nan,nan,nan,nan,0.033408984541893005
16.253145399998175,rising,0,0.02061561308801174,0.00025792981614358723,1.7506085634231567,0.00415420439094305,-0.017354819923639297,0.18043595552444458,0.024712253361940384,-0.0055692619644105434,1.7513025199940515,0.3715497804065702,49966,-0.0065757148662228815,-0.003068476463609665,0.002174179370878715,0.7268390036188066,0.0,0.0,0.17093416277493825,0.0,-1.0,0.1,0.0,0.0,0.0,3.6158359050750732,49966,nan,0.9441129565238953,52923.75203065585,50000,52602.60529690142,nan,0,nan,nan,nan,nan,0.033408984541893005
16.274206138012232,rising,0,0.020632857456803322,9.680638322606683e-05,1.7535005807876587,0.0036515211686491966,-0.01763138733804226,0.17018373310565948,0.024712253361940384,-0.0055692619644105434,1.7547081356475578,0.374276981782563,50333,0.06538210508081654,-0.0033661064485384817,0.0024085237504751777,1.4279689930845052,0.0,0.0,0.16484877497714487,0.0,-1.0,0.1,0.0,0.0,0.0,3.6158359050750732,50333,nan,0.9480789303779602,53089.46163367885,50000,52609.09671472512,nan,0,nan,nan,nan,nan,0.033408984541893005
16.292982398008462,rising,0,0.020646894350647926,-0.00011064944555982947,1.7576535940170288,0.003294948022812605,-0.01746276207268238,0.15982671082019806,0.024712253361940384,-0.0055692619644105434,1.7578987478904444,0.3752968287848614,50470,0.09229099696204202,-0.003488210686527278,0.002577040348534787,0.6155110022518784,0.0,0.0,0.1589363119797782,0.0,-1.0,0.1,0.0,0.0,0.0,3.6158359050750732,50470,nan,0.9568520188331604,52745.878157362284,50000,52610.92046729362,nan,0,nan,nan,nan,nan,0.033408984541893005
16.314072177017806,rising,0,0.020645622164011,-0.00021936220582574606,1.7602214813232422,0.0030841820407658815,-0.01713729090988636,0.15058791637420654,0.024712253361940384,-0.0055692619644105434,1.7610463865761639,0.37761339326723736,50781,0.15341407037565524,-0.0034095861000102354,0.0026742093702807335,1.2819539988413453,0.0,0.0,0.15287958678090954,0.0,-1.0,0.1,0.0,0.0,0.0,3.6158359050750732,50781,nan,0.9465280771255493,53649.75559331909,50000,52620.92046729362,nan,0,nan,nan,nan,nan,0.033408984541893005
16.33301512899925,rising,0,0.02068243734538555,-0.00038990669418126345,1.7639230489730835,0.0029510068707168102,-0.016569247469305992,0.14082665741443634,0.024712253361940384,-0.0055692619644105434,1.7640166435295097,0.3786077591718319,50915,0.17965063777920598,-0.0032807413657421525,0.0026986406059419377,0.6305100105237216,0.0,0.0,0.14693540717707956,0.0,-1.0,0.1,0.0,0.0,0.0,3.6158359050750732,50915,nan,0.9684681296348572,52572.71606779312,50000,52620.277741966944,nan,0,nan,nan,nan,nan,0.033408984541893005
16.353381360007916,rising,0,0.02068447880446911,-0.0005333407316356897,1.766167402267456,0.002759716007858515,-0.015603292733430862,0.13455118238925934,0.024712253361940384,-0.0055692619644105434,1.7669209110099688,0.37954360846018037,51041,0.2043432311393225,-0.0029148058435471856,0.002790635838794131,0.7823870109859854,0.0,0.0,0.14088099017972136,0.0,-1.0,0.1,0.0,0.0,0.0,3.5894429683685303,51041,nan,0.9694255590438843,52650.76779112388,50000,52620.684275955704,nan,0,nan,nan,nan,nan,0.033408984541893005
16.37473425801727,rising,0,0.020681165158748627,-0.0006534127751365304,1.7695351839065552,0.00261239823885262,-0.014708311296999454,0.12787413597106934,0.024712253361940384,-0.0055692619644105434,1.769726850199758,0.3791259943966064,50985,0.1933243904117763,-0.0025725687621688015,0.002874920609669207,0.979050004389137,0.0,0.0,0.13477347617445057,0.0,-1.0,0.1,0.0,0.0,0.0,3.5894429683685303,50985,nan,0.965085506439209,52829.51578882877,50000,52623.46869612735,nan,0,nan,nan,nan,nan,0.033408984541893005
16.39318397801253,rising,0,0.02066865563392639,-0.0006810859777033329,1.7716096639633179,0.002492034574970603,-0.013562590815126896,0.12075554579496384,0.024712253361940384,-0.0055692619644105434,1.772306567744562,0.38038202091427886,51154,0.22646493177516724,-0.0019907658715087153,0.002941868250372792,0.665066996589303,0.0,0.0,0.12890329457877678,0.0,-1.0,0.1,0.0,0.0,0.0,3.5894429683685303,51154,nan,0.9786593914031982,52269.46213294452,50000,52618.74860861825,nan,0,nan,nan,nan,nan,0.033408984541893005
16.413740306015825,rising,0,0.020634079352021217,-0.0007400851463899016,1.773703932762146,0.0024589078966528177,-0.012690269388258457,0.11491622775793076,0.024712253361940384,-0.0055692619644105434,1.774834976483535,0.3808326491702263,51214,0.23835485937272516,-0.0015922640098667636,0.0029921009329549886,1.1016499774996191,0.0,0.0,0.12287804567895372,0.0,-1.0,0.1,0.0,0.0,0.0,3.5894429683685303,51214,nan,0.9774454832077026,52395.7610729654,50000,52615.77544147622,nan,0,nan,nan,nan,nan,0.033408984541893005
16.433918010996422,rising,0,0.020664749667048454,-0.0008526206947863102,1.7765873670578003,0.0024663317017257214,-0.011853947304189205,0.11027906835079193,0.024712253361940384,-0.0055692619644105434,1.7772350853840404,0.37954424045615864,51041,0.2043599064949504,-0.0012755699130903386,0.0029660225823218145,1.1728409735951573,0.0,0.0,0.11687150537909483,0.0,-1.0,0.1,0.0,0.0,0.0,3.5894429683685303,51041,nan,0.9797815680503845,52094.2643384931,50000,52608.82196010311,nan,0,nan,nan,nan,nan,0.033408984541893005
16.45347647400922,rising,0,0.020655259490013123,-0.0008180071599781513,1.7783817052841187,0.0025728780310600996,-0.010784618556499481,0.10681867599487305,0.024712253361940384,-0.0055692619644105434,1.7795124622742797,0.37887916701863483,50952,0.18681179468693365,-0.0006767933641022097,0.002925005171284134,0.7778640137985349,0.0,0.0,0.1108716493763496,0.0,-1.0,0.1,0.0,0.0,0.0,3.5894429683685303,50952,nan,0.9747838973999023,52270.046864650954,50000,52604.30495883041,nan,0,nan,nan,nan,nan,0.033408984541893005
16.473816167999757,rising,0,0.02067963406443596,-0.0007535908953286707,1.781125545501709,0.002814702456817031,-0.00990538951009512,0.10261709988117218,0.024712253361940384,-0.0055692619644105434,1.7816829206281037,0.3772449093546268,50732,0.14369153969991366,-0.00014528940104485376,0.002783625591063821,0.8993589726742357,0.0,0.0,0.10483438187511647,0.0,-1.0,0.1,0.0,0.0,0.0,3.5894429683685303,50732,nan,0.9956543445587158,50953.42603309278,50000,52594.30495883041,nan,0,nan,nan,nan,nan,0.033408984541893005
16.49322132699308,rising,0,0.02068801410496235,-0.0007068094564601779,1.7828187942504883,0.003058435395359993,-0.009074745699763298,0.10039003193378448,0.024712253361940384,-0.0055692619644105434,1.7836803602386193,0.3757989561399513,50537,0.10553973984040255,0.0003460156614065382,0.0026557013544923347,0.8294210128951818,0.0,0.0,0.09895344287506314,0.0,-1.0,0.1,0.0,0.0,0.0,3.5894429683685303,50537,nan,0.9866910576820374,51218.66627505772,50000,52584.30495883041,nan,0,nan,nan,nan,nan,0.033408984541893005
16.513497553009074,rising,0,0.02067711018025875,-0.0007193528581410646,1.7844715118408203,0.0033103772439062595,-0.007778892293572426,0.0970001071691513,0.024712253361940384,-0.0055692619644105434,1.7856229980133242,0.374819479374018,50406,0.0796960256996826,0.0010249907258332084,0.0025398435774746098,0.849086995003745,0.0,0.0,0.09287734488025316,0.0,-1.0,0.1,0.0,0.0,0.0,3.5894429683685303,50406,nan,0.9755933880805969,51667.016828773136,50000,52574.30495883041,nan,1,nan,nan,nan,nan,0.033408984541893005
16.53324901801534,rising,0,0.02071763016283512,-0.0005923511926084757,1.7868732213974,0.003593709086999297,-0.006748806685209274,0.09273786097764969,0.024712253361940384,-0.0055692619644105434,1.7873998733454943,0.3732059426793754,50189,0.03712249813655255,0.0017175639289032717,0.0023555580838519052,0.8646159840282053,0.0,0.0,0.08694869747560015,0.0,-1.0,0.1,0.0,0.0,0.0,3.5894429683685303,50189,nan,0.9815421104431152,51132.80364236464,50000,52564.30495883041,nan,2,nan,nan,nan,nan,0.033408984541893005
16.553509888006374,rising,0,0.020754260942339897,-0.0005226786015555263,1.788411259651184,0.003837017109617591,-0.005563093814998865,0.08948855102062225,0.024712253361940384,-0.0055692619644105434,1.7890996313360232,0.37199531597993124,50026,0.0051798411591335025,0.0024355620021008087,0.00219302277415534,0.8326790120918304,0.0,0.0,0.0808716340776301,0.0,-1.0,0.1,0.0,0.0,0.0,3.594721555709839,50026,nan,0.9751911163330078,51298.66255151277,50000,52554.30495883041,nan,3,nan,nan,nan,nan,0.033408984541893005
16.57363808399532,rising,0,0.020782150328159332,-0.0004282570444047451,1.789886713027954,0.004156135022640228,-0.004755135625600815,0.0854145810008049,0.024712253361940384,-0.0055692619644105434,1.7906548056030365,0.37113763209568157,49911,-0.017450340483337712,0.0029783524589709794,0.0019960646316998787,0.9871369984466583,0.0,0.0,0.07488068267703064,0.0,-1.0,0.1,0.0,0.0,0.0,3.594721555709839,49911,nan,0.9825564026832581,50797.08387599767,50000,52544.30495883041,nan,4,nan,nan,nan,nan,0.033408984541893005
16.593178336013807,rising,0,0.020861858502030373,-0.0003375610103830695,1.7920185327529907,0.004383384250104427,-0.0037900698371231556,0.08203069865703583,0.024712253361940384,-0.0055692619644105434,1.7920815019666936,0.368972623183965,49619,-0.07457458617506774,0.00361726425955805,0.0017981861249649622,0.7366750214714557,0.0,0.0,0.06892821497749546,0.0,-1.0,0.1,0.0,0.0,0.0,3.594721555709839,49619,nan,0.9683374166488647,51241.43624617645,50000,52534.30495883041,nan,5,nan,nan,nan,nan,0.033408984541893005
16.613001999998232,rising,0,0.020903844386339188,-0.00018597289454191923,1.793304681777954,0.004714511800557375,-0.003190029179677367,0.07688664644956589,0.024712253361940384,-0.0055692619644105434,1.7933984552678073,0.36858764969724017,49568,-0.08473219796200127,0.004111141382008703,0.0015748261520358575,0.6079940067138523,0.0,0.0,0.06293589468114087,0.0,-1.0,0.1,0.0,0.0,0.0,3.594721555709839,49568,nan,0.9692634344100952,51139.86377724818,50000,52524.30495883041,nan,6,nan,nan,nan,nan,0.033408984541893005
16.633291687991004,rising,0,0.020958997309207916,1.7471029423177242e-05,1.7951449155807495,0.005003647413104773,-0.0024887118488550186,0.07077423483133316,0.024712253361940384,-0.0055692619644105434,1.7945982099156643,0.3678408480426732,49467,-0.10443672710624874,0.0047220391654100285,0.0013608415042447586,0.8532619976904243,0.0,0.0,0.05693043167411824,0.0,-1.0,0.1,0.0,0.0,0.0,3.594721555709839,49467,nan,0.9830515384674072,50319.84393933184,50000,52514.30495883041,nan,7,nan,nan,nan,nan,0.033408984541893005
16.65327622400946,rising,0,0.020991884171962738,0.00017910636961460114,1.7962839603424072,0.005131635814905167,-0.001367824268527329,0.06645459681749344,0.024712253361940384,-0.0055692619644105434,1.7956831493773031,0.366915223659572,49343,-0.12885953404823347,0.00552115106157647,0.0012586576003617012,0.7172240002546459,0.0,0.0,0.05089312697818977,0.0,-1.0,0.1,0.0,0.0,0.0,3.594721555709839,49343,nan,0.9505477547645569,51910.06948643192,50000,52506.2484858651,nan,8,nan,nan,nan,nan,0.033408984541893005
16.674222936999286,rising,0,0.021063700318336487,0.0004491839208640158,1.7978150844573975,0.005055150017142296,-0.0005524019943550229,0.05804964527487755,0.024712253361940384,-0.0055692619644105434,1.7966604513895812,0.3673607917640519,49403,-0.11710311968200848,0.006252476266905532,0.0012205748011260287,0.9024599858094007,0.0,0.0,0.04476303347910297,0.0,-1.0,0.1,0.0,0.0,0.0,3.594721555709839,49403,nan,0.9723114967346191,50809.84866055118,50000,52496.2484858651,nan,9,nan,nan,nan,nan,0.033408984541893005
16.693174915009877,rising,0,0.021157070994377136,0.0006185921374708414,1.7987031936645508,0.004768335726112127,0.0005150276119820774,0.05192217975854874,0.024712253361940384,-0.0055692619644105434,1.7974743625097251,0.3674148781743961,49410,-0.11567603761487888,0.007017055021862277,0.0012748692459407795,0.7231229974422604,0.0,0.0,0.03892791407415652,0.0,-1.0,0.1,0.0,0.0,0.0,3.594721555709839,49410,nan,0.9788858890533447,50475.75059824709,50000,52486.2484858651,nan,10,nan,nan,nan,nan,0.033408984541893005
16.71382396199624,rising,0,0.021171810105443,0.0007806929061189294,1.7995474338531494,0.004433848895132542,0.0011692546540871263,0.04784791171550751,0.024712253361940384,-0.0055692619644105434,1.7981990219822448,0.36627491287831493,49257,-0.1457542776170211,0.0075731702983864255,0.0014453834791634534,1.1413019965402782,0.0,0.0,0.032872280277661134,0.0,-1.0,0.1,0.0,0.0,0.0,3.594721555709839,49257,nan,0.9700156450271606,50779.59335245649,50000,52476.2484858651,nan,11,nan,nan,nan,nan,0.033408984541893005
16.733093223010655,rising,0,0.021222855895757675,0.0010580380912870169,1.800594687461853,0.004021316301077604,0.001714101294055581,0.04242268204689026,0.024712253361940384,-0.0055692619644105434,1.7987896354768025,0.36545486010307765,49146,-0.16739155400850692,0.008191921939545144,0.001618519957125697,0.7339399890042841,0.0,0.0,0.02694844548241244,0.0,-1.0,0.1,0.0,0.0,0.0,3.594721555709839,49146,nan,0.9522765278816223,51608.95870165704,50000,52466.2484858651,nan,12,nan,nan,nan,nan,0.033408984541893005
16.753526462009177,rising,0,0.021262262016534805,0.0012972507392987609,1.8011599779129028,0.0035074977204203606,0.002440591109916568,0.034118954092264175,0.024712253361940384,-0.0055692619644105434,1.7992709092223638,0.36648546024157264,49285,-0.1401989382170825,0.008826464346915322,0.0018513623466189788,0.9458420099690557,0.0,0.0,0.02091541217814674,0.0,-1.0,0.1,0.0,0.0,0.0,3.6000001430511475,49285,nan,0.976319432258606,50480.404641731504,50000,52456.2484858651,nan,13,nan,nan,nan,nan,0.033408984541893005
16.77296327301883,nav_to_wp,0,0.02132364921271801,0.0015106830978766084,1.8016334772109985,0.0031154814641922712,0.002761835465207696,0.028900813311338425,0.02471225336192056,-0.005569261966010436,1.7992709092223644,0.35804443042243295,48150,-0.3629174031020348,0.009453012708560495,0.002045398244961749,0.6427500047720969,-1.2139416865529714e-08,-9.79725554923619e-07,3.581517538247284e-10,0.0,-1.0,0.1,0.0,0.0,0.0,3.6000001430511475,48150,nan,0.9516209363937378,50597.877955973956,50000,52446.2484858651,nan,14,nan,nan,nan,nan,0.033408984541893005
16.79349612101214,nav_to_wp,0,0.021340331062674522,0.0018165039364248514,1.8021272420883179,0.002738183131441474,0.003312289947643876,0.01978529617190361,0.02471150183210376,-0.005629915041439096,1.7992709313949056,0.36199982123709445,48682,-0.25855352936426357,0.013391301196319596,0.0021709497341120265,1.0231549968011677,-7.474441567176067e-05,-0.006032333754794568,2.2052001227060154e-06,0.0,-1.0,0.1,0.0,0.0,0.0,3.6000001430511475,48682,nan,0.9709983468055725,50136.027687540256,50000,52436.2484858651,nan,15,nan,nan,nan,nan,0.033408984541893005
16.813698378013214,nav_to_wp,0,0.02133079804480076,0.0020476505160331726,1.8023360967636108,0.0023726404178887606,0.0035300629679113626,0.01321778167039156,0.024709252725737988,-0.00581143174909463,1.799270997750761,0.3650419865567999,49091,-0.1782853151240147,0.017150633108452898,0.002320237377607448,1.0474199953023344,-0.00014935243574219203,-0.0120536595462181,4.406376137469187e-06,0.0,-1.0,0.1,0.0,0.0,0.0,3.6000001430511475,49091,nan,0.9647820591926575,50882.99428067724,50000,52426.2484858651,nan,16,nan,nan,nan,nan,0.033408984541893005
16.833201186993392,nav_to_wp,0,0.021352460607886314,0.0023551753256469965,1.8024064302444458,0.0018637838074937463,0.003925785887986422,0.0058351727202534676,0.024705555465359557,-0.0061098233865250155,1.799271106831807,0.3686719017502863,49579,-0.08250918864680123,0.021085115457214677,0.002505898627896297,0.803614006144926,-0.00022313867822643972,-0.018008662835451782,6.583307076294546e-06,0.0,-1.0,0.1,0.0,0.0,0.0,3.6000001430511475,49579,nan,0.9611074328422546,51585.284127271276,50000,52416.2484858651,nan,17,nan,nan,nan,nan,0.033408984541893005
16.853465074993437,nav_to_wp,0,0.021331556141376495,0.0025853835977613926,1.802341341972351,0.0013716730754822493,0.0038513934705406427,-0.002139069838449359,0.024700323571414388,-0.006532069385283786,1.799271261189468,0.3727710202693067,50130,0.025646972804924673,0.024747268037473888,0.002719132963326043,0.9161869820673019,-0.00029779818494116465,-0.02403414391552801,8.78600211228885e-06,0.0,-1.0,0.1,0.0,0.0,0.0,3.6000001430511475,50130,nan,0.961029589176178,52162.8059787138,50000,52412.869252436416,nan,18,nan,nan,nan,nan,0.033408984541893005
16.87413094501244,nav_to_wp,0,0.02130790241062641,0.0027908743359148502,1.8021374940872192,0.0009055770351551473,0.0036476380191743374,-0.010013657622039318,0.024693509695555296,-0.007081991048010841,1.799271462220672,0.3769996877599183,50699,0.137221312926604,0.02839612634394036,0.0029137248869059995,1.1946269951295108,-0.000373278443299679,-0.030125864697937,1.1012911955628007e-05,0.0,-1.0,0.1,0.0,0.0,0.0,3.6000001430511475,50699,nan,0.965434730052948,52514.166335428476,50000,52414.21988020965,nan,19,nan,nan,nan,nan,0.033408984541893005
16.89363848499488,nav_to_wp,0,0.021248728036880493,0.0030878791585564613,1.8016393184661865,0.0005132884834893048,0.0032151874620467424,-0.0167197585105896,0.024685407450870295,-0.007735891993836173,1.799271701262891,0.38101755931310743,51239,0.2432337549632564,0.03198132489738782,0.0031039778164885234,1.0259459959343076,-0.0004467295810210654,-0.036053822973115345,1.3179956228572851e-05,0.0,-1.0,0.1,0.0,0.0,0.0,3.6000001430511475,51239,nan,0.960838794708252,53327.3638431285,50000,52424.21988020965,nan,20,nan,nan,nan,nan,0.033408984541893005
16.913395747018512,nav_to_wp,0,0.021206660196185112,0.0032442749943584204,1.8012127876281738,0.00016770479851402342,0.002766666002571583,-0.023171741515398026,0.024675762224487557,-0.008514321046472604,1.7992719858280215,0.38482423186552017,51751,0.3436736639978921,0.035513921445430974,0.003248067931677978,0.8791849832050502,-0.0005208340127670982,-0.04203450609149785,1.5366274771713877e-05,0.0,-1.0,0.1,0.0,0.0,0.0,3.6000001430511475,51751,nan,0.9604036211967468,53884.6364776444,50000,52434.21988020965,nan,21,nan,nan,nan,nan,0.033408984541893005
16.932861584995408,nav_to_wp,0,0.021210649982094765,0.0034517087042331696,1.8003650903701782,7.191621261881664e-05,0.0015385031001642346,-0.03139301389455795,0.0246647033949303,-0.009406836563882203,1.799272312098982,0.39004258650624724,52453,0.4813611215368656,0.038589453634068,0.0032005026827446326,0.6015549879521132,-0.0005945395463406412,-0.04798299567556733,1.754082453867255e-05,0.0,-1.0,0.1,0.0,0.0,0.0,3.6000001430511475,52453,nan,0.9757434129714966,53756.96038804031,50000,52444.21988020965,nan,22,nan,nan,nan,nan,0.033408984541893005
16.953533855004935,nav_to_wp,0,0.021158838644623756,0.003579635638743639,1.7996872663497925,0.00018925595213659108,-0.00026617798721417785,-0.03624780476093292,0.02465187136146829,-0.010442460535249668,1.799272690685148,0.3933687273468652,52900,0.5691220935848325,0.041626721775044756,0.003115063678289731,0.8865820127539337,-0.0006699762166429963,-0.05407119863393405,1.9766448394477696e-05,0.0,-1.0,0.1,0.0,0.0,0.0,3.578885793685913,52900,nan,0.9694478511810303,54567.14348848631,50000,52454.21988020965,nan,23,nan,nan,nan,nan,0.033408984541893005
16.97417755200877,nav_to_wp,0,0.021160094067454338,0.003693621139973402,1.7985771894454956,0.0003545932122506201,-0.0024562012404203415,-0.04173348844051361,0.024637837448184433,-0.01157508359549057,1.7992731047306258,0.397551259597425,53463,0.6794791450507898,0.04434007505130165,0.002946604782319895,1.0860699985641986,-0.0007437698112095816,-0.06002679528140133,2.1943596243325396e-05,0.0,-1.0,0.1,0.0,0.0,0.0,3.578885793685913,53463,nan,0.9820466637611389,54440.386564974564,50000,52464.21988020965,nan,24,nan,nan,nan,nan,0.033408984541893005
16.993116046010982,nav_to_wp,0,0.021164126694202423,0.003735360223799944,1.797829270362854,0.0006008260534144938,-0.005389478988945484,-0.04565045237541199,0.024622229462610588,-0.012834743964432925,1.7992735652162875,0.40049617166378043,53859,0.7571813103899832,0.04684577460647528,0.0027452584703751004,0.6840770074632019,-0.0008180588503853259,-0.06602237735403514,2.4135361298061888e-05,0.0,-1.0,0.1,0.0,0.0,0.0,3.578885793685913,53859,nan,0.9864599704742432,54598.26208062669,50000,52474.21988020965,nan,25,nan,nan,nan,nan,0.033408984541893005
17.013515872997232,nav_to_wp,0,0.02111460268497467,0.003666879376396537,1.797045350074768,0.0009583001374267042,-0.009347282350063324,-0.047577910125255585,0.02460515831722715,-0.014212490323194216,1.7992740688698587,0.4024858290781665,54126,0.8096788674977944,0.048926810666087915,0.002549435816479706,0.9946780046448112,-0.0008922577434731679,-0.07201068408330011,2.6324466753919753e-05,0.0,-1.0,0.1,0.0,0.0,0.0,3.578885793685913,54126,nan,1.009664535522461,53607.90450264945,50000,52484.21988020965,nan,26,nan,nan,nan,nan,0.033408984541893005
17.033245910017285,nav_to_wp,0,0.021091734990477562,0.0034954107832163572,1.7959060668945312,0.0013841526815667748,-0.014119825325906277,-0.04617714881896973,0.024586546219791547,-0.015714600983893774,1.7992746179864607,0.40325238051806234,54229,0.8299044991573155,0.05076819124631526,0.0023006869551802644,0.7826780201867223,-0.0009666864118510484,-0.07801753509076513,2.8520351318199753e-05,0.0,-1.0,0.1,0.0,0.0,0.0,3.578885793685913,54229,nan,1.0083922147750854,53777.68610807392,50000,52494.21988020965,nan,27,nan,nan,nan,nan,0.033408984541893005
17.053695292008342,nav_to_wp,0,0.02115609683096409,0.003268460277467966,1.7951215505599976,0.001963287126272917,-0.01924501545727253,-0.04418579488992691,0.024566386162731966,-0.017341641500648423,1.799275212772839,0.40328122746345074,54233,0.8306656322810202,0.052601137027957316,0.0018924626073264506,1.0631319892127067,-0.0010413205989695184,-0.08404097272379887,3.072229934485207e-05,0.0,-1.0,0.1,0.0,0.0,0.0,3.578885793685913,54233,nan,1.0123192071914673,53573.0228318611,50000,52504.21988020965,nan,28,nan,nan,nan,nan,0.033408984541893005
17.075291979999747,nav_to_wp,0,0.02123153954744339,0.0028242478147149086,1.7940691709518433,0.0028288422618061304,-0.025329111143946648,-0.04170458763837814,0.024543837013751398,-0.019161496419773195,1.799275878045096,0.4033940256598884,54248,0.8336418379917774,0.05404094679533655,0.0013271573569086925,1.2910199875477701,-0.0011189167121779975,-0.0903034559975188,3.301163369620077e-05,0.0,-1.0,0.1,0.0,0.0,0.0,3.578885793685913,54248,nan,1.0115880966186523,53626.57012407528,50000,52514.21988020965,nan,29,nan,nan,nan,nan,0.033408984541893005
17.09315968499868,nav_to_wp,0,0.021229280158877373,0.0024228666443377733,1.7935020923614502,0.003970992751419544,-0.03201248496770859,-0.0381767563521862,0.024521738845320416,-0.02094495443663375,1.7992765300119793,0.4023677816535103,54110,0.8065641597232247,0.0550862011678032,0.0007077418070282615,0.652476999675855,-0.0011900622359479818,-0.09604533705556233,3.51106549586926e-05,0.0,-1.0,0.1,0.0,0.0,0.0,3.578885793685913,54110,nan,1.014332890510559,53345.406134631026,50000,52524.21988020965,nan,30,nan,nan,nan,nan,0.033408984541893005
17.11423431400908,nav_to_wp,0,0.021268557757139206,0.0019187815487384796,1.792972445487976,0.005229549016803503,-0.038814082741737366,-0.03517479449510574,0.0244965112361592,-0.02298097755526066,1.7992772743074068,0.401565418545057,54003,0.7853936291571753,0.05640538675922516,-1.99461947190116e-05,1.0781679884530604,-0.0012664064513874813,-0.10220678448464426,3.7363054308423353e-05,0.0,-1.0,0.1,0.0,0.0,0.0,3.578885793685913,54003,nan,1.021458387374878,52868.52667467574,50000,52528.8106374692,nan,31,nan,nan,nan,nan,0.033408984541893005
17.13326445099665,nav_to_wp,0,0.021470149978995323,0.0009462645975872874,1.7922462224960327,0.006553143262863159,-0.046276822686195374,-0.030910341069102287,0.024471339227797248,-0.02501251334764154,1.7992780169624323,0.400357245296686,53840,0.7535157070365681,0.056802670299848715,-0.0009436639929536472,0.8338150219060481,-0.0013382485379023427,-0.10800488243756201,3.948262640721071e-05,0.0,-1.0,0.1,0.0,0.0,0.0,3.578885793685913,53840,nan,1.0274312496185303,52402.53303565565,50000,52527.12693611169,nan,32,nan,nan,nan,nan,0.033408984541893005
17.15303626199602,nav_to_wp,0,0.02153611183166504,0.00022684072609990835,1.7919514179229736,0.007877400144934654,-0.05476408451795578,-0.026110859587788582,0.024443910699941326,-0.027226164132687344,1.7992788261920243,0.39834468042118554,53569,0.7004137314296965,0.05733332131637699,-0.0017443088331519085,0.6977499870117754,-0.0014123765533423105,-0.11398746890500021,4.1669640745004645e-05,0.0,-1.0,0.1,0.0,0.0,0.0,3.5630500316619873,53569,nan,1.0332530736923218,51844.99457482531,50000,52518.03183796121,nan,33,nan,nan,nan,nan,0.033408984541893005
17.174140906019602,nav_to_wp,0,0.021711532026529312,-0.0011503176065161824,1.791529893875122,0.009105081669986248,-0.0640663132071495,-0.020410101860761642,0.02441423853068295,-0.029620890569259352,1.7992797016162376,0.39602278580307954,53257,0.6391500211894314,0.057098245970627265,-0.0026200974432064594,1.0201290133409202,-0.0014884168450305024,-0.1201243878193106,4.3913073368757905e-05,0.0,-1.0,0.1,0.0,0.0,0.0,3.5630500316619873,53257,nan,1.0345275402069092,51479.538175801885,50000,52508.03183796121,nan,34,nan,nan,nan,nan,0.033408984541893005
17.19310435000807,nav_to_wp,0,0.021833078935742378,-0.002205133903771639,1.7913738489151,0.010113725438714027,-0.07438024878501892,-0.014166668057441711,0.024384457444415718,-0.03202440727789492,1.7992805802538523,0.3930917784961656,52863,0.5618147360465855,0.05662901424653055,-0.0033437467881303196,0.7719820132479072,-0.00156101619105004,-0.12598360126868574,4.6054987053035284e-05,0.0,-1.0,0.1,0.0,0.0,0.0,3.5630500316619873,52863,nan,1.0305944681167603,51293.696633748026,50000,52498.03183796121,nan,35,nan,nan,nan,nan,0.033408984541893005
17.213402711000526,nav_to_wp,0,0.021970616653561592,-0.0034802870359271765,1.7912646532058716,0.010684575885534286,-0.08478011935949326,-0.008390157483518124,0.024352184009127826,-0.03462907187150517,1.799281532423761,0.3903364293111312,52492,0.48911422984514985,0.05616479908636226,-0.0038723099213804346,0.8396340126637369,-0.0016360580778752715,-0.13203994277394612,4.8268963529375745e-05,0.0,-1.0,0.1,0.0,0.0,0.0,3.5630500316619873,52492,nan,1.0285160541534424,51036.63650948594,50000,52488.03183796121,nan,36,nan,nan,nan,nan,0.033408984541893005
17.2333580449922,nav_to_wp,0,0.022188566625118256,-0.0054983398877084255,1.7912895679473877,0.010962027125060558,-0.09576579183340073,-0.003149068681523204,0.02431882246362825,-0.03732155364717355,1.799282516696413,0.38765934466398194,52132,0.41847875102854637,0.05466439160807615,-0.004339745332939904,0.8867309952620417,-0.0017101723073495354,-0.13802141662921777,5.0455571136941225e-05,0.0,-1.0,0.1,0.0,0.0,0.0,3.5630500316619873,52132,nan,1.0238292217254639,50918.64824110188,50000,52478.03183796121,nan,37,nan,nan,nan,nan,0.033408984541893005
17.25345941699925,nav_to_wp,0,0.022281913086771965,-0.006964479573071003,1.791391134262085,0.010862602852284908,-0.10636580735445023,0.00106727983802557,0.024283629014079967,-0.04016188133921261,1.799283555016113,0.3854183463165784,51831,0.3593495070337287,0.05404160735569766,-0.004485631809636237,0.838816980831325,-0.0017850239853851673,-0.14406240711605559,5.2663935843594344e-05,0.0,-1.0,0.1,0.0,0.0,0.0,3.5630500316619873,51831,nan,1.0282646417617798,50406.284428097446,50000,52468.03183796121,nan,38,nan,nan,nan,nan,0.033408984541893005
17.274114722007653,nav_to_wp,0,0.022508876398205757,-0.009510809555649757,1.7916245460510254,0.010556444525718689,-0.11754801869392395,0.0058059715665876865,0.024246840352918336,-0.04313095241327867,1.799284640399675,0.38272593704790836,51469,0.28830968464137996,0.05218158528606216,-0.004672063984914709,1.0706059983931482,-0.0018600511904381819,-0.1501175637120578,5.487747916053951e-05,0.0,-1.0,0.1,0.0,0.0,0.0,3.5630500316619873,51469,nan,1.0187311172485352,50522.65423972844,50000,52458.03183796121,nan,39,nan,nan,nan,nan,0.033408984541893005
17.29352112900233,nav_to_wp,0,0.022643791511654854,-0.011364289559423923,1.7918314933776855,0.010091492906212807,-0.12843072414398193,0.00957330223172903,0.024209290668245252,-0.046161442762284274,1.7992857482358724,0.3805695897871372,51179,0.23141397855243007,0.05111436825535254,-0.004674129451810893,0.9180739871226251,-0.0019336306616104582,-0.15605587928551343,5.7048309682117196e-05,0.0,-1.0,0.1,0.0,0.0,0.0,3.5630500316619873,51179,nan,1.01340651512146,50501.9449118758,50000,52448.03183796121,nan,40,nan,nan,nan,nan,0.033408984541893005
17.313270554994233,nav_to_wp,0,0.02279764972627163,-0.01333573367446661,1.7919883728027344,0.009616466239094734,-0.13918572664260864,0.012268804013729095,0.0241699631819805,-0.04933541262684143,1.7992869085229222,0.3790136415751292,50970,0.19035993601923806,0.050075518300521496,-0.004685676575198139,0.7465649978257716,-0.002007804889351265,-0.16204219536966924,5.92366874310846e-05,0.0,-1.0,0.1,0.0,0.0,0.0,3.5630500316619873,50970,nan,1.0013165473937988,50902.98380932924,50000,52438.03183796121,nan,41,nan,nan,nan,nan,0.033408984541893005
17.333581129991217,nav_to_wp,0,0.023000726476311684,-0.016633618623018265,1.7923635244369507,0.009122743271291256,-0.14998859167099,0.013758639805018902,0.024128677672808293,-0.05266740697484825,1.799288126577931,0.37776509354017473,50802,0.15741671609959518,0.04776070253091651,-0.004738238910934056,0.8211550011765212,-0.00208283196059041,-0.1680973411660697,6.145022680009118e-05,0.0,-1.0,0.1,0.0,0.0,0.0,3.5630500316619873,50802,nan,0.9965032935142517,50980.26301633437,50000,52428.03183796121,nan,42,nan,nan,nan,nan,0.033408984541893005
17.353493769012857,nav_to_wp,0,0.023073289543390274,-0.018858790397644043,1.79266357421875,0.008549051359295845,-0.15946513414382935,0.014407775364816189,0.02408685676003391,-0.056042611684362496,1.7992893604290643,0.3770633107691477,50707,0.13890002029413218,0.0471818807861782,-0.004603003948258744,1.0253649961668998,-0.0021561719702740045,-0.17401633072555936,6.361399243930302e-05,0.0,-1.0,0.1,0.0,0.0,0.0,3.578885793685913,50707,nan,0.9963948130607605,50890.46965653751,50000,52418.03183796121,nan,43,nan,nan,nan,nan,0.033408984541893005
17.37387426701025,nav_to_wp,0,0.023238442838191986,-0.022454170510172844,1.7930312156677246,0.008075849153101444,-0.16864658892154694,0.01375724095851183,0.024042226392662392,-0.059644556647935484,1.7992906771681239,0.37690977400609244,50687,0.13484891836655422,0.045572366250414165,-0.004616539868583569,0.6450630025938153,-0.0022317820452862945,-0.1801185285098349,6.584473229051986e-05,0.0,-1.0,0.1,0.0,0.0,0.0,3.578885793685913,50687,nan,0.995841920375824,50898.64060037869,50000,52408.03183796121,nan,44,nan,nan,nan,nan,0.033408984541893005
17.393610757018905,nav_to_wp,0,0.0233258455991745,-0.024998197332024574,1.7932833433151245,0.00777339655905962,-0.17728209495544434,0.012692277319729328,0.02399765292561562,-0.0632419094055682,1.7992919922284414,0.37712986820335953,50716,0.14065615312294177,0.0452091121457492,-0.004632162695070496,1.1457820073701441,-0.0023048213908898356,-0.1860132526300585,6.799962737451674e-05,0.0,-1.0,0.1,0.0,0.0,0.0,3.578885793685913,50716,nan,1.0043494701385498,50496.3675572047,50000,52398.03183796121,nan,45,nan,nan,nan,nan,0.033408984541893005
17.4135707700043,nav_to_wp,0,0.023413164541125298,-0.027680180966854095,1.7935168743133545,0.007523724343627691,-0.18556508421897888,0.012745638377964497,0.023950739656454532,-0.0670280985752177,1.7992933763204297,0.37681969128443443,50675,0.13247206555235813,0.04521141460807644,-0.004685466731450871,1.026573998387903,-0.0023792742227856946,-0.19202205378194337,7.019622484011964e-05,0.0,-1.0,0.1,0.0,0.0,0.0,3.578885793685913,50675,nan,0.9965459704399109,50850.63961237056,50000,52388.03183796121,nan,46,nan,nan,nan,nan,0.033408984541893005
17.43367840599967,nav_to_wp,0,0.023570828139781952,-0.031907953321933746,1.7938206195831299,0.007309087086468935,-0.19363853335380554,0.012141000479459763,0.023902699536108213,-0.07090523156160854,1.7992947936581443,0.37672600304037424,50662,0.13000008022095422,0.04372914012635602,-0.004830329971151626,0.7608309970237315,-0.002453174841836847,-0.1979862879631319,7.237653025471159e-05,0.0,-1.0,0.1,0.0,0.0,0.0,3.578885793685913,50662,nan,0.9980300068855286,50762.000792037106,50000,52378.03183796121,nan,47,nan,nan,nan,nan,0.033408984541893005
17.49760703201173,nav_to_wp,0,0.02363204024732113,-0.03478662297129631,1.794026494026184,0.007309087086468935,-0.19363853335380554,0.012141000479459763,0.023852681603337807,-0.07494198616707615,1.7992962693476722,0.37655406749923864,50639,0.12546352240735104,0.048183941798601485,-0.004990341333455994,0.666226987959817,-0.00252782326471736,-0.20401087450966138,7.457889828202778e-05,0.0,-1.0,0.1,0.0,0.0,0.0,3.578885793685913,50639,nan,0.9980300068855286,50738.955392759206,50000,52368.03183796121,nan,48,nan,nan,nan,nan,0.033408984541893005
17.507630778010935,nav_to_wp,0,0.02363204024732113,-0.03478662297129631,1.794026494026184,0.007309087086468935,-0.19363853335380554,0.012141000479459763,0.023730910982225694,-0.08476962374340989,1.799299861971766,0.376950578165356,50692,0.13592554526005074,0.06600462723333139,-0.005206165791007633,0.7511060102842748,-0.002700946082267515,-0.2179829499703771,7.968657696375505e-05,0.0,-1.0,0.1,0.0,0.0,0.0,3.578885793685913,50692,nan,0.9980300068855286,50792.06000848654,50000,52358.03183796121,nan,49,nan,nan,nan,nan,0.033408984541893005
17.517818270018324,nav_to_wp,0,0.023697558790445328,-0.03778547793626785,1.7942206859588623,0.006650692783296108,-0.20910148322582245,0.009502223692834377,0.023687502562853888,-0.08827294999280828,1.7993011426594383,0.37790957337840586,50821,0.16122884903445467,0.060700866424350436,-0.004991077870172278,0.9564670035615563,-0.0027600361494243657,-0.22275188158191983,8.142992356930253e-05,0.0,-1.0,0.1,0.0,0.0,0.0,3.578885793685913,50821,nan,0.9799517393112183,51860.717177481325,50000,52351.400975821474,51190.650011712314,50,51190.650011712314,nan,nan,nan,0.033408984541893005
17.53298833500594,nav_to_wp,0,0.02385706640779972,-0.045705944299697876,1.794357419013977,0.004401768557727337,-0.21687369048595428,-0.0002446046855766326,0.02363867875429566,-0.09221333143477203,1.7993025831184701,0.38248962186060387,51437,0.28207445542490284,0.054479935235579965,-0.004007212435313656,0.6105230131652206,-0.0028250214707792568,-0.22799659644191422,8.334719909200139e-05,0.0,-1.0,0.1,0.0,0.0,0.0,3.578885793685913,51437,nan,0.9774556756019592,52623.358054904005,50000,52355.027070209246,51200.650011712314,50,51190.650011712314,nan,nan,nan,0.033408984541893005
17.553082127007656,nav_to_wp,0,0.0238746777176857,-0.050610318779945374,1.7944015264511108,0.003201492130756378,-0.21860359609127045,-0.0029551961924880743,0.023581599952338227,-0.09681994158265417,1.799304267126298,0.38383559551300744,51618,0.3175882721110135,0.05619704208488738,-0.0034842048338770137,0.7241540006361902,-0.002899147995768538,-0.23397906262082108,8.55341694567171e-05,0.0,-1.0,0.1,0.0,0.0,0.0,3.578885793685913,51618,nan,0.9922664761543274,52020.300232305584,50000,52350.56404570387,51210.650011712314,50,51190.650011712314,nan,nan,nan,0.033408984541893005
17.573283147998154,nav_to_wp,0,0.023901216685771942,-0.05750886723399162,1.794323205947876,0.002033734694123268,-0.22363096475601196,-0.0034067260567098856,0.023522887723860922,-0.10155837929040483,1.7993059993254499,0.38412937031082467,51658,0.3253395860375896,0.0544073235911315,-0.0030010044215400544,0.903979002032429,-0.002973468424194882,-0.2399771779989096,8.772686059507672e-05,0.0,-1.0,0.1,0.0,0.0,0.0,3.578885793685913,51658,nan,0.9932917356491089,52006.87587140939,50000,52345.981536713276,51220.650011712314,50,51190.650011712314,nan,nan,nan,0.033408984541893005
17.593260319001274,nav_to_wp,0,0.0238747987896204,-0.06296353787183762,1.794165015220642,0.0007862333441153169,-0.22964341938495636,-0.004542188253253698,0.02346192560483222,-0.10647839699441067,1.7993077979035932,0.3848907033861991,51760,0.34542752997886517,0.053774711549476883,-0.002421832726425377,0.6918130093254149,-0.00304872023804608,-0.24605046190546376,8.994703059235463e-05,0.0,-1.0,0.1,0.0,0.0,0.0,3.578885793685913,51760,nan,0.9863615036010742,52475.68950230838,50000,52347.710976254544,51230.650011712314,50,51190.650011712314,nan,nan,nan,0.033408984541893005
17.613377724017482,nav_to_wp,0,0.023819521069526672,-0.06665849685668945,1.7940524816513062,-0.00020502801635302603,-0.2380913943052292,-0.007285362109541893,0.023400638625490713,-0.11142463292238602,1.7993096060661582,0.38640911140053147,51964,0.3854910659770816,0.05356974407477512,-0.0019436833485366733,0.9033009991981089,-0.003122545541523722,-0.25200861765694943,9.212511395583476e-05,0.0,-1.0,0.1,0.0,0.0,0.0,3.578885793685913,51964,nan,0.9992536306381226,52002.81330658347,50000,52343.11234065893,51240.650011712314,50,51190.650011712314,nan,nan,nan,0.033408984541893005
17.633475419017486,nav_to_wp,0,0.023827943950891495,-0.06861443817615509,1.7940020561218262,-0.0010836867149919271,-0.24651455879211426,-0.00779464328661561,0.023337128211140486,-0.11655031372171552,1.7993114798271912,0.38677785404294873,52014,0.39522042329679863,0.05556182893042565,-0.0016005038487527656,0.8885790011845529,-0.0031972511340813926,-0.258037818147814,9.432916867208885e-05,0.0,-1.0,0.1,0.0,0.0,0.0,3.578885793685913,52014,nan,1.0113078355789185,51432.41075574662,50000,52333.11234065893,51243.206821632775,50,51190.650011712314,nan,nan,nan,0.033408984541893005
17.65325381999719,nav_to_wp,0,0.023723088204860687,-0.0763244777917862,1.793658971786499,-0.0019393357215449214,-0.2560575008392334,-0.006252585910260677,0.023273062235566497,-0.12172083172651184,1.799313369979063,0.38635246522304945,51957,0.3839964438799317,0.051123559652960726,-0.0011552138996648864,0.8819629729259759,-0.0032708819765822107,-0.26398027970323235,9.650151481271294e-05,0.0,-1.0,0.1,0.0,0.0,0.0,3.578885793685913,51957,nan,0.9883456230163574,52569.66671378692,50000,52336.2663989673,51253.206821632775,50,51190.650011712314,nan,nan,nan,0.033408984541893005
17.673909481003648,nav_to_wp,0,0.02366264909505844,-0.0804705023765564,1.793434739112854,-0.0025347501505166292,-0.26562175154685974,-0.00756691163405776,0.0232064996584748,-0.12709284081893243,1.7993153337886916,0.3872871009689532,52082,0.40865701765047824,0.05044330615669507,-0.0008898902828611277,1.2949530209880322,-0.0033456661890613856,-0.27001582530499285,9.870788906894859e-05,0.0,-1.0,0.1,0.0,0.0,0.0,3.578885793685913,52082,nan,0.9921033978462219,52496.54432498256,50000,52338.40343798084,51263.206821632775,50,51190.650011712314,nan,nan,nan,0.033408984541893005
17.692924011993455,nav_to_wp,0,0.02355555072426796,-0.0866984948515892,1.7931618690490723,-0.002959060249850154,-0.2745955288410187,-0.009087951853871346,0.02313943345474756,-0.13250549567633887,1.799317312456922,0.3883512357836483,52225,0.4367344533944131,0.047903867346459524,-0.0006656535113771511,0.6517820002045482,-0.0034193624340917305,-0.27596356524653504,0.00010088216479407529,0.0,-1.0,0.1,0.0,0.0,0.0,3.578885793685913,52225,nan,1.009004831314087,51758.91965946712,50000,52330.67698760066,51269.81632613723,50,51190.650011712314,nan,nan,nan,0.033408984541893005
17.713307807018282,nav_to_wp,0,0.02349032089114189,-0.0909169465303421,1.7929413318634033,-0.003333569038659334,-0.2828526496887207,-0.008462073281407356,0.02306981399231236,-0.13812421420486148,1.799319366454478,0.3883296344760523,52223,0.43616449804887125,0.04820812788890233,-0.0005158840541712451,0.8361259824596345,-0.0034942205275126106,-0.282005073494394,0.0001030907187751807,0.0,-1.0,0.1,0.0,0.0,0.0,3.578885793685913,52223,nan,0.9979522228240967,52330.16050830026,50000,52330.67010120999,51279.81632613723,50,51190.650011712314,nan,nan,nan,0.033408984541893005
17.734376306994818,nav_to_wp,0,0.023303313180804253,-0.09759757667779922,1.7926464080810547,-0.00349849509075284,-0.29163816571235657,-0.00854820292443037,0.022997025689465118,-0.14399867763163907,1.799321513942995,0.38871164199198677,52274,0.4462438520313121,0.04598869986714389,-0.0003523887856176078,0.6728119915351272,-0.0035708082112845593,-0.28818617031436167,0.00010535030122202668,0.0,-1.0,0.1,0.0,0.0,0.0,3.578885793685913,52274,nan,0.9997273087501526,52288.2585505765,50000,52330.10461386821,51289.81632613723,50,51190.650011712314,nan,nan,nan,0.033408984541893005
17.753350406012032,nav_to_wp,0,0.023264560848474503,-0.10210733860731125,1.792467474937439,-0.003729302901774645,-0.2979722023010254,-0.008460394106805325,0.02292681524127502,-0.14966509234302464,1.799323585376527,0.3889185897863036,52302,0.4517042159974558,0.046900306762892266,-0.0003030693873422585,0.8213749970309436,-0.0036431582720167373,-0.29402526490883646,0.00010748486019035192,0.0,-1.0,0.1,0.0,0.0,0.0,3.568328619003296,52302,nan,1.0039787292480469,52094.72917735299,50000,52326.96627471467,51299.81632613723,50,51072.18795459867,nan,nan,nan,0.033408984541893005
17.773691078997217,nav_to_wp,0,0.023177042603492737,-0.1067662462592125,1.792297601699829,-0.0037684598937630653,-0.30643144249916077,-0.008573170751333237,0.02285263521676749,-0.15565187626188443,1.7993257739252992,0.38919925438355746,52340,0.4591096143418838,0.046942701315922306,-0.0003069164830440396,0.9759600216057152,-0.00371690344272973,-0.29997695345368575,0.0001096605793801229,0.0,-1.0,0.1,0.0,0.0,0.0,3.568328619003296,52340,nan,1.002361536026001,52216.6884091633,50000,52325.49590317399,51309.81632613723,50,51072.18795459867,nan,nan,nan,0.033408984541893005
17.793190199998207,nav_to_wp,0,0.023046324029564857,-0.11142536252737045,1.792141318321228,-0.003701790701597929,-0.3147211968898773,-0.009154130704700947,0.02277920722798018,-0.16157796627579976,1.7993279402866045,0.38964218154210006,52399,0.4707963467572558,0.04393184307224826,-0.00028197478486879923,0.7635630026925355,-0.00371690344272973,-0.29997695345368575,0.0001096605793801229,0.0,-1.0,0.1,0.0,0.0,0.0,3.568328619003296,52399,nan,1.0037277936935425,52204.39279376817,50000,52323.88119504858,51319.81632613723,50,51072.18795459867,nan,nan,nan,0.033408984541893005
17.814070824009832,nav_to_wp,0,0.022938640788197517,-0.11623217165470123,1.7920082807540894,-0.003713158192113042,-0.32067209482192993,-0.007993098348379135,0.022703941245327965,-0.1676523936916835,1.7993301608746268,0.38920901189856355,52341,0.45936706856368126,0.04222395507917619,-0.0002431312362007887,0.8574890089221299,-0.00371690344272973,-0.29997695345368575,0.0001096605793801229,0.0,-1.0,0.1,0.0,0.0,0.0,3.568328619003296,52341,nan,1.0242819786071777,51100.18636779442,50000,52313.88119504858,51316.88792669267,50,51072.18795459867,nan,nan,nan,0.033408984541893005
17.834185543004423,nav_to_wp,0,0.022806944325566292,-0.12355415523052216,1.7918051481246948,-0.003982739057391882,-0.32611432671546936,-0.005435888189822435,0.022629218770587465,-0.17368295667846728,1.7993323654274216,0.3881308867456198,52196,0.43092049460738124,0.03820271171842833,-4.617797675354751e-05,0.9891109948512167,-0.00371690344272973,-0.29997695345368575,0.0001096605793801229,0.0,-1.0,0.1,0.0,0.0,0.0,3.568328619003296,52196,nan,1.0141656398773193,51466.93789223031,50000,52303.88119504858,51318.888592899835,50,51072.18795459867,nan,nan,nan,0.033408984541893005
17.85329783600173,nav_to_wp,0,0.022614650428295135,-0.1310943216085434,1.791652798652649,-0.004479230847209692,-0.33241337537765503,-0.0029254793189466,0.022555537939465367,-0.17962945262287353,1.799334539248387,0.38700929364271025,52045,0.4013270090424861,0.03340791508850518,0.0003328614838429278,0.6695149932056665,-0.00371690344272973,-0.29997695345368575,0.0001096605793801229,0.0,-1.0,0.1,0.0,0.0,0.0,3.568328619003296,52045,nan,1.0211633443832397,50966.380928443956,50000,52293.88119504858,51314.18849070709,50,51072.18795459867,nan,nan,nan,0.033408984541893005
17.87351920999936,nav_to_wp,0,0.022465098649263382,-0.13360661268234253,1.7915607690811157,-0.0051599484868347645,-0.339752197265625,0.0007778460858389735,0.022481422264108982,-0.18561104316971935,1.7993367258986528,0.3852815589602052,51813,0.3557403419579206,0.03334991930889976,0.0007660332470122988,0.867919996380806,-0.00371690344272973,-0.29997695345368575,0.0001096605793801229,0.0,-1.0,0.1,0.0,0.0,0.0,3.568328619003296,51813,nan,1.0096383094787598,51318.37759479353,50000,52283.88119504858,51314.24434542825,50,51072.18795459867,nan,nan,nan,0.033408984541893005
17.893519414006732,nav_to_wp,0,0.022276392206549644,-0.14133267104625702,1.7915012836456299,-0.005827037151902914,-0.3471655249595642,0.0019528609700500965,0.022407352440502404,-0.1915889331985321,1.7993389111961446,0.38471276875790256,51736,0.34073268490507935,0.027725009288350252,0.0012331562510516925,0.9737490036059171,-0.00371690344272973,-0.29997695345368575,0.0001096605793801229,0.0,-1.0,0.1,0.0,0.0,0.0,3.568328619003296,51736,nan,1.0106840133666992,51189.0950245287,50000,52273.88119504858,51312.57568781626,50,51072.18795459867,nan,nan,nan,0.033408984541893005
17.913297304010484,nav_to_wp,0,0.022034501656889915,-0.1493939608335495,1.7915314435958862,-0.006535525433719158,-0.350509375333786,0.0027216889429837465,0.02233232850626278,-0.19764382581978956,1.799341124642962,0.3842636875029795,51676,0.32888357527650314,0.023927198222375358,0.0017770492491313572,0.6638370105065405,-0.00371690344272973,-0.29997695345368575,0.0001096605793801229,0.0,-1.0,0.1,0.0,0.0,0.0,3.568328619003296,51676,nan,0.9985631704330444,51750.3564422367,50000,52266.90086501109,51318.41276454186,50,51072.18795459867,nan,nan,nan,0.033408984541893005
17.933986067015212,nav_to_wp,0,0.02199607901275158,-0.15211287140846252,1.7915000915527344,-0.006925852037966251,-0.3551422357559204,0.0029710305389016867,0.022257281620294164,-0.20370057078664797,1.7993433387669293,0.3841989509623338,51667,0.3271754871328163,0.024994970090016867,0.0019424083003585224,1.0325010225642473,-0.00371690344272973,-0.29997695345368575,0.0001096605793801229,0.0,-1.0,0.1,0.0,0.0,0.0,3.568328619003296,51667,nan,1.0130590200424194,51000.97721634873,50000,52256.90086501109,51314.18029056596,50,51072.18795459867,nan,nan,nan,0.033408984541893005
17.95344305501203,nav_to_wp,0,0.02173127792775631,-0.1602402925491333,1.7915096282958984,-0.006894790567457676,-0.36059728264808655,0.004646817222237587,0.02218429773085792,-0.20959081925331421,1.7993454920258782,0.3833154729048668,51548,0.30386472044503243,0.019870482367967415,0.0021308452750401496,0.8935359946917742,-0.00371690344272973,-0.29997695345368575,0.0001096605793801229,0.0,-1.0,0.1,0.0,0.0,0.0,3.568328619003296,51548,nan,1.0054848194122314,51266.81080091594,50000,52246.90086501109,51313.54869737062,50,51072.18795459867,nan,nan,nan,0.033408984541893005
17.973164301016368,nav_to_wp,0,0.02173127792775631,-0.1602402925491333,1.7915096282958984,-0.006620523985475302,-0.3659270405769348,0.004888942465186119,0.02211029619040297,-0.21556319841209393,1.7993476753087982,0.38323340598874284,51537,0.30169936645759243,0.023327747298189087,0.001910929078381196,0.7820059836376458,-0.00371690344272973,-0.29997695345368575,0.0001096605793801229,0.0,-1.0,0.1,0.0,0.0,0.0,3.568328619003296,51537,nan,0.9966301321983337,51711.26011042973,50000,52239.75898828334,51318.85151621141,50,51072.18795459867,nan,nan,nan,0.033408984541893005
17.99306943701231,nav_to_wp,0,0.02129572629928589,-0.1742468774318695,1.7916730642318726,-0.0063224914483726025,-0.3653789162635803,0.0038156157825142145,0.022036104723714464,-0.2215509057852867,1.7993498641951515,0.38351657416393936,51575,0.3091708222675287,0.015231304970061407,0.002130988970252101,0.7098490023054183,-0.00371690344272973,-0.29997695345368575,0.0001096605793801229,0.0,-1.0,0.1,0.0,0.0,0.0,3.568328619003296,51575,nan,1.0045331716537476,51342.25673711986,50000,52229.75898828334,51319.163585823524,50,51072.18795459867,nan,nan,nan,0.033408984541893005
18.01379158900818,nav_to_wp,0,0.02129572629928589,-0.1742468774318695,1.7916730642318726,-0.0061414665542542934,-0.36850130558013916,0.0035561148542910814,0.021961095712804357,-0.22760459400212776,1.7993520772016829,0.383688184656513,51598,0.31369880360192504,0.01990870645115178,0.0019574771843098304,1.1837480124086142,-0.00371690344272973,-0.29997695345368575,0.0001096605793801229,0.0,-1.0,0.1,0.0,0.0,0.0,3.568328619003296,51598,nan,0.9918650388717651,52021.190361434776,50000,52226.978073258695,51328.52394283167,50,51072.18795459867,nan,nan,nan,0.033408984541893005
18.033925541007193,nav_to_wp,0,0.02129572629928589,-0.1742468774318695,1.7916730642318726,-0.0059986053965985775,-0.3737516403198242,0.0027154255658388138,0.021886904896578907,-0.2335922488789539,1.7993542660688453,0.38414784994834295,51660,0.3258271754180182,0.023386945321498084,0.0018035040554327253,1.3107099803164601,-0.00371690344272973,-0.29997695345368575,0.0001096605793801229,0.0,-1.0,0.1,0.0,0.0,0.0,3.568328619003296,51660,nan,1.012392520904541,51027.63891799932,50000,52216.978073258695,51324.51214250058,50,51072.18795459867,nan,nan,nan,0.033408984541893005
18.053321823012084,nav_to_wp,0,0.02129572629928589,-0.1742468774318695,1.7916730642318726,-0.005997349973767996,-0.3786425292491913,0.0031192610040307045,0.02181285953386648,-0.23956816476326162,1.7993564506446624,0.3839919818471255,51639,0.3217145606101699,0.027075267090675887,0.0017264499278919487,0.8735799929127097,-0.00371690344272973,-0.29997695345368575,0.0001096605793801229,0.0,-1.0,0.1,0.0,0.0,0.0,3.568328619003296,51639,nan,0.9888933897018433,52218.97581454098,50000,52217.00470980913,51334.51214250058,50,51072.18795459867,nan,nan,nan,0.033408984541893005
18.072828135016607,nav_to_wp,0,0.020310088992118835,-0.20288178324699402,1.7918273210525513,-0.006145625375211239,-0.37375739216804504,0.0014588998164981604,0.02173891919968089,-0.24553560419990494,1.799358632121801,0.38450665480633095,51708,0.3352943220667779,0.005995899261813114,0.0027496996180018662,0.5767109978478402,-0.00371690344272973,-0.29997695345368575,0.0001096605793801229,0.0,-1.0,0.1,0.0,0.0,0.0,3.568328619003296,51708,nan,0.9993154406547546,51743.42144270357,50000,52210.69026624772,51339.96426650328,50,51072.18795459867,nan,nan,nan,0.033408984541893005
18.092821817001095,nav_to_wp,0,0.019998662173748016,-0.2118583619594574,1.7919756174087524,-0.0074198292568326,-0.358844131231308,0.0008277014712803066,0.021664608472381497,-0.2515329366374216,1.799360824526725,0.38466302977744743,51729,0.3394203107505902,0.010649578548214633,0.0036576606290075198,0.5797920166514814,-0.00371690344272973,-0.29997695345368575,0.0001096605793801229,0.0,-1.0,0.1,0.0,0.0,0.0,3.568328619003296,51729,nan,1.0017225742340088,51640.046186995256,50000,52203.08167852436,51343.965358776506,50,51072.18795459867,nan,nan,nan,0.033408984541893005
18.11332916401443,nav_to_wp,0,0.01972060464322567,-0.2177928388118744,1.7920399904251099,-0.008193138986825943,-0.3651876449584961,0.002633768832311034,0.021589316556882555,-0.25760945699342985,1.7993630458798495,0.3836796036840272,51597,0.3134723927183938,0.007518154618242382,0.004281533022560735,0.768683006754145,-0.00371690344272973,-0.29997695345368575,0.0001096605793801229,0.0,-1.0,0.1,0.0,0.0,0.0,3.568328619003296,51597,nan,1.0085186958312988,51161.17352437356,50000,52193.08167852436,51341.5281343178,50,51072.18795459867,nan,nan,nan,0.033408984541893005
18.133569419005653,nav_to_wp,0,0.019464822486042976,-0.22385117411613464,1.7921191453933716,-0.008650340139865875,-0.37015411257743835,0.0021219730842858553,0.021515023120563574,-0.2636053939425494,1.799365237774634,0.38384097326925176,51619,0.31773016541561283,0.004862128496584366,0.004707090673166325,0.95329899340868,-0.00371690344272973,-0.29997695345368575,0.0001096605793801229,0.0,-1.0,0.1,0.0,0.0,0.0,3.568328619003296,51619,nan,0.9979390501976013,51725.60387308118,50000,52186.84864111845,51346.649144167975,50,51072.18795459867,nan,nan,nan,0.033408984541893005
18.153580104000866,nav_to_wp,0,0.019111867994070053,-0.23281937837600708,1.792137861251831,-0.008882039226591587,-0.37524282932281494,0.0007710438221693039,0.021440666928135853,-0.26960639569536937,1.7993674315209252,0.3844993932268253,51707,0.3351027236629349,-0.0008800344355657827,0.005109384599071953,0.9508479852229357,-0.00371690344272973,-0.29997695345368575,0.0001096605793801229,0.0,-1.0,0.1,0.0,0.0,0.0,3.568328619003296,51707,nan,0.9964648485183716,51890.4405678558,50000,52182.89653347495,51353.899696483815,50,51072.18795459867,nan,nan,nan,0.033408984541893005
18.173145039007068,nav_to_wp,0,0.01887407712638378,-0.23882701992988586,1.7922108173370361,-0.008897374384105206,-0.3795507252216339,6.273094186326489e-05,0.02136676786649641,-0.2755705041838605,1.7993696117803912,0.3847743684947278,51744,0.34235800777645764,-0.0031638793490143475,0.00528408364061983,0.7131180027499795,-0.00371690344272973,-0.29997695345368575,0.0001096605793801229,0.0,-1.0,0.1,0.0,0.0,0.0,3.568328619003296,51744,nan,0.9950116872787476,52003.40926800006,50000,52180.503369935286,51362.559824104035,50,51072.18795459867,nan,nan,nan,0.033408984541893005
18.19395350801642,nav_to_wp,0,0.018595248460769653,-0.24491888284683228,1.7922440767288208,-0.008905211463570595,-0.3826994001865387,-7.674108019273262e-06,0.021290686320868366,-0.28171075254468075,1.7993718564301384,0.38478079123584064,51745,0.3425274732411765,-0.004750174686528167,0.005498838453676713,0.9726670105010271,-0.00371690344272973,-0.29997695345368575,0.0001096605793801229,0.0,-1.0,0.1,0.0,0.0,0.0,3.568328619003296,51745,nan,0.9965705275535583,51923.06873355643,50000,52177.070908116904,51370.03327623007,50,51072.18795459867,nan,nan,nan,0.033408984541893005
18.213744167995173,nav_to_wp,0,0.018256625160574913,-0.25396791100502014,1.7923067808151245,-0.008847707882523537,-0.3871936500072479,-0.0006687629502266645,0.021216967581044986,-0.28766030795428305,1.7993740313695321,0.38505935597883323,51783,0.3498774664599775,-0.010301050901184498,0.005740179948804824,0.966491992585361,-0.00371690344272973,-0.29997695345368575,0.0001096605793801229,0.0,-1.0,0.1,0.0,0.0,0.0,3.568328619003296,51783,nan,0.9956008791923523,52011.80621898126,50000,52174.86737892843,51378.59024880009,50,51072.18795459867,nan,nan,nan,0.033408984541893005
18.233427286992082,nav_to_wp,0,0.018009310588240623,-0.2600834369659424,1.7923284769058228,-0.00859086774289608,-0.3899170756340027,-0.0009964030468836427,0.021143530775795102,-0.29358710951091804,1.7993761979909513,0.38521279147396503,51803,0.3539258964106864,-0.011907030743769857,0.005785097002622308,0.8996999822556973,-0.00371690344272973,-0.29997695345368575,0.0001096605793801229,0.0,-1.0,0.1,0.0,0.0,0.0,3.568328619003296,51803,nan,0.9968982934951782,51964.177627765755,50000,52172.05818224626,51386.398080519626,50,51072.18795459867,nan,nan,nan,0.033408984541893005
18.253355266002472,nav_to_wp,0,0.017662689089775085,-0.26914480328559875,1.7923654317855835,-0.008308056741952896,-0.3921002447605133,-0.0009554227581247687,0.021068992380692986,-0.2996028161394546,1.7993783971128061,0.3851794421781611,51799,0.35304596776150454,-0.01620500743167189,0.005921305901662732,0.8078330138232559,-0.00371690344272973,-0.29997695345368575,0.0001096605793801229,0.0,-1.0,0.1,0.0,0.0,0.0,3.568328619003296,51799,nan,1.0043100118637085,51576.70379475363,50000,52164.12012374636,51388.93549004274,50,51072.18795459867,nan,nan,nan,0.033408984541893005
18.273581385001307,nav_to_wp,0,0.017462659627199173,-0.27523958683013916,1.7923729419708252,-0.008108271285891533,-0.3922272324562073,-8.714964496903121e-05,0.020995060517347248,-0.30556957192725676,1.7993805783400276,0.3847470293636737,51741,0.3416366586721278,-0.016422369295133618,0.005955205090044879,0.9866429900284857,-0.00371690344272973,-0.29997695345368575,0.0001096605793801229,0.0,-1.0,0.1,0.0,0.0,0.0,3.568328619003296,51741,nan,1.0005898475646973,51710.49868827944,50000,52158.07183794014,51393.22299935256,50,51072.18795459867,nan,nan,nan,0.033408984541893005
18.293095916014863,nav_to_wp,0,0.017076747491955757,-0.28432798385620117,1.7923632860183716,-0.007619340438395739,-0.3928866982460022,0.00022033200366422534,0.0209210594712572,-0.31154191118775026,1.7993827616083622,0.38464039925307264,51726,0.3388231992895143,-0.020010980427174377,0.006026996202519452,0.7698669796809554,-0.00371690344272973,-0.29997695345368575,0.0001096605793801229,0.0,-1.0,0.1,0.0,0.0,0.0,3.568328619003296,51726,nan,1.013790249824524,51022.38851572424,50000,52148.07183794014,51388.278539570856,50,51072.18795459867,nan,nan,nan,0.033408984541893005
18.31353993099765,nav_to_wp,0,0.01684183068573475,-0.29036960005760193,1.7924623489379883,-0.007353993132710457,-0.3914715349674225,0.0012184837833046913,0.020846487144549133,-0.31756035630544477,1.799384961731308,0.3840219795533538,51643,0.3225060568167226,-0.019330176451139124,0.006065524704844005,1.0398489830549806,-0.00371690344272973,-0.29997695345368575,0.0001096605793801229,0.0,-1.0,0.1,0.0,0.0,0.0,3.568328619003296,51643,nan,1.014428734779358,50908.45539902076,50000,52138.07183794014,51381.88089769685,50,51072.18795459867,nan,nan,nan,0.033408984541893005
18.33354258199688,nav_to_wp,0,0.016505276784300804,-0.29928839206695557,1.7924996614456177,-0.006845214869827032,-0.3909444510936737,0.0033144140616059303,0.020772113400869235,-0.32356277455219273,1.7993871559954175,0.38295928426688314,51500,0.29446660334783914,-0.022155352646877145,0.006090494336171481,1.0832280095200986,-0.00371690344272973,-0.29997695345368575,0.0001096605793801229,0.0,-1.0,0.1,0.0,0.0,0.0,3.568328619003296,51500,nan,1.0111109018325806,50934.076476338254,50000,52128.07183794014,51375.91017207874,50,51072.18795459867,nan,nan,nan,0.033408984541893005
18.35310504800873,nav_to_wp,0,0.016337960958480835,-0.3052116930484772,1.79252290725708,-0.006260150112211704,-0.38925901055336,0.004359583370387554,0.020697644552848622,-0.3295728683037868,1.7993893530654101,0.3824088519194259,51426,0.2799433224122918,-0.02121470392720571,0.005890386130504188,0.6561730115208775,-0.00371690344272973,-0.29997695345368575,0.0001096605793801229,0.0,-1.0,0.1,0.0,0.0,0.0,3.568328619003296,51426,nan,0.996078610420227,51628.45528658057,50000,52121.410283922014,51379.2774402721,50,51072.18795459867,nan,nan,nan,0.033408984541893005
18.373368155007483,nav_to_wp,0,0.01614902727305889,-0.31115031242370605,1.7925379276275635,-0.005677931010723114,-0.386400043964386,0.004063105210661888,0.020623209959664233,-0.3355801974795534,1.7993915491247754,0.38253523258721184,51443,0.2832779046757725,-0.019640725055534377,0.005703763295233033,0.8547339821234345,-0.00371690344272973,-0.29997695345368575,0.0001096605793801229,0.0,-1.0,0.1,0.0,0.0,0.0,3.568328619003296,51443,nan,1.0084564685821533,51011.62182273139,50000,52111.410283922014,51374.375365371554,50,51072.18795459867,nan,nan,nan,0.033408984541893005
18.392959307006095,nav_to_wp,0,0.01587698981165886,-0.31988075375556946,1.792648434638977,-0.004669063724577427,-0.3832165598869324,0.004990143235772848,0.020549186099228872,-0.34155437799794025,1.7993937330662062,0.38195194474412125,51365,0.2678877241192925,-0.02089050211762004,0.0053915697427218134,0.5989600031170994,-0.00371690344272973,-0.29997695345368575,0.0001096605793801229,0.0,-1.0,0.1,0.0,0.0,0.0,3.568328619003296,51365,nan,1.0049865245819092,51110.13804027739,50000,52101.410283922014,51370.85220103696,50,51072.18795459867,nan,nan,nan,0.033408984541893005
18.41380710399244,nav_to_wp,0,0.015701094642281532,-0.3257227838039398,1.79266357421875,-0.0037485132925212383,-0.37995290756225586,0.005860231816768646,0.020474271315675606,-0.3476004614879236,1.7993959432927282,0.3814921749472703,51303,0.2557565949147822,-0.018990288618546135,0.005021336779730046,1.1652719986159354,-0.00371690344272973,-0.29997695345368575,0.0001096605793801229,0.0,-1.0,0.1,0.0,0.0,0.0,3.568328619003296,51303,nan,0.9957237243652344,51523.327951942934,50000,52093.70251949563,51372.88521104905,50,51072.18795459867,nan,nan,nan,0.033408984541893005
18.433322194003267,nav_to_wp,0,0.01544507872313261,-0.33429235219955444,1.792664885520935,-0.0026662542950361967,-0.3772125244140625,0.005204576998949051,0.02040061059298117,-0.3535453345586231,1.7993981165204305,0.3818369052105096,51349,0.26485238022452684,-0.020287551944311803,0.00464095862806535,0.9261349914595485,-0.00371690344272973,-0.29997695345368575,0.0001096605793801229,0.0,-1.0,0.1,0.0,0.0,0.0,3.568328619003296,51349,nan,0.9996160864830017,51368.72114639902,50000,52084.036101187674,51372.82969018705,50,51072.18795459867,nan,nan,nan,0.033408984541893005
18.453014942002483,nav_to_wp,0,0.015360619872808456,-0.3399607837200165,1.7926359176635742,-0.0018526866333559155,-0.37227925658226013,0.0044494871981441975,0.020326036314883937,-0.3595639371654173,1.7994003167009487,0.382238208570099,51403,0.2754408593693647,-0.017317968053270176,0.004220739761026104,0.6081390019971877,-0.00371690344272973,-0.29997695345368575,0.0001096605793801229,0.0,-1.0,0.1,0.0,0.0,0.0,3.568328619003296,51403,nan,1.0096070766448975,50913.86658146379,50000,52074.036101187674,51366.71018207074,50,51072.18795459867,nan,nan,nan,0.033408984541893005
18.474171670008218,nav_to_wp,0,0.015176805667579174,-0.3483479619026184,1.7926398515701294,-0.0009021821897476912,-0.3678494989871979,0.005435239057987928,0.02024989112848278,-0.36570932172779036,1.799402563228303,0.381749657542637,51338,0.26255033094028946,-0.01736831270752182,0.0038409819372393628,0.8207740029320121,-0.00371690344272973,-0.29997695345368575,0.0001096605793801229,0.0,-1.0,0.1,0.0,0.0,0.0,3.568328619003296,51338,nan,1.0054781436920166,51058.29532155908,50000,52064.036101187674,51362.59798393059,50,51072.18795459867,nan,nan,nan,0.033408984541893005
18.49543354101479,nav_to_wp,0,0.0150764686986804,-0.3539026379585266,1.7925593852996826,-0.0009021821897476912,-0.3678494989871979,0.005435239057987928,0.02017732269963322,-0.3715660399715185,1.7994047042298316,0.3818577087983394,51352,0.2654012875551288,-0.017046957914197126,0.0038689831359122184,0.838183012092486,-0.00371690344272973,-0.29997695345368575,0.0001096605793801229,0.0,-1.0,0.1,0.0,0.0,0.0,3.568328619003296,51352,nan,1.0054781436920166,51072.21904539916,50000,52054.036101187674,51358.72626475017,50,51072.18795459867,nan,nan,nan,0.033408984541893005
18.51354468500358,nav_to_wp,0,0.01494066882878542,-0.35939913988113403,1.792583703994751,0.0006956439465284348,-0.35820475220680237,0.003855108516290784,0.020102611632173556,-0.3775956823206251,1.799406908446075,0.38259536397777805,51451,0.28486448490179406,-0.011414300493866412,0.0030901302952919263,0.9230930008925498,-0.00371690344272973,-0.29997695345368575,0.0001096605793801229,0.0,-1.0,0.1,0.0,0.0,0.0,3.568328619003296,51451,nan,0.9918736219406128,51872.53583711148,50000,52051.616097666665,51365.57705904832,50,51072.18795459867,nan,nan,nan,0.033408984541893005
18.53334888300742,nav_to_wp,0,0.014827259816229343,-0.36750489473342896,1.7924727201461792,0.0009538488811813295,-0.3525336980819702,0.003973004408180714,0.020028485620047293,-0.38357810710833395,1.7994090954013087,0.382681555525267,51463,0.28713866821284917,-0.010667249700219417,0.0029955495753777317,0.839446991449222,-0.00371690344272973,-0.29997695345368575,0.0001096605793801229,0.0,-1.0,0.1,0.0,0.0,0.0,3.568328619003296,51463,nan,1.0090049505233765,51003.714078217214,50000,52041.616097666665,51360.752219303904,50,51072.18795459867,nan,nan,nan,0.033408984541893005
18.55330180801684,nav_to_wp,0,0.01469400804489851,-0.3728642463684082,1.792414903640747,0.0010226595913991332,-0.34632691740989685,0.00495971878990531,0.01995385792630906,-0.38960102068567165,1.7994112971577598,0.38225715126680065,51406,0.27594066667020023,-0.006737125294325958,0.00302421839345679,0.7348080107476562,-0.00371690344272973,-0.29997695345368575,0.0001096605793801229,0.0,-1.0,0.1,0.0,0.0,0.0,3.568328619003296,51406,nan,0.9961385130882263,51605.27308660242,50000,52035.798190852474,51364.012497534546,50,51072.18795459867,nan,nan,nan,0.033408984541893005
18.57357686199248,nav_to_wp,0,0.014660550281405449,-0.37807390093803406,1.7923195362091064,0.0012654789024963975,-0.3413483202457428,0.003148753894492984,0.019879587557143006,-0.39559509597376985,1.7994134883719892,0.3832848961855522,51544,0.30305794684834275,-0.003302511491782115,0.0028468116691677814,0.9509210067335516,-0.00371690344272973,-0.29997695345368575,0.0001096605793801229,0.0,-1.0,0.1,0.0,0.0,0.0,3.568328619003296,51544,nan,0.9874290823936462,52200.2044694199,50000,52037.99027456671,51374.012497534546,50,51072.18795459867,nan,nan,nan,0.033408984541893005
18.593229224003153,nav_to_wp,0,0.014532344415783882,-0.38597047328948975,1.7921490669250488,0.001348751364275813,-0.3350740373134613,0.0013294656528159976,0.019805631351788675,-0.4015638163112813,1.7994156703173783,0.38441633613440124,51696,0.33291124365174696,-0.0020344694253175972,0.00285155753162436,0.714904977940023,-0.00371690344272973,-0.29997695345368575,0.0001096605793801229,0.0,-1.0,0.1,0.0,0.0,0.0,3.568328619003296,51696,nan,0.9865909814834595,52398.61398516818,50000,52042.79859070807,51384.012497534546,50,51072.18795459867,nan,nan,nan,0.033408984541893005
18.61308949199156,nav_to_wp,0,0.014428090304136276,-0.39113932847976685,1.792029857635498,0.001756753888912499,-0.3303459584712982,-0.000888266135007143,0.019731316788671974,-0.40756145832283125,1.7994178628354711,0.38568366771304596,51867,0.36635007158432487,0.0012835721724101408,0.0026616640151655435,0.6724910053890198,-0.00371690344272973,-0.29997695345368575,0.0001096605793801229,0.0,-1.0,0.1,0.0,0.0,0.0,3.568328619003296,51867,nan,0.9866263270378113,52570.05471942192,50000,52049.82867242426,51394.012497534546,50,51072.18795459867,nan,nan,nan,0.033408984541893005
18.633444864011835,nav_to_wp,0,0.014365230686962605,-0.3989158272743225,1.7918150424957275,0.002309380332008004,-0.32695499062538147,-0.0033923382870852947,0.019656369288871548,-0.4136101822150478,1.7994200740272273,0.3872142801271443,52073,0.406735623407501,0.0012451400328517149,0.002353217775176386,0.8444429840892553,-0.00371690344272973,-0.29997695345368575,0.0001096605793801229,0.0,-1.0,0.1,0.0,0.0,0.0,3.568328619003296,52073,nan,0.9963209629058838,52265.28592565507,50000,52052.70143580067,51404.012497534546,50,51072.18795459867,nan,nan,nan,0.033408984541893005
18.65343642301741,nav_to_wp,0,0.014299635775387287,-0.4039978086948395,1.7916373014450073,0.0027135165873914957,-0.32251954078674316,-0.005212495569139719,0.01958246670728909,-0.4195745747845753,1.799422254390543,0.38836037240089594,52227,0.4369755250896006,0.004434537201567732,0.0021295916129566717,0.8963750151451677,-0.00371690344272973,-0.29997695345368575,0.0001096605793801229,0.0,-1.0,0.1,0.0,0.0,0.0,3.568328619003296,52227,nan,0.9964126348495483,52415.031858649534,50000,52057.53250810532,51414.012497534546,50,51072.18795459867,nan,nan,nan,0.033408984541893005
18.673357199993916,nav_to_wp,0,0.014236224815249443,-0.4089880585670471,1.7914212942123413,0.0033747360575944185,-0.31954044103622437,-0.006508622784167528,0.019508143249606646,-0.4255729346422503,1.799424447171054,0.3892946134505185,52352,0.4616256847102491,0.006990282581689784,0.0017735663731015539,0.856633996590972,-0.00371690344272973,-0.29997695345368575,0.0001096605793801229,0.0,-1.0,0.1,0.0,0.0,0.0,3.568328619003296,52352,nan,1.0025440454483032,52219.152103776134,50000,52059.6874360476,51424.012497534546,50,51072.18795459867,nan,nan,nan,0.033408984541893005
18.69333045100211,nav_to_wp,0,0.014138508588075638,-0.4165565073490143,1.7911776304244995,0.003817130345851183,-0.316420316696167,-0.008039039559662342,0.01943391728252211,-0.4315634264094564,1.7994266370752796,0.390375178241431,52498,0.49013662906150124,0.006952594123054274,0.001566075416777224,0.8235570276156068,-0.00371690344272973,-0.29997695345368575,0.0001096605793801229,0.0,-1.0,0.1,0.0,0.0,0.0,3.568328619003296,52498,nan,0.9942323565483093,52802.546260170064,50000,52069.59222036923,51434.012497534546,50,51072.18795459867,nan,nan,nan,0.033408984541893005
18.71358619700186,nav_to_wp,0,0.014164000749588013,-0.4216141998767853,1.7910126447677612,0.004391528200358152,-0.3136107623577118,-0.008977022022008896,0.019359638951809414,-0.43755814424330347,1.7994288285244004,0.39106895124541374,52591,0.5084419853671154,0.009335620926355783,0.0011674899133176098,1.122493005823344,-0.00371690344272973,-0.29997695345368575,0.0001096605793801229,0.0,-1.0,0.1,0.0,0.0,0.0,3.568328619003296,52591,nan,1.0190742015838623,51606.64446049383,50000,52063.419583570896,51436.31425704067,50,51072.18795459867,nan,nan,nan,0.033408984541893005
18.73334688099567,nav_to_wp,0,0.014103713445365429,-0.4291090965270996,1.790729284286499,0.0048942225985229015,-0.3121681213378906,-0.007110239006578922,0.0192852726270647,-0.44355996373638223,1.7994310225696275,0.39049835602953,52514,0.49338670262612006,0.008558692766375806,0.0008973111052592575,0.9117129957303405,-0.00371690344272973,-0.29997695345368575,0.0001096605793801229,0.0,-1.0,0.1,0.0,0.0,0.0,3.568328619003296,52514,nan,1.0116220712661743,51910.69025834126,50000,52061.38319256784,51442.63927039135,50,51072.18795459867,nan,nan,nan,0.033408984541893005
18.753474394994555,nav_to_wp,0,0.01409986149519682,-0.43419942259788513,1.7906137704849243,0.0049028475768864155,-0.3097783029079437,-0.005777042359113693,0.019210870961936327,-0.44956463541563907,1.7994332176575092,0.38999584934186465,52447,0.48012795097268146,0.010733183509492424,0.0008216846906787811,0.8984659798443317,-0.00371690344272973,-0.29997695345368575,0.0001096605793801229,0.0,-1.0,0.1,0.0,0.0,0.0,3.552492618560791,52447,nan,0.9980889558792114,52547.42043889235,50000,52067.863689185506,51452.63927039135,50,50894.49219363332,nan,nan,nan,0.033408984541893005
18.77413136800169,nav_to_wp,0,0.01409870758652687,-0.4416831433773041,1.7903952598571777,0.005010188091546297,-0.3085421025753021,-0.005305086262524128,0.01913546602282931,-0.4556502774715088,1.7994354423451928,0.39004156568991666,52453,0.48133418706903974,0.009931988707395154,0.000690401005293273,0.9940780000761151,-0.00371690344272973,-0.29997695345368575,0.0001096605793801229,0.0,-1.0,0.1,0.0,0.0,0.0,3.552492618560791,52453,nan,1.010516881942749,51907.09916607977,50000,52065.72016221076,51458.698735667196,50,50894.49219363332,nan,nan,nan,0.033408984541893005
18.795535331009887,nav_to_wp,0,0.014073540456593037,-0.4466552138328552,1.790274977684021,0.005010188091546297,-0.3085421025753021,-0.005305086262524128,0.01906226711797841,-0.46155787900371154,1.7994376019477867,0.3902076541974345,52475,0.48571646958929904,0.010886821380308182,0.0006408699883944102,0.7875430164858699,-0.00371690344272973,-0.29997695345368575,0.0001096605793801229,0.0,-1.0,0.1,0.0,0.0,0.0,3.552492618560791,52475,nan,1.010516881942749,51928.870202658305,50000,52063.895496083394,51464.96768856041,50,50894.49219363332,nan,nan,nan,0.033408984541893005
18.813472715992248,nav_to_wp,0,0.014031845144927502,-0.4516810476779938,1.7903048992156982,0.004906623158603907,-0.30598047375679016,-0.0019497621105983853,0.018987807220234246,-0.46756725041298414,1.7994397987537176,0.38851553712257886,52248,0.4410695810706802,0.013265696830047923,0.0006632412455267467,0.9477990097366273,-0.00371690344272973,-0.29997695345368575,0.0001096605793801229,0.0,-1.0,0.1,0.0,0.0,0.0,3.552492618560791,52248,nan,1.0211982727050781,51163.42378997464,50000,52053.895496083394,51460.94710324594,50,50894.49219363332,nan,nan,nan,0.033408984541893005
18.83305876000668,nav_to_wp,0,0.014023185707628727,-0.4591972827911377,1.7902320623397827,0.004836051259189844,-0.30617761611938477,0.0014340899651870131,0.018913685761349372,-0.47354930772612686,1.799441985574616,0.38691858547417585,52033,0.39893365367218436,0.011632369230912154,0.0006347823723640289,0.6667349953204393,-0.00371690344272973,-0.29997695345368575,0.0001096605793801229,0.0,-1.0,0.1,0.0,0.0,0.0,3.552492618560791,52033,nan,1.0091561079025269,51560.902810317035,50000,52047.32226027318,51462.27984600689,50,50894.49219363332,nan,nan,nan,0.033408984541893005
18.853668499010382,nav_to_wp,0,0.013954932801425457,-0.46424466371536255,1.7901722192764282,0.0043734656646847725,-0.30578866600990295,0.0038325805217027664,0.01883827571892536,-0.4796353616510455,1.7994442104128638,0.385812409712607,51884,0.3697469581162789,0.012944316682758385,0.0008689803108230532,0.8778529881965369,-0.00371690344272973,-0.29997695345368575,0.0001096605793801229,0.0,-1.0,0.1,0.0,0.0,0.0,3.552492618560791,51884,nan,1.0217145681381226,50781.30587346774,50000,52037.32226027318,51453.2001930397,50,50894.49219363332,nan,nan,nan,0.033408984541893005
18.874248266016366,nav_to_wp,0,0.013924112543463707,-0.47186991572380066,1.7903270721435547,0.00418210169300437,-0.30730950832366943,0.007085946388542652,0.01876438180895764,-0.48559905436796397,1.799446390520339,0.38399279985010737,51639,0.32173614380230475,0.01048254012912881,0.0009278995083235042,1.256446004845202,-0.00371690344272973,-0.29997695345368575,0.0001096605793801229,0.0,-1.0,0.1,0.0,0.0,0.0,3.552492618560791,51639,nan,1.0171740055084229,50767.12511365136,50000,52027.32226027318,51444.052525314524,50,50894.49219363332,nan,nan,nan,0.033408984541893005
18.893424009002047,nav_to_wp,0,0.013893441297113895,-0.47690626978874207,1.7904185056686401,0.004061141051352024,-0.30876514315605164,0.009895124472677708,0.018689864912454602,-0.4916130259274159,1.7994485890079162,0.38248685170351165,51437,0.28200136420874955,0.010785067054502481,0.0009489492257785948,0.773578998632729,-0.00371690344272973,-0.29997695345368575,0.0001096605793801229,0.0,-1.0,0.1,0.0,0.0,0.0,3.552492618560791,51437,nan,1.0175118446350098,50551.745683560956,50000,52017.32226027318,51434.052525314524,50,50894.49219363332,nan,nan,nan,0.033408984541893005
18.913609614013694,nav_to_wp,0,0.013922624289989471,-0.48210880160331726,1.7905524969100952,0.0039246282540261745,-0.31011664867401123,0.012501958757638931,0.01861581098219287,-0.4975896332656124,1.7994507738365033,0.38102807541612593,51241,0.2435112246998905,0.010929583795642552,0.0009158600345520185,0.9605349914636463,-0.00371690344272973,-0.29997695345368575,0.0001096605793801229,0.0,-1.0,0.1,0.0,0.0,0.0,3.552492618560791,51241,nan,1.0106029510498047,50703.39439121105,50000,52007.32226027318,51424.31041685981,50,50894.49219363332,nan,nan,nan,0.033408984541893005
18.93370089700329,nav_to_wp,0,0.013852572999894619,-0.4898145794868469,1.7907902002334595,0.004194785840809345,-0.312209814786911,0.01472555287182331,0.018540834293660637,-0.5036407128678921,1.7994529858894208,0.3796202988379059,51051,0.20636672395529843,0.00812368551832903,0.0007717361025638692,0.9589219989720732,-0.00371690344272973,-0.29997695345368575,0.0001096605793801229,0.0,-1.0,0.1,0.0,0.0,0.0,3.552492618560791,51051,nan,1.0038589239120483,50854.75536846725,50000,51997.32226027318,51416.71634954791,50,50894.49219363332,nan,nan,nan,0.033408984541893005
18.953402901010122,nav_to_wp,0,0.013825243338942528,-0.4949706792831421,1.790975570678711,0.004291047342121601,-0.31344160437583923,0.015233652666211128,0.018467468693075056,-0.5095617677704642,1.7994551504100738,0.3791461993576756,50988,0.19385750284104297,0.008291107610065893,0.0006733550393167587,0.8949569892138243,-0.00371690344272973,-0.29997695345368575,0.0001096605793801229,0.0,-1.0,0.1,0.0,0.0,0.0,3.5630500316619873,50988,nan,0.9993524551391602,51021.038411217894,50000,51987.32226027318,51411.44064370351,50,51012.95692604184,nan,nan,nan,0.033408984541893005
18.974025400995743,nav_to_wp,0,0.013781209476292133,-0.5028123259544373,1.791284441947937,0.004567894618958235,-0.3158056139945984,0.01527174562215805,0.018392653994507773,-0.5155997737869153,1.7994573576837674,0.3787439407128856,50933,0.18324381828194092,0.005146632486187209,0.000495369516060773,1.3886659871786833,-0.00371690344272973,-0.29997695345368575,0.0001096605793801229,0.0,-1.0,0.1,0.0,0.0,0.0,3.5630500316619873,50933,nan,0.9974462389945984,51063.40372924683,50000,51977.32226027318,51406.800151510746,50,51012.95692604184,nan,nan,nan,0.033408984541893005
18.99313025601441,nav_to_wp,0,0.013797004707157612,-0.5080411434173584,1.7914483547210693,0.004614430014044046,-0.3175831735134125,0.015924938023090363,0.018318560654060106,-0.521579561769348,1.7994595436750818,0.3782229043761569,50863,0.16949615768223936,0.005007976403603585,0.0003763804072156596,0.6446829938795418,-0.00371690344272973,-0.29997695345368575,0.0001096605793801229,0.0,-1.0,0.1,0.0,0.0,0.0,3.5630500316619873,50863,nan,0.9976043701171875,50985.1415286254,50000,51967.32226027318,51401.17803653894,50,51012.95692604184,nan,nan,nan,0.033408984541893005
19.01813357701758,nav_to_wp,0,0.013757054693996906,-0.513275146484375,1.7916218042373657,0.004614430014044046,-0.3175831735134125,0.015924938023090363,0.01823657661000328,-0.5281961780325667,1.7994619624674741,0.378020128449139,50836,0.16414586937042053,0.006473691878116906,0.00033210421326135275,1.4620889851357788,-0.00371690344272973,-0.29997695345368575,0.0001096605793801229,0.0,-1.0,0.1,0.0,0.0,0.0,3.5630500316619873,50836,nan,0.9976043701171875,50958.07669129231,50000,51957.32226027318,51395.27001860232,50,51012.95692604184,nan,nan,nan,0.033408984541893005
19.03331171500031,nav_to_wp,0,0.013746645301580429,-0.5212455987930298,1.791869044303894,0.004369156435132027,-0.3174421489238739,0.01480607409030199,0.018170423582520544,-0.533535133954283,1.799463914194075,0.3782753092289023,50870,0.1708788714749936,0.0037612247104004005,0.0004026150721512245,0.8430849993601441,-0.00371690344272973,-0.29997695345368575,0.0001096605793801229,0.0,-1.0,0.1,0.0,0.0,0.0,3.5630500316619873,50870,nan,0.9935704469680786,51199.1878937542,50000,51947.32226027318,51392.65559027102,50,51012.95692604184,nan,nan,nan,0.033408984541893005
19.05321460601408,nav_to_wp,0,0.013759654015302658,-0.5266186594963074,1.7919905185699463,0.003776805941015482,-0.3177450895309448,0.012295338325202465,0.018096124411135985,-0.539531533758445,1.7994661062580624,0.37938983952592276,51020,0.20028600332249802,0.004247682670877593,0.0006216463178594367,0.8063910063356161,-0.00371690344272973,-0.29997695345368575,0.0001096605793801229,0.0,-1.0,0.1,0.0,0.0,0.0,3.5630500316619873,51020,nan,1.0004521608352661,50996.941180479815,50000,51937.32226027318,51387.37939814047,50,51012.95692604184,nan,nan,nan,0.033408984541893005
19.07402379999985,nav_to_wp,0,0.013728003017604351,-0.534574031829834,1.792190670967102,0.0034425186458975077,-0.3197210133075714,0.010630862787365913,0.018019914766150186,-0.5456821205247875,1.799468354687152,0.37997890754881697,51100,0.21582869521944303,0.0013011874497619509,0.0007497266367195721,0.911116017960012,-0.00371690344272973,-0.29997695345368575,0.0001096605793801229,0.0,-1.0,0.1,0.0,0.0,0.0,3.5630500316619873,51100,nan,0.9864234924316406,51803.30800317111,50000,51935.535403511814,51392.92511287421,50,51012.95692604184,nan,nan,nan,0.033408984541893005
19.09332890799851,nav_to_wp,0,0.013631759211421013,-0.5399030447006226,1.7922554016113281,0.002938492689281702,-0.3211534023284912,0.009381867945194244,0.017947059905304628,-0.5515619555911222,1.7994705041393435,0.3805324111773103,51174,0.230433012593938,0.0011254623518268197,0.001038127398624189,0.8392320014536381,-0.00371690344272973,-0.29997695345368575,0.0001096605793801229,0.0,-1.0,0.1,0.0,0.0,0.0,3.5630500316619873,51174,nan,0.9967653751373291,51340.065853460765,50000,51927.595809511135,51392.2203227487,50,51012.95692604184,nan,nan,nan,0.033408984541893005
19.113611631997628,nav_to_wp,0,0.01359516754746437,-0.5452436208724976,1.7923024892807007,0.002064888598397374,-0.3232211172580719,0.007360626477748156,0.017872468172664677,-0.5575819668867967,1.7994727048348267,0.3814941580102803,51303,0.2558089184770509,0.0007510101228809724,0.0014536580063415627,0.9914359834510833,-0.00371690344272973,-0.29997695345368575,0.0001096605793801229,0.0,-1.0,0.1,0.0,0.0,0.0,3.5630500316619873,51303,nan,0.9808361530303955,52305.37214752335,50000,51932.6328273513,51402.2203227487,50,51012.95692604184,nan,nan,nan,0.033408984541893005
19.133875397004886,nav_to_wp,0,0.013515363447368145,-0.553398072719574,1.792341709136963,0.0012353447964414954,-0.3249218761920929,0.0037713709753006697,0.017798216179810124,-0.5635745590936083,1.7994748955068962,0.3832509035768619,51540,0.30216104424437695,-0.002396321838436753,0.001885688635542726,1.1821929947473109,-0.00371690344272973,-0.29997695345368575,0.0001096605793801229,0.0,-1.0,0.1,0.0,0.0,0.0,3.5630500316619873,51540,nan,0.9899346828460693,52064.0410858443,50000,51934.38493746454,51411.04459958997,50,51012.95692604184,nan,nan,nan,0.033408984541893005
19.153483945992775,nav_to_wp,0,0.013507714495062828,-0.5587960481643677,1.792296051979065,0.00019996259652543813,-0.3255816698074341,0.0023539296817034483,0.017724202778816367,-0.5695478954707697,1.79947707913974,0.3840267625538957,51644,0.32263225735872325,-0.0021358075018815302,0.0023519791495409947,0.9787119925022125,-0.00371690344272973,-0.29997695345368575,0.0001096605793801229,0.0,-1.0,0.1,0.0,0.0,0.0,3.5630500316619873,51644,nan,0.997937798500061,51750.72041325914,50000,51931.93607714181,51415.5736104389,50,51012.95692604184,nan,nan,nan,0.033408984541893005
19.174558266997337,nav_to_wp,0,0.013404462486505508,-0.5668458342552185,1.7922078371047974,-0.0005731720593757927,-0.3271036148071289,0.0006226510740816593,0.01764778382016325,-0.5757153751365933,1.7994793337442543,0.38501688285818025,51777,0.3487568036459159,-0.004876488991216391,0.002775420186083455,1.1033540067728609,-0.00371690344272973,-0.29997695345368575,0.0001096605793801229,0.0,-1.0,0.1,0.0,0.0,0.0,3.5630500316619873,51777,nan,0.9930151104927063,52141.200524440865,50000,51934.726269772465,51425.248635958924,50,51012.95692604184,nan,nan,nan,0.033408984541893005
19.193987209000625,nav_to_wp,0,0.013343175873160362,-0.5723091959953308,1.79218590259552,-0.0011538208927959204,-0.3278924524784088,-0.0017158628907054663,0.01757508653742745,-0.5815824926809302,1.799481478547386,0.38622382227113666,51939,0.38060217074239056,-0.004851583773612337,0.0030556105660211053,1.3644550053868443,-0.00371690344272973,-0.29997695345368575,0.0001096605793801229,0.0,-1.0,0.1,0.0,0.0,0.0,3.5630500316619873,51939,nan,0.9880121946334839,52569.189208507145,50000,51943.18577562226,51435.248635958924,50,51012.95692604184,nan,nan,nan,0.033408984541893005
19.21318022700143,nav_to_wp,0,0.013233887031674385,-0.5776885151863098,1.7920807600021362,-0.0015382547862827778,-0.3277393579483032,-0.002903542248532176,0.017501276562507093,-0.5875394113236274,1.799483656178508,0.38695831298016864,52038,0.3999818728276665,-0.00416617437317342,0.0032851816978858306,0.738451024517417,-0.00371690344272973,-0.29997695345368575,0.0001096605793801229,0.0,-1.0,0.1,0.0,0.0,0.0,3.5630500316619873,52038,nan,0.9961599707603455,52238.59774277079,50000,51947.124601850905,51445.248635958924,50,51012.95692604184,nan,nan,nan,0.033408984541893005
19.2343304050155,nav_to_wp,0,0.013127380050718784,-0.5857967138290405,1.7919379472732544,-0.0019358400022611022,-0.3286631405353546,-0.002245036419481039,0.01742429232225129,-0.5937525126892422,1.7994859274606436,0.3868233540955358,52020,0.3964209523888069,-0.00660495875467626,0.0035224218593101764,0.9105839999392629,-0.00371690344272973,-0.29997695345368575,0.0001096605793801229,0.0,-1.0,0.1,0.0,0.0,0.0,3.5630500316619873,52020,nan,0.9917370676994324,52453.419050547986,50000,51953.8751945002,51455.248635958924,50,51012.95692604184,nan,nan,nan,0.033408984541893005
19.253307463019155,nav_to_wp,0,0.01300786156207323,-0.591243326663971,1.791858434677124,-0.0021217481698840857,-0.32866963744163513,-0.0032737276051193476,0.017352788035491156,-0.5995233481256964,1.7994880370665656,0.3874467166327098,52104,0.4128685127364058,-0.006262952413869441,0.0036622912152335374,0.9136659791693091,-0.00371690344272973,-0.29997695345368575,0.0001096605793801229,0.0,-1.0,0.1,0.0,0.0,0.0,3.5630500316619873,52104,nan,1.0023211240768433,51983.340217426594,50000,51954.268061472554,51462.289857045165,50,51012.95692604184,nan,nan,nan,0.033408984541893005
19.273445390019333,nav_to_wp,0,0.01295438501983881,-0.5994498133659363,1.7917101383209229,-0.0021589461248368025,-0.3295867443084717,-0.005044224206358194,0.01727851725741934,-0.605517456415003,1.799490228292859,0.3885359642005071,52250,0.4416085541030892,-0.008995232572613712,0.0036497640125967568,0.808922981377691,-0.00371690344272973,-0.29997695345368575,0.0001096605793801229,0.0,-1.0,0.1,0.0,0.0,0.0,3.5630500316619873,52250,nan,1.0002902746200562,52234.837552375786,50000,51958.00898801793,51472.289857045165,50,51012.95692604184,nan,nan,nan,0.033408984541893005
19.293320176017005,nav_to_wp,0,0.012844213284552097,-0.604860782623291,1.7915446758270264,-0.00216151331551373,-0.3298220932483673,-0.005939144175499678,0.0172039611698952,-0.6115345909307419,1.7994924279366973,0.3891992668362713,52340,0.45910994290953155,-0.008477833341019349,0.003681467277414141,0.8830160077195615,-0.00371690344272973,-0.29997695345368575,0.0001096605793801229,0.0,-1.0,0.1,0.0,0.0,0.0,3.5630500316619873,52340,nan,0.9990295767784119,52390.84128898537,50000,51963.78008536417,51482.289857045165,50,51012.95692604184,nan,nan,nan,0.033408984541893005
19.31317794599454,nav_to_wp,0,0.012738548219203949,-0.6102592349052429,1.7914705276489258,-0.0022998580243438482,-0.3296367824077606,-0.006202476564794779,0.017129390363386256,-0.6175529133590234,1.7994946280147925,0.3894322215639658,52371,0.46525650564553445,-0.007740874817470492,0.003782253250384837,0.7119959918782115,-0.00371690344272973,-0.29997695345368575,0.0001096605793801229,0.0,-1.0,0.1,0.0,0.0,0.0,3.5630500316619873,52371,nan,0.9941326975822449,52680.0900195392,50000,51973.3308844865,51492.289857045165,50,51012.95692604184,nan,nan,nan,0.033408984541893005
19.333593499992276,nav_to_wp,0,0.012554354965686798,-0.6183831095695496,1.7913297414779663,-0.0024142893962562084,-0.329706609249115,-0.006898830179125071,0.01705517572547939,-0.6235424907919578,1.799496817584771,0.38997519615922827,52444,0.47958301211683896,-0.009955179448899423,0.003948480597871118,1.0890139965340495,-0.00371690344272973,-0.29997695345368575,0.0001096605793801229,0.0,-1.0,0.1,0.0,0.0,0.0,3.5630500316619873,52444,nan,0.9972337484359741,52589.47571946026,50000,51981.54614895282,51502.289857045165,50,51012.95692604184,nan,nan,nan,0.033408984541893005
19.353391170996474,nav_to_wp,0,0.01249373983591795,-0.6237344741821289,1.791157841682434,-0.002668163273483515,-0.32906410098075867,-0.007072231266647577,0.016980940507064245,-0.6295337291984066,1.7994990077619406,0.39028437909343217,52485,0.4877408731776285,-0.008962191057252718,0.0040614912548646576,0.9254530014004558,-0.00371690344272973,-0.29997695345368575,0.0001096605793801229,0.0,-1.0,0.1,0.0,0.0,0.0,3.552492618560791,52485,nan,1.0024951696395874,52354.36697302908,50000,51986.51709327383,51512.289857045165,50,50894.49219363332,nan,nan,nan,0.033408984541893005
19.37295048800297,nav_to_wp,0,0.012451553717255592,-0.6290950179100037,1.7911970615386963,-0.0030605385545641184,-0.32851314544677734,-0.0056762960739433765,0.016906795505376014,-0.6355176865604842,1.7995011952774271,0.38954567124019385,52386,0.4682499007966694,-0.00805613640626711,0.004237830890581495,0.6450540095102042,-0.00371690344272973,-0.29997695345368575,0.0001096605793801229,0.0,-1.0,0.1,0.0,0.0,0.0,3.552492618560791,52386,nan,1.0156258344650269,51580.01915891981,50000,51981.09712081578,51513.192914403495,50,50894.49219363332,nan,nan,nan,0.033408984541893005
19.393013921013335,nav_to_wp,0,0.01236257515847683,-0.6371626257896423,1.7910964488983154,-0.0032751578837633133,-0.32747218012809753,-0.0029090838506817818,0.016832531298787597,-0.6415112644906892,1.7995033863098409,0.3883047584651458,52219,0.4355081389220512,-0.009682303732533377,0.004377074281065596,0.7039119955152273,-0.00371690344272973,-0.29997695345368575,0.0001096605793801229,0.0,-1.0,0.1,0.0,0.0,0.0,3.552492618560791,52219,nan,1.0194228887557983,51224.08038506285,50000,51971.09712081578,51509.33808067896,50,50894.49219363332,nan,nan,nan,0.033408984541893005
19.413202989991987,nav_to_wp,0,0.0122131472453475,-0.6425116062164307,1.7910785675048828,-0.0034087200183421373,-0.3259471654891968,0.001180954510346055,0.01675810120313389,-0.6475182306880862,1.7995055822365145,0.3862885186637453,51948,0.38230919957111453,-0.008261860653906931,0.00454673350311019,0.8448860025964677,-0.00371690344272973,-0.29997695345368575,0.0001096605793801229,0.0,-1.0,0.1,0.0,0.0,0.0,3.552492618560791,51948,nan,1.0153249502182007,51163.915541360424,50000,51961.09712081578,51504.73244682138,50,50894.49219363332,nan,nan,nan,0.033408984541893005
19.43321088401717,nav_to_wp,0,0.012018539942800999,-0.6503790020942688,1.7910741567611694,-0.003240408608689904,-0.32489144802093506,0.003437077160924673,0.016683729425663287,-0.6535204902496589,1.7995077764426144,0.3851820661931684,51799,0.3531152029859719,-0.009674389032671357,0.004597262487743281,0.8255940047092736,-0.00371690344272973,-0.29997695345368575,0.0001096605793801229,0.0,-1.0,0.1,0.0,0.0,0.0,3.552492618560791,51799,nan,1.0050636529922485,51538.02930370172,50000,51955.45621658759,51505.176404913116,50,50894.49219363332,nan,nan,nan,0.033408984541893005
19.453418546996545,nav_to_wp,0,0.012033682316541672,-0.6557356119155884,1.7911412715911865,-0.0031540682539343834,-0.3238334059715271,0.0038542249239981174,0.016609118826024914,-0.6595420242280703,1.7995099776947348,0.3848961669836951,51761,0.34557168822414397,-0.008440708903818171,0.004462536689607166,0.924980005947873,-0.00371690344272973,-0.29997695345368575,0.0001096605793801229,0.0,-1.0,0.1,0.0,0.0,0.0,3.552492618560791,51761,nan,1.0208946466445923,50701.6078202825,50000,51945.45621658759,51495.176404913116,50,50894.49219363332,nan,nan,nan,0.033408984541893005
19.474067839008057,nav_to_wp,0,0.01196662150323391,-0.6636996865272522,1.7913353443145752,-0.0021548583172261715,-0.32237282395362854,0.008148095570504665,0.016533307774371283,-0.6656604420625877,1.7995122143640419,0.38252091282607475,51441,0.2829000745666157,-0.0096594935680192,0.003958657912782382,1.0222169803455472,-0.00371690344272973,-0.29997695345368575,0.0001096605793801229,0.0,-1.0,0.1,0.0,0.0,0.0,3.552492618560791,51441,nan,1.009279489517212,50968.04258313697,50000,51935.45621658759,51488.147953956104,50,50894.49219363332,nan,nan,nan,0.033408984541893005
19.493159347999608,nav_to_wp,0,0.011915842071175575,-0.6689122319221497,1.7914228439331055,-0.0011041047982871532,-0.32127878069877625,0.009680851362645626,0.01646065121778401,-0.6715242727564188,1.7995143579656214,0.38165083347596473,51324,0.2599428357774318,-0.008425517254022605,0.003394113947194022,0.773912004660815,-0.00371690344272973,-0.29997695345368575,0.0001096605793801229,0.0,-1.0,0.1,0.0,0.0,0.0,3.552492618560791,51324,nan,1.0014081001281738,51251.83228838558,50000,51926.34123087823,51484.99707841517,50,50894.49219363332,nan,nan,nan,0.033408984541893005
19.513464218995068,nav_to_wp,0,0.011872156523168087,-0.674110472202301,1.791580080986023,-0.00010488228144822642,-0.32022714614868164,0.010232814587652683,0.01638624584318804,-0.6775292438125102,1.7995165531629445,0.38118421955351534,51262,0.24763112278404442,-0.007037444708854474,0.0028417570773948686,0.9893880051095039,-0.00371690344272973,-0.29997695345368575,0.0001096605793801229,0.0,-1.0,0.1,0.0,0.0,0.0,3.552492618560791,51262,nan,0.9904608726501465,51755.70425395988,50000,51924.06607118599,51488.60650742243,50,50894.49219363332,nan,nan,nan,0.033408984541893005
19.532938504999038,nav_to_wp,0,0.011737453751266003,-0.6818264722824097,1.7918306589126587,0.0007498978520743549,-0.3189912438392639,0.0086747407913208,0.016312120039300826,-0.6835116517940482,1.7995187401120343,0.3816634513072057,51326,0.260275760084582,-0.008197878854583972,0.0024537513162812274,0.6383740110322833,-0.00371690344272973,-0.29997695345368575,0.0001096605793801229,0.0,-1.0,0.1,0.0,0.0,0.0,3.552492618560791,51326,nan,1.0114256143569946,50746.19356227208,50000,51914.06607118599,51478.707668153766,50,50894.49219363332,nan,nan,nan,0.033408984541893005
19.553282095992472,nav_to_wp,0,0.011784263886511326,-0.6871026754379272,1.7920392751693726,0.001221918617375195,-0.31709423661231995,0.009830975905060768,0.016237724625995396,-0.6895158189127671,1.799520935015467,0.38082957564494196,51214,0.23827376371878373,-0.006454912662540022,0.002083925485156568,0.9056339913513511,-0.00371690344272973,-0.29997695345368575,0.0001096605793801229,0.0,-1.0,0.1,0.0,0.0,0.0,3.5577712059020996,51214,nan,1.0091615915298462,50749.057861349786,50000,51904.06607118599,51468.979004063054,50,50953.72322219014,nan,nan,nan,0.033408984541893005
19.573538094002288,nav_to_wp,0,0.011716969311237335,-0.6948683857917786,1.7922946214675903,0.0014733063289895654,-0.31572556495666504,0.012247427366673946,0.016162476648069683,-0.6955887932365574,1.7995231550722923,0.37931492611177803,51010,0.19830939608912956,-0.007544105747936037,0.0019513111642732728,0.8844969852361828,-0.00371690344272973,-0.29997695345368575,0.0001096605793801229,0.0,-1.0,0.1,0.0,0.0,0.0,3.5577712059020996,51010,nan,1.0067782402038574,50666.5698194582,50000,51894.06607118599,51458.979004063054,50,50953.72322219014,nan,nan,nan,0.033408984541893005
19.592955147003522,nav_to_wp,0,0.011672966182231903,-0.6998856067657471,1.7923892736434937,0.0014583567390218377,-0.3137776553630829,0.013635870069265366,0.01608911682354844,-0.7015093819752355,1.799525319422533,0.37850730624522794,50902,0.17700016478173808,-0.005576233647203983,0.0019323502169852347,0.6453100068029016,-0.00371690344272973,-0.29997695345368575,0.0001096605793801229,0.0,-1.0,0.1,0.0,0.0,0.0,3.5577712059020996,50902,nan,0.9968258738517761,51064.08384376358,50000,51884.06607118599,51453.713735259065,50,50953.72322219014,nan,nan,nan,0.033408984541893005
19.613423986011185,nav_to_wp,0,0.011669040657579899,-0.704930305480957,1.7925701141357422,0.0011941023403778672,-0.31131869554519653,0.015504530631005764,0.01601462132157904,-0.7075216268643231,1.7995275172789025,0.37735280663303106,50746,0.1465384335892086,-0.003264384160850632,0.002003513956919001,0.9624400117900223,-0.00371690344272973,-0.29997695345368575,0.0001096605793801229,0.0,-1.0,0.1,0.0,0.0,0.0,3.5577712059020996,50746,nan,1.0018492937088013,50652.32896670574,50000,51874.06607118599,51443.713735259065,50,50953.72322219014,nan,nan,nan,0.033408984541893005
19.63310571500915,nav_to_wp,0,0.011659941636025906,-0.7125592827796936,1.7927987575531006,0.0010200808756053448,-0.3095473051071167,0.014815529808402061,0.015940408898902917,-0.7135110255145207,1.7995297067835248,0.3774220924208977,50756,0.1483665546410986,-0.004062773838657962,0.0020263534653299775,0.7410369871649891,-0.00371690344272973,-0.29997695345368575,0.0001096605793801229,0.0,-1.0,0.1,0.0,0.0,0.0,3.5577712059020996,50756,nan,1.0011366605758667,50698.37315797075,50000,51864.06607118599,51433.77586089522,50,50953.72322219014,nan,nan,nan,0.033408984541893005
19.653244782006368,nav_to_wp,0,0.011572372168302536,-0.717448353767395,1.792822003364563,0.0009035489056259394,-0.30798575282096863,0.015078436583280563,0.015866017682074005,-0.7195148539517913,1.7995319015631481,0.3772687759409024,50735,0.14432126493146136,-0.0020546679411075964,0.0021029260070901667,0.8470509783364832,-0.00371690344272973,-0.29997695345368575,0.0001096605793801229,0.0,-1.0,0.1,0.0,0.0,0.0,3.5577712059020996,50735,nan,0.9972666501998901,50874.05659241766,50000,51854.06607118599,51426.31293731552,50,50953.72322219014,nan,nan,nan,0.033408984541893005
19.673460874008015,nav_to_wp,0,0.011558881029486656,-0.7249816060066223,1.7929598093032837,0.0009951769607141614,-0.3060922920703888,0.014048510231077671,0.015791284350236457,-0.7255462931730391,1.799534106436262,0.37762124407430686,50782,0.1536212156809178,-0.0026407306290793502,0.0019875622824419015,0.9241630032192916,-0.00371690344272973,-0.29997695345368575,0.0001096605793801229,0.0,-1.0,0.1,0.0,0.0,0.0,3.5577712059020996,50782,nan,0.9919227361679077,51195.51971979789,50000,51845.28545316748,51423.235694415285,50,50953.72322219014,nan,nan,nan,0.033408984541893005
19.692917406995548,nav_to_wp,0,0.011541785672307014,-0.729998767375946,1.7930115461349487,0.0014288084348663688,-0.30464035272598267,0.011659817770123482,0.015717488923274445,-0.73150203770608,1.7995362836381725,0.37875879056450534,50935,0.18363563494737,-0.0008748898974358573,0.0016927375602153738,0.6180490017868578,-0.00371690344272973,-0.29997695345368575,0.0001096605793801229,0.0,-1.0,0.1,0.0,0.0,0.0,3.5577712059020996,50935,nan,0.9814451336860657,51897.959704278845,50000,51845.987776515634,51429.56534788013,50,50953.72322219014,nan,nan,nan,0.033408984541893005
19.713522890000604,nav_to_wp,0,0.011609784327447414,-0.7350258231163025,1.7930457592010498,0.0018978933803737164,-0.3031136095523834,0.008439670316874981,0.01564267955108333,-0.7375396138512359,1.799538490754721,0.38033516591137767,51147,0.22522865201524134,0.000994347839914552,0.00128886020669583,0.9927719947881997,-0.00371690344272973,-0.29997695345368575,0.0001096605793801229,0.0,-1.0,0.1,0.0,0.0,0.0,3.5577712059020996,51147,nan,0.9923552870750427,51541.0162732697,50000,51841.92148980569,51431.05136021866,50,50953.72322219014,nan,nan,nan,0.033408984541893005
19.733111773006385,nav_to_wp,0,0.011534320190548897,-0.7422951459884644,1.793009638786316,0.0021835139486938715,-0.30196014046669006,0.005824093706905842,0.015568704935882898,-0.7435098199764824,1.7995406732432595,0.3816971167479059,51331,0.2611640302877536,0.00023377763964511385,0.001136163974320148,0.7535409822594374,-0.00371690344272973,-0.29997695345368575,0.0001096605793801229,0.0,-1.0,0.1,0.0,0.0,0.0,3.5577712059020996,51331,nan,0.9891947507858276,51891.70278069315,50000,51842.585240350854,51437.19337915832,50,50953.72322219014,nan,nan,nan,0.033408984541893005
19.75297264699475,nav_to_wp,0,0.011529416777193546,-0.7472246289253235,1.7929264307022095,0.002336126985028386,-0.3009611964225769,0.0026481878012418747,0.01549441914155828,-0.7495051401696862,1.7995428649125806,0.3833990301807934,51559,0.30606939791011456,0.0018658280423732466,0.0009791232909428516,0.6721870158798993,-0.00371690344272973,-0.29997695345368575,0.0001096605793801229,0.0,-1.0,0.1,0.0,0.0,0.0,3.5577712059020996,51559,nan,0.9798066020011902,52621.60909580947,50000,51852.585240350854,51447.19337915832,50,50953.72322219014,nan,nan,nan,0.033408984541893005
19.77330521499971,nav_to_wp,0,0.011514516547322273,-0.752121090888977,1.7928686141967773,0.002393442438915372,-0.30039310455322266,-0.0021067119669169188,0.015419900033502486,-0.7555192902150385,1.7995450634654055,0.38585958403602194,51890,0.37099166321957533,0.003307038064772165,0.0008813679282395626,0.8808689890429378,-0.00371690344272973,-0.29997695345368575,0.0001096605793801229,0.0,-1.0,0.1,0.0,0.0,0.0,3.5577712059020996,51890,nan,0.9936673641204834,52220.694644559415,50000,51857.49336574031,51457.19337915832,50,50953.72322219014,nan,nan,nan,0.033408984541893005
19.793020161014283,nav_to_wp,0,0.011499287560582161,-0.7594883441925049,1.7926372289657593,0.0024514482356607914,-0.2998092770576477,-0.004263715352863073,0.015345722906533282,-0.7615058402847458,1.7995472519286912,0.3872357352969406,52075,0.40730172287442024,0.002170601935914657,0.0007873855804505503,0.6896650011185557,-0.00371690344272973,-0.29997695345368575,0.0001096605793801229,0.0,-1.0,0.1,0.0,0.0,0.0,3.5577712059020996,52075,nan,0.9874581694602966,52736.41113168573,50000,51867.49336574031,51467.19337915832,50,50953.72322219014,nan,nan,nan,0.033408984541893005
19.813573085993994,nav_to_wp,0,0.011483509093523026,-0.7643271088600159,1.7924691438674927,0.002372962422668934,-0.29960936307907104,-0.008142931386828423,0.015271046499137611,-0.7675326853536529,1.7995494551223514,0.3893967251535023,52366,0.4643199248945198,0.003481672336558513,0.000762825670547862,1.0697969992179424,-0.00371690344272973,-0.29997695345368575,0.0001096605793801229,0.0,-1.0,0.1,0.0,0.0,0.0,3.5577712059020996,52366,nan,0.9859185814857483,53113.919326975345,50000,51877.49336574031,51477.19337915832,50,50953.72322219014,nan,nan,nan,0.033408984541893005
19.833669409999857,nav_to_wp,0,0.011513735167682171,-0.7717537879943848,1.7922842502593994,0.002258065389469266,-0.29940199851989746,-0.010210884734988213,0.015195640255426494,-0.7736184326990923,1.7995516798485252,0.39067044093678677,52537,0.4979272014983298,0.0022035191114269915,0.0007110041174223092,0.8838529756758362,-0.00371690344272973,-0.29997695345368575,0.0001096605793801229,0.0,-1.0,0.1,0.0,0.0,0.0,3.5577712059020996,52537,nan,1.0084807872772217,52095.191760513015,50000,51880.39601100395,51485.43335757639,50,50953.72322219014,nan,nan,nan,0.033408984541893005
19.853132265008753,nav_to_wp,0,0.011456377804279327,-0.7765036225318909,1.7920128107070923,0.002151260618120432,-0.2987787127494812,-0.009175708517432213,0.01512255671208614,-0.7795167238483343,1.7995538360475842,0.39050412424354675,52515,0.493538898246614,0.003700069425303398,0.0007498993230001805,0.7574439805466682,-0.00371690344272973,-0.29997695345368575,0.0001096605793801229,0.0,-1.0,0.1,0.0,0.0,0.0,3.5577712059020996,52515,nan,0.9968619346618652,52680.314268207105,50000,51890.39601100395,51495.43335757639,50,50953.72322219014,nan,nan,nan,0.033408984541893005
19.873735788016347,nav_to_wp,0,0.011441489681601524,-0.7813119888305664,1.7918628454208374,0.0019056634046137333,-0.29849711060523987,-0.01082199439406395,0.015047847703759063,-0.7855462000127846,1.7995560402030766,0.3915275739601648,52653,0.5205428485531591,0.0050817934546452045,0.0008122796337184379,1.1445920099504292,-0.00371690344272973,-0.29997695345368575,0.0001096605793801229,0.0,-1.0,0.1,0.0,0.0,0.0,3.5577712059020996,52653,nan,0.9969838857650757,52812.287893293884,50000,51900.39601100395,51505.43335757639,50,50953.72322219014,nan,nan,nan,0.033408984541893005
19.893314179993467,nav_to_wp,0,0.011385004036128521,-0.7886090278625488,1.7915982007980347,0.001797318342141807,-0.29832279682159424,-0.01117434911429882,0.014973814391218197,-0.7915211433741821,1.799558224423375,0.39204305695185687,52722,0.5341439828985965,0.0038150954884153317,0.0008485798156321334,0.8336280006915331,-0.00371690344272973,-0.29997695345368575,0.0001096605793801229,0.0,-1.0,0.1,0.0,0.0,0.0,3.5577712059020996,52722,nan,1.0109169483184814,52152.652191355235,50000,51903.75942674197,51514.06294202678,50,50953.72322219014,nan,nan,nan,0.033408984541893005
19.913102379010525,nav_to_wp,0,0.011435698717832565,-0.7935410737991333,1.791506052017212,0.00181491335388273,-0.29784661531448364,-0.00939632486552,0.014899470568622494,-0.7975211468055282,1.7995604178047164,0.391282336589484,52620,0.5140722055272811,0.005157672868678265,0.0007134117197966638,0.6590959965251386,-0.00371690344272973,-0.29997695345368575,0.0001096605793801229,0.0,-1.0,0.1,0.0,0.0,0.0,3.5577712059020996,52620,nan,1.015548586845398,51814.35992486946,50000,51902.56743338367,51518.06690179802,50,50953.72322219014,nan,nan,nan,0.033408984541893005
19.933813169016503,nav_to_wp,0,0.011392735876142979,-0.800738513469696,1.7912808656692505,0.0022463304921984673,-0.2982240319252014,-0.006589188706129789,0.014825218233823205,-0.8035137666093819,1.7995626084868743,0.39016874350906006,52470,0.4846898023498678,0.0037437369188928074,0.0004622260637445752,0.9699579968582839,-0.00371690344272973,-0.29997695345368575,0.0001096605793801229,0.0,-1.0,0.1,0.0,0.0,0.0,3.5577712059020996,52470,nan,1.0169451236724854,51595.70440784015,50000,51898.47592637643,51519.102068545246,50,50953.72322219014,nan,nan,nan,0.033408984541893005
19.95344500200008,nav_to_wp,0,0.01139374915510416,-0.8056690096855164,1.79120671749115,0.0026783288922160864,-0.29857322573661804,-0.003502916544675827,0.014750535448254871,-0.8095411264360257,1.799564811868711,0.3887309398743997,52277,0.4467530309867982,0.004706594807274199,0.00016378436606134805,0.9375419758725911,-0.00371690344272973,-0.29997695345368575,0.0001096605793801229,0.0,-1.0,0.1,0.0,0.0,0.0,3.541935443878174,52277,nan,1.0141040086746216,51549.93921020308,50000,51893.828770160784,51519.51323043402,50,50776.03013651967,nan,nan,nan,0.033408984541893005
19.973740137997083,nav_to_wp,0,0.011432618834078312,-0.8129646182060242,1.7912187576293945,0.003377885790541768,-0.29971829056739807,-0.0016935945022851229,0.01467593776484614,-0.8155616179953167,1.7995670127397612,0.3878195695700894,52154,0.4227063211105371,0.0028119622353814677,-0.0003136259381544271,0.7856870070099831,-0.00371690344272973,-0.29997695345368575,0.0001096605793801229,0.0,-1.0,0.1,0.0,0.0,0.0,3.541935443878174,52154,nan,1.009711503982544,51652.37772798679,50000,51890.609422931804,51521.28475706806,50,50776.03013651967,nan,nan,nan,0.033408984541893005
19.993381331005367,nav_to_wp,0,0.011367196217179298,-0.8178480863571167,1.7911828756332397,0.004167330451309681,-0.30049851536750793,-9.383598808199167e-05,0.014601722561935359,-0.8215512410275397,1.7995692023264092,0.38707666637861166,52054,0.40310465378922444,0.0035573127424550323,-0.0007312150039306964,0.8479290117975324,-0.00371690344272973,-0.29997695345368575,0.0001096605793801229,0.0,-1.0,0.1,0.0,0.0,0.0,3.541935443878174,52054,nan,1.0162957906723022,51219.34035126242,50000,51881.65916864289,51517.258831657324,50,50776.03013651967,nan,nan,nan,0.033408984541893005
20.01377449699794,nav_to_wp,0,0.011432824656367302,-0.8227574825286865,1.7912448644638062,0.004792788997292519,-0.30152061581611633,0.0030896214302629232,0.014527736019235094,-0.827522409775334,1.7995713851668471,0.38541954298793335,51831,0.3593810814758118,0.004144170124347552,-0.0012038155909877002,1.236690004589036,-0.00371690344272973,-0.29997695345368575,0.0001096605793801229,0.0,-1.0,0.1,0.0,0.0,0.0,3.541935443878174,51831,nan,1.008815050125122,51378.09947776995,50000,51874.94503943125,51515.40337360549,50,50776.03013651967,nan,nan,nan,0.033408984541893005
20.03321111999685,nav_to_wp,0,0.011373870074748993,-0.8301393985748291,1.7913755178451538,0.005329095292836428,-0.3025324046611786,0.004816411528736353,0.014453546113528112,-0.8335099911677234,1.7995735740071466,0.3844015215417435,51694,0.33252035730193796,0.002177796794891504,-0.0015018919444726997,0.7927000115159899,-0.00371690344272973,-0.29997695345368575,0.0001096605793801229,0.0,-1.0,0.1,0.0,0.0,0.0,3.541935443878174,51694,nan,1.013129711151123,51024.068716003814,50000,51864.94503943125,51508.85224483747,50,50776.03013651967,nan,nan,nan,0.033408984541893005
20.05344725199393,nav_to_wp,0,0.011408046819269657,-0.8350618481636047,1.791521668434143,0.005601105745881796,-0.3029368817806244,0.006342585664242506,0.014379102072024382,-0.839518082880934,1.7995757703452673,0.38346764307795655,51569,0.307879764589881,0.003104595657208266,-0.0017607224433855428,0.9748779993969947,-0.00371690344272973,-0.29997695345368575,0.0001096605793801229,0.0,-1.0,0.1,0.0,0.0,0.0,3.541935443878174,51569,nan,1.0081250667572021,51153.37540993803,50000,51855.45744437134,51504.11255370548,50,50776.03013651967,nan,nan,nan,0.033408984541893005
20.073082007002085,nav_to_wp,0,0.011402549222111702,-0.8423569798469543,1.7917087078094482,0.005851196590811014,-0.3037528097629547,0.007019416894763708,0.014305102438390034,-0.8454903081475711,1.7995779535719298,0.3829046477669843,51493,0.2930250070444398,0.0013010057832310213,-0.001965500312305357,0.6413439987227321,-0.00371690344272973,-0.29997695345368575,0.0001096605793801229,0.0,-1.0,0.1,0.0,0.0,0.0,3.541935443878174,51493,nan,1.0063742399215698,51166.85022066247,50000,51846.276014721894,51499.615722598246,50,50776.03013651967,nan,nan,nan,0.033408984541893005
20.093043845001375,nav_to_wp,0,0.011424434371292591,-0.8472613096237183,1.7917858362197876,0.005948750767856836,-0.3038216829299927,0.008692431263625622,0.014230624617700518,-0.8515011260486955,1.7995801509066451,0.3819831923616596,51369,0.2687121995160844,0.002426765602845938,-0.0021222278055057497,0.7002910133451223,-0.00371690344272973,-0.29997695345368575,0.0001096605793801229,0.0,-1.0,0.1,0.0,0.0,0.0,3.541935443878174,51369,nan,1.0061038732528687,51057.352392369925,50000,51836.276014721894,51493.718878195206,50,50776.03013651967,nan,nan,nan,0.033408984541893005
20.113045650010463,nav_to_wp,0,0.011464931070804596,-0.8522836565971375,1.7920079231262207,0.005858345422893763,-0.3045911490917206,0.009737878106534481,0.014156295123790151,-0.8574999730670649,1.7995823438652443,0.38119388939545434,51263,0.24788626373230294,0.0030527563938411995,-0.0021996806650224077,0.7063380035106093,-0.00371690344272973,-0.29997695345368575,0.0001096605793801229,0.0,-1.0,0.1,0.0,0.0,0.0,3.541935443878174,51263,nan,1.009134292602539,50798.98718712021,50000,51826.276014721894,51484.45578898088,50,50776.03013651967,nan,nan,nan,0.033408984541893005
20.13306806399487,nav_to_wp,0,0.011462187394499779,-0.8596780300140381,1.7921863794326782,0.005802852567285299,-0.30465057492256165,0.009894220158457756,0.014081920447091152,-0.8635024666141891,1.7995845381568807,0.38090151733599514,51224,0.24017196137190133,0.0015622203222117415,-0.0022474541651065216,0.7127979770302773,-0.00371690344272973,-0.29997695345368575,0.0001096605793801229,0.0,-1.0,0.1,0.0,0.0,0.0,3.541935443878174,51224,nan,1.0055041313171387,50943.599737278266,50000,51816.276014721894,51477.24437495817,50,50776.03013651967,nan,nan,nan,0.033408984541893005
20.153599162993487,nav_to_wp,0,0.011413597501814365,-0.8645743727684021,1.792401671409607,0.005508665461093187,-0.30480048060417175,0.01061390433460474,0.014007271050409139,-0.869527131752485,1.7995867405536383,0.3802832874923419,51140,0.2238598282939801,0.0026727487095452116,-0.002123798218433004,1.1014880146831274,-0.00371690344272973,-0.29997695345368575,0.0001096605793801229,0.0,-1.0,0.1,0.0,0.0,0.0,3.552492618560791,51140,nan,1.0117100477218628,50548.07957591749,50000,51806.276014721894,51467.24437495817,50,50894.49219363332,nan,nan,nan,0.033408984541893005
20.173841308016563,nav_to_wp,0,0.0114060640335083,-0.8693981170654297,1.7925268411636353,0.005056513473391533,-0.30474981665611267,0.013229564763605595,0.013932487770840888,-0.8755626020625998,1.7995889469003707,0.37883034429073925,50945,0.18552359606172075,0.003989195439836508,-0.001964241719285331,1.1646689963527024,-0.00371690344272973,-0.29997695345368575,0.0001096605793801229,0.0,-1.0,0.1,0.0,0.0,0.0,3.552492618560791,50945,nan,0.9879069328308105,51568.622819579774,50000,51803.10730545333,51468.59608755313,50,50894.49219363332,nan,nan,nan,0.033408984541893005
20.193557780003175,nav_to_wp,0,0.011348644271492958,-0.8767441511154175,1.7926969528198242,0.004447362385690212,-0.30410057306289673,0.011018797755241394,0.013858579153030506,-0.8815274817928218,1.7995911274417744,0.3797310441426103,51066,0.20928876365726268,0.0028667957227074643,-0.0016561182190490964,1.0453120048623532,-0.00371690344272973,-0.29997695345368575,0.0001096605793801229,0.0,-1.0,0.1,0.0,0.0,0.0,3.552492618560791,51066,nan,0.9925863742828369,51447.411855614264,50000,51798.36469945548,51468.31363112728,50,50894.49219363332,nan,nan,nan,0.033408984541893005
20.213734407006996,nav_to_wp,0,0.011326665990054607,-0.8817618489265442,1.7928043603897095,0.0035869558341801167,-0.30301782488822937,0.008355568163096905,0.013783969333991073,-0.887548952772101,1.7995933286708645,0.3809399816119093,51229,0.2411868499184493,0.004480165868082251,-0.0012543987667112955,1.127654977608472,-0.00371690344272973,-0.29997695345368575,0.0001096605793801229,0.0,-1.0,0.1,0.0,0.0,0.0,3.552492618560791,51229,nan,0.9951115846633911,51480.658842223056,50000,51794.12862135905,51468.478233941896,50,50894.49219363332,nan,nan,nan,0.033408984541893005
20.23343717600801,nav_to_wp,0,0.011114520952105522,-0.8891828060150146,1.7929797172546387,0.0023466909769922495,-0.3028341829776764,0.0067619881592690945,0.013710012805190122,-0.8935176992137428,1.7995955106257961,0.38152460699503027,51307,0.25661232176860693,0.0030470204905887243,-0.0004574335327187651,0.98943299963139,-0.00371690344272973,-0.29997695345368575,0.0001096605793801229,0.0,-1.0,0.1,0.0,0.0,0.0,3.552492618560791,51307,nan,1.003300666809082,51138.209808210166,50000,51785.38303718374,51464.07465493214,50,50894.49219363332,nan,nan,nan,0.033408984541893005
20.254119498014916,nav_to_wp,0,0.011033309623599052,-0.8941572904586792,1.7930305004119873,0.0008220259333029389,-0.3032391369342804,0.006455645430833101,0.01363469362627809,-0.8995964198947598,1.7995977327832788,0.38162489630887525,51321,0.2592584778067337,0.003991404202668983,0.00034790111920757205,1.2751850008498877,-0.00371690344272973,-0.29997695345368575,0.0001096605793801229,0.0,-1.0,0.1,0.0,0.0,0.0,3.552492618560791,51321,nan,0.9916185736656189,51754.778866521934,50000,51784.97498157492,51467.95071108667,50,50894.49219363332,nan,nan,nan,0.033408984541893005
20.274108818004606,nav_to_wp,0,0.010751553811132908,-0.9015476107597351,1.7931443452835083,-0.000528276723343879,-0.3038458824157715,0.005646693054586649,0.01356036768941515,-0.9055949798375388,1.7995999256369337,0.3818944442669158,51357,0.2663705611323426,0.002213080669551573,0.0012720801408558913,1.127497002016753,-0.00371690344272973,-0.29997695345368575,0.0001096605793801229,0.0,-1.0,0.1,0.0,0.0,0.0,3.552492618560791,51357,nan,0.9973434209823608,51493.79734155614,50000,51781.092613041335,51468.29533282627,50,50894.49219363332,nan,nan,nan,0.033408984541893005
20.293123139999807,nav_to_wp,0,0.010614519007503986,-0.9065430164337158,1.7931677103042603,-0.001851706299930811,-0.30418768525123596,0.005549096968024969,0.013487151627289527,-0.9115039660672671,1.7996020857457222,0.38192442278846506,51361,0.2671615511468346,0.0029907423730203405,0.0020318526572387086,0.7423839997500181,-0.00371690344272973,-0.29997695345368575,0.0001096605793801229,0.0,-1.0,0.1,0.0,0.0,0.0,3.552492618560791,51361,nan,1.0058035850524902,51064.64200693777,50000,51771.53993829329,51462.91328848108,50,50894.49219363332,nan,nan,nan,0.033408984541893005
20.31362848400022,nav_to_wp,0,0.010366465896368027,-0.9114401936531067,1.7931673526763916,-0.0032229165080934763,-0.304923951625824,0.00552099896594882,0.013412617502980931,-0.9175193280165167,1.799604284741575,0.381949972198022,51365,0.2678356780480726,0.003776054039229854,0.0029314437513590086,1.0593609767965972,-0.00371690344272973,-0.29997695345368575,0.0001096605793801229,0.0,-1.0,0.1,0.0,0.0,0.0,3.552492618560791,51365,nan,0.9905551075935364,51854.76265403002,50000,51772.64957450311,51468.1379466884,50,50894.49219363332,nan,nan,nan,0.033408984541893005
20.334252553991973,nav_to_wp,0,0.010067572817206383,-0.9189883470535278,1.7931674718856812,-0.004095758311450481,-0.3056580126285553,0.0030898433178663254,0.013336047426171867,-0.92369900384636,1.7996065438045599,0.3831735264148477,51529,0.3001194304709145,0.0019522649125875927,0.003609758310086031,1.209100999403745,-0.00371690344272973,-0.29997695345368575,0.0001096605793801229,0.0,-1.0,0.1,0.0,0.0,0.0,3.552492618560791,51529,nan,1.008228063583374,51108.47620811031,50000,51763.79392961788,51463.3424568407,50,50894.49219363332,nan,nan,nan,0.033408984541893005
20.353279264003504,nav_to_wp,0,0.009827670641243458,-0.9239829778671265,1.7930854558944702,-0.005037338472902775,-0.30662670731544495,0.00332617643289268,0.013263982496509577,-0.9295150866109612,1.7996086699512466,0.3831683550540102,51528,0.29998298295541304,0.002304213195638575,0.004276492881350569,0.8578499837312847,-0.00371690344272973,-0.29997695345368575,0.0001096605793801229,0.0,-1.0,0.1,0.0,0.0,0.0,3.5472140312194824,51528,nan,0.9881826043128967,52144.208747560835,50000,51768.86612719046,51472.42067405031,50,50835.261165076496,nan,nan,nan,0.033408984541893005
20.374570740008494,nav_to_wp,0,0.009359776973724365,-0.9314582347869873,1.792999267578125,-0.005740815307945013,-0.3073160648345947,0.0016699439147487283,0.01318777463188649,-0.9356655296910901,1.7996109183278097,0.3841140469289153,51656,0.3249352751692687,0.0005599858440271833,0.005040142760844857,1.240037992829457,-0.00371690344272973,-0.29997695345368575,0.0001096605793801229,0.0,-1.0,0.1,0.0,0.0,0.0,3.5472140312194824,51656,nan,0.9850773215293884,52438.523221508265,50000,51777.79488844803,51482.42067405031,50,50835.261165076496,nan,nan,nan,0.033408984541893005
20.39305176999187,nav_to_wp,0,0.00912354327738285,-0.9364790320396423,1.7928922176361084,-0.006482977885752916,-0.30725643038749695,-0.0011752195423468947,0.013115457328292045,-0.941501980583211,1.7996130519203375,0.38568127930997825,51866,0.3662870530337248,0.0014345856202937189,0.005574529435543818,0.6963999767322093,-0.00371690344272973,-0.29997695345368575,0.0001096605793801229,0.0,-1.0,0.1,0.0,0.0,0.0,3.5472140312194824,51866,nan,0.9893519282341003,52424.21682300241,50000,51786.41384757542,51492.42067405031,50,50835.261165076496,nan,nan,nan,0.033408984541893005
20.414030467014527,nav_to_wp,0,0.008845938369631767,-0.9415095448493958,1.7928746938705444,-0.007517593447118998,-0.307209312915802,-0.00393595639616251,0.013040685942797203,-0.9475364909684959,1.7996152579161564,0.3870955399883415,52057,0.4036026382148137,0.002491185198054295,0.006298324050252546,1.3743510062340647,-0.00371690344272973,-0.29997695345368575,0.0001096605793801229,0.0,-1.0,0.1,0.0,0.0,0.0,3.5472140312194824,52057,nan,0.9917121529579163,52492.046048576616,50000,51795.8222769221,51502.42067405031,50,50835.261165076496,nan,nan,nan,0.033408984541893005
20.4340480370156,nav_to_wp,0,0.008344016969203949,-0.949002206325531,1.7926274538040161,-0.008256430737674236,-0.3071242868900299,-0.006100095808506012,0.012964613942197955,-0.9536759689868246,1.7996175022842948,0.3884976022396704,52245,0.440596365162806,0.0011326956532026217,0.0070944256857496946,0.873114011483267,-0.00371690344272973,-0.29997695345368575,0.0001096605793801229,0.0,-1.0,0.1,0.0,0.0,0.0,3.5472140312194824,52245,nan,1.0194087028503418,51250.298191411486,50000,51788.54862244863,51499.05904094846,50,50835.261165076496,nan,nan,nan,0.033408984541893005
20.45366646599723,nav_to_wp,0,0.007968805730342865,-0.9540104269981384,1.7924554347991943,-0.00927660521119833,-0.30727681517601013,-0.004461546428501606,0.012891893755871535,-0.9595449349916997,1.7996196477631559,0.38790614120624056,52166,0.42499053314618784,0.0019433956546888542,0.00794317912891529,1.0516509937588125,-0.00371690344272973,-0.29997695345368575,0.0001096605793801229,0.0,-1.0,0.1,0.0,0.0,0.0,3.5472140312194824,52166,nan,1.0005295276641846,52138.391279451454,50000,51793.21319120867,51507.583470795165,50,50835.261165076496,nan,nan,nan,0.033408984541893005
20.474156750016846,nav_to_wp,0,0.007635383866727352,-0.9589583873748779,1.7922797203063965,-0.009691812098026276,-0.3075237572193146,-0.005406778305768967,0.012817071158932467,-0.9655835784553003,1.7996218552698768,0.3886109447052082,52260,0.44358693153583495,0.00293547482774955,0.00840865446443928,1.3541869993787259,-0.00371690344272973,-0.29997695345368575,0.0001096605793801229,0.0,-1.0,0.1,0.0,0.0,0.0,3.5472140312194824,52260,nan,0.9975008964538574,52390.930359848004,50000,51801.1827534572,51517.583470795165,50,50835.261165076496,nan,nan,nan,0.033408984541893005
20.493577173008816,nav_to_wp,0,0.00719861825928092,-0.966519296169281,1.792053461074829,-0.010540229268372059,-0.3059777021408081,-0.005928203463554382,0.012743617884083503,-0.9715117092098098,1.799624022377202,0.3891666552315965,52335,0.4582494784062394,0.0020475798535154054,0.009206121783893462,1.0704630112741143,-0.00371690344272973,-0.29997695345368575,0.0001096605793801229,0.0,-1.0,0.1,0.0,0.0,0.0,3.5472140312194824,52335,nan,1.004402756690979,52105.59175725333,50000,51805.24154017448,51525.42358128128,50,50835.261165076496,nan,nan,nan,0.033408984541893005
20.514371021999978,nav_to_wp,0,0.00685506034642458,-0.9715149402618408,1.7918645143508911,-0.011207247152924538,-0.3058091700077057,-0.005127570126205683,0.012668718455049795,-0.9775565534956898,1.7996262321507164,0.3890165384630354,52315,0.4542886138004061,0.0032139109854681675,0.009828871452183474,1.5810579934623092,-0.00371690344272973,-0.29997695345368575,0.0001096605793801229,0.0,-1.0,0.1,0.0,0.0,0.0,3.5472140312194824,52315,nan,1.0018552541732788,52218.122111032724,50000,51810.74661445259,51534.65956167796,50,50835.261165076496,nan,nan,nan,0.033408984541893005
20.534404956997605,nav_to_wp,0,0.006424602121114731,-0.9791869521141052,1.791792869567871,-0.01127035915851593,-0.30585765838623047,-0.005251532420516014,0.01259294324917869,-0.9836720783552343,1.7996284677624579,0.3891787280152503,52337,0.4585680215105601,0.0015878104519850113,0.010221773654800703,1.2476910196710378,-0.00371690344272973,-0.29997695345368575,0.0001096605793801229,0.0,-1.0,0.1,0.0,0.0,0.0,3.5472140312194824,52337,nan,1.0033352375030518,52163.02392632832,50000,51815.4436452776,51543.037753206634,50,50835.261165076496,nan,nan,nan,0.033408984541893005
20.55353448301321,nav_to_wp,0,0.006014892365783453,-0.9841151237487793,1.7916680574417114,-0.010886000469326973,-0.30569663643836975,-0.005641662981361151,0.01252040392003199,-0.9895264480740829,1.7996306079054516,0.38954187032118365,52386,0.46814961269613775,0.002620126777472409,0.010361135859161319,1.0412260016892105,-0.00371690344272973,-0.29997695345368575,0.0001096605793801229,0.0,-1.0,0.1,0.0,0.0,0.0,3.541935443878174,52386,nan,0.9954099655151367,52627.56232593031,50000,51825.4436452776,51553.037753206634,50,50776.03013651967,nan,nan,nan,0.033408984541893005
20.57363991701277,nav_to_wp,0,0.0057604676112532616,-0.9891922473907471,1.7916065454483032,-0.010309078730642796,-0.30578091740608215,-0.00634921807795763,0.012446076592997634,-0.9955251202122396,1.7996328008001212,0.38998391308611796,52445,0.479813010187808,0.003519199265211855,0.010238238733112581,1.120475004427135,-0.00371690344272973,-0.29997695345368575,0.0001096605793801229,0.0,-1.0,0.1,0.0,0.0,0.0,3.541935443878174,52445,nan,1.0072531700134277,52067.346682364725,50000,51828.66901910543,51559.895205595414,50,50776.03013651967,nan,nan,nan,0.033408984541893005
20.59336885099765,nav_to_wp,0,0.00531592033803463,-0.9968176484107971,1.7914824485778809,-0.009101062081754208,-0.30615583062171936,-0.00519372895359993,0.012372136437194479,-1.001492545252324,1.7996349822719968,0.3895693464506183,52389,0.4688745765334623,0.0016279909071858494,0.010009471524287106,0.9820869890972972,-0.00371690344272973,-0.29997695345368575,0.0001096605793801229,0.0,-1.0,0.1,0.0,0.0,0.0,3.541935443878174,52389,nan,1.005763292312622,52088.79703646601,50000,51832.137392670236,51566.94723000703,50,50776.03013651967,nan,nan,nan,0.033408984541893005
20.61338063000585,nav_to_wp,0,0.004934018477797508,-1.001778244972229,1.7914124727249146,-0.00785130262374878,-0.3069731295108795,-0.0038660550490021706,0.012297532000241924,-1.0075135818641117,1.7996371833422982,0.38900324426643007,52313,0.45393784344142496,0.002300603987586419,0.009697462492164632,0.8960659906733781,-0.00371690344272973,-0.29997695345368575,0.0001096605793801229,0.0,-1.0,0.1,0.0,0.0,0.0,3.541935443878174,52313,nan,1.0125693082809448,51663.62398324379,50000,51829.89054721122,51568.23625338352,50,50776.03013651967,nan,nan,nan,0.033408984541893005
20.63377393799601,nav_to_wp,0,0.004535610321909189,-1.0094130039215088,1.7913559675216675,-0.006929813884198666,-0.3078545331954956,-0.002069146605208516,0.01222134815428898,-1.0136620864899313,1.7996394310102333,0.3881850090795957,52203,0.43234852452758865,0.0003197515828624332,0.009575161150218392,0.8058880048338324,-0.00371690344272973,-0.29997695345368575,0.0001096605793801229,0.0,-1.0,0.1,0.0,0.0,0.0,3.541935443878174,52203,nan,1.009636402130127,51704.75221561179,50000,51828.222036123225,51570.056466213224,50,50776.03013651967,nan,nan,nan,0.033408984541893005
20.65440963799483,nav_to_wp,0,0.0042708017863333225,-1.0144765377044678,1.7913671731948853,-0.006045900285243988,-0.30899494886398315,-0.0010255590314045548,0.0121479078625225,-1.0195891694298849,1.7996415977345157,0.38765932237693973,52132,0.4184781629799392,0.0006228771458027962,0.009329568661642806,1.57170498277992,-0.00371690344272973,-0.29997695345368575,0.0001096605793801229,0.0,-1.0,0.1,0.0,0.0,0.0,3.541935443878174,52132,nan,1.0191305875778198,51153.40530000455,50000,51819.22447964165,51564.501117330445,50,50776.03013651967,nan,nan,nan,0.033408984541893005
20.673688367009163,nav_to_wp,0,0.004071803297847509,-1.0196435451507568,1.7913942337036133,-0.004859192296862602,-0.3091064989566803,0.0017685656202957034,0.012074097047614512,-1.0255461558647467,1.79964377539042,0.38623805545137685,51941,0.38097771639516687,0.0013855611679193082,0.008879032718677404,1.0373680270276964,-0.00371690344272973,-0.29997695345368575,0.0001096605793801229,0.0,-1.0,0.1,0.0,0.0,0.0,3.541935443878174,51941,nan,1.0138392448425293,51231.98797464931,50000,51811.39465957508,51560.06760876136,50,50776.03013651967,nan,nan,nan,0.033408984541893005
20.69382166300784,nav_to_wp,0,0.003710173536092043,-1.0271984338760376,1.7914844751358032,-0.00370406755246222,-0.3094368577003479,0.004433540627360344,0.011999820363450658,-1.031540740811982,1.7996459667909621,0.3848023671437644,51748,0.34309675841067033,-0.00040297004540017787,0.008610478462657056,1.148768002167344,-0.00371690344272973,-0.29997695345368575,0.0001096605793801229,0.0,-1.0,0.1,0.0,0.0,0.0,3.541935443878174,51748,nan,1.007312536239624,51372.33791726578,50000,51805.54056967762,51557.56454620809,50,50776.03013651967,nan,nan,nan,0.033408984541893005
20.71343796601286,nav_to_wp,0,0.003458675928413868,-1.032259225845337,1.7915704250335693,-0.002865165937691927,-0.31004226207733154,0.006421309430152178,0.011925927538705852,-1.0375043459447415,1.7996481468664198,0.3837110437701899,51601,0.31430194644300435,0.0002214929783205969,0.008382846592441817,0.9167309908661991,-0.00371690344272973,-0.29997695345368575,0.0001096605793801229,0.0,-1.0,0.1,0.0,0.0,0.0,3.541935443878174,51601,nan,1.0010552406311035,51546.605927030316,50000,51802.08810777566,51557.41843128572,50,50776.03013651967,nan,nan,nan,0.033408984541893005
20.734332975000143,nav_to_wp,0,0.003149789059534669,-1.039966106414795,1.7916978597640991,-0.0017442354001104832,-0.31046614050865173,0.007901838980615139,0.011849842759368822,-1.0436448552857525,1.7996503916115718,0.3828216995100889,51482,0.29083639868308175,-0.001636162442519982,0.008059943526042224,1.3504489907063544,-0.00371690344272973,-0.29997695345368575,0.0001096605793801229,0.0,-1.0,0.1,0.0,0.0,0.0,3.541935443878174,51482,nan,0.9999194145202637,51486.149036019844,50000,51797.87558681891,51556.46817268217,50,50776.03013651967,nan,nan,nan,0.033408984541893005
20.754055772995343,nav_to_wp,0,0.0030062913428992033,-1.0450401306152344,1.791869878768921,-0.000653996248729527,-0.3102414608001709,0.007760603446513414,0.01177620136839745,-1.04958816816758,1.7996525642689263,0.38268586980699865,51464,0.28725250150392156,-0.0006106657447711526,0.007566023269335087,1.2235080066602677,-0.00371690344272973,-0.29997695345368575,0.0001096605793801229,0.0,-1.0,0.1,0.0,0.0,0.0,3.541935443878174,51464,nan,1.0163942575454712,50633.89488669717,50000,51787.87558681891,51546.46817268217,50,50776.03013651967,nan,nan,nan,0.033408984541893005
20.773909027018817,nav_to_wp,0,0.0028184079565107822,-1.0501646995544434,1.7920186519622803,0.000638068129774183,-0.310825914144516,0.008813559077680111,0.011701107032268567,-1.0556487426540202,1.7996547797928253,0.3819822233421114,51369,0.26868663171797813,6.237381624284365e-05,0.007021550194749926,0.9117609879467636,-0.00371690344272973,-0.29997695345368575,0.0001096605793801229,0.0,-1.0,0.1,0.0,0.0,0.0,3.541935443878174,51369,nan,1.0007065534591675,51332.73068156843,50000,51781.806988082244,51543.61833946733,50,50776.03013651967,nan,nan,nan,0.033408984541893005
20.79405311201117,nav_to_wp,0,0.0027285234536975622,-1.0580840110778809,1.7923680543899536,0.0015924774343147874,-0.3091218173503876,0.008965341374278069,0.011628583024214996,-1.0615018758664834,1.799656919483798,0.38147858497595877,51301,0.2553980204738444,-0.0012106495560400853,0.006548638918796756,1.575255999341607,-0.00371690344272973,-0.29997695345368575,0.0001096605793801229,0.0,-1.0,0.1,0.0,0.0,0.0,3.541935443878174,51301,nan,1.004870057106018,51052.372032802574,50000,51772.081188678516,51537.0683887118,50,50776.03013651967,nan,nan,nan,0.033408984541893005
20.813262996001868,nav_to_wp,0,0.0024724279064685106,-1.063036561012268,1.7925262451171875,0.0031040366739034653,-0.30880147218704224,0.009899442084133625,0.011554147713714704,-1.0675092629340523,1.799659115564326,0.3808219722509265,51213,0.23807314646244038,6.34875421626624e-05,0.005956886632133562,0.8191990200430155,-0.00371690344272973,-0.29997695345368575,0.0001096605793801229,0.0,-1.0,0.1,0.0,0.0,0.0,3.541935443878174,51213,nan,1.0026403665542603,51078.135000690185,50000,51762.828572838676,51530.94927687151,50,50776.03013651967,nan,nan,nan,0.033408984541893005
20.834579496993683,nav_to_wp,0,0.002506044926121831,-1.0683023929595947,1.7927806377410889,0.004263622220605612,-0.3090522885322571,0.0094942981377244,0.011477168327754451,-1.0737219725281797,1.7996613867032445,0.38071489233638756,51199,0.23524781890204416,0.0009265980916786687,0.005233189880236244,1.3379069860093296,-0.00371690344272973,-0.29997695345368575,0.0001096605793801229,0.0,-1.0,0.1,0.0,0.0,0.0,3.541935443878174,51199,nan,0.9952999353408813,51440.77496846697,50000,51758.534524780385,51529.74695275945,50,50776.03013651967,nan,nan,nan,0.033408984541893005
20.855416673002765,nav_to_wp,0,0.002366257132962346,-1.0762159824371338,1.7930657863616943,0.005748853087425232,-0.3095545768737793,0.008496363647282124,0.011401408781243228,-1.0798362335811327,1.7996636218529847,0.3808656137158262,51219,0.23922463630148272,-0.0012272809581308926,0.004518431559758396,1.1838759819511324,-0.00371690344272973,-0.29997695345368575,0.0001096605793801229,0.0,-1.0,0.1,0.0,0.0,0.0,3.541935443878174,51219,nan,1.0078940391540527,50817.84196579753,50000,51748.534524780385,51520.25488626662,50,50776.03013651967,nan,nan,nan,0.033408984541893005
20.87411144201178,nav_to_wp,0,0.0022933227010071278,-1.0813285112380981,1.7932453155517578,0.006966974586248398,-0.3090342581272125,0.009243711829185486,0.011329920566318555,-1.0856057719216812,1.799665730984736,0.3802752952407565,51139,0.22364895094344206,-0.0002644332226702977,0.0038863088897911346,1.210157002788037,-0.00371690344272973,-0.29997695345368575,0.0001096605793801229,0.0,-1.0,0.1,0.0,0.0,0.0,3.541935443878174,51139,nan,0.9891968965530396,51697.493368811825,50000,51747.85397603414,51522.618066033894,50,50776.03013651967,nan,nan,nan,0.033408984541893005
20.893704987014644,nav_to_wp,0,0.002195151289924979,-1.0865250825881958,1.7934190034866333,0.008280780166387558,-0.309946209192276,0.0077851624228060246,0.011256775497048382,-1.0915090285916234,1.7996678889990072,0.38079549216310543,51209,0.23737446340647494,-7.162578449806043e-07,0.0032172520413362715,1.1375140165910125,-0.00371690344272973,-0.29997695345368575,0.0001096605793801229,0.0,-1.0,0.1,0.0,0.0,0.0,3.541935443878174,51209,nan,0.9926600456237793,51587.65100475127,50000,51745.71793641704,51523.48517188346,50,50776.03013651967,nan,nan,nan,0.033408984541893005
20.913809454010334,nav_to_wp,0,0.002197711728513241,-1.0917795896530151,1.793558120727539,0.009289078414440155,-0.31055453419685364,0.006432902067899704,0.011181975138416749,-1.0975458772871283,1.7996700958496268,0.381305965126999,51278,0.25084340704482777,0.0005009089222244148,0.002602923122223766,1.1830019939225167,-0.00371690344272973,-0.29997695345368575,0.0001096605793801229,0.0,-1.0,0.1,0.0,0.0,0.0,3.541935443878174,51278,nan,1.001421570777893,51205.20817238621,50000,51738.5111395633,51519.24147855684,50,50776.03013651967,nan,nan,nan,0.033408984541893005
20.93296151701361,nav_to_wp,0,0.0021361832041293383,-1.097029447555542,1.7937521934509277,0.010006677359342575,-0.31081700325012207,0.005043064244091511,0.011108514723402482,-1.103474584296864,1.7996722631676096,0.3817667364379424,51340,0.26300096142328044,0.0010740742435474534,0.002211342829953722,0.665628002025187,-0.00371690344272973,-0.29997695345368575,0.0001096605793801229,0.0,-1.0,0.1,0.0,0.0,0.0,3.541935443878174,51340,nan,0.9860986471176147,52063.75665362467,50000,51742.84774641745,51526.50168089108,50,50776.03013651967,nan,nan,nan,0.033408984541893005
20.95335365901701,nav_to_wp,0,0.0020260890014469624,-1.1074408292770386,1.7938809394836426,0.010892432183027267,-0.3112526535987854,0.0019631418399512768,0.01103368904506642,-1.1095134764481416,1.799674470765242,0.3831564238846403,51527,0.2996681763757323,-0.0037219438794412257,0.0017777941557242105,0.8742710051592439,-0.00371690344272973,-0.29997695345368575,0.0001096605793801229,0.0,-1.0,0.1,0.0,0.0,0.0,3.541935443878174,51527,nan,0.9953187704086304,51769.34418592897,50000,51743.201032277604,51529.73958095825,50,50776.03013651967,nan,nan,nan,0.033408984541893005
20.974517005000962,nav_to_wp,0,0.002056690165773034,-1.115408182144165,1.7939848899841309,0.010154630057513714,-0.3107664883136749,0.0009829857153818011,0.010957502653080136,-1.115662186554501,1.7996767185082931,0.38352812392852614,51577,0.3094755653964665,-0.0053615869347262285,0.0020494425208354983,1.1325870000291616,-0.00371690344272973,-0.29997695345368575,0.0001096605793801229,0.0,-1.0,0.1,0.0,0.0,0.0,3.541935443878174,51577,nan,1.0049078464508057,51325.104269175295,50000,51737.626408769574,51527.01111013448,50,50776.03013651967,nan,nan,nan,0.033408984541893005
20.99326268400182,nav_to_wp,0,0.001904959324747324,-1.1180003881454468,1.7940315008163452,0.010444910265505314,-0.31165164709091187,0.0011044687125831842,0.010884987587838863,-1.1215145980270458,1.7996788579354241,0.38341300117002836,51561,0.3064380255944137,-0.0024236463177016356,0.00198128143351628,0.7610949978698045,-0.00371690344272973,-0.29997695345368575,0.0001096605793801229,0.0,-1.0,0.1,0.0,0.0,0.0,3.541935443878174,51561,nan,0.9991711378097534,51603.77241582957,50000,51735.841688863715,51528.03459421042,50,50776.03013651967,nan,nan,nan,0.033408984541893005
21.01364979299251,nav_to_wp,0,0.0018413440557196736,-1.1205984354019165,1.7940162420272827,0.010923773981630802,-0.3125540614128113,0.0001575576898176223,0.010810708034195045,-1.127509414558951,1.7996810494206252,0.3839127030759313,51629,0.31962277245201065,0.0006485079913224416,0.001718126088969596,1.1371170112397522,-0.00371690344272973,-0.29997695345368575,0.0001096605793801229,0.0,-1.0,0.1,0.0,0.0,0.0,3.541935443878174,51629,nan,0.9940097332000732,51940.13526787888,50000,51738.56560325059,51533.52926985933,50,50776.03013651967,nan,nan,nan,0.033408984541893005
21.03454640301061,nav_to_wp,0,0.0019007620867341757,-1.1312538385391235,1.7940868139266968,0.010241787880659103,-0.31039947271347046,-0.0021263347007334232,0.01073615639573868,-1.1335261900075746,1.7996832489332013,0.3849766435725884,51772,0.34769508107093117,-0.0030536067502265718,0.001928480419527645,1.4572039945051074,-0.00371690344272973,-0.29997695345368575,0.0001096605793801229,0.0,-1.0,0.1,0.0,0.0,0.0,3.541935443878174,51772,nan,0.9830279350280762,52665.84819740788,50000,51748.56560325059,51543.52926985933,50,50776.03013651967,nan,nan,nan,0.033408984541893005
21.05402567901183,nav_to_wp,0,0.0019007620867341757,-1.1312538385391235,1.7940868139266968,0.009897585958242416,-0.3094879686832428,-0.004510296508669853,0.010661623564892041,-1.139541447566494,1.7996854478908928,0.38617783619584667,51933,0.3793888178323641,0.0036585388311163227,0.0020235424489098985,1.291302003664896,-0.00371690344272973,-0.29997695345368575,0.0001096605793801229,0.0,-1.0,0.1,0.0,0.0,0.0,3.541935443878174,51933,nan,1.0038104057312012,51735.865362115546,50000,51748.396266702126,51546.09375108942,50,50776.03013651967,nan,nan,nan,0.033408984541893005
21.073651974991662,nav_to_wp,0,0.0016805679770186543,-1.1443955898284912,1.794079303741455,0.009252524934709072,-0.3073597550392151,-0.004469755571335554,0.01058737015968997,-1.1455341537584314,1.799687638604631,0.3861744904457953,51933,0.3793005394668931,-0.0026442428848459983,0.002508804278571697,0.8788520062807947,-0.00371690344272973,-0.29997695345368575,0.0001096605793801229,0.0,-1.0,0.1,0.0,0.0,0.0,3.541935443878174,51933,nan,0.9934381246566772,52276.02878432671,50000,51755.43136693712,51555.826218199254,50,50776.03013651967,nan,nan,nan,0.033408984541893005
21.09351665500435,nav_to_wp,0,0.0016348486533388495,-1.1496822834014893,1.7940844297409058,0.007830504328012466,-0.3078957796096802,-0.005989160388708115,0.010513122567656644,-1.1515263907919209,1.799689829146862,0.3869364814375779,52035,0.3994058426801548,-0.002186734380396441,0.0032093901790044566,0.9618280164431781,-0.00371690344272973,-0.29997695345368575,0.0001096605793801229,0.0,-1.0,0.1,0.0,0.0,0.0,3.541935443878174,52035,nan,0.9933006763458252,52385.95043690841,50000,51763.83828787007,51565.826218199254,50,50776.03013651967,nan,nan,nan,0.033408984541893005
21.113299182994524,nav_to_wp,0,0.001561615034006536,-1.1577258110046387,1.794002890586853,0.007208780385553837,-0.3091646134853363,-0.007189223077148199,0.010439266819089642,-1.1574870036492457,1.7996920081284533,0.38765115790502125,52131,0.41826274155728704,-0.00498663533115711,0.0035235978198948636,0.8849129953887314,-0.00371690344272973,-0.29997695345368575,0.0001096605793801229,0.0,-1.0,0.1,0.0,0.0,0.0,3.541935443878174,52131,nan,0.9984430074691772,52212.294152011804,50000,51769.81769939196,51574.44579065009,50,50776.03013651967,nan,nan,nan,0.033408984541893005
21.134062122000614,nav_to_wp,0,0.001493738149292767,-1.1602813005447388,1.7939766645431519,0.006698890123516321,-0.3109273910522461,-0.006345392670482397,0.010364231343863495,-1.1635428276990516,1.7996942219157668,0.38726706729495336,52080,0.40812842466895205,-0.002286493845008966,0.0037830277416883717,1.37104099849239,-0.00371690344272973,-0.29997695345368575,0.0001096605793801229,0.0,-1.0,0.1,0.0,0.0,0.0,3.541935443878174,52080,nan,0.9998740553855896,52086.5600217179,50000,51774.040930356314,51581.273980397666,50,50776.03013651967,nan,nan,nan,0.033408984541893005
21.152974194992566,nav_to_wp,0,0.0014217456337064505,-1.1709175109863281,1.79388427734375,0.006600855849683285,-0.31202635169029236,-0.006100217346101999,0.010290517543902986,-1.169491984431358,1.7996963967094188,0.3872790199352295,52081,0.40844379776330975,-0.007695076171163823,0.0038317607217388527,0.6149479886516929,-0.00371690344272973,-0.29997695345368575,0.0001096605793801229,0.0,-1.0,0.1,0.0,0.0,0.0,3.5366568565368652,52081,nan,0.9874086976051331,52745.129880177854,50000,51784.040930356314,51591.273980397666,50,50716.79910796285,nan,nan,nan,0.033408984541893005
21.174702362011885,nav_to_wp,0,0.0012156112352386117,-1.1788305044174194,1.7937670946121216,0.005224667489528656,-0.3128769099712372,-0.006860189605504274,0.01021360406608748,-1.1756993748331055,1.7996986659038354,0.38782310788550256,52154,0.4227996803562668,-0.009882204589124352,0.004669369848097293,1.1354890011716634,-0.00371690344272973,-0.29997695345368575,0.0001096605793801229,0.0,-1.0,0.1,0.0,0.0,0.0,3.5366568565368652,52154,nan,1.0013344287872314,52084.49694790425,50000,51788.04701059029,51597.85028663109,50,50716.79910796285,nan,nan,nan,0.033408984541893005
21.19446774001699,nav_to_wp,0,0.0011767907999455929,-1.1841328144073486,1.7937091588974,0.0052482569590210915,-0.31404510140419006,-0.006023597903549671,0.010139795090930893,-1.1816562127887216,1.799700843505461,0.3874856008964376,52109,0.41389448275560703,-0.009818099149059217,0.004625142254520709,1.0925639944616705,-0.00371690344272973,-0.29997695345368575,0.0001096605793801229,0.0,-1.0,0.1,0.0,0.0,0.0,3.5366568565368652,52109,nan,1.006950855255127,51749.298119218896,50000,51787.53035870534,51599.86959106559,50,50716.79910796285,nan,nan,nan,0.033408984541893005
21.213612868014025,nav_to_wp,0,0.0009331341134384274,-1.189381718635559,1.7936644554138184,0.005489390343427658,-0.31425589323043823,-0.004798123612999916,0.01006723433382413,-1.1875123118756523,1.7997029842806485,0.3869356627054975,52035,0.39938424025059227,-0.009313285467545384,0.004683951707530998,1.0568290017545223,-0.00371690344272973,-0.29997695345368575,0.0001096605793801229,0.0,-1.0,0.1,0.0,0.0,0.0,3.5366568565368652,52035,nan,1.0033910274505615,51859.1442183928,50000,51788.48521016784,51603.32658609662,50,50716.79910796285,nan,nan,nan,0.033408984541893005
21.234175645018695,nav_to_wp,0,0.0009756744839251041,-1.1946519613265991,1.7936512231826782,0.005574403330683708,-0.3153704106807709,-0.003682925133034587,0.00999267652911214,-1.1935295849790053,1.799705183975149,0.3864024416655372,51963,0.38531508352340893,-0.009129670853773766,0.0045251924999498705,1.5735139895696193,-0.00371690344272973,-0.29997695345368575,0.0001096605793801229,0.0,-1.0,0.1,0.0,0.0,0.0,3.5366568565368652,51963,nan,0.9852875471115112,52738.91885910441,50000,51798.48521016784,51613.32658609662,50,50716.79910796285,nan,nan,nan,0.033408984541893005
21.253526059997967,nav_to_wp,0,0.0008943061111494899,-1.199913501739502,1.7936742305755615,0.005970066413283348,-0.3149394392967224,-0.005014872644096613,0.009918599806897547,-1.1995080317678861,1.799707369476172,0.3870448313694127,52050,0.40226467993173287,-0.008150863364804802,0.004320762286430746,1.010069012409076,-0.00371690344272973,-0.29997695345368575,0.0001096605793801229,0.0,-1.0,0.1,0.0,0.0,0.0,3.5366568565368652,52050,nan,0.9954305291175842,52288.93275569977,50000,51805.02451077493,51622.334668357995,50,50716.79910796285,nan,nan,nan,0.033408984541893005
21.27387815801194,nav_to_wp,0,0.0007470936398021877,-1.2102653980255127,1.7935386896133423,0.006202814169228077,-0.313564658164978,-0.004546070471405983,0.009843500683434137,-1.2055689926216477,1.799709585141313,0.38700315766779353,52044,0.401165109968165,-0.011876526255013706,0.0042754801951554455,0.9022240119520575,-0.00371690344272973,-0.29997695345368575,0.0001096605793801229,0.0,-1.0,0.1,0.0,0.0,0.0,3.5366568565368652,52044,nan,1.0133472681045532,51358.504274006,50000,51799.070907618014,51618.81692976664,50,50716.79910796285,nan,nan,nan,0.033408984541893005
21.293417489010608,nav_to_wp,0,0.0006910983938723803,-1.2155250310897827,1.7935737371444702,0.006066419184207916,-0.3122120201587677,-0.0022763016168028116,0.009770226990801052,-1.2114826299875492,1.7997117469503863,0.38582751356046346,51886,0.3701454765293768,-0.010533430326832866,0.004341297901009122,0.9446289914194494,-0.00371690344272973,-0.29997695345368575,0.0001096605793801229,0.0,-1.0,0.1,0.0,0.0,0.0,3.5366568565368652,51886,nan,1.0091277360916138,51416.682095129254,50000,51793.972390118164,51616.121798638145,50,50716.79910796285,nan,nan,nan,0.033408984541893005
21.3135255590023,nav_to_wp,0,0.000573864730540663,-1.2206255197525024,1.7935724258422852,0.005772743374109268,-0.31233692169189453,-9.561501065036282e-05,0.009695376294031074,-1.2175235412802174,1.7997139552861425,0.3847445693256285,51740,0.34157175001658224,-0.009650249534752298,0.0045502430516848325,0.9439669956918806,-0.00371690344272973,-0.29997695345368575,0.0001096605793801229,0.0,-1.0,0.1,0.0,0.0,0.0,3.5366568565368652,51740,nan,1.0126487016677856,51093.73064398998,50000,51784.635833503125,51609.15658324284,50,50716.79910796285,nan,nan,nan,0.033408984541893005
21.33339402099955,nav_to_wp,0,0.0006165519007481635,-1.2258036136627197,1.7936015129089355,0.005641203839331865,-0.3109085261821747,0.0026509123854339123,0.009621553666722652,-1.2234814810483983,1.7997161332905505,0.3833384494977338,51551,0.3044709630008917,-0.008126587933478216,0.0045139879097744195,0.9811659983824939,-0.00371690344272973,-0.29997695345368575,0.0001096605793801229,0.0,-1.0,0.1,0.0,0.0,0.0,3.5366568565368652,51551,nan,1.0184645652770996,50616.39035617721,50000,51774.635833503125,51599.15658324284,50,50716.79910796285,nan,nan,nan,0.033408984541893005
21.35398521699244,nav_to_wp,0,0.00045351008884608746,-1.2334365844726562,1.7937012910842896,0.005579751916229725,-0.30913078784942627,0.005256309639662504,0.009546642343615535,-1.2295272852591084,1.7997183434149782,0.38192246817104253,51361,0.2671099781277704,-0.008888107725463695,0.004655207273325024,1.354164007352665,-0.00371690344272973,-0.29997695345368575,0.0001096605793801229,0.0,-1.0,0.1,0.0,0.0,0.0,3.5366568565368652,51361,nan,0.9964761734008789,51542.627281001376,50000,51771.54238613643,51598.402859212954,50,50716.79910796285,nan,nan,nan,0.033408984541893005
21.373192272993037,nav_to_wp,0,0.0005038838717155159,-1.2385574579238892,1.793769359588623,0.005400783382356167,-0.3086729347705841,0.0045824251137673855,0.009472856346474743,-1.235482268747617,1.7997205203386786,0.3821793795837905,51395,0.2738886433717802,-0.007769475794403962,0.004615785108069925,0.8273280109278858,-0.00371690344272973,-0.29997695345368575,0.0001096605793801229,0.0,-1.0,0.1,0.0,0.0,0.0,3.5366568565368652,51395,nan,0.9916589856147766,51827.292189701475,50000,51772.28571685064,51601.4547169528,50,50716.79910796285,nan,nan,nan,0.033408984541893005
21.393521374993725,nav_to_wp,0,0.00031948278774507344,-1.2461622953414917,1.7938584089279175,0.0058327713049948215,-0.3072330355644226,0.003798923222348094,0.009398352879064363,-1.2414951564967505,1.7997227184300542,0.38247109252841327,51435,0.28158555483939907,-0.008675550292400011,0.0045013046330617534,1.0007759847212583,-0.00371690344272973,-0.29997695345368575,0.0001096605793801229,0.0,-1.0,0.1,0.0,0.0,0.0,3.5366568565368652,51435,nan,0.9996333122253418,51453.86750417266,50000,51768.0401406816,51599.486887449064,50,50716.79910796285,nan,nan,nan,0.033408984541893005
21.413487062003696,nav_to_wp,0,0.0003426933544687927,-1.2512296438217163,1.7939449548721313,0.006409004796296358,-0.30597159266471863,0.0037841033190488815,0.009323456512713178,-1.2475397536053263,1.7997249281132097,0.3823731618439524,51422,0.2790016317665529,-0.006995596131468671,0.00409842572405128,0.8112650248222053,-0.00371690344272973,-0.29997695345368575,0.0001096605793801229,0.0,-1.0,0.1,0.0,0.0,0.0,3.5366568565368652,51422,nan,0.9986005425453186,51494.06375138872,50000,51764.3871221577,51598.08124563493,50,50716.79910796285,nan,nan,nan,0.033408984541893005
21.43436312500853,nav_to_wp,0,0.000273953570285812,-1.258707880973816,1.7941274642944336,0.006841250695288181,-0.3047776520252228,0.0035842324141412973,0.009249672805228305,-1.2534945523045293,1.7997271049693577,0.3822557056006508,51406,0.27590252244461055,-0.007967248474893381,0.0038682497928135273,1.2545879872050136,-0.00371690344272973,-0.29997695345368575,0.0001096605793801229,0.0,-1.0,0.1,0.0,0.0,0.0,3.5366568565368652,51406,nan,0.9989935159683228,51457.79144539517,50000,51760.299179800866,51596.21071496507,50,50716.79910796285,nan,nan,nan,0.033408984541893005
21.453704660991207,nav_to_wp,0,0.00028133601881563663,-1.263729214668274,1.7941612005233765,0.0072520822286605835,-0.3029614984989166,0.00241655926220119,0.009175028050924808,-1.2595188427743451,1.7997293072291503,0.3827999261912081,51479,0.2902619047812163,-0.005958950314505438,0.003562389827140189,1.1617049749474972,-0.00371690344272973,-0.29997695345368575,0.0001096605793801229,0.0,-1.0,0.1,0.0,0.0,0.0,3.5366568565368652,51479,nan,1.0101240873336792,50963.045674798064,50000,51750.299179800866,51587.76851442951,50,50716.79910796285,nan,nan,nan,0.033408984541893005
21.47358044201974,nav_to_wp,0,0.0002707420790102333,-1.268717646598816,1.794297456741333,0.008242500945925713,-0.3013651669025421,0.0034937297459691763,0.009100973083686714,-1.2654955338029075,1.7997314920883318,0.3820948728093744,51384,0.271658913176104,-0.004099764960633664,0.0029841102237393446,1.0561449744272977,-0.00371690344272973,-0.29997695345368575,0.0001096605793801229,0.0,-1.0,0.1,0.0,0.0,0.0,3.5366568565368652,51384,nan,0.9988530874252319,51443.00062429981,50000,51746.20186572752,51585.83827589445,50,50716.79910796285,nan,nan,nan,0.033408984541893005
21.493675061006797,nav_to_wp,0,0.0002639995072968304,-1.2736787796020508,1.7943183183670044,0.008745218627154827,-0.2986757755279541,0.003495976561680436,0.009026367650540199,-1.2715166508136708,1.799733693188024,0.3820727467668235,51381,0.2710751125810944,-0.001582469073665526,0.0026500817894925532,1.0602659895084798,-0.00371690344272973,-0.29997695345368575,0.0001096605793801229,0.0,-1.0,0.1,0.0,0.0,0.0,3.5366568565368652,51381,nan,1.0010273456573486,51328.26812664087,50000,51740.62941587303,51582.40400723774,50,50716.79910796285,nan,nan,nan,0.033408984541893005
21.51413128201966,nav_to_wp,0,0.0001597850932739675,-1.2784855365753174,1.7942891120910645,0.008961079642176628,-0.29634279012680054,0.0038170181214809418,0.008951887636904226,-1.277527645699053,1.799735890587438,0.38195652235645466,51365,0.26800850544735155,0.0008997817165600898,0.002568997837098852,1.3575229968409985,-0.00371690344272973,-0.29997695345368575,0.0001096605793801229,0.0,-1.0,0.1,0.0,0.0,0.0,3.5366568565368652,51365,nan,0.9853601455688477,52128.148505891746,50000,51745.796337073276,51589.680600553125,50,50716.79910796285,nan,nan,nan,0.033408984541893005
21.533414477016777,nav_to_wp,0,6.245397526072338e-05,-1.288284420967102,1.794348120689392,0.00857038889080286,-0.2929297685623169,0.0019731158390641212,0.008877959572163203,-1.2834940949161067,1.7997380717025886,0.3828132412725724,51481,0.2906132261892438,-0.0013236103407627134,0.0027918186864328565,0.9812179778236896,-0.00371690344272973,-0.29997695345368575,0.0001096605793801229,0.0,-1.0,0.1,0.0,0.0,0.0,3.5366568565368652,51481,nan,1.0230417251586914,50321.50569617716,50000,51735.796337073276,51579.680600553125,50,50716.79910796285,nan,nan,nan,0.033408984541893005
21.55396800901508,nav_to_wp,0,-4.791095125256106e-05,-1.2931052446365356,1.794313669204712,0.008147708140313625,-0.29087337851524353,0.004136836621910334,0.008803220854668968,-1.2895259687929517,1.799740276734597,0.38178278433157037,51342,0.2634243886957872,0.001018921105209792,0.0030581060054848397,1.2630489945877343,-0.00371690344272973,-0.29997695345368575,0.0001096605793801229,0.0,-1.0,0.1,0.0,0.0,0.0,3.5366568565368652,51342,nan,0.9929988980293274,51703.98487036756,50000,51735.37218418387,51581.33799081732,50,50716.79910796285,nan,nan,nan,0.033408984541893005
21.573166179994587,nav_to_wp,0,1.7182372175739147e-05,-1.2979949712753296,1.7943757772445679,0.007613255176693201,-0.2898643910884857,0.0030415309593081474,0.008729567331636705,-1.2954702608066615,1.799742449749886,0.382262186309217,51407,0.276073517393586,0.0026490577785869777,0.0031887127976626406,0.7766479975543916,-0.00371690344272973,-0.29997695345368575,0.0001096605793801229,0.0,-1.0,0.1,0.0,0.0,0.0,3.5366568565368652,51407,nan,0.9972304105758667,51549.771702523794,50000,51732.89751109507,51580.91710697341,50,50716.79910796285,nan,nan,nan,0.033408984541893005
21.593929663009476,nav_to_wp,0,1.3724318705499172e-05,-1.302817463874817,1.7943518161773682,0.007716234307736158,-0.2883107364177704,0.0025160538498312235,0.008654677150147439,-1.3015143587588658,1.799744659250568,0.3825658258820618,51447,0.28408511562168215,0.004736483198176811,0.0030576578619185835,1.1042669939342886,-0.00371690344272973,-0.29997695345368575,0.0001096605793801229,0.0,-1.0,0.1,0.0,0.0,0.0,3.5366568565368652,51447,nan,1.0012125968933105,51384.691083228754,50000,51728.25475872352,51578.30075999015,50,50716.79910796285,nan,nan,nan,0.033408984541893005
21.614085447014077,nav_to_wp,0,-4.394189454615116e-05,-1.3101450204849243,1.7944148778915405,0.00735089648514986,-0.2857195734977722,0.0008590666111558676,0.0085792966645786,-1.307598027263903,1.799746883216794,0.383323897633797,51549,0.30408700880730777,0.004781061706087806,0.0032237426001999747,1.2318349909037352,-0.00371690344272973,-0.29997695345368575,0.0001096605793801229,0.0,-1.0,0.1,0.0,0.0,0.0,3.5366568565368652,51549,nan,0.9936022758483887,51880.91981369992,50000,51730.29029278987,51582.335680706274,50,50716.79910796285,nan,nan,nan,0.033408984541893005
21.633322081994265,nav_to_wp,0,-0.00011774571612477303,-1.317405343055725,1.7942613363265991,0.00744971539825201,-0.2839983105659485,-0.0004916667239740491,0.008506246517696894,-1.3134936231136638,1.7997490384305503,0.38419838742186674,51667,0.3271606179912059,0.004245342319635956,0.0031657476885043057,0.8516059897374362,-0.00371690344272973,-0.29997695345368575,0.0001096605793801229,0.0,-1.0,0.1,0.0,0.0,0.0,3.5366568565368652,51667,nan,0.9885386228561401,52266.04080548807,50000,51737.43363295918,51591.4517490367,50,50716.79910796285,nan,nan,nan,0.033408984541893005
21.65406299600727,nav_to_wp,0,-0.00015645415987819433,-1.3222421407699585,1.7941933870315552,0.007475250866264105,-0.28421831130981445,-0.002467620652168989,0.008429836464751657,-1.3196603840341232,1.7997512927723176,0.38528197337808673,51813,0.35575127646666616,0.0054999890353521885,0.003104446592188115,0.9522569889668375,-0.00371690344272973,-0.29997695345368575,0.0001096605793801229,0.0,-1.0,0.1,0.0,0.0,0.0,3.5366568565368652,51813,nan,0.9911739826202393,52274.37453819019,50000,51744.59284502893,51600.55738622541,50,50716.79910796285,nan,nan,nan,0.033408984541893005
21.673656970000593,nav_to_wp,0,-0.0002904796856455505,-1.3270343542099,1.794090747833252,0.007762996945530176,-0.28485172986984253,-0.004243044648319483,0.008357199949631022,-1.3255225972584137,1.7997534357826097,0.38630797503736697,51951,0.3828225603526896,0.006265386422041589,0.003010793483003038,0.9734539780765772,-0.00371690344272973,-0.29997695345368575,0.0001096605793801229,0.0,-1.0,0.1,0.0,0.0,0.0,3.5366568565368652,51951,nan,0.9914920926094055,52396.78701145819,50000,51753.288767247985,51610.55738622541,50,50716.79910796285,nan,nan,nan,0.033408984541893005
21.693188524019206,nav_to_wp,0,-0.0002807420678436756,-1.3294416666030884,1.7940452098846436,0.007619151845574379,-0.2846224904060364,-0.005616204347461462,0.00828300822645692,-1.3315103253315705,1.79975562467653,0.387071955319357,52053,0.40298035143421984,0.010071614358393665,0.002992443066037076,0.7097689958754927,-0.00371690344272973,-0.29997695345368575,0.0001096605793801229,0.0,-1.0,0.1,0.0,0.0,0.0,3.5366568565368652,52053,nan,0.9915916323661804,52494.39214789338,50000,51763.17014565659,51620.55738622541,50,50716.79910796285,nan,nan,nan,0.033408984541893005
21.713621519011213,nav_to_wp,0,-0.0002937758690677583,-1.3319259881973267,1.79400634765625,0.008409072645008564,-0.28465744853019714,-0.006629446055740118,0.008208811756730685,-1.3374984364806586,1.799757813710489,0.3876516408778138,52131,0.4182754849027379,0.013654170338508374,0.0025173138986103183,0.9977020090445876,-0.00371690344272973,-0.29997695345368575,0.0001096605793801229,0.0,-1.0,0.1,0.0,0.0,0.0,3.5366568565368652,52131,nan,0.993569016456604,52468.423568517064,50000,51772.57352462807,51630.55738622541,50,50716.79910796285,nan,nan,nan,0.033408984541893005
21.733388216001913,nav_to_wp,0,-0.0005541954888030887,-1.344005823135376,1.7936326265335083,0.008548781275749207,-0.2830694913864136,-0.008118453435599804,0.008134062301024963,-1.343531176997172,1.7997600190593088,0.3888492583438339,52292,0.4498748903386236,0.008208015715204062,0.0026286982101855205,0.7195240177679807,-0.00371690344272973,-0.29997695345368575,0.0001096605793801229,0.0,-1.0,0.1,0.0,0.0,0.0,3.5366568565368652,52292,nan,0.9872466325759888,52967.514169743255,50000,51782.57352462807,51640.55738622541,50,50716.79910796285,nan,nan,nan,0.033408984541893005
21.75323810201371,nav_to_wp,0,-0.0005541954888030887,-1.344005823135376,1.7936326265335083,0.0069333408027887344,-0.2808855473995209,-0.009591399691998959,0.008060158117462229,-1.3494956988563542,1.799762199469888,0.38962878618479635,52397,0.47044290725056115,0.015436499716298534,0.003376791295892634,0.7567470020148903,-0.00371690344272973,-0.29997695345368575,0.0001096605793801229,0.0,-1.0,0.1,0.0,0.0,0.0,3.5366568565368652,52397,nan,0.9872466325759888,53073.87057201938,50000,51792.57352462807,51650.55738622541,50,50716.79910796285,nan,nan,nan,0.033408984541893005
21.81093081799918,nav_to_wp,0,-0.0006202863296493888,-1.3488621711730957,1.7934775352478027,0.0069333408027887344,-0.2808855473995209,-0.009591399691998959,0.00785147379277958,-1.3663378065183889,1.7997683563271496,0.3899398544554262,52439,0.4786505133357828,0.027722163019581587,0.003227824422440184,1.008335006190464,-0.00371690344272973,-0.29997695345368575,0.0001096605793801229,0.0,-1.0,0.1,0.0,0.0,0.0,3.5313782691955566,52439,nan,0.9872466325759888,53116.41313292983,50000,51802.57352462807,51660.55738622541,50,50657.568079406024,nan,nan,nan,0.033408984541893005
21.81843332599965,nav_to_wp,0,-0.0006550179095938802,-1.3512941598892212,1.7934365272521973,0.0069333408027887344,-0.2808855473995209,-0.009591399691998959,0.007828697351838495,-1.368176005295758,1.7997690283052488,0.3899917693123216,52446,0.4800202984781414,0.0271092125195836,0.003239656743887931,0.9258200007025152,-0.00371690344272973,-0.29997695345368575,0.0001096605793801229,0.0,-1.0,0.1,0.0,0.0,0.0,3.5313782691955566,52446,nan,1.0003019571304321,52430.16833682094,50000,51810.94145545731,51670.55738622541,50,50657.568079406024,nan,nan,nan,0.033408984541893005
21.834728389017982,nav_to_wp,0,-0.0011563709704205394,-1.3708417415618896,1.7926709651947021,0.006240861024707556,-0.27093827724456787,-0.007039531599730253,0.007760128329755426,-1.3737099468314227,1.7997710513114433,0.389602343562066,52394,0.4697452127194186,0.01785267405264365,0.004042714688259119,1.0342900059185922,-0.00371690344272973,-0.29997695345368575,0.0001096605793801229,0.0,-1.0,0.1,0.0,0.0,0.0,3.5313782691955566,52394,nan,1.004729151725769,52147.38709432851,50000,51815.42739730893,51676.91511566679,50,50657.568079406024,nan,nan,nan,0.033408984541893005
21.853169336012797,nav_to_wp,0,-0.0013481477508321404,-1.378464937210083,1.7925788164138794,0.0027133459225296974,-0.2625722885131836,-0.006593842525035143,0.007688374122065009,-1.3795009524230681,1.7997731682908347,0.38952624268507224,52383,0.46773727401245857,0.020270831660506,0.0059779611484396256,0.6917639984749258,-0.00371690344272973,-0.29997695345368575,0.0001096605793801229,0.0,-1.0,0.1,0.0,0.0,0.0,3.5313782691955566,52383,nan,1.0031636953353882,52217.79879353266,50000,51820.79234925858,51684.12689803834,50,50657.568079406024,nan,nan,nan,0.033408984541893005
21.873580037994543,nav_to_wp,0,-0.0015748816076666117,-1.3859338760375977,1.792349934577942,0.002564984606578946,-0.26847732067108154,-0.006389806512743235,0.007614275793507923,-1.38548114297659,1.7997753544293142,0.3896890519191688,52405,0.4720330321680404,0.015702783271616887,0.006208285502946609,1.0997139906976372,-0.00371690344272973,-0.29997695345368575,0.0001096605793801229,0.0,-1.0,0.1,0.0,0.0,0.0,3.5313782691955566,52405,nan,1.006761908531189,52053.022224942986,50000,51823.88874760105,51689.04550239707,50,50657.568079406024,nan,nan,nan,0.033408984541893005
21.89369941499899,nav_to_wp,0,-0.001700709923170507,-1.3908957242965698,1.792189359664917,0.002730362582951784,-0.2743832767009735,-0.006180857308208942,0.007539366269261629,-1.391526802008175,1.7997775645006697,0.3897845332538378,52418,0.47455232859730145,0.01378053350224955,0.006174161251883747,1.0227870079688728,-0.00371690344272973,-0.29997695345368575,0.0001096605793801229,0.0,-1.0,0.1,0.0,0.0,0.0,3.5313782691955566,52418,nan,1.0043214559555054,52192.45261481527,50000,51828.80293249724,51695.75759722931,50,50657.568079406024,nan,nan,nan,0.033408984541893005
21.91377851800644,nav_to_wp,0,-0.0018391967751085758,-1.3961143493652344,1.7921571731567383,0.0031878435984253883,-0.2795086205005646,-0.00500132841989398,0.0074649371623377245,-1.3975336884089995,1.7997797603981724,0.3892358822686229,52344,0.4600760493040319,0.01197628005065678,0.006013624081216973,1.1269759852439165,-0.00371690344272973,-0.29997695345368575,0.0001096605793801229,0.0,-1.0,0.1,0.0,0.0,0.0,3.5313782691955566,52344,nan,1.004194736480713,52125.34790158736,50000,51832.75686541844,51701.48546795409,50,50657.568079406024,nan,nan,nan,0.033408984541893005
21.93354093801463,nav_to_wp,0,-0.0020869593136012554,-1.4038279056549072,1.7920480966567993,0.00342634879052639,-0.2841396927833557,-0.004008429124951363,0.007391100436867297,-1.4034927659855072,1.7997819388185214,0.3888702919766318,52295,0.4504298674573022,0.0078007579374770025,0.006075516790197355,1.0219629912171513,-0.00371690344272973,-0.29997695345368575,0.0001096605793801229,0.0,-1.0,0.1,0.0,0.0,0.0,3.5313782691955566,52295,nan,1.0125439167022705,51647.14254599278,50000,51830.28200782611,51700.760895661275,50,50657.568079406024,nan,nan,nan,0.033408984541893005
21.95357343100477,nav_to_wp,0,-0.002179081318899989,-1.4090447425842285,1.7919983863830566,0.003484918037429452,-0.29030853509902954,-0.0032166081946343184,0.007316895946097555,-1.409481524482107,1.799784128089127,0.38854090938896124,52251,0.4417390340095295,0.005426572997687124,0.0060689647558813675,1.0359910083934665,-0.00371690344272973,-0.29997695345368575,0.0001096605793801229,0.0,-1.0,0.1,0.0,0.0,0.0,3.526099681854248,52251,nan,1.001631259918213,52165.90385194897,50000,51834.75696574774,51706.96280174511,50,50598.3370508492,nan,nan,nan,0.033408984541893005
21.973902594996616,nav_to_wp,0,-0.0024416802916675806,-1.4169005155563354,1.7919921875,0.0029506320133805275,-0.2970046401023865,-0.0019716331735253334,0.007242437520197785,-1.4154907771044907,1.7997863248516335,0.38793215204489867,52169,0.42567683495774666,7.87971419724633e-05,0.006547944458551447,1.2880690046586096,-0.00371690344272973,-0.29997695345368575,0.0001096605793801229,0.0,-1.0,0.1,0.0,0.0,0.0,3.526099681854248,52169,nan,1.0136291980743408,51467.53872038112,50000,51829.86072247619,51703.770480660256,50,50598.3370508492,nan,nan,nan,0.033408984541893005
21.993350138014648,nav_to_wp,0,-0.0025210720486938953,-1.42231023311615,1.7920315265655518,0.0023092669434845448,-0.3044317960739136,0.00069365871604532,0.0071682333639086285,-1.4214795086064516,1.7997885141123708,0.3865636681087506,51985,0.3895690793865576,-0.003164522848761828,0.006908329855463968,0.8541450079064816,-0.00371690344272973,-0.29997695345368575,0.0001096605793801229,0.0,-1.0,0.1,0.0,0.0,0.0,3.526099681854248,51985,nan,0.9993873834609985,52016.86639265917,50000,51832.354131411965,51707.94509282024,50,50598.3370508492,nan,nan,nan,0.033408984541893005
22.01327233700431,nav_to_wp,0,-0.0025906232185661793,-1.424871563911438,1.7919914722442627,0.0025658998638391495,-0.30874213576316833,0.0006496596033684909,0.007093927721319938,-1.4274764306765617,1.7997907063672793,0.3866446275968128,51996,0.3917052136362198,-0.001839173230813338,0.006769212646590583,0.8315879967994988,-0.00371690344272973,-0.29997695345368575,0.0001096605793801229,0.0,-1.0,0.1,0.0,0.0,0.0,3.526099681854248,51996,nan,0.9976767897605896,52117.07893142164,50000,51836.15046207876,51713.40021066826,50,50598.3370508492,nan,nan,nan,0.033408984541893005
22.050125703011872,nav_to_wp,0,-0.0029247733764350414,-1.4356735944747925,1.7920761108398438,0.0025319415144622326,-0.3121378421783447,0.0006689629517495632,0.007019823018268177,-1.4334571356909842,1.799792892693827,0.38655398894116333,51984,0.3893136923789786,-0.00858582444153942,0.00705746749785896,0.7269429916050285,-0.00371690344272973,-0.29997695345368575,0.0001096605793801229,0.0,-1.0,0.1,0.0,0.0,0.0,3.526099681854248,51984,nan,0.9976767897605896,52105.05098798028,50000,51839.73580242411,51718.62222103242,50,50598.3370508492,nan,nan,nan,0.033408984541893005
22.061222357995575,nav_to_wp,0,-0.00294546689838171,-1.4384195804595947,1.792113184928894,0.0027603767812252045,-0.3154136538505554,0.0035923144314438105,0.006916300143244489,-1.4418120679997894,1.7997959469508529,0.3850465993171245,51781,0.34954087907980025,-0.004493980335675845,0.006880392345168795,0.7259919948410243,-0.00371690344272973,-0.29997695345368575,0.0001096605793801229,0.0,-1.0,0.1,0.0,0.0,0.0,3.526099681854248,51781,nan,1.0169572830200195,50917.57624885475,50000,51829.73580242411,51708.62222103242,50,50598.3370508492,nan,nan,nan,0.033408984541893005
22.073262955993414,nav_to_wp,0,-0.0032090474851429462,-1.4493632316589355,1.7922887802124023,0.0036345135886222124,-0.3163425326347351,0.0049255043268203735,0.006871127615874835,-1.4454577686075514,1.799797279685372,0.38419565288527646,51667,0.32708846662998425,-0.012586129440478055,0.00666797138026376,0.8290899859275669,-0.00371690344272973,-0.29997695345368575,0.0001096605793801229,0.0,-1.0,0.1,0.0,0.0,0.0,3.526099681854248,51667,nan,1.0018038749694824,51573.96701183045,50000,51826.32555188287,51706.82681824306,50,50598.3370508492,nan,nan,nan,0.033408984541893005
22.093403819017112,nav_to_wp,0,-0.0032807085663080215,-1.4548540115356445,1.7923976182937622,0.003003905061632395,-0.32190296053886414,0.005068072583526373,0.0067967690705081595,-1.451458960257007,1.7997994735010825,0.3840118454805521,51642,0.3222386670330355,-0.014956769487736297,0.006996792697771648,0.9694990003481507,-0.00371690344272973,-0.29997695345368575,0.0001096605793801229,0.0,-1.0,0.1,0.0,0.0,0.0,3.526099681854248,51642,nan,1.0081158876419067,51226.25348242084,50000,51818.324590956705,51700.41917376543,50,50598.3370508492,nan,nan,nan,0.033408984541893005
22.113226425019093,nav_to_wp,0,-0.0034212295431643724,-1.457647442817688,1.7924913167953491,0.004406665451824665,-0.3245932161808014,0.006090784911066294,0.006722211057665302,-1.4574762501578002,1.7998016732017237,0.3833812926343999,51557,0.3056013887704445,-0.013020904402211934,0.0063453247006970415,0.8040159882511944,-0.00371690344272973,-0.29997695345368575,0.0001096605793801229,0.0,-1.0,0.1,0.0,0.0,0.0,3.526099681854248,51557,nan,1.0050920248031616,51295.80051149742,50000,51811.35760323059,51695.02425826853,50,50598.3370508492,nan,nan,nan,0.033408984541893005
22.132952596992254,nav_to_wp,0,-0.003540233476087451,-1.4631668329238892,1.7925626039505005,0.0058954558335244656,-0.32613104581832886,0.007055268622934818,0.006648245994957818,-1.4634456853381521,1.799803855408433,0.38281997877367113,51482,0.2907909966667823,-0.013373155382661508,0.005623873886752895,0.650155998300761,-0.00371690344272973,-0.29997695345368575,0.0001096605793801229,0.0,-1.0,0.1,0.0,0.0,0.0,3.526099681854248,51482,nan,1.0031818151474,51318.71334054797,50000,51804.78901306149,51690.00677936559,50,50598.3370508492,nan,nan,nan,0.033408984541893005
22.153349319007248,nav_to_wp,0,-0.003773303236812353,-1.4770528078079224,1.792844533920288,0.006920270621776581,-0.3265807330608368,0.007213222328573465,0.0065734759772419354,-1.469480085335268,1.799806061363898,0.3824544722480443,51432,0.2811470250143593,-0.021834295245840837,0.005258890376022007,0.8738260075915605,-0.00371690344272973,-0.29997695345368575,0.0001096605793801229,0.0,-1.0,0.1,0.0,0.0,0.0,3.5313782691955566,51432,nan,1.0056787729263306,51141.578588104065,50000,51795.94620739539,51682.694403482106,50,50657.568079406024,nan,nan,nan,0.033408984541893005
22.17311100999359,nav_to_wp,0,-0.0038065691478550434,-1.482628583908081,1.7930107116699219,0.006729756016284227,-0.32951533794403076,0.007699795998632908,0.00649939827376169,-1.4754586113183186,1.7998082468938716,0.382022763997857,51374,0.2697563060120576,-0.022973924752880973,0.005321841694188478,0.7493119919672608,-0.00371690344272973,-0.29997695345368575,0.0001096605793801229,0.0,-1.0,0.1,0.0,0.0,0.0,3.5313782691955566,51374,nan,0.9938886761665344,51689.893679190944,50000,51794.532173686,51682.79039382489,50,50657.568079406024,nan,nan,nan,0.033408984541893005
22.193499799992424,nav_to_wp,0,-0.003789782989770174,-1.4853929281234741,1.793010950088501,0.007425334304571152,-0.3323429226875305,0.006393637042492628,0.006424644361524037,-1.4814917115043504,1.7998104523741736,0.3826677285631601,51461,0.2867738407166236,-0.020995670115175183,0.00485363814309947,0.9118229791056365,-0.00371690344272973,-0.29997695345368575,0.0001096605793801229,0.0,-1.0,0.1,0.0,0.0,0.0,3.5313782691955566,51461,nan,0.9991909265518188,51502.66944235626,50000,51790.640670601606,51680.388781138645,50,50657.568079406024,nan,nan,nan,0.033408984541893005
22.213603367999895,nav_to_wp,0,-0.003847934305667877,-1.4881458282470703,1.793019413948059,0.007786737754940987,-0.332440584897995,0.005683740135282278,0.006350196547377857,-1.487500107692995,1.7998126488235995,0.3829964235094886,51505,0.2954465305933649,-0.017627937346133805,0.004643726114922364,0.9555210126563907,-0.00371690344272973,-0.29997695345368575,0.0001096605793801229,0.0,-1.0,0.1,0.0,0.0,0.0,3.5313782691955566,51505,nan,0.9854902029037476,52263.33031849579,50000,51796.943199240195,51688.16133497007,50,50657.568079406024,nan,nan,nan,0.033408984541893005
22.23324060899904,nav_to_wp,0,-0.003991536796092987,-1.4937779903411865,1.7931774854660034,0.007936416193842888,-0.3304367959499359,0.002987154759466648,0.006276216070653949,-1.4934707868792132,1.7998148314850715,0.3841472423591235,51660,0.3258111440401965,-0.016179180277093405,0.004624381890604212,0.7980830268934369,-0.00371690344272973,-0.29997695345368575,0.0001096605793801229,0.0,-1.0,0.1,0.0,0.0,0.0,3.5313782691955566,51660,nan,0.9953628182411194,51900.672853429554,50000,51798.32626129605,51690.994821882865,50,50657.568079406024,nan,nan,nan,0.033408984541893005
22.253382461,nav_to_wp,0,-0.003996814135462046,-1.5020266771316528,1.7932758331298828,0.008743456564843655,-0.3285609781742096,0.002271770965307951,0.006201856164972472,-1.4994720883144346,1.7998170253409156,0.3843992469566668,51694,0.3324603418645573,-0.017531364027058016,0.0041295622792068,0.9284029947593808,-0.00371690344272973,-0.29997695345368575,0.0001096605793801229,0.0,-1.0,0.1,0.0,0.0,0.0,3.5313782691955566,51694,nan,1.0014970302581787,51616.72819606231,50000,51795.9049537596,51690.004600205255,50,50657.568079406024,nan,nan,nan,0.033408984541893005
22.27472270699218,nav_to_wp,0,-0.004139742348343134,-1.515812873840332,1.7935338020324707,0.007297040894627571,-0.32341834902763367,0.0030173093546181917,0.006123897969713899,-1.5057637938351032,1.7998193253578494,0.3837543571702855,51607,0.31544478021861266,-0.022693594137809518,0.004958054598072081,1.0015419975388795,-0.00371690344272973,-0.29997695345368575,0.0001096605793801229,0.0,-1.0,0.1,0.0,0.0,0.0,3.5313782691955566,51607,nan,0.9965300559997559,51786.69693833363,50000,51795.78218022059,51691.293831380295,50,50657.568079406024,nan,nan,nan,0.033408984541893005
22.29359990701778,nav_to_wp,0,-0.004211780149489641,-1.5185601711273193,1.7935501337051392,0.006867801770567894,-0.3221276104450226,0.0037027348298579454,0.0060531112161818605,-1.511476719929794,1.7998214137942385,0.38337055951640264,51556,0.3053181930449238,-0.01894784069055419,0.0051882555341005165,1.0479479969944805,-0.00371690344272973,-0.29997695345368575,0.0001096605793801229,0.0,-1.0,0.1,0.0,0.0,0.0,3.5313782691955566,51556,nan,0.9909075498580933,52029.071740732295,50000,51798.892707694074,51695.79753683832,50,50657.568079406024,nan,nan,nan,0.033408984541893005
22.313189530017553,nav_to_wp,0,-0.0043306732550263405,-1.5293835401535034,1.7936042547225952,0.0066969748586416245,-0.32151833176612854,0.003396775107830763,0.005979148093721402,-1.5174459985202853,1.7998235959437043,0.3835038768418916,51574,0.3088358005776133,-0.02368755840300412,0.005322403864656433,0.8478529925923795,-0.00371690344272973,-0.29997695345368575,0.0001096605793801229,0.0,-1.0,0.1,0.0,0.0,0.0,3.5313782691955566,51574,nan,1.005628228187561,51285.354323189174,50000,51792.045529234005,51690.324960656326,50,50657.568079406024,nan,nan,nan,0.033408984541893005
22.333249623014126,nav_to_wp,0,-0.0044561815448105335,-1.5346806049346924,1.793604850769043,0.0071289013139903545,-0.32051560282707214,0.0036899473052471876,0.005904302176929978,-1.5234865240393047,1.7998258041384358,0.38335374677599054,51553,0.3048745851184833,-0.022397574326537988,0.005152007228996336,0.7590599998366088,-0.00371690344272973,-0.29997695345368575,0.0001096605793801229,0.0,-1.0,0.1,0.0,0.0,0.0,3.5313782691955566,51553,nan,0.9926630854606628,51934.035580738775,50000,51793.93872992074,51693.57443559076,50,50657.568079406024,nan,nan,nan,0.033408984541893005
22.353471631999128,nav_to_wp,0,-0.0043724095448851585,-1.5374161005020142,1.7936288118362427,0.007414983585476875,-0.3196991980075836,0.0034917076118290424,0.00583000104290593,-1.5294830822405365,1.7998279962603274,0.383401177164066,51560,0.30612604654527686,-0.01856579694910246,0.004837215356731761,0.9627580002415925,-0.00371690344272973,-0.29997695345368575,0.0001096605793801229,0.0,-1.0,0.1,0.0,0.0,0.0,3.5313782691955566,51560,nan,0.9855756759643555,52314.60278232834,50000,51800.88091728617,51701.85481354726,50,50657.568079406024,nan,nan,nan,0.033408984541893005
22.3741357740073,nav_to_wp,0,-0.004603106528520584,-1.547971248626709,1.793613314628601,0.008378332480788231,-0.3169391453266144,0.0009706740383990109,0.0057538855024970754,-1.5356260741891141,1.7998302419130299,0.38471359631443186,51736,0.3407545201697051,-0.021655701850289616,0.00448061989980042,1.1187530180905014,-0.00371690344272973,-0.29997695345368575,0.0001096605793801229,0.0,-1.0,0.1,0.0,0.0,0.0,3.5313782691955566,51736,nan,0.9973950982093811,51871.11917121049,50000,51801.8174273385,51704.11167164944,50,50657.568079406024,nan,nan,nan,0.033408984541893005
22.393082321010297,nav_to_wp,0,-0.004616078920662403,-1.5532159805297852,1.793553113937378,0.008596668019890785,-0.31541407108306885,-0.0009240629733540118,0.0056815207488505395,-1.5414663545920864,1.7998323769054863,0.38573326743565095,51873,0.36765877138920544,-0.02018979287598298,0.004293979298863881,0.697014998877421,-0.00371690344272973,-0.29997695345368575,0.0001096605793801229,0.0,-1.0,0.1,0.0,0.0,0.0,3.5313782691955566,51873,nan,0.9794425964355469,52961.75619559502,50000,51811.8174273385,51714.11167164944,50,50657.568079406024,nan,nan,nan,0.033408984541893005
22.413807113014627,nav_to_wp,0,-0.004720375407487154,-1.5583947896957397,1.7935858964920044,0.009031551890075207,-0.31339171528816223,-0.0039028299506753683,0.005605732712317117,-1.5475829149649425,1.7998346128957734,0.38717519677040513,52067,0.4057044002745407,-0.01810070325855379,0.004082794006957435,0.771895021898672,-0.00371690344272973,-0.29997695345368575,0.0001096605793801229,0.0,-1.0,0.1,0.0,0.0,0.0,3.5313782691955566,52067,nan,0.9925666451454163,52456.9309825759,50000,51820.41894140834,51724.015929128465,50,50657.568079406024,nan,nan,nan,0.033408984541893005
22.43328132800525,nav_to_wp,0,-0.004768422804772854,-1.5661547183990479,1.7935421466827393,0.009149470366537571,-0.3097158372402191,-0.005480593536049128,0.005532617946966453,-1.5534837259223198,1.799836770015982,0.3880276280235516,52182,0.4281959900673229,-0.018082763689030813,0.003987204844378978,0.7611189794261009,-0.00371690344272973,-0.29997695345368575,0.0001096605793801229,0.0,-1.0,0.1,0.0,0.0,0.0,3.5313782691955566,52182,nan,0.9952338337898254,52431.89914604516,50000,51828.5720108035,51733.45437202069,50,50657.568079406024,nan,nan,nan,0.033408984541893005
22.453348623006605,nav_to_wp,0,-0.0047702728770673275,-1.5686808824539185,1.7935291528701782,0.008840459398925304,-0.30758926272392273,-0.006398266181349754,0.0054583974326078075,-1.559473777621032,1.7998389597593347,0.3884833194697339,52243,0.44021951107477264,-0.013399552437310223,0.0040670984627213524,0.8641250024084002,-0.00371690344272973,-0.29997695345368575,0.0001096605793801229,0.0,-1.0,0.1,0.0,0.0,0.0,3.5313782691955566,52243,nan,0.984771192073822,53050.90199682007,50000,51838.5720108035,51743.45437202069,50,50657.568079406024,nan,nan,nan,0.033408984541893005
22.47371980000753,nav_to_wp,0,-0.004996856674551964,-1.5762866735458374,1.7935386896133423,0.008370858617126942,-0.30446916818618774,-0.0073225367814302444,0.005383575222182045,-1.5655123898906331,1.7998411672546524,0.3889432477649347,52305,0.4523548222937901,-0.01339106384889068,0.00445984370992325,1.0841090115718544,-0.00371690344272973,-0.29997695345368575,0.0001096605793801229,0.0,-1.0,0.1,0.0,0.0,0.0,3.5313782691955566,52305,nan,0.9997408390045166,52318.558929814506,50000,51844.971836390316,51751.12243279128,50,50657.568079406024,nan,nan,nan,0.033408984541893005
22.492936758993892,nav_to_wp,0,-0.005059498827904463,-1.5837457180023193,1.7933707237243652,0.008759967982769012,-0.30136051774024963,-0.006447103340178728,0.0053100195504069,-1.571448784706459,1.7998433373830154,0.3887241678532083,52276,0.44657434968887166,-0.0133660015201242,0.004250926954306289,0.5990860227029771,-0.00371690344272973,-0.29997695345368575,0.0001096605793801229,0.0,-1.0,0.1,0.0,0.0,0.0,3.5313782691955566,52276,nan,1.0046011209487915,52036.57343187925,50000,51847.52652433017,51754.928446112455,50,50657.568079406024,nan,nan,nan,0.033408984541893005
22.513306626002304,nav_to_wp,0,-0.005177847575396299,-1.588678002357483,1.7933244705200195,0.008311362005770206,-0.29717376828193665,-0.005395904649049044,0.0052351671661975095,-1.57748983218586,1.7998455457685565,0.38825115537320243,52212,0.4340938093193234,-0.01008300301216486,0.004532011832757199,0.7664900040253997,-0.00371690344272973,-0.29997695345368575,0.0001096605793801229,0.0,-1.0,0.1,0.0,0.0,0.0,3.5313782691955566,52212,nan,1.0079774856567383,51798.77600736465,50000,51846.876517437304,51755.51308026249,50,50657.568079406024,nan,nan,nan,0.033408984541893005
22.533863106014905,nav_to_wp,0,-0.005244954023510218,-1.596066951751709,1.7932778596878052,0.008404191583395004,-0.2942946255207062,-0.0043473802506923676,0.0051611891871522105,-1.5834603097940627,1.799847728356339,0.3877943015255377,52151,0.4220396180880641,-0.010073114748537018,0.004482386907017855,1.035238994518295,-0.00371690344272973,-0.29997695345368575,0.0001096605793801229,0.0,-1.0,0.1,0.0,0.0,0.0,3.5313782691955566,52151,nan,1.0108141899108887,51593.062820573905,50000,51843.492334812465,51753.34707679998,50,50657.568079406024,nan,nan,nan,0.033408984541893005
22.55312429901096,nav_to_wp,0,-0.005334587302058935,-1.6010487079620361,1.7932630777359009,0.007730588316917419,-0.291177362203598,-0.003373022424057126,0.00508666846965199,-1.5894745897314724,1.799849926956648,0.3873265545271334,52088,0.4096980086314872,-0.007409223650247071,0.004851232906799563,0.6845850148238242,-0.00371690344272973,-0.29997695345368575,0.0001096605793801229,0.0,-1.0,0.1,0.0,0.0,0.0,3.526099681854248,52088,nan,1.002293348312378,51968.8174003187,50000,51845.16333568589,51756.2200144469,50,50598.3370508492,nan,nan,nan,0.033408984541893005
22.573387598997215,nav_to_wp,0,-0.005559665150940418,-1.6082910299301147,1.7933295965194702,0.00831866916269064,-0.28923651576042175,-0.0024844640865921974,0.005012240050403734,-1.5954814206326455,1.799852122833862,0.3868089413759341,52018,0.39604066954971096,-0.007693251670735257,0.004709442048221879,0.8763189835008234,-0.00371690344272973,-0.29997695345368575,0.0001096605793801229,0.0,-1.0,0.1,0.0,0.0,0.0,3.526099681854248,52018,nan,1.0033786296844482,51842.842234301024,50000,51845.13238766742,51757.37497737829,50,50598.3370508492,nan,nan,nan,0.033408984541893005
22.593486594996648,nav_to_wp,0,-0.005640069022774696,-1.613054633140564,1.7933814525604248,0.00809337105602026,-0.28765806555747986,-0.0006135066505521536,0.0049380398042488845,-1.6014698365627345,1.7998543119792376,0.38581274718262637,51884,0.36975586233842606,-0.005624951433619605,0.00484482681586651,1.0019840265158564,-0.00371690344272973,-0.29997695345368575,0.0001096605793801229,0.0,-1.0,0.1,0.0,0.0,0.0,3.526099681854248,51884,nan,1.0088136196136475,51430.709291841624,50000,51839.60674638974,51753.01943490447,50,50598.3370508492,nan,nan,nan,0.033408984541893005
22.613182299013715,nav_to_wp,0,-0.005676412954926491,-1.6154301166534424,1.7933815717697144,0.008046955801546574,-0.28697940707206726,0.0009206498507410288,0.004863877597039379,-1.607455182516131,1.7998565000023423,0.3850490597842835,51781,0.3496057990576116,-0.0015334968595843617,0.004839257744862602,0.7980360242072493,-0.00371690344272973,-0.29997695345368575,0.0001096605793801229,0.0,-1.0,0.1,0.0,0.0,0.0,3.526099681854248,51781,nan,0.9943870306015015,52073.28575944705,50000,51842.72246656384,51757.289652565036,50,50598.3370508492,nan,nan,nan,0.033408984541893005
22.633095077995677,nav_to_wp,0,-0.005887349136173725,-1.6249098777770996,1.793410062789917,0.009278747253119946,-0.2849400043487549,0.0010836070869117975,0.004789636821832911,-1.6134468693897939,1.7998586903434552,0.3849430559545163,51767,0.3468088642352569,-0.004098873340868506,0.004342641002025305,0.7254619849845767,-0.00371690344272973,-0.29997695345368575,0.0001096605793801229,0.0,-1.0,0.1,0.0,0.0,0.0,3.526099681854248,51767,nan,1.0058871507644653,51464.02353450637,50000,51837.673147469744,51753.37943765759,50,50598.3370508492,nan,nan,nan,0.033408984541893005
22.65347000400652,nav_to_wp,0,-0.006036887876689434,-1.6296107769012451,1.7935880422592163,0.0087635088711977,-0.28137505054473877,0.0031423745676875114,0.004714344857979242,-1.6195233936483262,1.7998609116980064,0.38369775584713395,51600,0.3139513416130324,-0.0008198542428598517,0.004702704809941505,0.7779279840178788,-0.00371690344272973,-0.29997695345368575,0.0001096605793801229,0.0,-1.0,0.1,0.0,0.0,0.0,3.526099681854248,51600,nan,1.0005018711090088,51574.116440985614,50000,51834.159058049954,51750.989264368625,50,50598.3370508492,nan,nan,nan,0.033408984541893005
22.673641691013472,nav_to_wp,0,-0.006055972073227167,-1.6342765092849731,1.7935428619384766,0.009277364239096642,-0.27987897396087646,0.0038107612635940313,0.0046405409378930985,-1.6254798236286867,1.7998630891504912,0.3834287147951794,51563,0.30685263311819,0.001306439935598073,0.004380884832791754,1.0484629892744124,-0.00371690344272973,-0.29997695345368575,0.0001096605793801229,0.0,-1.0,0.1,0.0,0.0,0.0,3.526099681854248,51563,nan,0.9861172437667847,52288.91425023552,50000,51840.22246061244,51758.16159751352,50,50598.3370508492,nan,nan,nan,0.033408984541893005
22.693220610002754,nav_to_wp,0,-0.0062156436033546925,-1.6435219049453735,1.7936279773712158,0.009401984512805939,-0.27793240547180176,0.0020621372386813164,0.004566611929099015,-1.6314463490366249,1.7998652702934943,0.384205533684571,51668,0.3273491737353815,-0.0010965925431484233,0.004396423047507758,0.8035640057642013,-0.00371690344272973,-0.29997695345368575,0.0001096605793801229,0.0,-1.0,0.1,0.0,0.0,0.0,3.526099681854248,51668,nan,0.9903649091720581,52170.66913567675,50000,51844.62841627996,51763.66169802236,50,50598.3370508492,nan,nan,nan,0.033408984541893005
22.71350860100938,nav_to_wp,0,-0.006292298436164856,-1.648139238357544,1.793622612953186,0.009421107359230518,-0.27743929624557495,0.0006320290267467499,0.004491975928191411,-1.6374699330535898,1.7998674722950336,0.38493611409515827,51766,0.3466257017192138,0.0006229907440285002,0.004380241072157842,1.0195710055995733,-0.00371690344272973,-0.29997695345368575,0.0001096605793801229,0.0,-1.0,0.1,0.0,0.0,0.0,3.526099681854248,51766,nan,1.0050690174102783,51504.92066045714,50000,51840.09897953566,51760.2118175215,50,50598.3370508492,nan,nan,nan,0.033408984541893005
22.73323013400659,nav_to_wp,0,-0.006519148126244545,-1.6549984216690063,1.7937170267105103,0.009195259772241116,-0.2774936258792877,0.0018699424108490348,0.004417876949171267,-1.6434501761034783,1.7998696584527039,0.38420845847017043,51668,0.3274263448593775,-0.00031918622606914263,0.004665133859151904,0.777501001721248,-0.00371690344272973,-0.29997695345368575,0.0001096605793801229,0.0,-1.0,0.1,0.0,0.0,0.0,3.526099681854248,51668,nan,0.9997007250785828,51683.46756569429,50000,51838.01056068444,51759.18856083047,50,50598.3370508492,nan,nan,nan,0.033408984541893005
22.754595609992975,nav_to_wp,0,-0.006632830481976271,-1.659569501876831,1.793729543685913,0.009239543229341507,-0.27738890051841736,0.0013851001858711243,0.004341150695457825,-1.6496424563694327,1.7998719221234085,0.38444459971772094,51700,0.3336569846364341,0.0014223077941844832,0.004677682287440144,1.1618590215221047,-0.00371690344272973,-0.29997695345368575,0.0001096605793801229,0.0,-1.0,0.1,0.0,0.0,0.0,3.526099681854248,51700,nan,0.9980382919311523,51801.6196552571,50000,51837.52534861207,51759.75430875616,50,50598.3370508492,nan,nan,nan,0.033408984541893005
22.773608998017153,nav_to_wp,0,-0.006664393004029989,-1.6618664264678955,1.79373037815094,0.009088614024221897,-0.2770167291164398,-0.0002795112377498299,0.0042683050971931945,-1.655521543888555,1.7998740713023242,0.38528983407245426,51814,0.3559586826505061,0.005331374203768951,0.004702907438046244,0.9173370199277997,-0.00371690344272973,-0.29997695345368575,0.0001096605793801229,0.0,-1.0,0.1,0.0,0.0,0.0,3.526099681854248,51814,nan,1.0017765760421753,51722.11173544011,50000,51835.98650043645,51759.252407778615,50,50598.3370508492,nan,nan,nan,0.033408984541893005
22.793784586014226,nav_to_wp,0,-0.006763671524822712,-1.666395664215088,1.7937445640563965,0.009150812402367592,-0.2769273519515991,-0.00040186065598390996,0.004194627406856791,-1.6614677863522516,1.7998762450306265,0.38534567379300677,51821,0.3574320262007049,0.006847926579119991,0.004696518424564866,1.247775013325736,-0.00371690344272973,-0.29997695345368575,0.0001096605793801229,0.0,-1.0,0.1,0.0,0.0,0.0,3.526099681854248,51821,nan,0.9954676032066345,52056.942720257706,50000,51838.9325833674,51763.22161194501,50,50598.3370508492,nan,nan,nan,0.033408984541893005
22.814333921007346,nav_to_wp,0,-0.006876715458929539,-1.6709561347961426,1.7937397956848145,0.008579082787036896,-0.2761918306350708,-0.0006776775699108839,0.0041174216949105,-1.667698761844545,1.7998785228468877,0.3855055919686918,51843,0.36165150313170713,0.008960091218525786,0.005028372674283688,0.8163939928635955,-0.00371690344272973,-0.29997695345368575,0.0001096605793801229,0.0,-1.0,0.1,0.0,0.0,0.0,3.526099681854248,51843,nan,0.9974101185798645,51977.61586158285,50000,51840.78169374361,51766.08020194018,50,50598.3370508492,nan,nan,nan,0.033408984541893005
22.83348510999349,nav_to_wp,0,-0.006987467408180237,-1.6755552291870117,1.7937146425247192,0.007249607238918543,-0.27277666330337524,-0.0020413314923644066,0.004045994630544482,-1.6734633649591535,1.7998806301745014,0.38624112594036203,51942,0.3810587319356724,0.011918713638933714,0.005747950580518024,0.9740050008986145,-0.00371690344272973,-0.29997695345368575,0.0001096605793801229,0.0,-1.0,0.1,0.0,0.0,0.0,3.526099681854248,51942,nan,0.9975958466529846,52067.1774790058,50000,51843.80030421377,51770.09483230105,50,50598.3370508492,nan,nan,nan,0.033408984541893005
22.85370804500417,nav_to_wp,0,-0.007115192711353302,-1.6823251247406006,1.7937421798706055,0.006856419611722231,-0.27133628726005554,-0.003698946675285697,0.003971123788134256,-1.6795059021288132,1.7998828391046184,0.38704489458582947,52050,0.4022663479110662,0.011886567253273365,0.005993815993723395,1.0238870163448155,-0.00371690344272973,-0.29997695345368575,0.0001096605793801229,0.0,-1.0,0.1,0.0,0.0,0.0,3.526099681854248,52050,nan,1.012930154800415,51385.57654081864,50000,51837.69065403518,51764.96792174796,50,50598.3370508492,nan,nan,nan,0.033408984541893005
22.87306412900216,nav_to_wp,0,-0.007305712439119816,-1.6914918422698975,1.7936984300613403,0.006901287939399481,-0.2711862623691559,-0.002276503248140216,0.003897500632196363,-1.6854477433313588,1.7998850112239808,0.3863846011172417,51961,0.3848443566554529,0.008645796024425417,0.006101851822164495,0.6886739865876734,-0.00371690344272973,-0.29997695345368575,0.0001096605793801229,0.0,-1.0,0.1,0.0,0.0,0.0,3.526099681854248,51961,nan,1.010311245918274,51430.68555351232,50000,51832.26391936155,51760.51082350482,50,50598.3370508492,nan,nan,nan,0.033408984541893005
22.89324207001482,nav_to_wp,0,-0.007450540084391832,-1.6960324048995972,1.7936995029449463,0.006338102743029594,-0.2709851861000061,-0.0022599927615374327,0.003823247557796887,-1.6914404228254933,1.7998872019279593,0.3863906846063313,51962,0.38500487087945245,0.010253127305849024,0.006466334027381171,0.8636639977339655,-0.00371690344272973,-0.29997695345368575,0.0001096605793801229,0.0,-1.0,0.1,0.0,0.0,0.0,3.526099681854248,51962,nan,0.9979355335235596,52069.495728376394,50000,51835.427010148414,51764.630622236444,50,50598.3370508492,nan,nan,nan,0.033408984541893005
22.91375825801515,nav_to_wp,0,-0.007544196210801601,-1.70067298412323,1.7937085628509521,0.00666979793459177,-0.27254050970077515,-0.0019992541056126356,0.0037484793614424618,-1.6974746758275447,1.7998894078296883,0.38626016838239774,51944,0.38156117103951637,0.010894554921753622,0.006316328671183369,0.913353986106813,-0.00371690344272973,-0.29997695345368575,0.0001096605793801229,0.0,-1.0,0.1,0.0,0.0,0.0,3.526099681854248,51944,nan,1.001003384590149,51891.93243464203,50000,51836.18041580833,51766.327979735186,50,50598.3370508492,nan,nan,nan,0.033408984541893005
22.932965104992036,nav_to_wp,0,-0.007649815175682306,-1.7075790166854858,1.7936540842056274,0.008066566661000252,-0.2737552523612976,-0.001572511508129537,0.003674634826737383,-1.7034343836572878,1.7998915864804348,0.3861160015041509,51925,0.3777572956240327,0.009288906372831796,0.005628094779924098,0.6338539824355394,-0.00371690344272973,-0.29997695345368575,0.0001096605793801229,0.0,-1.0,0.1,0.0,0.0,0.0,3.526099681854248,51925,nan,1.0092014074325562,51451.573112743696,50000,51831.05231843414,51762.1312481753,50,50598.3370508492,nan,nan,nan,0.033408984541893005
22.95346803200664,nav_to_wp,0,-0.007802208419889212,-1.7122029066085815,1.7936371564865112,0.008131577633321285,-0.2757114768028259,-0.0006923198234289885,0.0035999929010232697,-1.7094584458425544,1.799893788656775,0.38570780801040594,51870,0.3669870187442186,0.00973646599782398,0.005680974182731724,0.9524119959678501,-0.00371690344272973,-0.29997695345368575,0.0001096605793801229,0.0,-1.0,0.1,0.0,0.0,0.0,3.526099681854248,51870,nan,0.990311861038208,52377.43991637273,50000,51838.33748640665,51770.33536375126,50,50598.3370508492,nan,nan,nan,0.033408984541893005
22.97379688799265,nav_to_wp,0,-0.007871674373745918,-1.7168456315994263,1.7936413288116455,0.00934240035712719,-0.27758923172950745,-0.0005237020668573678,0.0035251480324585173,-1.7154988867632384,1.7998959968205803,0.3856278238503149,51859,0.36487661874181754,0.0102144214162105,0.0050485892160854196,1.125070994021371,-0.00371690344272973,-0.29997695345368575,0.0001096605793801229,0.0,-1.0,0.1,0.0,0.0,0.0,3.526099681854248,51859,nan,0.9998480677604675,51866.88025127414,50000,51838.71805660488,51771.62262891824,50,50598.3370508492,nan,nan,nan,0.033408984541893005
22.993313501006924,nav_to_wp,0,-0.007960188202559948,-1.7214823961257935,1.7936006784439087,0.009862689301371574,-0.28007766604423523,0.00031933601712808013,0.003451247041714192,-1.7214631509423506,1.799898177136961,0.3852660224030773,51811,0.355330406413648,0.010310474544473227,0.004798405609452994,0.8488559979014099,-0.00371690344272973,-0.29997695345368575,0.0001096605793801229,0.0,-1.0,0.1,0.0,0.0,0.0,3.526099681854248,51811,nan,1.0029150247573853,51660.4086298673,50000,51836.340597581715,51770.13977559756,50,50598.3370508492,nan,nan,nan,0.033408984541893005
23.013401420001173,nav_to_wp,0,-0.008096850477159023,-1.7309871912002563,1.7936183214187622,0.010040206834673882,-0.2805486023426056,0.0011409815633669496,0.003377030526735162,-1.7274528798665458,1.7999003667623192,0.3848295814162188,51752,0.3438148130928429,0.006423598930808619,0.004776496985492207,0.9647029801271856,-0.00371690344272973,-0.29997695345368575,0.0001096605793801229,0.0,-1.0,0.1,0.0,0.0,0.0,3.526099681854248,51752,nan,0.9979012608528137,51860.84238010919,50000,51836.667288015415,51771.34914365772,50,50598.3370508492,nan,nan,nan,0.033408984541893005
23.03317206801148,nav_to_wp,0,-0.00821559689939022,-1.7357227802276611,1.7936313152313232,0.009386356920003891,-0.2827179729938507,0.0018747582798823714,0.0033026286460117633,-1.7334575689456462,1.7999025618565618,0.38445669799163756,51702,0.3339762003070579,0.006621718869501534,0.005167414164657824,0.7410079997498542,-0.00371690344272973,-0.29997695345368575,0.0001096605793801229,0.0,-1.0,0.1,0.0,0.0,0.0,3.526099681854248,51702,nan,0.9995102286338806,51727.33456731675,50000,51835.209518406096,51770.76228263984,50,50598.3370508492,nan,nan,nan,0.033408984541893005
23.05373140599113,nav_to_wp,0,-0.008299041539430618,-1.740388035774231,1.7934329509735107,0.00937701016664505,-0.284688264131546,0.0025631000753492117,0.0032281902580088145,-1.739465204386595,1.7999047580278862,0.3843707037840095,51690,0.33170722385249185,0.006994974692706704,0.005182806327384881,0.9250779985450208,-0.00371690344272973,-0.29997695345368575,0.0001096605793801229,0.0,-1.0,0.1,0.0,0.0,0.0,3.526099681854248,51690,nan,1.0010864734649658,51633.9011365225,50000,51832.52540664765,51768.93746735827,50,50598.3370508492,nan,nan,nan,0.033408984541893005
23.07356602299842,nav_to_wp,0,-0.008325193077325821,-1.7451826333999634,1.793385624885559,0.009192777797579765,-0.28688135743141174,0.001637834939174354,0.003153839863821537,-1.745465738185773,1.7999069516031105,0.3849021366108682,51762,0.34572919817594006,0.007099002718711083,0.005221290994598116,1.0413299896754324,-0.00371690344272973,-0.29997695345368575,0.0001096605793801229,0.0,-1.0,0.1,0.0,0.0,0.0,3.526099681854248,51762,nan,1.0102312564849854,51237.773200664495,50000,51824.595377234546,51761.85527713569,50,50598.3370508492,nan,nan,nan,0.033408984541893005
23.093445363017963,nav_to_wp,0,-0.008417709730565548,-1.7500613927841187,1.793357014656067,0.008495554327964783,-0.2889478802680969,0.0023128539323806763,0.00307957276179089,-1.7514595497959626,1.7999091427209493,0.3846107208750322,51722,0.3380401286288155,0.007189463462472216,0.005606793113296593,0.9333270136266947,-0.00371690344272973,-0.29997695345368575,0.0001096605793801229,0.0,-1.0,0.1,0.0,0.0,0.0,3.526099681854248,51722,nan,0.9868202209472656,52412.78897827121,50000,51832.4379585817,51770.53439315083,50,50598.3370508492,nan,nan,nan,0.033408984541893005
23.113634794019163,nav_to_wp,0,-0.008613689802587032,-1.759767770767212,1.7932804822921753,0.00827021710574627,-0.29022926092147827,0.0004823501221835613,0.0030053110530974363,-1.7574529261306913,1.799911333679667,0.38562294640108447,51859,0.36474792614998464,0.002654456355186482,0.005835205148544631,1.0974190081469715,-0.00371690344272973,-0.29997695345368575,0.0001096605793801229,0.0,-1.0,0.1,0.0,0.0,0.0,3.526099681854248,51859,nan,0.9918960332870483,52282.697238080735,50000,51838.44141564169,51777.36323108323,50,50598.3370508492,nan,nan,nan,0.033408984541893005
23.13330782801495,nav_to_wp,0,-0.008704605512320995,-1.7646448612213135,1.7932344675064087,0.007773431483656168,-0.29277777671813965,-0.0005139550776220858,0.002931112617161908,-1.7634411959649545,1.7999135227716354,0.38618848635977415,51935,0.3796698247961512,0.0024816588278079774,0.00610125616975532,0.8957730024121702,-0.00371690344272973,-0.29997695345368575,0.0001096605793801229,0.0,-1.0,0.1,0.0,0.0,0.0,3.526099681854248,51935,nan,1.0067518949508667,51586.69207425194,50000,51835.08475775649,51774.82094899215,50,50598.3370508492,nan,nan,nan,0.033408984541893005
23.15322389101493,nav_to_wp,0,-0.008856146596372128,-1.7721329927444458,1.7932019233703613,0.007311986293643713,-0.2946932315826416,0.00040502118645235896,0.0028566826776063522,-1.769448149564271,1.7999157186937034,0.38577872766883575,51880,0.3688582498373538,-4.456765425137718e-05,0.006426924692853886,0.7859659963287413,-0.00371690344272973,-0.29997695345368575,0.0001096605793801229,0.0,-1.0,0.1,0.0,0.0,0.0,3.5208210945129395,51880,nan,0.9899935722351074,52404.380649533494,50000,51842.67536964686,51783.2150783327,50,50539.10602229238,nan,nan,nan,0.033408984541893005
23.17332070300472,nav_to_wp,0,-0.008952782489359379,-1.7769832611083984,1.793099045753479,0.007561092730611563,-0.29698219895362854,-0.00010103209933731705,0.0027823609891444757,-1.7754463666349718,1.799917911422017,0.3861696425789265,51932,0.3791726274123075,-4.0933317280541395e-05,0.006314515934870091,0.8113189833238721,-0.00371690344272973,-0.29997695345368575,0.0001096605793801229,0.0,-1.0,0.1,0.0,0.0,0.0,3.5208210945129395,51932,nan,0.997856855392456,52043.53682530467,50000,51845.35352238896,51786.686034959,50,50539.10602229238,nan,nan,nan,0.033408984541893005
23.193571534007788,nav_to_wp,0,-0.009147202596068382,-1.7844884395599365,1.7930556535720825,0.007503589615225792,-0.29874515533447266,-0.0004173511697445065,0.0027079753810314265,-1.781449742414399,1.7999201060361651,0.3863932408174127,51962,0.38507231708212863,-0.002508171470294574,0.006464890468658835,0.9076940186787397,-0.00371690344272973,-0.29997695345368575,0.0001096605793801229,0.0,-1.0,0.1,0.0,0.0,0.0,3.5208210945129395,51962,nan,1.0034736394882202,51782.127556934174,50000,51844.510509516236,51786.625255252,50,50539.10602229238,nan,nan,nan,0.033408984541893005
23.21307030299795,nav_to_wp,0,-0.00923094805330038,-1.7869261503219604,1.7929506301879883,0.007887043990194798,-0.30077117681503296,0.00036428740713745356,0.002633786125895675,-1.787437271301691,1.7999222948572706,0.38614173651945694,51928,0.3784363197745879,0.00011810331495062492,0.006280388515807367,0.7025859958957881,-0.00371690344272973,-0.29997695345368575,0.0001096605793801229,0.0,-1.0,0.1,0.0,0.0,0.0,3.5208210945129395,51928,nan,1.0034350156784058,51750.23712411744,50000,51843.253531044254,51786.14008017021,50,50539.10602229238,nan,nan,nan,0.033408984541893005
23.233550503995502,nav_to_wp,0,-0.00923094805330038,-1.7869261503219604,1.7929506301879883,0.008710997179150581,-0.3019958436489105,0.0016653218772262335,0.002558962246528615,-1.7934760182651133,1.7999245024018273,0.385506156912113,51843,0.3616664092905779,0.005748853547198116,0.005785631172810168,0.9839200065471232,-0.00371690344272973,-0.29997695345368575,0.0001096605793801229,0.0,-1.0,0.1,0.0,0.0,0.0,3.5208210945129395,51843,nan,1.007039189338684,51480.61818134898,50000,51838.41839304832,51782.0664548526,50,50539.10602229238,nan,nan,nan,0.033408984541893005
23.2534483220079,nav_to_wp,0,-0.009440798312425613,-1.7994776964187622,1.7927137613296509,0.010010797530412674,-0.30341240763664246,0.0023492337204515934,0.0024844234500930665,-1.7994917572837246,1.7999267015355227,0.3854633457265473,51837,0.3605368265579738,-0.0017679404614222398,0.005252270653411495,0.8497720118612051,-0.00371690344272973,-0.29997695345368575,0.0001096605793801229,0.0,-1.0,0.1,0.0,0.0,0.0,3.5208210945129395,51837,nan,1.0000545978546143,51834.16996552417,50000,51838.361747348004,51782.76116832822,50,50539.10602229238,nan,nan,nan,0.033408984541893005
23.273955784010468,nav_to_wp,0,-0.00952799990773201,-1.8044304847717285,1.7924619913101196,0.00826949067413807,-0.30036258697509766,0.00044310439261607826,0.002410450797423941,-1.8054618050206321,1.7999288839661602,0.3867428557420508,52009,0.39429698527838397,0.0008672630235483894,0.006149089530589347,1.3839929888490587,-0.00371690344272973,-0.29997695345368575,0.0001096605793801229,0.0,-1.0,0.1,0.0,0.0,0.0,3.5208210945129395,52009,nan,0.9984909296035767,52087.60386100727,50000,51841.68497553013,51786.825737563944,50,50539.10602229238,nan,nan,nan,0.033408984541893005
23.293725424009608,nav_to_wp,0,-0.00952799990773201,-1.8044304847717285,1.7924619913101196,0.009025810286402702,-0.30114778876304626,0.000489591620862484,0.0023359132088830344,-1.8114774465547216,1.7999310830642188,0.38673725056306485,52008,0.3941490913737411,0.0066832936221527806,0.005680948279863429,1.1173730017617345,-0.00371690344272973,-0.29997695345368575,0.0001096605793801229,0.0,-1.0,0.1,0.0,0.0,0.0,3.5208210945129395,52008,nan,1.0169717073440552,51140.06577019256,50000,51832.3300527923,51778.202271332324,50,50539.10602229238,nan,nan,nan,0.033408984541893005
23.31335626699729,nav_to_wp,0,-0.00982680357992649,-1.8171265125274658,1.7923057079315186,0.010162418708205223,-0.3012034595012665,0.0027422618586570024,0.002261236749454644,-1.817504295822989,1.7999332862594142,0.3858072814383152,51883,0.3696116474489486,-0.00024413544947185956,0.005337798377279768,0.7330960070248693,-0.00371690344272973,-0.29997695345368575,0.0001096605793801229,0.0,-1.0,0.1,0.0,0.0,0.0,3.5208210945129395,51883,nan,1.0008198022842407,51840.50103883218,50000,51832.43899927283,51779.03292156565,50,50539.10602229238,nan,nan,nan,0.033408984541893005
23.333527184004197,nav_to_wp,0,-0.00993518065661192,-1.822128415107727,1.7921839952468872,0.007891950197517872,-0.2984628975391388,0.0010550492443144321,0.0021874126280175474,-1.823462356176537,1.7999354643079037,0.3868171551954618,52019,0.39625739302009855,0.002162277713816281,0.006533537957753577,0.9448060009162873,-0.00371690344272973,-0.29997695345368575,0.0001096605793801229,0.0,-1.0,0.1,0.0,0.0,0.0,3.5208210945129395,52019,nan,0.9910871386528015,52486.80763904388,50000,51841.163914469784,51788.4699177987,50,50539.10602229238,nan,nan,nan,0.033408984541893005
23.353711308998754,nav_to_wp,0,-0.010021953843533993,-1.8272666931152344,1.7920875549316406,0.009041489101946354,-0.2982909381389618,-0.00028924838989041746,0.002112610589194302,-1.8294993404738324,1.7999376712080943,0.3876200917652867,52127,0.4174430544930523,0.003173947369625848,0.005939219476928992,1.0470389970578253,-0.00371690344272973,-0.29997695345368575,0.0001096605793801229,0.0,-1.0,0.1,0.0,0.0,0.0,3.515542507171631,52127,nan,0.9979164600372314,52235.83545065003,50000,51846.42620161886,51794.43479157005,50,50479.87499373555,nan,nan,nan,0.033408984541893005
23.37390019799932,nav_to_wp,0,-0.010224999859929085,-1.8373823165893555,1.7919124364852905,0.008712601847946644,-0.29775843024253845,-0.0006779940449632704,0.0020379964250443507,-1.8355211621302372,1.7999398725653792,0.3880430112075185,52184,0.4286018788263437,-0.0007750764948410247,0.006234651982956807,0.6928590009920299,-0.00371690344272973,-0.29997695345368575,0.0001096605793801229,0.0,-1.0,0.1,0.0,0.0,0.0,3.515542507171631,52184,nan,1.0267767906188965,50823.11995827813,50000,51836.42620161886,51784.43479157005,50,50479.87499373555,nan,nan,nan,0.033408984541893005
23.39372769399779,nav_to_wp,0,-0.010368931107223034,-1.8425261974334717,1.791854739189148,0.008478494361042976,-0.29845383763313293,0.00247702794149518,0.0019643998449520826,-1.8414608584986947,1.7999420439006688,0.3865488314062577,51983,0.3891776096637898,-0.00031435857949076444,0.006452665035735716,1.1861789971590042,-0.00371690344272973,-0.29997695345368575,0.0001096605793801229,0.0,-1.0,0.1,0.0,0.0,0.0,3.515542507171631,51983,nan,0.9980177879333496,52086.24598529858,50000,51839.75713206792,51788.458940819764,50,50479.87499373555,nan,nan,nan,0.033408984541893005
23.414471957017668,nav_to_wp,0,-0.010465496219694614,-1.8475639820098877,1.7917128801345825,0.00864481832832098,-0.2990999221801758,0.0022521207574754953,0.001887230201955678,-1.847688923005038,1.7999443206527803,0.3868495628794153,52024,0.39711247702942565,0.000582622488727361,0.006381713225391383,0.9635309979785234,-0.00371690344272973,-0.29997695345368575,0.0001096605793801229,0.0,-1.0,0.1,0.0,0.0,0.0,3.515542507171631,52024,nan,0.9972475171089172,52167.59040004514,50000,51844.12824230762,51793.51402694277,50,50479.87499373555,nan,nan,nan,0.033408984541893005
23.433289901004173,nav_to_wp,0,-0.010585132986307144,-1.8526772260665894,1.7916853427886963,0.008642911911010742,-0.29790064692497253,0.0018168790265917778,0.0018160596262437392,-1.853432825908777,1.7999464204131554,0.38711197384370033,52059,0.4040362491741494,7.56734688200496e-05,0.006450481481012238,0.8488390012644231,-0.0036742668049524686,-0.2965359147226559,0.0001084026617415519,0.0,-1.0,0.1,0.0,0.0,0.0,3.515542507171631,52059,nan,1.0062185525894165,51737.26907144642,50000,51842.7034533628,51792.76409420282,50,50479.87499373555,nan,nan,nan,0.033408984541893005
23.453639323997777,nav_to_wp,0,-0.010746333748102188,-1.8604122400283813,1.7916315793991089,0.008590028621256351,-0.2973517179489136,0.002897630911320448,0.0017430137097336172,-1.8593280803415488,1.7999485755021023,0.38665331573084927,51997,0.39193445200129773,-0.00466010288406956,0.0066153032546893975,0.9377769893035293,-0.003599614884521397,-0.2905110459022989,0.00010620019052527033,0.0,-1.0,0.1,0.0,0.0,0.0,3.515542507171631,51997,nan,1.0040949583053589,51784.94281831361,50000,51841.93331156215,51792.659810524296,50,50479.87499373555,nan,nan,nan,0.033408984541893005
23.473256243014475,nav_to_wp,0,-0.010912415571510792,-1.8679908514022827,1.7914787530899048,0.008174684830009937,-0.29841727018356323,0.0038582379929721355,0.0016724935715259036,-1.865019488940839,1.7999506560724838,0.38639102988530205,51962,0.38501398114253327,-0.010242115492703999,0.006971796135130548,0.9260970109608024,-0.0035260451256182105,-0.2845735141686545,0.00010402964654679819,0.0,-1.0,0.1,0.0,0.0,0.0,3.515542507171631,51962,nan,1.0061509609222412,51644.337696970906,50000,51839.298703367596,51790.68218234358,50,50479.87499373555,nan,nan,nan,0.033408984541893005
23.493688023008872,nav_to_wp,0,-0.010920695029199123,-1.8705371618270874,1.791399598121643,0.008103258907794952,-0.2998957335948944,0.0032253952231258154,0.0016018529388985014,-1.8707206221804065,1.7999527401978372,0.38681906495283214,52019,0.3963077823966241,-0.010873706131225416,0.0069754415689780025,1.0090040159411728,-0.003450777507559296,-0.2784989547653984,0.00010180901027467576,0.0,-1.0,0.1,0.0,0.0,0.0,3.515542507171631,52019,nan,0.9952775835990906,52265.82097015646,50000,51844.98566692479,51797.01736618109,50,50479.87499373555,nan,nan,nan,0.033408984541893005
23.513482711015968,nav_to_wp,0,-0.011164650321006775,-1.8807331323623657,1.7913610935211182,0.009322612546384335,-0.30087971687316895,0.003729046555235982,0.0015337787263364731,-1.8762146295464195,1.7999547486055631,0.38667379761006077,52000,0.39247487097785516,-0.01934594997781226,0.006567644128201655,0.7466890092473477,-0.0033766573496005338,-0.27251700244498883,9.962222775779262e-05,0.0,-1.0,0.1,0.0,0.0,0.0,3.515542507171631,52000,nan,1.006522297859192,51663.03827605275,50000,51842.559701713166,51795.23097831271,50,50479.87499373555,nan,nan,nan,0.033408984541893005
23.533081917004893,nav_to_wp,0,-0.011262660846114159,-1.8859061002731323,1.7913705110549927,0.008955659344792366,-0.3015012741088867,0.004186736419796944,0.0014673478813108341,-1.8815760070514294,1.799956708528673,0.38646989247988717,51972,0.38709478838752354,-0.02257154697234417,0.00683196172807965,0.6911460077390075,-0.0033027232374894526,-0.26655006516800184,9.744093419045106e-05,0.0,-1.0,0.1,0.0,0.0,0.0,3.515542507171631,51972,nan,1.008182406425476,51550.195350330905,50000,51838.6615103614,51791.96383660629,50,50479.87499373555,nan,nan,nan,0.033408984541893005
23.55362070101546,nav_to_wp,0,-0.011311274021863937,-1.8910154104232788,1.7913912534713745,0.010136118158698082,-0.30305689573287964,0.004541981965303421,0.0014019028773820698,-1.8868578211205345,1.7999586393663067,0.3863101042425477,51951,0.3828787399089091,-0.0263212652861955,0.00624476705348509,1.0794110130518675,-0.003228230980371177,-0.26053808215834423,9.52431735542684e-05,0.0,-1.0,0.1,0.0,0.0,0.0,3.515542507171631,51951,nan,0.9948960542678833,52217.51536468734,50000,51843.71289508575,51797.63785698071,50,50479.87499373555,nan,nan,nan,0.033408984541893005
23.573766390996752,nav_to_wp,0,-0.011359245516359806,-1.896116852760315,1.791408658027649,0.011179669760167599,-0.3038395345211029,0.004957430064678192,0.001337557351999745,-1.8920509005130923,1.799960537765795,0.3861266289423145,51926,0.3780377029634412,-0.029778939488369766,0.005729064343625412,1.0029140103142709,-0.003153274972626494,-0.2544886716227324,9.303173078639647e-05,0.0,-1.0,0.1,0.0,0.0,0.0,3.515542507171631,51926,nan,1.023970603942871,50710.440124018474,50000,51833.71289508575,51787.63785698071,50,50479.87499373555,nan,nan,nan,0.033408984541893005
23.593459194991738,nav_to_wp,0,-0.011529665440320969,-1.9063003063201904,1.7914491891860962,0.012143213301897049,-0.3037480115890503,0.006595493294298649,0.0012757282648495523,-1.897040887873247,1.7999623619222802,0.3853769365869461,51825,0.35825690203023974,-0.038273572500708175,0.005391133410885596,0.9378009999636561,-0.003079532035750536,-0.24853716336226192,9.085607750198658e-05,0.0,-1.0,0.1,0.0,0.0,0.0,3.515542507171631,51825,nan,1.002728819847107,51683.96377387669,50000,51831.7162401363,51786.25553587266,50,50479.87499373555,nan,nan,nan,0.033408984541893005
23.613176023995038,nav_to_wp,0,-0.011561974883079529,-1.908872365951538,1.791520357131958,0.012492871843278408,-0.304111510515213,0.007056514732539654,0.0012150575092424003,-1.9019373907582937,1.7999641519042675,0.3850800754844973,51786,0.350424155263779,-0.03918486472749079,0.00522271965355503,0.7756109989713877,-0.003005412264305078,-0.24255524223585165,8.866930638848628e-05,0.0,-1.0,0.1,0.0,0.0,0.0,3.515542507171631,51786,nan,1.0055774450302124,51498.76844984734,50000,51827.276936265785,51782.42237472566,50,50479.87499373555,nan,nan,nan,0.033408984541893005
23.633763296995312,nav_to_wp,0,-0.011561974883079529,-1.908872365951538,1.791520357131958,0.013796932995319366,-0.3019711375236511,0.008528053760528564,0.0011555714889804648,-1.9067382782191082,1.7999659069327603,0.38430982409849673,51682,0.3301008996964825,-0.036279070685484784,0.004531379864630036,1.2720880040433258,-0.002930920553584423,-0.23654330332384044,8.647156187278686e-05,0.0,-1.0,0.1,0.0,0.0,0.0,3.515542507171631,51682,nan,1.0090454816818237,51218.70216777461,50000,51819.162606019236,51774.90610529965,50,50479.87499373555,nan,nan,nan,0.033408984541893005
23.65386812601355,nav_to_wp,0,-0.011688501574099064,-1.9214245080947876,1.7916533946990967,0.015314189717173576,-0.29931607842445374,0.009946273639798164,0.0010975609093755723,-1.911420088550231,1.799967618431019,0.3836011117922738,51587,0.3114013665507578,-0.046312587161227284,0.0038589812625842157,1.0694119846448302,-0.002856406106513441,-0.2305295294486108,8.427314656179015e-05,0.0,-1.0,0.1,0.0,0.0,0.0,3.515542507171631,51587,nan,1.0057801008224487,51290.535533379676,50000,51812.1142450507,51768.44783100738,50,50479.87499373555,nan,nan,nan,0.033408984541893005
23.67311922699446,nav_to_wp,0,-0.011728077195584774,-1.9288500547409058,1.791789174079895,0.013496392406523228,-0.29044461250305176,0.008943606168031693,0.0010414056900166294,-1.9159521599056946,1.7999692751901963,0.38397029769368785,51636,0.32114241935851773,-0.047775372339618344,0.004823411946198952,0.7106749981176108,-0.002782374667258577,-0.22455473727290767,8.208898153137696e-05,0.0,-1.0,0.1,0.0,0.0,0.0,3.515542507171631,51636,nan,1.007423996925354,51255.47947794817,50000,51804.692448156005,51761.608252966595,50,50479.87499373555,nan,nan,nan,0.033408984541893005
23.693237928993767,nav_to_wp,0,-0.011798321269452572,-1.9337079524993896,1.7918635606765747,0.0131587078794837,-0.28785762190818787,0.01071107480674982,0.0009865746280324564,-1.9203773636221955,1.7999708928824818,0.3830460063953782,51512,0.2967547861577362,-0.05012292518585092,0.0050662261967020505,0.8255249995272607,-0.002708136861919516,-0.21856329008579856,7.989872803923582e-05,0.0,-1.0,0.1,0.0,0.0,0.0,3.515542507171631,51512,nan,1.0059727430343628,51206.158771878785,50000,51796.71199913898,51754.202259885424,50,50479.87499373555,nan,nan,nan,0.033408984541893005
23.713868396007456,nav_to_wp,0,-0.011907139793038368,-1.9408708810806274,1.7920236587524414,0.013130289502441883,-0.28376075625419617,0.010806226171553135,0.000932766916088703,-1.9247199767005019,1.7999724803826571,0.382886734647752,51491,0.2925523653760411,-0.05411260303743373,0.005179765546676762,1.1682449840009212,-0.002633250676131878,-0.2125195146112749,7.768934524316057e-05,0.0,-1.0,0.1,0.0,0.0,0.0,3.515542507171631,51491,nan,0.9955950975418091,51718.816341236234,50000,51795.673390366945,51753.73044763677,50,50479.87499373555,nan,nan,nan,0.033408984541893005
23.73387319900212,nav_to_wp,0,-0.011928670108318329,-1.9432388544082642,1.7921127080917358,0.012217280454933643,-0.2801707684993744,0.008924975991249084,0.0008804776110094316,-1.9289400450120884,1.799974023084957,0.38371107345657357,51601,0.31430272972489526,-0.053343094266870505,0.005651488818564365,1.0290690115652978,-0.00255837849569113,-0.20647686945432797,7.548037564976278e-05,0.0,-1.0,0.1,0.0,0.0,0.0,3.515542507171631,51601,nan,0.9971158504486084,51750.25547611584,50000,51795.067818176925,51753.68411468316,50,50479.87499373555,nan,nan,nan,0.033408984541893005
23.753659612993943,nav_to_wp,0,-0.011992082931101322,-1.9501802921295166,1.7922213077545166,0.013100964017212391,-0.2736077904701233,0.008878127671778202,0.0008305957142861788,-1.9329658206724172,1.7999754947609852,0.3836634504330599,51595,0.31304618556886155,-0.05606566911121383,0.005243964538816703,1.1110159975942224,-0.002484851733986094,-0.2005428078588528,7.331110022661728e-05,0.0,-1.0,0.1,0.0,0.0,0.0,3.515542507171631,51595,nan,1.0012935400009155,51528.34602323792,50000,51791.511527577735,51750.679606797225,50,50479.87499373555,nan,nan,nan,0.033408984541893005
23.773956304008607,nav_to_wp,0,-0.01206289604306221,-1.954674243927002,1.7923059463500977,0.01173026766628027,-0.2667403817176819,0.008871042169630527,0.0007811711699206442,-1.936954685186401,1.799976952943651,0.3835736615464299,51583,0.31067708565777963,-0.05618397889347943,0.006021346216414036,1.2002380099147558,-0.002409787464005592,-0.19448465989538596,7.109646337536713e-05,0.0,-1.0,0.1,0.0,0.0,0.0,3.515542507171631,51583,nan,0.9974205493927002,51716.399899127166,50000,51790.510039198394,51750.22254402829,50,50479.87499373555,nan,nan,nan,0.033408984541893005
23.793292979011312,nav_to_wp,0,-0.01206289604306221,-1.954674243927002,1.7923059463500977,0.011686707846820354,-0.25899064540863037,0.009833022020757198,0.0007342671013811954,-1.9407401318093334,1.7999783367641915,0.383000761707729,51506,0.2955609949268858,-0.0513567422517506,0.0060424772760026,0.8869309967849404,-0.002336321860107011,-0.18855553411079293,6.8928992303772e-05,0.0,-1.0,0.1,0.0,0.0,0.0,3.515542507171631,51506,nan,1.0156283378601074,50713.433329874686,50000,51780.510039198394,51740.22254402829,50,50479.87499373555,nan,nan,nan,0.033408984541893005
23.81406530100503,nav_to_wp,0,-0.012081308290362358,-1.9569425582885742,1.7923614978790283,0.011997872032225132,-0.2510201036930084,0.01022448018193245,0.00068685941186988,-1.9445662237401582,1.799979735443167,0.38269475835391314,51465,0.2874870278077335,-0.048835038421228716,0.0058944559991964685,0.9735980129335076,-0.002259641614349702,-0.18236696696968252,6.666667898131959e-05,0.0,-1.0,0.1,0.0,0.0,0.0,3.515542507171631,51465,nan,1.001994252204895,51362.57008136616,50000,51774.9375064273,51735.187177859465,50,50479.87499373555,nan,nan,nan,0.033408984541893005
23.833929688000353,nav_to_wp,0,-0.012318071909248829,-1.967767357826233,1.792728304862976,0.010088376700878143,-0.23681791126728058,0.010476439259946346,0.0006435470306071014,-1.948061799123868,1.7999810132974068,0.38218550962909864,51396,0.274050385992048,-0.052201573811821264,0.0071419455553318745,1.2659819913096726,-0.002187236692094401,-0.1765234447130901,6.45305014220075e-05,0.0,-1.0,0.1,0.0,0.0,0.0,3.515542507171631,51396,nan,1.0055428743362427,51112.68878905479,50000,51766.107523529005,51726.887199342076,50,50479.87499373555,nan,nan,nan,0.033408984541893005
23.853085069014924,nav_to_wp,0,-0.01251971535384655,-1.9738430976867676,1.792799472808838,0.008779104799032211,-0.22771239280700684,0.009945821017026901,0.0006008475725153076,-1.9515079078404,1.7999822730684463,0.38239409664549107,51424,0.2795540012002906,-0.05327879265352403,0.008027716122899653,0.7140710076782852,-0.002113429634900557,-0.17056676154885617,6.235295638245312e-05,0.0,-1.0,0.1,0.0,0.0,0.0,3.515542507171631,51424,nan,0.9975185394287109,51551.924066946216,50000,51763.251744107896,51724.554357576795,50,50479.87499373555,nan,nan,nan,0.033408984541893005
23.87460879801074,nav_to_wp,0,-0.012721717357635498,-1.9797519445419312,1.7928961515426636,0.007253981661051512,-0.21990521252155304,0.008043301291763783,0.000558853237427246,-1.9548971087965537,1.7999835120360943,0.38326973378153356,51542,0.3026578834177709,-0.05488236595679678,0.009011490069295913,1.432588993338868,-0.002038236258226205,-0.16449819388165252,6.0134510469421396e-05,0.0,-1.0,0.1,0.0,0.0,0.0,3.515542507171631,51542,nan,1.003829836845398,51345.35566503399,50000,51757.67979638692,51719.49837500956,50,50479.87499373555,nan,nan,nan,0.033408984541893005
23.89417034300277,nav_to_wp,0,-0.012761075049638748,-1.9816453456878662,1.7929129600524902,0.006974729709327221,-0.21185265481472015,0.008406299166381359,0.0005184337811231059,-1.9581592073549887,1.7999847045397643,0.38302487433982385,51509,0.29619721213255445,-0.0524443130494593,0.009201173710582156,1.1891399917658418,-0.0019631445723042704,-0.15843783328320238,5.7919064759919194e-05,0.0,-1.0,0.1,0.0,0.0,0.0,3.515542507171631,51509,nan,1.0118675231933594,50904.885095474165,50000,51747.67979638692,51709.49837500956,50,50479.87499373555,nan,nan,nan,0.033408984541893005
23.913537888001883,nav_to_wp,0,-0.012946514412760735,-1.987210750579834,1.7930305004119873,0.007425731513649225,-0.20320215821266174,0.009668824262917042,0.000480458914880022,-1.961224012470035,1.7999858249201828,0.3822789513509803,51409,0.2765158667804801,-0.05373280478668875,0.00917580379832561,0.9384620061609894,-0.0018898779827320777,-0.1525247691779732,5.5757465249604306e-05,0.0,-1.0,0.1,0.0,0.0,0.0,3.515542507171631,51409,nan,0.9947954416275024,51677.96096441093,50000,51746.75021196057,51709.07787620158,50,50479.87499373555,nan,nan,nan,0.033408984541893005
23.933998341992265,nav_to_wp,0,-0.013200361281633377,-1.992461085319519,1.7931406497955322,0.006346058566123247,-0.198761984705925,0.008699752390384674,0.0004434045325550223,-1.9642145288752173,1.7999869181433716,0.3827025933890653,51466,0.28769375696742117,-0.05685560484218122,0.009995360558649136,1.3426479999907315,-0.0018155394975465113,-0.1465251965084311,5.356424137890214e-05,0.0,-1.0,0.1,0.0,0.0,0.0,3.515542507171631,51466,nan,1.0019283294677734,51366.9476012709,50000,51741.68617715137,51704.516139202504,50,50479.87499373555,nan,nan,nan,0.033408984541893005
23.95310415001586,nav_to_wp,0,-0.013437219895422459,-1.9974493980407715,1.7931771278381348,0.006335965823382139,-0.18615779280662537,0.00886825192719698,0.0004081518748201701,-1.9670596350318303,1.7999879582099032,0.38255428426376775,51446,0.28378058743450474,-0.055635465435746156,0.010253837964110168,0.7611660112161189,-0.0017418731920984796,-0.14057987287520268,5.139084896753202e-05,0.0,-1.0,0.1,0.0,0.0,0.0,3.515542507171631,51446,nan,0.9937418699264526,51769.98328933,50000,51742.06347198042,51705.38903453754,50,50479.87499373555,nan,nan,nan,0.033408984541893005
23.974422541010426,nav_to_wp,0,-0.013585406355559826,-2.0006275177001953,1.7931878566741943,0.005664314609020948,-0.17796090245246887,0.007874353788793087,0.00037370917967019177,-1.969839372229479,1.7999889743799393,0.38303128105723283,51510,0.2963662548082535,-0.054866729139813344,0.010749803525176072,1.698820007732138,-0.0016667578927341753,-0.13451760652681533,4.9174706585702614e-05,0.0,-1.0,0.1,0.0,0.0,0.0,3.515542507171631,51510,nan,0.9935728311538696,51843.20503226694,50000,51743.41202611758,51707.226581173934,50,50479.87499373555,nan,nan,nan,0.033408984541893005
23.993806718004635,nav_to_wp,0,-0.013751397840678692,-2.00370717048645,1.7932214736938477,0.0055731674656271935,-0.16959191858768463,0.0060873799957334995,0.00034089302127805754,-1.972487837913402,1.7999899425619212,0.3838733027337939,51623,0.31858318558822774,-0.05398203809112114,0.010951497941541266,0.9628029947634786,-0.0015918960043865616,-0.12847579200504378,4.696604064208038e-05,0.0,-1.0,0.1,0.0,0.0,0.0,3.515542507171631,51623,nan,1.0073585510253906,51245.90439764762,50000,51736.778591071314,51701.07561872692,50,50479.87499373555,nan,nan,nan,0.033408984541893005
24.012999911996303,nav_to_wp,0,-0.01412264071404934,-2.009413719177246,1.7932034730911255,0.005494433455169201,-0.16066588461399078,0.006958261132240295,0.00031024785855632633,-1.974961090902887,1.7999908466925643,0.38350757947565645,51574,0.30893349539990567,-0.0558365326390487,0.011396467617746708,0.6270159792620689,-0.0015186581798202886,-0.12256504941259393,4.4805289791749166e-05,0.0,-1.0,0.1,0.0,0.0,0.0,3.515542507171631,51574,nan,1.0002719163894653,51559.97999639848,50000,51734.421276475674,51699.19434376254,50,50479.87499373555,nan,nan,nan,0.033408984541893005
24.034078874014085,nav_to_wp,0,-0.014314601197838783,-2.0121231079101562,1.7931939363479614,0.003968639764934778,-0.1540658175945282,0.007117755711078644,0.00028038877027087086,-1.9773709028538258,1.7999917276314887,0.3834517436585372,51567,0.3074602548426686,-0.05586950885581747,0.012402196756524209,1.3221580011304468,-0.0014437298816070477,-0.11651787520648377,4.2594664543976724e-05,0.0,-1.0,0.1,0.0,0.0,0.0,3.515542507171631,51567,nan,0.9997089505195618,51582.01291805976,50000,51732.38916503013,51697.63192475317,50,50479.87499373555,nan,nan,nan,0.033408984541893005
24.054150493000634,nav_to_wp,0,-0.014455766417086124,-2.0146355628967285,1.7930744886398315,0.004279719199985266,-0.14438100159168243,0.005948374047875404,0.00025228420374493257,-1.9796391141147553,1.7999925568063908,0.38415620285638297,51661,0.3260475687699973,-0.054096926599905504,0.012373885535426066,1.1160949943587184,-0.0013694641473553574,-0.1105241739844628,4.0403587059287067e-05,0.0,-1.0,0.1,0.0,0.0,0.0,3.515542507171631,51661,nan,1.0034987926483154,51480.879078750455,50000,51729.03569721307,51694.74188680647,50,50479.87499373555,nan,nan,nan,0.033408984541893005
24.073603240016382,nav_to_wp,0,-0.014593468979001045,-2.0170071125030518,1.79305100440979,0.004146624356508255,-0.13494081795215607,0.005361685995012522,0.000225656638260862,-1.9817881223133471,1.7999933424050225,0.38445435235469805,51701,0.3339143101503428,-0.05249218216029651,0.012587755624809072,1.0049180127680302,-0.0012951787024396296,-0.10452888199070412,3.821192804675531e-05,0.0,-1.0,0.1,0.0,0.0,0.0,3.515542507171631,51701,nan,1.0102934837341309,51174.23880525161,50000,51721.63840532026,51687.80184571908,50,50479.87499373555,nan,nan,nan,0.033408984541893005
24.093794824992074,nav_to_wp,0,-0.014861200004816055,-2.02036190032959,1.7929893732070923,0.0036111793015152216,-0.12954092025756836,0.005664827302098274,0.00020052021779753612,-1.983816785943571,1.7999940840100908,0.3844241872505936,51697,0.33311839711328517,-0.0541880278604902,0.013158421779544405,1.2333540071267635,-0.0012209130090785156,-0.098535184068804,3.602085176846888e-05,0.0,-1.0,0.1,0.0,0.0,0.0,3.515542507171631,51697,nan,1.004547119140625,51462.99164565422,50000,51718.18978185805,51684.804376384884,50,50479.87499373555,nan,nan,nan,0.033408984541893005
24.113503157015657,nav_to_wp,0,-0.014958130195736885,-2.0214343070983887,1.7929552793502808,0.0027267364785075188,-0.12071353197097778,0.006092459429055452,0.0001768532887423055,-1.9857268525850595,1.7999947822604467,0.38421526868071754,51669,0.32760603379201747,-0.051869252440774685,0.013740974200918465,0.8980519778560847,-0.00114660071322527,-0.09253772503935069,3.38284005671137e-05,0.0,-1.0,0.1,0.0,0.0,0.0,3.515542507171631,51669,nan,0.9939348697662354,51984.29149804563,50000,51721.737804740544,51688.79753800703,50,50479.87499373555,nan,nan,nan,0.033408984541893005
24.13357412201003,nav_to_wp,0,-0.015235529281198978,-2.024441957473755,1.7928346395492554,0.0034054876305162907,-0.11076769977807999,0.004974262323230505,0.00015473773313406936,-1.987511713853993,1.7999954347403078,0.38491514072718064,51763,0.3460723147013347,-0.05098330036785376,0.013667089983679714,1.0878540051635355,-0.001072515932754581,-0.08655862789967328,3.164266179965771e-05,0.0,-1.0,0.1,0.0,0.0,0.0,3.515542507171631,51763,nan,1.0012245178222656,51699.69280475492,50000,51721.443871407406,51688.942808230335,50,50479.87499373555,nan,nan,nan,0.033408984541893005
24.153157199994894,nav_to_wp,0,-0.015422419644892216,-2.0271339416503906,1.792743444442749,0.003955496940761805,-0.10131322592496872,0.005245056934654713,0.00013409715027226307,-1.9891775357564976,1.7999960437037392,0.3848858940699358,51759,0.345300635090652,-0.05024690471130346,0.013593596330715885,0.7799699960742146,-0.0009984249190672422,-0.08057902770110031,2.9456739132307707e-05,0.0,-1.0,0.1,0.0,0.0,0.0,3.5102639198303223,51759,nan,0.9880096316337585,52387.14111967923,50000,51730.319834717695,51698.252119049655,50,50420.64396517873,nan,nan,nan,0.033408984541893005
24.17297423101263,nav_to_wp,0,-0.01566307246685028,-2.029588460922241,1.7925782203674316,0.005498975049704313,-0.08730277419090271,0.0024230561684817076,0.00011483677213086976,-1.9907319666547558,1.7999966119467024,0.38644551766799606,51969,0.38645165350913047,-0.04683115297361312,0.013007581154835579,0.6089379894547164,-0.0009239450131746901,-0.07456804151127436,2.7259342896919898e-05,0.0,-1.0,0.1,0.0,0.0,0.0,3.5102639198303223,51969,nan,0.9968919157981873,52131.02762338049,50000,51735.6626052332,51704.0224591074,50,50420.64396517873,nan,nan,nan,0.033408984541893005
24.19515984400641,nav_to_wp,0,-0.015827804803848267,-2.0317108631134033,1.7924368381500244,0.006197359412908554,-0.07888439297676086,0.0014905610587447882,9.610338587511674e-05,-1.9922438660687325,1.7999971646417139,0.387086114054546,52055,0.403353932837625,-0.046316580452030354,0.012816737695563685,1.1503960122354329,-0.0008452301530556123,-0.06821526848558805,2.4937001921566495e-05,0.0,-1.0,0.1,0.0,0.0,0.0,3.5102639198303223,52055,nan,1.0025725364685059,51921.430227243436,50000,51738.13950686,51706.92122934921,50,50420.64396517873,nan,nan,nan,0.033408984541893005
24.21394008601783,nav_to_wp,0,-0.015899885445833206,-2.0330915451049805,1.7924095392227173,0.007950163446366787,-0.07024968415498734,0.0008310879929922521,8.078847680047935e-05,-1.9934798733628192,1.7999976164806781,0.38742840182410415,52101,0.4123852724038013,-0.04489309607808167,0.011995393031279944,1.2872650113422424,-0.0007749618926793673,-0.06254418797544281,2.286386274439345e-05,0.0,-1.0,0.1,0.0,0.0,0.0,3.5102639198303223,52101,nan,1.0018843412399292,52003.00858632041,50000,51741.67109458614,51710.86906077549,50,50420.64396517873,nan,nan,nan,0.033408984541893005
24.23362256900873,nav_to_wp,0,-0.016037771478295326,-2.034881353378296,1.7922650575637817,0.0096473079174757,-0.061653438955545425,0.0007223229040391743,6.607397133021053e-05,-1.9946674243957045,1.7999980506058095,0.3876545610261379,52132,0.4183525336711824,-0.04413834864906095,0.011278083853661913,0.8211780223064125,-0.0007008431657825976,-0.05656235115053194,2.0677122448431486e-05,0.0,-1.0,0.1,0.0,0.0,0.0,3.5102639198303223,52132,nan,0.9939615726470947,52448.70771126825,50000,51751.09824947524,51720.70690944873,50,50420.64396517873,nan,nan,nan,0.033408984541893005
24.253817977994913,nav_to_wp,0,-0.016085198149085045,-2.0354514122009277,1.792213797569275,0.009650691412389278,-0.05862513929605484,-0.0005446082795970142,5.272850149669675e-05,-1.9957444858380446,1.7999984443399961,0.3883766082855322,52229,0.4374039125470226,-0.0450830080828393,0.011328980242160558,1.1434690095484257,-0.0006260778685483939,-0.050528332125301494,1.847130625262291e-05,0.0,-1.0,0.1,0.0,0.0,0.0,3.5102639198303223,52229,nan,1.010299563407898,51696.54812462102,50000,51750.370914477186,51720.3847923177,50,50420.64396517873,nan,nan,nan,0.033408984541893005
24.274321506003616,nav_to_wp,0,-0.0161824282258749,-2.036435604095459,1.7920571565628052,0.011783781461417675,-0.0502147413790226,-4.845995135838166e-05,4.074938441826423e-05,-1.9967112742148807,1.799998797762392,0.3883073905446436,52220,0.43557758692990767,-0.04392189478086083,0.01035908638443317,1.2428140034899116,-0.0005503844605970715,-0.04441940886064736,1.6238107812283016e-05,0.0,-1.0,0.1,0.0,0.0,0.0,3.5102639198303223,52220,nan,1.014805555343628,51458.133752842485,50000,51746.47441898873,51716.88811179137,50,50420.64396517873,nan,nan,nan,0.033408984541893005
24.293673022999428,nav_to_wp,0,-0.016209471970796585,-2.037393569946289,1.7919533252716064,0.013514241203665733,-0.04252861067652702,0.0019199318485334516,3.063469284428355e-05,-1.9975275919939777,1.7999990961782522,0.3874448900358442,52104,0.41282031756844795,-0.04324561205056751,0.009544087503015497,1.0164609993807971,-0.0004772131500700364,-0.0385140343599868,1.4079319339557817e-05,0.0,-1.0,0.1,0.0,0.0,0.0,3.5102639198303223,52104,nan,1.0023150444030762,51983.65552921565,50000,51749.63683379176,51720.44501069037,50,50420.64396517873,nan,nan,nan,0.033408984541893005
24.313541203009663,nav_to_wp,0,-0.01620654948055744,-2.0389323234558105,1.79180908203125,0.015313664451241493,-0.03506295010447502,0.0027968846261501312,2.1771474710115257e-05,-1.9982429081744084,1.7999993576716298,0.3871931630500127,52070,0.40617844459136343,-0.043390864407258145,0.008647304822806401,0.7646369922440499,-0.00040229956326927135,-0.03246804745528587,1.186912812566344e-05,0.0,-1.0,0.1,0.0,0.0,0.0,3.5102639198303223,52070,nan,1.0056736469268799,51776.23989563076,50000,51749.99154128295,51721.18894248958,50,50420.64396517873,nan,nan,nan,0.033408984541893005
24.333639571996173,nav_to_wp,0,-0.01619337685406208,-2.039299964904785,1.791772484779358,0.016167905181646347,-0.02864404022693634,0.0020958620589226484,1.4512060982178887e-05,-1.998828787481611,1.7999995718476307,0.38758732992954764,52123,0.41657862610943575,-0.04288410508163634,0.008214716927227972,1.0080490028485656,-0.0003284506947039882,-0.026507989856386846,9.690349516475782e-06,0.0,-1.0,0.1,0.0,0.0,0.0,3.5102639198303223,52123,nan,1.0059971809387207,51812.272427406555,50000,51750.82195309793,51722.40338895514,50,50420.64396517873,nan,nan,nan,0.033408984541893005
24.35358869601623,nav_to_wp,0,-0.016120055690407753,-2.040189504623413,1.791730284690857,0.018077954649925232,-0.021347099915146828,0.0034409237559884787,8.713641396485006e-06,-1.999296755581661,1.7999997429196162,0.3869682857332024,52039,0.4002450061530958,-0.04270080741108461,0.007197072408586802,1.0084020032081753,-0.000254510367982551,-0.020540551022146535,7.5088725981855546e-06,0.0,-1.0,0.1,0.0,0.0,0.0,3.5102639198303223,52039,nan,1.0207256078720093,50982.35960640782,50000,51740.82195309793,51712.53613852118,50,50420.64396517873,nan,nan,nan,0.033408984541893005
24.37365745799616,hold,0,-0.01603374257683754,-2.040865898132324,1.7917128801345825,0.02011103555560112,-0.013992753811180592,0.005680480506271124,8.713641396439122e-06,-1.999296755585335,1.7999997429196162,0.3886749188851367,52269,0.44527490462102115,-0.1275128494550813,0.006161422845591513,1.110493001760915,-1.854243508579523e-11,-1.4846969860378323e-06,5.470613389780749e-13,0.0,-0.997,0.1,0.0,0.15,0.0,3.5102639198303223,52269,nan,1.0097625255584717,51763.65598544219,50000,51741.126406862524,51713.21773648013,50,50420.64396517873,nan,nan,nan,0.033408984541893005
24.393502838007407,hold,0,-0.015963705256581306,-2.041043281555176,1.7917221784591675,0.021550655364990234,-0.007248534355312586,0.007314571179449558,8.7128852278769e-06,-1.999357041834156,1.7999997429419257,0.3875481955669096,52117,0.4155460571743941,-0.12137179265448311,0.005364058171710706,0.9409839985892177,-7.54371243853845e-08,-0.006014295594176806,2.2256372522797016e-09,0.0,-0.994,0.1,0.0,0.15,0.0,3.5102639198303223,52117,nan,1.005784511566162,51817.262446053945,50000,51742.14155405175,51714.60499927445,50,50420.64396517873,nan,nan,nan,0.033408984541893005
24.414017917995807,hold,0,-0.015963705256581306,-2.041043281555176,1.7917221784591675,0.023936104029417038,0.00015678457566536963,0.008028658106923103,8.710602433609437e-06,-1.9995379934734965,1.7999997430092753,0.3868753457399563,52027,0.3977927635872369,-0.1144075206442598,0.004140144414965574,1.3242129934951663,-1.515577878355665e-07,-0.012030907492362054,4.4714411004947135e-09,0.0,-0.991,0.1,0.0,0.15,0.0,3.5102639198303223,52027,nan,1.0120699405670166,51406.526283007326,50000,51737.66668377116,51710.497283057564,50,50420.64396517873,nan,nan,nan,0.033408984541893005
24.433262962993467,hold,0,-0.015536859631538391,-2.0418789386749268,1.7918260097503662,0.02666296809911728,0.007865922525525093,0.010056976228952408,8.706825447167723e-06,-1.9998354702469785,1.7999997431207087,0.3854647533322156,51837,0.3605739665492216,-0.10825909403154813,0.002297455838814022,0.8441819809377193,-2.27469188553483e-07,-0.017978564991805276,6.711071026569418e-09,0.0,-0.988,0.1,0.0,0.15,0.0,3.5102639198303223,51837,nan,0.9959208965301514,52049.31453954148,50000,51741.82198851477,51715.01484647735,50,50420.64396517873,nan,nan,nan,0.033408984541893005
24.452963118004845,hold,0,-0.015360435470938683,-2.0418803691864014,1.7919039726257324,0.02529904432594776,0.012158461846411228,0.008010989055037498,8.701473971440357e-06,-2.0002542476851,1.7999997432785944,0.38616011679308826,51931,0.37892128741657594,-0.10227364067789038,0.002816931079462348,0.6443779857363552,-3.0458373236751656e-07,-0.023968630791451055,8.98619753494837e-09,0.0,-0.985,0.1,0.0,0.15,0.0,3.5102639198303223,51931,nan,1.01312255859375,51258.35917826375,50000,51735.37581771143,51708.92610423451,50,50420.64396517873,nan,nan,nan,0.033408984541893005
24.473893742018845,hold,0,-0.015191343612968922,-2.0417263507843018,1.791980504989624,0.026302196085453033,0.020270487293601036,0.009481227025389671,8.694469277463385e-06,-2.000798867874659,1.7999997434852553,0.3850350166393094,51779,0.3492352675279502,-0.09445063454384497,0.002128377847670171,1.2443460000213236,-3.831726843368778e-07,-0.030021115497683257,1.1304823815386472e-08,0.0,-0.982,0.1,0.0,0.15,0.0,3.5102639198303223,51779,nan,1.0061920881271362,51460.352959421725,50000,51731.70884626757,51705.61179563701,50,50420.64396517873,nan,nan,nan,0.033408984541893005
24.49345372800599,hold,0,-0.01509702019393444,-2.0416057109832764,1.7920135259628296,0.02701214887201786,0.030718836933374405,0.0101175457239151,8.685964372800265e-06,-2.0014556879887198,1.7999997437361772,0.384362135760964,51689,0.331481154642848,-0.08522615823147958,0.0016644738002249415,0.9967329970095307,-4.6139776645803125e-07,-0.03599110229110498,1.3612714767619123e-08,0.0,-0.979,0.1,0.0,0.15,0.0,3.5102639198303223,51689,nan,1.003091812133789,51529.67991040275,50000,51729.01512712271,51703.26603716722,50,50420.64396517873,nan,nan,nan,0.033408984541893005
24.513527453003917,hold,0,-0.014801448211073875,-2.040982484817505,1.792144775390625,0.027426593005657196,0.043770696967840195,0.008980202488601208,8.675775294794131e-06,-2.002237445093858,1.7999997440367876,0.3844255153284635,51698,0.333153438745736,-0.0737949216681739,0.0011409828300115166,1.0092349839396775,-5.408808877204311e-07,-0.042004924796645145,1.595772191165251e-08,0.0,-0.976,0.1,0.0,0.15,0.0,3.5102639198303223,51698,nan,0.997244656085968,51840.83934117702,50000,51730.50611664343,51705.100347887346,50,50420.64396517873,nan,nan,nan,0.033408984541893005
24.533456709003076,hold,0,-0.01459682546555996,-2.0404109954833984,1.7922507524490356,0.02732250466942787,0.058714814484119415,0.00774645060300827,8.663988034400748e-06,-2.0031357511990313,1.7999997443845497,0.3845941792479359,51720,0.33760367408801706,-0.06131964395030676,0.000981738099362639,0.9218280029017478,-6.207482121594412e-07,-0.04799372219602657,1.8314064282330267e-08,0.0,-0.973,0.1,0.0,0.15,0.0,3.5102639198303223,51720,nan,1.010989785194397,51157.78691082925,50000,51722.86986056591,51697.80283539324,50,50420.64396517873,nan,nan,nan,0.033408984541893005
24.553424584009917,hold,0,-0.014357359148561954,-2.03959584236145,1.7923551797866821,0.028269372880458832,0.07734661549329758,0.008424678817391396,8.650505159951494e-06,-2.0041564550754307,1.7999997447823377,0.3838271054207723,51617,0.3173642591232788,-0.046670149393413615,0.00024070467639902837,0.9505630005151033,-7.015354284317999e-07,-0.053998330492854664,2.0697546414087854e-08,0.0,-0.97,0.1,0.0,0.15,0.0,3.5102639198303223,51617,nan,1.0079431533813477,51210.229294023586,50000,51716.03465301201,51691.301854841644,50,50420.64396517873,nan,nan,nan,0.033408984541893005
24.57354021901847,hold,0,-0.013807246461510658,-2.0369062423706055,1.7927697896957397,0.028312716633081436,0.09430818259716034,0.008579252287745476,8.635213239023494e-06,-2.005306497411515,1.7999997452334986,0.38300171848238557,51506,0.29558623964077846,-0.030731916941985224,-0.00035599680666553724,0.7030759879853576,-7.836456540509366e-07,-0.060048689391235636,2.312006156720321e-08,0.0,-0.967,0.1,0.0,0.15,0.0,3.5102639198303223,51506,nan,1.0112332105636597,50933.84934548446,50000,51706.03465301201,51681.301854841644,50,50420.64396517873,nan,nan,nan,0.033408984541893005
24.593694353010505,hold,0,-0.013711420819163322,-2.036163091659546,1.7927943468093872,0.026647960767149925,0.10829434543848038,0.009149614721536636,8.618326860415932e-06,-2.006567640219041,1.799999745731701,0.3825756942771117,51449,0.284345495438302,-0.018218110325012526,0.0004136445217706175,0.9702040115371346,-8.658469600664728e-07,-0.06604945709128023,2.5545263884295593e-08,0.0,-0.964,0.1,0.0,0.15,0.0,3.5102639198303223,51449,nan,1.0081841945648193,51031.34950673161,50000,51697.0388510616,51672.63582353351,50,50420.64396517873,nan,nan,nan,0.033408984541893005
24.614327499002684,hold,0,-0.013261434622108936,-2.0330288410186768,1.7931444644927979,0.02640627510845661,0.12353290617465973,0.010545182973146439,8.598808586660428e-06,-2.0080170183706767,1.7999997463075526,0.3813845081790078,51289,0.2529157830872766,-0.002179997952866367,6.966157471643974e-05,0.619072001427412,-9.525259812882446e-07,-0.07233365518868434,2.8102573169267414e-08,0.0,-0.961,0.1,0.0,0.15,0.0,3.5102639198303223,51289,nan,1.003980278968811,51085.66480277777,50000,51688.887197084485,51664.809543256764,50,50420.64396517873,nan,nan,nan,0.033408984541893005
24.63373342101113,hold,0,-0.013149859383702278,-2.0321714878082275,1.7932184934616089,0.025656098499894142,0.1359720677137375,0.00991345290094614,8.579218730720955e-06,-2.0094583679355797,1.7999997468855162,0.381631923201531,51322,0.25944388394540674,0.009762917657628937,0.0003457497959140632,0.9541079925838858,-1.0329203107259833e-06,-0.0780830801891003,3.047446387860289e-08,0.0,-0.958,0.1,0.0,0.15,0.0,3.5102639198303223,51322,nan,0.9935712218284607,51654.07257423636,50000,51688.42300211317,51664.66638366982,50,50420.64396517873,nan,nan,nan,0.033408984541893005
24.653675048000878,hold,0,-0.012964612804353237,-2.031212091445923,1.7933100461959839,0.0256304070353508,0.14784635603427887,0.007963216863572598,8.557093657575129e-06,-2.011077004003517,1.7999997475382767,0.38257177853613084,51448,0.28424217773432225,0.021774610714177314,0.0001645785408319611,0.9079709998331964,-1.1172367170386844e-06,-0.08407228468698184,3.296206844196369e-08,0.0,-0.955,0.1,0.0,0.15,0.0,3.5102639198303223,51448,nan,1.009722113609314,50952.632716041,50000,51678.61246496555,51655.17260143477,50,50420.64396517873,nan,nan,nan,0.033408984541893005
24.67322830899502,hold,0,-0.012660953216254711,-2.0282528400421143,1.7934865951538086,0.02535327710211277,0.1575947105884552,0.00849385280162096,8.533390434931618e-06,-2.012798618013466,1.799999748237598,0.38223439468771425,51403,0.27534022922728774,0.03490319994193086,-8.113073624027578e-06,0.7392650004476309,-1.2015901953905387e-06,-0.0900062078879032,3.545076674944624e-08,0.0,-0.952,0.1,0.0,0.15,0.0,3.5102639198303223,51403,nan,0.9955849647521973,51630.952475055,50000,51677.97699843341,51654.84966641638,50,50420.64396517873,nan,nan,nan,0.033408984541893005
24.693448238016572,hold,0,-0.012355591170489788,-2.0239341259002686,1.793711543083191,0.023130862042307854,0.16128811240196228,0.006871141958981752,8.507513332093138e-06,-2.0146659986004396,1.7999997490010555,0.3829500559583286,51499,0.29422311235695453,0.046383390964799744,0.0008335539177366513,0.8895799983292818,-1.2879129540418182e-06,-0.0960288800853011,3.799756514531749e-08,0.0,-0.949,0.1,0.0,0.15,0.0,3.5102639198303223,51499,nan,1.0117210149765015,50902.37252924526,50000,51667.97699843341,51644.84966641638,50,50420.64396517873,nan,nan,nan,0.033408984541893005
24.71365836399491,hold,0,-0.012252245098352432,-2.0228123664855957,1.7937607765197754,0.02241382747888565,0.16728606820106506,0.0061958725564181805,8.479853237462022e-06,-2.0166478897478823,1.7999997498171172,0.3834181792335201,51562,0.3065746499609521,0.055837486894170396,0.0010986688576331005,0.999449985101819,-1.3747831554429715e-06,-0.1020327422878905,4.056051485909138e-08,0.0,-0.946,0.1,0.0,0.15,0.0,3.5102639198303223,51562,nan,1.0048273801803589,51314.28643071511,50000,51663.26112419717,51640.44215660703,50,50420.64396517873,nan,nan,nan,0.033408984541893005
24.734010164014762,hold,0,-0.012163630686700344,-2.021691083908081,1.7938354015350342,0.02213655225932598,0.17237401008605957,0.0059859296306967735,8.449843401562028e-06,-2.018784317380047,1.7999997507025036,0.3836498995984154,51593,0.31268864375766015,0.06504918977526467,0.001150082684565179,1.0093169985339046,-1.4637549026601635e-06,-0.10813203539173392,4.318546691844322e-08,0.0,-0.943,0.1,0.0,0.15,0.0,3.5102639198303223,51593,nan,0.9996988773345947,51608.54050127342,50000,51662.53151589152,51640.01680120258,50,50420.64396517873,nan,nan,nan,0.033408984541893005
24.754072642012034,hold,0,-0.011853612959384918,-2.0182182788848877,1.7939445972442627,0.021822430193424225,0.17503903806209564,0.005482155364006758,8.418739541302632e-06,-2.0209805232286233,1.7999997516201673,0.3840507002423215,51647,0.3232638586364498,0.07538755143429657,0.000989495527094153,1.2584069918375462,-1.5512641548600096e-06,-0.11406252928535786,4.576727068153643e-08,0.0,-0.94,0.1,0.0,0.15,0.0,3.5102639198303223,51647,nan,0.998851478099823,51706.385916604224,50000,51663.11624123436,51640.90172274128,50,50420.64396517873,nan,nan,nan,0.033408984541893005
24.77355126099428,hold,0,-0.011853612959384918,-2.0182182788848877,1.7939445972442627,0.020453408360481262,0.17234742641448975,0.004626342561095953,8.385481513230174e-06,-2.0233129633549076,1.7999997526013858,0.38460670662157,51722,0.3379342116509214,0.07942558698329004,0.0016998922763011848,0.9447480260860175,-1.640245661136378e-06,-0.12004051258888274,4.839251066445146e-08,0.0,-0.9369999999999999,0.1,0.0,0.15,0.0,3.5102639198303223,51722,nan,0.986093282699585,52451.42716965165,50000,51673.11624123436,51650.90172274128,50,50420.64396517873,nan,nan,nan,0.033408984541893005
24.79370981201646,hold,0,-0.01151503436267376,-2.0136513710021973,1.7940740585327148,0.020688466727733612,0.1723717451095581,0.0015680353390052915,8.35025935370489e-06,-2.0257655705146393,1.7999997536405525,0.3863129856200145,51951,0.38295476569958886,0.08948799310420846,0.0012200330230365264,0.71031300467439,-1.7301025190565412e-06,-0.1260209861820211,5.104357632992196e-08,0.0,-0.9339999999999999,0.1,0.0,0.15,0.0,3.5102639198303223,51951,nan,1.0049331188201904,51695.97759997343,50000,51673.42105935088,51651.5027344377,50,50420.64396517873,nan,nan,nan,0.033408984541893005
24.813208925013896,hold,0,-0.011176790110766888,-2.0070300102233887,1.7941209077835083,0.018426652997732162,0.16012988984584808,0.0010448236716911197,8.313086842400409e-06,-2.028335317058824,1.799999754737261,0.3867455662228647,52010,0.3943685019225498,0.09568036765934657,0.0020384127053361123,0.7563020044472069,-1.8207476152334919e-06,-0.13199673058314215,5.3717897553478355e-08,0.0,-0.9309999999999999,0.1,0.0,0.15,0.0,3.5102639198303223,52010,nan,1.0091915130615234,51536.30339420949,50000,51671.59282381566,51649.966743234654,50,50420.64396517873,nan,nan,nan,0.033408984541893005
24.832878284010803,hold,0,-0.011105328798294067,-2.0050642490386963,1.7941737174987793,0.016561532393097878,0.15195944905281067,0.0022029499523341656,8.273942431806623e-06,-2.031021743228295,1.7999997558921466,0.3862486654696823,51943,0.3812576641077108,0.09950042925880025,0.0029327060655910397,0.5867480067536235,-1.912186894548694e-06,-0.13796736058267695,5.641564972820139e-08,0.0,-0.9279999999999999,0.1,0.0,0.15,0.0,3.5102639198303223,51943,nan,1.0044008493423462,51715.408279484065,50000,51672.177029891245,51650.839297051316,50,50420.64396517873,nan,nan,nan,0.033408984541893005
24.853580021997914,hold,0,-0.010931036435067654,-2.0031960010528564,1.7941839694976807,0.015872793272137642,0.14507529139518738,0.002925748471170664,8.232289603940774e-06,-2.033861338239722,1.7999997571210387,0.3860565687331646,51917,0.3761891486323101,0.10401497768697701,0.0031102946272201226,0.9321340185124427,-2.0054995085672444e-06,-0.14400954688083636,5.916867128833285e-08,0.0,-0.9249999999999999,0.1,0.0,0.15,0.0,3.5102639198303223,51917,nan,1.0022650957107544,51799.66879239984,50000,51673.87692005803,51652.82369032263,50,50420.64396517873,nan,nan,nan,0.033408984541893005
24.873164453019854,hold,0,-0.01085524633526802,-2.0005805492401123,1.7941588163375854,0.015098084695637226,0.13569417595863342,0.002532842569053173,8.188903581447148e-06,-2.036796111479515,1.7999997584010656,0.3864524664878774,51970,0.38663499968014037,0.10792001617513874,0.003429503174334325,0.7438619795721024,-2.09896928613429e-06,-0.14999871178282667,6.192632967749354e-08,0.0,-0.9219999999999999,0.1,0.0,0.15,0.0,3.5102639198303223,51970,nan,0.9938543438911438,52291.364745186685,50000,51682.110091059745,51661.33757105415,50,50420.64396517873,nan,nan,nan,0.033408984541893005
24.893726517999312,hold,0,-0.010781890712678432,-1.9990400075912476,1.794110894203186,0.01421031542122364,0.1246575117111206,0.0006715166964568198,8.142804717518286e-06,-2.039893944046562,1.7999997597611301,0.3875372903092379,52116,0.4152583195049555,0.10985591514411952,0.00380225337290252,0.9422029834240675,-2.1945198681198657e-06,-0.15607149988556682,6.47453784744451e-08,0.0,-0.9189999999999999,0.1,0.0,0.15,0.0,3.5102639198303223,52116,nan,1.0017136335372925,52026.84505347684,50000,51686.706557225305,51666.21100415312,50,50420.64396517873,nan,nan,nan,0.033408984541893005
24.914193450007588,hold,0,-0.010692200623452663,-1.9976216554641724,1.794067621231079,0.0137240681797266,0.11264335364103317,9.140151814790443e-05,8.09511251810602e-06,-2.043072801520002,1.799999761168203,0.3879555811385386,52172,0.426295016847984,0.11138416941244986,0.003956253643693897,1.3521579967346042,-2.2899043419368246e-06,-0.1620667379827839,6.755952654736994e-08,0.0,-0.9159999999999999,0.1,0.0,0.15,0.0,3.5102639198303223,52172,nan,1.0096378326416016,51673.97487819761,50000,51686.53680150494,51666.314522473716,50,50420.64396517873,nan,nan,nan,0.033408984541893005
24.933716441999422,hold,0,-0.010672952979803085,-1.995934009552002,1.79396390914917,0.013388887979090214,0.0991903766989708,0.0010151134338229895,8.045707882607735e-06,-2.046339426477846,1.7999997626257982,0.38768521669802286,52136,0.41916139044915113,0.1127048621212152,0.004111968218429407,0.8508810133207589,-2.385409115239914e-06,-0.1680047693812994,7.037722384118494e-08,0.0,-0.9129999999999999,0.1,0.0,0.15,0.0,3.5102639198303223,52136,nan,1.0136890411376953,51431.94597574628,50000,51683.14225716149,51663.18960851735,50,50420.64396517873,nan,nan,nan,0.033408984541893005
24.953670899994904,hold,0,-0.01064805407077074,-1.9950675964355469,1.7939276695251465,0.012902751564979553,0.08379435539245605,0.002112401882186532,7.993214798087641e-06,-2.049788489288308,1.7999997641745127,0.38717539956299646,52067,0.4057097510025436,0.1124822391680456,0.00434267569208413,1.0086150141432881,-2.4834488662142848e-06,-0.1740547046790223,7.326971111122012e-08,0.0,-0.9099999999999999,0.1,0.0,0.15,0.0,3.5049853324890137,52067,nan,1.00792396068573,51657.66668011026,50000,51682.80258280081,51663.115969471924,50,50361.412936621906,nan,nan,nan,0.033408984541893005
24.975062893994618,hold,0,-0.010625115595757961,-1.9941980838775635,1.793904423713684,0.013037191703915596,0.06846532225608826,0.0024584364145994186,7.93850931895999e-06,-2.0533557025742115,1.7999997657884999,0.3870290109697114,52048,0.4018472551375023,0.1123106263876949,0.004251029605179202,0.7373160042334348,-2.582364507338758e-06,-0.18009821818161628,7.618803995147494e-08,0.0,-0.9069999999999999,0.1,0.0,0.15,0.0,3.5049853324890137,52048,nan,1.0072107315063477,51675.38268993511,50000,51682.703650895935,51663.279525744765,50,50361.412936621906,nan,nan,nan,0.033408984541893005
24.99338481700397,hold,0,-0.010631618089973927,-1.9939239025115967,1.793845772743225,0.013103182427585125,0.050431396812200546,0.002148617757484317,7.882673707168852e-06,-2.056963675170409,1.7999997674358297,0.3871652418021979,52066,0.4054417362057485,0.11000638454536524,0.004222054109877638,0.862804998178035,-2.680380106121557e-06,-0.1860111602825308,7.907981465435272e-08,0.0,-0.9039999999999999,0.1,0.0,0.15,0.0,3.5049853324890137,52066,nan,0.9983131885528564,52153.973920222656,50000,51688.98725448696,51669.82211767114,50,50361.412936621906,nan,nan,nan,0.033408984541893005
25.013969306019135,hold,0,-0.010580853559076786,-1.9938501119613647,1.7937482595443726,0.013507086783647537,0.03257216140627861,0.0016576778143644333,7.823336292258251e-06,-2.060775010809325,1.7999997691864738,0.3874483895187033,52104,0.41291265220852935,0.10782747260605516,0.003957949443511799,1.1884480190929025,-2.781337694138283e-06,-0.19205976448159842,8.205838748067674e-08,0.0,-0.9009999999999999,0.1,0.0,0.15,0.0,3.5049853324890137,52104,nan,0.9983240365982056,52191.47099527389,50000,51695.68703769745,51676.77743603917,50,50361.412936621906,nan,nan,nan,0.033408984541893005
25.034763260016916,hold,0,-0.010578370653092861,-1.9940427541732788,1.7936745882034302,0.013880331069231033,0.013628731481730938,0.0012138097081333399,7.760597565430857e-06,-2.0647791879841657,1.7999997710374676,0.3876568826511237,52132,0.418413790267115,0.10508955393905295,0.0037605749153466483,1.1962920252699405,-2.884869007775064e-06,-0.19821568918059465,8.51128934720546e-08,0.0,-0.8979999999999999,0.1,0.0,0.15,0.0,3.5049853324890137,52132,nan,0.987138032913208,52811.25664477725,50000,51705.68703769745,51686.77743603917,50,50361.412936621906,nan,nan,nan,0.033408984541893005
25.053639830002794,hold,0,-0.01060123648494482,-1.9951497316360474,1.7935128211975098,0.014041476882994175,-0.005958960857242346,-0.0020581677090376616,7.698698687086192e-06,-2.068682749034582,1.7999997728636832,0.3893241029787468,52356,0.46240377252629905,0.1004176069768851,0.0036850660405889357,0.9731939935591072,-2.9845664179133012e-06,-0.20403822207443095,8.805428700696588e-08,0.0,-0.8949999999999999,0.1,0.0,0.15,0.0,3.5049853324890137,52356,nan,1.024755835533142,51091.1947847178,50000,51697.49380765772,51678.83633402155,50,50361.412936621906,nan,nan,nan,0.033408984541893005
25.073278666008264,hold,0,-0.010575457476079464,-1.9961589574813843,1.7934046983718872,0.013316015712916851,-0.028298737481236458,-0.0006329351454041898,7.633074168050263e-06,-2.072797106693626,1.799999774799817,0.3885577639019045,52253,0.4421837441135743,0.09535787297564857,0.00403909025921223,0.8227399957831949,-3.0873275640931636e-06,-0.21000050157656522,9.10860705868444e-08,0.0,-0.8919999999999999,0.1,0.0,0.15,0.0,3.5049853324890137,52253,nan,0.9913243055343628,52710.298444497006,50000,51707.49380765772,51688.83633402155,50,50361.412936621906,nan,nan,nan,0.033408984541893005
25.09325032599736,hold,0,-0.010721616446971893,-1.9981508255004883,1.7933157682418823,0.012865426018834114,-0.05014768987894058,-0.002976312767714262,7.564669108904711e-06,-2.077054452381781,1.7999997768179858,0.38963371693686194,52398,0.4705730062496549,0.0892576009361549,0.004409152511560599,0.8219830051530153,-3.191636954988781e-06,-0.21599680107578986,9.416353235426126e-08,0.0,-0.8889999999999999,0.1,0.0,0.15,0.0,3.5049853324890137,52398,nan,1.009476900100708,51906.09115946352,50000,51710.14177234846,51691.733065027445,50,50361.412936621906,nan,nan,nan,0.033408984541893005
25.114162787009263,hold,0,-0.010713455267250538,-1.9997822046279907,1.7932026386260986,0.012993271462619305,-0.07181094586849213,-0.0030809487216174603,7.492848600847234e-06,-2.0814946635942784,1.7999997789369213,0.38966083129255574,52402,0.47128842460569054,0.08411774571311947,0.004334719972354462,1.3765959884040058,-3.298277563826275e-06,-0.2220782402715908,9.73097725320019e-08,0.0,-0.8859999999999999,0.1,0.0,0.15,0.0,3.5049853324890137,52402,nan,1.0064096450805664,52068.26092749245,50000,51714.91669441705,51696.75343652698,50,50361.412936621906,nan,nan,nan,0.033408984541893005
25.13375600799918,hold,0,-0.010730978101491928,-2.0027663707733154,1.7929936647415161,0.01335076428949833,-0.09352216124534607,-0.0028939086478203535,7.419626216625229e-06,-2.0859793288529707,1.7999997810972166,0.38962905350220467,52397,0.47044996048033383,0.07756740105057175,0.004169427387572977,1.0634990176185966,-3.404466761869672e-06,-0.22805601056974015,1.0044269464270843e-07,0.0,-0.8829999999999999,0.1,0.0,0.15,0.0,3.5049853324890137,52397,nan,0.9960777759552002,52603.322014441386,50000,51724.91669441705,51706.75343652698,50,50361.412936621906,nan,nan,nan,0.033408984541893005
25.153514364996227,hold,0,-0.010756587609648705,-2.0038609504699707,1.7929267883300781,0.013273300603032112,-0.11543780565261841,-0.004485907964408398,7.344050015528572e-06,-2.0905704404006866,1.799999783326957,0.39037869337797965,52498,0.49022937672769373,0.07281419063524226,0.004227216249405696,0.9373690118081868,-3.511509498580196e-06,-0.23401754396891863,1.0360079888315943e-07,0.0,-0.8799999999999999,0.1,0.0,0.15,0.0,3.499706745147705,52498,nan,1.0096142292022705,51998.07855469747,50000,51728.558852554124,51710.637771435926,50,50302.18190806508,nan,nan,nan,0.033408984541893005
25.173739983991254,hold,0,-0.010837482288479805,-2.00771427154541,1.792895793914795,0.014229318127036095,-0.13600188493728638,-0.004671476781368256,7.265592612657093e-06,-2.095300532008685,1.7999997856417023,0.3903381905270764,52493,0.48916069992285927,0.0662352813889186,0.0038205719581931863,1.0867099917959422,-3.620050757681061e-06,-0.24000472047369475,1.0680311434298667e-07,0.0,-0.8769999999999999,0.1,0.0,0.15,0.0,3.499706745147705,52493,nan,1.0093345642089844,52007.532349928755,50000,51732.278499185784,51714.59636581583,50,50302.18190806508,nan,nan,nan,0.033408984541893005
25.193486624018988,hold,0,-0.01092748437076807,-2.0105443000793457,1.7927920818328857,0.01427988801151514,-0.15755367279052734,-0.004288039170205593,7.184301494655145e-06,-2.100163495835005,1.7999997880400511,0.3901382565960683,52466,0.4838853983131468,0.06037108599347771,0.00388874372151804,0.9833500080276281,-3.7299726904428205e-06,-0.24600821966967681,1.1004616410648688e-07,0.0,-0.8739999999999999,0.1,0.0,0.15,0.0,3.499706745147705,52466,nan,1.0135220289230347,51766.01840193864,50000,51732.72836455582,51715.281992964134,50,50302.18190806508,nan,nan,nan,0.033408984541893005
25.213121686014347,hold,0,-0.010858389548957348,-2.0121076107025146,1.7927712202072144,0.014717116951942444,-0.1776755154132843,-0.0031177278142422438,7.100716368107497e-06,-2.105120994814059,1.7999997905060805,0.3895008197960272,52380,0.4670664853833024,0.05668399417724352,0.0035994985254121925,0.7493539887946099,-3.840583650108492e-06,-0.2519812364682286,1.1330954237478712e-07,0.0,-0.8709999999999999,0.1,0.0,0.15,0.0,3.499706745147705,52380,nan,1.0038883686065674,52177.116139621474,50000,51738.65353489003,51721.43978158623,50,50302.18190806508,nan,nan,nan,0.033408984541893005
25.233611417002976,hold,0,-0.010861839167773724,-2.0153274536132812,1.7927454710006714,0.015478202141821384,-0.19552381336688995,-0.0029920090455561876,7.013511451923505e-06,-2.110257187783394,1.7999997930789053,0.3893898388437705,52365,0.4641382280678208,0.05259878113082708,0.003213006570378374,1.0028890101239085,-3.953426527189355e-06,-0.2580237572651367,1.1663876936921171e-07,0.0,-0.8679999999999999,0.1,0.0,0.15,0.0,3.499706745147705,52365,nan,1.0227340459823608,51200.994242547335,50000,51731.484744325455,51714.50050773238,50,50302.18190806508,nan,nan,nan,0.033408984541893005
25.25349699400249,hold,0,-0.010963216423988342,-2.022430419921875,1.7927007675170898,0.015803882852196693,-0.21251808106899261,-0.0013222224079072475,6.924026465827884e-06,-2.115481359292873,1.7999997957189997,0.38847491311502225,52242,0.4399977075203747,0.04512102277677485,0.0031571363571010203,0.8476819784846157,-4.066875983068565e-06,-0.2640279572667457,1.1998589238474055e-07,0.0,-0.8649999999999999,0.1,0.0,0.15,0.0,3.499706745147705,52242,nan,0.996856153011322,52406.75883093701,50000,51740.48839881361,51723.73061870844,50,50302.18190806508,nan,nan,nan,0.033408984541893005
25.273786603007466,hold,0,-0.011032702401280403,-2.028341293334961,1.792734980583191,0.014892547391355038,-0.2299090027809143,-0.002707900246605277,6.831308939991477e-06,-2.120852662251186,1.7999997984544642,0.3890282416257298,52317,0.4545974043728158,0.038657906273118596,0.0036924590981308736,1.01552001433447,-4.181998978188109e-06,-0.27006211136137337,1.2338239017836155e-07,0.0,-0.8619999999999999,0.1,0.0,0.15,0.0,3.499706745147705,52317,nan,1.016678810119629,51458.7296196761,50000,51736.73161509178,51720.19727205468,50,50302.18190806508,nan,nan,nan,0.033408984541893005
25.29367563399137,hold,0,-0.011029403656721115,-2.030402898788452,1.792779803276062,0.015599433332681656,-0.24592480063438416,-0.0006663294043391943,6.73661614267046e-06,-2.126286999786954,1.7999998012482055,0.3879339451062683,52169,0.4257241452841214,0.03706462605540477,0.0033348779684794216,0.9891650115605444,-4.297369160616537e-06,-0.27603287216187505,1.2678618079083567e-07,0.0,-0.8589999999999999,0.1,0.0,0.15,0.0,3.499706745147705,52169,nan,1.0047003030776978,51924.93705853451,50000,51739.24102100435,51722.92713587441,50,50302.18190806508,nan,nan,nan,0.033408984541893005
25.313547933998052,hold,0,-0.010991253890097141,-2.0390968322753906,1.7928630113601685,0.016787663102149963,-0.2608948051929474,-0.0002727030368987471,6.6389692292924e-06,-2.131844868824701,1.7999998041291028,0.3875384893401332,52116,0.41528995620403997,0.029219373411314496,0.002685521543548841,1.0012059938162565,-4.4140610020492994e-06,-0.28200863096024875,1.3022896458523216e-07,0.0,-0.8559999999999999,0.1,0.0,0.15,0.0,3.499706745147705,52116,nan,1.0068203210830688,51762.95999264015,50000,51739.5572739595,51723.46090729795,50,50302.18190806508,nan,nan,nan,0.033408984541893005
25.334219404001487,hold,0,-0.010981823317706585,-2.0414068698883057,1.7929459810256958,0.016138682141900063,-0.27452352643013,5.974938903818838e-05,6.537021381512429e-06,-2.137608800950244,1.7999998071368914,0.38727227771281103,52080,0.4082659027126905,0.02890132906211402,0.0030126163178478826,1.3336690026335418,-4.53344385654097e-06,-0.28807503746570057,1.3375114190051204e-07,0.0,-0.8529999999999999,0.1,0.0,0.15,0.0,3.499706745147705,52080,nan,1.0060430765151978,51767.16704855058,50000,51739.92540428739,51724.043655847985,50,50302.18190806508,nan,nan,nan,0.033408984541893005
25.354679998999927,hold,0,-0.011036395095288754,-2.048370838165283,1.7929829359054565,0.01707809418439865,-0.28792130947113037,0.0007643600110895932,6.430692512108404e-06,-2.1435794154091083,1.7999998102739343,0.38683149266255024,52021,0.39663569030475365,0.024159182379608395,0.0025866081649574824,1.3120580115355551,-4.65548297627092e-06,-0.2942271161630454,1.3735168756445865e-07,0.0,-0.8499999999999999,0.1,0.0,0.15,0.0,3.499706745147705,52021,nan,1.008828043937683,51565.775071983844,50000,51737.60339985667,51721.93340806313,50,50302.18190806508,nan,nan,nan,0.033408984541893005
25.373372158006532,hold,0,-0.010939248837530613,-2.0557384490966797,1.793287992477417,0.016554754227399826,-0.2986047565937042,0.0014488253509625793,6.326990110693672e-06,-2.1493117255631433,1.799999813333488,0.3860789104102293,51920,0.3767786387923291,0.01996716392349014,0.002761938679594733,0.840501015773043,-4.772826243508163e-06,-0.2999999999620005,1.4081369051055744e-07,0.0,-0.8469999999999999,0.1,0.0,0.15,0.0,3.499706745147705,51920,nan,1.0025273561477661,51789.11047325807,50000,51738.29016083536,51722.829102265736,50,50302.18190806508,nan,nan,nan,0.033408984541893005
25.394483115000185,hold,0,-0.010890351608395576,-2.063338041305542,1.793436050415039,0.015612450428307056,-0.31056416034698486,0.0022449358366429806,6.214633840339202e-06,-2.1555135955594515,1.7999998166483586,0.3854552576722206,51836,0.36032342143062124,0.012342638345805231,0.00320446712809197,1.2662209919653833,-4.79911299482384e-06,-0.2999999999615807,1.4158923403035947e-07,0.0,-0.8439999999999999,0.1,0.0,0.15,0.0,3.499706745147705,51836,nan,1.003927230834961,51633.224408992544,50000,51736.88928414412,51721.63437302209,50,50302.18190806508,nan,nan,nan,0.033408984541893005
25.413133106019814,hold,0,-0.010890351608395576,-2.063338041305542,1.793436050415039,0.015502622351050377,-0.32083600759506226,0.003872787579894066,6.107980842068777e-06,-2.161283542959614,1.7999998197949643,0.3846512569563109,51728,0.33910968222456184,0.013027820802580265,0.0032681459955317127,0.7374819833785295,-4.8256909028004e-06,-0.29999999996115406,1.4237336760599922e-07,0.0,-0.8409999999999999,0.1,0.0,0.15,0.0,3.499706745147705,51728,nan,1.00965416431427,51233.384487778814,50000,51730.17588685925,51715.12437455218,50,50302.18190806508,nan,nan,nan,0.033408984541893005
25.433369121019496,hold,0,-0.010912126861512661,-2.073878765106201,1.7938424348831177,0.015990538522601128,-0.3293250501155853,0.005893731489777565,5.996493726193076e-06,-2.167278911255457,1.799999823084192,0.38310896862737176,51520,0.29841605876970156,0.003902438460230742,0.003049192345951246,0.9430820064153522,-4.8525648317299585e-06,-0.29999999996072013,1.4316623474970402e-07,0.0,-0.8379999999999999,0.1,0.0,0.15,0.0,3.499706745147705,51520,nan,1.008937954902649,51063.59588283216,50000,51721.288153472226,51706.43732799591,50,50302.18190806508,nan,nan,nan,0.033408984541893005
25.453694476018427,hold,0,-0.010926317423582077,-2.0818886756896973,1.794156551361084,0.014288130216300488,-0.3361958861351013,0.007908930070698261,5.883409700845892e-06,-2.173295688154337,1.7999998264205337,0.38171347629849617,51333,0.26159568069910577,-0.0017719519150670793,0.003967065372296075,1.1377490009181201,-4.879739754867028e-06,-0.29999999996027904,1.4396798218844143e-07,0.0,-0.8349999999999999,0.1,0.0,0.15,0.0,3.499706745147705,51333,nan,1.007183313369751,50966.888865795714,50000,51711.288153472226,51696.57668183324,50,50302.18190806508,nan,nan,nan,0.033408984541893005
25.473705937998602,hold,0,-0.010874028317630291,-2.0873301029205322,1.7943658828735352,0.013176863081753254,-0.3421899676322937,0.009848220273852348,5.769187478465096e-06,-2.1793041811571734,1.7999998297904558,0.38049164065822844,51168,0.22935727330417954,-0.004332248005692277,0.0045088263998511735,1.1305399821139872,-4.907220757496694e-06,-0.29999999995983034,1.4477875995444056e-07,0.0,-0.8319999999999999,0.1,0.0,0.15,0.0,3.499706745147705,51168,nan,0.9951149821281433,51419.183630993684,50000,51707.39342650584,51692.87810782205,50,50302.18190806508,nan,nan,nan,0.033408984541893005
25.49363095400622,hold,0,-0.010952144861221313,-2.095532178878784,1.7947560548782349,0.012791414745151997,-0.34863847494125366,0.010404810309410095,5.653504582422618e-06,-2.185322818052709,1.7999998332034723,0.3797469487518874,51068,0.20970841034003662,-0.010037071519573839,0.004802820437427968,1.0218889801762998,-4.935013040107084e-06,-0.29999999995937404,1.455987214787899e-07,0.0,-0.8289999999999998,0.1,0.0,0.15,0.0,3.499706745147705,51068,nan,1.0044516324996948,50841.67156253342,50000,51697.39342650584,51682.87810782205,50,50302.18190806508,nan,nan,nan,0.033408984541893005
25.51397503699991,hold,0,-0.010942608118057251,-2.1010985374450684,1.795019507408142,0.011929449625313282,-0.3531924784183502,0.011227942071855068,5.53702826990704e-06,-2.191309757253431,1.7999998366398975,0.37902014112066,50971,0.19053142798575173,-0.012015668245213086,0.005256672320833378,1.3486200186889619,-4.963121921670226e-06,-0.29999999995890997,1.464280236882332e-07,0.0,-0.8259999999999998,0.1,0.0,0.15,0.0,3.499706745147705,50971,nan,1.00916588306427,50508.04912788936,50000,51687.39342650584,51672.87810782205,50,50302.18190806508,nan,nan,nan,0.033408984541893005
25.53363122601877,hold,0,-0.010926220566034317,-2.106647491455078,1.7952913045883179,0.011533139273524284,-0.35661324858665466,0.012452843599021435,5.4190148812940765e-06,-2.1973088743553535,1.799999840121671,0.37807953663894395,50844,0.1657133677821605,-0.013378991527904116,0.00546191934376461,1.0612539772409946,-4.991552843035693e-06,-0.29999999995843785,1.472668271052929e-07,0.0,-0.8229999999999998,0.1,0.0,0.15,0.0,3.499706745147705,50844,nan,0.99460768699646,51119.6531705279,50000,51679.823556426134,51665.501775324796,50,50302.18190806508,nan,nan,nan,0.033408984541893005
25.553986970015103,hold,0,-0.010982576757669449,-2.1149559020996094,1.7956355810165405,0.011016946285963058,-0.35845839977264404,0.011958771385252476,5.300373911573187e-06,-2.203264232849905,1.7999998436219604,0.37792113115461684,50823,0.16153380355189384,-0.016852077278931406,0.005796896818730302,1.0933529993053526,-5.020311370441548e-06,-0.2999999999579575,1.481152959518543e-07,0.0,-0.8199999999999998,0.1,0.0,0.15,0.0,3.5102639198303223,50823,nan,0.9995639324188232,50845.17193113853,50000,51669.823556426134,51655.501775324796,50,50420.64396517873,nan,nan,nan,0.033408984541893005
25.57318508301978,hold,0,-0.01101240050047636,-2.1205456256866455,1.795874834060669,0.010095309466123581,-0.3583570420742035,0.012467743828892708,5.179421492229234e-06,-2.2092752281475776,1.7999998471904448,0.37736984737027013,50749,0.1469880572630622,-0.016376420458622396,0.006325296333101527,0.8048010058701038,-5.0494031991473725e-06,-0.2999999999574689,1.4897359825635158e-07,0.0,-0.8169999999999998,0.1,0.0,0.15,0.0,3.5102639198303223,50749,nan,0.9855351448059082,51493.85109954098,50000,51667.477257001,51653.346432981016,50,50420.64396517873,nan,nan,nan,0.033408984541893005
25.59347871900536,hold,0,-0.010979251004755497,-2.1288087368011475,1.7962195873260498,0.009213103912770748,-0.3578656315803528,0.011097092181444168,5.057354170949854e-06,-2.2152687943515126,1.7999998507918227,0.3776431581943276,50785,0.1541994246524414,-0.018508641215584643,0.006752687342794772,1.0937440092675388,-5.078834157194332e-06,-0.2999999999569717,1.4984190596470165e-07,0.0,-0.8139999999999998,0.1,0.0,0.15,0.0,3.5102639198303223,50785,nan,1.001939296722412,50686.703442144775,50000,51657.477257001,51643.346432981016,50,50420.64396517873,nan,nan,nan,0.033408984541893005
25.613542844017502,hold,0,-0.010974543169140816,-2.1342554092407227,1.7964091300964355,0.008961043320596218,-0.3574066460132599,0.010479418560862541,4.933062580219483e-06,-2.221308926847127,1.7999998544588234,0.3777130304133951,50795,0.15604301882308924,-0.017633558838905578,0.006879774845651054,0.9810769988689572,-5.108610209297527e-06,-0.2999999999564656,1.507203950551412e-07,0.0,-0.8109999999999998,0.1,0.0,0.15,0.0,3.5102639198303223,50795,nan,0.9971758723258972,50938.85783810779,50000,51647.89566474909,51633.95325171604,50,50420.64396517873,nan,nan,nan,0.033408984541893005
25.633794040011708,hold,0,-0.010933853685855865,-2.1424334049224854,1.7966161966323853,0.008860846981406212,-0.3552962839603424,0.010171453468501568,4.808212221160411e-06,-2.227296096148401,1.7999998581423096,0.3776198970856662,50782,0.15358567508353893,-0.018841089223489742,0.00689128997849453,1.0072069999296218,-5.138737460876058e-06,-0.29999999995595067,1.5160924565712642e-07,0.0,-0.8079999999999998,0.1,0.0,0.15,0.0,3.5102639198303223,50782,nan,0.9929907321929932,51140.45716000725,50000,51641.1298180192,51627.37330382659,50,50420.64396517873,nan,nan,nan,0.033408984541893005
25.654175072006183,hold,0,-0.011003879830241203,-2.1477906703948975,1.7967287302017212,0.008457718417048454,-0.3530288338661194,0.008736535906791687,4.680781613995934e-06,-2.2333470433421394,1.7999998619019215,0.3781875676285361,50859,0.16856378967113628,-0.01687967897605068,0.007168056708977799,1.4081529807299376,-5.169222162226537e-06,-0.2999999999554265,1.5250864217446494e-07,0.0,-0.8049999999999998,0.1,0.0,0.15,0.0,3.5102639198303223,50859,nan,0.9873685240745544,51509.64281312226,50000,51639.37665795391,51625.80356395054,50,50420.64396517873,nan,nan,nan,0.033408984541893005
25.673553605010966,hold,0,-0.01101911161094904,-2.1531119346618652,1.7967782020568848,0.008385024033486843,-0.34947723150253296,0.004967743530869484,4.553292488658799e-06,-2.239313620944075,1.7999998656632599,0.3799981590131991,51102,0.21633664942477715,-0.014250318929049453,0.007188047092011152,1.0236219968646765,-5.200070712846047e-06,-0.29999999995489285,1.5341877341285715e-07,0.0,-0.8019999999999998,0.1,0.0,0.15,0.0,3.5102639198303223,51102,nan,0.9926011562347412,51482.91403754404,50000,51637.29048968178,51623.89837026512,50,50420.64396517873,nan,nan,nan,0.033408984541893005
25.693565787019907,hold,0,-0.011046628467738628,-2.1609127521514893,1.796830654144287,0.008382748812437057,-0.34628403186798096,0.002573007019236684,4.424294854974783e-06,-2.245278921440797,1.799999869469104,0.3811344440655048,51255,0.2463177853695182,-0.014458607577544273,0.00719653865636305,1.0737889970187098,-5.231289665910809e-06,-0.29999999995434967,1.5433983271203119e-07,0.0,-0.7989999999999998,0.1,0.0,0.15,0.0,3.5102639198303223,51255,nan,0.964085042476654,53164.39706224482,50000,51647.29048968178,51633.89837026512,50,50420.64396517873,nan,nan,nan,0.033408984541893005
25.71335160700255,hold,0,-0.011027919128537178,-2.166063070297241,1.7968477010726929,0.00787431001663208,-0.3410627543926239,-0.003145823022350669,4.292736990273948e-06,-2.2513013380417704,1.7999998733504832,0.38395855894595055,51635,0.3208326898667675,-0.01072364452010604,0.007388807759642457,0.8580120047554374,-5.262885732917159e-06,-0.2999999999537965,1.5527201808266658e-07,0.0,-0.7959999999999998,0.1,0.0,0.15,0.0,3.5102639198303223,51635,nan,0.9936844110488892,51963.17807330436,50000,51651.50232413008,51638.288766305646,50,50420.64396517873,nan,nan,nan,0.033408984541893005
25.733980720018735,hold,0,-0.010984886437654495,-2.173703670501709,1.7968343496322632,0.007659889291971922,-0.3351954519748688,-0.005188691429793835,4.15844128080863e-06,-2.2573882897353816,1.7999998773126376,0.3849944474234294,51774,0.34816483966832124,-0.00926089260366867,0.007435451384031566,0.9650809806771576,-5.29486578849173e-06,-0.2999999999532333,1.5621553234831016e-07,0.0,-0.7929999999999998,0.1,0.0,0.15,0.0,3.5102639198303223,51774,nan,0.997026264667511,51928.42138142231,50000,51655.19457822731,51642.15720117387,50,50420.64396517873,nan,nan,nan,0.033408984541893005
25.753346059005708,hold,0,-0.011006361804902554,-2.176154851913452,1.7967729568481445,0.007369332946836948,-0.32933345437049866,-0.005471034906804562,4.02512739989352e-06,-2.2633274776350456,1.7999998812458249,0.3852008709392452,51802,0.35361137042863255,-0.0025900007817139005,0.007604476493279666,0.7877669995650649,-5.327236875378076e-06,-0.29999999995265975,1.5717058329249746e-07,0.0,-0.7899999999999998,0.1,0.0,0.15,0.0,3.499706745147705,51802,nan,0.989785373210907,52336.59882440175,50000,51664.2799681763,51651.4164228169,50,50302.18190806508,nan,nan,nan,0.033408984541893005
25.773389555019094,hold,0,-0.0109684057533741,-2.1835410594940186,1.7965879440307617,0.007794548291712999,-0.3242056667804718,-0.0062940120697021484,3.888941837152795e-06,-2.269335597136375,1.799999885263736,0.38584533900250917,51888,0.3706158048155448,-0.0013563272181295713,0.00733185366808331,0.7711899816058576,-5.3600062096073475e-06,-0.29999999995207555,1.5813738381130409e-07,0.0,-0.7869999999999998,0.1,0.0,0.15,0.0,3.499706745147705,51888,nan,0.9941084384918213,52195.51307573665,50000,51671.363076277106,51658.67104485583,50,50302.18190806508,nan,nan,nan,0.033408984541893005
25.79326812599902,hold,0,-0.010915609076619148,-2.1907362937927246,1.7963600158691406,0.007655498571693897,-0.31667229533195496,-0.0081038111820817,3.7519819153953937e-06,-2.275293016932654,1.7999998893044933,0.38703876376461827,52049,0.4021045848184226,0.0012614845293096573,0.007326375819019182,0.8218470029532909,-5.393181185860982e-06,-0.29999999995148047,1.5911615207156253e-07,0.0,-0.7839999999999998,0.1,0.0,0.15,0.0,3.499706745147705,52049,nan,0.9988473653793335,52109.06270972972,50000,51677.19907138981,51664.67626705415,50,50302.18190806508,nan,nan,nan,0.033408984541893005
25.813601336005377,hold,0,-0.010901574976742268,-2.193100690841675,1.796276569366455,0.00795577373355627,-0.3106253147125244,-0.009426383301615715,3.6120056893144704e-06,-2.281322875336345,1.799999893434241,0.38782018863806694,52154,0.4227226553579655,0.008158230874504364,0.007142119780833234,0.9684209944680333,-5.426769383033784e-06,-0.29999999995087423,1.601071116749907e-07,0.0,-0.7809999999999998,0.1,0.0,0.15,0.0,3.499706745147705,52154,nan,0.9965941905975342,52332.23361329219,50000,51685.932865281844,51673.57703167066,50,50302.18190806508,nan,nan,nan,0.033408984541893005
25.83332145001623,hold,0,-0.01078089140355587,-2.20245099067688,1.7959928512573242,0.008950985036790371,-0.3061147630214691,-0.010182177647948265,3.4712233996660412e-06,-2.2873006324323444,1.7999998975877705,0.3885516363286189,52252,0.44202206671817557,0.006992593081259036,0.006491990691839256,0.8480070100631565,-5.460778570006189e-06,-0.29999999995025656,1.6111049182849237e-07,0.0,-0.7779999999999998,0.1,0.0,0.15,0.0,3.499706745147705,52252,nan,1.0094022750854492,51765.288517481,50000,51686.9909406445,51674.79985148147,50,50302.18190806508,nan,nan,nan,0.033408984541893005
25.853204860002734,hold,0,-0.010734672658145428,-2.207064628601074,1.7959191799163818,0.009272528812289238,-0.29946404695510864,-0.008909760043025017,3.328180236179269e-06,-2.293304878027437,1.7999999018080026,0.38802889181594685,52182,0.4282293355131088,0.011863779832128867,0.006287190602163761,0.7346200000029057,-5.49521671163494e-06,-0.29999999994962717,1.6212652752090116e-07,0.0,-0.7749999999999998,0.1,0.0,0.15,0.0,3.499706745147705,52182,nan,1.005062222480774,51919.17359225807,50000,51690.08670933268,51678.058168025156,50,50302.18190806508,nan,nan,nan,0.033408984541893005
25.885210823995294,hold,0,-0.010507142171263695,-2.21380615234375,1.7956410646438599,0.010206960141658783,-0.29502594470977783,-0.008485544472932816,3.182997474216736e-06,-2.2993266979239446,1.79999990609136,0.3881747083469483,52202,0.4320767373864971,0.013404443057502788,0.005568737856086248,0.8774389862082899,-5.530091974971883e-06,-0.2999999999489858,1.6315545970645518e-07,0.0,-0.7719999999999998,0.1,0.0,0.15,0.0,3.499706745147705,52202,nan,1.0055320262908936,51914.80592871571,50000,51693.08296559112,51681.214804834366,50,50302.18190806508,nan,nan,nan,0.033408984541893005
25.89329064899357,hold,0,-0.01043288316577673,-2.2182564735412598,1.795498251914978,0.011228913441300392,-0.2918488681316376,-0.006836770102381706,3.0364337329741144e-06,-2.3053229893285945,1.7999999104154607,0.3875510383726775,52118,0.41562106524214926,0.01666157655307303,0.004973486907170921,0.7801069878041744,-5.565412735721076e-06,-0.29999999994833204,1.641975354953024e-07,0.0,-0.7689999999999998,0.1,0.0,0.15,0.0,3.499706745147705,52118,nan,1.0106104612350464,51570.809920478816,50000,51691.45265832296,51679.74273970963,50,50302.18190806508,nan,nan,nan,0.033408984541893005
25.913522054004716,hold,0,-0.010345173999667168,-2.222647190093994,1.7952877283096313,0.011982009746134281,-0.28686124086380005,-0.005160175263881683,2.8884076076602795e-06,-2.3112966859249573,1.7999999147827066,0.38701046280917156,52045,0.4013578577617807,0.020899230404558662,0.004500417489685216,1.0782680183183402,-5.601187584944946e-06,-0.29999999994766563,1.6525300835135364e-07,0.0,-0.7659999999999998,0.1,0.0,0.15,0.0,3.499706745147705,52045,nan,0.9973552227020264,52183.0124466588,50000,51698.00678883411,51686.45300246896,50,50302.18190806508,nan,nan,nan,0.033408984541893005
25.933324051991804,hold,0,-0.010121890343725681,-2.2292563915252686,1.7951202392578125,0.012682901695370674,-0.2840002179145813,-0.004949240013957024,2.7387352689167964e-06,-2.3172560598933996,1.7999999191985208,0.3871072477788323,52058,0.4039115508926727,0.01948561146736332,0.003906317364181566,0.8145300089381635,-5.556872428564933e-06,-0.2957133139520472,1.639455690277642e-07,0.0,-0.7629999999999998,0.1,0.0,0.15,0.0,3.499706745147705,52058,nan,0.9919854998588562,52478.58966427133,50000,51708.00678883411,51696.45300246896,50,50302.18190806508,nan,nan,nan,0.033408984541893005
25.95353580301162,hold,0,-0.010037553496658802,-2.2335855960845947,1.7949669361114502,0.01300312764942646,-0.2812564969062805,-0.0054551283828914165,2.5907993218193047e-06,-2.3230205675344267,1.799999923563106,0.3875437083939154,52117,0.4154276621085842,0.01770090258237641,0.003649526084561261,0.8862670219969004,-5.422277232424314e-06,-0.2866839016488809,1.5997457881639167e-07,0.0,-0.7599999999999998,0.1,0.0,0.15,0.0,3.4944281578063965,52117,nan,1.0170574188232422,51242.92791679403,50000,51701.8057372069,51690.40600132663,50,50242.95087950826,nan,nan,nan,0.033408984541893005
25.973558211000636,hold,0,-0.009869376197457314,-2.2379417419433594,1.794865608215332,0.013462158851325512,-0.27902185916900635,-0.004102657083421946,2.4465014866540525e-06,-2.3284921102482357,1.7999999278203551,0.3869837780052066,52042,0.4006537732244482,0.015379248621529878,0.0032436559645563356,0.9600229968782514,-5.286353645754852e-06,-0.2776773916563398,1.5596439682152186e-07,0.0,-0.7569999999999998,0.1,0.0,0.15,0.0,3.4944281578063965,52042,nan,0.9892501831054688,52607.52122039441,50000,51711.8057372069,51700.40600132663,50,50242.95087950826,nan,nan,nan,0.033408984541893005
25.99337680300232,hold,0,-0.00965000782161951,-2.24446702003479,1.7947032451629639,0.013845914974808693,-0.278159499168396,-0.005600338336080313,2.305165127181514e-06,-2.333709754561127,1.7999999319902313,0.3879131768263334,52167,0.4251761695602472,0.009785083084929239,0.002811747693462152,0.718536990461871,-5.148283575902505e-06,-0.268652465557371,1.5189088668454506e-07,0.0,-0.7539999999999998,0.1,0.0,0.15,0.0,3.4944281578063965,52167,nan,0.9982509613037109,52258.401967246944,50000,51719.09368694077,51707.845947538895,50,50242.95087950826,nan,nan,nan,0.033408984541893005
26.01349771101377,hold,0,-0.009436830878257751,-2.248796224594116,1.7945996522903442,0.013864358887076378,-0.27657976746559143,-0.005269812420010567,2.167357320326921e-06,-2.3386471627808225,1.799999936056004,0.38787239289792214,52161,0.4241000764623237,0.006579421642552166,0.0025826197839105003,0.8274849969893694,-5.008574292921484e-06,-0.2596376365609332,1.477690144999249e-07,0.0,-0.7509999999999998,0.1,0.0,0.15,0.0,3.4944281578063965,52161,nan,1.01473867893219,51403.38205585013,50000,51714.884198526226,51703.78642898305,50,50242.95087950826,nan,nan,nan,0.033408984541893005
26.033482138998806,hold,0,-0.009316135197877884,-2.255354404449463,1.7945514917373657,0.014159913174808025,-0.2770233154296875,-0.0034645150881260633,2.034374114199862e-06,-2.34324124027293,1.7999999399794353,0.3870267557988184,52047,0.40178775194771355,-0.0002791230162918081,0.002310724620968596,0.9737960062921047,-4.868680463463433e-06,-0.2507095048544713,1.4364169760201008e-07,0.0,-0.7479999999999998,0.1,0.0,0.15,0.0,3.4944281578063965,52047,nan,0.9989701509475708,52100.65581101792,50000,51720.02782002612,51709.07802074351,50,50242.95087950826,nan,nan,nan,0.033408984541893005
26.053195712011075,hold,0,-0.009073655121028423,-2.2596874237060547,1.7944518327713013,0.014263139106333256,-0.27613887190818787,-0.003390083322301507,1.903834009077542e-06,-2.3476187840341707,1.7999999438307872,0.3871231770262876,52060,0.40433184765930186,-0.004420217014087175,0.0020062119390815703,0.7946410041768104,-4.725710458501839e-06,-0.24172035406294629,1.394236236550823e-07,0.0,-0.7449999999999998,0.1,0.0,0.15,0.0,3.4944281578063965,52060,nan,0.985521137714386,52824.843636268626,50000,51730.02782002612,51719.07802074351,50,50242.95087950826,nan,nan,nan,0.033408984541893005
26.072974779992364,hold,0,-0.008951263502240181,-2.264105796813965,1.7944430112838745,0.014727985486388206,-0.2764749825000763,-0.005004475824534893,1.7767237028514147e-06,-2.3517321875095014,1.7999999475809492,0.387960557498887,52173,0.4264263192318456,-0.009536030143955874,0.001635999149504519,0.623594009084627,-4.580670598968754e-06,-0.23272448836294146,1.3514448235599017e-07,0.0,-0.7419999999999998,0.1,0.0,0.15,0.0,3.4944281578063965,52173,nan,1.0079984664916992,51759.00731435254,50000,51730.4142132838,51719.61041132496,50,50242.95087950826,nan,nan,nan,0.033408984541893005
26.09338390501216,hold,0,-0.008701076731085777,-2.270615577697754,1.794360637664795,0.015231100842356682,-0.27812105417251587,-0.003752874443307519,1.652646463816011e-06,-2.355605012881343,1.7999999512416258,0.3874867206281198,52109,0.4139240271271696,-0.01778358842196783,0.001119999924952264,0.8685750071890652,-4.432876284179932e-06,-0.22368949966718293,1.3078407578761782e-07,0.0,-0.7389999999999998,0.1,0.0,0.15,0.0,3.4944281578063965,52109,nan,1.0115516185760498,51513.93072095844,50000,51727.52776671947,51716.86801545341,50,50242.95087950826,nan,nan,nan,0.033408984541893005
26.113188823015662,hold,0,-0.00847034901380539,-2.275026798248291,1.7943980693817139,0.015331193804740906,-0.27856001257896423,-0.002782597905024886,1.533180663080634e-06,-2.359161289364406,1.7999999547662504,0.3870063696578159,52045,0.4012498590452722,-0.023554465965646046,0.0008311421231415039,0.7950940052978694,-4.284290629077769e-06,-0.21471661876101925,1.2640032214053647e-07,0.0,-0.7359999999999998,0.1,0.0,0.15,0.0,3.4944281578063965,52045,nan,0.9891839623451233,52614.075825303014,50000,51737.52776671947,51726.86801545341,50,50242.95087950826,nan,nan,nan,0.033408984541893005
26.134922647004714,hold,0,-0.008217030204832554,-2.2815611362457275,1.7943211793899536,0.015693048015236855,-0.27928921580314636,-0.004519724752753973,1.4132043547163127e-06,-2.362660714071398,1.7999999583059365,0.38806522968199086,52187,0.4291881182583328,-0.03178092822462959,0.0003812304305761405,1.154027006123215,-4.127448039269527e-06,-0.20543507867117042,1.217729624225555e-07,0.0,-0.7329999999999998,0.1,0.0,0.15,0.0,3.4944281578063965,52187,nan,1.0040558576583862,51976.19196376999,50000,51740.709956013474,51730.192334764295,50,50242.95087950826,nan,nan,nan,0.033408984541893005
26.15392954100389,hold,0,-0.008069462142884731,-2.2859771251678467,1.7943954467773438,0.015960995107889175,-0.27961939573287964,-0.004147100728005171,1.3045840746205954e-06,-2.365516213258177,1.7999999615105833,0.3878769625498217,52162,0.4242206477525503,-0.03808457399362497,9.103861224635246e-05,1.3105269754305482,-3.979444309356622e-06,-0.19669842916801092,1.1740637743599518e-07,0.0,-0.7299999999999998,0.1,0.0,0.15,0.0,3.4944281578063965,52162,nan,1.007575273513794,51769.82938266388,50000,51741.09821503548,51730.720828736296,50,50242.95087950826,nan,nan,nan,0.033408984541893005
26.17379233101383,hold,0,-0.007924553006887436,-2.290294647216797,1.794389009475708,0.015897050499916077,-0.27862510085105896,-0.0020611362997442484,1.1956161651105396e-06,-2.368313982337723,1.7999999647254863,0.38693946328818507,52036,0.399484519477177,-0.04391703527629557,-2.55214168625173e-05,1.0609710006974638,-3.822962899408318e-06,-0.18764757016824435,1.1278967368293333e-07,0.0,-0.7269999999999998,0.1,0.0,0.15,0.0,3.4944281578063965,52036,nan,0.9996380805969238,52054.83965649571,50000,51745.28143425495,51735.04241310642,50,50242.95087950826,nan,nan,nan,0.033408984541893005
26.194218193995766,hold,0,-0.00778426555916667,-2.2946126461029053,1.7943871021270752,0.015786191448569298,-0.27775293588638306,-0.00031135405879467726,1.0914186725932028e-06,-2.3708042084614416,1.7999999677996468,0.3861842141298403,51934,0.37955710105119245,-0.05010855887567464,-0.00011349140868599505,1.5129050007089972,-3.66545900853783e-06,-0.17865462467119392,1.081428034614556e-07,0.0,-0.7239999999999998,0.1,0.0,0.15,0.0,3.4944281578063965,51934,nan,1.0001040697097778,51928.59580610529,50000,51747.725625879626,51737.62312501307,50,50242.95087950826,nan,nan,nan,0.033408984541893005
26.213231292000273,hold,0,-0.007585427723824978,-2.3010356426239014,1.794433832168579,0.015443457290530205,-0.27556702494621277,0.0006119372555986047,9.920095268285719e-07,-2.3729909510934957,1.7999999707325356,0.38583501415960714,51887,0.3703433815199766,-0.058054703814204495,-0.00014209429805900342,0.8098969992715865,-3.5069527689005237e-06,-0.16972162307066738,1.0346636073475073e-07,0.0,-0.7209999999999998,0.1,0.0,0.15,0.0,3.4944281578063965,51887,nan,1.005814790725708,51587.03220357584,50000,51745.58304691558,51735.61524606058,50,50242.95087950826,nan,nan,nan,0.033408984541893005
26.233169162995182,hold,0,-0.007330069784075022,-2.3052783012390137,1.7945523262023926,0.014641223475337029,-0.27240824699401855,0.0018588523380458355,8.957920302313417e-07,-2.374955879601227,1.7999999735712604,0.3851968540234928,51801,0.3535053832056132,-0.06356716402637963,9.015243766619108e-06,0.7381860050372779,-3.344459187771115e-06,-0.16070616737904028,9.867227863837624e-08,0.0,-0.7179999999999997,0.1,0.0,0.15,0.0,3.4944281578063965,51801,nan,1.00068998336792,51765.28281582141,50000,51745.84571050099,51736.01081365739,50,50242.95087950826,nan,nan,nan,0.033408984541893005
26.253522357001202,hold,0,-0.007173256948590279,-2.3114466667175293,1.7946500778198242,0.013897310942411423,-0.26838696002960205,0.0024923260789364576,8.039306351030283e-07,-2.376646737788117,1.7999999762814665,0.3849515680087885,51768,0.3470334566962645,-0.07086815863175958,0.00023256487659328862,0.9857529948931187,-3.179750533183605e-06,-0.15169692588204836,9.3812844766665e-08,0.0,-0.7149999999999997,0.1,0.0,0.15,0.0,3.4944281578063965,51768,nan,0.9959858655929565,51976.64122389941,50000,51748.92298401297,51739.219219127284,50,50242.95087950826,nan,nan,nan,0.033408984541893005
26.27376878101495,hold,0,-0.007082875818014145,-2.3154444694519043,1.7947450876235962,0.012750392779707909,-0.2624209225177765,0.003066478529945016,7.162177645951945e-07,-2.3780778563508695,1.7999999788692775,0.38467180051990013,51731,0.3396517287572589,-0.07519422781596394,0.0007350573918289971,1.0970600123982877,-3.012167160781016e-06,-0.14266494378413785,8.886859749424212e-08,0.0,-0.7119999999999997,0.1,0.0,0.15,0.0,3.4944281578063965,51731,nan,1.008156180381775,51312.486107470155,50000,51743.10382565907,51733.52944430519,50,50242.95087950826,nan,nan,nan,0.033408984541893005
26.293704331998015,hold,0,-0.006787592079490423,-2.3212528228759766,1.7948684692382812,0.011652208864688873,-0.25616782903671265,0.0048998817801475525,6.334518972214697e-07,-2.379215976803984,1.7999999813111363,0.3837985448828302,51613,0.31661068292427963,-0.08167594113339247,0.0010012541261872343,1.0907890100497752,-2.8431356804649726e-06,-0.13368026748012557,8.38816263912946e-08,0.0,-0.7089999999999997,0.1,0.0,0.15,0.0,3.4944281578063965,51613,nan,1.0089547634124756,51154.91979584405,50000,51735.2613719282,51725.814648992375,50,50242.95087950826,nan,nan,nan,0.033408984541893005
26.313824253011262,hold,0,-0.006695928983390331,-2.325061082839966,1.7949484586715698,0.01042210403829813,-0.24756880104541779,0.00667227478697896,5.550891056603136e-07,-2.3800915961604203,1.7999999836230902,0.38292551393549645,51496,0.29357556558037956,-0.0851471754075435,0.0015502722677360747,1.1464620183687657,-2.6712713116801805e-06,-0.12467975898344645,7.881107598758542e-08,0.0,-0.7059999999999997,0.1,0.0,0.15,0.0,3.4944281578063965,51496,nan,0.995972752571106,51704.22571005377,50000,51734.84756310321,51725.5267964732,50,50242.95087950826,nan,nan,nan,0.033408984541893005
26.334176463016775,hold,0,-0.006548492703586817,-2.330507755279541,1.795101284980774,0.009491407312452793,-0.23957161605358124,0.00717611238360405,4.808900002053564e-07,-2.380720353127036,1.7999999858122018,0.38267739791703853,51462,0.2870289687872951,-0.09081609607191007,0.0018835951483227031,1.398435008013621,-2.4955554257199063e-06,-0.11561915118463428,7.362689346741651e-08,0.0,-0.7029999999999997,0.1,0.0,0.15,0.0,3.4944281578063965,51462,nan,0.9990807771682739,51509.34856925219,50000,51731.84090985187,51722.64442011026,50,50242.95087950826,nan,nan,nan,0.033408984541893005
26.353415424004197,hold,0,-0.006439216434955597,-2.3339319229125977,1.7951322793960571,0.008586431853473186,-0.22944028675556183,0.006228473968803883,4.128517891618945e-07,-2.381014705121109,1.7999999878195474,0.38320802979162716,51534,0.3010298098054651,-0.09332013504184375,0.0022392585995121284,1.029082981403917,-2.3209250859931448e-06,-0.10672945668667214,6.847473804472862e-08,0.0,-0.6999999999999997,0.1,0.0,0.15,0.0,3.499706745147705,51534,nan,1.0151976346969604,50762.529618563436,50000,51721.84090985187,51712.64442011026,50,50302.18190806508,nan,nan,nan,0.033408984541893005
26.3739175760129,hold,0,-0.0063782986253499985,-2.337219715118408,1.7951856851577759,0.007965657860040665,-0.21786651015281677,0.007701387163251638,3.486971927810183e-07,-2.381084953858141,1.7999999897123138,0.382486432466126,51437,0.28199030253630575,-0.09553030728400617,0.0025044029634033738,1.4875340275466442,-2.141017046754829e-06,-0.09771912649432923,6.316687354994981e-08,0.0,-0.6969999999999997,0.1,0.0,0.15,0.0,3.499706745147705,51437,nan,0.9888929128646851,52014.73216244838,50000,51725.74612655315,51716.67225667476,50,50302.18190806508,nan,nan,nan,0.033408984541893005
26.393116730992915,hold,0,-0.006331656593829393,-2.3419086933135986,1.795303225517273,0.007440819405019283,-0.2065238654613495,0.00524509372189641,2.8963158308676207e-07,-2.380880510646608,1.799999991454939,0.38371204115416163,51602,0.31432826264278546,-0.09912100586736833,0.002721374495547435,0.727281003491953,-1.9586781450443708e-06,-0.08872256539408933,5.7787290811438287e-08,0.0,-0.6939999999999997,0.1,0.0,0.15,0.0,3.499706745147705,51602,nan,0.9893308281898499,52158.487868425866,50000,51731.516016444795,51722.563131498115,50,50302.18190806508,nan,nan,nan,0.033408984541893005
26.41366769099841,hold,0,-0.006177959498018026,-2.3446850776672363,1.7952144145965576,0.0066096484661102295,-0.1929766684770584,0.003017137525603175,2.3523723262395861e-07,-2.380425409764503,1.7999999930597468,0.38497544639845777,51771,0.34766349336300095,-0.09983074148479179,0.0029845942870618813,1.0030500125139952,-1.771943675936226e-06,-0.0796539649968543,5.2278024729017456e-08,0.0,-0.6909999999999997,0.1,0.0,0.15,0.0,3.499706745147705,51771,nan,0.9991759061813354,51813.69934935595,50000,51732.611794216944,51723.77828106955,50,50302.18190806508,nan,nan,nan,0.033408984541893005
26.434245662996545,hold,0,-0.006125465035438538,-2.348710060119629,1.7951747179031372,0.005814174190163612,-0.17906874418258667,0.0021662029903382063,1.8628979336824837e-07,-2.37968987524394,1.7999999945038534,0.385547190828092,51848,0.36274909836654246,-0.10210938865908026,0.0033384019597404446,1.30244399770163,-1.5829270997008326e-06,-0.07061214380243007,4.670142916290435e-08,0.0,-0.6879999999999997,0.1,0.0,0.15,0.0,3.499706745147705,51848,nan,1.0003561973571777,51829.53845537845,50000,51733.904149699105,51725.188416727004,50,50302.18190806508,nan,nan,nan,0.033408984541893005
26.45369287201902,hold,0,-0.00616274680942297,-2.351055145263672,1.7950061559677124,0.0048139384016394615,-0.16349643468856812,0.0008722512284293771,1.4330078057082465e-07,-2.378656891134372,1.799999995772167,0.3864082712116877,51964,0.38546889740600676,-0.10193551162425947,0.0038873220795534458,1.10881999717094,-1.393712190016813e-06,-0.06169169570045687,4.1118982123591127e-08,0.0,-0.6849999999999997,0.1,0.0,0.15,0.0,3.499706745147705,51964,nan,0.9724065065383911,53438.55645822793,50000,51743.904149699105,51735.188416727004,50,50302.18190806508,nan,nan,nan,0.033408984541893005
26.474225247016875,hold,0,-0.006051784381270409,-2.3531861305236816,1.7949202060699463,0.0036119725555181503,-0.14795145392417908,-0.003147534793242812,1.052478530588435e-07,-2.377377512913254,1.7999999968948506,0.3885266617194266,52249,0.44136310605347084,-0.10153504051490964,0.004370683139128584,1.4717110025230795,-1.199087891073019e-06,-0.05266395590269385,3.5376940742013065e-08,0.0,-0.6819999999999997,0.1,0.0,0.15,0.0,3.499706745147705,52249,nan,1.010953426361084,51682.89521315508,50000,51743.090697211854,51734.49117401271,50,50302.18190806508,nan,nan,nan,0.033408984541893005
26.493631109013222,hold,0,-0.00601212540641427,-2.356069564819336,1.7947826385498047,0.002410539658740163,-0.13129107654094696,-0.0021418870892375708,7.307330878617653e-08,-2.3758157775648434,1.799999997844103,0.3882278401870516,52209,0.4334786329037339,-0.10222701844681001,0.00495219174085304,1.0610439931042492,-1.0030733659102127e-06,-0.04370964951338927,2.9593883225642767e-08,0.0,-0.6789999999999997,0.1,0.0,0.15,0.0,3.499706745147705,52209,nan,1.001418113708496,52135.06654743572,50000,51748.317041881506,51739.83217899169,50,50302.18190806508,nan,nan,nan,0.033408984541893005
26.513179318018956,hold,0,-0.005973746068775654,-2.3577003479003906,1.794648289680481,0.0009697317727841437,-0.11321941763162613,-0.002390635898336768,4.648754323078061e-08,-2.373990276675003,1.7999999986284683,0.38848128296643375,52243,0.4401657774784624,-0.10103513264366526,0.005651293389361323,0.7301179866772145,-8.032376999313453e-07,-0.03472512051337239,2.3698089792895475e-08,0.0,-0.6759999999999997,0.1,0.0,0.15,0.0,3.499706745147705,52243,nan,0.9901325702667236,52763.64152522191,50000,51758.317041881506,51749.83217899169,50,50302.18190806508,nan,nan,nan,0.033408984541893005
26.533385787013685,hold,0,-0.005940288305282593,-2.359727382659912,1.794441819190979,-0.0002683917118702084,-0.09553612023591995,-0.0037834965623915195,2.5714212099547457e-08,-2.371897190732081,1.7999999992413482,0.38942898126279063,52370,0.4651710095723107,-0.10056103621106649,0.006239134406040625,0.9417580149602145,-5.997892025800001e-07,-0.02572324941690212,1.7695706240836194e-08,0.0,-0.6729999999999997,0.1,0.0,0.15,0.0,3.499706745147705,52370,nan,1.0052086114883423,52098.63843332917,50000,51762.85466043414,51754.48292904952,50,50302.18190806508,nan,nan,nan,0.033408984541893005
26.55339605800691,hold,0,-0.005896058399230242,-2.3607337474823,1.7942752838134766,-0.0012940103188157082,-0.07680343836545944,-0.002821114845573902,1.0906099881632093e-08,-2.369536023296551,1.7999999996782352,0.38910524299671356,52327,0.4566291028156595,-0.0991165873554549,0.006726126488079576,0.8721140038687736,-3.9219044480819923e-07,-0.016684904014860367,1.157087668790287e-08,0.0,-0.6699999999999997,0.1,0.0,0.15,0.0,3.4944281578063965,52327,nan,1.0079436302185059,51914.60953888498,50000,51764.87805881348,51756.61795051399,50,50242.95087950826,nan,nan,nan,0.033408984541893005
26.57342002700898,landing,0,-0.005944535601884127,-2.361544609069824,1.794114589691162,-0.0016986692789942026,-0.05838865041732788,-0.002837244886904955,1.090570512937736e-08,-2.366474507659937,1.799938467247742,0.3862208887152864,51939,0.3805247682133608,-0.10642434403414064,0.007036322876797785,0.9894479881040752,-4.231990831760405e-11,0.006594860625612755,-0.006596661034388351,0.0,-0.6669999999999997,0.1,0.0,0.15,0.0,3.4944281578063965,51939,nan,1.0096889734268188,51440.59345693595,50000,51760.55426412178,51752.40429059962,50,50242.95087950826,nan,nan,nan,0.033408984541893005
26.594079203990987,landing,0,-0.0059164282865822315,-2.3622937202453613,1.793839454650879,-0.001593886874616146,-0.03981983661651611,-0.003003508085384965,1.0904358618101592e-08,-2.3632646760570926,1.799728578360494,0.3827099214928233,51467,0.2878871106285814,-0.1056200886784364,0.007016737529452977,1.0708770132623613,-8.888217235723156e-11,0.013850822511205733,-0.013854603810586274,0.0,-0.6639999999999997,0.1,0.0,0.15,0.0,3.4944281578063965,51467,nan,1.0042245388031006,51250.49031498641,50000,51753.75341146664,51745.712104258106,50,50242.95087950826,nan,nan,nan,0.033408984541893005
26.613018661999376,landing,0,-0.0058364528231322765,-2.362470865249634,1.7936725616455078,-0.0010332503588870168,-0.02056424506008625,-0.003042572643607855,1.0902201297509533e-08,-2.359928493177805,1.7993923037026778,0.37899237671212455,50967,0.18979885783969586,-0.10381830109054425,0.006705292069939972,0.6800249975640327,-1.3299516830548158e-10,0.02072510630864756,-0.02073076429983062,0.0,-0.6609999999999997,0.1,0.0,0.15,0.0,3.4944281578063965,50967,nan,0.9894056916236877,51512.74187270885,50000,51750.539924283206,51742.60583450412,50,50242.95087950826,nan,nan,nan,0.033408984541893005
26.633173353999155,landing,0,-0.005770796909928322,-2.362264394760132,1.7934023141860962,-0.00017845164984464645,-0.0018470319919288158,-0.004796119872480631,1.0899083090896052e-08,-2.356442572039615,1.798906249907146,0.37597425991054584,50561,0.11016516914368779,-0.10193806654556223,0.006234545427770577,0.7546979759354144,-1.784233424419566e-10,0.027804338963352902,-0.027811929597743996,0.0,-0.6579999999999997,0.1,0.0,0.15,0.0,3.4944281578063965,50561,nan,1.0071706771850586,50201.02465781961,50000,51740.539924283206,51732.60583450412,50,50242.95087950826,nan,nan,nan,0.033408984541893005
26.653134368010797,landing,0,-0.005669076927006245,-2.361825704574585,1.7932136058807373,0.000786650343798101,0.017359577119350433,-0.005398560781031847,1.0895068069612367e-08,-2.352816897107239,1.7982804041643916,0.3721052781921058,50041,0.008081218789071087,-0.0998819571942775,0.005671288346382752,0.764489988796413,-2.237205276705457e-10,0.03486315915438923,-0.03487267685934917,0.0,-0.6549999999999997,0.1,0.0,0.15,0.0,3.4944281578063965,50041,nan,0.9901464581489563,50538.988033699454,50000,51730.539924283206,51722.60583450412,50,50242.95087950826,nan,nan,nan,0.033408984541893005
26.673920424014796,landing,0,-0.005629363004118204,-2.3611223697662354,1.7929697036743164,0.0018190136179327965,0.036171212792396545,-0.008580389432609081,1.0890062432393649e-08,-2.34903685099863,1.7975001451017967,0.3693469986701205,49670,-0.06469660501001506,-0.09764453469162424,0.005111602391490111,1.1278229940216988,-2.697429208849917e-10,0.04203499106452984,-0.04204646669246059,0.0,-0.6519999999999997,0.1,0.0,0.15,0.0,3.4944281578063965,49670,nan,1.0087674856185913,49238.30387885828,50000,51720.539924283206,51712.60583450412,50,50242.95087950826,nan,nan,nan,0.033408984541893005
26.693459941016044,landing,0,-0.005527765490114689,-2.3596644401550293,1.7925900220870972,0.002851516241207719,0.055480584502220154,-0.009330940432846546,1.0884262338249155e-08,-2.345133001864286,1.7965960492150186,0.3654361874874926,49144,-0.1678842351585068,-0.09462260119364174,0.004490011684445072,0.9267780114896595,-3.147634515342875e-10,0.04905069919638626,-0.049064090125216404,0.0,-0.6489999999999997,0.1,0.0,0.15,0.0,3.4944281578063965,49144,nan,0.9974223375320435,49271.004017815256,50000,51710.539924283206,51702.60583450412,50,50242.95087950826,nan,nan,nan,0.033408984541893005
26.71352038299665,landing,0,-0.005417482927441597,-2.3583791255950928,1.7923005819320679,0.0037981735076755285,0.07484972476959229,-0.010899072512984276,1.0877508021174661e-08,-2.341080452804085,1.795543212807037,0.3616198832878574,48631,-0.26857827736524165,-0.09186911387596516,0.003891838823602889,0.9380470146425068,-3.6016674945349517e-10,0.05612605530238691,-0.05614137781612035,0.0,-0.6459999999999997,0.1,0.0,0.15,0.0,3.4944281578063965,48631,nan,0.99751216173172,48752.28780727313,50000,51700.539924283206,51692.60583450412,50,50242.95087950826,nan,nan,nan,0.033408984541893005
26.734309182007564,landing,0,-0.005170000717043877,-2.356010675430298,1.7917107343673706,0.004603412933647633,0.09396862983703613,-0.01346850860863924,1.086963613524684e-08,-2.3368537490464805,1.7943161741571068,0.3583465383922193,48190,-0.3549462165641355,-0.08814575863289394,0.0032017162268183075,1.1482809786684811,-4.067364109970802e-10,0.06338316996712134,-0.06340047368617052,0.0,-0.6429999999999997,0.1,0.0,0.15,0.0,3.4944281578063965,48190,nan,0.9896652698516846,48693.231406637075,50000,51690.539924283206,51682.60583450412,50,50242.95087950826,nan,nan,nan,0.033408984541893005
26.753586687002098,landing,0,-0.00508588831871748,-2.3540725708007812,1.791167140007019,0.005411794874817133,0.11287881433963776,-0.018712356686592102,1.0861304010260085e-08,-2.332555324612513,1.793017395250941,0.3564704419291709,47938,-0.4044474425020894,-0.08448829050474058,0.0026706330359014263,1.1070779873989522,-4.5081816091379446e-10,0.07025258458522715,-0.07027176366678417,0.0,-0.6399999999999997,0.1,0.0,0.15,0.0,3.515542507171631,47938,nan,0.9685072302818298,49496.791042076504,50000,51680.539924283206,51672.60583450412,50,50479.87499373555,nan,nan,nan,0.033408984541893005
26.773567074007588,landing,0,-0.004919932223856449,-2.3520169258117676,1.7906337976455688,0.006134670693427324,0.13142187893390656,-0.024863677099347115,1.0851807117006167e-08,-2.328075390229955,1.791537056843643,0.3547135533571752,47702,-0.450803341499336,-0.08117047705967352,0.002089132271232197,0.9283710096497089,-4.963104127501948e-10,0.07734180269398985,-0.07736291714480176,0.0,-0.6369999999999997,0.1,0.0,0.15,0.0,3.515542507171631,47702,nan,0.965089738368988,49427.52793187594,50000,51670.539924283206,51662.60583450412,50,50479.87499373555,nan,nan,nan,0.033408984541893005
26.79332655700273,landing,0,-0.004738735035061836,-2.348480463027954,1.7895684242248535,0.00685691274702549,0.14957445859909058,-0.032986100763082504,1.0841453271567132e-08,-2.323461913964904,1.789923140096679,0.35442140555904084,47663,-0.4585117266743861,-0.07617383617634274,0.0014787929726911564,0.8453999762423337,-5.415708577752993e-10,0.08439489752949092,-0.08441793748783936,0.0,-0.6339999999999997,0.1,0.0,0.15,0.0,3.515542507171631,47663,nan,0.940281331539154,50690.1481517027,50000,51660.539924283206,51652.60583450412,50,50479.87499373555,nan,nan,nan,0.033408984541893005
26.813737624004716,landing,0,-0.004567508585751057,-2.3458356857299805,1.7886788845062256,0.007502289023250341,0.16665811836719513,-0.04549974948167801,1.0830155240624433e-08,-2.318701301941556,1.7881620474230917,0.3559578111477674,47869,-0.4179733206393834,-0.07259114218576859,0.0009173836895586263,1.1412949825171381,-5.869903685127829e-10,0.09147278013616535,-0.09149775236915629,0.0,-0.6309999999999997,0.1,0.0,0.15,0.0,3.515542507171631,47869,nan,0.9694849848747253,49375.70023963344,50000,51650.539924283206,51642.60583450412,50,50479.87499373555,nan,nan,nan,0.033408984541893005
26.833179398003267,landing,0,-0.004413123708218336,-2.3430330753326416,1.787742018699646,0.008019529283046722,0.18506374955177307,-0.055253732949495316,1.0817964863749868e-08,-2.3138016325032833,1.7862618593716566,0.3559928319297911,47874,-0.4170492894514233,-0.06856085689545625,0.0004532333756372964,0.6922600150573999,-6.323487392402042e-10,0.09854113507935848,-0.09856803698592272,0.0,-0.6279999999999997,0.1,0.0,0.15,0.0,3.515542507171631,47874,nan,0.9369668364524841,51094.6579296863,50000,51643.12816435524,51635.299862439875,50,50479.87499373555,nan,nan,nan,0.033408984541893005
26.85306943699834,landing,0,-0.004190657287836075,-2.338306427001953,1.7859026193618774,0.008318857289850712,0.2014620453119278,-0.06752796471118927,1.0804952997417168e-08,-2.3087739474643825,1.7842336207711045,0.35825865906875254,48179,-0.3572649322228898,-0.063218701684007,3.4878832227747125e-05,0.7242589781526476,-6.774210116159546e-10,0.10556490630700273,-0.10559372571570597,0.0,-0.6249999999999997,0.1,0.0,0.15,0.0,3.515542507171631,48179,nan,0.9464150071144104,50906.84280979045,50000,51633.311026294374,51625.58710173788,50,50479.87499373555,nan,nan,nan,0.033408984541893005
26.87330095600919,landing,0,-0.0039512538351118565,-2.3349602222442627,1.7845630645751953,0.00857228972017765,0.2173570990562439,-0.07829096168279648,1.0790935668958434e-08,-2.303589577714925,1.7820486546847887,0.35897625430815655,48275,-0.3383310208929675,-0.06022235175399053,-0.0003731507019899549,0.8781729848124087,-7.228383401468792e-10,0.11264244885272981,-0.11267320044323832,0.0,-0.6219999999999997,0.1,0.0,0.15,0.0,3.515542507171631,48275,nan,0.943476140499115,51167.16568419176,50000,51627.09575506634,51619.4748161706,50,50479.87499373555,nan,nan,nan,0.033408984541893005
26.893479569000192,landing,0,-0.0038142751436680555,-2.329634666442871,1.782248616218567,0.00874396599829197,0.2330203801393509,-0.09090904891490936,1.0775844990706972e-08,-2.29823794408029,1.7796963790499547,0.3615560865927172,48622,-0.27026156747448127,-0.05510566668080963,-0.0006169969419052013,0.8490830077789724,-7.687399095760381e-10,0.1197954523661204,-0.11982815673941366,0.0,-0.6189999999999997,0.1,0.0,0.15,0.0,3.515542507171631,48622,nan,0.9468334913253784,51352.21815183035,50000,51623.43072035652,51615.9113939794,50,50479.87499373555,nan,nan,nan,0.033408984541893005
26.913343812018866,landing,0,-0.0037105469964444637,-2.325885772705078,1.780456781387329,0.008851609192788601,0.2472035437822342,-0.10153234004974365,1.0760185694500102e-08,-2.2927977007034737,1.7772554694823215,0.36251146955543484,48751,-0.2450535737352304,-0.05285863304149447,-0.0007892134521532146,0.9166910022031516,-8.136378969117186e-10,0.12679206414106062,-0.12682667860191363,0.0,-0.6159999999999997,0.1,0.0,0.15,0.0,3.515542507171631,48751,nan,0.9477372169494629,51439.36433869052,50000,51620.9765019343,51613.55743324221,50,50479.87499373555,nan,nan,nan,0.033408984541893005
26.933122459013248,landing,0,-0.003541097044944763,-2.319892406463623,1.777483582496643,0.008968901820480824,0.2616468071937561,-0.11361230909824371,1.0743489718579715e-08,-2.287195907869302,1.7746529663540411,0.3653962408688885,49138,-0.1689382356493816,-0.04796407085372981,-0.0010326802669828883,0.7484550005756319,-8.589269927977112e-10,0.13384962374129944,-0.13388616492857774,0.0,-0.6129999999999997,0.1,0.0,0.15,0.0,3.515542507171631,49138,nan,0.9374485015869141,52416.746004520915,50000,51630.9765019343,51623.55743324221,50,50479.87499373555,nan,nan,nan,0.033408984541893005
26.95316413999535,landing,0,-0.00344668235629797,-2.3157055377960205,1.7753816843032837,0.009091435000300407,0.2740064561367035,-0.12605281174182892,1.0725831229271092e-08,-2.2814441231779155,1.7719004304205,0.3672362460722729,49386,-0.1203892856920099,-0.046551664373219365,-0.0011970769709572782,0.7850149995647371,-9.043624351021488e-10,0.1409299890202618,-0.14096846315995662,0.0,-0.6099999999999997,0.1,0.0,0.15,0.0,3.515542507171631,49386,nan,0.9581133127212524,51545.0514508904,50000,51629.830834587054,51622.510686810856,50,50479.87499373555,nan,nan,nan,0.033408984541893005
26.973674678010866,landing,0,-0.00325344642624259,-2.3114001750946045,1.7731680870056152,0.00912389811128378,0.28540652990341187,-0.13642218708992004,1.0707099751330567e-08,-2.2755251308823174,1.7689806412347715,0.3679523266248382,49482,-0.1014953397140328,-0.04589957975828985,-0.0014224591002434117,1.0262719879392534,-9.501870100673301e-10,0.14807099421468004,-0.14811141786159698,0.0,-0.6069999999999997,0.1,0.0,0.15,0.0,3.515542507171631,49482,nan,0.928968608379364,53265.52431768822,50000,51639.830834587054,51632.510686810856,50,50479.87499373555,nan,nan,nan,0.033408984541893005
26.993174802017165,landing,0,-0.0031880983151495457,-2.304732084274292,1.7695127725601196,0.009110325016081333,0.29671555757522583,-0.14964799582958221,1.0687895394033359e-08,-2.2695324481281616,1.7659871414728576,0.37184399658255957,50006,0.0011872449224146209,-0.04236107626837118,-0.0014705677733399813,0.8678669983055443,-9.949797627314835e-10,0.15505120689946875,-0.15509353615696442,0.0,-0.6039999999999996,0.1,0.0,0.15,0.0,3.515542507171631,50006,nan,0.9564048647880554,52285.38858497087,50000,51648.43827125884,51641.21572545299,50,50479.87499373555,nan,nan,nan,0.033408984541893005
27.013451850012643,landing,0,-0.003007493680343032,-2.300178289413452,1.767014503479004,0.009010852314531803,0.30608296394348145,-0.15784309804439545,1.0667450586072001e-08,-2.263346461570471,1.7628002851351243,0.37153391422826937,49964,-0.006994347539068357,-0.042934277181090164,-0.0016126904400104447,0.9814320073928684,-1.0405488819405951e-09,0.16215240352212337,-0.16219667141902971,0.0,-0.6009999999999996,0.1,0.0,0.15,0.0,3.515542507171631,49964,nan,0.9554991126060486,52290.99571189252,50000,51657.00570380063,51649.879458605516,50,50479.87499373555,nan,nan,nan,0.033408984541893005
27.033298899012152,landing,0,-0.0028553486336022615,-2.2929892539978027,1.7628334760665894,0.009051754139363766,0.31628793478012085,-0.16740790009498596,1.0646166351533767e-08,-2.2570296642076535,1.7594825822806799,0.3738106059478649,50270,0.05307667408614414,-0.04006321207799467,-0.0017875567958363092,0.8438020013272762,-1.0859593301795e-09,0.16922887388767008,-0.1692750736736746,0.0,-0.5979999999999996,0.1,0.0,0.15,0.0,3.515542507171631,50270,nan,0.9551672339439392,52629.52728438176,50000,51667.00570380063,51659.879458605516,50,50479.87499373555,nan,nan,nan,0.033408984541893005
27.05305071300245,landing,0,-0.002666227985173464,-2.28816819190979,1.7600715160369873,0.00919863861054182,0.3243839144706726,-0.1754714995622635,1.0624064417032701e-08,-2.2505854417746307,1.7560374195687574,0.37347780948956294,50225,0.04429576489611797,-0.04127712091259425,-0.002070358766704361,0.6525790086016059,-1.1311866463077057e-09,0.1762768061302825,-0.17632493001442645,0.0,-0.5949999999999996,0.1,0.0,0.15,0.0,3.515542507171631,50225,nan,0.9774777889251709,51382.2416929055,50000,51663.20885032203,51656.17762172952,50,50479.87499373555,nan,nan,nan,0.033408984541893005
27.07504516901099,landing,0,-0.0024996744468808174,-2.280759334564209,1.755650520324707,0.009606078267097473,0.3328455090522766,-0.18037545680999756,1.060071132596775e-08,-2.2439462471999456,1.7523972314874283,0.37330249961102063,50202,0.03967017443325993,-0.039769448270202165,-0.0024680863539503495,0.8535049855709076,-1.1770876077454508e-09,0.18342971489822596,-0.18347979153928898,0.0,-0.5919999999999996,0.1,0.0,0.15,0.0,3.515542507171631,50202,nan,0.9592331051826477,52335.55819619156,50000,51672.173508266955,51665.23602938901,50,50479.87499373555,nan,nan,nan,0.033408984541893005
27.093093424016843,landing,0,-0.0023748762905597687,-2.2755813598632812,1.7524895668029785,0.010109842754900455,0.3407485783100128,-0.18871216475963593,1.0577027981631932e-08,-2.2372555880928666,1.7487055648237955,0.3733301567875026,50205,0.0403999152375345,-0.0408936141018298,-0.0028714945793786306,0.7391829858534038,-1.2218778945749515e-09,0.19040954332330087,-0.190461525470039,0.0,-0.5889999999999996,0.1,0.0,0.15,0.0,3.515542507171631,50205,nan,0.9561183452606201,52509.19015293557,50000,51682.173508266955,51675.23602938901,50,50479.87499373555,nan,nan,nan,0.033408984541893005
27.113957148016198,landing,0,-0.002236805157735944,-2.2703802585601807,1.7493013143539429,0.01043190062046051,0.3471834361553192,-0.1961701363325119,1.0551993513169472e-08,-2.2303543785461164,1.7448032902398443,0.3726413714882744,50113,0.022226160640483883,-0.043158540585839414,-0.003197863189439376,1.296652015298605,-1.2675038210712972e-09,0.1975195924259518,-0.19757351562884354,0.0,-0.5859999999999996,0.1,0.0,0.15,0.0,3.515542507171631,50113,nan,0.9768171310424805,51302.335316865625,50000,51677.10899904827,51670.2640198887,50,50479.87499373555,nan,nan,nan,0.033408984541893005
27.133532687992556,landing,0,-0.0020963239949196577,-2.2624964714050293,1.7444813251495361,0.01046356838196516,0.3546012341976166,-0.20081384479999542,1.0526006006985897e-08,-2.2233046537687913,1.7407524598803936,0.3723438847756199,50073,0.014376907008440298,-0.042135896898400596,-0.0033683445694865366,0.8770959975663573,-1.3131908377315201e-09,0.20463916142437716,-0.20469502828237116,0.0,-0.5829999999999996,0.1,0.0,0.15,0.0,3.515542507171631,50073,nan,0.9850144386291504,50834.78783284319,50000,51667.10899904827,51660.2640198887,50,50479.87499373555,nan,nan,nan,0.033408984541893005
27.153148515993962,landing,0,-0.0019510590936988592,-2.257154941558838,1.741162896156311,0.009979953058063984,0.35993602871894836,-0.20482628047466278,1.0499632853213591e-08,-2.2161948321670777,1.7366415162900142,0.36991124732259245,49746,-0.049808777768010515,-0.04521775428494922,-0.0032860996857431157,0.7909449923317879,-1.3579853030577723e-09,0.2116196409993433,-0.2116774135407775,0.0,-0.5799999999999996,0.1,0.0,0.15,0.0,3.5049853324890137,49746,nan,0.9775117635726929,50890.436160260724,50000,51657.10899904827,51650.2640198887,50,50361.412936621906,nan,nan,nan,0.033408984541893005
27.173478197015356,landing,0,-0.001880287891253829,-2.2517507076263428,1.737775206565857,0.009225660003721714,0.3661261796951294,-0.2097661942243576,1.0471965602915967e-08,-2.208883346938012,1.7323288540177502,0.3677226909687528,49451,-0.10755432800124609,-0.04805046521832348,-0.0029723880861014518,1.018246985040605,-1.4034419306510387e-09,0.2187033076566095,-0.2187630140517424,0.0,-0.5769999999999996,0.1,0.0,0.15,0.0,3.5049853324890137,49451,nan,0.9650083184242249,51244.117854599644,50000,51651.602450455626,51644.84873768485,50,50361.412936621906,nan,nan,nan,0.033408984541893005
27.193397452007048,landing,0,-0.0016617737710475922,-2.243464708328247,1.7325319051742554,0.008236562833189964,0.37230977416038513,-0.21487824618816376,1.044341807900908e-08,-2.201434685566646,1.7278789781538533,0.36771898413539456,49451,-0.10765213363075254,-0.047625057441131526,-0.0026721501537090298,0.9435200190637261,-1.448850643450449e-09,0.22577950758249682,-0.22584114579289738,0.0,-0.5739999999999996,0.1,0.0,0.15,0.0,3.5049853324890137,49451,nan,0.9835749864578247,50276.79707277757,50000,51641.602450455626,51634.84873768485,50,50361.412936621906,nan,nan,nan,0.033408984541893005
27.213374367012875,landing,0,-0.0016371961683034897,-2.237825393676758,1.728943943977356,0.00709989620372653,0.3761771619319916,-0.21776558458805084,1.0413910658516917e-08,-2.1938364401237034,1.7232794773816602,0.36442220943615117,49007,-0.19463827345247786,-0.05197891477978367,-0.0020994809015051352,0.8993250085040927,-1.4943366864328446e-09,0.23286775814363392,-0.23293133145914718,0.0,-0.5709999999999996,0.1,0.0,0.15,0.0,3.5049853324890137,49007,nan,0.9822937846183777,49890.369630140005,50000,51631.602450455626,51624.84873768485,50,50361.412936621906,nan,nan,nan,0.033408984541893005
27.23325397001463,landing,0,-0.0014946400187909603,-2.229383707046509,1.723509430885315,0.006172916851937771,0.3822230100631714,-0.22268937528133392,1.0383695222505474e-08,-2.1861278621243816,1.7185696139321018,0.36425840152568495,48985,-0.19896038190804965,-0.05174350519315839,-0.0017480004273964234,0.835790007840842,-1.5395221060173102e-09,0.23990916150001657,-0.2399746571312716,0.0,-0.5679999999999996,0.1,0.0,0.15,0.0,3.5049853324890137,48985,nan,0.9624866247177124,50894.21373971488,50000,51621.770600979085,51615.10693771191,50,50361.412936621906,nan,nan,nan,0.033408984541893005
27.253018409013748,landing,0,-0.0014191917143762112,-2.2235660552978516,1.7196979522705078,0.00532159861177206,0.38588976860046387,-0.22944723069667816,1.035254792189282e-08,-2.178274068376462,1.7137144950897862,0.362883791435417,48801,-0.23522977742963214,-0.05605387657940104,-0.0013685906598597253,0.7154479972086847,-1.5847530812516215e-09,0.24695766395404345,-0.24702508383910665,0.0,-0.5649999999999996,0.1,0.0,0.15,0.0,3.5049853324890137,48801,nan,0.9770859479904175,49945.45270082894,50000,51611.770600979085,51605.10693771191,50,50361.412936621906,nan,nan,nan,0.033408984541893005
27.27349152401439,landing,0,-0.001378159038722515,-2.217735528945923,1.7158676385879517,0.004552079364657402,0.39153623580932617,-0.23426657915115356,1.032028135116192e-08,-2.1702458548170234,1.7086849088190301,0.3603102809761289,48454,-0.30313242807048013,-0.05970430260184355,-0.0009967756509388082,1.0508990089874715,-1.6302866080399318e-09,0.2540533140841879,-0.25412267109445946,0.0,-0.5619999999999996,0.1,0.0,0.15,0.0,3.5049853324890137,48454,nan,0.967620849609375,50075.398870911784,50000,51601.770600979085,51595.10693771191,50,50361.412936621906,nan,nan,nan,0.033408984541893005
27.293319165008143,landing,0,-0.0013253563083708286,-2.2088730335235596,1.7099350690841675,0.003962182439863682,0.3970582187175751,-0.24029506742954254,1.0287237396030303e-08,-2.162096498703665,1.7035341469222203,0.3607615282256917,48515,-0.2912261681875563,-0.05969537495235229,-0.0007270459498662785,0.9234299941454083,-1.6756352470094674e-09,0.26112015249321424,-0.2611914387630425,0.0,-0.5589999999999996,0.1,0.0,0.15,0.0,3.5049853324890137,48515,nan,0.9671265482902527,50164.0660012569,50000,51591.770600979085,51585.10693771191,50,50361.412936621906,nan,nan,nan,0.033408984541893005
27.31353989301715,landing,0,-0.001307420083321631,-2.20286226272583,1.7058883905410767,0.003577321069315076,0.40115758776664734,-0.2474491149187088,1.0252889590681652e-08,-2.153743959010761,1.6981801459763828,0.35922039175573883,48308,-0.3318893995847283,-0.06426531564014232,-0.0005358616529298477,0.9189000120386481,-1.7215074940737022e-09,0.2682685865990239,-0.26834182440418053,0.0,-0.5559999999999996,0.1,0.0,0.15,0.0,3.5049853324890137,48308,nan,0.9590379595756531,50371.31170634258,50000,51581.770600979085,51575.10693771191,50,50361.412936621906,nan,nan,nan,0.033408984541893005
27.333297636010684,landing,0,-0.001212885370478034,-2.1937780380249023,1.6996922492980957,0.003363946685567498,0.40737178921699524,-0.25450170040130615,1.0218370397752393e-08,-2.1453647113864838,1.692799429807859,0.360249399740474,48446,-0.30473879312733665,-0.06373268178035277,-0.0005208376848766516,0.8566960168536752,-1.7664088432869789e-09,0.2752657222672113,-0.2753408703029514,0.0,-0.5529999999999996,0.1,0.0,0.15,0.0,3.5049853324890137,48446,nan,0.9643554091453552,50236.66538349642,50000,51571.770600979085,51565.10693771191,50,50361.412936621906,nan,nan,nan,0.033408984541893005
27.35303754999768,landing,0,-0.0012541689211502671,-2.1876065731048584,1.6954331398010254,0.0032043051905930042,0.4114057421684265,-0.26067790389060974,1.0182718872983845e-08,-2.1368090084966136,1.6872422102011384,0.3582905990460012,48183,-0.35642218875986487,-0.0684335307397097,-0.00038848287609449805,0.7242840074468404,-1.8116152168211581e-09,0.28231039095150723,-0.2823874621944295,0.0,-0.5499999999999996,0.1,0.0,0.15,0.0,3.515542507171631,48183,nan,0.9650969505310059,49925.554083959374,50000,51561.770600979085,51555.10693771191,50,50479.87499373555,nan,nan,nan,0.033408984541893005
27.37333966800361,landing,0,-0.0013348731445148587,-2.1782121658325195,1.68880295753479,0.0029528012964874506,0.41811200976371765,-0.2677391469478607,1.0145778232822812e-08,-2.1280524182068943,1.6814840483519484,0.3593294575752353,48323,-0.32901167347664106,-0.06775373509680932,-0.00015753597062562186,0.6709080189466476,-1.8572958432004673e-09,0.28942896412991165,-0.28950797875607553,0.0,-0.5469999999999996,0.1,0.0,0.15,0.0,3.515542507171631,48323,nan,0.9517210721969604,50774.33022308816,50000,51551.770600979085,51545.10693771191,50,50479.87499373555,nan,nan,nan,0.033408984541893005
27.393270992004545,landing,0,-0.0014092220226302743,-2.171780586242676,1.6841785907745361,0.0022457418963313103,0.4227235019207001,-0.27567100524902344,1.0108368901959662e-08,-2.1192227901914364,1.6756528288375898,0.3583633754438544,48193,-0.35450196718062443,-0.07197562041733474,0.0003196311410289532,0.8920609834603965,-1.902438549556017e-09,0.2964637113331321,-0.296544646457896,0.0,-0.5439999999999996,0.1,0.0,0.15,0.0,3.515542507171631,48193,nan,0.967221736907959,49826.21684461384,50000,51541.770600979085,51535.10693771191,50,50479.87499373555,nan,nan,nan,0.033408984541893005
27.4132815960038,landing,0,-0.0014505039434880018,-2.1653671264648438,1.6795631647109985,0.0012755333445966244,0.4283320903778076,-0.28191763162612915,1.0069833370733237e-08,-2.1102176623999256,1.6696460616354247,0.35630305342662133,47916,-0.4088640256828153,-0.07613614971171223,0.0009124215715290429,0.8746439998503774,-1.947846643074348e-09,0.3035398147542639,-0.30362268166794953,0.0,-0.5409999999999996,0.1,0.0,0.15,0.0,3.515542507171631,47916,nan,0.9636229276657104,49724.844256323566,50000,51531.770600979085,51525.10693771191,50,50479.87499373555,nan,nan,nan,0.033408984541893005
27.433205353008816,landing,0,-0.0015299664810299873,-2.1554486751556396,1.67232346534729,0.00020132889039814472,0.435753732919693,-0.29010170698165894,1.0030417687187404e-08,-2.1010753773671413,1.663502099747813,0.35818566904933763,48169,-0.3591907902549458,-0.07466969894671825,0.0015961684679943744,0.805672985734418,-1.9932219820373277e-09,0.31061081391747114,-0.31069561122660694,0.0,-0.5379999999999996,0.1,0.0,0.15,0.0,3.515542507171631,48169,nan,0.9518575072288513,50605.263533860976,50000,51521.770600979085,51515.10693771191,50,50479.87499373555,nan,nan,nan,0.033408984541893005
27.453136697004084,landing,0,-0.0016499122139066458,-2.1487491130828857,1.6672946214675903,-0.0009299377561546862,0.44090425968170166,-0.2996131479740143,9.99017618280456e-09,-2.0918044017596764,1.6572294121527633,0.3579566702328201,48138,-0.36523297538733424,-0.07866782504806044,0.0023632938927482527,0.7904169906396419,-2.0385062936798842e-09,0.31766762797217557,-0.3177543518042014,0.0,-0.5349999999999996,0.1,0.0,0.15,0.0,3.515542507171631,48138,nan,0.952690601348877,50528.471606462066,50000,51511.770600979085,51505.10693771191,50,50479.87499373555,nan,nan,nan,0.033408984541893005
27.473415086016757,landing,0,-0.0018401258857920766,-2.138596534729004,1.6595767736434937,-0.0018297305796295404,0.44926178455352783,-0.309327095746994,9.948685908560636e-09,-2.082338825938868,1.6507620712181628,0.36076085347742026,48515,-0.2912439715720261,-0.07660048932887661,0.0030546599944187847,0.7048110128380358,-2.084165916197273e-09,0.3247829280446715,-0.32487159436637514,0.0,-0.5319999999999996,0.1,0.0,0.15,0.0,3.515542507171631,48515,nan,0.9562383890151978,50735.25656082914,50000,51501.770600979085,51495.10693771191,50,50479.87499373555,nan,nan,nan,0.033408984541893005
27.493104837019928,landing,0,-0.0019091139547526836,-2.1316144466400146,1.6542595624923706,-0.00259815389290452,0.4571044147014618,-0.3172716796398163,9.906831176295138e-09,-2.072816455338682,1.6442379199991082,0.3597720026238612,48382,-0.3173350231171188,-0.07918763412258167,0.0035669329720204868,0.7758830033708364,-2.1292347813387003e-09,0.33180616831096976,-0.3318967519898591,0.0,-0.5289999999999996,0.1,0.0,0.15,0.0,3.515542507171631,48382,nan,0.9460773468017578,51139.581941747965,50000,51496.941418856004,51490.36660443239,50,50479.87499373555,nan,nan,nan,0.033408984541893005
27.513358363008592,landing,0,-0.0020620012655854225,-2.1245508193969727,1.6487616300582886,-0.0033713134471327066,0.46337804198265076,-0.32774680852890015,9.86370118627835e-09,-2.063095356823767,1.6375149866122476,0.36002291859843694,48416,-0.31071454885390715,-0.08254698188123707,0.004163821135889423,0.9349259780719876,-2.1746999180388602e-09,0.3388911609723849,-0.3389836788669744,0.0,-0.5259999999999996,0.1,0.0,0.15,0.0,3.515542507171631,48416,nan,0.9574114084243774,50569.69195685557,50000,51486.941418856004,51480.36660443239,50,50479.87499373555,nan,nan,nan,0.033408984541893005
27.533034232998034,landing,0,-0.002324055414646864,-2.1137940883636475,1.6403568983078003,-0.003961263224482536,0.47192806005477905,-0.3374451696872711,9.819867209928826e-09,-2.0532645536348273,1.6306823186017896,0.3632363133424515,48848,-0.2259284078508852,-0.07996475925717045,0.004740398138370461,0.7196670048870146,-2.2199533035237437e-09,0.34594315569482587,-0.3460375987966191,0.0,-0.5229999999999996,0.1,0.0,0.15,0.0,3.515542507171631,48848,nan,0.9546087980270386,51170.69955876985,50000,51482.72486072152,51476.23771049022,50,50479.87499373555,nan,nan,nan,0.033408984541893005
27.553782260016305,landing,0,-0.0024386856239289045,-2.1065006256103516,1.6345728635787964,-0.003961263224482536,0.47192806005477905,-0.3374451696872711,9.774916998518832e-09,-2.0432598035981306,1.6236756562557733,0.3583815855041365,48195,-0.35402149065603083,-0.08805575006502,0.0049325567804086035,1.0119040089193732,-2.2654204727598646e-09,0.35302846509349095,-0.35312484249745424,0.0,-0.5199999999999996,0.1,0.0,0.15,0.0,3.515542507171631,48195,nan,0.9546087980270386,50486.64971411139,50000,51472.72486072152,51466.23771049022,50,50479.87499373555,nan,nan,nan,0.033408984541893005
27.574211866012774,landing,0,-0.002588815987110138,-2.099039316177368,1.6285780668258667,-0.00559905543923378,0.487671434879303,-0.3573122024536133,9.728691608427086e-09,-2.03305633796839,1.6164702240669995,0.36635928189615996,49268,-0.14352818215936836,-0.08077483883785132,0.005883168409686279,1.2683189997915179,-2.2684793038393557e-09,0.35350513353273105,-0.35360164106803293,0.0,-0.5169999999999996,0.1,0.0,0.15,0.0,3.515542507171631,49268,nan,0.9447061419487,52151.666864758656,50000,51481.777420775354,51475.376765880465,50,50479.87499373555,nan,nan,nan,0.033408984541893005
27.593059748993255,landing,0,-0.0029241666197776794,-2.087554931640625,1.6193149089813232,-0.006751115433871746,0.4927712380886078,-0.36425498127937317,9.684265648485936e-09,-2.023133283887739,1.6095452799801717,0.37259857216716974,50107,0.02109689095434497,-0.07499293414860031,0.006763075740704894,0.7410540129058063,-2.2684793038393557e-09,0.353505133532731,-0.35360164106803293,0.0,-0.5139999999999996,0.1,0.0,0.15,0.0,3.515542507171631,50107,nan,0.9624930620193481,52059.5960399689,50000,51489.48166903127,51483.16635620165,50,50479.87499373555,nan,nan,nan,0.033408984541893005
27.613858244993025,landing,0,-0.003091253573074937,-2.079733371734619,1.6130527257919312,-0.007951295003294945,0.5031360983848572,-0.3729507327079773,9.638331009183041e-09,-2.012975126979248,1.6023851688820094,0.3757236801092662,50527,0.10355356488828882,-0.07133056966478285,0.007523588874550402,1.1285660148132592,-2.268479303839356e-09,0.353505133532731,-0.353601641068033,0.0,-0.5109999999999996,0.1,0.0,0.15,0.0,3.515542507171631,50527,nan,0.9369934797286987,53924.601497365606,50000,51499.48166903127,51493.16635620165,50,50479.87499373555,nan,nan,nan,0.033408984541893005
27.63292474701302,landing,0,-0.003332468681037426,-2.0678346157073975,1.6033574342727661,-0.008847380056977272,0.5140291452407837,-0.385149747133255,9.59355627508949e-09,-2.0029977221918887,1.5954058592506326,0.38499489273330273,51774,0.34817658926919925,-0.061938413617341516,0.008058549621042799,0.6322819972410798,-2.268479303839356e-09,0.353505133532731,-0.353601641068033,0.0,-0.5079999999999996,0.1,0.0,0.15,0.0,3.515542507171631,51774,nan,0.9819803833961487,52724.06748181795,50000,51509.48166903127,51503.16635620165,50,50479.87499373555,nan,nan,nan,0.033408984541893005
27.65338945700205,landing,0,-0.0035115384962409735,-2.059617757797241,1.5967886447906494,-0.009522355161607265,0.523237943649292,-0.3910192549228668,9.547866853862507e-09,-1.9928777784813412,1.5882839717826862,0.3871621538178481,52066,0.4053602590461214,-0.058795451307797945,0.008547142467719704,0.9097100119106472,-2.268479303839356e-09,0.353505133532731,-0.353601641068033,0.0,-0.5049999999999996,0.1,0.0,0.15,0.0,3.515542507171631,52066,nan,0.9641437530517578,54002.320541099805,50000,51519.48166903127,51513.16635620165,50,50479.87499373555,nan,nan,nan,0.033408984541893005
27.673433029995067,landing,0,-0.003707252210006118,-2.051417112350464,1.5901293754577637,-0.009719451889395714,0.5342758297920227,-0.39806464314460754,9.502723795876785e-09,-1.98284297648235,1.5812472492701357,0.390116682440396,52463,0.4833161593772015,-0.054565463514660795,0.008784137754449306,0.9888920176308602,-2.268479303839356e-09,0.35350513353273094,-0.353601641068033,0.0,-0.5019999999999996,0.1,0.0,0.15,0.0,3.515542507171631,52463,nan,0.9778180122375488,53653.133142790546,50000,51529.48166903127,51523.16635620165,50,50479.87499373555,nan,nan,nan,0.033408984541893005
27.69299858500017,landing,0,-0.004009129013866186,-2.0387139320373535,1.5798828601837158,-0.009437058120965958,0.5457435250282288,-0.4033168852329254,9.45737362342733e-09,-1.9727758991057376,1.574178242568728,0.39653418344470726,53326,0.6526433626571819,-0.04522773590501736,0.00880406230987596,0.6661599909421057,-2.2684793038393565e-09,0.353505133532731,-0.35360164106803305,0.0,-0.49899999999999956,0.1,0.0,0.15,0.0,3.515542507171631,53326,nan,0.9742980003356934,54732.740887928114,50000,51539.48166903127,51533.16635620165,50,50479.87499373555,nan,nan,nan,0.033408984541893005
27.713499495992437,landing,0,-0.004153023939579725,-2.0301589965820312,1.573034405708313,-0.008787333033978939,0.5554530620574951,-0.4074786603450775,9.411848762216719e-09,-1.9626815993631395,1.56708200606958,0.3982394104915805,53555,0.6976361607277166,-0.04170053763888551,0.008584588551481476,1.0092809970956296,-2.2684793038393565e-09,0.353505133532731,-0.35360164106803305,0.0,-0.49599999999999955,0.1,0.0,0.15,0.0,3.515542507171631,53555,nan,1.0007179975509644,53516.575230048824,50000,51549.48166903127,51543.16635620165,50,50479.87499373555,nan,nan,nan,0.033408984541893005
27.73369622800965,landing,0,-0.004382146056741476,-2.0170342922210693,1.5627391338348389,-0.0076818023808300495,0.5661817193031311,-0.4101583957672119,9.365632343750588e-09,-1.9524795318134718,1.5598779723425578,0.403311931650577,54237,0.8314757691445109,-0.03295075736601214,0.008155619501592604,0.7629659958183765,-2.2684793038393565e-09,0.353505133532731,-0.35360164106803305,0.0,-0.49299999999999955,0.1,0.0,0.15,0.0,3.515542507171631,54237,nan,1.0068554878234863,53867.710566134774,50000,51559.48166903127,51553.16635620165,50,50479.87499373555,nan,nan,nan,0.033408984541893005
27.752448384009767,landing,0,-0.004566819407045841,-2.0081984996795654,1.5559881925582886,-0.0060381158255040646,0.5756689310073853,-0.4084365963935852,9.321497407030204e-09,-1.9426018289080973,1.552998391811958,0.4022396505930567,54093,0.8031833929566403,-0.02935548636116888,0.007543719218694012,0.31425198540091515,-2.2684793038393565e-09,0.35350513353273094,-0.35360164106803305,0.0,-0.48999999999999955,0.1,0.0,0.15,0.0,3.473313808441162,54093,nan,1.009490728378296,53584.444591084175,50000,51569.48166903127,51563.16635620165,50,50006.02676528096,nan,nan,nan,0.033408984541893005
27.772741093998775,landing,0,-0.004573403857648373,-1.999267339706421,1.5491834878921509,-0.004166611470282078,0.5810608267784119,-0.40465056896209717,9.276015077489558e-09,-1.9325141570256894,1.545908784982418,0.3999679264545054,53788,0.7432434420713818,-0.02798185081190021,0.00665730071348225,0.4995150084141642,-2.2684793038393565e-09,0.3535051335327309,-0.35360164106803305,0.0,-0.48699999999999954,0.1,0.0,0.15,0.0,3.473313808441162,53788,nan,1.013460636138916,53073.59564049928,50000,51579.48166903127,51573.16635620165,50,50006.02676528096,nan,nan,nan,0.033408984541893005
27.793893462017877,landing,0,-0.0046041919849812984,-1.9856353998184204,1.5390284061431885,-0.0016381897730752826,0.5877382755279541,-0.4019131064414978,9.229979030381714e-09,-1.9223401973811671,1.5387328668340499,0.40225248569182864,54095,0.8035220499163209,-0.0210619012678646,0.005392952385594452,1.259851997019723,-2.2684793038393565e-09,0.3535051335327309,-0.35360164106803305,0.0,-0.48399999999999954,0.1,0.0,0.15,0.0,3.473313808441162,54095,nan,1.0159127712249756,53247.68182092335,50000,51589.48166903127,51583.16635620165,50,50006.02676528096,nan,nan,nan,0.033408984541893005
27.812912877998315,landing,0,-0.004670138470828533,-1.9765219688415527,1.5325140953063965,0.0013754909159615636,0.5902856588363647,-0.3972325026988983,9.185225991988721e-09,-1.9123661735113724,1.531756939043234,0.39932891387788955,53702,0.7263829519232061,-0.02080209561672431,0.0039891042069959415,0.6217639893293381,-2.2684793038393565e-09,0.3535051335327309,-0.35360164106803305,0.0,-0.48099999999999954,0.1,0.0,0.15,0.0,3.473313808441162,53702,nan,1.0252734422683716,52378.222029419514,50000,51599.48166903127,51593.16635620165,50,50006.02676528096,nan,nan,nan,0.033408984541893005
27.83364998199977,landing,0,-0.004509862046688795,-1.9626611471176147,1.5226417779922485,0.004673785530030727,0.594487190246582,-0.38981831073760986,9.139105806963432e-09,-1.9021791023583206,1.5245679058068708,0.39893429116655443,53649,0.7159707431808542,-0.015031664985043748,0.0021787838788283054,0.8068970055319369,-2.2684793038393565e-09,0.35350513353273083,-0.35360164106803305,0.0,-0.47799999999999954,0.1,0.0,0.15,0.0,3.473313808441162,53649,nan,1.0298997163772583,52091.479536195984,50000,51606.04164059347,51599.810531934905,50,50006.02676528096,nan,nan,nan,0.033408984541893005
27.8532893260126,landing,0,-0.004506177734583616,-1.9533592462539673,1.5162289142608643,0.00794502068310976,0.5969679355621338,-0.38359466195106506,9.094412318454189e-09,-1.8922143583570137,1.5176012604179636,0.39512771829755416,53137,0.615533464315412,-0.014591738129018848,0.0005402560786795796,0.9151409904006869,-2.268479303839357e-09,0.3535051335327309,-0.35360164106803316,0.0,-0.47499999999999953,0.1,0.0,0.15,0.0,3.473313808441162,53137,nan,1.0285983085632324,51659.62218450745,50000,51606.75604784566,51600.608020635875,50,50006.02676528096,nan,nan,nan,0.033408984541893005
27.873264499998186,landing,0,-0.004308190196752548,-1.9440972805023193,1.5099455118179321,0.010965164750814438,0.6007826924324036,-0.377427875995636,9.049032546877946e-09,-1.8821426684440425,1.5105276399209666,0.39105157052356276,52589,0.5079833911230267,-0.013620969691424935,-0.0012012579770313003,0.8915869984775782,-2.268479303839357e-09,0.3535051335327309,-0.35360164106803316,0.0,-0.47199999999999953,0.1,0.0,0.15,0.0,3.473313808441162,52589,nan,1.032517910003662,50932.77268169951,50000,51597.76960296371,51591.70354945006,50,50006.02676528096,nan,nan,nan,0.033408984541893005
27.893382177018793,landing,0,-0.004159536678344011,-1.9349167346954346,1.5038203001022339,0.01368823740631342,0.60433429479599,-0.37079623341560364,9.003360166510104e-09,-1.8720253802706983,1.5034084087151895,0.3864899708904404,51975,0.38762456175304294,-0.012913316936705235,-0.0027784189105743984,0.8204029873013496,-2.268479303839357e-09,0.3535051335327309,-0.35360164106803316,0.0,-0.46899999999999953,0.1,0.0,0.15,0.0,3.473313808441162,51975,nan,1.0425641536712646,49853.047236447055,50000,51587.76960296371,51581.70354945006,50,50006.02676528096,nan,nan,nan,0.033408984541893005
27.913008260016795,landing,0,-0.00407905038446188,-1.9301739931106567,1.5007197856903076,0.016138684004545212,0.6057866811752319,-0.3619776964187622,8.958163667670222e-09,-1.8619822503948544,1.496363356052261,0.37717700598499304,50723,0.1418998940631404,-0.01808387117295015,-0.004231748637970378,0.6108040106482804,-2.268479303839357e-09,0.35350513353273083,-0.35360164106803316,0.0,-0.4659999999999995,0.1,0.0,0.15,0.0,3.473313808441162,50723,nan,1.0367870330810547,48923.25847215196,50000,51577.76960296371,51571.70354945006,50,50006.02676528096,nan,nan,nan,0.033408984541893005
27.933766086003743,landing,0,-0.00407905038446188,-1.9301739931106567,1.5007197856903076,0.01819484494626522,0.607291042804718,-0.3559756875038147,8.912681651203229e-09,-1.8518946272998187,1.489273798023412,0.3653955435387204,49138,-0.1689566348622602,-0.02888976690029029,-0.005493651623950102,1.2358149979263544,-2.268479303839357e-09,0.3535051335327308,-0.35360164106803316,0.0,-0.4629999999999995,0.1,0.0,0.15,0.0,3.473313808441162,49138,nan,1.014061689376831,48456.61808819211,50000,51567.76960296371,51561.70354945006,50,50006.02676528096,nan,nan,nan,0.033408984541893005
27.953587657015305,landing,0,-0.00407905038446188,-1.9301739931106567,1.5007197856903076,0.02010483294725418,0.6098757386207581,-0.3519384562969208,8.86708528521113e-09,-1.8417891847148395,1.4821664156398668,0.3546038535254181,47687,-0.45369779616311234,-0.03971706535439091,-0.0067381146569764905,0.9055919945240021,-2.268479303839357e-09,0.3535051335327308,-0.35360164106803316,0.0,-0.4599999999999995,0.1,0.0,0.15,0.0,3.489149570465088,47687,nan,1.0252519845962524,46512.467877620635,50000,51557.76960296371,51551.70354945006,50,50183.719850951435,nan,nan,nan,0.033408984541893005
27.973530791990925,landing,0,-0.00407905038446188,-1.9301739931106567,1.5007197856903076,0.021590285003185272,0.6118101477622986,-0.34655696153640747,8.821788583127418e-09,-1.831730439813974,1.475105743688987,0.34324200933373167,46159,-0.7534826033316193,-0.05163947652394198,-0.007826726118625116,0.8828080026432872,-2.268479303839357e-09,0.3535051335327308,-0.35360164106803316,0.0,-0.4569999999999995,0.1,0.0,0.15,0.0,3.489149570465088,46159,nan,1.0208847522735596,45214.702146546595,50000,51547.76960296371,51541.70354945006,50,50183.719850951435,nan,nan,nan,0.033408984541893005
27.993453382019652,landing,0,-0.00407905038446188,-1.9301739931106567,1.5007197856903076,0.02260863035917282,0.6134631633758545,-0.34414440393447876,8.776753969775491e-09,-1.82171253712488,1.4680859250998757,0.3334597622447513,44844,-1.011589386682024,-0.06420110071217394,-0.008667129807742757,0.8118960249703377,-2.2684793038393574e-09,0.3535051335327308,-0.3536016410680332,0.0,-0.4539999999999995,0.1,0.0,0.15,0.0,3.489149570465088,44844,nan,0.9891030788421631,45338.04510293716,50000,51537.76960296371,51531.70354945006,50,50183.719850951435,nan,nan,nan,0.033408984541893005
28.013534572994104,landing,0,-0.00407905038446188,-1.9301739931106567,1.5007197856903076,0.023115118965506554,0.6151389479637146,-0.346475213766098,8.731020832652029e-09,-1.8115857810119464,1.4609572233697448,0.32595730299532233,43835,-1.2095434565878023,-0.07710973072341706,-0.009177406259060605,0.8940190018620342,-2.2684793038393574e-09,0.3535051335327308,-0.3536016410680332,0.0,-0.4509999999999995,0.1,0.0,0.15,0.0,3.489149570465088,43835,nan,0.9877692461013794,44377.77362781044,50000,51527.76960296371,51521.70354945006,50,50183.719850951435,nan,nan,nan,0.033408984541893005
28.033516858995426,landing,0,-0.00407905038446188,-1.9301739931106567,1.5007197856903076,0.023148221895098686,0.6173292994499207,-0.3514418303966522,8.685771997760715e-09,-1.8015344954245567,1.4539040127687466,0.3198983375463,43020,-1.369410618831136,-0.0898123937887318,-0.009371930831663988,0.9931829990819097,-2.2684793038393574e-09,0.3535051335327308,-0.3536016410680332,0.0,-0.4479999999999995,0.1,0.0,0.15,0.0,3.489149570465088,43020,nan,0.9724059700965881,44240.78144617609,50000,51517.76960296371,51511.70354945006,50,50183.719850951435,nan,nan,nan,0.033408984541893005
28.053370278998045,landing,0,-0.00407905038446188,-1.9301739931106567,1.5007197856903076,0.022898713126778603,0.6206668019294739,-0.3579784035682678,8.640401399929174e-09,-1.7914642350885888,1.4468318222390297,0.3146199332176294,42310,-1.508682500854107,-0.10205546878380015,-0.009370552538667365,0.8250230166595429,-2.2684793038393574e-09,0.3535051335327308,-0.3536016410680332,0.0,-0.4449999999999995,0.1,0.0,0.15,0.0,3.489149570465088,42310,nan,0.9561507701873779,44250.34348056684,50000,51507.76960296371,51501.70354945006,50,50183.719850951435,nan,nan,nan,0.033408984541893005
28.074788102996536,landing,0,-0.0019978138152509928,-1.846086025238037,1.4474098682403564,0.022331602871418,0.6254177689552307,-0.36802390217781067,8.592545612732674e-09,-1.781006698925671,1.4393722501553678,0.37531836365386456,50473,0.09285919931040887,-0.004394369257543541,-0.009771039133033232,0.7537110068369657,-2.2684793038393578e-09,0.3535051335327308,-0.35360164106803327,0.0,-0.4419999999999995,0.1,0.0,0.15,0.0,3.489149570465088,50473,nan,0.933655858039856,54059.5333552177,50000,51517.76960296371,51511.70354945006,50,50183.719850951435,nan,nan,nan,0.033408984541893005
28.093009519012412,landing,0,-0.0014118319377303123,-1.8175759315490723,1.4283287525177002,0.01769767329096794,0.5466651916503906,-0.33926042914390564,8.55000709106367e-09,-1.771377771010201,1.432741512530691,0.37662298125352117,50648,0.1272818272696874,-0.02614997674126125,-0.00789869444439839,0.6744510028511286,-2.2684793038393578e-09,0.3535051335327307,-0.35360164106803327,0.0,-0.4389999999999995,0.1,0.0,0.15,0.0,3.489149570465088,50648,nan,0.9149113297462463,55358.370099152,50000,51527.76960296371,51521.70354945006,50,50183.719850951435,nan,nan,nan,0.033408984541893005
28.113446292991284,landing,0,-0.0013220651308074594,-1.807875394821167,1.4214990139007568,0.015382304787635803,0.5590946078300476,-0.373751699924469,8.504427561792427e-09,-1.761274952150836,1.4256367545890418,0.3934686324834799,52914,0.5717581130205769,-0.019119435703132362,-0.006474848432379776,0.942804996157065,-2.2684793038393578e-09,0.3535051335327307,-0.35360164106803327,0.0,-0.4359999999999995,0.1,0.0,0.15,0.0,3.489149570465088,52914,nan,0.9205008745193481,57483.92148745079,50000,51537.76960296371,51531.70354945006,50,50183.719850951435,nan,nan,nan,0.033408984541893005
28.148400979000144,landing,1,-0.001149335061199963,-1.7932941913604736,1.4109084606170654,0.01401679590344429,0.573426365852356,-0.3950273096561432,8.458459548587082e-09,-1.751111594469376,1.418471441298091,0.3934686324834799,52914,0.5717581130205769,-0.019119435703132362,-0.006474848432379776,15.750244987430051,-2.2684793038393578e-09,0.3535051335327307,-0.35360164106803327,0.0,-0.4329999999999995,0.1,0.0,0.15,0.0,3.4944281578063965,52914,nan,0.9455227255821228,55962.69509801876,50000,51547.76960296371,51541.70354945006,50,50242.95087950826,-0.2631060342977164,2.2336328080242885e-12,1.839585456170699e-11,0.033408984541893005
28.152176233008504,landing,1,-0.001218436285853386,-1.7834720611572266,1.4037559032440186,0.012162390165030956,0.5894501209259033,-0.4102356433868408,8.41412338638311e-09,-1.7412025338869332,1.4115604945297209,0.39267759870389585,52807,0.5508865093376194,-0.023039722905380627,-0.006511561299176384,0.0441830197814852,-2.2684793038393578e-09,0.35350513353273066,-0.35360164106803327,0.0,-0.4299999999999995,0.1,0.0,0.15,0.0,3.4944281578063965,52807,nan,0.9455227255821228,55849.53018182478,50000,51557.76960296371,51551.70354945006,50,50242.95087950826,-0.2631060342977164,2.2336328080242885e-12,1.839585456170699e-11,0.033408984541893005
28.185038352996344,landing,1,-0.0010725255124270916,-1.7735440731048584,1.396409511566162,0.010210021398961544,0.6037233471870422,-0.42221155762672424,8.368567968800895e-09,-1.7311034724371397,1.4044594950234228,0.3919430239878931,52708,0.531504590709579,-0.026753624270634758,-0.006432981592289013,12.804541998775676,-2.268479303839358e-09,0.3535051335327307,-0.3536016410680333,0.0,-0.4269999999999995,0.1,0.0,0.15,0.0,3.4944281578063965,52708,nan,0.9981432557106018,52806.04732681976,50000,51567.76960296371,51561.70354945006,50,50242.95087950826,-0.2333123331993776,2.1918380739774563e-12,1.79230748282649e-11,0.033408984541893005
28.192200320016127,landing,1,-0.0011766849784180522,-1.7584776878356934,1.3852652311325073,0.00809684582054615,0.6170505881309509,-0.42981383204460144,8.323378717728351e-09,-1.7210614720064514,1.3974155721139905,0.3911802197400997,52606,0.5113778295540801,-0.03057071855438594,-0.006412048172243631,0.04905401146970689,-2.268479303839358e-09,0.3535051335327307,-0.3536016410680333,0.0,-0.4239999999999995,0.1,0.0,0.15,0.0,3.4944281578063965,52606,nan,0.9981432557106018,52703.85758660318,50000,51577.76960296371,51571.70354945006,50,50242.95087950826,-0.2333123331993776,2.1918380739774563e-12,1.79230748282649e-11,0.033408984541893005
28.22540730200126,landing,1,-0.001209571841172874,-1.748382806777954,1.3778414726257324,0.005621996708214283,0.6279648542404175,-0.4358975291252136,8.277762209982259e-09,-1.7109528906608833,1.3903050501129695,0.3904953271437327,52514,0.4933067847950561,-0.03435616736531388,-0.00610285500536471,13.118543021846563,-2.268479303839358e-09,0.3535051335327307,-0.3536016410680333,0.0,-0.4209999999999995,0.1,0.0,0.15,0.0,3.4944281578063965,52514,nan,0.9926702976226807,52901.75411288558,50000,51587.76960296371,51581.70354945006,50,50242.95087950826,-0.21275516923463247,0.0,1.1631777737105474e-10,0.033408984541893005
28.232240935001755,landing,1,-0.001313594402745366,-1.7330044507980347,1.3666658401489258,0.0035611449275165796,0.6365956664085388,-0.4400821328163147,8.232568070352407e-09,-1.7009101284290624,1.3832603651944313,0.38975200080879585,52414,0.4736939527386763,-0.03816535028085927,-0.006009856648610943,0.05535499076358974,-2.268479303839358e-09,0.35350513353273066,-0.3536016410680333,0.0,-0.4179999999999995,0.1,0.0,0.15,0.0,3.4944281578063965,52414,nan,0.9822404384613037,53361.680040487256,50000,51597.76960296371,51591.70354945006,50,50242.95087950826,-0.21275516923463247,0.0,1.1631777737105474e-10,0.033408984541893005
28.26511700899573,landing,1,-0.0013852677075192332,-1.7227047681808472,1.3591711521148682,0.0013539702631533146,0.6422086358070374,-0.44535744190216064,8.186953697211418e-09,-1.690801879726539,1.3761501759272665,0.38910504719209615,52327,0.4566239364669151,-0.04205357703352556,-0.005512292362993687,12.814965011784807,-2.2684793038393586e-09,0.35350513353273066,-0.3536016410680334,0.0,-0.4149999999999995,0.1,0.0,0.15,0.0,3.4944281578063965,52327,nan,1.0067387819290161,51976.74008319818,50000,51602.82254270017,51596.83736990004,50,50242.95087950826,-0.19580306400383557,0.0,9.845707764870987e-11,0.033408984541893005
28.272218836995307,landing,1,-0.001571944449096918,-1.712354063987732,1.3517285585403442,-0.0006031920202076435,0.6480669975280762,-0.44939568638801575,8.141902703148701e-09,-1.6807814243734884,1.369127803977317,0.38837778297686554,52229,0.4374349070413057,-0.04587593392192443,-0.00535186635142934,0.05781097570434213,-2.2684793038393586e-09,0.35350513353273066,-0.3536016410680334,0.0,-0.4119999999999995,0.1,0.0,0.15,0.0,3.4944281578063965,52229,nan,1.0067387819290161,51879.39606332023,50000,51606.51018964177,51600.60481914564,50,50242.95087950826,-0.19580306400383557,0.0,9.845707764870987e-11,0.033408984541893005
28.303742320014862,landing,1,-0.0017158184200525284,-1.7019596099853516,1.3443495035171509,-0.002479935297742486,0.6512563228607178,-0.44842565059661865,8.096152570588846e-09,-1.670652019801739,1.3619964530653361,0.38772316409355945,52141,0.42016264099101264,-0.04975066351293713,-0.004689158754212145,11.408698017476127,-2.2684793038393586e-09,0.35350513353273066,-0.3536016410680334,0.0,-0.4089999999999995,0.1,0.0,0.15,0.0,3.4944281578063965,52141,nan,1.0102335214614868,51612.81910797075,50000,51606.59430855283,51600.76767632998,50,50242.95087950826,-0.18621924712723653,0.0,5.886418951464856e-11,0.033408984541893005
28.312259989994345,landing,1,-0.001956320833414793,-1.6861804723739624,1.333107590675354,-0.004300692584365606,0.6556494235992432,-0.4481944739818573,8.051111800605873e-09,-1.6606331577031073,1.3549756748047663,0.3870049805448194,52044,0.4012132069873182,-0.05357956698916273,-0.004465947544441191,0.07973899482749403,-2.2684793038393586e-09,0.3535051335327306,-0.3536016410680334,0.0,-0.4059999999999995,0.1,0.0,0.15,0.0,3.4944281578063965,52044,nan,1.0058565139770508,51740.978237764255,50000,51608.38609427565,51602.63715048244,50,50242.95087950826,-0.18621924712723653,0.0,5.886418951464856e-11,0.033408984541893005
28.346757882012753,landing,1,-0.0023233017418533564,-1.6702510118484497,1.3220746517181396,-0.00626961188390851,0.658801257610321,-0.44525405764579773,8.005524467732814e-09,-1.6505291227809384,1.3478697004683262,0.3863586129465394,51957,0.3841586529429897,-0.05736725768053609,-0.003584398302012937,14.376256993273273,-2.2684793038393586e-09,0.35350513353273055,-0.3536016410680334,0.0,-0.40299999999999947,0.1,0.0,0.15,0.0,3.4944281578063965,51957,nan,1.012117862701416,51334.9303620855,50000,51604.74001784645,51599.06772663715,50,50242.95087950826,-0.17863972728976787,0.0,5.4450575020280736e-11,0.033408984541893005
28.35241097601829,landing,1,-0.0025693541392683983,-1.6594995260238647,1.3146964311599731,-0.007827743887901306,0.665630042552948,-0.4436151385307312,7.960221236921234e-09,-1.6404693604853746,1.3408080108449973,0.38564761099284534,51862,0.36539870693523113,-0.06119203987827647,-0.0032953532889762526,0.10788001236505806,-2.2684793038393586e-09,0.35350513353273055,-0.3536016410680334,0.0,-0.39999999999999947,0.1,0.0,0.15,0.0,3.4838709831237793,51862,nan,1.0268524885177612,50505.79375316278,50000,51594.74001784645,51589.06772663715,50,50124.48882239461,-0.17863972728976787,0.0,5.4450575020280736e-11,0.033408984541893005
28.385990270006005,landing,1,-0.00293644773773849,-1.6433435678482056,1.3037811517715454,-0.009132854640483856,0.6724900603294373,-0.4407832622528076,7.913720371563659e-09,-1.6302229665730317,1.3335596386541235,0.3849888943621419,51773,0.34801832090083984,-0.06505171494198991,-0.0023845050682543374,13.206669013015926,-2.2684793038393586e-09,0.35350513353273055,-0.3536016410680334,0.0,-0.39699999999999946,0.1,0.0,0.15,0.0,3.4838709831237793,51773,nan,1.004508376121521,51540.63542993964,50000,51594.01862334103,51588.42196268118,50,50124.48882239461,-0.17404119404521304,0.0,3.6618012244502086e-11,0.033408984541893005
28.3923027900164,landing,1,-0.0029897550120949745,-1.6378873586654663,1.3000330924987793,-0.009728286415338516,0.6806889772415161,-0.4385881721973419,7.869591963571142e-09,-1.6203462810623555,1.3266810757959726,0.38428224951869705,51678,0.3293733382241957,-0.06887940487856137,-0.002043643121243885,0.05829997826367617,-2.2684793038393586e-09,0.35350513353273055,-0.3536016410680334,0.0,-0.39399999999999946,0.1,0.0,0.15,0.0,3.4838709831237793,51678,nan,1.004508376121521,51446.06180341917,50000,51592.045865742075,51586.52382722436,50,50124.48882239461,-0.17404119404521304,0.0,3.6618012244502086e-11,0.033408984541893005
28.424116981012048,landing,1,-0.003299723844975233,-1.6215059757232666,1.28927743434906,-0.010006051510572433,0.6877378225326538,-0.4382860064506531,7.82407834944244e-09,-1.6102537339922132,1.319586592447763,0.3836360597024656,51591,0.31232347499909174,-0.07270548728668765,-0.0014485735466020764,11.842492007417604,-2.268479303839359e-09,0.35350513353273055,-0.35360164106803343,0.0,-0.39099999999999946,0.1,0.0,0.15,0.0,3.4838709831237793,51591,nan,0.9975426197052002,51718.091017751685,50000,51593.72646776887,51588.278056431394,50,50124.48882239461,-0.16948370989795544,0.0,3.3571974490979957e-11,0.033408984541893005
28.432220092014177,landing,1,-0.0037423071917146444,-1.604680061340332,1.2783732414245605,-0.010354002937674522,0.6958326101303101,-0.43823233246803284,7.778942205749777e-09,-1.6002200094719043,1.3125509477080486,0.38293373307525025,51497,0.2937924294261265,-0.07653306239979875,-0.001089553911903669,0.06186001701280475,-2.268479303839359e-09,0.35350513353273055,-0.35360164106803343,0.0,-0.38799999999999946,0.1,0.0,0.15,0.0,3.4838709831237793,51497,nan,0.9975426197052002,51623.85945496615,50000,51594.1282409315,51588.75247507853,50,50124.48882239461,-0.16948370989795544,0.0,3.3571974490979957e-11,0.033408984541893005
28.464950805006083,landing,1,-0.00395518122240901,-1.5933643579483032,1.271178960800171,-0.010737026110291481,0.7034446597099304,-0.43867364525794983,7.733199123619186e-09,-1.5900917035934221,1.3054206957892804,0.38236390978765156,51420,0.2787575141860561,-0.08037771580527979,-0.00041189887402729277,12.611886981176212,-2.268479303839359e-09,0.35350513353273055,-0.35360164106803343,0.0,-0.38499999999999945,0.1,0.0,0.15,0.0,3.4838709831237793,51420,nan,1.0024772882461548,51292.93262090741,50000,51590.11229933119,51584.808210356256,50,50124.48882239461,-0.160743384065729,0.0,5.7100779351641606e-11,0.033408984541893005
28.47245777901844,landing,1,-0.004190773703157902,-1.581835150718689,1.2640011310577393,-0.011052330955862999,0.7145811319351196,-0.4392678141593933,7.688091719322158e-09,-1.5800624576345332,1.2983895308336408,0.38166986461916225,51327,0.26044497675889744,-0.08420635831166401,-3.296452663026231e-05,0.0629679998382926,-2.268479303839359e-09,0.3535051335327305,-0.35360164106803343,0.0,-0.38199999999999945,0.1,0.0,0.15,0.0,3.4838709831237793,51327,nan,0.9956000447273254,51553.83456622626,50000,51589.62859622313,51584.39522843453,50,50124.48882239461,-0.160743384065729,0.0,5.7100779351641606e-11,0.033408984541893005
28.50794872501865,landing,1,-0.004573612939566374,-1.5643879175186157,1.2530529499053955,-0.011291145347058773,0.7238153219223022,-0.4378262758255005,7.64212684570023e-09,-1.5698995892054346,1.291224706928618,0.38110686709689157,51251,0.24559016086785057,-0.0879909206974864,0.00064690919159981,15.397540002595633,-2.268479303839359e-09,0.35350513353273044,-0.35360164106803343,0.0,-0.37899999999999945,0.1,0.0,0.15,0.0,3.4838709831237793,51251,nan,1.0020784139633179,51144.70014107708,50000,51583.696216821176,51578.532627269764,50,50124.48882239461,-0.1530595584299259,0.0,5.186348341283079e-11,0.033408984541893005
28.512184532999527,landing,1,-0.0048242672346532345,-1.5525513887405396,1.2458618879318237,-0.011960030533373356,0.7297883629798889,-0.434852659702301,7.597467824474457e-09,-1.559940216362518,1.284263434164437,0.38042010235319224,51159,0.2274697190815882,-0.09181711430828386,0.001042562392932009,0.04817999433726072,-2.268479303839359e-09,0.35350513353273044,-0.35360164106803343,0.0,-0.37599999999999945,0.1,0.0,0.15,0.0,3.4838709831237793,51159,nan,1.0020784139633179,51052.89095856398,50000,51576.618813377754,51571.524071687025,50,50124.48882239461,-0.1530595584299259,0.0,5.186348341283079e-11,0.033408984541893005
28.54484189901268,landing,1,-0.0049211131408810616,-1.5407439470291138,1.238698124885559,-0.012787286192178726,0.7393686771392822,-0.43549662828445435,7.551937033482455e-09,-1.5498449925611646,1.277166273354264,0.37982126957413964,51078,0.21166938190341966,-0.09565748471445112,0.0019841397661274733,12.61903700651601,-2.268479303839359e-09,0.35350513353273044,-0.35360164106803343,0.0,-0.37299999999999944,0.1,0.0,0.15,0.0,3.4944281578063965,51078,nan,0.999762237071991,51090.14734302469,50000,51570.13252710638,51565.10571530487,50,50242.95087950826,-0.14841934921373767,0.0,3.38760778090182e-11,0.033408984541893005
28.552186020009685,landing,1,-0.005325328093022108,-1.5225564241409302,1.2279107570648193,-0.013586453162133694,0.75101637840271,-0.43675968050956726,7.50673115675959e-09,-1.5398004012967283,1.2701197589037811,0.3791389014286726,50987,0.19366494534756207,-0.09948438716501706,0.002407089176052836,0.051816023187711835,-2.2684793038393594e-09,0.3535051335327305,-0.35360164106803355,0.0,-0.36999999999999944,0.1,0.0,0.15,0.0,3.4944281578063965,50987,nan,1.0004323720932007,50964.96417176116,50000,51562.06361570178,51557.10382805762,50,50242.95087950826,-0.14841934921373767,0.0,3.38760778090182e-11,0.033408984541893005
28.586611191014526,landing,1,-0.005492755677551031,-1.5102944374084473,1.220684289932251,-0.014595718123018742,0.7604058980941772,-0.4370914101600647,7.461124196967703e-09,-1.529693307842551,1.2630107252003477,0.37865986817874087,50922,0.18102554561321327,-0.10331609767955072,0.0035981635249998107,14.336342981550843,-2.2684793038393594e-09,0.35350513353273044,-0.35360164106803355,0.0,-0.36699999999999944,0.1,0.0,0.15,0.0,3.4944281578063965,50922,nan,0.9839606285095215,51752.07068715274,50000,51564.59704332113,51559.70338617889,50,50242.95087950826,-0.1386647368109934,0.0,6.209043862254974e-11,0.033408984541893005
28.592188270995393,landing,1,-0.005835543852299452,-1.4915212392807007,1.2097588777542114,-0.015380905009806156,0.7738333344459534,-0.4398503303527832,7.415967142437323e-09,-1.5196563247126238,1.2559718209614086,0.3779867425285254,50832,0.16326497436742216,-0.1071432186784788,0.004056027704880699,0.04323199391365051,-2.2684793038393594e-09,0.35350513353273044,-0.35360164106803355,0.0,-0.36399999999999944,0.1,0.0,0.15,0.0,3.4944281578063965,50832,nan,0.9839606285095215,51660.60361276753,50000,51565.87713091375,51561.04872253341,50,50242.95087950826,-0.1386647368109934,0.0,6.209043862254974e-11,0.033408984541893005
28.628468718001386,landing,1,-0.0059936270117759705,-1.478847861289978,1.2025357484817505,-0.015883179381489754,0.7853285670280457,-0.44338956475257874,7.370320736157225e-09,-1.5095430841730142,1.2488566384943773,0.37763042161172444,50784,0.15386336706396797,-0.11081622857893782,0.005134771781672716,16.145905014127493,-2.2684793038393594e-09,0.35350513353273044,-0.35360164106803355,0.0,-0.36099999999999943,0.1,0.0,0.15,0.0,3.4944281578063965,50784,nan,0.9998201131820679,50793.13701579056,50000,51555.87713091375,51551.04872253341,50,50242.95087950826,-0.12473313024043774,0.0,8.300660727890584e-11,0.033408984541893005
28.632272120012203,landing,1,-0.006223005708307028,-1.4658325910568237,1.1951594352722168,-0.016007134690880775,0.8008959293365479,-0.4457451403141022,7.325153598238786e-09,-1.4995045297131497,1.2418161624965247,0.3769704961587346,50695,0.1364510859824435,-0.11463692828209637,0.005618505957258237,0.06608202238567173,-2.26847930383936e-09,0.35350513353273044,-0.3536016410680336,0.0,-0.35799999999999943,0.1,0.0,0.15,0.0,3.4944281578063965,50695,nan,0.9998201131820679,50704.12100298327,50000,51545.87713091375,51541.04872253341,50,50242.95087950826,-0.12473313024043774,0.0,8.300660727890584e-11,0.033408984541893005
28.667830932012293,landing,1,-0.006560860201716423,-1.4461345672607422,1.184285044670105,-0.01550938468426466,0.813950777053833,-0.4461229145526886,7.279725886912585e-09,-1.489425369179802,1.2347350693396586,0.37657849268382776,50642,0.12610798638067777,-0.11843329187659256,0.006148392476847403,15.591514005791396,-2.26847930383936e-09,0.3535051335327304,-0.3536016410680336,0.0,-0.3549999999999994,0.1,0.0,0.15,0.0,3.4944281578063965,50642,nan,0.9848994016647339,51418.44935066664,50000,51544.178093843795,51539.41406424185,50,50242.95087950826,-0.11385746642542008,0.0,6.786379047704993e-11,0.033408984541893005
28.672242988017388,landing,1,-0.006703751161694527,-1.4325788021087646,1.1768203973770142,-0.014650817029178143,0.8315815329551697,-0.45068466663360596,7.234456903335026e-09,-1.4793709437515465,1.2276787180406121,0.3759288719223027,50555,0.10896759689452828,-0.1222530555755718,0.006633901742586911,0.06826099706813693,-2.26847930383936e-09,0.3535051335327304,-0.3536016410680336,0.0,-0.3519999999999994,0.1,0.0,0.15,0.0,3.4944281578063965,50555,nan,0.9848994016647339,51330.11545600395,50000,51541.32392533927,51536.62341613202,50,50242.95087950826,-0.11385746642542008,0.0,6.786379047704993e-11,0.033408984541893005
28.710061476012925,landing,1,-0.0067695011384785175,-1.4189931154251099,1.1694293022155762,-0.013424854725599289,0.8461068272590637,-0.4521711468696594,7.1887361158514715e-09,-1.4692461121265716,1.2205519413238286,0.3756026288844617,50511,0.10035960117313181,-0.12217363912487812,0.006309320360339584,17.661705001955852,-2.26847930383936e-09,0.3535051335327304,-0.3536016410680336,0.0,-0.3489999999999994,0.1,0.0,0.15,0.0,3.4944281578063965,50511,nan,0.9928893446922302,50872.73850809336,50000,51532.40945310932,51527.77161735817,50,50242.95087950826,-0.10166833247577566,0.0,7.18619039146348e-11,0.033408984541893005
28.71387496899115,landing,1,-0.006876208353787661,-1.398153305053711,1.1581803560256958,-0.011838115751743317,0.8620478510856628,-0.4529789388179779,7.141720827433562e-09,-1.458919553853757,1.213223382887469,0.3749645573273539,50425,0.08352394003572172,-0.12585414638994047,0.00676589781722242,0.05421100649982691,-2.26847930383936e-09,0.35350513353273033,-0.3536016410680336,0.0,-0.3459999999999994,0.1,0.0,0.15,0.0,3.4944281578063965,50425,nan,0.9928893446922302,50786.1226123143,50000,51522.45896189872,51517.882963957585,50,50242.95087950826,-0.10166833247577566,0.0,7.18619039146348e-11,0.033408984541893005
28.747773128008703,landing,1,-0.00695901270955801,-1.376695156097412,1.1467299461364746,-0.009773781523108482,0.8700737357139587,-0.452757865190506,7.098253554084393e-09,-1.4491458952871588,1.2064478750999368,0.37464088545095847,50382,0.07498378498570979,-0.10371198469647488,0.0056431145534549185,15.523610985837877,-2.2684793038393603e-09,0.3535051335327304,-0.35360164106803366,0.0,-0.3429999999999994,0.1,0.0,0.15,0.0,3.499706745147705,50382,nan,0.975210964679718,51662.66769421181,50000,51524.3284116629,51519.81342702764,50,50302.18190806508,-0.09060765769257731,0.0,7.211373930466851e-11,0.033408984541893005
28.75225811600103,landing,1,-0.006958540994673967,-1.3621257543563843,1.1390955448150635,-0.007569675799459219,0.8891476988792419,-0.4586162865161896,7.052990402774561e-09,-1.4390923787217604,1.1993924329118688,0.3740132938832078,50297,0.05842464071788278,-0.1065317363295863,0.006047046652982743,0.07143599214032292,-2.2684793038393603e-09,0.3535051335327304,-0.35360164106803366,0.0,-0.3399999999999994,0.1,0.0,0.15,0.0,3.499706745147705,50297,nan,0.99800705909729,50397.43911780972,50000,51514.3284116629,51509.81342702764,50,50302.18190806508,-0.09060765769257731,0.0,7.211373930466851e-11,0.033408984541893005
28.790527128992835,landing,1,-0.006976761389523745,-1.3473918437957764,1.1313682794570923,-0.0052124070934951305,0.907042920589447,-0.4629998207092285,7.0070554299973895e-09,-1.4289341698467957,1.1922322698330463,0.37387339492006477,50278,0.054733375199596423,-0.08125225187522948,0.0042547509704523555,18.062396004097536,-2.2684793038393603e-09,0.3535051335327304,-0.35360164106803366,0.0,-0.3369999999999994,0.1,0.0,0.15,0.0,3.499706745147705,50278,nan,0.9824161529541016,51177.904443870626,50000,51509.842758759005,51505.387973918885,50,50302.18190806508,-0.0745228092556485,0.0,9.16492912305871e-11,0.033408984541893005
28.7930530589947,landing,1,-0.006937053985893726,-1.3398866653442383,1.1275343894958496,-0.002897261641919613,0.9257999658584595,-0.47094619274139404,6.9619242792419245e-09,-1.4189012233935068,1.1851974033727652,0.37326104374620805,50196,0.03857635214269095,-0.08319390238060752,0.004590050951790858,0.04171099863015115,-2.2684793038393603e-09,0.35350513353273033,-0.35360164106803366,0.0,-0.3339999999999994,0.1,0.0,0.15,0.0,3.499706745147705,50196,nan,0.9824161529541016,51094.4367609,50000,51504.30401212088,51499.90862441197,50,50302.18190806508,-0.0745228092556485,0.0,9.16492912305871e-11,0.033408984541893005
28.828548246005084,landing,1,-0.007043531164526939,-1.3094987869262695,1.1119146347045898,-0.0019151652231812477,0.9356589317321777,-0.4733588695526123,6.916530012064983e-09,-1.4088272745799357,1.178121523358484,0.37323149383946297,50192,0.037796671225933665,-0.05564143828309848,0.0032655306056949686,16.164340020623058,-2.2684793038393607e-09,0.35350513353273033,-0.3536016410680337,0.0,-0.3309999999999994,0.1,0.0,0.15,0.0,3.499706745147705,50192,nan,1.0038460493087769,49999.698693401195,50000,51494.30401212088,51489.90862441197,50,50302.18190806508,-0.05643181850253091,0.0,1.0471164971495116e-10,0.033408984541893005
28.8328516750189,landing,1,-0.006724875420331955,-1.286134123802185,1.0999311208724976,0.00045191057142801583,0.9467576146125793,-0.47552165389060974,6.871565887226563e-09,-1.398820356364598,1.1711126922419102,0.3726362838793448,50112,0.022091922937855557,-0.056715614829568065,0.0035520123421089317,0.0558110186830163,-2.2684793038393607e-09,0.35350513353273033,-0.3536016410680337,0.0,-0.3279999999999994,0.1,0.0,0.15,0.0,3.499706745147705,50112,nan,1.0038460493087769,49920.005198512124,50000,51484.30401212088,51479.90862441197,50,50302.18190806508,-0.05643181850253091,0.0,1.0471164971495116e-10,0.033408984541893005
28.86701745801838,landing,1,-0.006613024976104498,-1.2782645225524902,1.095939040184021,0.0022073511499911547,0.9650205373764038,-0.4760349988937378,6.8257453659776165e-09,-1.3886799828750829,1.1639703694176295,0.37237463075633664,50077,0.015188146605186859,-0.029554137738041796,0.0014016194904480249,14.642900991020724,-2.2684793038393607e-09,0.35350513353273033,-0.3536016410680337,0.0,-0.3249999999999994,0.1,0.0,0.15,0.0,3.499706745147705,50077,nan,0.9913114905357361,50515.907944269675,50000,51474.30401212088,51469.90862441197,50,50302.18190806508,-0.0466529607742991,0.0,6.070124563666703e-11,0.033408984541893005
28.872230094013503,landing,1,-0.006533251143991947,-1.2541037797927856,1.0838227272033691,0.0040186014957726,0.9873819351196289,-0.4832039475440979,6.7807323984800634e-09,-1.378665453335847,1.156953924899252,0.37178868626391604,49998,-0.00027213023968464256,-0.029843990572344836,0.0016204102660821304,0.04939502105116844,-2.2684793038393607e-09,0.3535051335327303,-0.3536016410680337,0.0,-0.3219999999999994,0.1,0.0,0.15,0.0,3.499706745147705,49998,nan,0.9913114905357361,50436.21553602642,50000,51464.30401212088,51459.90862441197,50,50302.18190806508,-0.0466529607742991,0.0,6.070124563666703e-11,0.033408984541893005
28.90985400599311,landing,1,-0.006341791246086359,-1.23783278465271,1.075653314590454,0.005609649233520031,1.0001506805419922,-0.4852088987827301,6.735058511767113e-09,-1.3685479304234298,1.149834458890318,0.37183037046401196,50004,0.0008277167285459797,0.007632515680946149,-0.00023646350665269058,17.50451498082839,-2.2684793038393607e-09,0.3535051335327303,-0.3536016410680337,0.0,-0.3189999999999994,0.1,0.0,0.15,0.0,3.499706745147705,50004,nan,0.9713254570960999,51480.17035350157,50000,51464.51556333929,51460.17878079983,50,50302.18190806508,-0.029221251497348756,0.0,1.013954223205738e-10,0.033408984541893005
28.912955345003866,landing,1,-0.005872093141078949,-1.2131112813949585,1.0630688667297363,0.006919108331203461,1.0191272497177124,-0.49212634563446045,6.689948664346807e-09,-1.3585183037440205,1.1428029131102209,0.37126094251613123,49927,-0.014196767384401454,0.008336514401579795,-7.229548229145134e-05,0.035917997593060136,-2.2684793038393607e-09,0.3535051335327303,-0.3536016410680337,0.0,-0.3159999999999994,0.1,0.0,0.15,0.0,3.499706745147705,49927,nan,0.9713254570960999,51400.89723300681,50000,51463.667318934866,51459.3883601626,50,50302.18190806508,-0.029221251497348756,0.0,1.013954223205738e-10,0.033408984541893005
28.94494725301047,landing,1,-0.005472097080200911,-1.187959909439087,1.0503817796707153,0.008028564043343067,1.0293891429901123,-0.4959248900413513,6.644534139680292e-09,-1.348441198134377,1.1357238754380563,0.3714913436318801,49958,-0.008117582272294754,0.0502382755975107,-0.0018223577344236672,12.696676014456898,-2.2684793038393607e-09,0.3535051335327303,-0.3536016410680337,0.0,-0.3129999999999994,0.1,0.0,0.15,0.0,3.499706745147705,49958,nan,0.9702425003051758,51490.220212252534,50000,51464.02135751243,51459.799451523795,50,50302.18190806508,-0.008117582272295497,0.0,1.2271465420102135e-10,0.033408984541893005
28.952214499993715,landing,1,-0.0052803331054747105,-1.1710634231567383,1.0418645143508911,0.00938024464994669,1.0426396131515503,-0.5039087533950806,6.599288850404234e-09,-1.338390465072722,1.1286712175136335,0.3714913436318801,49958,-0.008117582272294754,0.0502382755975107,-0.0018223577344236672,0.049156020395457745,-2.2684793038393607e-09,0.3535051335327302,-0.3536016410680337,0.0,-0.3099999999999994,0.1,0.0,0.15,0.0,3.499706745147705,49958,nan,0.9735020995140076,51317.81433747299,50000,51462.07193057857,51457.90631666978,50,50302.18190806508,-0.008117582272295497,0.0,1.2271465420102135e-10,0.033408984541893005
28.985080670012394,landing,1,-0.005091739818453789,-1.154119849205017,1.0332893133163452,0.010190989822149277,1.0543183088302612,-0.5102546811103821,6.5537846391146195e-09,-1.3282993832801697,1.1215781998430372,0.37226727788315706,50062,0.012355616969841776,0.08002895697543597,-0.0033112778156743007,12.843845004681498,-2.2684793038393607e-09,0.35350513353273016,-0.3536016410680337,0.0,-0.3069999999999994,0.1,0.0,0.15,0.0,3.499706745147705,50062,nan,0.9603570103645325,52128.530806473165,50000,51470.95804892383,51466.84797653383,50,50302.18190806508,0.012355616969842227,0.0,1.132002601325474e-10,0.033408984541893005
28.99231550100376,landing,1,-0.0047873761504888535,-1.1285568475723267,1.0202751159667969,0.010900835506618023,1.0645651817321777,-0.5193495750427246,6.50857233124357e-09,-1.3182537898272217,1.114530682930444,0.37226727788315706,50062,0.012355616969841776,0.08002895697543597,-0.0033112778156743007,0.05857698852196336,-2.2684793038393607e-09,0.35350513353273016,-0.3536016410680337,0.0,-0.3039999999999994,0.1,0.0,0.15,0.0,3.499706745147705,50062,nan,0.9603570103645325,52128.530806473165,50000,51479.725685691155,51475.67041426635,50,50302.18190806508,0.012355616969842227,0.0,1.132002601325474e-10,0.033408984541893005
29.02556422300404,landing,1,-0.004583427216857672,-1.1113721132278442,1.0114039182662964,0.01144969929009676,1.0691651105880737,-0.5261892676353455,6.462999918158943e-09,-1.3081520799083242,1.1074270342320047,0.3731803771084404,50185,0.03644794481372848,0.10847784807774656,-0.004324741344472371,13.297468016389757,-2.2684793038393607e-09,0.35350513353273016,-0.3536016410680337,0.0,-0.3009999999999994,0.1,0.0,0.15,0.0,3.499706745147705,50185,nan,0.9650989174842834,51999.85109383076,50000,51486.66069113302,51482.65948999388,50,50302.18190806508,0.036447944813727894,0.0,1.3445154469303133e-10,0.033408984541893005
29.03218589600874,landing,1,-0.004302978515625,-1.0857298374176025,0.9979667067527771,0.011649640277028084,1.0757158994674683,-0.5330129861831665,6.417864963182253e-09,-1.29811854062982,1.1003915747846658,0.3731803771084404,50185,0.03644794481372848,0.10847784807774656,-0.004324741344472371,0.0507950026076287,-2.2684793038393607e-09,0.35350513353273016,-0.3536016410680337,0.0,-0.2979999999999994,0.1,0.0,0.15,0.0,3.499706745147705,50185,nan,0.9650989174842834,51999.85109383076,50000,51493.50322983565,51489.55537804504,50,50302.18190806508,0.036447944813727894,0.0,1.3445154469303133e-10,0.033408984541893005
29.065005067997845,landing,1,-0.00412566727027297,-1.0686423778533936,0.9889307618141174,0.011703704483807087,1.075932502746582,-0.5396382212638855,6.3721770504790866e-09,-1.2879988319978612,1.0932699224594848,0.374021883028683,50298,0.05865126724757097,0.13202164793397614,-0.004711908381959205,12.702691979939118,-2.2684793038393607e-09,0.35350513353273016,-0.3536016410680337,0.0,-0.2949999999999994,0.1,0.0,0.15,0.0,3.499706745147705,50298,nan,0.9589085578918457,52453.38524309328,50000,51503.50322983565,51499.55537804504,50,50302.18190806508,0.05865126724757013,0.0,1.254877467430345e-10,0.033408984541893005
29.072258755011717,landing,1,-0.0039902497082948685,-1.0516455173492432,0.9798843860626221,0.01171519048511982,1.0770061016082764,-0.5485140085220337,6.3270563892095405e-09,-1.277967520158172,1.0862366910590557,0.374021883028683,50298,0.05865126724757097,0.13202164793397614,-0.004711908381959205,0.06087101064622402,-2.2684793038393607e-09,0.3535051335327302,-0.3536016410680337,0.0,-0.29199999999999937,0.1,0.0,0.15,0.0,3.499706745147705,50298,nan,0.9775070548057556,51455.38311229367,50000,51502.86162826843,51498.966414501694,50,50302.18190806508,0.05865126724757013,0.0,1.254877467430345e-10,0.033408984541893005
29.10571647301549,landing,1,-0.003774837823584676,-1.0263450145721436,0.9660343527793884,0.011485639959573746,1.070473551750183,-0.5530734062194824,6.281569277736208e-09,-1.2678791030903223,1.0791463388406366,0.37487025101698246,50413,0.0810356468860789,0.14800125435152012,-0.004760801347363426,13.476308988174424,-2.2684793038393607e-09,0.3535051335327303,-0.3536016410680337,0.0,-0.28899999999999937,0.1,0.0,0.15,0.0,3.499706745147705,50413,nan,0.9712539911270142,51905.06341343551,50000,51508.22431873733,51504.38104115415,50,50302.18190806508,0.08103564688607935,0.0,1.2648731035618007e-10,0.033408984541893005
29.11223202801193,landing,1,-0.003647051053121686,-1.0096150636672974,0.9567402005195618,0.011171331629157066,1.0621579885482788,-0.5591108798980713,6.236318208349358e-09,-1.2578274692936096,1.0720927799352535,0.37487025101698246,50413,0.0810356468860789,0.14800125435152012,-0.004760801347363426,0.05402902024798095,-2.2684793038393607e-09,0.3535051335327303,-0.3536016410680337,0.0,-0.28599999999999937,0.1,0.0,0.15,0.0,3.499706745147705,50413,nan,0.9712539911270142,51905.06341343551,50000,51513.51550666664,51509.72347278457,50,50302.18190806508,0.08103564688607935,0.0,1.2648731035618007e-10,0.033408984541893005
29.14729640301084,landing,1,-0.0035005230456590652,-0.9848281741142273,0.9426664113998413,0.010614480823278427,1.0494701862335205,-0.5628842115402222,6.190403245811477e-09,-1.2476723786848338,1.064935735973912,0.3756070427642411,50512,0.10047606238103057,0.1543684313980872,-0.0043846450844041,14.854467997793108,-2.2684793038393607e-09,0.3535051335327303,-0.3536016410680337,0.0,-0.28299999999999936,0.1,0.0,0.15,0.0,3.4944281578063965,50512,nan,0.9622530937194824,52493.46593914443,50000,51523.51550666664,51519.72347278457,50,50242.95087950826,0.1004760623810306,0.0,1.1229218896985238e-10,0.033408984541893005
29.152208938990952,landing,1,-0.003349867882207036,-0.9686504602432251,0.9331809878349304,0.010016179643571377,1.0378215312957764,-0.5701755881309509,6.145643245523967e-09,-1.237697269918454,1.0579587229903322,0.3756070427642411,50512,0.10047606238103057,0.1543684313980872,-0.0043846450844041,0.05566899199038744,-2.2684793038393607e-09,0.3535051335327303,-0.3536016410680337,0.0,-0.27999999999999936,0.1,0.0,0.15,0.0,3.4944281578063965,50512,nan,0.9622530937194824,52493.46593914443,50000,51533.51550666664,51529.72347278457,50,50242.95087950826,0.1004760623810306,0.0,1.1229218896985238e-10,0.033408984541893005
29.187213299010182,landing,1,-0.003334854496642947,-0.9447473287582397,0.9188460111618042,0.009319073520600796,1.0188236236572266,-0.5758247971534729,6.099745183153545e-09,-1.2275448129223998,1.0508043133606937,0.3764551144823329,50626,0.122852624863663,0.15421800586573542,-0.003700978091088497,14.780791010707617,-2.2684793038393607e-09,0.35350513353273033,-0.3536016410680337,0.0,-0.27699999999999936,0.1,0.0,0.15,0.0,3.4944281578063965,50626,nan,0.9828041195869446,51511.79059086283,50000,51533.22584112259,51529.48436769228,50,50242.95087950826,0.12285262486366387,0.0,1.2652059709549944e-10,0.033408984541893005
29.19284009601688,landing,1,-0.0033632663544267416,-0.9291446208953857,0.9091793298721313,0.00862370990216732,1.000699758529663,-0.5810037851333618,6.054875894280209e-09,-1.2175526733301003,1.0438102649017482,0.3764551144823329,50626,0.122852624863663,0.15421800586573542,-0.003700978091088497,0.05489398608915508,-2.2684793038393607e-09,0.35350513353273033,-0.3536016410680337,0.0,-0.27399999999999936,0.1,0.0,0.15,0.0,3.4944281578063965,50626,nan,0.9787424206733704,51725.56019914774,50000,51535.79029922959,51532.09871211169,50,50242.95087950826,0.12285262486366387,0.0,1.2652059709549944e-10,0.033408984541893005
29.22833894001087,landing,1,-0.0033152373507618904,-0.913810670375824,0.8994646072387695,0.0077883959747850895,0.9786850810050964,-0.5859287977218628,6.009098741919069e-09,-1.2074190581673858,1.0366747022493032,0.3771317302203842,50717,0.1407052828597397,0.14367203962078406,-0.0028055627964428697,15.934958995785564,-2.2684793038393607e-09,0.35350513353273033,-0.3536016410680337,0.0,-0.27099999999999935,0.1,0.0,0.15,0.0,3.4944281578063965,50717,nan,0.9737451672554016,52084.46902278442,50000,51543.10601554366,51539.46364958733,50,50242.95087950826,0.14070528285974002,0.0,3.588826856176321e-07,0.033408984541893005
29.23246072200709,landing,1,-0.0033754296600818634,-0.8913589715957642,0.884820282459259,0.00696138059720397,0.9572206735610962,-0.5914004445075989,5.963564400690313e-09,-1.197323281120113,1.0295769880421735,0.3771317302203842,50717,0.1407052828597397,0.14367203962078406,-0.0028055627964428697,0.044617976527661085,-2.2684793038393603e-09,0.35350513353273033,-0.35360164106803366,0.0,-0.26799999999999935,0.1,0.0,0.15,0.0,3.4944281578063965,50717,nan,0.9777607321739197,51870.563350644654,50000,51547.47211334501,51543.87831226809,50,50242.95087950826,0.14070528285974002,0.0,3.588826856176321e-07,0.033408984541893005
29.26892821601359,landing,1,-0.0033971904776990414,-0.8767947554588318,0.8749534487724304,0.00611090986058116,0.9301035404205322,-0.5942085981369019,5.918362457524667e-09,-1.1872793028357769,1.0225310867391357,0.37876111976217924,50936,0.18369709135037482,0.13112399378599146,-0.001768669784092811,16.567687009228393,-2.2684793038393603e-09,0.3535051335327304,-0.35360164106803366,0.0,-0.26499999999999935,0.1,0.0,0.15,0.0,3.4944281578063965,50936,nan,1.000100016593933,50930.906064249524,50000,51539.2512326904,51535.70534896118,50,50242.95087950826,0.18369709135037476,9.521185926189238e-16,0.0013055276924739672,0.033408984541893005
29.272154550009873,landing,1,-0.003414832055568695,-0.8625859022140503,0.8650736212730408,0.005190157797187567,0.9064637422561646,-0.6016155481338501,5.873455437069947e-09,-1.1772812833980264,1.0155311568295309,0.37876111976217924,50936,0.18369709135037482,0.13112399378599146,-0.001768669784092811,0.0397709954995662,-2.2684793038393603e-09,0.3535051335327304,-0.35360164106803366,0.0,-0.26199999999999934,0.1,0.0,0.15,0.0,3.4944281578063965,50936,nan,1.000100016593933,50930.906064249524,50000,51531.13996377786,51527.64135849836,50,50242.95087950826,0.18369709135037476,9.521185926189238e-16,0.0013055276924739672,0.033408984541893005
29.30734575900715,landing,1,-0.0035674695391207933,-0.8417941331863403,0.8501798510551453,0.004321428947150707,0.877742350101471,-0.6025181412696838,5.827799793466505e-09,-1.1671666033737291,1.0084145344848299,0.3803354149126015,51147,0.22523522196837575,0.11542751501536638,-0.0006287661301708085,15.0181709905155,-2.2684793038393603e-09,0.3535051335327304,-0.35360164106803366,0.0,-0.25899999999999934,0.1,0.0,0.15,0.0,3.4944281578063965,51147,nan,1.0027812719345093,51005.14083328469,50000,51524.126642037954,51520.674684828846,50,50242.95087950826,0.2252352219683759,1.5565867960031866e-15,0.0025271610896054502,0.033408984541893005
29.312163088994566,landing,1,-0.0037160238716751337,-0.8283678293228149,0.8401532769203186,0.0032061522360891104,0.8510604500770569,-0.6049700975418091,5.782713329452753e-09,-1.1571406206130648,1.001386633618274,0.3803354149126015,51147,0.22523522196837575,0.11542751501536638,-0.0006287661301708085,0.04274799721315503,-2.26847930383936e-09,0.35350513353273033,-0.3536016410680336,0.0,-0.25599999999999934,0.1,0.0,0.15,0.0,3.4944281578063965,51147,nan,1.0027812719345093,51005.14083328469,50000,51517.20683125458,51513.80090014159,50,50242.95087950826,0.2252352219683759,1.5565867960031866e-15,0.0025271610896054502,0.033408984541893005
29.349428143992554,landing,1,-0.0039004867430776358,-0.8088845014572144,0.8251433968544006,0.0021278548520058393,0.8219348192214966,-0.6045600175857544,5.737064230488345e-09,-1.1470269604629588,0.9942710314261919,0.38154098818518095,51310,0.2570445431446142,0.09684901316747023,0.0008227605783434152,17.09520400618203,-2.26847930383936e-09,0.3535051335327304,-0.3536016410680336,0.0,-0.25299999999999934,0.1,0.0,0.15,0.0,3.489149570465088,51310,nan,1.005294680595398,51039.76076906229,50000,51510.84088375869,51507.48036506054,50,50183.719850951435,0.2570445431446145,9.323225046984537e-17,0.00325807200152806,0.033408984541893005
29.352145437005674,landing,1,-0.0040911659598350525,-0.7962051630020142,0.8151482939720154,0.0009519150480628014,0.7935038805007935,-0.6057931184768677,5.6919786784287025e-09,-1.1370011198153205,0.9872432727114592,0.38154098818518095,51310,0.2570445431446142,0.09684901316747023,0.0008227605783434152,0.035222998121753335,-2.26847930383936e-09,0.3535051335327304,-0.3536016410680336,0.0,-0.24999999999999933,0.1,0.0,0.15,0.0,3.489149570465088,51310,nan,1.005294680595398,51039.76076906229,50000,51504.559815562745,51501.24410378057,50,50183.719850951435,0.2570445431446145,9.323225046984537e-17,0.00325807200152806,0.033408984541893005
29.38827370700892,landing,1,-0.004206766840070486,-0.7839171290397644,0.8050240278244019,0.0007173961494117975,0.767960786819458,-0.6070675253868103,5.646218305943962e-09,-1.126870119519948,0.9801103256402196,0.38260775385559515,51453,0.2851913946067306,0.07529802512999133,0.0017984138438258842,15.942822996294126,-2.26847930383936e-09,0.3535051335327304,-0.3536016410680336,0.0,-0.24699999999999933,0.1,0.0,0.15,0.0,3.489149570465088,51453,nan,0.9810523390769958,52446.743104866924,50000,51514.559815562745,51511.24410378057,50,50183.719850951435,0.28519139460673126,4.74623927854921e-15,0.0037454073212490196,0.033408984541893005
29.392177428992,landing,1,-0.00455158855766058,-0.7660598754882812,0.789910078048706,-0.0003869370266329497,0.7381013035774231,-0.6076300144195557,5.601233438094319e-09,-1.1168599688479866,0.9730982611845552,0.38260775385559515,51453,0.2851913946067306,0.07529802512999133,0.0017984138438258842,0.04666499444283545,-2.26847930383936e-09,0.35350513353273044,-0.3536016410680336,0.0,-0.24399999999999933,0.1,0.0,0.15,0.0,3.489149570465088,51453,nan,0.9810523390769958,52446.743104866924,50000,51524.559815562745,51521.24410378057,50,50183.719850951435,0.28519139460673126,4.74623927854921e-15,0.0037454073212490196,0.033408984541893005
29.429814474016894,landing,1,-0.004734489135444164,-0.7544969320297241,0.7797797322273254,-0.0011944194557145238,0.7096221446990967,-0.609925389289856,5.555564907238408e-09,-1.1067432805576685,0.9659796300255733,0.3839347811124751,51632,0.32020530639775835,0.0536495561802873,0.0031722156596215973,17.48731199768372,-2.2684793038393594e-09,0.35350513353273044,-0.35360164106803355,0.0,-0.24099999999999933,0.1,0.0,0.15,0.0,3.489149570465088,51632,nan,0.9966624975204468,51804.89897879473,50000,51528.297671072505,51525.02616878076,50,50183.719850951435,0.3202053063977592,7.849879177594571e-15,0.004299995109155853,0.033408984541893005
29.43291947801481,landing,1,-0.005071887746453285,-0.737667441368103,0.7646529078483582,-0.0016338673885911703,0.6860136389732361,-0.6108052730560303,5.510543287763572e-09,-1.0967274027502865,0.9589618368709703,0.3839347811124751,51632,0.32020530639775835,0.0536495561802873,0.0031722156596215973,0.040849001379683614,-2.2684793038393594e-09,0.35350513353273044,-0.35360164106803355,0.0,-0.23799999999999932,0.1,0.0,0.15,0.0,3.489149570465088,51632,nan,0.9966624975204468,51804.89897879473,50000,51531.9856885088,51528.75780624761,50,50183.719850951435,0.3202053063977592,7.849879177594571e-15,0.004299995109155853,0.033408984541893005
29.467792748997454,landing,1,-0.005312688183039427,-0.7267798781394958,0.7545543909072876,-0.0021472107619047165,0.6617949604988098,-0.6103672385215759,5.4649355703096735e-09,-1.086620191226965,0.9518526850661593,0.3851051062087933,51789,0.35108459653807955,0.037323031901652474,0.004013047801589879,15.554702986264601,-2.2684793038393594e-09,0.35350513353273044,-0.35360164106803355,0.0,-0.23499999999999932,0.1,0.0,0.15,0.0,3.489149570465088,51789,nan,1.0061030387878418,51474.84701208701,50000,51531.223839489845,51528.038995658804,50,50183.719850951435,0.351084596538079,6.9096815688854685e-15,0.004761532166683184,0.033408984541893005
29.472200526011875,landing,1,-0.0057375468313694,-0.7109144926071167,0.7394400238990784,-0.002584718866273761,0.6418378353118896,-0.6095836758613586,5.419733547720238e-09,-1.0765762005657398,0.9448067713828532,0.3851051062087933,51789,0.35108459653807955,0.037323031901652474,0.004013047801589879,0.053669005865231156,-2.2684793038393594e-09,0.3535051335327305,-0.35360164106803355,0.0,-0.23199999999999932,0.1,0.0,0.15,0.0,3.489149570465088,51789,nan,1.0061030387878418,51474.84701208701,50000,51530.472148457804,51527.32976921118,50,50183.719850951435,0.351084596538079,6.9096815688854685e-15,0.004761532166683184,0.033408984541893005
29.508983759005787,landing,1,-0.005990816280245781,-0.70060133934021,0.7293333411216736,-0.0035751110408455133,0.621755063533783,-0.6092188954353333,5.37387642689347e-09,-1.0664301236348823,0.9376587435601808,0.3861748878097969,51933,0.3793110240051938,0.024767813867790877,0.005174730810486006,16.57687799888663,-2.268479303839359e-09,0.35350513353273044,-0.35360164106803343,0.0,-0.22899999999999932,0.1,0.0,0.15,0.0,3.489149570465088,51933,nan,0.9976187348365784,52056.9614287639,50000,51537.492005528555,51534.39152467189,50,50183.719850951435,0.37931102400519406,1.8921732538724684e-15,0.005095602017329806,0.033408984541893005
29.51217026700033,landing,1,-0.006254777777940035,-0.690453290939331,0.7192235589027405,-0.004633085802197456,0.6051374673843384,-0.6111639738082886,5.329009540408185e-09,-1.056438358415189,0.9306650695760458,0.3861748878097969,51933,0.3793110240051938,0.024767813867790877,0.005174730810486006,0.04346598871052265,-2.268479303839359e-09,0.35350513353273044,-0.35360164106803343,0.0,-0.2259999999999993,0.1,0.0,0.15,0.0,3.489149570465088,51933,nan,0.9976187348365784,52056.9614287639,50000,51544.41826450503,51541.35912339312,50,50183.719850951435,0.37931102400519406,1.8921732538724684e-15,0.005095602017329806,0.033408984541893005
29.54787593401852,landing,1,-0.0067634922452270985,-0.6755935549736023,0.7041783332824707,-0.005799491424113512,0.5872904658317566,-0.6104633808135986,5.283075180111884e-09,-1.0462802449852797,0.9235050019683352,0.387435172016487,52102,0.412563905448204,0.01485633660019256,0.006831498052823141,15.455736982403323,-2.268479303839359e-09,0.35350513353273044,-0.35360164106803343,0.0,-0.2229999999999993,0.1,0.0,0.15,0.0,3.4785923957824707,52102,nan,1.0147457122802734,51344.88312635451,50000,51541.75779599636,51538.73944343261,50,50065.25779383779,0.4125639054482035,8.744087443296792e-15,0.005425535061897025,0.033408984541893005
29.552177503996063,landing,1,-0.007066699210554361,-0.665861189365387,0.6942065358161926,-0.00725261215120554,0.5721128582954407,-0.6076123118400574,5.2382538695450265e-09,-1.036295582021755,0.9165184321792976,0.387435172016487,52102,0.412563905448204,0.01485633660019256,0.006831498052823141,0.046998990001156926,-2.268479303839359e-09,0.3535051335327305,-0.35360164106803343,0.0,-0.2199999999999993,0.1,0.0,0.15,0.0,3.4785923957824707,52102,nan,1.0147457122802734,51344.88312635451,50000,51539.13280040114,51536.15469253824,50,50065.25779383779,0.4125639054482035,8.744087443296792e-15,0.005425535061897025,0.033408984541893005
29.58573547200649,landing,1,-0.007321534678339958,-0.6562613248825073,0.6842347979545593,-0.008183850906789303,0.5579040050506592,-0.6031818985939026,5.1926486247920086e-09,-1.026188755828136,0.9094096658093849,0.38784388470909603,52157,0.4233478815064906,0.004974773983625881,0.008476101862855936,13.45858201966621,-2.268479303839359e-09,0.35350513353273055,-0.35360164106803343,0.0,-0.2169999999999993,0.1,0.0,0.15,0.0,3.4785923957824707,52157,nan,1.008806824684143,51701.67243498807,50000,51541.29999552896,51538.361595770904,50,50065.25779383779,0.4233478815064912,1.1055611611709475e-14,0.005516354082698465,0.033408984541893005
29.600299045006977,landing,1,-0.007473783101886511,-0.6515419483184814,0.6792699694633484,-0.008587198331952095,0.5466387867927551,-0.6013734936714172,5.141332891690685e-09,-1.015192044087539,0.9014107709521444,0.38784388470909603,52157,0.4233478815064906,0.004974773983625881,0.008476101862855936,0.07506899419240654,-2.268479303839359e-09,0.35350513353273055,-0.35360164106803343,0.0,-0.2139999999999993,0.1,0.0,0.15,0.0,3.4785923957824707,52157,nan,1.0101664066314697,51632.08720622996,50000,51542.510491671645,51539.61127057702,50,50065.25779383779,0.4233478815064912,1.1055611611709475e-14,0.005516354082698465,0.033408984541893005
29.625469260005048,landing,1,-0.008137468248605728,-0.6326864361763,0.6595529317855835,-0.007874956354498863,0.5365543961524963,-0.598071813583374,5.1018394564282985e-09,-1.0060376427304418,0.8952546894324415,0.388638933892983,52264,0.44432543253253165,0.001898766771204439,0.008705400994409808,13.174583989894018,-2.268479303839359e-09,0.35350513353273055,-0.35360164106803343,0.0,-0.2109999999999993,0.1,0.0,0.15,0.0,3.4785923957824707,52264,nan,1.0196079015731812,51258.920139163725,50000,51538.72928697154,51535.86872215818,50,50065.25779383779,0.4443254325325313,8.486729052935942e-15,0.0056679436390932305,0.033408984541893005
29.632227702008095,landing,1,-0.008666129782795906,-0.6187719702720642,0.6449167728424072,-0.008701001293957233,0.5223259329795837,-0.5853798985481262,5.0567199747637695e-09,-0.996006514712764,0.8882216419042078,0.388638933892983,52264,0.44432543253253165,0.001898766771204439,0.008705400994409808,0.05237699951976538,-2.2684793038393586e-09,0.35350513353273055,-0.3536016410680334,0.0,-0.2079999999999993,0.1,0.0,0.15,0.0,3.4785923957824707,52264,nan,1.0196079015731812,51258.920139163725,50000,51534.9984983341,51532.17607438492,50,50065.25779383779,0.4443254325325313,8.486729052935942e-15,0.0056679436390932305,0.033408984541893005
29.66606117700576,landing,1,-0.008995168842375278,-0.6095747947692871,0.6351515650749207,-0.008928844705224037,0.5167946815490723,-0.5797741413116455,5.011150277008805e-09,-0.9859052279332681,0.881118416460688,0.38847879920013206,52243,0.4401002427475458,-0.0005008735515573714,0.00975460285547601,13.7664939975366,-2.2684793038393586e-09,0.35350513353273055,-0.3536016410680334,0.0,-0.2049999999999993,0.1,0.0,0.15,0.0,3.4785923957824707,52243,nan,1.015228509902954,51459.35076724148,50000,51533.98986191953,51531.205070289674,50,50065.25779383779,0.4401002427475458,2.220661476255457e-16,0.005562035610722811,0.033408984541893005
29.672504009999102,landing,1,-0.009339208714663982,-0.6003997921943665,0.6255207657814026,-0.00904177501797676,0.5141878128051758,-0.5786635279655457,4.965636467852778e-09,-0.9758126504713298,0.8740239027123853,0.38847879920013206,52243,0.4401002427475458,-0.0005008735515573714,0.00975460285547601,0.08574200910516083,-2.2684793038393586e-09,0.35350513353273055,-0.3536016410680334,0.0,-0.2019999999999993,0.1,0.0,0.15,0.0,3.4785923957824707,52243,nan,1.015228509902954,51459.35076724148,50000,51532.994673990484,51530.24701291569,50,50065.25779383779,0.4401002427475458,2.220661476255457e-16,0.005562035610722811,0.033408984541893005
29.706248099013465,landing,1,-0.009840324521064758,-0.5866498351097107,0.6110734939575195,-0.009613597765564919,0.5100643038749695,-0.5733035802841187,4.920397543901531e-09,-0.9657629093406985,0.8669722369897848,0.3891443821004692,52332,0.4576617968461516,0.004425326587315322,0.010565091251294496,13.948384003015235,-2.2684793038393586e-09,0.35350513353273055,-0.3536016410680334,0.0,-0.1989999999999993,0.1,0.0,0.15,0.0,3.4785923957824707,52332,nan,1.0310760736465454,50754.74190271968,50000,51522.994673990484,51520.24701291569,50,50065.25779383779,0.45766179684615166,2.396786362110221e-16,0.005587896306707566,0.033408984541893005
29.712202943017473,landing,1,-0.010206306353211403,-0.5775377154350281,0.6015360951423645,-0.010900421999394894,0.5098958611488342,-0.5708945989608765,4.875258385405966e-09,-0.9557287150130168,0.8599361223144392,0.3891443821004692,52332,0.4576617968461516,0.004425326587315322,0.010565091251294496,0.053499999921768904,-2.2684793038393586e-09,0.3535051335327306,-0.3536016410680334,0.0,-0.19599999999999929,0.1,0.0,0.15,0.0,3.4785923957824707,52332,nan,1.0136741399765015,51626.05805571121,50000,51524.36885241343,51521.65782681963,50,50065.25779383779,0.45766179684615166,2.396786362110221e-16,0.005587896306707566,0.033408984541893005
29.74643365101656,landing,1,-0.010771931149065495,-0.5637644529342651,0.587352454662323,-0.012072714976966381,0.5077067613601685,-0.5660326480865479,4.8295229912076344e-09,-0.9456016071721431,0.8528070687603457,0.3897640400940733,52415,0.4740116119808242,0.011801179887131093,0.0124274335875627,14.055048988666385,-2.2684793038393586e-09,0.35350513353273066,-0.3536016410680334,0.0,-0.19299999999999928,0.1,0.0,0.15,0.0,3.4680352210998535,52415,nan,1.0071687698364258,52041.92342909195,50000,51531.269580102475,51528.594701516595,50,49946.79573672414,0.47401161198082475,1.298911562287477e-16,0.005558180469087779,0.033408984541893005
29.75220077999984,landing,1,-0.011135629378259182,-0.5546138286590576,0.5779474377632141,-0.013314841315150261,0.5088487863540649,-0.5669077634811401,4.7845060447301134e-09,-0.9355864575744202,0.845790004014204,0.3897640400940733,52415,0.4740116119808242,0.011801179887131093,0.0124274335875627,0.047102977987378836,-2.2684793038393586e-09,0.35350513353273066,-0.3536016410680334,0.0,-0.18999999999999928,0.1,0.0,0.15,0.0,3.4680352210998535,52415,nan,1.017109751701355,51533.278402181866,50000,51531.29636439687,51528.6571508588,50,49946.79573672414,0.47401161198082475,1.298911562287477e-16,0.005558180469087779,0.033408984541893005
29.788645307999104,landing,1,-0.011511638760566711,-0.5454006791114807,0.5686030387878418,-0.014738527126610279,0.5100181102752686,-0.5638123750686646,4.738829608269265e-09,-0.9254685373257923,0.8386701405605854,0.39051688943948654,52517,0.4938757108043923,0.01946482908638826,0.014297338789881722,16.314462991431355,-2.2684793038393586e-09,0.35350513353273066,-0.3536016410680334,0.0,-0.18699999999999928,0.1,0.0,0.15,0.0,3.4680352210998535,52517,nan,1.0347044467926025,50755.55649035166,50000,51521.29636439687,51518.6571508588,50,49946.79573672414,0.4938757108043921,1.051476229790043e-16,0.005524881262968735,0.033408984541893005
29.792447920015547,landing,1,-0.012115866877138615,-0.5315815806388855,0.5547040104866028,-0.015432296320796013,0.51226407289505,-0.5594579577445984,4.6938494747508525e-09,-0.91545912442137,0.8316588140738721,0.39051688943948654,52517,0.4938757108043923,0.01946482908638826,0.014297338789881722,0.0339339894708246,-2.268479303839358e-09,0.35350513353273066,-0.3536016410680333,0.0,-0.18399999999999928,0.1,0.0,0.15,0.0,3.4680352210998535,52517,nan,1.0347044467926025,50755.55649035166,50000,51511.29636439687,51508.6571508588,50,49946.79573672414,0.4938757108043921,1.051476229790043e-16,0.005524881262968735,0.033408984541893005
29.826442885008873,landing,1,-0.01249979343265295,-0.5223456025123596,0.5454733967781067,-0.01522247213870287,0.5122745037078857,-0.5536676049232483,4.648195389583432e-09,-0.9053446872536564,0.8245424346520553,0.39089909846608417,52568,0.5039603816908738,0.02951049433400882,0.015066697074823016,14.165832981234416,-2.268479303839358e-09,0.3535051335327307,-0.3536016410680333,0.0,-0.18099999999999927,0.1,0.0,0.15,0.0,3.4680352210998535,52568,nan,1.023788332939148,51346.55114606053,50000,51509.09976148572,51506.4957374615,50,49946.79573672414,0.503960381690873,1.9594981498551547e-16,0.005420889051274899,0.033408984541893005
29.832197142008226,landing,1,-0.013096406124532223,-0.5084274411201477,0.5318432450294495,-0.016423210501670837,0.5165562629699707,-0.5461021661758423,4.603052304396877e-09,-0.8953098810158638,0.817505707899546,0.39089909846608417,52568,0.5039603816908738,0.02951049433400882,0.015066697074823016,0.04735699621960521,-2.268479303839358e-09,0.3535051335327307,-0.3536016410680333,0.0,-0.17799999999999927,0.1,0.0,0.15,0.0,3.4680352210998535,52568,nan,1.023788332939148,51346.55114606053,50000,51506.932446613384,51504.36314290949,50,49946.79573672414,0.503960381690873,1.9594981498551547e-16,0.005420889051274899,0.033408984541893005
29.866267697012518,landing,1,-0.013447979465126991,-0.499153733253479,0.5228363871574402,-0.016700327396392822,0.5192559361457825,-0.5411697030067444,4.557446199846684e-09,-0.8852029208370177,0.8103968075078279,0.3910908400859086,52594,0.5090195273326792,0.042304251002382526,0.016384720808650333,13.984207005705684,-2.268479303839358e-09,0.3535051335327307,-0.3536016410680333,0.0,-0.17499999999999927,0.1,0.0,0.15,0.0,3.4680352210998535,52594,nan,1.0375148057937622,50692.28863655818,50000,51496.932446613384,51494.36314290949,50,49946.79573672414,0.5090195273326789,5.568525963188321e-17,0.005268339467754604,0.033408984541893005
29.872188539011404,landing,1,-0.013796895742416382,-0.4898429214954376,0.5138704776763916,-0.016331329941749573,0.5222510099411011,-0.5374060273170471,4.5123434958138255e-09,-0.8751744073368778,0.8033663752108999,0.3910908400859086,52594,0.5090195273326792,0.042304251002382526,0.016384720808650333,0.04711601650342345,-2.2684793038393578e-09,0.35350513353273066,-0.35360164106803327,0.0,-0.17199999999999926,0.1,0.0,0.15,0.0,3.4680352210998535,52594,nan,1.0375148057937622,50692.28863655818,50000,51486.932446613384,51484.36314290949,50,49946.79573672414,0.5090195273326789,5.568525963188321e-17,0.005268339467754604,0.033408984541893005
29.90529943999718,landing,1,-0.014312327839434147,-0.47574809193611145,0.5005676746368408,-0.015576486475765705,0.5229367017745972,-0.5288631319999695,4.466623093961485e-09,-0.8650496358061754,0.7962396586047948,0.39129390098432204,52621,0.5143773346786809,0.053325851410577364,0.016184672301815337,12.984792003408074,-2.2684793038393578e-09,0.3535051335327307,-0.35360164106803327,0.0,-0.16899999999999926,0.1,0.0,0.15,0.0,3.4680352210998535,52621,nan,1.0137513875961304,51907.20391986654,50000,51492.53606625676,51490.00101993559,50,49946.79573672414,0.5143773346786803,6.197866287352413e-17,0.005058142723101487,0.033408984541893005
29.912215595017187,landing,1,-0.014620868489146233,-0.4664316773414612,0.4918164610862732,-0.014741374179720879,0.5277026295661926,-0.524662435054779,4.421591744973492e-09,-0.8550322418144309,0.7892203488519081,0.39129390098432204,52621,0.5143773346786809,0.053325851410577364,0.016184672301815337,0.06466099875979125,-2.2684793038393578e-09,0.3535051335327307,-0.35360164106803327,0.0,-0.16599999999999926,0.1,0.0,0.15,0.0,3.4680352210998535,52621,nan,1.0137513875961304,51907.20391986654,50000,51498.064970971565,51495.563725268,50,49946.79573672414,0.5143773346786803,6.197866287352413e-17,0.005058142723101487,0.033408984541893005
29.949358475016197,landing,1,-0.01513142604380846,-0.4523554742336273,0.4788603186607361,-0.013306280598044395,0.5278757810592651,-0.5197511911392212,4.375989585270185e-09,-0.844925896374993,0.7821120633674232,0.39171085016450846,52677,0.5253786323089287,0.06500773037858941,0.015304394986971882,17.076310992706567,-2.2684793038393578e-09,0.3535051335327307,-0.35360164106803327,0.0,-0.16299999999999926,0.1,0.0,0.15,0.0,3.4680352210998535,52677,nan,1.039128303527832,50693.45125251811,50000,51488.064970971565,51485.563725268,50,49946.79573672414,0.5253786323089282,8.3600227391211e-17,0.004870718015874922,0.033408984541893005
29.952169088996015,landing,1,-0.015384823083877563,-0.44300156831741333,0.47024524211883545,-0.011945677921175957,0.5318955183029175,-0.5164196491241455,4.330853824964007e-09,-0.8348922315991529,0.7750764783884876,0.39171085016450846,52677,0.5253786323089287,0.06500773037858941,0.015304394986971882,0.037255987990647554,-2.2684793038393578e-09,0.3535051335327308,-0.35360164106803327,0.0,-0.15999999999999925,0.1,0.0,0.15,0.0,3.4680352210998535,52677,nan,1.039128303527832,50693.45125251811,50000,51478.064970971565,51475.563725268,50,49946.79573672414,0.5253786323089282,8.3600227391211e-17,0.004870718015874922,0.033408984541893005
29.98534231900703,landing,1,-0.015588890761137009,-0.43369439244270325,0.4617159366607666,-0.010156148113310337,0.5309498906135559,-0.5081751346588135,4.285342615468086e-09,-0.8248000592514211,0.7679823698649884,0.39171801423971064,52678,0.5255676580398578,0.0732575819643598,0.01375748477101353,13.119387003825977,-2.2684793038393574e-09,0.3535051335327308,-0.3536016410680332,0.0,-0.15699999999999925,0.1,0.0,0.15,0.0,3.4680352210998535,52678,nan,1.0228288173675537,51502.264216193034,50000,51478.38762757452,51475.91973181367,50,49946.79573672414,0.5255676580398582,1.421836753317167e-16,0.004681693488677095,0.033408984541893005
29.992243090993725,landing,1,-0.015922361984848976,-0.41981586813926697,0.44918933510780334,-0.008187439292669296,0.5307344794273376,-0.505168080329895,4.240048236282615e-09,-0.814741676335984,0.7609220599983595,0.39171801423971064,52678,0.5255676580398578,0.0732575819643598,0.01375748477101353,0.05588700878433883,-2.2684793038393574e-09,0.3535051335327308,-0.3536016410680332,0.0,-0.15399999999999925,0.1,0.0,0.15,0.0,3.4680352210998535,52678,nan,1.0228288173675537,51502.264216193034,50000,51478.705982089436,51476.2709916054,50,49946.79573672414,0.5255676580398582,1.421836753317167e-16,0.004681693488677095,0.033408984541893005
30.02754283999093,landing,1,-0.01604866050183773,-0.4106416404247284,0.44082173705101013,-0.006250348873436451,0.5275096297264099,-0.49759069085121155,4.19442696700446e-09,-0.8046323529840755,0.7538107957884284,0.392009012676985,52717,0.5332457170708427,0.08002225613075495,0.011775880776636726,15.206256997771561,-2.2684793038393574e-09,0.3535051335327308,-0.3536016410680332,0.0,-0.15099999999999925,0.1,0.0,0.15,0.0,3.4680352210998535,52717,nan,1.0224369764328003,51560.14621451323,50000,51479.79185185509,51477.38932791084,50,49946.79573672414,0.533245717070843,8.651019022859925e-17,0.0044290904909842785,0.033408984541893005
30.032165242009796,landing,1,-0.016209676861763,-0.3969559073448181,0.42843684554100037,-0.003965041600167751,0.5245641469955444,-0.49494826793670654,4.14940397732072e-09,-0.7946162616522059,0.7467927890510448,0.392009012676985,52717,0.5332457170708427,0.08002225613075495,0.011775880776636726,0.04905698006041348,-2.2684793038393574e-09,0.3535051335327308,-0.3536016410680332,0.0,-0.14799999999999924,0.1,0.0,0.15,0.0,3.4680352210998535,52717,nan,1.0224369764328003,51560.14621451323,50000,51480.8632433572,51478.49275306554,50,49946.79573672414,0.533245717070843,8.651019022859925e-17,0.0044290904909842785,0.033408984541893005
30.067038181994576,landing,1,-0.016318466514348984,-0.3878836929798126,0.420309841632843,-0.0015698979841545224,0.5201882123947144,-0.4897318184375763,4.103777567613478e-09,-0.784506137249096,0.7396807235712244,0.39251105939691666,52785,0.5464923323724697,0.08438738937981016,0.009257241103877085,14.754959993297234,-2.268479303839357e-09,0.3535051335327308,-0.35360164106803316,0.0,-0.14499999999999924,0.1,0.0,0.15,0.0,3.4680352210998535,52785,nan,1.0277923345565796,51357.650981871775,50000,51479.220413204064,51476.88152944963,50,49946.79573672414,0.5464923323724705,9.843094262626152e-17,0.004136668103026583,0.033408984541893005
30.072723979013972,landing,1,-0.01635565795004368,-0.3745476305484772,0.40815824270248413,0.0011811400763690472,0.5155776739120483,-0.4840042293071747,4.058575821785907e-09,-0.7744621897166484,0.7326348530284701,0.39251105939691666,52785,0.5464923323724697,0.08438738937981016,0.009257241103877085,0.04842400085180998,-2.268479303839357e-09,0.3535051335327308,-0.35360164106803316,0.0,-0.14199999999999924,0.1,0.0,0.15,0.0,3.4680352210998535,52785,nan,1.0277923345565796,51357.650981871775,50000,51477.59948745297,51475.291788815266,50,49946.79573672414,0.5464923323724705,9.843094262626152e-17,0.004136668103026583,0.033408984541893005
30.108420222997665,landing,1,-0.01633811742067337,-0.36570313572883606,0.4001680910587311,0.0037882784381508827,0.5099309682846069,-0.4795912206172943,4.013080012978565e-09,-0.7643724173125541,0.7255431451037972,0.3928413774087495,52829,0.5552078471965558,0.08682702135664182,0.006237546299176013,16.173253010492772,-2.268479303839357e-09,0.3535051335327308,-0.35360164106803316,0.0,-0.13899999999999924,0.1,0.0,0.15,0.0,3.4680352210998535,52829,nan,1.039608120918274,50816.26329865214,50000,51468.78167160229,51466.50474227976,50,49946.79573672414,0.5552078471965554,1.153308165693719e-16,0.003809603409685312,0.033408984541893005
30.112128508015303,landing,1,-0.01630558632314205,-0.3569876551628113,0.39228615164756775,0.006699099205434322,0.5041249990463257,-0.4773086607456207,3.96793309854866e-09,-0.7543370143502601,0.7185058214638798,0.3928413774087495,52829,0.5552078471965558,0.08682702135664182,0.006237546299176013,0.0388530024792999,-2.268479303839357e-09,0.35350513353273083,-0.35360164106803316,0.0,-0.13599999999999923,0.1,0.0,0.15,0.0,3.4680352210998535,52829,nan,1.039608120918274,nan,50000,51468.78167160229,51466.50474227976,50,49946.79573672414,0.5552078471965554,1.153308165693719e-16,0.003809603409685312,0.033408984541893005
30.14919599200948,landing,1,-0.016185279935598373,-0.34415847063064575,0.38054198026657104,0.009768668562173843,0.49595800042152405,-0.46995604038238525,3.922337263434937e-09,-0.7442316544939311,0.7113985218315702,0.3932224239955665,52881,0.5652618468487187,0.086829918900462,0.002783615756240767,16.96361499489285,-2.268479303839357e-09,0.3535051335327309,-0.35360164106803316,0.0,-0.13299999999999923,0.1,0.0,0.15,0.0,3.4574780464172363,52881,nan,1.0259346961975098,nan,50000,51468.78167160229,51466.50474227976,50,49828.33367961049,0.565261846848718,1.373886321770264e-16,0.0034324855735273054,0.033408984541893005
30.152120498998556,landing,1,-0.016026828438043594,-0.3357653319835663,0.3728284239768982,0.012707065790891647,0.49042758345603943,-0.46636343002319336,3.8772045292873474e-09,-0.734198461295061,0.7043634085583457,0.3932224239955665,52881,0.5652618468487187,0.086829918900462,0.002783615756240767,0.03654998727142811,-2.268479303839357e-09,0.3535051335327309,-0.35360164106803316,0.0,-0.12999999999999923,0.1,0.0,0.15,0.0,3.4574780464172363,52881,nan,1.0259346961975098,nan,50000,51468.78167160229,51466.50474227976,50,49828.33367961049,0.565261846848718,1.373886321770264e-16,0.0034324855735273054,0.033408984541893005
30.18976651399862,landing,1,-0.015769973397254944,-0.32347458600997925,0.3613538146018982,0.015409455634653568,0.48059287667274475,-0.45962706208229065,3.830996858067433e-09,-0.7239977568596334,0.6971607383176959,0.39357022537023456,52927,0.5744386641222832,0.08561504417996255,-0.0006067782104645236,17.24394698976539,-2.268479303839357e-09,0.3535051335327309,-0.35360164106803316,0.0,-0.12699999999999922,0.1,0.0,0.15,0.0,3.4574780464172363,52927,nan,1.020941972732544,nan,50000,51468.78167160229,51466.50474227976,50,49828.33367961049,0.5744386641222837,1.7316157078369276e-16,0.0030300292934413147,0.033408984541893005
30.19218019701657,landing,1,-0.015584593638777733,-0.31542298197746277,0.35385847091674805,0.017886532470583916,0.4721035659313202,-0.4553256630897522,3.786356070906233e-09,-0.7140412254953323,0.6902023078078592,0.39357022537023456,52927,0.5744386641222832,0.08561504417996255,-0.0006067782104645236,0.040431012166664004,-2.2684793038393565e-09,0.35350513353273083,-0.35360164106803305,0.0,-0.12399999999999922,0.1,0.0,0.15,0.0,3.4574780464172363,52927,nan,1.020941972732544,nan,50000,51468.78167160229,51466.50474227976,50,49828.33367961049,0.5744386641222837,1.7316157078369276e-16,0.0030300292934413147,0.033408984541893005
30.230273457011208,landing,1,-0.015413881279528141,-0.30756792426109314,0.34642115235328674,0.019940171390771866,0.46056273579597473,-0.4505405128002167,3.7408265071207036e-09,-0.7039461929338933,0.6831053382898093,0.39380988416592383,52960,0.5807621151958777,0.07935424600890102,-0.0033374772990325346,17.99895500880666,-2.2684793038393565e-09,0.3535051335327309,-0.35360164106803305,0.0,-0.12099999999999922,0.1,0.0,0.15,0.0,3.4574780464172363,52960,nan,1.027783751487732,nan,50000,51468.78167160229,51466.50474227976,50,49828.33367961049,0.5807621151958783,2.1792767986279892e-16,0.0026779240396188316,0.033408984541893005
30.23350980199757,landing,1,-0.0150298485532403,-0.2960340976715088,0.33535149693489075,0.02107367478311062,0.4503309428691864,-0.44606661796569824,3.694199285183352e-09,-0.6936801084299147,0.6758372701317326,0.39380988416592383,52960,0.5807621151958777,0.07935424600890102,-0.0033374772990325346,0.042374012991786,-2.2684793038393565e-09,0.3535051335327309,-0.35360164106803305,0.0,-0.11799999999999922,0.1,0.0,0.15,0.0,3.4574780464172363,52960,nan,1.027783751487732,nan,50000,51468.78167160229,51466.50474227976,50,49828.33367961049,0.5807621151958783,2.1792767986279892e-16,0.0026779240396188316,0.033408984541893005
30.268391935998807,landing,1,-0.014816448092460632,-0.28854554891586304,0.3280472457408905,0.022801296785473824,0.4366318881511688,-0.4415142238140106,3.6500352211913913e-09,-0.6837978665190441,0.66895314935648,0.3943916320245715,53038,0.596111662917453,0.07243750912699198,-0.005244878636736202,16.115049016661942,-2.2684793038393565e-09,0.3535051335327309,-0.35360164106803305,0.0,-0.11499999999999921,0.1,0.0,0.15,0.0,3.4574780464172363,53038,nan,1.031875491142273,nan,50000,51468.78167160229,51466.50474227976,50,49828.33367961049,0.5961116629174528,2.655941191190584e-16,0.0021957503203878124,0.033408984541893005
30.27234264399158,landing,1,-0.01443411223590374,-0.2776145935058594,0.31721869111061096,0.022875143215060234,0.42504021525382996,-0.43557944893836975,3.604753382183695e-09,-0.6737414377837536,0.6618947942034927,0.3943916320245715,53038,0.596111662917453,0.07243750912699198,-0.005244878636736202,0.10189402382820845,-2.2684793038393565e-09,0.35350513353273094,-0.35360164106803305,0.0,-0.11199999999999921,0.1,0.0,0.15,0.0,3.4574780464172363,53038,nan,1.031875491142273,nan,50000,51468.78167160229,51466.50474227976,50,49828.33367961049,0.5961116629174528,2.655941191190584e-16,0.0021957503203878124,0.033408984541893005
30.306630375009263,landing,1,-0.01416268665343523,-0.27055084705352783,0.31015506386756897,0.023801565170288086,0.4107564687728882,-0.42792612314224243,3.55936943204468e-09,-0.6636690967106029,0.6548205223685482,0.3946301042597394,53070,0.6024038063255759,0.06398161842547635,-0.006136868238010847,14.405666006496176,-2.2684793038393565e-09,0.353505133532731,-0.35360164106803305,0.0,-0.10899999999999921,0.1,0.0,0.15,0.0,3.4574780464172363,53070,nan,1.0394188165664673,nan,50000,51468.78167160229,51466.50474227976,50,49828.33367961049,0.6024038063255761,3.51902556234565e-16,0.0017681711191456016,0.033408984541893005
30.312173654005164,landing,1,-0.01390579529106617,-0.26370036602020264,0.30310550332069397,0.024030830711126328,0.40068909525871277,-0.42301344871520996,3.5141702972329028e-09,-0.6536255560619586,0.647775058820677,0.3946301042597394,53070,0.6024038063255759,0.06398161842547635,-0.006136868238010847,0.04390999674797058,-2.2684793038393565e-09,0.353505133532731,-0.35360164106803305,0.0,-0.1059999999999992,0.1,0.0,0.15,0.0,3.4574780464172363,53070,nan,1.0394188165664673,nan,50000,51468.78167160229,51466.50474227976,50,49828.33367961049,0.6024038063255761,3.51902556234565e-16,0.0017681711191456016,0.033408984541893005
30.34967272100039,landing,1,-0.013559579849243164,-0.25363412499427795,0.2927655279636383,0.024200713261961937,0.3868309557437897,-0.4142109155654907,3.4686981441705415e-09,-0.6435394700160666,0.6406870382605889,0.39494283919115497,53112,0.6106553876294178,0.056071066919676144,-0.006663407961047067,17.471587023464963,-2.2684793038393565e-09,0.353505133532731,-0.35360164106803305,0.0,-0.1029999999999992,0.1,0.0,0.15,0.0,3.462756633758545,53112,nan,1.023546576499939,nan,50000,51468.78167160229,51466.50474227976,50,49887.564708167316,0.6106553876294185,3.110296324694445e-16,0.0014185500143630743,0.033408984541893005
30.352165048010647,landing,1,-0.013296656310558319,-0.24718740582466125,0.2858641743659973,0.023992622271180153,0.37588655948638916,-0.412349134683609,3.4234282305490004e-09,-0.633484899655776,0.6336305419899408,0.39494283919115497,53112,0.6106553876294178,0.056071066919676144,-0.006663407961047067,0.03610801650211215,-2.268479303839356e-09,0.35350513353273094,-0.353601641068033,0.0,-0.0999999999999992,0.1,0.0,0.15,0.0,3.462756633758545,53112,nan,1.023546576499939,nan,50000,51468.78167160229,51466.50474227976,50,49887.564708167316,0.6106553876294185,3.110296324694445e-16,0.0014185500143630743,0.033408984541893005
30.3921988850052,landing,1,-0.013055365532636642,-0.24076399207115173,0.27918142080307007,0.023705583065748215,0.3610817790031433,-0.40740352869033813,3.377745052111042e-09,-0.623365928781068,0.6265096276234194,0.39570499029074285,53214,0.630764915323029,0.04503814782282586,-0.006629912129368799,19.873647979693487,-2.268479303839356e-09,0.353505133532731,-0.353601641068033,0.0,-0.0969999999999992,0.1,0.0,0.15,0.0,3.462756633758545,53214,nan,1.0242455005645752,nan,50000,51468.78167160229,51466.50474227976,50,49887.564708167316,0.6307649153230296,3.7391638539698935e-16,0.0014481816934063948,0.033408984541893005
30.39254087099107,landing,1,-0.013055365532636642,-0.24076399207115173,0.27918142080307007,0.023006556555628777,0.34973523020744324,-0.4051365554332733,3.3318914043419684e-09,-0.6132203930690452,0.6193621411673349,0.39570499029074285,53214,0.630764915323029,0.04503814782282586,-0.006629912129368799,0.03396300598978996,-2.268479303839356e-09,0.353505133532731,-0.353601641068033,0.0,-0.0939999999999992,0.1,0.0,0.15,0.0,3.462756633758545,53214,nan,1.0242455005645752,nan,50000,51468.78167160229,51466.50474227976,50,49887.564708167316,0.6307649153230296,3.7391638539698935e-16,0.0014481816934063948,0.033408984541893005
30.42973010399146,landing,1,-0.012410500086843967,-0.2255854606628418,0.2623540759086609,0.02320992574095726,0.3353162109851837,-0.40090054273605347,3.2869219507813207e-09,-0.6032126444601222,0.6123524794304767,0.3970854256263658,53400,0.6671880112497561,0.0351574922132943,-0.006657298532758842,17.385489016305655,-2.268479303839356e-09,0.353505133532731,-0.353601641068033,0.0,-0.09099999999999919,0.1,0.0,0.15,0.0,3.462756633758545,53400,nan,1.023674488067627,nan,50000,51468.78167160229,51466.50474227976,50,49887.564708167316,0.6671880112497566,3.5288078082908846e-16,0.0016362789037644163,0.033408984541893005
30.432686671003466,landing,1,-0.012007886543869972,-0.2168598473072052,0.2524545192718506,0.022322963923215866,0.3243582546710968,-0.39741531014442444,3.24190090067536e-09,-0.5931968553795008,0.6053347750268567,0.3970854256263658,53400,0.6671880112497561,0.0351574922132943,-0.006657298532758842,0.0330589828081429,-2.2684793038393557e-09,0.353505133532731,-0.35360164106803293,0.0,-0.08799999999999919,0.1,0.0,0.15,0.0,3.462756633758545,53400,nan,1.023674488067627,nan,50000,51468.78167160229,51466.50474227976,50,49887.564708167316,0.6671880112497566,3.5288078082908846e-16,0.0016362789037644163,0.033408984541893005
30.466444268997293,landing,1,-0.011703358963131905,-0.21124941110610962,0.2459833174943924,0.023173807188868523,0.3115657866001129,-0.39234358072280884,3.1964937145556585e-09,-0.5831208933614991,0.5982568812585367,0.39844204577106307,53582,0.7029827380227704,0.026042444262768014,-0.006971899016386881,14.25216399366036,-2.2684793038393557e-09,0.35350513353273105,-0.35360164106803293,0.0,-0.08499999999999919,0.1,0.0,0.15,0.0,3.462756633758545,53582,nan,1.0404953956604004,nan,50000,51468.78167160229,51466.50474227976,50,49887.564708167316,0.7029827380227707,3.920039342802991e-16,0.001878723788293502,0.033408984541893005
30.47232512701885,landing,1,-0.011412297375500202,-0.20288482308387756,0.2364121675491333,0.022520355880260468,0.3032374680042267,-0.3888728618621826,3.1510692267261213e-09,-0.5730422351570099,0.5911762905676652,0.39844204577106307,53582,0.7029827380227704,0.026042444262768014,-0.006971899016386881,0.05497797974385321,-2.2684793038393557e-09,0.35350513353273105,-0.35360164106803293,0.0,-0.08199999999999918,0.1,0.0,0.15,0.0,3.462756633758545,53582,nan,1.0404953956604004,nan,50000,51468.78167160229,51466.50474227976,50,49887.564708167316,0.7029827380227707,3.920039342802991e-16,0.001878723788293502,0.033408984541893005
30.506993980990956,landing,1,-0.011217693798244,-0.19759663939476013,0.23009701073169708,0.02217528037726879,0.29351964592933655,-0.37998855113983154,3.105702510294864e-09,-0.5629725796733429,0.5841047050553749,0.3994964277151844,53724,0.7308028420892967,0.01982196467243618,-0.006644500302327022,14.784141996642575,-2.2684793038393557e-09,0.35350513353273105,-0.35360164106803293,0.0,-0.07899999999999918,0.1,0.0,0.15,0.0,3.462756633758545,53724,nan,1.0374363660812378,nan,50000,51468.78167160229,51466.50474227976,50,49887.564708167316,0.730802842089297,4.609702088611392e-16,0.002127336380021332,0.033408984541893005
30.512169758003438,landing,1,-0.010997211560606956,-0.19224131107330322,0.22383973002433777,0.02116500772535801,0.28817546367645264,-0.3757469654083252,3.060488017840485e-09,-0.5529266457890671,0.5770568476185152,0.3994964277151844,53724,0.7308028420892967,0.01982196467243618,-0.006644500302327022,0.042176980059593916,-2.2684793038393557e-09,0.3535051335327311,-0.35360164106803293,0.0,-0.07599999999999918,0.1,0.0,0.15,0.0,3.462756633758545,53724,nan,1.0374363660812378,nan,50000,51468.78167160229,51466.50474227976,50,49887.564708167316,0.730802842089297,4.609702088611392e-16,0.002127336380021332,0.033408984541893005
30.547170759004075,landing,1,-0.010755159892141819,-0.1844048947095871,0.21482890844345093,0.01965165138244629,0.28160038590431213,-0.3675881028175354,3.0150161982524033e-09,-0.5428406117096489,0.5699688790390876,0.4006874715329146,53884,0.762228800340754,0.01678607514732795,-0.0054617418771706365,14.969524025218561,-2.2684793038393553e-09,0.35350513353273105,-0.3536016410680329,0.0,-0.07299999999999918,0.1,0.0,0.15,0.0,3.4521994590759277,53884,nan,1.0340358018875122,nan,50000,51468.78167160229,51466.50474227976,50,49769.10265105367,0.7622288003407547,5.362819575137688e-16,0.002421928211121489,0.033408984541893005
30.55216658799327,landing,1,-0.010655978694558144,-0.1790756732225418,0.208929181098938,0.017711186781525612,0.2783222794532776,-0.3611662983894348,2.9697356726751766e-09,-0.5327843876508627,0.5629107286184811,0.4006874715329146,53884,0.762228800340754,0.01678607514732795,-0.0054617418771706365,0.039470993215218186,-2.2684793038393553e-09,0.35350513353273105,-0.3536016410680329,0.0,-0.06999999999999917,0.1,0.0,0.15,0.0,3.4521994590759277,53884,nan,1.0340358018875122,nan,50000,51468.78167160229,51466.50474227976,50,49769.10265105367,0.7622288003407547,5.362819575137688e-16,0.002421928211121489,0.033408984541893005
30.59117740500369,landing,1,-0.010340820997953415,-0.17146123945713043,0.2001592516899109,0.01584976352751255,0.27312377095222473,-0.3526168763637543,2.923439476281281e-09,-0.5225698880252403,0.5556942594215251,0.4016526573026876,54014,0.7876954433426793,0.015550690533241564,-0.0035591321314830007,18.595542991533875,-2.2684793038393553e-09,0.35350513353273105,-0.3536016410680329,0.0,-0.06699999999999917,0.1,0.0,0.15,0.0,3.4521994590759277,54014,nan,1.022627592086792,nan,50000,51468.78167160229,51466.50474227976,50,49769.10265105367,0.78769544334268,5.631531790953634e-16,0.0027243139900964275,0.033408984541893005
30.59368619401357,landing,1,-0.010234734043478966,-0.166266530752182,0.19443561136722565,0.014264065772294998,0.26978588104248047,-0.3480495810508728,2.8772979017628597e-09,-0.5123794836720073,0.5485018920750111,0.4016526573026876,54014,0.7876954433426793,0.015550690533241564,-0.0035591321314830007,0.03802499850280583,-2.2684793038393553e-09,0.3535051335327311,-0.3536016410680329,0.0,-0.06399999999999917,0.1,0.0,0.15,0.0,3.4521994590759277,54014,nan,1.022627592086792,nan,50000,51468.78167160229,51466.50474227976,50,49769.10265105367,0.78769544334268,5.631531790953634e-16,0.0027243139900964275,0.033408984541893005
30.628754489996936,landing,1,-0.010229891166090965,-0.16122913360595703,0.18885816633701324,0.013151785358786583,0.2652980089187622,-0.3435196280479431,2.833360154899703e-09,-0.5025325095578068,0.5416530487246007,0.40295854864780867,54190,0.8221516793617045,0.013312064075257202,-0.002119591329849627,16.470853006467223,-2.2684793038393553e-09,0.35350513353273116,-0.3536016410680329,0.0,-0.060999999999999166,0.1,0.0,0.15,0.0,3.4521994590759277,54190,nan,1.047846794128418,nan,50000,51468.78167160229,51466.50474227976,50,49769.10265105367,0.8221516793617053,6.916508690151156e-16,0.00308098531238457,0.033408984541893005
30.632132921018638,landing,1,-0.010035539977252483,-0.15367788076400757,0.18060196936130524,0.011490213684737682,0.26455023884773254,-0.3356667757034302,2.788313534493106e-09,-0.4925127357670207,0.5346313585229827,0.40295854864780867,54190,0.8221516793617045,0.013312064075257202,-0.002119591329849627,0.03408000338822603,-2.2684793038393553e-09,0.35350513353273116,-0.3536016410680329,0.0,-0.05799999999999916,0.1,0.0,0.15,0.0,3.4521994590759277,54190,nan,1.047846794128418,nan,50000,51468.78167160229,51466.50474227976,50,49769.10265105367,0.8221516793617053,6.916508690151156e-16,0.00308098531238457,0.033408984541893005
30.6689280240098,landing,1,-0.009999449364840984,-0.14858409762382507,0.17537710070610046,0.010974474251270294,0.2599954307079315,-0.32579749822616577,2.742513007638307e-09,-0.48237547807448977,0.5274921523463043,0.4037075878459332,54291,0.8419152465945423,0.01369149096970675,-0.0010356589706403234,16.601837996859103,-2.2684793038393553e-09,0.35350513353273116,-0.3536016410680329,0.0,-0.05499999999999916,0.1,0.0,0.15,0.0,3.4521994590759277,54291,nan,1.0497379302978516,nan,50000,51468.78167160229,51466.50474227976,50,49769.10265105367,0.841915246594543,6.826500948025649e-16,0.003437042978774745,0.033408984541893005
30.672553134994814,landing,1,-0.00988419447094202,-0.14102628827095032,0.16746756434440613,0.00927494652569294,0.2610805928707123,-0.31535401940345764,2.697353965928695e-09,-0.4723381852754116,0.520452938353674,0.4037075878459332,54291,0.8419152465945423,0.01369149096970675,-0.0010356589706403234,0.07253300282172859,-2.268479303839355e-09,0.35350513353273116,-0.3536016410680328,0.0,-0.05199999999999916,0.1,0.0,0.15,0.0,3.4521994590759277,54291,nan,1.0497379302978516,nan,50000,51468.78167160229,51466.50474227976,50,49769.10265105367,0.841915246594543,6.826500948025649e-16,0.003437042978774745,0.033408984541893005
30.717409747012425,landing,1,-0.00987583864480257,-0.13601884245872498,0.1625041514635086,0.00888470746576786,0.2576265037059784,-0.3050784766674042,2.6516255472913178e-09,-0.46221216446081237,0.5133249721226152,0.40402232379241854,54333,0.8502196251297747,0.015653705238329194,4.953775166605734e-05,24.993094004457816,-2.268479303839355e-09,0.35350513353273116,-0.3536016410680328,0.0,-0.048999999999999155,0.1,0.0,0.15,0.0,3.4521994590759277,54333,nan,1.0389370918273926,nan,50000,51468.78167160229,51466.50474227976,50,49769.10265105367,0.8502196251297753,0.0,0.003780276026513419,0.033408984541893005
30.717803005012684,landing,1,-0.00987583864480257,-0.13601884245872498,0.1625041514635086,0.007334602996706963,0.26044055819511414,-0.2950153946876526,2.5940961476185354e-09,-0.4502471551354177,0.5043575153335997,0.40402232379241854,54333,0.8502196251297747,0.015653705238329194,4.953775166605734e-05,0.03284201375208795,-2.268479303839355e-09,0.35350513353273116,-0.3536016410680328,0.0,-0.04599999999999915,0.1,0.0,0.15,0.0,3.4521994590759277,54333,nan,1.0389370918273926,nan,50000,51468.78167160229,51466.50474227976,50,49769.10265105367,0.8502196251297753,0.0,0.003780276026513419,0.033408984541893005
30.74739242499345,landing,1,-0.009816895239055157,-0.1233089491724968,0.15048812329769135,0.007056789472699165,0.25748759508132935,-0.28578051924705505,2.5612040234651613e-09,-0.442121459379087,0.499230420253137,0.40455213602165024,54404,0.8641988396213769,0.01889690139886171,0.0010212233230664377,15.144418983254582,-2.268479303839355e-09,0.35350513353273116,-0.3536016410680328,0.0,-0.04299999999999915,0.1,0.0,0.15,0.0,3.446920871734619,54404,nan,1.073479413986206,nan,50000,51468.78167160229,51466.50474227976,50,49709.871622496845,0.8641988396213772,6.682950405500344e-16,0.004200929520583062,0.033408984541893005
30.752167583006667,landing,1,-0.009770013391971588,-0.11834615468978882,0.14588069915771484,0.00581657700240612,0.2597355246543884,-0.273637056350708,2.516040569542911e-09,-0.4320834790093462,0.492190518502136,0.40455213602165024,54404,0.8641988396213769,0.01889690139886171,0.0010212233230664377,0.04127700231038034,-2.2684793038393545e-09,0.35350513353273116,-0.35360164106803277,0.0,-0.03999999999999915,0.1,0.0,0.15,0.0,3.446920871734619,54404,nan,1.073479413986206,nan,50000,51468.78167160229,51466.50474227976,50,49709.871622496845,0.8641988396213772,6.682950405500344e-16,0.004200929520583062,0.033408984541893005
30.79519281501416,landing,1,-0.009684526361525059,-0.11066855490207672,0.1393250674009323,0.0056602065451443195,0.25912073254585266,-0.2608906328678131,2.4699717134120314e-09,-0.42190440661900785,0.485009486212163,0.40403357196473816,54334,0.8505164106791057,0.023126290817743148,0.0017224103313595582,22.717676998581737,-2.2684793038393545e-09,0.3535051335327312,-0.35360164106803277,0.0,-0.036999999999999145,0.1,0.0,0.15,0.0,3.446920871734619,54334,nan,1.0533771514892578,nan,50000,51468.78167160229,51466.50474227976,50,49709.871622496845,0.8505164106791049,4.814347493912337e-16,0.004499923005274271,0.033408984541893005
30.795552685012808,landing,1,-0.009684526361525059,-0.11066855490207672,0.1393250674009323,0.006063761189579964,0.25961729884147644,-0.2525537312030792,2.4175861790459725e-09,-0.4107409839728702,0.47684383493700544,0.40403357196473816,54334,0.8505164106791057,0.023126290817743148,0.0017224103313595582,0.03920900053344667,-2.2684793038393545e-09,0.3535051335327312,-0.35360164106803277,0.0,-0.03399999999999914,0.1,0.0,0.15,0.0,3.446920871734619,54334,nan,1.0533771514892578,nan,50000,51468.78167160229,51466.50474227976,50,49709.871622496845,0.8505164106791049,4.814347493912337e-16,0.004499923005274271,0.033408984541893005
30.829448734002654,landing,1,-0.00956024881452322,-0.10047369450330734,0.131025031208992,0.007219596765935421,0.25891271233558655,-0.24272434413433075,2.3797641208290015e-09,-0.40184703919768805,0.4709482811043315,0.40382915874349545,54307,0.8451229219919636,0.02511563876557509,0.0008057709952133691,17.193830019095913,-2.2684793038393545e-09,0.3535051335327312,-0.35360164106803277,0.0,-0.030999999999999143,0.1,0.0,0.15,0.0,3.446920871734619,54307,nan,1.0596405267715454,nan,50000,51468.78167160229,51466.50474227976,50,49709.871622496845,0.845122921991964,0.0005307746201203916,0.004803209917972337,0.033408984541893005
30.832569707999937,landing,1,-0.009340076707303524,-0.09284097701311111,0.12526217103004456,0.008626426570117474,0.2613128423690796,-0.23055660724639893,2.3346375342015023e-09,-0.39181480398856294,0.46391412608238536,0.40382915874349545,54307,0.8451229219919636,0.02511563876557509,0.0008057709952133691,0.039027014281600714,-2.2684793038393545e-09,0.3535051335327313,-0.35360164106803277,0.0,-0.027999999999999144,0.1,0.0,0.15,0.0,3.446920871734619,54307,nan,1.0596405267715454,nan,50000,51468.78167160229,51466.50474227976,50,49709.871622496845,0.845122921991964,0.0005307746201203916,0.004803209917972337,0.033408984541893005
30.872340670000995,landing,1,-0.009143609553575516,-0.08776675909757614,0.12158080190420151,0.011288458481431007,0.25955289602279663,-0.21874664723873138,2.289061949843167e-09,-0.3817125998788946,0.4568099830582606,0.40308024615565524,54206,0.825362695399873,0.028864957212242616,-0.0016373601856441663,20.07920600590296,-2.2684793038393545e-09,0.3535051335327313,-0.35360164106803277,0.0,-0.024999999999999144,0.1,0.0,0.15,0.0,3.446920871734619,54206,nan,1.0742218494415283,nan,50000,51468.78167160229,51466.50474227976,50,49709.871622496845,0.8253626953998722,0.0019027904557354064,0.0051291330934661785,0.033408984541893005
30.872829466010444,landing,1,-0.009143609553575516,-0.08776675909757614,0.12158080190420151,0.01434396579861641,0.2633049786090851,-0.20661668479442596,2.242307629509172e-09,-0.3714267091833401,0.44952210330148223,0.40308024615565524,54206,0.825362695399873,0.028864957212242616,-0.0016373601856441663,0.043459003791213036,-2.2684793038393545e-09,0.35350513353273133,-0.35360164106803277,0.0,-0.021999999999999145,0.1,0.0,0.15,0.0,3.446920871734619,54206,nan,1.0742218494415283,nan,50000,51468.78167160229,51466.50474227976,50,49709.871622496845,0.8253626953998722,0.0019027904557354064,0.0051291330934661785,0.033408984541893005
30.90989772899775,landing,1,-0.008644395507872105,-0.0748547688126564,0.11324044317007065,0.018099835142493248,0.261149138212204,-0.19465874135494232,2.1983505211993852e-09,-0.3615767179066005,0.44267024196484184,0.4018891409452873,54046,0.7939351172899016,0.033294220501635496,-0.005647398666037907,17.697839997708797,-2.2684793038393545e-09,0.35350513353273133,-0.35360164106803277,0.0,-0.018999999999999146,0.1,0.0,0.15,0.0,3.446920871734619,54046,nan,1.0610383749008179,nan,50000,51468.78167160229,51466.50474227976,50,49709.871622496845,0.7939351172899016,0.003091538745140295,0.005405383208966797,0.033408984541893005
30.912227641994832,landing,1,-0.00827812496572733,-0.06975415349006653,0.11018608510494232,0.021198542788624763,0.2664373517036438,-0.18305101990699768,2.1531581532547996e-09,-0.35153423176274545,0.4356258332096421,0.4018891409452873,54046,0.7939351172899016,0.033294220501635496,-0.005647398666037907,0.03724099951796234,-2.268479303839354e-09,0.3535051335327313,-0.35360164106803266,0.0,-0.015999999999999147,0.1,0.0,0.15,0.0,3.446920871734619,54046,nan,1.0610383749008179,nan,50000,51468.78167160229,51466.50474227976,50,49709.871622496845,0.7939351172899016,0.003091538745140295,0.005405383208966797,0.033408984541893005
30.950679219007725,landing,1,-0.007720298133790493,-0.06210308521986008,0.10583551228046417,0.02427166886627674,0.2641914188861847,-0.17090517282485962,2.107594648442674e-09,-0.3414339100513819,0.42852357309772016,0.40040208070866923,53846,0.7546986994371814,0.03849765940906458,-0.00954824289560919,18.470418988727033,-2.268479303839354e-09,0.3535051335327313,-0.35360164106803266,0.0,-0.012999999999999148,0.1,0.0,0.15,0.0,3.4416422843933105,53846,nan,1.061408519744873,nan,50000,51468.78167160229,51466.50474227976,50,49650.64059394002,0.7546986994371812,0.004074691390086548,0.005652060306182111,0.033408984541893005
